t,solved_x,solved_y,solved_z,clock_bias_m,n_satellites_used,converged,mean_abs_residual_m,confidence,kalman_x,kalman_y,kalman_z,raw_x,raw_y,raw_z,raw_error_m,kalman_error_m
0.0,1137300.6903226082,5162901.822041533,3562422.7498031813,12.489055005253896,6,True,1.1546554006636143,1.0,1137299.6699853984,5162896.441760896,3562427.113300258,1137300.6903226082,5162901.822041533,3562422.7498031813,14.730942924697043,7.728899330598045
30.0,1137298.5126105407,5162887.431240796,3562439.229717228,0.0371631696338984,6,True,0.9042792692780495,1.0,1137299.2233203992,5162892.964336163,3562431.789381946,1137298.5126105407,5162887.431240796,3562439.229717228,7.919971724064236,2.5573134923193006
60.0,1137298.5522948606,5162896.026085186,3562429.177351322,6.552016866687815,6,True,1.0460192784667015,0.9999432822320388,1137299.0060384981,5162893.95574798,3562430.943591515,1137298.5522948606,5162896.026085186,3562429.177351322,6.170945109032318,3.6204831989334028
90.0,1137302.4851724848,5162906.14076272,3562424.1004108214,17.832559095446452,6,True,0.9170261807739735,0.99994546878034,1137300.0448291253,5162897.593917465,3562428.900372716,1137302.4851724848,5162906.14076272,3562424.1004108214,17.92690850497633,7.855694802534988
120.0,1137299.9948545075,5162887.6625838345,3562439.3965413673,0.1635289805132072,6,True,1.11354490245382,0.9999568438020375,1137300.0305006304,5162894.746450702,3562431.909786405,1137299.9948545075,5162887.6625838345,3562439.3965413673,8.119511383611727,4.496440921626272
150.0,1137297.2383182356,5162892.409123043,3562428.468867176,4.671635493058966,6,True,0.7595287921528021,0.9999719686035698,1137299.2455055234,5162894.08933361,3562430.9424052043,1137297.2383182356,5162892.409123043,3562428.468867176,4.161160381584648,3.785409665015415
180.0,1137298.3462731347,5162889.203902128,3562437.917626988,0.7536365121031322,6,True,0.29685550183057785,0.9999779766505972,1137298.9956732702,5162892.73202223,3562432.8803195814,1137298.3462731347,5162889.203902128,3562437.917626988,6.130349185408535,2.4650520761136225
210.0,1137299.1743079699,5162890.015722007,3562428.9007928977,3.8312484670895106,6,True,2.2420288249850273,0.9998996432686625,1137299.0438397836,5162891.999607354,3562431.807292192,1137299.1743079699,5162890.015722007,3562428.9007928977,3.1320370620796263,1.5827251086059968
240.0,1137298.8073191177,5162893.261296205,3562428.9932642775,5.868955502412313,6,True,1.062494038293759,0.9999701206900948,1137298.9787369084,5162892.346890208,3562431.0327243223,1137298.8073191177,5162893.261296205,3562428.9932642775,4.037425297104826,2.0961687976823034
270.0,1137296.1708975236,5162877.210031902,3562435.5677038417,-8.943534517036763,6,True,0.6065982518096765,0.9999239398349907,1137298.2188831028,5162888.250573498,3562432.2599745225,1137296.1708975236,5162877.210031902,3562435.5677038417,13.984538084388127,2.299538419647241
300.0,1137300.664137449,5162882.242352354,3562429.792992379,-4.902714252676293,6,True,0.9064801198740801,0.9999301507361287,1137298.8822176435,5162886.620697808,3562431.59074579,1137300.664137449,5162882.242352354,3562429.792992379,8.792027329268603,3.9117216635130987
330.0,1137296.9348957108,5162888.250031532,3562433.599252646,0.7006247981886746,6,True,0.3382136896252632,0.9999827158067165,1137298.3459419352,5162887.0694023,3562432.1438713,1137296.9348957108,5162888.250031532,3562433.599252646,3.2328500088432377,3.445921939973492
360.0,1137295.675603725,5162887.114025314,3562417.835639684,-0.31032588345992157,6,True,0.8562999094525973,0.9998902152264738,1137297.6319329487,5162887.081333835,3562428.3180615515,1137295.675603725,5162887.114025314,3562417.835639684,14.776847585787797,5.057996384250882
390.0,1137300.0991999716,5162884.249754001,3562439.1408311157,-3.25652331310384,6,True,0.3922200488547484,0.9999581465832668,1137298.307041287,5162886.30654005,3562431.279452397,1137300.0991999716,5162884.249754001,3562439.1408311157,9.67066963730965,4.253113068182494
420.0,1137298.4423284456,5162882.450142692,3562428.534607063,-4.757240572401203,6,True,0.4118347292145093,0.9999435787193538,1137298.3438355827,5162885.257708611,3562430.532931794,1137298.4423284456,5162882.450142692,3562428.534607063,8.73987421734504,5.431747379388925
450.0,1137301.6942906305,5162904.77559284,3562427.418110313,17.7656014931101,6,True,0.9174383369584879,0.9999556759794104,1137299.258075013,5162890.583558116,3562429.6829897487,1137301.6942906305,5162904.77559284,3562427.418110313,15.296686859750094,2.358969658783172
480.0,1137302.3559370802,5162899.356714171,3562431.636976594,10.769204474360766,6,True,0.2945501171052456,0.9999730301722626,1137300.1069520863,5162892.987580914,3562430.2184217977,1137302.3559370802,5162899.356714171,3562431.636976594,9.644032235827115,3.3978812778129823
510.0,1137296.9064283767,5162889.3819241095,3562422.991898511,1.6590849946126356,6,True,0.47468343128760654,0.9999576947299088,1137299.235022737,5162892.005279805,3562428.249675955,1137296.9064283767,5162889.3819241095,3562422.991898511,9.155479180942196,4.034574809808177
540.0,1137300.2643317431,5162902.512845416,3562420.9236059254,15.411337462908202,6,True,0.4908024271329244,0.9999396743187949,1137299.51403218,5162894.8535110075,3562426.2638362255,1137300.2643317431,5162902.512845416,3562420.9236059254,16.380867398842714,7.209112400714743
570.0,1137299.2232079084,5162894.7324331645,3562430.552695991,7.2772111083469815,6,True,0.6941384176413218,0.9999790468722799,1137299.434216607,5162894.820281671,3562427.4408968557,1137299.2232079084,5162894.7324331645,3562430.552695991,4.499589988970623,6.291420010562952
600.0,1137304.8895656136,5162907.361610062,3562429.3327044793,19.18181938046579,6,True,1.5138465253015359,0.9999136974030726,1137300.901165323,5162898.192657216,3562427.949605787,1137304.8895656136,5162907.361610062,3562429.3327044793,18.199668016234057,8.973868899905051
630.0,1137296.9482674196,5162886.626105035,3562433.4903149125,-2.626142971870759,6,True,1.2483979326983292,0.9999569009866235,1137299.8219460773,5162895.034759889,3562429.4623288754,1137296.9482674196,5162886.626105035,3562433.4903149125,4.473361058837549,5.31593032445097
660.0,1137299.7361915302,5162888.98301177,3562437.4473065124,0.1117434242398186,6,True,0.868577861537536,0.999972943889288,1137299.7984473729,5162893.376442683,3562431.650395125,1137299.7361915302,5162888.98301177,3562437.4473065124,5.845991414603955,3.1478850505267544
690.0,1137295.9158004264,5162887.275082249,3562435.131424629,0.04191903499128524,6,True,0.3842187051971753,0.9999786822218801,1137298.7342604531,5162891.70413303,3562432.604503525,1137295.9158004264,5162887.275082249,3562435.131424629,5.251284229467195,1.390816434993047
720.0,1137298.7023764832,5162893.722433112,3562432.1651651077,5.198078196470554,6,True,0.4094344899058342,0.9999824527650147,1137298.725521345,5162892.257330854,3562432.4840848325,1137298.7023764832,5162893.722433112,3562432.1651651077,3.2319507350230645,1.8488099154566016
750.0,1137297.1349314465,5162896.895984275,3562424.596424771,7.692342028148144,6,True,0.21685474241773287,0.9999480795054557,1137298.294180786,5162893.515253692,3562430.345087406,1137297.1349314465,5162896.895984275,3562424.596424771,9.830210611900815,3.4128110793044484
780.0,1137299.4990062753,5162885.680841216,3562440.2814107426,-2.7678420212515453,6,True,1.588530329366525,0.9999264234694922,1137298.6193892255,5162891.40057644,3562433.0271158284,1137299.4990062753,5162885.680841216,3562440.2814107426,9.691009092320753,1.419723455439073
810.0,1137301.2671993035,5162897.542421486,3562430.864449561,9.322244161390822,6,True,0.947393915305535,0.9999639305431253,1137299.3432948028,5162893.079743658,3562432.435847525,1137301.2671993035,5162897.542421486,3562430.864449561,7.622728092469536,2.745027415961493
840.0,1137301.3316899287,5162902.3599121105,3562430.7003253885,14.063226557694149,6,True,1.1960250834623973,0.9999468835725469,1137299.883700891,5162895.601908123,3562431.9641672657,1137301.3316899287,5162902.3599121105,3562430.7003253885,12.24218954130197,5.272175738553201
870.0,1137298.8316249552,5162894.862221004,3562431.404250582,6.474633607574845,6,True,1.0001421545942624,0.9999672511709501,1137299.5959708167,5162895.399612621,3562431.8110368084,1137298.8316249552,5162894.862221004,3562431.404250582,4.4002359289621396,5.009828005728021
900.0,1137297.59203516,5162885.635015068,3562428.4077304667,-1.486224178919111,6,True,1.041057833780845,0.9999501376379886,1137299.051116343,5162892.7446947135,3562430.885704361,1137297.59203516,5162885.635015068,3562428.4077304667,6.083371227607164,2.524439804475015
930.0,1137298.8422412938,5162892.757576574,3562437.367270327,5.2667826106189395,6,True,0.8437030091881752,0.9999718110475443,1137298.993942915,5162892.7482207455,3562432.659843235,1137298.8422412938,5162892.757576574,3562437.367270327,5.89397237760922,2.403508617057764
960.0,1137296.4309183052,5162886.118263311,3562433.9455786496,-3.0275655865371918,6,True,0.8622866484026114,0.999972206796867,1137298.2929982783,5162890.935037568,3562433.0114705036,1137296.4309183052,5162886.118263311,3562433.9455786496,5.268130995359067,1.1914920901681538
990.0,1137301.3067193695,5162891.611420138,3562429.5479313247,4.82434669403883,6,True,0.5926135331392288,0.9999717208823881,1137299.1166399652,5162891.119891064,3562432.0648947703,1137301.3067193695,5162891.611420138,3562429.5479313247,3.8125904308421834,0.8526867136545039
1020.0,1137299.4872377457,5162882.784782314,3562441.5804837155,-3.1923731388651717,6,True,1.0655155840019386,0.9998978171256327,1137299.2157744253,5162888.890259507,3562434.6103033586,1137299.4872377457,5162882.784782314,3562441.5804837155,12.393435247495896,3.1996603215491133
1050.0,1137301.9823114015,5162894.160908922,3562432.327127193,6.382148060731666,6,True,1.134282900641362,0.9999678894418685,1137299.97387077,5162890.334541688,3562433.98465927,1137301.9823114015,5162894.160908922,3562432.327127193,5.036092858679953,2.5092427203048295
1080.0,1137299.7565329368,5162890.4078663485,3562420.3456175644,3.837944388914285,6,True,0.34567175308863324,0.9999591230377054,1137299.9145722399,5162890.354547614,3562430.2633783706,1137299.7565329368,5162890.4078663485,3562420.3456175644,11.647840411299502,2.162879842351741
1110.0,1137296.4011474748,5162886.533227847,3562429.478990435,-1.494222090944671,6,True,0.6995209765930971,0.999964515937497,1137298.9549209566,5162889.310798377,3562430.0491318903,1137296.4011474748,5162886.533227847,3562429.478990435,5.133789474601749,2.264311002981002
1140.0,1137299.4482669858,5162885.319871337,3562427.177061879,-1.4090065915370218,6,True,1.3167671250800292,0.9999348339740907,1137299.088456568,5162888.230560874,3562429.2717391425,1137299.4482669858,5162885.319871337,3562427.177061879,7.090192637967614,3.5391576414431793
1170.0,1137298.8994704229,5162884.305209819,3562432.469698555,-2.7179687677119286,6,True,0.5139495705564817,0.9999510730570053,1137299.0369926451,5162887.161625559,3562430.1425941824,1137298.8994704229,5162884.305209819,3562432.469698555,6.231401548270358,3.82123797621675
1200.0,1137297.2711393565,5162899.96093715,3562428.2733706627,10.953378478663733,6,True,1.280332303295533,0.9998969647257887,1137298.5635961897,5162890.592912166,3562429.6414858545,1137297.2711393565,5162899.96093715,3562428.2733706627,10.219672860249641,2.290122613311014
1230.0,1137301.7198250524,5162893.984038938,3562429.955729754,6.590969918980287,6,True,1.1250644127527873,0.9999643248665838,1137299.4287439696,5162891.522447357,3562429.7276226413,1137301.7198250524,5162893.984038938,3562429.955729754,5.109028082019242,2.583014542108899
1260.0,1137300.9737358456,5162889.921715814,3562443.217929836,2.442798461964817,6,True,1.7452009730041027,0.9998905656634409,1137299.8424685956,5162891.093796521,3562433.3401156166,1137300.9737358456,5162889.921715814,3562443.217929836,11.561386796290064,2.006217116617209
1290.0,1137294.6633904756,5162873.053907072,3562431.709773692,-13.351705410440188,6,True,0.49536209801832837,0.9999371364808621,1137298.432827786,5162886.183701756,3562432.8963693636,1137294.6633904756,5162873.053907072,3562431.709773692,17.87667073573852,4.4274994347444645
1320.0,1137304.777556659,5162903.572205086,3562429.5390431625,16.39610477604381,6,True,1.52824991568923,0.9999350569445145,1137300.1569302632,5162890.90881488,3562431.9840570274,1137304.777556659,5162903.572205086,3562429.5390431625,14.67586117217829,1.6643521841389215
1350.0,1137298.4824121897,5162894.520163266,3562424.134548905,6.3299499926565295,6,True,0.9789205864071846,0.9999619107075913,1137299.6985823328,5162891.897310666,3562429.8354950864,1137298.4824121897,5162894.520163266,3562424.134548905,8.769653279149942,2.7683541156275076
1380.0,1137295.767903435,5162884.403000866,3562431.341131691,-4.130015526883599,6,True,0.833887064208587,0.9999661410241472,1137298.6232592475,5162889.847078493,3562430.247394873,1137295.767903435,5162884.403000866,3562431.341131691,6.727656598322979,1.8074458477148676
1410.0,1137295.7068688946,5162887.212570911,3562425.590439377,-1.1612210683511208,6,True,0.8830197776357332,0.9999524433696698,1137297.8294772236,5162889.130019215,3562428.979866486,1137295.7068688946,5162887.212570911,3562425.590439377,7.68514571326336,3.3312170828421164
1440.0,1137304.725946872,5162904.856425057,3562435.1463630884,15.84143438409111,6,True,0.7056701307495435,0.9999566027032917,1137299.7091020998,5162893.416233052,3562430.6605380476,1137304.725946872,5162904.856425057,3562435.1463630884,15.955811722323304,3.3846836904508177
1470.0,1137304.5028699753,5162890.105667184,3562428.062546285,2.5569621346500684,6,True,1.926598674307267,0.9998775388081227,1137300.9862288532,5162892.53425204,3562429.968396736,1137304.5028699753,5162890.105667184,3562428.062546285,7.115089523128063,3.733472492397539
1500.0,1137301.4400235908,5162891.561730405,3562436.0101540396,3.7483863247192604,6,True,0.7106056958436966,0.9999659265715019,1137301.110761372,5162892.267368009,3562431.6264046235,1137301.4400235908,5162891.561730405,3562436.0101540396,5.11459967723221,3.1296573495279962
1530.0,1137299.5625970527,5162894.095640445,3562427.074351092,7.129278513572271,6,True,2.054520902534326,0.9999021273640702,1137300.6947016101,5162892.758705127,3562430.403067873,1137299.5625970527,5162894.095640445,3562427.074351092,6.125381241757268,3.470702388605273
1560.0,1137299.4578072475,5162889.2986527365,3562436.601352372,2.694619882054062,6,True,0.7803456323842207,0.9999695237939853,1137300.3550727656,5162891.808637255,3562432.10500481,1137299.4578072475,5162889.2986527365,3562436.601352372,4.9101671803009665,2.2397387022531134
1590.0,1137298.27288835,5162900.915805503,3562438.0700450223,12.473404661329065,6,True,0.49192795902490616,0.9999199256659523,1137299.7928996359,5162894.267499803,3562433.7155179325,1137298.27288835,5162900.915805503,3562438.0700450223,12.091467190742014,4.349830747659735
1620.0,1137296.2863272957,5162885.078125516,3562435.944905931,-1.9559566316476296,6,True,1.264081238458554,0.9999550727679357,1137298.8352215344,5162891.757794692,3562434.3243849,1137296.2863272957,5162885.078125516,3562435.944905931,7.116620024155137,2.719152934358154
1650.0,1137300.204238426,5162898.067267305,3562432.4193505407,9.93434731435138,6,True,0.9451922004421552,0.9999510780573568,1137299.2082230765,5162893.476869913,3562433.805340352,1137300.204238426,5162898.067267305,3562432.4193505407,7.759866477922029,3.578187756701875
1680.0,1137299.987028068,5162898.290669104,3562438.692822617,10.59119500857401,6,True,1.252595712741216,0.9999514608783747,1137299.4203483346,5162894.788017642,3562435.1365573425,1137299.987028068,5162898.290669104,3562438.692822617,10.41491164693477,5.423434201323405
1710.0,1137297.8460246734,5162895.525177819,3562430.603572131,5.801275477696938,6,True,0.1285462367037932,0.9999641222369569,1137298.9900912698,5162894.9894809,3562433.897708585,1137297.8460246734,5162895.525177819,3562430.603572131,5.241000979435592,4.919433355722401
1740.0,1137298.9715028845,5162884.822236602,3562433.063561089,-1.3071885122213383,6,True,0.13511445994178453,0.9999611868059624,1137298.9850197367,5162892.215516675,3562433.6701252554,1137298.9715028845,5162884.822236602,3562433.063561089,5.808552062827855,2.481214718102695
1770.0,1137305.0485966094,5162890.082452823,3562429.491671146,3.8189673977981564,6,True,1.3705219713350136,0.9997967222520798,1137300.5631390982,5162891.660360958,3562432.582631937,1137305.0485966094,5162890.082452823,3562429.491671146,6.959480720013547,2.4173958792101735
1800.0,1137296.5209156626,5162886.714265871,3562434.369665426,-0.09898024461861905,6,True,0.7525435909628868,0.9999746388387944,1137299.446484051,5162890.294013419,3562433.0762958815,1137296.5209156626,5162886.714265871,3562434.369665426,4.939559495069121,1.4741718244278592
1830.0,1137298.1370595975,5162900.194927921,3562438.494569529,9.983118679935135,6,True,0.03553213427464167,0.9999382358847378,1137299.0903327744,5162892.986970107,3562434.5500159357,1137298.1370595975,5162900.194927921,3562438.494569529,11.71307571983018,3.651681386556125
1860.0,1137301.3597730014,5162899.743329571,3562433.2918001367,10.764825242336755,6,True,1.651339065283537,0.9998728203006676,1137299.6958052476,5162894.789524598,3562434.214331822,1137301.3597730014,5162899.743329571,3562433.2918001367,9.755482417918085,4.992102132233678
1890.0,1137300.8532198567,5162904.255276985,3562426.6469481546,13.509286048797865,6,True,0.8951303847134113,0.9999092948411477,1137300.0088659222,5162897.349847238,3562432.1674851547,1137300.8532198567,5162904.255276985,3562426.6469481546,14.911996545863392,7.0059128300969835
1920.0,1137294.9345795927,5162897.442470726,3562435.974494436,7.329805024471555,6,True,1.7045249255994956,0.9997563740564464,1137298.6948762191,5162897.373832149,3562433.1533126524,1137294.9345795927,5162897.442470726,3562435.974494436,8.805822264781472,6.9805898011537115
1950.0,1137304.7011123884,5162905.833911562,3562432.97736255,16.30686485442787,6,True,0.5908359487851461,0.9999526086900123,1137300.3527037636,5162899.708963883,3562433.1047473084,1137304.7011123884,5162905.833911562,3562432.97736255,16.55440987804089,9.455328950521583
1980.0,1137295.377381035,5162881.966385587,3562428.546065368,-5.28893161742462,6,True,1.2997279092669487,0.9999402599252263,1137298.99300998,5162894.860138042,3562431.8589162673,1137295.377381035,5162881.966385587,3562428.546065368,9.71331381172481,4.380839162635401
2010.0,1137297.7176524762,5162886.473472125,3562433.0190257523,-0.5885458446978538,6,True,0.887612346559763,0.9999615525613123,1137298.6432823858,5162892.560352698,3562432.1770406347,1137297.7176524762,5162886.473472125,3562433.0190257523,4.255090762295116,2.0745768543170673
2040.0,1137299.1214228508,5162895.997322736,3562430.845377995,7.0850287916835475,6,True,1.982163096467654,0.9999442708570265,1137298.773405547,5162893.495704209,3562431.8146363515,1137299.1214228508,5162895.997322736,3562430.845377995,5.630051056160418,3.0037375531889974
2070.0,1137303.210343884,5162898.55001663,3562429.672086383,10.242042988178355,6,True,0.844966359436512,0.9999563416549808,1137299.9845767566,5162894.875402827,3562431.2297747554,1137303.210343884,5162898.55001663,3562429.672086383,9.572316778622593,4.656624015540858
2100.0,1137300.6839531693,5162901.839095365,3562426.0422325707,13.968979694177486,6,True,0.24036618073781332,0.999961031611407,1137300.175572808,5162896.777150946,3562429.8130840366,1137300.6839531693,5162901.839095365,3562426.0422325707,12.95187763486133,6.819714619938542
2130.0,1137298.9259890832,5162894.683410672,3562429.1099657095,5.206263246194411,6,True,1.0716720980902512,0.999957084028072,1137299.8349589529,5162896.206435329,3562429.6214267355,1137298.9259890832,5162894.683410672,3562429.1099657095,5.057013925260902,6.286901246132797
2160.0,1137296.3422791853,5162888.973701725,3562434.2361174296,-0.28191132978870964,6,True,0.7713509574532509,0.9999773034317988,1137298.8775334582,5162894.223773302,3562430.8864217578,1137296.3422791853,5162888.973701725,3562434.2361174296,3.536151464931269,3.878700786944867
2190.0,1137297.243506734,5162884.31829363,3562434.2249185885,-3.180325958125183,6,True,0.9910294537742933,0.9999504952827337,1137298.4335986653,5162891.53263796,3562431.7934295055,1137297.243506734,5162884.31829363,3562434.2249185885,6.72373577846402,1.0444723695609877
2220.0,1137300.028747517,5162893.045476746,3562438.055019355,4.7667303419781595,6,True,0.25279192874828976,0.9999656583615826,1137298.8692415133,5162891.945801532,3562433.5034999056,1137300.028747517,5162893.045476746,3562438.055019355,6.796208788834855,2.1597178105015784
2250.0,1137299.0553239053,5162891.229797169,3562435.7228883905,3.124911203781229,6,True,0.5088457775612673,0.9999784202389769,1137298.9202278638,5162891.749617202,3562434.1116096675,1137299.0553239053,5162891.229797169,3562435.7228883905,3.8958769242264357,2.5409364048336394
2280.0,1137298.1411350789,5162876.507081414,3562436.2964779735,-9.264548121539525,6,True,0.9460508848230044,0.999921417010988,1137298.7104198937,5162887.644835904,3562434.6999898874,1137298.1411350789,5162876.507081414,3562436.2964779735,14.666811072003618,3.9838342019819173
2310.0,1137299.4952954086,5162891.090643322,3562435.9422678477,2.6024723824738776,6,True,0.8410184321304163,0.9999710276834542,1137298.925401148,5162888.588659462,3562435.0402559154,1137299.4952954086,5162891.090643322,3562435.9422678477,4.165463491547582,3.672258664877897
2340.0,1137301.226247739,5162885.576607567,3562432.8130500177,-0.992222951877907,6,True,0.5765295810997486,0.9999363443484802,1137299.548523641,5162887.772926117,3562434.437077026,1137301.226247739,5162885.576607567,3562432.8130500177,5.678484711414619,3.8404985534211273
2370.0,1137297.1346143347,5162886.287830856,3562430.86273221,-0.9764489760102105,6,True,0.6650623145202795,0.9999796237473276,1137298.8857798427,5162887.365190138,3562433.455733256,1137297.1346143347,5162886.287830856,3562430.86273221,4.570730414899705,3.5058937204259775
2400.0,1137299.8972586216,5162892.756998744,3562431.3157229717,4.275055484649316,6,True,1.8943675346672535,0.9999066193084435,1137299.157240254,5162888.812242328,3562432.8813978527,1137299.8972586216,5162892.756998744,3562431.3157229717,2.699944944675848,2.0348437920095153
2430.0,1137298.7288381504,5162899.802578206,3562433.9238200453,8.815402532609626,6,True,0.9887103935082754,0.9999316104700772,1137299.0410715716,5162891.792463076,3562433.164068763,1137298.7288381504,5162899.802578206,3562433.9238200453,9.512791577322144,1.8530137846642052
2460.0,1137307.7062795043,5162910.584714785,3562430.7785022007,22.36672336748534,6,True,0.3344314582645893,0.9998919903665395,1137301.3650229885,5162896.832420608,3562432.5242756,1137307.7062795043,5162910.584714785,3562430.7785022007,22.10325791998829,6.9552169468022385
2490.0,1137296.5094883402,5162887.040660241,3562445.357910533,-1.1649221879978455,6,True,0.589248601347208,0.9999442976886115,1137300.0400505476,5162894.160456844,3562436.026302428,1137296.5094883402,5162887.040660241,3562445.357910533,14.01574485344438,5.691911182059046
2520.0,1137299.024973314,5162885.73723129,3562432.8570669303,-1.982458793161052,6,True,0.48243850593765575,0.9999627572414778,1137299.762055036,5162891.853618684,3562435.1583554237,1137299.024973314,5162885.73723129,3562432.8570669303,4.878913889134756,3.705727104924148
2550.0,1137300.7260508363,5162895.29268077,3562426.563198267,7.158821369105711,6,True,0.8456828941901525,0.9999585517726768,1137300.0252314173,5162892.792502354,3562432.811828233,1137300.7260508363,5162895.29268077,3562426.563198267,7.516897753351877,2.866153888192567
2580.0,1137294.6843228969,5162873.6410419755,3562433.409786189,-12.029574682357397,6,True,0.41537901138265926,0.9999343667956802,1137298.57834872,5162887.604262087,3562432.9738184665,1137294.6843228969,5162873.6410419755,3562433.409786189,17.361171018519432,3.0812001559645883
2610.0,1137298.2934361128,5162890.3547952175,3562433.928882503,2.186419850061595,6,True,1.0131641340752442,0.9999713972905416,1137298.5002654914,5162888.358073965,3562433.235563583,1137298.2934361128,5162890.3547952175,3562433.928882503,2.0201764835100464,2.511497259900308
2640.0,1137296.5782663967,5162891.179723925,3562433.870473023,3.195647078874484,6,True,0.7559468286732832,0.9999642513820418,1137297.975441956,5162889.128557319,3562433.4089327683,1137296.5782663967,5162891.179723925,3562433.870473023,2.843839990608984,2.0976028639703608
2670.0,1137297.05761466,5162895.783182109,3562428.3101506117,6.053885721772848,6,True,0.9372192348043124,0.9999513483373321,1137297.7258547887,5162890.938166772,3562432.022407655,1137297.05761466,5162895.783182109,3562428.3101506117,6.571961852358686,0.9310739617369884
2700.0,1137301.0433273176,5162895.3711315505,3562437.2835685783,6.968485243756213,6,True,1.2373439222574234,0.9999663384503857,1137298.632331253,5162892.149443792,3562433.4599835537,1137301.0433273176,5162895.3711315505,3562437.2835685783,7.655733710030404,2.249513711877303
2730.0,1137295.605127431,5162890.189941956,3562432.3833248853,1.1254991773620842,6,True,1.7763450319568317,0.9999439577396195,1137297.810948805,5162891.6177648865,3562433.1678497614,1137295.605127431,5162890.189941956,3562432.3833248853,2.989833430776913,1.8200567159583547
2760.0,1137303.1467759742,5162902.435343183,3562427.3867973145,14.516013064746689,6,True,1.5565556784470875,0.9999509687397007,1137299.2630499369,5162894.561679146,3562431.594584261,1137303.1467759742,5162902.435343183,3562427.3867973145,13.572322467786542,4.13555924951881
2790.0,1137298.269888946,5162884.914484327,3562436.9591878355,-1.191616374402627,6,True,0.28206144521633786,0.9999754153669063,1137298.9908345717,5162891.917480788,3562433.0649677482,1137298.269888946,5162884.914484327,3562436.9591878355,7.523389626260613,1.8680040468058756
2820.0,1137302.326949177,5162904.557287543,3562422.802514375,15.38115868214205,6,True,0.630836887905995,0.9999142040406264,1137299.888115953,5162895.317083202,3562430.304778298,1137302.326949177,5162904.557287543,3562422.802514375,17.17972676335654,5.255813293933702
2850.0,1137291.3743205697,5162880.115050688,3562435.0289752246,-7.44056947450054,6,True,1.1233978619178135,0.9999314797507425,1137297.580526364,5162891.196705583,3562431.5852304525,1137291.3743205697,5162880.115050688,3562435.0289752246,12.996713012739216,1.236011487825518
2880.0,1137296.377312089,5162886.603955804,3562433.7343762377,-2.3286143864795794,6,True,0.5450882948935032,0.999979433752191,1137297.2497252848,5162889.934015623,3562432.176097566,1137296.377312089,5162886.603955804,3562433.7343762377,4.811690560794814,1.4348686220986893
2910.0,1137300.1654067216,5162891.364170615,3562440.6493118363,4.685799517035116,6,True,0.24980721746881804,0.9999624434426109,1137298.0454672754,5162890.324330685,3562434.4885903867,1137300.1654067216,5162891.364170615,3562440.6493118363,8.910788714636091,2.61300895571208
2940.0,1137311.033188565,5162907.708870089,3562430.0288175046,21.44504152497341,6,True,0.6629150211811066,0.9994902335239847,1137301.1483406452,5162894.477640042,3562433.423113988,1137311.033188565,5162907.708870089,3562430.0288175046,21.34579567835677,4.981173056128903
2970.0,1137301.2525412063,5162888.38503508,3562431.3785001356,0.722540224510304,6,True,1.8054546862840652,0.9999452405986967,1137301.177317193,5162892.783381801,3562432.8545388235,1137301.2525412063,5162888.38503508,3562431.3785001356,3.4824129259054626,3.604339438444452
3000.0,1137301.7890350241,5162896.581320211,3562436.204718721,8.712236123177684,6,True,0.6879519857466221,0.9999732960788771,1137301.3470083068,5162893.8369335625,3562433.7838819437,1137301.7890350241,5162896.581320211,3562436.204718721,8.108859789380848,4.734072069137748
3030.0,1137302.9097569457,5162895.071076103,3562424.056028734,6.14454852057344,6,True,1.1501824917892616,0.9999359391812881,1137301.7728426657,5162894.173225839,3562431.1331331073,1137302.9097569457,5162895.071076103,3562424.056028734,10.095806934692025,4.953031582201472
3060.0,1137297.4212224085,5162888.750798044,3562437.7303221575,-0.1481499594403115,6,True,1.1646938547492027,0.9999640146882895,1137300.5794737036,5162892.686203386,3562432.942316856,1137297.4212224085,5162888.750798044,3562437.7303221575,6.16252528202111,3.152145577891188
3090.0,1137303.142621575,5162895.020461504,3562430.795669884,5.971413727128039,6,True,1.140026144683361,0.9999384623407953,1137301.2755226484,5162893.320094984,3562432.359372978,1137303.142621575,5162895.020461504,3562430.795669884,6.5455055634808605,3.9475854005424855
3120.0,1137294.1377017233,5162882.637491993,3562432.9493446783,-5.929925177369997,6,True,0.9539496079087257,0.9999484097908895,1137299.3313650843,5162890.410430589,3562432.5200659903,1137294.1377017233,5162882.637491993,3562432.9493446783,9.072951877518499,0.9886346110441181
3150.0,1137296.0575914823,5162886.96984474,3562435.6937298123,-2.672465261679924,6,True,0.059498204539219536,0.9999786445909312,1137298.4323397074,5162889.465596166,3562433.39159978,1137296.0575914823,5162886.96984474,3562435.6937298123,5.7298683309897065,1.7959812453246031
3180.0,1137294.0924320384,5162882.697768412,3562437.053477229,-4.482039787093406,6,True,2.025622812410196,0.9999369092526335,1137297.257069749,5162887.6328326035,3562434.3832555674,1137294.0924320384,5162882.697768412,3562437.053477229,10.343491360541632,3.9890937218895908
3210.0,1137299.3400992886,5162885.623221446,3562437.186063366,-0.4687670863789894,6,True,0.9309523527820905,0.9999404446508234,1137297.8224875329,5162887.087343514,3562435.144050047,1137299.3400992886,5162885.623221446,3562437.186063366,7.216297961945,4.74535670756061
3240.0,1137299.2789961298,5162887.402467048,3562429.8734869207,-0.8366156214284796,6,True,1.3593880695601304,0.999940297572769,1137298.2180252424,5162887.172920243,3562433.7127461247,1137299.2789961298,5162887.402467048,3562429.8734869207,3.792360288280896,3.7913579558249957
3270.0,1137296.7325477197,5162890.351287136,3562436.3427645043,2.2646222790468338,6,True,0.9562332058946291,0.9999698102048139,1137297.811078552,5162888.043634117,3562434.4332398777,1137296.7325477197,5162890.351287136,3562436.3427645043,4.772634644367969,3.5850472984306423
3300.0,1137295.2910638298,5162880.098517828,3562435.390199631,-5.670213474532743,6,True,0.8712770119309425,0.9999516374597586,1137297.125365719,5162885.881714922,3562434.6936350167,1137295.2910638298,5162880.098517828,3562435.390199631,11.437098252543631,5.5683769142276365
3330.0,1137298.3117713383,5162896.088897871,3562428.5972660477,6.169318423226284,6,True,1.1332268106440704,0.9999489037085197,1137297.448014133,5162888.657604832,3562433.0356996986,1137298.3117713383,5162896.088897871,3562428.5972660477,6.50859746571679,2.414351587861563
3360.0,1137297.5244540772,5162886.47586197,3562430.831014136,-2.3118541361111045,6,True,0.3135254830121994,0.9999810608348089,1137297.469000984,5162888.058599787,3562432.4303956553,1137297.5244540772,5162886.47586197,3562430.831014136,4.296950770864644,2.716734846685604
3390.0,1137297.355782926,5162887.860312113,3562430.2290704437,0.10017202430602862,6,True,0.8730453376968702,0.9999758341316046,1137297.4380156621,5162888.00433276,3562431.8279407886,1137297.355782926,5162887.860312113,3562430.2290704437,3.359644288666492,2.734260120637009
3420.0,1137294.0553107571,5162889.985982367,3562437.9574020505,1.7552096072784922,6,True,2.0222375678519406,0.9999139812278034,1137296.5290680456,5162888.536810685,3562433.474953863,1137294.0553107571,5162889.985982367,3562437.9574020505,7.5329753450640595,3.211277124883681
3450.0,1137296.4177492773,5162884.43292807,3562433.3308308087,-3.0417254515602705,6,True,0.3770295133193334,0.9999815236743055,1137296.4984737546,5162887.408920205,3562433.4353438066,1137296.4177492773,5162884.43292807,3562433.3308308087,6.582420718336075,4.00287885819307
3480.0,1137293.5658877771,5162882.86576913,3562435.1409245823,-5.144942749038449,6,True,0.8481311338643233,0.9999655140539025,1137295.6979109163,5162886.168691292,3562433.900948088,1137293.5658877771,5162882.86576913,3562435.1409245823,9.665268784584185,5.5470978404162405
3510.0,1137300.2664123285,5162886.806866413,3562433.39440205,-1.1389186628330363,6,True,1.2842168050507705,0.9999605603624656,1137296.9430216008,5162886.34262112,3562433.762892777,1137300.2664123285,5162886.806866413,3562433.39440205,4.332900818634698,4.819875018648027
3540.0,1137298.5197486635,5162882.256272403,3562441.758115939,-4.3113592394565,6,True,0.32479630783200264,0.9999643981265776,1137297.373293894,5162885.227499374,3562435.9447053983,1137298.5197486635,5162882.256272403,3562441.758115939,12.829860670747346,6.732040830109094
3570.0,1137298.221839916,5162891.379329837,3562425.4057395235,2.509929622123338,6,True,1.8586806704600651,0.9999490430852958,1137297.6038047068,5162886.898667941,3562433.0817545084,1137298.221839916,5162891.379329837,3562425.4057395235,6.590477870058225,3.898920649229709
3600.0,1137298.100313557,5162887.7685687365,3562431.3887887388,-0.4372417225786479,6,True,1.8332069367170334,0.9998929751250984,1137297.7366434378,5162887.131406023,3562432.628809059,1137298.100313557,5162887.7685687365,3562431.3887887388,2.8224517676310508,3.5365992101706527
3630.0,1137305.016083017,5162906.820419827,3562426.632111089,18.280137122033597,6,True,0.9795734969278177,0.9999508455091762,1137299.7238222563,5162892.506214174,3562430.991799636,1137305.016083017,5162906.820419827,3562426.632111089,18.336178172812183,2.5070599749722406
3660.0,1137298.3737555712,5162893.571384015,3562429.109329522,4.115502769339232,6,True,0.9693371380368868,0.9999708774858345,1137299.3536505345,5162892.798270676,3562430.4756494258,1137298.3737555712,5162893.571384015,3562429.109329522,4.171191280081454,2.8352747682817285
3690.0,1137297.9100604062,5162883.672998838,3562433.5189868775,-3.219778977739953,6,True,1.755213915059964,0.9999503432319399,1137298.960893332,5162890.315560266,3562431.3036494795,1137297.9100604062,5162883.672998838,3562433.5189868775,7.04100490308569,0.7753431988853231
3720.0,1137298.7571920403,5162893.322793294,3562432.4915850195,5.452626187149045,6,True,1.762731984257698,0.9999316134931122,1137298.9057587404,5162891.129509769,3562431.625180779,1137298.7571920403,5162893.322793294,3562432.4915850195,2.8831581800511312,0.785097141737336
3750.0,1137299.4853982467,5162882.559796841,3562436.914819519,-3.296868210763634,6,True,0.5261053567131361,0.9999431123598458,1137299.063346644,5162888.799642532,3562433.0632868274,1137299.4853982467,5162882.559796841,3562436.914819519,9.425054802165192,2.110978595860052
3780.0,1137299.0116502931,5162885.664345003,3562433.799772537,-1.3366640267837697,6,True,0.7168559866646925,0.9999663713256098,1137299.0491982477,5162887.941565881,3562433.264850215,1137299.0116502931,5162885.664345003,3562433.799772537,5.208477626517854,2.932368459521748
3810.0,1137297.338826035,5162887.155834644,3562437.6969311247,-0.9274890309281417,6,True,1.0628209461768467,0.9999674055165508,1137298.5815877668,5162887.726749387,3562434.4765674486,1137297.338826035,5162887.155834644,3562437.6969311247,6.776093968252142,3.767639206291969
3840.0,1137299.943935221,5162903.3772972915,3562427.2308766595,13.714747483703057,6,True,1.3070881540576618,0.999880033671104,1137298.944569536,5162891.896657401,3562432.546036692,1137299.943935221,5162903.3772972915,3562427.2308766595,13.776365443107267,1.5756994164098552
3870.0,1137298.6137799136,5162885.765454508,3562436.7485735933,-2.434745719889131,6,True,1.5017542863885562,0.9998923713059494,1137298.855723261,5162890.24988706,3562433.6747896047,1137298.6137799136,5162885.765454508,3562436.7485735933,6.757958413849868,1.7906803397576156
3900.0,1137300.7925181128,5162898.917560733,3562433.7242289847,8.616213247292668,6,True,0.28467051560680073,0.9999768264211887,1137299.3895576815,5162892.638938512,3562433.6884164703,1137300.7925181128,5162898.917560733,3562433.7242289847,8.892831698092856,2.8932088530086317
3930.0,1137295.91241122,5162884.095423444,3562441.572395864,-4.666742802368721,6,True,1.8817027335365613,0.9999223140584226,1137298.4496597801,5162890.32956444,3562435.8195132674,1137295.91241122,5162884.095423444,3562441.572395864,11.87270209983227,3.894757441589459
3960.0,1137301.7285097726,5162900.323953697,3562427.0343003226,12.565980734945871,6,True,0.757915310561657,0.99996850288002,1137299.348711792,5162893.06999959,3562433.410631071,1137301.7285097726,5162900.323953697,3562427.0343003226,11.426283214767647,3.070929682951456
3990.0,1137303.9516323295,5162908.974502982,3562428.6636296557,19.183210979384878,6,True,0.5617753776411215,0.9999514623107232,1137300.6020761323,5162897.400758125,3562432.118033849,1137303.9516323295,5162908.974502982,3562428.6636296557,19.52204840008955,7.20081003892421
4020.0,1137293.285772317,5162878.632130627,3562431.129316605,-8.273583160702044,6,True,0.4154769070446491,0.9999621538105827,1137298.603978395,5162892.275007051,3562431.8480131202,1137293.285772317,5162878.632130627,3562431.129316605,13.007833927996705,1.7749405838472707
4050.0,1137298.5267916908,5162898.0160526745,3562426.920586452,8.867176296154714,6,True,0.45637069766720134,0.9999633006522282,1137298.5829057528,5162893.842362478,3562430.50278275,1137298.5267916908,5162898.0160526745,3562426.920586452,9.029862594801228,3.631708122752599
4080.0,1137296.1697884859,5162891.954690355,3562432.355951956,4.24137949375063,6,True,0.3070388821264108,0.9999714284081853,1137297.922840675,5162893.326023524,3562431.0096840486,1137296.1697884859,5162891.954690355,3562432.355951956,2.8150891911587026,3.0334216401675156
4110.0,1137294.5492860994,5162889.857927196,3562436.7703666147,1.2912112394323274,6,True,1.9545574250320594,0.9998855216018815,1137297.0231143907,5162892.401082974,3562432.546056858,1137294.5492860994,5162889.857927196,3562436.7703666147,6.308976896677714,2.5089680824909784
4140.0,1137292.514500567,5162878.606734826,3562440.0464639943,-9.110469682062327,6,True,2.353084626297156,0.9998773284366242,1137295.8180726983,5162888.71419266,3562434.5507313902,1137292.514500567,5162878.606734826,3562440.0464639943,15.612593365987864,4.183116559036463
4170.0,1137296.9282661034,5162891.282692415,3562427.870984683,2.4924729213943415,6,True,0.400939969966809,0.9999780265013261,1137296.1243323316,5162889.42274289,3562432.708046353,1137296.9282661034,5162891.282692415,3562427.870984683,4.437488963713593,2.761543800653597
4200.0,1137295.8144292142,5162879.585188524,3562431.2345472802,-6.3123488715609035,6,True,1.1663366879026096,0.9999482168048569,1137296.039923021,5162886.743256517,3562432.3067046637,1137295.8144292142,5162879.585188524,3562431.2345472802,11.27521322003706,4.532837620724217
4230.0,1137294.9436659832,5162878.721531062,3562430.315047352,-9.608323962575758,6,True,0.7854910815755526,0.9999534381199472,1137295.7410347185,5162884.556178284,3562431.763690523,1137294.9436659832,5162878.721531062,3562430.315047352,12.424577981956288,6.576249525714947
4260.0,1137298.5597701464,5162889.811988085,3562429.339956909,2.2383929769924267,6,True,0.6552694315711657,0.999979158170569,1137296.5148096276,5162885.998957805,3562431.0983481007,1137298.5597701464,5162889.811988085,3562429.339956909,2.6804430702581326,5.009382992756562
4290.0,1137301.66467859,5162896.225961919,3562432.641023907,8.53505535398396,6,True,0.6639458164572716,0.9999734573679046,1137297.923700759,5162888.796841693,3562431.520390346,1137301.66467859,5162896.225961919,3562432.641023907,6.557347996049763,1.8608877643193669
4320.0,1137299.2149856018,5162889.653458395,3562435.009957031,2.6172657898817193,6,True,0.8206502584119638,0.9999779725280219,1137298.2772128377,5162889.031355675,3562432.475720984,1137299.2149856018,5162889.653458395,3562435.009957031,3.264950305940719,1.5920959488641238
4350.0,1137299.0660996367,5162892.25028644,3562431.444195098,4.30540249361491,6,True,0.9576120364169279,0.9999705681460449,1137298.4926002983,5162889.9102109475,3562432.194086482,1137299.0660996367,5162892.25028644,3562431.444195098,1.8872573170694267,0.6510397671290482
4380.0,1137293.1957212887,5162877.377125281,3562425.0240558367,-10.532245330622121,6,True,1.472443401813507,0.9999554008298109,1137297.0525304817,5162886.502823627,3562430.2447603415,1137293.1957212887,5162877.377125281,3562425.0240558367,15.766349881588361,4.589562849314402
4410.0,1137301.3058962154,5162895.189119304,3562430.610542842,7.0894071637542675,6,True,0.752782883743445,0.9999690054354481,1137298.2145039877,5162888.875825638,3562430.3446881636,1137301.3058962154,5162895.189119304,3562430.610542842,5.597306589438648,2.295308116774997
4440.0,1137296.67637373,5162895.064313094,3562435.9891291647,7.289454604445839,6,True,0.7484248727560043,0.9999510277125838,1137297.796587175,5162890.557265126,3562431.878307817,1137296.67637373,5162895.064313094,3562435.9891291647,6.385245088552459,0.7508782028613983
4470.0,1137299.130624126,5162896.594797915,3562429.5625277837,8.627157853982363,6,True,0.5825437034169832,0.999972531688975,1137298.1616154094,5162892.209295778,3562431.244648385,1137299.130624126,5162896.594797915,3562429.5625277837,6.561900190060855,1.8780093925712282
4500.0,1137304.32396456,5162903.960333135,3562429.7458456857,16.091480367608106,6,True,0.7209101890524229,0.9999536846737063,1137299.8374127229,5162895.404888295,3562430.8370620124,1137304.32396456,5162903.960333135,3562429.7458456857,14.808142666940698,5.186170013678954
4530.0,1137296.9243936697,5162889.268889034,3562425.871394799,1.3507747072492673,6,True,0.6976777402063211,0.999958337048996,1137299.043651117,5162893.732904509,3562429.483979211,1137296.9243936697,5162889.268889034,3562425.871394799,6.391318493590605,4.082180244352219
4560.0,1137289.6271768915,5162875.495783156,3562428.779195865,-13.016741621647153,6,True,0.23017218708992004,0.9998575446528513,1137296.5504262787,5162888.904213552,3562429.297371857,1137289.6271768915,5162875.495783156,3562428.779195865,17.738284183933494,3.668615607363459
4590.0,1137293.3724566628,5162874.381136534,3562433.429441298,-12.895958656384837,6,True,1.0147548466920853,0.9999498135288852,1137295.6816068955,5162884.933775712,3562430.427030871,1137293.3724566628,5162874.381136534,3562433.429441298,16.997198738572315,6.439402152044922
4620.0,1137301.9792203468,5162902.381279096,3562423.123216442,13.234019551157562,6,True,0.38884037112196285,0.9999439090121123,1137297.3967391613,5162889.685540209,3562428.4378634053,1137301.9792203468,5162902.381279096,3562423.123216442,15.180640947396379,3.7652486941512073
4650.0,1137300.1341408917,5162885.167014615,3562424.103673756,-2.8665383103583126,6,True,0.9243053880830606,0.9999082402207998,1137298.1341092703,5162888.468391234,3562427.2703687483,1137300.1341408917,5162885.167014615,3562424.103673756,9.604656070888618,5.100705860966696
4680.0,1137293.370936949,5162879.106461973,3562431.268081347,-8.008299085514272,6,True,0.32052595540881157,0.9999520062326394,1137296.8328270484,5162885.910744504,3562428.3625300187,1137293.370936949,5162879.106461973,3562431.268081347,12.532999916905194,6.061423733986173
4710.0,1137297.2036159278,5162892.116810421,3562425.251449908,2.1610711563199114,6,True,0.918095737695694,0.9999428766232433,1137296.9336964302,5162887.599042259,3562427.5161919943,1137297.2036159278,5162892.116810421,3562425.251449908,7.000010205206812,5.523094332155862
4740.0,1137294.4664310098,5162879.491613565,3562431.7431503674,-6.656767913947414,6,True,0.6402023198703924,0.9999715332285657,1137296.2571931402,5162885.37605395,3562428.675188194,1137294.4664310098,5162879.491613565,3562431.7431503674,11.743476722280775,6.488895768867565
4770.0,1137298.3479170257,5162901.798987181,3562430.6180757377,11.255974049363997,6,True,1.6662906184792519,0.9997998704088519,1137296.802070786,5162889.65614529,3562429.181537214,1137298.3479170257,5162901.798987181,3562430.6180757377,11.373599662435762,3.362023456632108
4800.0,1137298.1508646572,5162894.4786689235,3562438.7360822773,7.2569707254395945,6,True,0.877726415793101,0.9999515571448364,1137297.1722485926,5162890.979691651,3562431.803791518,1137298.1508646572,5162894.4786689235,3562438.7360822773,7.892184810097691,1.4574259980933566
4830.0,1137295.7376992574,5162886.395368409,3562437.2680878807,-0.6864935961074096,6,True,0.8955917122463385,0.9999744048838664,1137296.7774564773,5162889.7180726705,3562433.30758164,1137295.7376992574,5162886.395368409,3562437.2680878807,7.296850434162598,2.373646864714913
4860.0,1137297.2457998192,5162883.887771228,3562431.750356389,-4.120260238050564,6,True,0.39742301528652507,0.9999763929015693,1137296.9059914898,5162888.117969067,3562432.8802072136,1137297.2457998192,5162883.887771228,3562431.750356389,6.743716453960173,3.0452906762169847
4890.0,1137296.1836097855,5162895.495191098,3562432.0456324164,6.727075337614477,6,True,0.6528171760340532,0.9999356932035839,1137296.7104059053,5162890.115359468,3562432.6542452346,1137296.1836097855,5162895.495191098,3562432.0456324164,5.52320868489014,2.0090321987406403
4920.0,1137299.090365623,5162890.75531988,3562436.865605135,3.3467979043838048,6,True,1.2996727625528972,0.9999639405834477,1137297.3608870164,5162890.290270899,3562433.8052773494,1137299.090365623,5162890.75531988,3562436.865605135,4.972433988271073,2.2275421684614884
4950.0,1137295.840474519,5162882.666847294,3562432.3429931537,-4.263535730768725,6,True,1.880610649784406,0.9999376105253628,1137296.9488325997,5162888.224209635,3562433.4089765674,1137295.840474519,5162882.666847294,3562432.3429931537,8.299592508223407,3.150327062662492
4980.0,1137299.6484138332,5162890.083829752,3562435.6916154167,2.3327829371529063,6,True,0.9515453639129797,0.999968932349517,1137297.687816167,5162888.733262184,3562434.0338262953,1137299.6484138332,5162890.083829752,3562435.6916154167,3.94304401254098,2.8795107826553457
5010.0,1137297.9113198924,5162889.00600769,3562437.9980243845,2.0389581630425466,6,True,1.0125082520147164,0.9999596729770424,1137297.7487599284,5162888.807632922,3562435.114761937,1137297.9113198924,5162889.00600769,3562437.9980243845,6.282096603603813,3.69464812403807
5040.0,1137300.197945356,5162892.74487501,3562433.8871541205,3.3448174295211754,6,True,0.44537512337168056,0.9999793621729788,1137298.4202948678,5162889.887173735,3562434.778167765,1137300.197945356,5162892.74487501,3562433.8871541205,3.4049899959941534,2.9168301831657786
5070.0,1137296.0785539632,5162888.184617066,3562428.507853513,-0.275745867264666,6,True,0.6540956385433674,0.9999673736411326,1137297.7811924038,5162889.422515941,3562433.066888229,1137296.0785539632,5162888.184617066,3562428.507853513,4.812617516276238,1.744111369516032
5100.0,1137296.583951905,5162891.516571723,3562427.987708366,2.7068914048068216,6,True,0.3606939526895682,0.9999734661696535,1137297.4538529955,5162889.995055026,3562431.678181672,1137296.583951905,5162891.516571723,3562427.987708366,4.517504867802765,1.2284560989877606
5130.0,1137297.6141684316,5162886.434331234,3562429.7090476565,-1.9915581548823875,6,True,1.0497860262791316,0.9999766002069561,1137297.4977106743,5162889.020943709,3562431.1394834067,1137297.6141684316,5162886.434331234,3562429.7090476565,4.72752371436666,1.978661369465689
5160.0,1137303.364073596,5162897.647591657,3562429.104030304,10.815483293423268,6,True,1.2065674637754757,0.9999419107585815,1137299.08610777,5162891.356725304,3562430.588356952,1137303.364073596,5162897.647591657,3562429.104030304,9.07006032093689,1.6800043966244547
5190.0,1137295.3191060296,5162880.711681478,3562432.53033404,-7.713858475240732,6,True,0.5483555135627588,0.9999739122988284,1137298.0548798621,5162888.44261296,3562431.1199789443,1137295.3191060296,5162880.711681478,3562432.53033404,10.326098075195157,2.2671125676857913
5220.0,1137296.2433498204,5162890.729463691,3562433.7874503434,2.5378714162779,6,True,0.3059074282646179,0.9999774579427212,1137297.558894684,5162889.068737861,3562431.850315315,1137296.2433498204,5162890.729463691,3562433.7874503434,2.9654815202503872,1.7416214249631647
5250.0,1137298.9459660726,5162886.182552986,3562430.516701244,-1.226809527166852,6,True,0.48532468577226,0.9999746583751981,1137297.9381083713,5162888.279679116,3562431.48571641,1137298.9459660726,5162886.182552986,3562430.516701244,4.56339237661541,2.346697195589054
5280.0,1137297.722077088,5162889.842657686,3562427.537881761,2.1750703388347716,6,True,1.0631413857142131,0.9999609786754964,1137297.8792903079,5162888.705225691,3562430.410853616,1137297.722077088,5162889.842657686,3562427.537881761,4.516601268416038,2.4454941782804998
5310.0,1137298.1270820866,5162879.526994612,3562434.5452791993,-5.57278709274543,6,True,0.9741970933973789,0.9999002334736224,1137297.9456366224,5162886.247751885,3562431.5178471627,1137298.1270820866,5162879.526994612,3562434.5452791993,11.290999756079916,4.316746131495905
5340.0,1137299.8498579066,5162888.266072186,3562433.139750509,-0.5787296994122813,6,True,0.6845795040329298,0.9999772679374573,1137298.4688447644,5162886.802310131,3562431.9634849904,1137299.8498579066,5162888.266072186,3562433.139750509,2.8589830109309133,3.701574779482519
5370.0,1137297.9639852294,5162889.87479859,3562425.5271973964,1.0157060562669513,6,True,1.6428766300280888,0.9999195054529489,1137298.332727523,5162887.630696293,3562430.2281712047,1137297.9639852294,5162889.87479859,3562425.5271973964,6.459369876868008,3.3451290813001497
5400.0,1137301.1574315676,5162892.640591465,3562430.06405799,5.273004795330201,6,True,0.12404679382840793,0.9999779752300765,1137299.1087620812,5162889.007071207,3562430.1830841713,1137301.1574315676,5162892.640591465,3562430.06405799,3.8576766103711044,2.368088912223899
5430.0,1137304.454600343,5162897.345176732,3562435.3656748445,10.343696925535118,6,True,1.2359459872047107,0.9999528942828988,1137300.5636281928,5162891.276280743,3562431.593522567,1137304.454600343,5162897.345176732,3562435.3656748445,9.67262443846066,2.188844867214792
5460.0,1137303.6240025316,5162899.382341571,3562431.1287114783,11.739763831375305,6,True,1.0041872908671696,0.9999580126593776,1137301.3979396536,5162893.486134409,3562431.4668069514,1137303.6240025316,5162899.382341571,3562431.1287114783,10.261286826617917,4.154524963733101
5490.0,1137299.0540311148,5162885.177994452,3562427.3931071064,-2.8009030207779015,6,True,0.5806718046466509,0.9999491478950908,1137300.760674276,5162891.227304826,3562430.3592433124,1137299.0540311148,5162885.177994452,3562427.3931071064,7.014056473728922,2.8117614575500656
5520.0,1137300.1728512056,5162893.292551324,3562428.6387274684,4.738456289672376,6,True,0.3555826706190904,0.9999780825378377,1137300.5994546711,5162891.793730747,3562429.887365126,1137300.1728512056,5162893.292551324,3562428.6387274684,4.6115770113349726,3.1722882824462872
5550.0,1137302.7344764445,5162894.6140901875,3562424.8469183375,5.858823238697122,6,True,1.016740821301937,0.9999383088266829,1137301.1775403507,5162892.557380759,3562428.522596793,1137302.7344764445,5162894.6140901875,3562424.8469183375,9.199467953914436,4.771401450453004
5580.0,1137299.5554957264,5162896.831302955,3562433.596252186,7.668153268086865,6,True,0.416980126251777,0.9999790862690833,1137300.732506886,5162893.729998562,3562429.9146339814,1137299.5554957264,5162896.831302955,3562433.596252186,6.621829926540897,4.3892078298357875
5610.0,1137296.9771946538,5162884.740911536,3562426.540557316,-2.673244425681022,6,True,1.3424855135381222,0.9999396305869478,1137299.7153379999,5162891.295202446,3562429.00072707,1137296.9771946538,5162884.740911536,3562426.540557316,8.04355967149707,3.2526139437849024
5640.0,1137302.1435912882,5162897.983025152,3562426.2389403954,9.847660686062236,6,True,0.9624798819422722,0.9999489121853927,1137300.3757632785,5162893.11412603,3562428.249588899,1137302.1435912882,5162897.983025152,3562426.2389403954,10.064568690072791,4.870121772957391
5670.0,1137299.1186612397,5162883.016534024,3562428.3865131363,-2.942546706397329,6,True,1.7029835904637973,0.9999149624496665,1137300.0370894037,5162890.393749716,3562428.2864774414,1137299.1186612397,5162883.016534024,3562428.3865131363,8.302523066996347,3.9389750901719442
5700.0,1137295.4128867984,5162893.954882983,3562435.1096468912,5.989507354887227,6,True,0.7617623284459114,0.9999498774008646,1137298.7762026836,5162891.3647680795,3562430.146959017,1137295.4128867984,5162893.954882983,3562435.1096468912,5.641770274318036,1.9937643255558124
5730.0,1137295.1201577398,5162881.108613754,3562427.8108574795,-7.16525042145871,6,True,0.3842155262827873,0.9999702660117191,1137297.774343576,5162888.554293433,3562429.5068015144,1137295.1201577398,5162881.108613754,3562427.8108574795,10.8138878736312,3.2031261710641425
5760.0,1137298.3649706228,5162888.154850799,3562431.462747356,0.5330457691250577,6,True,0.23188682893911997,0.9999825096158758,1137297.9364980697,5162888.44462792,3562430.0437992853,1137298.3649706228,5162888.154850799,3562431.462747356,2.40077749930871,2.8569825889757774
5790.0,1137290.774512055,5162875.751682655,3562432.912727686,-11.282877333282357,6,True,0.8618099577724934,0.9999120501025157,1137296.0125712822,5162885.03491763,3562430.8144805166,1137290.774512055,5162875.751682655,3562432.912727686,16.701125104795793,6.127825328270898
5820.0,1137296.5232745663,5162881.007532323,3562436.527137537,-5.862839540097267,6,True,1.560649527857701,0.99995113766091,1137296.1517463583,5162883.937388646,3562432.3712738636,1137296.5232745663,5162881.007532323,3562436.527137537,10.741581374507378,7.00167367096746
5850.0,1137295.7180580709,5162878.920417068,3562433.5819610576,-7.7398724842136915,6,True,1.0291535779833794,0.9999301475058667,1137296.034329123,5162882.579088344,3562432.6990566216,1137295.7180580709,5162878.920417068,3562433.5819610576,12.036188182607765,8.347267754538
5880.0,1137297.793902187,5162882.198586088,3562427.3298684102,-4.5124174968696815,6,True,1.7695401733120282,0.9999057105961363,1137296.5078339593,5162882.476694382,3562431.254196708,1137297.793902187,5162882.198586088,3562427.3298684102,9.522817679928773,8.307972926185611
5910.0,1137303.7458948041,5162894.102347042,3562433.0079696057,7.292292657781184,6,True,0.6731112115085125,0.9999322118764692,1137298.4740721022,5162885.634833307,3562431.7306136987,1137303.7458948041,5162894.102347042,3562433.0079696057,6.417206922903478,4.872709706750955
5940.0,1137300.4835430493,5162889.981978908,3562431.6441764063,2.1307068403179845,6,True,0.6537263778348764,0.9999756199016813,1137299.0265066584,5162886.829930681,3562431.706850754,1137300.4835430493,5162889.981978908,3562431.6441764063,2.028758820927928,3.7113344564204254
5970.0,1137305.8007715081,5162913.193427991,3562428.5600559777,23.36256373224577,6,True,0.37869350984692574,0.999938393456795,1137300.8640282243,5162893.981037986,3562430.853281637,1137305.8007715081,5162913.193427991,3562428.5600559777,24.05984692338063,4.31734961983367
6000.0,1137298.0182335218,5162899.019339925,3562435.6621851595,11.286348633123641,6,True,0.4508950201173623,0.9999416479920022,1137300.0908650814,5162895.349875084,3562432.1597943516,1137298.0182335218,5162899.019339925,3562435.6621851595,9.313198891463108,5.093034074161331
6030.0,1137299.8025350664,5162887.90808286,3562436.706331112,1.7923476176077489,6,True,0.14944508050878844,0.9999796872936872,1137300.011656192,5162893.305495149,3562433.4088010755,1137299.8025350664,5162887.90808286,3562436.706331112,5.579759909455488,3.492349866360711
6060.0,1137306.897024508,5162900.764386457,3562431.4743269207,11.761012810764745,6,True,0.6874448408683141,0.9998580908680432,1137301.8347039155,5162895.280395284,3562432.896607894,1137306.897024508,5162900.764386457,3562431.4743269207,13.239392883172918,5.881246904879588
6090.0,1137294.2372738165,5162889.1825974155,3562429.5610346054,1.0658574760256971,6,True,0.950846386452516,0.9999221643059081,1137299.7742521209,5162893.626649425,3562431.991987795,1137294.2372738165,5162889.1825974155,3562429.5610346054,5.089185008481747,3.3578871410337827
6120.0,1137299.2114697152,5162890.439576605,3562430.8937014462,0.5888651085820326,6,True,0.6356036352614561,0.9999803102903367,1137299.6191385814,5162892.748231514,3562431.6892791796,1137299.2114697152,5162890.439576605,3562430.8937014462,1.2342213814782526,2.5011025000332596
6150.0,1137301.495204313,5162894.379382789,3562430.2292505414,6.072579753315521,6,True,0.798590861260891,0.9999714975796721,1137300.1330685732,5162893.195069568,3562431.2893185103,1137301.495204313,5162894.379382789,3562430.2292505414,5.16037410656171,3.191165087019997
6180.0,1137297.8467778068,5162884.25632959,3562436.698394494,-3.104412409877073,6,True,0.41299059117833775,0.9999666752625276,1137299.5084939122,5162890.753162103,3562432.76698349,1137297.8467778068,5162884.25632959,3562436.698394494,7.889627551450838,1.3016577022292053
6210.0,1137299.7448342291,5162889.616804107,3562432.4663466443,1.7491939199211477,6,True,0.47660621007283527,0.999979663304854,1137299.5732700173,5162890.441709339,3562432.6845850055,1137299.7448342291,5162889.616804107,3562432.4663466443,1.586151260792405,1.2780734789713246
6240.0,1137298.1577967193,5162885.977829984,3562432.359931254,-1.444201364168322,6,True,1.6282139271497726,0.9999326138413595,1137299.190901462,5162889.2358603105,3562432.5968847387,1137298.1577967193,5162885.977829984,3562432.359931254,4.561898860688352,1.5714539030592747
6270.0,1137297.8931240125,5162884.8985421,3562430.950004068,-3.5994730684044853,6,True,0.5038896625240644,0.9999747814936232,1137298.83529251,5162888.047375194,3562432.1456166804,1137297.8931240125,5162884.8985421,3562430.950004068,5.726504584895015,2.4822505673451873
6300.0,1137303.5561912053,5162898.649014468,3562430.2225842588,10.399726415253204,6,True,1.3341527084509532,0.999923471142705,1137300.108379509,5162890.906324305,3562431.6270316117,1137303.5561912053,5162898.649014468,3562430.2225842588,9.715820820415667,1.643915758124019
6330.0,1137297.4362200198,5162892.146793897,3562432.449820935,3.1113739176248947,6,True,1.620953941096862,0.9999572235589502,1137299.3791343768,5162891.244854402,3562431.851574762,1137297.4362200198,5162892.146793897,3562432.449820935,2.04919334254959,1.1199992905361262
6360.0,1137297.4805961926,5162885.281289585,3562432.669474616,-0.5191033880470802,6,True,0.5911058411002159,0.9999792021142503,1137298.8581056953,5162889.608232954,3562432.076036554,1137297.4805961926,5162885.281289585,3562432.669474616,5.379909270486598,0.9595783220240671
6390.0,1137301.7393504907,5162901.160607656,3562425.622326761,11.810230046084266,6,True,0.7723757401108742,0.9999575587790238,1137299.6426375876,5162892.753820028,3562430.318760961,1137301.7393504907,5162901.160607656,3562425.622326761,12.789871215595257,2.9781217326223013
6420.0,1137293.9730856398,5162875.456305949,3562428.993736628,-12.78620551641125,6,True,1.053029865026474,0.9999371483309781,1137298.107321181,5162888.06964791,3562429.959943965,1137293.9730856398,5162875.456305949,3562428.993736628,15.997287653567815,3.1609626539487405
6450.0,1137295.8258919024,5162890.79424396,3562433.9853516663,2.082394951350018,6,True,0.3619493717948596,0.9999707590928033,1137297.4826762772,5162888.815629849,3562431.0620821863,1137295.8258919024,5162890.79424396,3562433.9853516663,3.4200822238685613,2.17389575511665
6480.0,1137294.540836205,5162878.478826351,3562434.6350352033,-8.306840120069635,6,True,0.13757144411404928,0.9999770028948626,1137296.6767279978,5162885.983752932,3562432.0409305487,1137294.540836205,5162878.478826351,3562434.6350352033,12.958465229391102,4.890952368779175
6510.0,1137297.009155429,5162890.545155072,3562435.1979783936,3.942830745360997,6,True,0.505605743577083,0.9999762201364515,1137296.7676896807,5162887.231883428,3562432.9047894175,1137297.009155429,5162890.545155072,3562435.1979783936,3.61081455726552,3.847732361033412
6540.0,1137299.1110408364,5162892.571290529,3562436.6915016593,3.270876393509265,6,True,0.7452699020504951,0.9999732106521604,1137297.4080376201,5162888.6909384765,3562433.9395525493,1137299.1110408364,5162892.571290529,3562436.6915016593,5.222451712912301,2.9347154152779944
6570.0,1137296.0175932362,5162882.469662474,3562435.2245986206,-4.483048172496157,6,True,0.6536010839045048,0.9999774463888429,1137297.0276493751,5162886.988964426,3562434.2911066464,1137296.0175932362,5162882.469662474,3562435.2245986206,9.042756782365913,4.4969703998009125
6600.0,1137296.8698904018,5162882.515347496,3562425.1041021394,-6.357433483977447,6,True,0.30411165455977124,0.9999616894870886,1137296.9846981382,5162885.770983749,3562431.7898656726,1137296.8698904018,5162882.515347496,3562425.1041021394,10.639241362375156,4.9841629410506245
6630.0,1137301.9528258312,5162900.720409101,3562437.978559202,14.866729519676749,6,True,0.3782312572002411,0.9999633375019771,1137298.338968825,5162889.846073963,3562433.476852553,1137301.9528258312,5162900.720409101,3562437.978559202,12.353377784702346,1.6932081683383686
6660.0,1137299.2318265107,5162893.729322235,3562431.3515411066,5.843842904417168,6,True,1.5078504731257756,0.9999617293836387,1137298.5823156186,5162890.9044464575,3562432.897602652,1137299.2318265107,5162893.729322235,3562431.3515411066,3.3491988531783585,1.0485214925834425
6690.0,1137298.2596182423,5162891.32959225,3562432.2883126247,4.566280332498687,6,True,0.5032937588791052,0.9999816772255389,1137298.4938367931,5162891.021015116,3562432.7305443804,1137298.2596182423,5162891.32959225,3562432.2883126247,0.944765331684392,0.9550493317755855
6720.0,1137299.145976028,5162900.189341079,3562434.283459664,10.378551201209556,6,True,1.2583103540043037,0.999899141360991,1137298.6682841743,5162893.473544222,3562433.1459495425,1137299.145976028,5162900.189341079,3562434.283459664,9.986407618702156,3.2123093218285113
6750.0,1137296.3123844967,5162883.716211012,3562437.213188529,-3.6674230209574903,6,True,1.711523766318957,0.999938753759491,1137298.028256459,5162890.822767645,3562434.250897135,1137296.3123844967,5162883.716211012,3562437.213188529,8.885590448680253,2.3990999352244335
6780.0,1137303.0239921557,5162900.214336466,3562434.20034566,13.59574908925559,6,True,0.3952356142302354,0.9999637987653819,1137299.395195351,5162893.392499404,3562434.237065183,1137303.0239921557,5162900.214336466,3562434.20034566,10.93338417603698,3.7944734853890365
6810.0,1137292.960687121,5162882.587368798,3562426.099881272,-6.232744577792825,6,True,0.677972195049127,0.9999498833243385,1137297.6441137318,5162890.452000314,3562432.0226188465,1137292.960687121,5162882.587368798,3562426.099881272,11.30551238744281,0.905832656961215
6840.0,1137300.8553427274,5162900.312576901,3562427.1777449176,11.281708718674432,6,True,0.26558130731185275,0.9999602600366807,1137298.5206489337,5162893.1435375735,3562430.700164872,1137300.8553427274,5162900.312576901,3562427.1777449176,11.142417636606934,2.9129030038589994
6870.0,1137292.8803973417,5162876.445216147,3562433.27946659,-10.478259947878568,6,True,0.09594172860185306,0.9999593239981589,1137296.9823852335,5162888.5894106375,3562431.403616862,1137292.8803973417,5162876.445216147,3562433.27946659,15.215637065907371,2.525142615864849
6900.0,1137296.7288878637,5162886.0065325415,3562430.0483449628,-1.7622337271858952,6,True,1.0619449093937874,0.9999709215141724,1137296.913035589,5162887.882808916,3562431.032853155,1137296.7288878637,5162886.0065325415,3562430.0483449628,5.201090557940506,3.213854985529576
6930.0,1137296.571145818,5162887.096656737,3562433.444730502,-1.021694711566422,6,True,0.4446589748064677,0.999982011784574,1137296.8192798705,5162887.667224044,3562431.6942572477,1137296.571145818,5162887.096656737,3562433.444730502,4.217728720386855,3.327261064677051
6960.0,1137297.1440854678,5162886.708205636,3562426.59545204,-2.4466618780851372,6,True,1.1758374857405822,0.9999698059307001,1137296.9079448266,5162887.405432603,3562430.3023928716,1137297.1440854678,5162886.708205636,3562426.59545204,6.69433078628038,3.862494704386364
6990.0,1137298.072677298,5162889.440006698,3562435.818689428,1.7248596660576712,6,True,0.49559031054377556,0.999981253058275,1137297.2269860771,5162887.962739177,3562431.8134060823,1137298.072677298,5162889.440006698,3562435.818689428,4.059014305732552,2.8635895220320755
7020.0,1137291.3000415498,5162877.893531202,3562431.4037904846,-10.913538336467388,6,True,0.5805642095704874,0.9998989253152503,1137295.6423055464,5162885.2705463,3562431.703887618,1137291.3000415498,5162877.893531202,3562431.4037904846,14.551484860380032,5.987284912233974
7050.0,1137301.2168046057,5162891.945207072,3562424.700464352,2.04268814737563,6,True,0.842911728968223,0.9999584803837582,1137297.164990292,5162887.093742256,3562429.7908895784,1137301.2168046057,5162891.945207072,3562424.700464352,7.841429166033616,4.254236878679253
7080.0,1137299.0769036913,5162890.010783861,3562432.186007031,1.5886908653014618,6,True,0.3949099890887737,0.9999803425573041,1137297.6899750642,5162887.894721225,3562430.448555449,1137299.0769036913,5162890.010783861,3562432.186007031,0.7695381070051036,3.1186267925622837
7110.0,1137295.8656748908,5162886.279042374,3562427.979973119,-2.5626136513488182,6,True,0.6881417458256086,0.9999685781222721,1137297.1916382806,5162887.453372694,3562429.774222685,1137295.8656748908,5162886.279042374,3562427.979973119,6.372939642896783,3.9717177411606053
7140.0,1137301.3666748067,5162896.263701142,3562438.860210743,9.143614152394669,6,True,0.4333815909922123,0.999964297131573,1137298.3303967647,5162889.856426225,3562432.2524635154,1137301.3666748067,5162896.263701142,3562438.860210743,9.443844770493865,0.7534423753177858
7170.0,1137296.3868412934,5162885.6890509855,3562433.9606587435,-1.8071363162690575,6,True,1.2916894058386486,0.9999577545715725,1137297.801228113,5162888.721781823,3562432.717551021,1137296.3868412934,5162885.6890509855,3562433.9606587435,5.652485430245576,2.0843647153884346
7200.0,1137298.320396617,5162897.708154347,3562434.6121608685,8.532492180278034,6,True,1.0140560418367386,0.9999452846508423,1137297.942135996,5162891.160779407,3562433.2317683906,1137298.320396617,5162897.708154347,3562434.6121608685,7.691541199362836,1.577929766292939
7230.0,1137297.1760216889,5162892.3367312625,3562432.863511185,3.3258468638965812,6,True,0.46185678367813426,0.9999782715305416,1137297.7320293095,5162891.483283955,3562433.13077393,1137297.1760216889,5162892.3367312625,3562432.863511185,2.4708692924132745,1.7499465605803917
7260.0,1137299.342123252,5162889.225822092,3562433.6817763885,0.873298002134783,6,True,0.7534249847133955,0.9999682327612197,1137298.1717145445,5162890.866815174,3562433.2812419487,1137299.342123252,5162889.225822092,3562433.6817763885,2.310437976373342,1.448203160317338
7290.0,1137301.7640708617,5162894.721155576,3562431.3021528674,7.55365616687216,6,True,0.870768537123998,0.9999723872181925,1137299.1537346982,5162891.920452291,3562432.740230648,1137301.7640708617,5162894.721155576,3562431.3021528674,5.343924964190511,1.7430491841749138
7320.0,1137304.7006604685,5162897.4019165365,3562438.82339126,10.335374077291522,6,True,0.9945320871969064,0.9998665055615398,1137300.6243178316,5162893.373680475,3562434.3529786393,1137304.7006604685,5162897.4019165365,3562438.82339126,11.533664197963418,4.294392910396817
7350.0,1137299.0323670246,5162890.926839268,3562434.3109513153,4.07156173094896,6,True,1.0205421559512615,0.9999555638685553,1137300.1888812368,5162892.704410924,3562434.341483162,1137299.0323670246,5162890.926839268,3562434.3109513153,2.4674928347560394,3.656402103496688
7380.0,1137304.0129761947,5162901.761293632,3562430.1105610705,12.753882631740128,6,True,0.26488527034719783,0.9999641545168261,1137301.2354406323,5162895.1830537915,3562433.1835853285,1137304.0129761947,5162901.761293632,3562430.1105610705,12.647999161492388,5.542611415478567
7410.0,1137302.6470901773,5162895.409822403,3562432.4603990475,8.021470056401395,6,True,1.3509891368448734,0.9999423810312502,1137301.6187917092,5162895.2446356425,3562432.9871950555,1137302.6470901773,5162895.409822403,3562432.4603990475,6.4184348164994836,5.749568379881241
7440.0,1137298.2094403354,5162890.056958183,3562431.155836635,2.552799186903614,6,True,0.4477384202182293,0.9999803628453177,1137300.6823740385,5162893.819780205,3562432.4841913464,1137298.2094403354,5162890.056958183,3562431.155836635,0.9537454203901784,3.985272864634591
7470.0,1137303.208234502,5162898.481051483,3562437.2923622937,10.751016806979885,6,True,0.42394086097677547,0.9999577696742397,1137301.3703107843,5162895.089311852,3562433.7937322026,1137303.208234502,5162898.481051483,3562437.2923622937,10.684796322501379,5.7007422101667915
7500.0,1137300.601604085,5162889.804951433,3562430.5096771764,2.4022500621604004,6,True,0.9842257412771384,0.9999642805948756,1137301.1604990058,5162893.646991838,3562432.897378071,1137300.601604085,5162889.804951433,3562430.5096771764,2.5959005699592055,4.203405722863273
7530.0,1137297.0070657844,5162890.29540013,3562434.066978263,2.4923043031985768,6,True,0.8459565080702305,0.9999728117760841,1137300.0243304742,5162892.730166448,3562433.217321323,1137297.0070657844,5162890.29540013,3562434.066978263,2.6404824032691963,2.9682299328358823
7560.0,1137299.9603238269,5162882.535012074,3562428.607949083,-3.8319733592471823,6,True,0.4113692616422971,0.9999224259042138,1137300.0070833382,5162889.982995311,3562431.9752867334,1137299.9603238269,5162882.535012074,3562428.607949083,8.748116643713857,1.5536573279702866
7590.0,1137296.39868479,5162894.9687547,3562428.488820126,4.520958819959526,6,True,1.6698575839400291,0.9999536072043336,1137299.0235514129,5162891.341950944,3562431.024989484,1137296.39868479,5162894.9687547,3562428.488820126,6.031953207857072,1.323900412799553
7620.0,1137299.00717489,5162894.136571768,3562431.2124744398,6.140327028024825,6,True,0.507536020129919,0.999977060183238,1137299.01905941,5162892.108502216,3562431.0764157204,1137299.00717489,5162894.136571768,3562431.2124744398,3.732600707444306,1.8793211886304775
7650.0,1137296.7773625182,5162897.866189303,3562433.5787306204,7.017668288326874,6,True,1.1662611526747544,0.9998799067002895,1137298.4219791002,5162893.642073325,3562431.7429121416,1137296.7773625182,5162897.866189303,3562433.5787306204,7.749588450916321,3.147011423161936
7680.0,1137294.316094574,5162878.569123434,3562431.751890066,-9.695858758138812,6,True,0.4810011126101017,0.9999659625909754,1137297.2958982368,5162889.508162515,3562431.7453744295,1137294.316094574,5162878.569123434,3562431.751890066,12.661805742185072,1.6064655911602048
7710.0,1137298.5716164347,5162892.637987038,3562436.6989413016,4.999518551626267,6,True,0.8154908008873463,0.9999697873104963,1137297.6453334466,5162890.365460695,3562433.102218505,1137298.5716164347,5162892.637987038,3562436.6989413016,5.225341428112804,1.4834746855721217
7740.0,1137294.1468253925,5162887.473274139,3562431.9343543886,-0.7004776161026474,6,True,0.7297047972679138,0.9999571260459238,1137296.691929839,5162889.577290122,3562432.7839554497,1137294.1468253925,5162887.473274139,3562431.9343543886,5.339651441745292,2.2395790647685523
7770.0,1137299.6539937146,5162891.514226018,3562431.034636952,3.243990290279024,6,True,0.44689609482884407,0.9999833600073846,1137297.505208068,5162890.109104378,3562432.3036543117,1137299.6539937146,5162891.514226018,3562431.034636952,1.748299836480261,1.1719483018977772
7800.0,1137299.8096921593,5162891.535937884,3562430.454704036,3.2907790507798125,6,True,0.24958296989401182,0.9999832529520992,1137298.1369528905,5162890.500252524,3562431.796788255,1137299.8096921593,5162891.535937884,3562430.454704036,2.2012383118769567,0.42796727400708423
7830.0,1137302.2524477593,5162894.939007514,3562427.4305050676,5.642559833630257,6,True,0.4369712161521117,0.999975239354427,1137299.261663161,5162891.713305507,3562430.603540857,1137302.2524477593,5162894.939007514,3562427.4305050676,7.326406521037652,1.9336947571167813
7860.0,1137297.1728708602,5162887.287969603,3562425.981344986,-1.9654465170409605,6,True,0.9384608268737793,0.9999460834639097,1137298.6955670284,5162890.513968675,3562429.3508518245,1137297.1728708602,5162887.287969603,3562425.981344986,6.899209782337016,2.583392988510903
7890.0,1137300.5834633848,5162887.037143465,3562433.8629639884,0.542527196057192,6,True,0.4963900223374367,0.9999725627104536,1137299.2119898647,5162889.562903788,3562430.5851133103,1137300.5834633848,5162887.037143465,3562433.8629639884,4.462037938711982,1.771542848086583
7920.0,1137299.7358677047,5162886.685408347,3562432.9991326495,-1.5047302652798937,6,True,0.9370592720806599,0.9999499778564651,1137299.3542786613,5162888.781356388,3562431.2407774376,1137299.7358677047,5162886.685408347,3562432.9991326495,4.1398746830784505,2.02376986209042
7950.0,1137298.4886782896,5162893.088028417,3562440.5047973366,5.728901025230751,6,True,1.1334245204925537,0.9999514083654735,1137299.1188532303,5162889.95268227,3562433.7603995977,1137298.4886782896,5162893.088028417,3562440.5047973366,8.956387745717473,1.996207435021787
7980.0,1137292.9093961904,5162871.222909482,3562428.9153002976,-14.594688817607107,6,True,0.5497198725740114,0.9999223932540193,1137297.4432769516,5162884.89859094,3562432.452985213,1137292.9093961904,5162871.222909482,3562428.9153002976,20.31141403597008,5.735318061400167
8010.0,1137298.7070915715,5162893.794000279,3562428.814134813,5.078651598039947,6,True,0.48621263230840367,0.9999779352037601,1137297.7904302469,5162887.34204318,3562431.453440749,1137298.7070915715,5162893.794000279,3562428.814134813,4.534824752341206,3.2841770283781617
8040.0,1137299.8770257188,5162891.841316086,3562430.786995204,5.741611407261095,6,True,1.6207790436844032,0.9999137557552135,1137298.3519204308,5162888.552770225,3562431.2741042958,1137299.8770257188,5162891.841316086,3562430.786995204,2.2078806428706117,2.066388882817515
8070.0,1137303.1676767683,5162899.818139233,3562433.3370429636,11.157926526824415,6,True,0.47404691328605014,0.9999687172978168,1137299.6716684964,5162891.640021306,3562431.839448372,1137303.1676767683,5162899.818139233,3562433.3370429636,10.494457796457068,1.6041434480437389
8100.0,1137297.934595464,5162891.852123452,3562426.6364624524,3.326902667272213,6,True,1.141820343832175,0.9999633933267712,1137299.1972032825,5162891.697955019,3562430.4183015455,1137297.934595464,5162891.852123452,3562426.6364624524,5.49638085911027,2.0345760922535834
8130.0,1137296.6635397552,5162896.270027595,3562427.885883643,7.023775944557615,6,True,1.0521874576807022,0.9999249380765096,1137298.5131851838,5162892.932286396,3562429.7346197306,1137296.6635397552,5162896.270027595,3562427.885883643,7.290194079502044,3.274311330881364
8160.0,1137297.5367479715,5162888.483818874,3562427.6719136406,-0.3477031412930317,6,True,0.9308157240351042,0.9999726047917085,1137298.2454545822,5162891.712555244,3562429.1690436387,1137297.5367479715,5162888.483818874,3562427.6719136406,4.818736113553252,3.028792904307832
8190.0,1137296.4782993277,5162886.206405469,3562433.4131164486,-1.655067549048303,6,True,0.7707086950540543,0.9999769584911536,1137297.7611471512,5162890.203537151,3562430.332176303,1137296.4782993277,5162886.206405469,3562433.4131164486,4.99268112648134,1.8039841271555026
8220.0,1137293.960702164,5162881.244537146,3562431.4459013483,-6.710438521432899,6,True,0.47271978730956715,0.9999623882430435,1137296.7251549796,5162887.761335277,3562430.6357750744,1137293.960702164,5162881.244537146,3562431.4459013483,10.341997511068863,3.5352771155563603
8250.0,1137296.4389239403,5162891.127842838,3562435.2717783,3.6345290410367728,6,True,0.9948736652731895,0.9999625073660598,1137296.6471094086,5162888.679268584,3562431.8998571225,1137296.4389239403,5162891.127842838,3562435.2717783,3.9987235373522805,2.631343152373735
8280.0,1137298.7285555273,5162898.737605826,3562436.352858229,10.923847673401532,6,True,0.26661361505587894,0.9999382129335463,1137297.2107673069,5162891.403077372,3562433.10573472,1137298.7285555273,5162898.737605826,3562436.352858229,9.349179934460627,1.9924622031877164
8310.0,1137297.3879021038,5162883.229147016,3562428.7383502945,-4.72301903994323,6,True,0.4776471008857091,0.9999741605380297,1137297.25930278,5162889.163395593,3562431.9090581033,1137297.3879021038,5162883.229147016,3562428.7383502945,8.026802646173929,1.8559776630891067
8340.0,1137299.340356471,5162883.451975313,3562429.1462652497,-4.405673394908446,6,True,0.7716571080187956,0.9999361567296656,1137297.8226063987,5162887.617417358,3562431.161220016,1137299.340356471,5162883.451975313,3562429.1462652497,7.622270496872349,3.0719866829740927
8370.0,1137298.7590831097,5162893.4081754,3562430.918749899,5.0180444489320095,6,True,0.8348144913713137,0.9999786988364369,1137298.079588863,5162889.206483328,3562431.094682784,1137298.7590831097,5162893.4081754,3562430.918749899,3.0836190333498052,1.61048480104154
8400.0,1137302.1327481035,5162899.331312759,3562432.8481777315,11.552467383627087,6,True,0.7227217704057693,0.9999739197122827,1137299.188490899,5162891.976530913,3562431.5744206877,1137302.1327481035,5162899.331312759,3562432.8481777315,9.574137890584794,1.6472247820505304
8430.0,1137298.3895080222,5162898.073625782,3562431.8616498047,9.0290944444821,6,True,1.575766536096732,0.9999057181389318,1137298.974258099,5162893.611356569,3562431.651435978,1137298.3895080222,5162898.073625782,3562431.8616498047,7.572529118045979,3.150374590837484
8460.0,1137294.9075659781,5162888.369673638,3562430.208258202,0.6487009952612013,6,True,1.0171588063240051,0.9999672150231291,1137297.8605287191,5162892.175836961,3562431.256198413,1137294.9075659781,5162888.369673638,3562430.208258202,4.55370361573741,1.9284491307438243
8490.0,1137292.2352411875,5162880.836773874,3562442.1088153003,-5.6143358798236775,6,True,1.2655895228187244,0.9999153851695647,1137296.3450846216,5162889.121110224,3562434.179877267,1137292.2352411875,5162880.836773874,3562442.1088153003,15.389792633890647,3.4360790914653587
8520.0,1137295.0923051063,5162892.035451184,3562434.5639660386,3.1294477877801326,6,True,0.8790206015110016,0.9999305133808614,1137296.0054132466,5162889.911287737,3562434.28401687,1137295.0923051063,5162892.035451184,3562434.5639660386,4.604334060503758,3.5122207931007368
8550.0,1137303.0965259904,5162908.500625943,3562430.2768764812,18.122716081791342,6,True,0.27676402777433395,0.9999466322515309,1137297.9374547177,5162894.976130679,3562433.1922331555,1137303.0965259904,5162908.500625943,3562430.2768764812,18.638010678397034,4.687275821796344
8580.0,1137299.3354504588,5162897.512505665,3562431.30605307,8.332515944738786,6,True,0.2773597575724125,0.9999712823530291,1137298.320758428,5162895.6715562185,3562432.6750786295,1137299.3354504588,5162897.512505665,3562431.30605307,7.081621581595645,5.226802975620922
8610.0,1137300.044389573,5162889.032008735,3562426.062356047,0.9680434981125271,6,True,0.6080618041257063,0.9999601552087716,1137298.790982713,5162893.86021945,3562430.8710599695,1137300.044389573,5162889.032008735,3562426.062356047,6.232342319458689,3.5288906630892587
8640.0,1137303.3185929598,5162897.4690309465,3562430.637987876,9.832195947349463,6,True,0.5850865530471007,0.9999715805522641,1137300.0298210266,5162894.847657349,3562430.807287113,1137303.3185929598,5162897.4690309465,3562430.637987876,8.543648323138623,4.727015558555441
8670.0,1137300.8520638498,5162895.010522592,3562432.8782887044,7.95388749608466,6,True,0.7667427075405916,0.99997427372871,1137300.2547909722,5162894.892218133,3562431.373924002,1137300.8520638498,5162895.010522592,3562432.8782887044,5.152292140556787,4.743642364969533
8700.0,1137293.379183254,5162880.607000667,3562426.978567718,-6.881948095495485,6,True,0.7276792551080385,0.9999316107611992,1137298.397587758,5162891.033569868,3562430.1866733395,1137293.379183254,5162880.607000667,3562426.978567718,12.211350984397399,1.827901973800516
8730.0,1137300.7896119375,5162894.35171955,3562432.3050798313,6.218399165982969,6,True,0.4502198100090027,0.9999783076996034,1137299.053811201,5162891.94386485,3562430.7678330173,1137300.7896119375,5162894.35171955,3562432.3050798313,4.471878301096591,1.920003490266825
8760.0,1137297.559855802,5162892.145528004,3562437.4433883894,4.8981899884000795,6,True,1.0054758712649345,0.9999590219561504,1137298.6468533385,5162891.998798489,3562432.586274014,1137297.559855802,5162892.145528004,3562437.4433883894,5.836620814193254,1.636808737503804
8790.0,1137296.5465410508,5162886.241418593,3562430.7411848903,-2.0855085218577325,6,True,1.207146509240071,0.9999608263447193,1137298.074259106,5162890.429202128,3562432.083259583,1137296.5465410508,5162886.241418593,3562430.7411848903,4.854103250523607,0.49940908494325087
8820.0,1137300.7845897325,5162900.684110958,3562433.9894968113,11.050770100466352,6,True,0.2964458415905635,0.9999671913573095,1137298.8145489453,5162893.230190588,3562432.603922279,1137300.7845897325,5162900.684110958,3562433.9894968113,10.626360637118784,2.8223316049123417
8850.0,1137294.663315905,5162886.668222958,3562434.006702616,-2.8592313069129283,6,True,0.9906925695637862,0.9999709133040816,1137297.6798635328,5162891.436562316,3562432.9873539894,1137294.663315905,5162886.668222958,3562434.006702616,5.8375201847585565,1.6541974223520675
8880.0,1137303.2300764706,5162895.774647358,3562426.9034673464,8.201605137783808,6,True,1.3138109495242436,0.9999549624521656,1137299.1894145776,5162892.616437914,3562431.3326539733,1137303.2300764706,5162895.774647358,3562426.9034673464,8.661174987338521,2.289141558263958
8910.0,1137298.5911243625,5162881.194320159,3562433.2567020105,-4.646543509026452,6,True,0.24919270972410837,0.9999506789884266,1137299.026776834,5162889.511477456,3562431.8556824694,1137298.5911243625,5162881.194320159,3562433.2567020105,9.402875219054287,1.1053890240207727
8940.0,1137294.8747246512,5162877.847239228,3562430.9892105716,-9.63849001724023,6,True,1.0753156319260597,0.9999544843771827,1137297.8961641171,5162886.335280363,3562431.619740313,1137294.8747246512,5162877.847239228,3562430.9892105716,13.210368809242183,4.229080175909192
8970.0,1137297.6907859715,5162887.671764838,3562436.4698888515,-0.2453681501996635,6,True,1.6575488323966663,0.9999336269618826,1137297.8405665802,5162886.697077597,3562432.932715028,1137297.6907859715,5162887.671764838,3562436.4698888515,5.418124109375746,3.9981511086432295
9000.0,1137293.0426644282,5162879.602416296,3562431.149574165,-8.13370059604376,6,True,0.8944130477805933,0.9999480905324104,1137296.5347217997,5162884.766123997,3562432.4473976716,1137293.0426644282,5162879.602416296,3562431.149574165,12.234891271909209,6.100451972634361
9030.0,1137295.1685581831,5162881.574953562,3562434.841083186,-5.714691261125444,6,True,1.131014791627725,0.9999718443508899,1137296.160409572,5162883.891782081,3562433.1032384112,1137295.1685581831,5162881.574953562,3562434.841083186,9.978835672399825,7.124965676300421
9060.0,1137301.8399506006,5162893.583319165,3562420.964261869,3.520591090871984,6,True,0.2970766946673393,0.9999400665933693,1137297.700185951,5162886.519247892,3562429.812249007,1137301.8399506006,5162893.583319165,3562420.964261869,11.857303412442796,4.589713760654591
9090.0,1137295.6794323882,5162889.826951251,3562428.726192066,0.8387936492432901,6,True,1.166904008636872,0.9999343099897687,1137297.152670253,5162887.415457874,3562429.517985899,1137295.6794323882,5162889.826951251,3562428.726192066,4.350175920543637,4.1574554299806445
9120.0,1137299.6127489686,5162886.94047683,3562433.7407496194,0.6858375455457589,6,True,0.9588153250515461,0.9999673789479951,1137297.826163659,5162887.285422766,3562430.6740478994,1137299.6127489686,5162886.94047683,3562433.7407496194,4.136892893496398,3.527653289775386
9150.0,1137303.7924770745,5162897.289148813,3562428.0789008196,9.345040919017283,6,True,1.096651626129945,0.9999429436265478,1137299.445852128,5162890.001156687,3562429.9695375077,1137303.7924770745,5162897.289148813,3562428.0789008196,9.40375418342048,2.2154226859238957
9180.0,1137297.6072388901,5162885.1207030965,3562435.0174747147,-2.7090022136958467,6,True,0.7372656650841236,0.9999716357539598,1137298.9422684652,5162888.664433637,3562431.3521331814,1137297.6072388901,5162885.1207030965,3562435.0174747147,6.275337681614369,1.9679199834607468
9210.0,1137297.5679660335,5162888.631416625,3562430.8307147273,0.41564527134029394,6,True,0.7461760031680266,0.9999749917971537,1137298.5659794526,5162888.655393459,3562431.209366909,1137297.5679660335,5162888.631416625,3562430.8307147273,2.3796497968069543,1.9831810757629647
9240.0,1137302.3104246748,5162905.378353306,3562423.653537952,15.317214968245315,6,True,0.8672887720167637,0.9999371032872283,1137299.579239873,5162893.180686878,3562429.164732265,1137302.3104246748,5162905.378353306,3562423.653537952,17.43446817145419,3.9859479194803527
9270.0,1137299.5919499733,5162895.01273648,3562427.666973762,5.871930237977757,6,True,0.856481421738863,0.9999662286929655,1137299.5827140112,5162893.681453469,3562428.7553397357,1137299.5919499733,5162895.01273648,3562427.666973762,6.293491293030059,4.610763029242138
9300.0,1137296.2028347184,5162883.768553249,3562427.14546175,-4.62383569433131,6,True,0.9652412496507168,0.9999727190405033,1137298.6578439176,5162890.968887676,3562428.31481276,1137296.2028347184,5162883.768553249,3562427.14546175,8.586132952992632,3.6466297839206683
9330.0,1137294.0780157668,5162879.490508178,3562430.8231687737,-6.68109804734964,6,True,0.4167319598297278,0.9999648237053815,1137297.4084249502,5162887.837480865,3562428.9991152002,1137294.0780157668,5162879.490508178,3562430.8231687737,11.934887527647291,4.120973631672112
9360.0,1137297.6680295777,5162891.688666877,3562432.602670961,3.662497531697571,6,True,1.8664380709330242,0.9999533403982427,1137297.479017293,5162888.884705048,3562429.9790031426,1137297.6680295777,5162891.688666877,3562432.602670961,1.6203507017581094,2.7491531196374037
9390.0,1137301.2942784196,5162897.611038062,3562430.7332485127,8.31165240396878,6,True,0.12238762279351552,0.9999811251555188,1137298.5254980687,5162891.278234465,3562430.185883682,1137301.2942784196,5162897.611038062,3562430.7332485127,7.7150321558008645,1.9085205686260964
9420.0,1137299.9755019916,5162891.966926879,3562432.024659907,3.6953378204495593,6,True,1.1459664516150951,0.9999653119679964,1137298.9209261914,5162891.466046611,3562430.6873332434,1137299.9755019916,5162891.966926879,3562432.024659907,2.0499108888595763,1.6166010683016803
9450.0,1137299.417259892,5162889.911252249,3562435.9090776723,1.7014084356172041,6,True,0.3570192754268646,0.9999796798553429,1137299.0568758396,5162891.040176382,3562432.117609523,1137299.417259892,5162889.911252249,3562435.9090776723,4.116818198874584,0.7662856781368772
9480.0,1137296.9375521645,5162886.8181978315,3562427.435364256,-2.854351331385414,6,True,0.6671237262586752,0.9999701072859284,1137298.4783702872,5162889.887715311,3562430.8395107994,1137296.9375521645,5162886.8181978315,3562427.435364256,6.029671237623688,1.2535742143430184
9510.0,1137304.2860429834,5162900.732312483,3562425.5735010025,10.940862658897615,6,True,0.43555795525511104,0.9999678361359319,1137300.0629320778,5162892.846548429,3562429.402735976,1137304.2860429834,5162900.732312483,3562425.5735010025,13.342244706591318,3.766449659699791
9540.0,1137298.2406763013,5162879.832677022,3562431.5157605335,-6.946157623025773,6,True,1.151206626246373,0.9999175050678307,1137299.572765021,5162889.345958046,3562429.9711166844,1137298.2406763013,5162879.832677022,3562431.5157605335,10.682624365838072,2.496770402258472
9570.0,1137307.9552845415,5162912.077645743,3562431.119469339,23.61998581811111,6,True,0.6033315621316433,0.999916419637352,1137301.8335840967,5162895.476839465,3562430.280834733,1137307.9552845415,5162912.077645743,3562431.119469339,23.55207812985197,6.1871977258375574
9600.0,1137298.5963715822,5162894.197252623,3562430.2092187405,5.161564039978414,6,True,0.6522461387018362,0.9999718336949566,1137300.9450604469,5162895.12562892,3562430.2611781606,1137298.5963715822,5162894.197252623,3562430.2092187405,4.075624514608979,5.469869864410555
9630.0,1137301.067464961,5162895.008853577,3562432.4462161255,6.471593091311153,6,True,0.5558670486013094,0.9999755035870211,1137300.9786161822,5162895.093616355,3562430.860180219,1137301.067464961,5162895.008853577,3562432.4462161255,5.190271643515573,5.305342469042425
9660.0,1137304.1588995736,5162897.150631839,3562431.277154222,11.948377243780632,6,True,0.6543204933404922,0.9999376466846726,1137301.8398112247,5162895.650639526,3562430.9730934096,1137304.1588995736,5162897.150631839,3562431.277154222,8.726245944027022,6.1869065476889
9690.0,1137299.976921177,5162894.144834148,3562434.3696527625,5.470497780548625,6,True,1.0896889766057332,0.999973549970632,1137301.3294123746,5162895.238075545,3562431.903690462,1137299.976921177,5162894.144834148,3562434.3696527625,4.611971519517631,5.493804811692468
9720.0,1137299.686086607,5162892.002619574,3562425.7107954766,3.4950080380216906,6,True,0.7413315574328104,0.999972633578843,1137300.8798715721,5162894.352998768,3562430.209589976,1137299.686086607,5162892.002619574,3562425.7107954766,6.498413544064484,4.820707072340073
9750.0,1137297.5190588199,5162885.009476646,3562432.2194461655,-3.047652438856895,6,True,1.8568115793168545,0.9999615491326875,1137299.9640067094,5162891.806768366,3562430.7573017348,1137297.5190588199,5162885.009476646,3562432.2194461655,5.595746812542551,2.2564822550714787
9780.0,1137305.6147594135,5162902.340548743,3562428.510482801,13.613080835452108,6,True,0.5784439668059349,0.9999447818751745,1137301.4969724242,5162894.664427338,3562430.1477729566,1137305.6147594135,5162902.340548743,3562428.510482801,14.206303385882919,5.405071210257163
9810.0,1137295.5932834183,5162896.155783165,3562436.2382098557,6.75354168064597,6,True,1.5248648611207802,0.9998133369835642,1137299.9525741544,5162895.054564311,3562431.741024261,1137295.5932834183,5162896.155783165,3562436.2382098557,7.695594491356265,4.768378847348546
9840.0,1137298.0311863555,5162889.777574595,3562436.357518647,3.1474596809156274,6,True,0.7013629004359245,0.9999723465677439,1137299.4224922883,5162893.5987225715,3562433.0146453176,1137298.0311863555,5162889.777574595,3562436.357518647,4.515970769599273,3.396007829789758
9870.0,1137296.4641466253,5162891.070081718,3562430.3807849907,2.3709599639829877,6,True,0.8689223142961661,0.9999467214175716,1137298.6160662477,5162892.909431304,3562432.296671897,1137296.4641466253,5162891.070081718,3562430.3807849907,2.654353354575137,2.43534363954925
9900.0,1137296.661868184,5162891.311457592,3562436.9211461893,3.6261283241694247,6,True,0.8385249574979147,0.9999487628839229,1137298.0835847778,5162892.474014133,3562433.556752395,1137296.661868184,5162891.311457592,3562436.9211461893,5.395278888755888,2.5968931382513603
9930.0,1137292.3809146837,5162881.292885877,3562436.4017507746,-5.853039847562015,6,True,1.582151932020982,0.9999502190140964,1137296.5300706832,5162889.428065472,3562434.3317832155,1137292.3809146837,5162881.292885877,3562436.4017507746,11.950094590391155,3.3136070705603826
9960.0,1137301.4432842114,5162888.813147041,3562431.9026545295,1.8966446442734053,6,True,1.3626047807435195,0.9999549271001351,1137297.8697617077,5162889.260395027,3562433.669430179,1137301.4432842114,5162888.813147041,3562431.9026545295,3.3561373823666374,2.2415851297900242
9990.0,1137295.9553005437,5162882.234855425,3562434.284859939,-4.528749758652903,6,True,0.4280542731285095,0.9999657253746221,1137297.3463806908,5162887.339732372,3562433.8376781745,1137295.9553005437,5162882.234855425,3562434.284859939,8.978210661975762,3.8832861646931844
10020.0,1137296.5195385132,5162890.995917059,3562431.807727005,1.1910647108935586,6,True,0.9758968278765678,0.9999580572151622,1137297.121030971,5162888.336198466,3562433.284429997,1137296.5195385132,5162890.995917059,3562431.807727005,2.0869208731860147,2.924744847342834
10050.0,1137301.0994541866,5162892.9504738115,3562435.5586281503,6.488361204491549,6,True,0.584907554090023,0.9999649235975497,1137298.2074327953,5162889.596234636,3562433.9054531734,1137301.0994541866,5162892.9504738115,3562435.5586281503,5.068598989681125,2.199693890770988
10080.0,1137298.7573114808,5162889.585895788,3562428.6403071154,1.2419539644033855,6,True,0.8519086092710495,0.9999660873480151,1137298.357579459,5162889.59341157,3562432.46778313,1137298.7573114808,5162889.585895788,3562428.6403071154,3.4215667713575355,1.0730466779302315
10110.0,1137302.2689494402,5162896.715324965,3562427.941184108,8.14111640043538,6,True,1.048023651043574,0.9999666604394711,1137299.425471555,5162891.537854325,3562431.23191965,1137302.2689494402,5162896.715324965,3562427.941184108,8.26917557947203,1.528207992206275
10140.0,1137301.3120143292,5162895.491848408,3562431.689716241,7.07276178493391,6,True,1.0845526916285355,0.9999693807266198,1137299.9408498672,5162892.618032747,3562431.35698357,1137301.3120143292,5162895.491848408,3562431.689716241,5.710506461732555,2.59874670058653
10170.0,1137298.8134685112,5162894.05950822,3562436.557050967,6.370608772498343,6,True,0.3530225281914075,0.9999729239090427,1137299.632627687,5162893.012127177,3562432.7786640883,1137298.8134685112,5162894.05950822,3562436.557050967,5.842393349949774,2.863947227504652
10200.0,1137295.8368369516,5162884.157251236,3562427.1917812508,-6.1994978559800344,6,True,0.5085886580248674,0.9999658738560203,1137298.59732033,5162890.596947088,3562431.2548337965,1137295.8368369516,5162884.157251236,3562427.1917812508,8.369221414795957,0.6835365130443193
10230.0,1137300.6262321621,5162891.251961054,3562431.1428193497,3.957661440945649,6,True,0.7061806097626686,0.9999746709893955,1137299.1522358272,5162890.776096026,3562431.2241973975,1137300.6262321621,5162891.251961054,3562431.1428193497,2.3488427984442355,0.970920402653791
10260.0,1137298.6402131072,5162883.192353651,3562429.7479696213,-4.410569312573939,6,True,0.8187296539545059,0.999935592105987,1137299.013811725,5162888.725849643,3562430.8251027935,1137298.6402131072,5162883.192353651,3562429.7479696213,7.629853392402511,2.144621945391819
10290.0,1137298.9091057135,5162888.837596319,3562425.7993903477,0.32303117050114083,6,True,0.7687595461805662,0.9999671617218439,1137298.9851893834,5162888.756396615,3562429.4512785356,1137298.9091057135,5162888.837596319,3562425.7993903477,6.363046232585806,3.064027575861216
10320.0,1137298.1035529773,5162889.455145133,3562433.305900765,1.9053600413090361,6,True,1.0432229191064835,0.9999746264136262,1137298.743842696,5162888.947678008,3562430.506475779,1137298.1035529773,5162889.455145133,3562433.305900765,1.7847904204371698,2.1177144236622656
10350.0,1137291.0870306161,5162877.3582972335,3562438.178279539,-9.826690322764335,6,True,0.9863286577165127,0.9999233972010297,1137296.680064795,5162885.8239356885,3562432.574294461,1137291.0870306161,5162877.3582972335,3562438.178279539,16.35325496377287,5.0776054888700335
10380.0,1137296.787535841,5162883.239431827,3562433.2962050107,-3.040045807061304,6,True,0.18231869613130888,0.999980871922392,1137296.7095866783,5162885.11398241,3562432.772600515,1137296.787535841,5162883.239431827,3562433.2962050107,7.596739065512116,5.754624115924687
10410.0,1137294.652548233,5162888.772628243,3562437.213945322,-0.07651103873353651,6,True,1.6582537554204464,0.9999364392896032,1137296.1527776874,5162886.104322138,3562433.9748049392,1137294.652548233,5162888.772628243,3562437.213945322,6.786608808165547,5.4080513079603225
10440.0,1137296.2806153975,5162892.842375724,3562433.7998135514,4.722279275711101,6,True,0.08852541819214821,0.9999622408204886,1137296.187690795,5162887.944517725,3562433.9270139304,1137296.2806153975,5162892.842375724,3562433.7998135514,3.7538794281752987,4.010693507523205
10470.0,1137300.346951963,5162895.576010653,3562429.8057138897,6.471711285740138,6,True,0.8134075788160166,0.9999605902351592,1137297.3223073157,5162890.026334087,3562432.802752932,1137300.346951963,5162895.576010653,3562429.8057138897,5.787820315597385,1.5751778146216155
10500.0,1137304.2332461507,5162901.801891262,3562429.746927116,12.84581188815515,6,True,1.105405127008756,0.9999380138502466,1137299.1949024212,5162893.217051189,3562431.9747432214,1137304.2332461507,5162901.801891262,3562429.746927116,12.837478891230607,2.791462949390464
10530.0,1137297.247598344,5162886.17284219,3562432.0946798716,-2.213764040923376,6,True,0.7228085435926914,0.9999798680853914,1137298.6602700541,5162891.28306349,3562432.0076718307,1137297.247598344,5162886.17284219,3562432.0946798716,4.522963371058542,0.7925859903717897
10560.0,1137304.2098747678,5162904.340748348,3562432.5682019703,15.465498058356507,6,True,0.23545852800210318,0.9999529283247395,1137300.1694784872,5162894.834085432,3562432.160107339,1137304.2098747678,5162904.340748348,3562432.5682019703,14.96652299244683,4.631916120992729
10590.0,1137302.3702514027,5162889.8230281,3562426.9431491056,2.7668082580806206,6,True,0.8554314163823923,0.9999539815120294,1137300.7685157254,5162893.470105566,3562430.7400824786,1137302.3702514027,5162889.8230281,3562426.9431491056,6.322248730468921,3.8947222932536727
10620.0,1137296.9772666022,5162897.711022977,3562434.065386191,8.558955080764628,6,True,0.2650691829621792,0.9999178500864474,1137299.7469265482,5162894.612862264,3562431.636118105,1137296.9772666022,5162897.711022977,3562434.065386191,7.679238513767717,4.292445403206196
10650.0,1137295.8569500837,5162891.467555024,3562432.9256061665,2.6350838496259037,6,True,1.2166457834343116,0.9999653381682678,1137298.6820577274,5162893.751844301,3562431.989111406,1137295.8569500837,5162891.467555024,3562432.9256061665,3.0233965345743044,3.2523557872765263
10680.0,1137296.6191379456,5162885.893532628,3562425.1268878286,-3.5712873416542803,6,True,0.4087396189570427,0.9999718611805354,1137298.1171472971,5162891.599922415,3562430.109958514,1137296.6191379456,5162885.893532628,3562425.1268878286,8.439787478522925,2.1672404746411593
10710.0,1137301.4606900085,5162893.0424426505,3562430.164993187,4.368869752340262,6,True,0.18528841932614645,0.9999780972832742,1137299.0333028426,5162891.995183677,3562430.1250384236,1137301.4606900085,5162893.0424426505,3562430.164993187,4.2511104268929625,2.3923577016008584
10740.0,1137293.1038922474,5162879.441071407,3562436.908653892,-6.93044015848807,6,True,0.30860769003629684,0.9999705635384187,1137297.4137087243,5162888.566079541,3562431.97795509,1137293.1038922474,5162879.441071407,3562436.908653892,13.294621222779604,2.2429515880427484
10770.0,1137302.47491721,5162898.803753397,3562429.9042525236,10.179423100450204,6,True,1.2990387367705505,0.9999571934055009,1137298.7907335155,5162891.35148756,3562431.413753901,1137302.47491721,5162898.803753397,3562429.9042525236,9.40530880058959,1.0233493514000938
10800.0,1137294.607050021,5162882.896970082,3562433.569931897,-3.8455935117215274,6,True,0.5956387668848038,0.9999677969838836,1137297.648169989,5162889.042559718,3562432.002605887,1137294.607050021,5162882.896970082,3562433.569931897,8.720030055783905,1.714685148743699
10830.0,1137297.0176096049,5162886.398778729,3562429.0068631815,-1.923328634584082,6,True,0.6947806725899378,0.999972160557396,1137297.4757866783,5162888.319799881,3562431.183626359,1137297.0176096049,5162886.398778729,3562429.0068631815,5.264671047412764,2.5423337674700774
10860.0,1137299.0189414248,5162896.082722662,3562435.938562886,8.06405069443276,6,True,0.9165830922623476,0.9999558231617643,1137297.8955250497,5162890.431316287,3562432.476969958,1137299.0189414248,5162896.082722662,3562435.938562886,6.886941345190536,0.851322008198894
10890.0,1137293.5758173377,5162879.268039096,3562436.328006091,-7.3423365121959,6,True,0.06069620077808698,0.9999738543344984,1137296.713589334,5162887.376879067,3562433.53067022,1137293.5758173377,5162879.268039096,3562436.328006091,13.047931881119055,3.9604056552124214
10920.0,1137296.9252641506,5162898.573151523,3562434.453936183,10.404069393767607,6,True,0.5024652605255445,0.9999116110693764,1137296.770445407,5162890.384209341,3562433.7786604054,1137296.9252641506,5162898.573151523,3562434.453936183,8.60922144537267,2.564584852732533
10950.0,1137301.9465630385,5162895.22038396,3562433.6069384525,8.088225796508036,6,True,1.194816676278909,0.999944084364171,1137298.1782204516,5162891.699528355,3562433.7319563124,1137301.9465630385,5162895.22038396,3562433.6069384525,6.053608014516271,2.1939163189234203
10980.0,1137299.70021169,5162888.341994223,3562429.921310605,-0.08558485855254701,6,True,1.0614156598846118,0.9999667626101506,1137298.594808934,5162890.780528289,3562432.6889338084,1137299.70021169,5162888.341994223,3562429.921310605,3.168774345410735,0.8099365772888824
11010.0,1137297.51327543,5162893.179113767,3562439.6012004646,5.903535651441345,6,True,1.3243003996709983,0.9999227631651277,1137298.3028889669,5162891.427937724,3562434.5546445306,1137297.51327543,5162893.179113767,3562439.6012004646,8.18991038701143,2.793493472208005
11040.0,1137300.79276711,5162900.656880413,3562431.946851784,11.320168733414796,6,True,0.48028917610645294,0.9999634198084834,1137298.984022009,5162893.952614615,3562433.841254676,1137300.79276711,5162900.656880413,3562431.946851784,10.400013445789916,3.9683382411705455
11070.0,1137295.325660843,5162889.411465543,3562428.680670901,0.008109086562598506,6,True,1.1535164987047513,0.9999369316175494,1137297.9921654672,5162892.721416215,3562432.442114858,1137295.325660843,5162889.411465543,3562428.680670901,4.701480097812525,2.3426958854343014
11100.0,1137299.8118126476,5162893.109647263,3562436.1838029455,5.270052652601277,6,True,0.6952517578999201,0.9999629771052893,1137298.489597306,5162892.827545847,3562433.4649696206,1137299.8118126476,5162893.109647263,3562436.1838029455,5.147785794062219,2.786296620191047
11130.0,1137300.0857629846,5162887.821906272,3562430.2155862395,0.044066681906904465,6,True,0.5052125503619512,0.9999667999157585,1137298.925951529,5162891.459121506,3562432.5766644906,1137300.0857629846,5162887.821906272,3562430.2155862395,3.5361506694863656,1.2160603095646985
11160.0,1137301.800871727,5162887.468697568,3562427.4783911966,0.5155551189274307,6,True,0.5975994144876798,0.9999162563823163,1137299.6999746717,5162890.384768041,3562431.204041515,1137301.800871727,5162887.468697568,3562427.4783911966,6.295271415805832,1.370231067326879
11190.0,1137301.0041986194,5162896.664107339,3562432.6430144613,7.776545103597357,6,True,0.6790130908290545,0.9999774685224068,1137300.0582066579,5162892.109517991,3562431.599285091,1137301.0041986194,5162896.664107339,3562432.6430144613,6.672496444761231,2.232449898278203
11220.0,1137299.1257284845,5162901.220801434,3562432.666275748,11.164199593500522,6,True,0.3103943206369877,0.9999389399004158,1137299.805449724,5162894.57921662,3562431.888502892,1137299.1257284845,5162901.220801434,3562432.666275748,10.758857579504218,4.267246577629589
11250.0,1137301.1147077975,5162893.658977959,3562435.650879128,6.5255779108351355,6,True,0.5809296754499277,0.9999734931009432,1137300.164248104,5162894.327027882,3562432.919571194,1137301.1147077975,5162893.658977959,3562435.650879128,5.51516517941374,4.269566996860047
11280.0,1137297.3782469172,5162895.427351149,3562432.3757716455,7.210843175003971,6,True,0.6852811599771181,0.9999495469824625,1137299.4070558539,5162894.626078814,3562432.7717748447,1137297.3782469172,5162895.427351149,3562432.3757716455,5.080037127217259,4.295849522202226
11310.0,1137297.2380129553,5162889.724112394,3562436.43741994,3.0847178148290215,6,True,0.7482899650931358,0.9999712007475281,1137298.8134991627,5162893.284659993,3562433.7748754174,1137297.2380129553,5162889.724112394,3562436.43741994,4.757159089462396,3.3488836228594776
11340.0,1137297.4634578289,5162888.874624308,3562429.0792542743,1.0837932673586723,6,True,0.06522337719798088,0.9999830520960624,1137298.4431353835,5162892.074832234,3562432.486701531,1137297.4634578289,5162888.874624308,3562429.0792542743,3.4559902372421387,1.6706429371472444
11370.0,1137299.3840632457,5162893.937852156,3562438.117221214,5.898727620628707,6,True,1.9979558996856213,0.9999437963603457,1137298.698073436,5162892.579604905,3562434.0122528304,1137299.3840632457,5162893.937852156,3562438.117221214,7.1266598765882305,2.944998172916931
11400.0,1137296.024122613,5162890.29762844,3562435.347062799,2.882052370176914,6,True,0.9116126224398613,0.999957437613742,1137297.969558723,5162891.957883138,3562434.3759202147,1137296.024122613,5162890.29762844,3562435.347062799,4.2507153907864526,2.9034732807002563
11430.0,1137303.0385893774,5162899.084422563,3562436.199224891,10.756103314958262,6,True,1.006210196763277,0.9999401444656963,1137299.3438950519,5162893.890059662,3562434.870262038,1137303.0385893774,5162899.084422563,3562436.199224891,10.586471941186021,4.556225773646522
11460.0,1137304.1402187054,5162898.492925126,3562429.238993772,11.547310174352868,6,True,0.8126858609418074,0.999957249613188,1137300.6520332175,5162895.14543449,3562433.3344030194,1137304.1402187054,5162898.492925126,3562429.238993772,10.119298412118667,5.288706508668135
11490.0,1137301.7642147026,5162896.097630772,3562429.521183614,8.247572112766953,6,True,0.4436989985406399,0.9999760404518641,1137300.9568790384,5162895.406428817,3562432.289210292,1137301.7642147026,5162896.097630772,3562429.521183614,6.890059767973355,5.4768937271236355
11520.0,1137300.5205901023,5162879.037618316,3562432.8264102866,-5.866134895282683,6,True,1.091616443047921,0.9998166775959245,1137300.8427628297,5162891.124984936,3562432.429720907,1137300.5205901023,5162879.037618316,3562432.8264102866,11.669033146561315,2.4336005445658686
11550.0,1137292.476484023,5162882.882436627,3562433.78882178,-5.722615369136174,6,True,0.9318151064217091,0.9999634979182279,1137298.5422155627,5162888.858460902,3562432.803444503,1137292.476484023,5162882.882436627,3562433.78882178,9.916662506539048,1.8621914045842378
11580.0,1137295.0446364477,5162891.7263989905,3562429.673451124,2.1316966985570485,6,True,0.39292239397764206,0.999965289975873,1137297.583602737,5162889.644502373,3562431.945579191,1137295.0446364477,5162891.7263989905,3562429.673451124,4.339509260239813,1.2880486107744464
11610.0,1137296.9080144013,5162885.848348902,3562431.2386462223,-1.28958386558035,6,True,0.8034720731278261,0.999976478594345,1137297.398233199,5162888.602904735,3562431.751609238,1137296.9080144013,5162885.848348902,3562431.2386462223,4.98184017548288,2.2257948418880122
11640.0,1137300.8651021947,5162896.265486995,3562431.3568725726,7.201149957133118,6,True,1.0198287206391494,0.999970547840147,1137298.3461957036,5162890.698121104,3562431.643674511,1137300.8651021947,5162896.265486995,3562431.3568725726,6.238871715618093,0.39867907532474145
11670.0,1137300.2887616858,5162892.062818456,3562430.6025053575,3.756501895504856,6,True,1.4305834124485652,0.9999679544939761,1137298.8766531749,5162891.070779698,3562431.3593619256,1137300.2887616858,5162892.062818456,3562430.6025053575,2.6906953687834676,0.8709706486536004
11700.0,1137292.386689705,5162871.228148662,3562430.2564653563,-15.699816766901273,6,True,1.1154685628910859,0.9999285737621443,1137297.1246369523,5162885.714106793,3562431.061626401,1137292.386689705,5162871.228148662,3562430.2564653563,20.303397067008785,5.069587858548379
11730.0,1137301.5376092459,5162900.428184201,3562431.003554391,13.025020523365361,6,True,1.050458736717701,0.9999583098362747,1137298.328736689,5162889.72891032,3562431.045781187,1137301.5376092459,5162900.428184201,3562431.003554391,10.408216061835292,1.1944902976050573
11760.0,1137303.031873932,5162894.054496084,3562437.02680572,7.4489353952053055,6,True,0.9338101993004481,0.9999255180304545,1137299.5993101846,5162890.897486601,3562432.6615816313,1137303.031873932,5162894.054496084,3562437.02680572,7.663984680467439,1.343673226494015
11790.0,1137306.9961114519,5162907.693515486,3562428.065537642,16.88889421330012,6,True,0.9269991479814053,0.9999407775651044,1137301.6094918624,5162895.462036641,3562431.412543962,1137306.9961114519,5162907.693515486,3562428.065537642,19.541997021709943,5.853093588409959
11820.0,1137301.773313485,5162902.934841788,3562435.671063583,14.21844242112465,6,True,0.3618509831527869,0.9999596085250657,1137301.654252342,5162897.503808271,3562432.576086216,1137301.773313485,5162902.934841788,3562435.671063583,13.37830095465571,7.687962883271409
11850.0,1137300.814833417,5162900.445099626,3562430.7488550004,11.30860151719417,6,True,0.5427980820337931,0.9999695523742401,1137301.4244941196,5162898.308872171,3562432.0759528694,1137300.814833417,5162900.445099626,3562430.7488550004,10.266367542630503,8.32179205515294
11880.0,1137297.0376576514,5162892.8287749775,3562431.242137353,3.1996821288042137,6,True,0.25441165020068485,0.9999742518392016,1137300.2235169855,5162896.808594814,3562431.847680542,1137297.0376576514,5162892.8287749775,3562431.242137353,2.85489528950704,6.526046007136438
11910.0,1137298.134015244,5162889.40554102,3562434.643055208,2.3992087447312964,6,True,1.1319224151472251,0.9999677336714373,1137299.6530463314,5162894.787431177,3562432.6108668954,1137298.134015244,5162889.40554102,3562434.643055208,2.955371453509904,4.477842133626435
11940.0,1137307.7332030071,5162900.2379297465,3562431.250121317,12.152902043697589,6,True,0.2952252912024657,0.9998737955562216,1137301.8003445724,5162896.235898881,3562432.24924933,1137307.7332030071,5162900.2379297465,3562431.250121317,13.404390039630819,6.601063659468439
11970.0,1137298.8007771492,5162890.755091184,3562431.7516102544,2.2028738455300503,6,True,0.5042117511232694,0.9999833314765851,1137300.9735216068,5162894.725128482,3562432.112076412,1137298.8007771492,5162890.755091184,3562431.7516102544,0.4017111004296236,4.874804182974336
12000.0,1137296.4378680333,5162889.762457479,3562435.217187622,1.9577356535129629,6,True,1.5167061140139897,0.9999539723561675,1137299.7379763434,5162893.373260543,3562432.9579314548,1137296.4378680333,5162889.762457479,3562435.217187622,3.973692511644293,3.274433561836025
12030.0,1137302.8464863384,5162894.33714821,3562432.1135952747,6.065908763047102,6,True,1.4812063301603,0.9999419097762263,1137300.5817382096,5162893.634894463,3562432.728748125,1137302.8464863384,5162894.33714821,3562432.1135952747,5.766142282194371,3.8210982004395504
12060.0,1137301.7049895984,5162892.449340677,3562426.6915824106,5.011642254240745,6,True,1.6127751283347607,0.9999401105274197,1137300.886662752,5162893.313056939,3562431.0898630004,1137301.7049895984,5162892.449340677,3562426.6915824106,6.420308335671839,3.7538403913276657
12090.0,1137297.5718058194,5162888.221346377,3562435.9538334417,-0.3898436267963458,6,True,1.6672617383301258,0.9999620178441468,1137299.9807277583,5162891.921516106,3562432.4191635163,1137297.5718058194,5162888.221346377,3562435.9538334417,4.726908535851944,2.0776773471043866
12120.0,1137298.916899795,5162893.510000954,3562426.869734928,4.555469370522694,6,True,1.3127283367017906,0.9999279081786367,1137299.693110289,5162892.350980275,3562430.918815094,1137298.916899795,5162893.510000954,3562426.869734928,5.897904437321556,2.39962544275896
12150.0,1137298.138299023,5162894.579680651,3562427.573346,5.708093936797888,6,True,0.3192172857622306,0.9999716521278134,1137299.2668493553,5162892.961991994,3562430.001634462,1137298.138299023,5162894.579680651,3562427.573346,5.980152087627691,3.2073856242724683
12180.0,1137299.1236811355,5162887.609106052,3562428.3281158605,-0.49357764007413857,6,True,0.8408248995741209,0.9999576048197029,1137299.2278250763,5162891.5029215785,3562429.545472775,1137299.1236811355,5162887.609106052,3562428.3281158605,4.656460028870097,2.674450413175227
12210.0,1137299.9751060137,5162877.394024364,3562429.7020463953,-7.46891324783538,6,True,0.8785352744162083,0.9997202329407472,1137299.4182128252,5162887.908341489,3562429.5853636614,1137299.9751060137,5162877.394024364,3562429.7020463953,13.373708287435644,3.6045814980915623
12240.0,1137293.786458052,5162885.596275716,3562432.3845519936,-1.647243076621114,6,True,0.12152010450760524,0.9999603911710655,1137297.8624263606,5162887.269627486,3562430.3586465004,1137293.786458052,5162885.596275716,3562432.3845519936,6.849391829738363,3.65883676917631
12270.0,1137304.213370754,5162900.338116106,3562425.893568516,11.171305934917724,6,True,1.5258489834765594,0.9999601289704112,1137299.6059027668,5162890.85722016,3562429.1328826398,1137304.213370754,5162900.338116106,3562425.893568516,12.857309128210318,3.0126728460151444
12300.0,1137297.5486006723,5162884.734291089,3562435.4942324734,-2.3544204660586394,6,True,0.7315789187947909,0.9999581639456795,1137299.043289136,5162889.182773142,3562430.872530957,1137297.5486006723,5162884.734291089,3562435.4942324734,6.853720025628602,1.7635791868135482
12330.0,1137306.7983790278,5162896.6790533755,3562428.956697859,8.867769854232208,6,True,1.405273698270321,0.9998789785835771,1137301.1132526007,5162891.183655972,3562430.3611629945,1137306.7983790278,5162896.6790533755,3562428.956697859,10.729503707571075,3.0864628729341845
12360.0,1137298.2728669532,5162895.363629892,3562434.3210310047,7.385731249352057,6,True,0.9998486960927645,0.9999536354304833,1137300.3359762297,5162892.327512955,3562431.444787621,1137298.2728669532,5162895.363629892,3562434.3210310047,5.42379434978552,2.603129119828915
12390.0,1137299.965126455,5162894.27319353,3562429.113127213,5.602462863461636,6,True,1.3128254177669685,0.9999633635019594,1137300.2344409975,5162892.86022227,3562430.8064006045,1137299.965126455,5162894.27319353,3562429.113127213,4.916128421672916,3.1107954470651475
12420.0,1137297.2151011203,5162884.993055332,3562435.9079088178,-0.9146113892166559,6,True,0.25633720805247623,0.9999801587071617,1137299.4052376843,5162890.699656996,3562432.207431189,1137297.2151011203,5162884.993055332,3562435.9079088178,6.924605416476237,0.9262732819339546
12450.0,1137298.6403693762,5162892.041841525,3562431.075941663,3.515987434206452,6,True,0.6049446885784467,0.9999817369192391,1137299.1954832643,5162891.0677323025,3562431.897136035,1137298.6403693762,5162892.041841525,3562431.075941663,1.762512844103392,0.863016590822007
12480.0,1137295.0526114232,5162879.492562292,3562425.3841891033,-9.639754213772633,6,True,0.5808432015279928,0.9999426896723556,1137298.0732612628,5162887.9322478,3562430.1329075913,1137295.0526114232,5162879.492562292,3562425.3841891033,13.276351601563857,3.1715351620420873
12510.0,1137299.2062324747,5162886.333939212,3562432.6739530317,-1.811730483280078,6,True,0.5614698020120462,0.9999662115986608,1137298.38275005,5162887.495644839,3562430.827033852,1137299.2062324747,5162886.333939212,3562432.6739530317,4.2864421443165135,3.20716950761434
12540.0,1137296.221073613,5162886.09773323,3562431.984195246,-1.6720041121981697,6,True,0.9671582331260046,0.999967868231985,1137297.7922467142,5162887.113778499,3562431.1431346578,1137296.221073613,5162886.09773323,3562431.984195246,4.9803456818013485,3.559514615132133
12570.0,1137292.662012947,5162878.952089178,3562431.489801764,-9.34070612785156,6,True,0.9076824001967907,0.9999594874148957,1137296.394670619,5162884.890374575,3562431.237573563,1137292.662012947,5162878.952089178,3562431.489801764,12.96962204157067,6.049697815593708
12600.0,1137299.1345066673,5162892.507757797,3562431.5042655966,3.90413461961318,6,True,0.9914654058714708,0.9999675558958053,1137297.1430111735,5162886.970935851,3562431.3104160475,1137299.1345066673,5162892.507757797,3562431.5042655966,2.132889438721023,3.849790606251462
12630.0,1137293.7288233375,5162882.663915061,3562433.379607511,-6.326095212224955,6,True,1.5873971643547218,0.9999442308711503,1137296.2169878571,5162885.802751244,3562431.8716386966,1137293.7288233375,5162882.663915061,3562433.379607511,9.313229518002393,5.2449214288477375
12660.0,1137296.3817884475,5162889.005101491,3562436.8641750207,1.32953387616923,6,True,0.6086885916690031,0.9999652891891027,1137296.2620098866,5162886.677604342,3562433.2355544255,1137296.3817884475,5162889.005101491,3562436.8641750207,5.591610832515753,4.641638867765279
12690.0,1137299.467573201,5162887.663904629,3562428.168735493,-0.0890698743315381,6,True,1.3663987554609776,0.9999428137892681,1137297.131605173,5162886.945164829,3562431.86104348,1137299.467573201,5162887.663904629,3562428.168735493,4.801985944086857,3.828423121722665
12720.0,1137300.5446284176,5162893.940055348,3562428.7231872017,5.669021382377655,6,True,0.695620725552241,0.9999688133106355,1137298.065321077,5162888.858788047,3562431.0026062233,1137300.5446284176,5162893.940055348,3562428.7231872017,5.108737835968844,1.9472616366502107
12750.0,1137297.3636331677,5162887.80131504,3562432.226136536,0.37655620155902103,6,True,1.8708241805434227,0.9999564797852726,1137297.8742205075,5162888.570791502,3562431.3358274978,1137297.3636331677,5162887.80131504,3562432.226136536,2.9630105093650516,2.1293948169068617
12780.0,1137299.7486254626,5162890.630565034,3562429.9324757373,2.0308534456821716,6,True,0.7512884798149267,0.9999729016761758,1137298.38721705,5162889.134520645,3562430.9517511544,1137299.7486254626,5162890.630565034,3562429.9324757373,2.3360601719645095,1.6892757675362915
12810.0,1137295.626396051,5162885.209597277,3562431.0663123108,-2.628659695991277,6,True,0.4056190786262353,0.9999780024798405,1137297.6311430999,5162888.059647514,3562430.9831246864,1137295.626396051,5162885.209597277,3562431.0663123108,6.1054245927109125,2.7746655172926222
12840.0,1137294.2159798355,5162879.442998395,3562435.1249104,-5.580651565595332,6,True,0.27727293719847995,0.9999631388294459,1137296.7005437887,5162885.711693078,3562432.111721662,1137294.2159798355,5162879.442998395,3562435.1249104,12.298841221243261,5.136810232429463
12870.0,1137298.9597726204,5162890.940966182,3562433.016944682,3.0825953264752304,6,True,0.8144125776986281,0.9999736327059612,1137297.3183076777,5162887.141586343,3562432.3592459876,1137298.9597726204,5162890.940966182,3562433.016944682,1.2437477865554873,3.6034772636778984
12900.0,1137294.799372038,5162887.284925141,3562431.522531042,-0.47148128583749455,6,True,0.6726018811265627,0.9999584310823685,1137296.6327763486,5162887.180596167,3562432.13153302,1137294.799372038,5162887.284925141,3562431.522531042,4.953977243990659,3.838053298659218
12930.0,1137295.6169497492,5162879.144533807,3562438.2138747126,-5.711225796982432,6,True,1.1790173711876075,0.9998899319010086,1137296.3615034195,5162885.03459391,3562433.755801028,1137295.6169497492,5162879.144533807,3562438.2138747126,13.30677859601537,6.164392536701036
12960.0,1137298.1898633009,5162887.523048397,3562431.7626043796,0.40866871623706075,6,True,0.33176758388678235,0.9999807959539456,1137296.8647450926,5162885.71952143,3562433.2071893318,1137298.1898633009,5162887.523048397,3562431.7626043796,3.0055142738825653,5.228024972635887
12990.0,1137297.6214923952,5162883.863610359,3562431.6482372084,-3.6378110653772047,6,True,0.6077952335278193,0.9999680103354298,1137297.071670237,5162885.21204071,3562432.7809091294,1137297.6214923952,5162883.863610359,3562431.6482372084,6.709017869388471,5.557463082466197
13020.0,1137305.5535405702,5162901.401248549,3562434.3715344826,14.366118906281866,6,True,0.5154566491643587,0.9999186980956606,1137299.3565664291,5162889.573184879,3562433.2094011563,1137305.5535405702,5162901.401248549,3562434.3715344826,13.186057546233778,1.7783986599224118
13050.0,1137297.9860382592,5162891.420275511,3562434.128244188,2.586532637146594,6,True,0.8381678362687429,0.9999732873101465,1137298.9806517255,5162890.079813303,3562433.4614256048,1137297.9860382592,5162891.420275511,3562434.128244188,2.446592782376763,1.6480223918075485
13080.0,1137299.1375079828,5162888.271445803,3562429.382453659,-0.176363362577008,6,True,0.05133857578039169,0.9999769861372304,1137299.0236417544,5162889.584189013,3562432.3434904637,1137299.1375079828,5162888.271445803,3562429.382453659,3.438173120306294,1.1160897179892824
13110.0,1137296.0868688542,5162889.531037897,3562434.814229392,1.1322999513265852,6,True,0.6576737562815348,0.9999752950240232,1137298.220093774,5162889.569646019,3562433.0195241044,1137296.0868688542,5162889.531037897,3562434.814229392,3.9116517487789286,1.4708626534773515
13140.0,1137293.7647544122,5162885.2887520185,3562434.555308927,-1.9934243309592845,6,True,0.7777458180983862,0.9999625430340415,1137297.0061442282,5162888.403227727,3562433.4379805084,1137293.7647544122,5162885.2887520185,3562434.555308927,7.544551229396975,3.0079640986698206
13170.0,1137301.6951277521,5162896.023272481,3562431.1457050378,7.202466643157114,6,True,1.1128997864822547,0.9999721584460634,1137298.287867447,5162890.486150014,3562432.811392106,1137301.6951277521,5162896.023272481,3562431.1457050378,6.404665270729873,0.9181678470434728
13200.0,1137296.5878471301,5162882.279901891,3562429.5929293805,-5.034545971743271,6,True,0.5663972248633703,0.9999754877752588,1137297.8228699693,5162888.241538794,3562431.9310631864,1137296.5878471301,5162882.279901891,3562429.5929293805,8.769557915339945,2.3735478836742647
13230.0,1137295.5183149497,5162882.660084864,3562430.1610548976,-4.573181272113344,6,True,1.1169888600707054,0.9999661611089086,1137297.194429045,5162886.719503504,3562431.448390551,1137295.5183149497,5162882.660084864,3562430.1610548976,8.590247208963035,4.045611651353899
13260.0,1137295.9801656902,5162876.524049593,3562431.4889238724,-10.060883891628345,6,True,0.13843097910284996,0.999951422147176,1137296.8645906611,5162883.950044945,3562431.459400885,1137295.9801656902,5162876.524049593,3562431.4889238724,14.218878846630009,6.780974810219122
13290.0,1137294.539851377,5162892.8792959945,3562432.3315833737,4.393463041386676,6,True,0.5630746235450109,0.9999334929130005,1137296.2357027577,5162886.365583759,3562431.6953434786,1137294.539851377,5162892.8792959945,3562432.3315833737,4.673266989230038,4.743409895179285
13320.0,1137292.0460289777,5162878.932891306,3562429.385939712,-9.209475558515745,6,True,0.9192566424608231,0.9999439569767177,1137295.0971383096,5162884.345713042,3562431.067751651,1137292.0460289777,5162878.932891306,3562429.385939712,13.5114001086606,7.108720592514511
13350.0,1137296.6028899113,5162881.893516643,3562430.45877712,-4.999742027847073,6,True,0.5858532749116421,0.9999726480946025,1137295.5098134028,5162883.673649751,3562430.9008525284,1137296.6028899113,5162881.893516643,3562430.45877712,8.947256020699115,7.543405118948988
13380.0,1137301.211883093,5162888.956618245,3562430.890049578,1.947337732940074,6,True,0.6366174630820751,0.9999583023587518,1137297.0637794095,5162885.113399508,3562430.8979084366,1137301.211883093,5162888.956618245,3562430.890049578,3.254418512565318,5.683526517248179
13410.0,1137301.9423825324,5162897.607145537,3562430.088280383,7.816887565231488,6,True,0.4643339204291503,0.9999727704371494,1137298.3988948597,5162888.532532595,3562430.6763394964,1137301.9423825324,5162897.607145537,3562430.088280383,8.087714304759418,2.3398006287933746
13440.0,1137304.3642297597,5162898.164705597,3562433.2110002316,9.841811995194544,6,True,0.5511755645275116,0.9999297396227819,1137300.0100597106,5162891.134066095,3562431.3609207235,1137304.3642297597,5162898.164705597,3562433.2110002316,9.70679827416048,1.6946890893968982
13470.0,1137298.7858571755,5162895.08298355,3562435.327423885,7.802917563549861,6,True,0.41858654965957004,0.9999672216059395,1137299.6751702838,5162892.214320926,3562432.445986252,1137298.7858571755,5162895.08298355,3562435.327423885,5.707825026947885,2.1155044373149106
13500.0,1137300.5313892276,5162888.490736601,3562431.777650386,0.9371235033147948,6,True,0.9031830268601576,0.9999635837866445,1137299.9089027613,5162891.197848917,3562432.2635424985,1137300.5313892276,5162888.490736601,3562431.777650386,2.832493545016218,1.5677881984231128
13530.0,1137301.5384778506,5162886.986317517,3562432.724601645,1.1606373859617305,6,True,1.3925112125774224,0.9999053261990275,1137300.3462288138,5162890.067608026,3562432.387276089,1137301.5384778506,5162886.986317517,3562432.724601645,4.686913720480578,1.9099390718264748
13560.0,1137297.778343593,5162890.819338625,3562434.425846862,2.8709446847582583,6,True,0.2875585767130057,0.999978699377985,1137299.640262529,5162890.274274763,3562432.9477225696,1137297.778343593,5162890.819338625,3562434.425846862,2.6299004711205742,1.5135857652330122
13590.0,1137299.4973877177,5162892.506811577,3562433.898455273,4.059120298429645,6,True,0.8078356012701988,0.9999715484587496,1137299.6011619947,5162890.8852528725,3562433.2079094863,1137299.4973877177,5162892.506811577,3562433.898455273,2.966581666786116,1.7023441736244571
13620.0,1137297.552559334,5162884.172180195,3562434.390537882,-2.7678760699565856,6,True,0.9989879975716273,0.9999677129103945,1137299.0416507928,5162889.051788807,3562433.5309071313,1137297.552559334,5162884.172180195,3562434.390537882,6.864169009260299,2.2175545457886394
13650.0,1137306.5601056982,5162911.600171203,3562431.342872958,21.30334430179857,6,True,1.0874998420476913,0.9998848455027057,1137301.0463877344,5162895.06413785,3562432.9474850064,1137306.5601056982,5162911.600171203,3562431.342872958,22.576502011412995,5.301253064885611
13680.0,1137299.0012641943,5162892.908786059,3562430.2293615406,4.561837992147345,6,True,0.08039453004797299,0.9999851857124746,1137300.482634632,5162894.469999533,3562432.1982146045,1137299.0012641943,5162892.908786059,3562430.2293615406,2.9813771863459744,4.423653789234943
13710.0,1137296.1473583113,5162887.404669199,3562430.2487815674,-0.7042906765238842,6,True,0.28701260313391685,0.9999790505866648,1137299.293574391,5162892.532152262,3562431.663532811,1137296.1473583113,5162887.404669199,3562430.2487815674,4.2623661169779234,2.17961140034536
13740.0,1137302.953030346,5162896.036972248,3562427.8050782727,6.942918486338456,6,True,1.4701505862176418,0.9999471825745514,1137300.286763505,5162893.483372634,3562430.616334787,1137302.953030346,5162896.036972248,3562427.8050782727,8.19023963925648,3.694051324820733
13770.0,1137298.996432502,5162889.040168563,3562424.147957061,-0.7329366268740937,6,True,0.9570437396566073,0.9999575446599468,1137299.9351358302,5162892.272556562,3562428.8536393126,1137298.996432502,5162889.040168563,3562424.147957061,7.9310229169623065,3.8118135471165036
13800.0,1137301.176707467,5162894.384086137,3562429.5955317104,5.796435488566223,6,True,0.7472525425255299,0.9999763994458484,1137300.2753110218,5162892.851089412,3562429.0569086056,1137301.176707467,5162894.384086137,3562429.5955317104,5.238721321867773,4.094541130333683
13830.0,1137300.5170161843,5162889.993761024,3562428.845469133,2.159155110061808,6,True,0.5974052076538404,0.9999606193758592,1137300.3411642339,5162892.072602721,3562428.999301361,1137300.5170161843,5162889.993761024,3562428.845469133,3.696751952267128,3.7791617945244713
13860.0,1137295.263132887,5162886.417259115,3562434.9373569586,-1.2729453832495907,6,True,1.3407482579350471,0.9999550652146737,1137298.959390689,5162890.533737824,3562430.6150944848,1137295.263132887,5162886.417259115,3562434.9373569586,6.041610079713296,1.3791494339030417
13890.0,1137301.56729988,5162886.501189083,3562431.9837776627,-1.1687434610649012,6,True,0.2577419305841128,0.9999451742073806,1137299.667359931,5162889.439021611,3562430.9866509773,1137301.56729988,5162886.501189083,3562431.9837776627,5.015891511314827,1.8121761461767207
13920.0,1137294.2057859295,5162880.811386059,3562433.3759961887,-7.318567585721979,6,True,0.644709587097168,0.999969948734676,1137298.1728970518,5162887.0782221295,3562431.6404529256,1137294.2057859295,5162880.811386059,3562433.3759961887,10.716167574601814,3.4568969371653
13950.0,1137301.2376189406,5162895.157016978,3562431.185551484,6.091657528906773,6,True,0.6799301405747732,0.9999773678687297,1137299.0124761167,5162889.291404033,3562431.5158328977,1137301.2376189406,5162895.157016978,3562431.185551484,5.428719220118848,1.3634349744401888
13980.0,1137297.08495796,5162890.607636328,3562428.146946879,1.7445815399590032,6,True,1.3795475848019123,0.9999595754843172,1137298.4876212857,5162889.649808376,3562430.5984998518,1137297.08495796,5162890.607636328,3562428.146946879,4.055689053413387,1.5821759808722127
14010.0,1137307.182265222,5162904.000575329,3562433.9583719103,16.88202553541543,6,True,0.5436850065986315,0.999882186839194,1137300.8044669551,5162893.473830672,3562431.4937987374,1137307.182265222,5162904.000575329,3562433.9583719103,16.153167271014304,3.7585872032442724
14040.0,1137299.485121416,5162889.495018022,3562432.5657536136,1.9014082376781563,6,True,0.7334997716049353,0.999978068837237,1137300.4414496562,5162892.37906226,3562431.788746613,1137299.485121416,5162889.495018022,3562432.5657536136,1.518777240532328,2.6722516421471854
14070.0,1137294.4646793772,5162879.021695975,3562435.567032508,-7.685478680663591,6,True,0.8542503739396731,0.9999367471548327,1137298.8211155762,5162888.7578095095,3562432.8130599316,1137294.4646793772,5162879.021695975,3562435.567032508,12.715666755848385,1.9755421449191715
14100.0,1137294.5942889764,5162888.214840145,3562435.4843154373,-0.22492220081014755,6,True,1.5157350363830726,0.999947937277194,1137297.670604646,5162888.610017265,3562433.5401559183,1137294.5942889764,5162888.214840145,3562435.4843154373,5.785200259409439,2.6342024540240323
14130.0,1137304.103664995,5162901.883728169,3562430.8538825777,12.52620927636031,6,True,1.101332001388073,0.999950473392649,1137299.4225380803,5162892.224884322,3562432.8085955377,1137304.103664995,5162901.883728169,3562430.8538825777,12.711882025039664,2.1235909329767124
14160.0,1137296.6551683312,5162889.170102169,3562435.640816403,1.7292632757578352,6,True,1.9159970593949158,0.9999518921377744,1137298.6687791343,5162891.392841774,3562433.580018227,1137296.6551683312,5162889.170102169,3562435.640816403,4.372091899701138,1.8790607902783003
14190.0,1137296.3362944305,5162884.530455785,3562433.5494663953,-3.4775777611240697,6,True,0.4428233889242013,0.9999815151344915,1137298.0281811028,5162889.508143046,3562433.571627414,1137296.3362944305,5162884.530455785,3562433.5494663953,6.570175651072438,1.987768282047279
14220.0,1137300.0143219163,5162894.409193961,3562433.1842001067,5.893148870809125,6,True,0.649040162563324,0.9999728321087227,1137298.5713162161,5162890.848396882,3562433.4656805582,1137300.0143219163,5162894.409193961,3562433.1842001067,4.358305491569933,1.574529753191798
14250.0,1137298.7350299216,5162887.293379421,3562437.183078005,0.38645565261134873,6,True,0.27547600492835045,0.9999727346429873,1137298.6160641161,5162889.876703247,3562434.4817575472,1137298.7350299216,5162887.293379421,3562437.183078005,6.159179125653116,2.628718525679068
14280.0,1137301.48293243,5162899.680588346,3562429.424337911,10.595650012348734,6,True,0.6407796119650205,0.9999751484188295,1137299.4000256667,5162892.557631746,3562433.0987771987,1137301.48293243,5162899.680588346,3562429.424337911,9.957139924328086,2.5142538815072784
14310.0,1137297.5258264933,5162886.601578096,3562433.0676134033,-0.9793411587640093,6,True,0.5639375001192093,0.999980160857182,1137298.8869098022,5162890.926990958,3562433.0902452143,1137297.5258264933,5162886.601578096,3562433.0676134033,4.189479305264399,1.2823021750940633
14340.0,1137297.4250308324,5162889.935137463,3562433.5912903477,2.1695347089982477,6,True,0.8703449765841166,0.9999742984862466,1137298.4875231602,5162890.656015696,3562433.227131193,1137297.4250308324,5162889.935137463,3562433.5912903477,2.08197637071842,1.3075797669381797
14370.0,1137295.968503274,5162889.00882604,3562435.346745045,2.6049622138107034,6,True,0.49403603995839757,0.9999679347957792,1137297.8005073492,5162890.206775361,3562433.8052164386,1137295.968503274,5162889.00882604,3562435.346745045,4.532117766379436,2.0389870652115865
14400.0,1137301.572137938,5162902.003164028,3562430.7998930886,12.642727151244824,6,True,0.44430237511793774,0.9999729642815778,1137298.8310733156,5162893.43003819,3562432.984037405,1137301.572137938,5162902.003164028,3562430.7998930886,11.945803370072223,3.124385224643588
14430.0,1137301.369265445,5162900.085153316,3562433.7621056084,11.146346089742933,6,True,0.7336279824376106,0.9999673442971314,1137299.5234480845,5162895.245438114,3562433.1962809092,1137301.369265445,5162900.085153316,3562433.7621056084,10.156737690404018,5.0054871872549285
14460.0,1137304.2755545697,5162899.674916233,3562426.486793778,9.788844730372368,6,True,2.12989250694712,0.9999131578421356,1137300.8001147849,5162896.435429801,3562431.3937584227,1137304.2755545697,5162899.674916233,3562426.486793778,12.10802077562869,6.369662297897428
14490.0,1137301.799613663,5162895.485160209,3562428.4919817713,5.781263171950758,6,True,0.942403182387352,0.9999706400025234,1137301.0739729244,5162896.175060262,3562430.598684839,1137301.799613663,5162895.485160209,3562428.4919817713,6.87322664498741,6.351884844285627
14520.0,1137296.8010530917,5162892.32900935,3562427.1507446156,3.2364338499984533,6,True,0.5378149251143137,0.9999576370153445,1137299.909379372,5162895.126810758,3562429.658941265,1137296.8010530917,5162892.32900935,3562427.1507446156,5.404653301849963,5.32930231506886
14550.0,1137298.2118263103,5162895.052876594,3562430.3069015965,6.234801750512267,6,True,0.6241863382359346,0.9999695712498471,1137299.4451538294,5162895.106592169,3562429.836137338,1137298.2118263103,5162895.052876594,3562430.3069015965,4.842048380326016,5.13703262874925
14580.0,1137303.0096196884,5162897.330357233,3562431.8244236847,8.589634765799039,6,True,0.8720196398595969,0.9999593820549006,1137300.4163693949,5162895.7125049,3562430.3778888164,1137303.0096196884,5162897.330357233,3562431.8244236847,8.158947548975434,5.7492853120698495
14610.0,1137293.4598961615,5162880.772651051,3562429.881987017,-7.816619627364049,6,True,0.1562418850759665,0.999950175901761,1137298.5255528782,5162891.651751488,3562430.2430993505,1137293.4598961615,5162880.772651051,3562429.881987017,11.167717224019174,2.040791520167668
14640.0,1137297.168450507,5162901.647091412,3562428.602596746,9.582726380591236,6,True,0.4961626927057902,0.9999227506700229,1137298.1593403188,5162894.348982805,3562429.8004115545,1137297.168450507,5162901.647091412,3562428.602596746,11.711222942436612,4.412895694388052
14670.0,1137301.5367161701,5162900.89313874,3562433.275576508,12.203883456288837,6,True,1.0258373580873013,0.9999466768061409,1137299.0787183256,5162896.130411141,3562430.746409385,1137301.5367161701,5162900.89313874,3562433.275576508,10.89608767726527,5.775341785415472
14700.0,1137304.7106753374,5162908.544429172,3562430.1733686635,19.257738498375076,6,True,0.3978095017373562,0.9999583641080718,1137300.6164369998,5162899.519866584,3562430.5899494872,1137304.7106753374,5162908.544429172,3562430.1733686635,19.14706812529412,9.348558701456941
14730.0,1137294.9983627999,5162882.521047483,3562430.626019577,-5.4230208369496,6,True,0.6133280334373316,0.9999686357011579,1137299.0792863113,5162894.868851743,3562430.5998185566,1137294.9983627999,5162882.521047483,3562430.626019577,8.830657205226407,4.595263188144283
14760.0,1137301.6419242518,5162895.790137893,3562431.0945576984,6.18110859764336,6,True,0.35728128626942635,0.9999805277263514,1137299.7821182054,5162895.121524693,3562430.7355062566,1137301.6419242518,5162895.790137893,3562431.0945576984,6.184695944124498,4.928574702827785
14790.0,1137296.8280813273,5162888.001398786,3562434.536664567,0.5821503212533259,6,True,1.5112548905114334,0.9999529872276327,1137298.9793166379,5162893.186529134,3562431.768525131,1137296.8280813273,5162888.001398786,3562434.536664567,3.9996630732212446,2.723453770379606
14820.0,1137297.7878959386,5162887.885992391,3562434.2579381666,-0.3760941751862001,6,True,0.3455754617849986,0.9999815930231937,1137298.6525565174,5162891.732799124,3562432.451273806,1137297.7878959386,5162887.885992391,3562434.2579381666,3.5833380550296505,1.340259355428622
14850.0,1137299.7620431376,5162889.318413434,3562432.736263989,1.5756451934678584,6,True,0.23928862065076828,0.9999823455586481,1137298.9565634318,5162891.0712409485,3562432.529363063,1137299.7620431376,5162889.318413434,3562432.736263989,1.8809369037642796,0.9235192119749063
14880.0,1137295.1223466368,5162885.241777399,3562429.8560630754,-3.8548399640109716,6,True,1.3314128244916599,0.9999365253077968,1137297.9203769537,5162889.495844557,3562431.8069111393,1137295.1223466368,5162885.241777399,3562429.8560630754,6.609557910307148,1.1907853463184668
14910.0,1137294.7637061186,5162885.003745116,3562429.5996163813,-3.6139233982684065,6,True,0.7402181973059972,0.9999566764809706,1137297.0604027556,5162888.272058545,3562431.2055761763,1137294.7637061186,5162885.003745116,3562429.5996163813,7.06821401006621,2.7751900743228246
14940.0,1137296.701421971,5162893.040932545,3562430.891830948,4.235953550090249,6,True,1.3583970069885254,0.9999558713980269,1137296.962622188,5162889.571022798,3562431.1201170436,1137296.701421971,5162893.040932545,3562430.891830948,3.3034262283258458,2.0059788919405377
14970.0,1137301.0042821,5162894.103948014,3562426.1001002784,4.097585602840998,6,True,0.9626077252129713,0.9999633066555488,1137298.0659430365,5162890.808452716,3562429.7497174363,1137301.0042821,5162894.103948014,3562426.1001002784,7.280536329676182,2.2525906534710165
15000.0,1137296.9527024734,5162891.951154493,3562431.113496474,2.613457643985901,6,True,0.7670370961229006,0.9999692138632802,1137297.7616429152,5162891.120805949,3562430.1225013076,1137296.9527024734,5162891.951154493,3562431.113496474,2.3010601670178557,2.063866769823621
15030.0,1137302.4545081174,5162893.408281259,3562433.3637172235,5.265004538128032,6,True,0.3649493642151356,0.999968121429591,1137299.043325651,5162891.745545311,3562431.007719677,1137302.4545081174,5162893.408281259,3562433.3637172235,5.078507425850591,1.6259549411721612
15060.0,1137297.2388439367,5162886.586048533,3562432.301780408,-1.4645349636500864,6,True,0.7943827050427595,0.9999682588450522,1137298.5505884273,5162890.336677547,3562431.361079806,1137297.2388439367,5162886.586048533,3562432.301780408,4.145290635457235,0.5925314038299401
15090.0,1137296.0522217227,5162881.426544463,3562435.455754619,-5.335959550811781,6,True,0.93367775157094,0.9999614843358615,1137297.8697894756,5162887.908687592,3562432.4768688995,1137296.0522217227,5162881.426544463,3562435.455754619,10.05096281786051,2.7356626254407517
15120.0,1137299.4214723643,5162891.249962224,3562435.4541242793,2.864425491308444,6,True,0.3572624747951825,0.9999761925441821,1137298.2945469685,5162888.823327719,3562433.29186244,1137299.4214723643,5162891.249962224,3562435.4541242793,3.708044957870746,2.1768413435678315
15150.0,1137300.7548104113,5162895.136527614,3562429.4695898774,5.785940439869056,6,True,0.30034085487325984,0.9999801812475702,1137298.968340977,5162890.552328032,3562432.245054075,1137300.7548104113,5162895.136527614,3562429.4695898774,5.693075660290391,0.5311711781377624
15180.0,1137301.1303396334,5162894.946447635,3562434.088451953,6.3806548091157715,6,True,0.8533957389493784,0.9999670752767222,1137299.557876857,5162891.750520806,3562432.7477135872,1137301.1303396334,5162894.946447635,3562434.088451953,5.576287006396763,1.8038629567187654
15210.0,1137295.6262137098,5162884.120298784,3562431.680329068,-4.075166056697682,6,True,0.35213782886664075,0.9999800887328129,1137298.4812903372,5162889.661177476,3562432.455437331,1137295.6262137098,5162884.120298784,3562431.680329068,7.022297183617486,0.9944148724807367
15240.0,1137292.6270601652,5162884.012511095,3562434.6273193746,-3.6083135156152846,6,True,1.016463549186786,0.9999556546286329,1137296.8902954536,5162888.1260483395,3562433.045686282,1137292.6270601652,5162884.012511095,3562434.6273193746,9.187488576422576,3.1030507276689616
15270.0,1137294.8395724066,5162881.2280094465,3562433.9828652563,-4.8313110199345015,6,True,0.747762901087602,0.9999573472179945,1137296.3320752168,5162886.248357,3562433.3007925334,1137294.8395724066,5162881.2280094465,3562433.9828652563,10.196127188867274,4.987276375662862
15300.0,1137298.962658741,5162889.741524411,3562431.038894473,1.8057174420527562,6,True,0.7810463731487592,0.9999750915946877,1137297.052157557,5162887.204558596,3562432.681632247,1137298.962658741,5162889.741524411,3562431.038894473,1.2445637277104016,3.6972491285161175
15330.0,1137296.0101255334,5162885.483265633,3562430.094888094,-3.346202478620727,6,True,0.3928249155481656,0.9999731894126683,1137296.7672863372,5162886.733990692,3562431.974466876,1137296.0101255334,5162885.483265633,3562430.094888094,5.9146734896970585,4.16689170069243
15360.0,1137297.2087008127,5162887.743706394,3562430.74567332,-1.3429971199802055,6,True,1.6752216580013435,0.9999597360578059,1137296.8874601454,5162887.008882857,3562431.6399314012,1137297.2087008127,5162887.743706394,3562430.74567332,3.286017558199941,3.87761535529505
15390.0,1137297.993834705,5162884.742606912,3562426.900925472,-1.8002826876761506,6,True,0.6282303308447202,0.9999654782718524,1137297.189350738,5162886.390496089,3562430.3468238404,1137297.993834705,5162884.742606912,3562426.900925472,7.666377363210767,4.610042247909107
15420.0,1137296.5809511072,5162891.478233322,3562431.616417058,2.710096938137534,6,True,0.46848603213826817,0.9999767833099149,1137297.0227995734,5162887.783278922,3562430.694378668,1137296.5809511072,5162891.478233322,3562431.616417058,2.2140046789151153,3.3520332739742513
15450.0,1137296.2431342474,5162887.632248013,3562426.190210562,-2.1410223374722737,6,True,0.5799036162594954,0.9999719514454256,1137296.8097981652,5162887.742017889,3562429.4638581905,1137296.2431342474,5162887.632248013,3562426.190210562,6.817344521732129,4.087792632644509
15480.0,1137304.0838712156,5162891.022989731,3562429.980018918,2.670066372571819,6,True,0.3746553262074788,0.9999338315922995,1137298.775281425,5162888.628549436,3562429.603326857,1137304.0838712156,5162891.022989731,3562429.980018918,5.89618902437956,2.9965566841010185
15510.0,1137299.1740850867,5162896.280727994,3562430.218948411,6.100719488999732,6,True,0.18529376139243445,0.9999809019998501,1137298.8847388057,5162890.7287995145,3562429.772293016,1137299.1740850867,5162896.280727994,3562430.218948411,6.058601574532176,2.195888927346509
15540.0,1137304.623504476,5162902.84702512,3562427.7347520525,13.358508475712638,6,True,0.7745712399482727,0.9999504298710437,1137300.4436742743,5162894.020715023,3562429.2187950932,1137304.623504476,5162902.84702512,3562427.7347520525,14.385315743701556,4.83048610965609
15570.0,1137303.052849017,5162897.086806198,3562430.5686953347,7.408010604621636,6,True,1.158065177500248,0.999962148863806,1137301.1555004062,5162894.857195534,3562429.5870702616,1137303.052849017,5162897.086806198,3562430.5686953347,8.095151823748887,5.591847903131395
15600.0,1137299.1623559997,5162899.293060798,3562433.310220563,9.820184098099888,6,True,1.1322632009784381,0.9999593115971593,1137300.6122778289,5162896.066170736,3562430.601798194,1137299.1623559997,5162899.293060798,3562433.310220563,8.919305662524216,6.082065396521682
15630.0,1137297.662786815,5162874.689453599,3562430.5593182426,-11.802824883121096,6,True,0.30672508105635643,0.9998537876694549,1137299.832239447,5162890.412768244,3562430.590563716,1137297.662786815,5162874.689453599,3562430.5593182426,15.897219129404162,1.8605983231269334
15660.0,1137289.5806624752,5162881.393628395,3562431.5125283515,-6.701050330977986,6,True,1.2974604032933712,0.999816253468708,1137297.1336955486,5162888.038641329,3562430.833254382,1137289.5806624752,5162881.393628395,3562431.5125283515,12.786353789877102,3.0435912749075604
15690.0,1137295.784248417,5162894.199183959,3562428.2667062655,4.677088554116694,6,True,0.17156379918257395,0.9999627332606339,1137296.7614223948,5162889.738155582,3562430.125218521,1137295.784248417,5162894.199183959,3562428.2667062655,5.890215940963469,2.6491364120271372
15720.0,1137297.431510089,5162885.794050195,3562428.5497391676,-1.640673185066953,6,True,0.7180844458440939,0.9999701132841899,1137296.9456785524,5162888.653632303,3562429.6920039216,1137297.431510089,5162885.794050195,3562428.5497391676,5.902161065639595,3.3138145014087117
15750.0,1137301.8617942114,5162896.224596476,3562431.928324089,6.601661158584558,6,True,1.0839339991410573,0.9999710943165425,1137298.2934499544,5162890.729240304,3562430.3050994175,1137301.8617942114,5162896.224596476,3562431.928324089,6.614114814315356,1.6593205068049353
15780.0,1137295.976908081,5162892.057775267,3562430.045208158,1.8887029049589024,6,True,1.1352721105019252,0.9999558132804446,1137297.662269053,5162891.09122206,3562430.2342876606,1137295.976908081,5162892.057775267,3562430.045208158,3.543657138496652,1.999405491283177
15810.0,1137297.921751148,5162892.060708935,3562430.5700131063,4.259769365837367,6,True,0.40284130349755287,0.9999819129556133,1137297.7334965514,5162891.35734495,3562430.32644386,1137297.921751148,5162892.060708935,3562430.5700131063,2.159235384363876,1.9892305554342442
15840.0,1137292.9585968817,5162874.477657483,3562432.490782996,-11.790434725068591,6,True,0.6107073662181696,0.99995656769407,1137296.4342968152,5162886.764560384,3562430.915337665,1137292.9585968817,5162874.477657483,3562432.490782996,16.979965556534708,4.410724309917432
15870.0,1137301.1317175732,5162889.9443770405,3562429.6230263542,1.2162113579895844,6,True,0.5262542515993118,0.9999584712516151,1137297.7139336674,5162887.630782676,3562430.563295712,1137301.1317175732,5162889.9443770405,3562429.6230263542,3.511510345240451,3.2871350010311984
15900.0,1137294.506519395,5162887.218824363,3562436.883085204,1.2428750335851317,6,True,1.0840652311841648,0.9999441806901733,1137296.843568849,5162887.518993555,3562432.2782355254,1137294.506519395,5162887.218824363,3562436.883085204,7.1847190326273065,3.451974233104987
15930.0,1137301.0777114348,5162900.987448615,3562431.480550171,11.867933582315974,6,True,1.0421640984714031,0.9999403119556528,1137297.9923459953,5162891.173158018,3562432.061813266,1137301.0777114348,5162900.987448615,3562431.480550171,10.795696323034411,0.877844871450132
15960.0,1137303.5485609572,5162900.4952222295,3562433.970718464,11.321338878706525,6,True,0.6677447830637296,0.9999557054112748,1137299.5075690064,5162893.715357393,3562432.5823865524,1137303.5485609572,5162900.4952222295,3562433.970718464,11.3604087378932,3.416770525803878
15990.0,1137299.8695974716,5162893.361400947,3562432.0922386777,5.687056215872148,6,True,0.7539487183094025,0.9999683105194089,1137299.6066059158,5162893.618528674,3562432.448301155,1137299.8695974716,5162893.361400947,3562432.0922386777,3.1551434078192746,3.3324580031695037
16020.0,1137298.4780853346,5162887.464629795,3562435.9543349515,1.860578600553811,6,True,0.6832009057203928,0.9999702747830694,1137299.2980149775,5162891.935761464,3562433.4070167313,1137298.4780853346,5162887.464629795,3562435.9543349515,5.0431222678757495,2.191831723809578
16050.0,1137294.8877100886,5162885.213324177,3562434.621902986,-1.7574169436982159,6,True,0.4436706726749738,0.9999806453648075,1137298.0891881126,5162890.093198876,3562433.740006667,1137294.8877100886,5162885.213324177,3562434.621902986,6.970978189403346,1.9108986575713207
16080.0,1137308.5218636435,5162899.22171073,3562432.430714643,11.441991042724917,6,True,1.4235871384541194,0.999785301131201,1137300.7911468379,5162892.457392239,3562433.4009131147,1137308.5218636435,5162899.22171073,3562432.430714643,13.260108269304672,3.321887348554948
16110.0,1137298.0477052259,5162894.408881109,3562426.7784972233,3.503747948347618,6,True,0.7003419287502766,0.9999582703484031,1137300.0370358946,5162892.993813028,3562431.5805586106,1137298.0477052259,5162894.408881109,3562426.7784972233,6.483642236531001,2.925094776407571
16140.0,1137302.3421295674,5162901.838838285,3562427.0154237053,10.33280275003135,6,True,0.22001855572064719,0.9999659277534517,1137300.6694969959,5162895.420670765,3562430.3279976915,1137302.3421295674,5162901.838838285,3562427.0154237053,12.925955197846797,5.5918024934782835
16170.0,1137300.37309109,5162894.408710045,3562432.1816261453,6.497398355523972,6,True,1.0693417489528656,0.9999706966929942,1137300.5882678663,5162895.143346033,3562430.8359788842,1137300.37309109,5162894.408710045,3562432.1816261453,4.320274853607074,5.187440133902904
16200.0,1137302.813406246,5162903.6085155755,3562430.1401352044,14.433189902967895,6,True,0.6457370047767957,0.9999434135025183,1137301.1923171715,5162897.441351329,3562430.6470810184,1137302.813406246,5162903.6085155755,3562430.1401352044,13.89921217130587,7.536666949698293
16230.0,1137302.0940214018,5162890.09895248,3562428.9782691533,1.4961303250281903,6,True,0.734289518247048,0.9999551095745065,1137301.4380915037,5162895.440059649,3562430.192218872,1137302.0940214018,5162890.09895248,3562428.9782691533,4.634551534098045,5.9809009140083
16260.0,1137301.5900071224,5162891.982893109,3562428.3183971196,3.891794322503387,6,True,1.161286387592554,0.999952188833927,1137301.4794515928,5162894.498821893,3562429.6820578016,1137301.5900071224,5162891.982893109,3562428.3183971196,4.950946410180753,5.4440246883527825
16290.0,1137291.242351498,5162875.857489489,3562430.2236811286,-12.07397471782411,6,True,0.24368386964003244,0.999935641660143,1137298.705497249,5162889.447566702,3562429.8288218626,1137291.242351498,5162875.857489489,3562430.2236811286,16.45329861535421,2.356687148630205
16320.0,1137302.2528700556,5162895.013702761,3562434.08020499,8.31512614574981,6,True,0.4605223598579566,0.9999619409063216,1137299.674920847,5162890.968676532,3562430.9906369164,1137302.2528700556,5162895.013702761,3562434.08020499,6.22324868266943,1.5422106814403165
16350.0,1137298.0380182667,5162894.222067388,3562431.4578335653,5.840179538959017,6,True,0.39924097061157227,0.9999800015365895,1137299.2257078078,5162891.86150034,3562431.1188490833,1137298.0380182667,5162894.222067388,3562431.4578335653,3.782871130056465,1.7228629314260673
16380.0,1137299.857765403,5162896.717602022,3562441.17466194,9.655709838587542,6,True,0.42633887628714245,0.999951772099916,1137299.397493059,5162893.181327288,3562433.8518916885,1137299.857765403,5162896.717602022,3562441.17466194,11.216799364538257,3.405450898013167
16410.0,1137292.330240958,5162878.321231137,3562432.8184895376,-9.948060731063322,6,True,0.7104170173406601,0.9999484608630284,1137297.4770149135,5162889.143196274,3562433.5710716164,1137292.330240958,5162878.321231137,3562432.8184895376,13.703727757439607,2.3834420155011182
16440.0,1137298.5646614132,5162893.433717268,3562433.213357229,5.547117662713302,6,True,0.3372888999680678,0.9999780614174122,1137297.775279566,5162890.319783294,3562433.472975813,1137298.5646614132,5162893.433717268,3562433.213357229,3.1995827548983438,1.733668062136941
16470.0,1137293.830742421,5162881.874441947,3562436.0082052536,-4.590912297332675,6,True,0.4345032398899396,0.9999781808816378,1137296.695011785,5162888.006906061,3562434.1672845697,1137293.830742421,5162881.874441947,3562436.0082052536,10.644133166948928,3.8281394512069844
16500.0,1137301.1548086645,5162900.2103413055,3562427.367604397,11.303955310358665,6,True,0.6243968183795611,0.999961454933515,1137297.9096441523,5162891.330529949,3562432.315381479,1137301.1548086645,5162900.2103413055,3562427.367604397,11.039200045204915,1.111585707812111
16530.0,1137294.2545329283,5162875.837909151,3562439.204263327,-8.487786865827886,6,True,0.5377099551260471,0.9999093058922672,1137296.928380697,5162887.171328851,3562434.1647938746,1137294.2545329283,5162875.837909151,3562439.204263327,16.922759777230624,4.324882588788867
16560.0,1137299.0999367735,5162888.084817462,3562431.25646828,0.981471360222439,6,True,0.013877286265293757,0.999977493442023,1137297.5248024487,5162887.422220128,3562433.36601706,1137299.0999367735,5162888.084817462,3562431.25646828,2.571023130684128,3.5485355233733693
16590.0,1137295.0583458333,5162879.636151717,3562429.4607086717,-7.821562752744018,6,True,0.11757263665397961,0.9999615880970308,1137296.8519155309,5162885.298062118,3562432.300589471,1137295.0583458333,5162879.636151717,3562429.4607086717,11.676126030954673,5.485513700900656
16620.0,1137297.0873385456,5162882.994301203,3562429.641918344,-4.010240895253934,6,True,0.7602923661470413,0.9999593234576586,1137296.9160865892,5162884.67010832,3562431.5758950724,1137297.0873385456,5162882.994301203,3562429.641918344,7.9834478028069435,6.066033347106559
16650.0,1137296.484841035,5162884.74093643,3562436.5363921984,-1.7520100184011196,6,True,1.3154924660921097,0.9999559354468367,1137296.7986515386,5162884.6893959455,3562432.9267176515,1137296.484841035,5162884.74093643,3562436.5363921984,7.659060081979486,6.151172295224034
16680.0,1137298.4479776437,5162887.170852922,3562437.743044778,0.1865066131693914,6,True,0.05920858929554621,0.9999728437564712,1137297.250066435,5162885.368562207,3562434.244929862,1137298.4479776437,5162887.170852922,3562437.743044778,6.7012334040204,5.778908235909734
16710.0,1137305.368822812,5162906.518064979,3562427.350217518,15.985745735382288,6,True,0.8750115434328715,0.9999656274760131,1137299.4656334945,5162891.14015326,3562432.363398154,1137305.368822812,5162906.518064979,3562427.350217518,18.001033305712486,1.2016440242776316
16740.0,1137295.5535042998,5162884.9087610915,3562436.5451578447,-1.3067998058273995,6,True,0.20710693672299385,0.9999716978972288,1137298.3962131394,5162889.436738753,3562433.506524751,1137295.5535042998,5162884.9087610915,3562436.5451578447,7.8446546911992705,1.909141037572362
16770.0,1137294.0398429185,5162882.895836663,3562429.0054792585,-5.188760396453904,6,True,0.49466706191500026,0.999967907097181,1137297.2070907406,5162887.651322733,3562432.2779115383,1137294.0398429185,5162882.895836663,3562429.0054792585,9.311548236444521,3.168553632837237
16800.0,1137298.046760753,5162885.961605851,3562430.175155216,-1.4841691965233066,6,True,0.7445797100663185,0.9999699972376567,1137297.4364313032,5162887.189807358,3562431.7035819674,1137298.046760753,5162885.961605851,3562430.175155216,4.893835167183539,3.500619570882606
16830.0,1137308.8142744054,5162909.7497402355,3562429.369400487,20.625200136534694,6,True,0.9291046385963758,0.9998638144056898,1137300.4507325285,5162893.166549409,3562431.085193576,1137308.8142744054,5162909.7497402355,3562429.369400487,21.96537066336026,3.382983346925618
16860.0,1137301.6863509803,5162895.946426654,3562435.58739727,9.299865876879515,6,True,0.28490082422892254,0.9999652017730509,1137300.7896978047,5162893.929148783,3562432.3202760695,1137301.6863509803,5162895.946426654,3562435.58739727,7.272247631640001,4.115282519680945
16890.0,1137291.4256246882,5162876.54484559,3562427.891730426,-12.806276981632228,6,True,0.5707094296813011,0.9998910018710991,1137298.2812225232,5162889.272190822,3562431.133944316,1137291.4256246882,5162876.54484559,3562427.891730426,16.180309628174648,1.4889769494931928
16920.0,1137298.672465381,5162888.725342671,3562434.7782129077,1.2105450445638795,6,True,0.9513175562024117,0.9999555387898664,1137298.388284772,5162889.122547725,3562432.1311857556,1137298.672465381,5162888.725342671,3562434.7782129077,3.3600973084470818,1.403678477139359
16950.0,1137303.2580620311,5162898.328868583,3562432.6768452385,9.784402627085264,6,True,0.48172396545608837,0.9999700670596514,1137299.7236089935,5162891.646980071,3562432.280809093,1137303.2580620311,5162898.328868583,3562432.6768452385,9.16666208225237,1.6805064304773805
16980.0,1137293.3696380227,5162873.791182996,3562435.662354155,-11.308124257467751,6,True,0.5480332660178343,0.9999468690365187,1137297.9962516874,5162886.792796494,3562433.200098242,1137293.3696380227,5162873.791182996,3562435.662354155,17.8881937278601,3.9596613948489106
17010.0,1137295.226425381,5162879.966481885,3562435.577855918,-6.235575101583129,6,True,1.046932265162468,0.9999254385727538,1137297.247653929,5162884.947856325,3562433.8427320644,1137295.226425381,5162879.966481885,3562435.577855918,11.633177127882117,6.016529130773379
17040.0,1137298.1117975845,5162883.137200702,3562432.8889413336,-4.840227753516884,6,True,0.3329900490740935,0.9999679211291401,1137297.4843890525,5162884.451820996,3562433.581437817,1137298.1117975845,5162883.137200702,3562432.8889413336,7.440511704639142,6.36134478788197
17070.0,1137297.6936497954,5162888.883999003,3562435.708862411,1.4848972581201367,6,True,1.2380024828016758,0.9999499245058026,1137297.5413252201,5162885.65773868,3562434.1602726323,1137297.6936497954,5162888.883999003,3562435.708862411,4.198257442171591,5.427368169975462
17100.0,1137297.7379030713,5162886.655632126,3562424.413184198,-2.3243540458713388,6,True,0.6691633053123951,0.9999611855615992,1137297.5949908742,5162885.930163086,3562431.4993224177,1137297.7379030713,5162886.655632126,3562424.413184198,8.482348683982307,4.689986813326837
17130.0,1137298.9587208792,5162892.400716286,3562437.6196032567,6.0211295467873445,6,True,0.19592503582437834,0.9999718991764381,1137297.9682234249,5162887.701056934,3562433.174351947,1137298.9587208792,5162892.400716286,3562437.6196032567,6.012321629207824,3.1194496587416607
17160.0,1137298.8224652736,5162890.075162801,3562433.085520434,1.8536727723023234,6,True,0.4656824829677741,0.999980403070317,1137298.2023754509,5162888.351811401,3562433.1500027785,1137298.8224652736,5162890.075162801,3562433.085520434,1.26352979713199,2.4966028480949465
17190.0,1137295.5805063052,5162886.639183331,3562430.2800771,-2.299338693649968,6,True,0.8896161752442518,0.9999601430066959,1137297.4885753456,5162887.8855508715,3562432.368669639,1137295.5805063052,5162886.639183331,3562430.2800771,5.141110174060508,2.856028806952667
17220.0,1137299.2802540334,5162892.614514325,3562437.786736029,6.1825135268259475,6,True,0.2695886542399724,0.999972164007814,1137297.9783617284,5162889.178294888,3562433.8497918714,1137299.2802540334,5162892.614514325,3562437.786736029,6.269393224617757,2.4001990741527037
17250.0,1137295.2572515018,5162884.427216618,3562426.196769128,-4.693758886974719,6,True,0.5351119873424371,0.999961204347059,1137297.2370945013,5162887.884036912,3562431.7650049734,1137295.2572515018,5162884.427216618,3562426.196769128,8.976798000268325,2.931428100564453
17280.0,1137297.4920995724,5162885.761829189,3562430.4343072735,-2.316146239025501,6,True,0.10763045772910118,0.9999790698351182,1137297.3069500693,5162887.302683665,3562431.400476365,1137297.4920995724,5162885.761829189,3562430.4343072735,5.081411636907578,3.4715441585729008
17310.0,1137300.603229461,5162891.950488514,3562427.2523268717,1.5239266424338396,6,True,0.6522717525561651,0.9999616614960408,1137298.2047104605,5162888.568539682,3562430.2707043192,1137300.603229461,5162891.950488514,3562427.2523268717,5.311795612911076,2.5708792879667457
17340.0,1137303.593427353,5162904.775287831,3562435.4344613263,17.22021486474531,6,True,1.0952059378226597,0.9999413488337044,1137299.6646698215,5162892.959416795,3562431.6697155368,1137303.593427353,5162904.775287831,3562435.4344613263,15.539670229313034,2.7126072489721063
17370.0,1137291.7541652296,5162879.892499216,3562439.1962642805,-5.432913468239879,6,True,1.0882979022959869,0.9999519614606512,1137297.5118100266,5162889.403228795,3562433.7180809723,1137291.7541652296,5162879.892499216,3562439.1962642805,14.542438510336904,2.3393176754562006
17400.0,1137291.3256416502,5162869.136865208,3562430.385102071,-17.857538609567754,6,True,0.36666272456447285,0.9999402218457855,1137295.8336015604,5162883.905288733,3562432.813897143,1137291.3256416502,5162869.136865208,3562430.385102071,22.60525059038552,7.187207589881622
17430.0,1137294.5364187967,5162876.903431933,3562433.4413038744,-9.213208762130094,6,True,0.38894818474849063,0.999962706428156,1137295.4791514499,5162881.99205878,3562432.9853335754,1137294.5364187967,5162876.903431933,3562433.4413038744,14.258010458474462,9.107225879348523
17460.0,1137301.547264539,5162896.760010555,3562429.8413739335,8.044000876133913,6,True,0.4019153205056985,0.9999756376684485,1137297.1419548222,5162886.038819224,3562432.123815898,1137301.547264539,5162896.760010555,3562429.8413739335,7.247969617298981,4.683087642789818
17490.0,1137300.9748610926,5162895.536170191,3562429.055245108,7.313505967898132,6,True,1.6137877603371937,0.999942382561269,1137298.181025014,5162888.613475006,3562431.291950933,1137300.9748610926,5162895.536170191,3562429.055245108,6.285401509473282,2.026957125919934
17520.0,1137309.592785323,5162910.720830328,3562431.4594186745,21.275463747441474,6,True,0.6064572719236215,0.99987836027209,1137301.2223848463,5162894.50532873,3562431.336582931,1137309.592785323,5162910.720830328,3562431.4594186745,23.044837856776578,4.85241048146952
17550.0,1137303.3319786906,5162896.637034907,3562434.2398418547,8.824319489097412,6,True,0.2998957509795825,0.999953001997925,1137301.7991824236,5162895.0881721815,3562432.130381566,1137303.3319786906,5162896.637034907,3562434.2398418547,8.117297850219893,5.626922938319557
17580.0,1137299.3632113372,5162892.196588977,3562435.01041338,4.456994498730332,6,True,1.0407296568155289,0.9999577029739379,1137301.133533391,5162894.298023409,3562432.9173738263,1137299.3632113372,5162892.196588977,3562435.01041338,3.6097554219185897,4.69945424054799
17610.0,1137296.4895995483,5162883.430896634,3562428.964783188,-4.552819381634495,6,True,0.2427231396238009,0.9999685822808809,1137299.8622093287,5162891.3230370665,3562431.835311989,1137296.4895995483,5162883.430896634,3562428.964783188,7.93881534310772,1.5555735877205104
17640.0,1137303.8716276628,5162902.26786982,3562431.374711127,13.435791779138535,6,True,1.484977828959624,0.9999567002988424,1137300.9546650972,5162894.30520173,3562431.7098109745,1137303.8716276628,5162902.26786982,3562431.374711127,12.927000485690575,4.50754015486689
17670.0,1137301.1947589077,5162893.39179426,3562427.9837866654,3.5733323445878376,6,True,0.22424557680884996,0.999977866472494,1137301.0204824042,5162894.054807854,3562430.6883898675,1137301.1947589077,5162893.39179426,3562427.9837866654,5.562724572851258,4.504532544981002
17700.0,1137299.3672282486,5162894.4884029925,3562429.037507562,4.335652795602957,6,True,0.21861171474059424,0.9999774980018696,1137300.567870894,5162894.173513226,3562430.2364276988,1137299.3672282486,5162894.4884029925,3562429.037507562,4.992683995587954,4.520770186720271
17730.0,1137297.2882930113,5162884.17424317,3562429.018026554,-3.9654240984999207,6,True,1.760428998619318,0.9999385923394309,1137299.6805511825,5162891.468119502,3562429.906778155,1137297.2882930113,5162884.17424317,3562429.018026554,7.078638195905735,2.5132259074770884
17760.0,1137291.0492607795,5162872.476483161,3562435.1229780577,-13.289262642476253,6,True,0.6518420577049255,0.999938875172682,1137297.3406766304,5162886.31963712,3562431.3208486866,1137291.0492607795,5162872.476483161,3562435.1229780577,19.781762050207824,4.395271457441154
17790.0,1137295.0739163507,5162879.952042132,3562432.9246397363,-6.497120260983613,6,True,0.559795867651701,0.999968740799529,1137296.7202773136,5162884.57686281,3562431.759797119,1137295.0739163507,5162879.952042132,3562432.9246397363,11.151303169722294,6.20263314170877
17820.0,1137300.4568600147,5162905.424967145,3562429.0602233983,14.142631011781745,6,True,0.7680526922146479,0.9999442959234115,1137297.7346126686,5162890.236303803,3562431.0269689476,1137300.4568600147,5162905.424967145,3562429.0602233983,15.31535727998522,1.2412931021862246
17850.0,1137297.5893768147,5162883.380498491,3562435.7447270923,-2.1325768089213395,6,True,0.10121612871686618,0.9999742922401555,1137297.694815261,5162888.3576817475,3562432.3197251004,1137297.5893768147,5162883.380498491,3562435.7447270923,8.13599727788358,2.33987417119722
17880.0,1137293.694695496,5162877.593311998,3562434.2665070556,-8.065421174902925,6,True,0.8736507197221121,0.9999500720410704,1137296.6077213523,5162885.432299141,3562432.848792961,1137293.694695496,5162877.593311998,3562434.2665070556,13.986883663429422,5.504952515142692
17910.0,1137297.433271599,5162890.80366395,3562427.132324989,1.1413476492865753,6,True,1.096918549388647,0.9999685288190506,1137296.8334258876,5162886.900824411,3562431.2859168635,1137297.433271599,5162890.80366395,3562427.132324989,4.933444432767006,4.039201667486355
17940.0,1137295.290905211,5162877.93385817,3562428.656843802,-10.744677766542202,6,True,0.27861976996064186,0.9999345429182463,1137296.4160817517,5162884.474723527,3562430.5745952963,1137295.290905211,5162877.93385817,3562428.656843802,13.389379697868483,6.534764644746591
17970.0,1137299.1451977293,5162878.730466142,3562432.3028829503,-7.436993918534715,6,True,0.6013696938753128,0.9999141283109505,1137297.1513232486,5162882.9271834325,3562431.0402071695,1137299.1451977293,5162878.730466142,3562432.3028829503,11.793766098359685,7.753882386083535
18000.0,1137298.4632321752,5162888.335349026,3562432.1247501415,0.8410462145991585,6,True,0.4386796976129214,0.9999836448968976,1137297.512588099,5162884.416448499,3562431.338861479,1137298.4632321752,5162888.335349026,3562432.1247501415,2.177865769901464,6.20146749654717
18030.0,1137299.4985932237,5162897.242986889,3562429.292707943,7.151477822200935,6,True,0.19762550915280977,0.9999736671765829,1137298.0563377794,5162887.928235081,3562430.7786437245,1137299.4985932237,5162897.242986889,3562429.292707943,7.300243895952372,2.8621475957001636
18060.0,1137296.2087735212,5162883.036889185,3562431.040575091,-3.8122705760699644,6,True,0.4027196429669857,0.9999797781017983,1137297.5500860703,5162886.587955733,3562430.850415627,1137296.2087735212,5162883.036889185,3562431.040575091,7.873060663494346,4.180869470717249
18090.0,1137304.4671106813,5162900.532062709,3562423.795581908,10.483722453948097,6,True,0.6163363270461559,0.999922702184136,1137299.4130203554,5162890.343465713,3562428.950365772,1137304.4671106813,5162900.532062709,3562423.795581908,14.206823607553442,3.107711416870543
18120.0,1137303.8651682166,5162899.683947203,3562432.199195475,11.25300351814792,6,True,0.5936428022881349,0.9999549478621148,1137300.6266118626,5162892.889546697,3562429.835950047,1137303.8651682166,5162899.683947203,3562432.199195475,10.615110442611098,3.797123353868584
18150.0,1137293.7666072429,5162877.385555435,3562435.700905844,-9.05601131787965,6,True,0.26611994579434395,0.999961899358288,1137298.7535817632,5162888.656394694,3562431.4372957232,1137293.7666072429,5162877.385555435,3562435.700905844,14.460606640754023,1.9226044253306227
18180.0,1137297.8083576385,5162891.4313769415,3562431.9847374624,3.8730925998634227,6,True,0.4049783969918887,0.9999806807699396,1137298.494254052,5162889.417727141,3562431.587489534,1137297.8083576385,5162891.4313769415,3562431.9847374624,1.1856346311460362,1.1390144271457647
18210.0,1137301.3462876852,5162900.083587506,3562433.5585127505,11.363533629245554,6,True,0.660382212450107,0.9999750737752979,1137299.2743882495,5162892.33522514,3562432.126635566,1137301.3462876852,5162900.083587506,3562433.5585127505,10.114115756863011,1.9823641590804482
18240.0,1137294.4620231756,5162878.600448524,3562436.0366972117,-8.364573402630903,6,True,0.14646145577232042,0.9999592248747956,1137297.9645509378,5162888.596871419,3562433.1908824705,1137294.4620231756,5162878.600448524,3562436.0366972117,13.236215892759526,2.3577778004999344
18270.0,1137296.794709607,5162885.773084738,3562430.2478381894,-0.8462465932759017,6,True,0.4234539481500785,0.9999802370307369,1137297.6439911802,5162887.823097788,3562432.384429889,1137296.794709607,5162885.773084738,3562430.2478381894,5.315991904093217,2.863214050078781
18300.0,1137295.7563177752,5162881.653985449,3562435.682572718,-4.196681292479616,6,True,0.6000036100546519,0.9999673431904462,1137297.1290767402,5162886.140304028,3562433.284088359,1137295.7563177752,5162881.653985449,3562435.682572718,10.007891894056028,4.782086324829613
18330.0,1137292.122812357,5162878.64148409,3562435.8448579786,-8.328497670400841,6,True,0.5187816818555196,0.9999668896379285,1137295.7632551913,5162884.094457249,3562433.9827239206,1137292.122812357,5162878.64148409,3562435.8448579786,14.044613032087886,7.2811267077354875
18360.0,1137297.5949129337,5162891.817979269,3562432.78289438,5.354158417927363,6,True,1.3245998695492744,0.9999656542444758,1137296.2628863044,5162886.201243804,3562433.655439977,1137297.5949129337,5162891.817979269,3562432.78289438,1.8323048867147107,5.165764031945454
18390.0,1137296.224136719,5162885.489080071,3562434.133983965,-1.5500113765325032,6,True,0.6083289620776972,0.9999744674746514,1137296.252287781,5162886.00645762,3562433.786328076,1137296.224136719,5162885.489080071,3562434.133983965,5.947963384996968,5.377381246178351
18420.0,1137299.5000245587,5162896.729681188,3562432.904499751,8.934496679149404,6,True,0.22295965254306793,0.9999768305167932,1137297.1408221219,5162888.94017825,3562433.545072456,1137299.5000245587,5162896.729681188,3562432.904499751,6.374677340673054,2.6494775049462462
18450.0,1137295.7165643869,5162883.491263774,3562430.2320043948,-5.221282723837822,6,True,0.8156561764578024,0.999973602012994,1137296.7516653251,5162887.451345119,3562432.6398269217,1137295.7165643869,5162883.491263774,3562430.2320043948,7.748503331616671,3.609451022942572
18480.0,1137301.3692104276,5162893.480221088,3562429.6935968497,4.744671872915947,6,True,0.9286766164004803,0.9999637974788447,1137298.0097834384,5162889.094001096,3562431.8370831828,1137301.3692104276,5162893.480221088,3562429.6935968497,4.674156928900896,1.5095997967830446
18510.0,1137305.4745004007,5162895.634252873,3562427.404804318,6.796047606997718,6,True,1.1093294645349185,0.9999167122216639,1137300.0174930622,5162890.853066644,3562430.6449778453,1137305.4745004007,5162895.634252873,3562427.404804318,9.738622946687826,1.9862512138499142
18540.0,1137306.2993714337,5162904.906792944,3562432.1147560067,16.295078437060507,6,True,0.5605224892497063,0.9999230184651192,1137301.7151380961,5162894.651013253,3562431.042177767,1137306.2993714337,5162904.906792944,3562432.1147560067,16.360140510618773,5.296399824795472
18570.0,1137301.2931618164,5162898.056319248,3562434.688004866,10.049946892144112,6,True,0.9370245138804117,0.999965777289803,1137301.5995548107,5162895.583758703,3562432.040804217,1137301.2931618164,5162898.056319248,3562434.688004866,8.498255142457172,5.929988962460538
18600.0,1137297.5785893654,5162878.9929525,3562425.8670345675,-9.067593860604363,6,True,0.9825164849559466,0.9998868621427954,1137300.5246847009,5162891.148763693,3562430.3904541824,1137297.5785893654,5162878.9929525,3562425.8670345675,13.044871383161402,2.5904964056735063
18630.0,1137296.6669333533,5162884.016883667,3562436.701360165,-1.9336525580541748,6,True,0.16698101287086806,0.9999700144068174,1137299.4649166625,5162889.189555381,3562432.1241316153,1137296.6669333533,5162884.016883667,3562436.701360165,8.26800717400425,1.6159928438177762
18660.0,1137297.0795747275,5162890.141988354,3562432.338626766,2.024931015398335,6,True,0.4939098084966342,0.9999800772794734,1137298.809592371,5162889.451217013,3562432.183059805,1137297.0795747275,5162890.141988354,3562432.338626766,1.5624465308879447,1.114018572765798
18690.0,1137296.50531182,5162883.510634758,3562436.887852521,-2.361284601069609,6,True,0.9576403225461642,0.9999461571323576,1137298.183973185,5162887.838330842,3562433.4604253536,1137296.50531182,5162883.510634758,3562436.887852521,8.810827474809013,3.0939775151729068
18720.0,1137293.9123092364,5162876.29246823,3562431.1853645844,-10.242745227812494,6,True,0.7240014026562372,0.9999606689327739,1137297.0183835109,5162884.687863389,3562432.8396397834,1137293.9123092364,5162876.29246823,3562431.1853645844,14.964713402208817,6.080302691125815
18750.0,1137292.70169929,5162886.870501861,3562433.90655056,-2.4041498853374628,6,True,0.22319130102793375,0.9999606452821481,1137295.8409641313,5162885.283200158,3562433.130650513,1137292.70169929,5162886.870501861,3562433.90655056,7.157646419637044,5.99942760772895
18780.0,1137296.095909186,5162882.209762545,3562435.9993859017,-4.573942030818311,6,True,0.9451094642281532,0.999953932141491,1137295.9103552348,5162884.4466699995,3562433.911464693,1137296.095909186,5162882.209762545,3562435.9993859017,9.556729160133393,6.8949729399328294
18810.0,1137301.1174541982,5162898.985277268,3562432.2503141076,10.379595028309897,6,True,0.4081420886019866,0.9999802028581306,1137297.338760991,5162888.434885022,3562433.455779661,1137301.1174541982,5162898.985277268,3562432.2503141076,8.869965332463948,2.8386074876654623
18840.0,1137298.6633600958,5162888.956004633,3562435.2556652427,1.7529631383743784,6,True,1.3029017162819703,0.9999506385820357,1137297.6985616807,5162888.576436677,3562433.9446823574,1137298.6633600958,5162888.956004633,3562435.2556652427,3.67002721555699,2.9130371923545177
18870.0,1137298.4380030138,5162886.866379551,3562432.2854335504,0.7225603700990177,6,True,1.0841652328769367,0.999968653644953,1137297.9006542554,5162888.109070529,3562433.491202347,1137298.4380030138,5162886.866379551,3562432.2854335504,3.6554755711613405,2.929579442520683
18900.0,1137301.550960899,5162901.544139233,3562431.9823018727,12.011192100841441,6,True,0.9860177474717299,0.9999670082990072,1137298.8973178014,5162891.777322137,3562433.0792188495,1137301.550960899,5162901.544139233,3562431.9823018727,11.443492996031674,1.752213989657802
18930.0,1137299.4245128569,5162888.645841628,3562431.7773232996,1.5368178584509007,6,True,0.518165168662866,0.999978084485617,1137299.0416946225,5162890.919739736,3562432.722683751,1137299.4245128569,5162888.645841628,3562431.7773232996,2.061055987220929,1.0248888392653959
18960.0,1137297.0442654004,5162884.505328539,3562437.8010327094,-1.3559149193089772,6,True,0.37727904816468555,0.9999623717051954,1137298.497543541,5162889.172289187,3562434.106156591,1137297.0442654004,5162884.505328539,3562437.8010327094,8.525962646178844,2.5513870721580796
18990.0,1137297.2448472257,5162894.016535523,3562435.9561509076,5.345492380190729,6,True,0.3409275896847248,0.9999457931741759,1137298.1577230718,5162890.486393846,3562434.6080068233,1137297.2448472257,5162894.016535523,3562435.9561509076,5.4994614093530725,2.7059761611779796
19020.0,1137298.0459720145,5162890.527455062,3562431.0211924748,2.653483375184722,6,True,0.9982336213191351,0.9999664744864413,1137298.1271906537,5162890.497612515,3562433.628024013,1137298.0459720145,5162890.527455062,3562431.0211924748,1.0362673239161,1.7486138434742258
19050.0,1137302.7837990324,5162891.500872551,3562432.6293027564,4.7302643367874815,6,True,0.9252865426242352,0.9999549132531537,1137299.3945664733,5162890.770666937,3562433.356204897,1137302.7837990324,5162891.500872551,3562432.6293027564,4.411728344587842,1.6823610974070593
19080.0,1137300.385725347,5162900.865210461,3562428.2321547703,11.238288023033057,6,True,0.5001015824576219,0.9999639421176865,1137299.665129607,5162893.526240642,3562431.9574593515,1137300.385725347,5162900.865210461,3562428.2321547703,11.155319243108217,3.2246621865693643
19110.0,1137296.3082651761,5162891.184744467,3562435.151969325,3.8909871551895088,6,True,0.2362513467669487,0.9999630073421395,1137298.7493187184,5162892.88743984,3562432.8289771257,1137296.3082651761,5162891.184744467,3562435.151969325,3.980550221146756,2.556666786688449
19140.0,1137300.3068745572,5162903.483180726,3562432.219426596,13.188540273233913,6,True,0.5236508511006832,0.9999567853580573,1137299.1734402396,5162895.7726537315,3562432.662996882,1137300.3068745572,5162903.483180726,3562432.219426596,13.102608965533255,5.357583909778698
19170.0,1137299.4165558533,5162894.895465932,3562431.319617198,6.197887610370064,6,True,0.9653897422055403,0.9999755801033283,1137299.240018591,5162895.532431737,3562432.295106053,1137299.4165558533,5162894.895465932,3562431.319617198,4.519743466728458,5.090554648748878
19200.0,1137296.8019372555,5162876.517387611,3562431.183517017,-10.313309859889342,6,True,0.9418643787503242,0.9999121801546165,1137298.5849735476,5162890.423615134,3562431.9964528135,1137296.8019372555,5162876.517387611,3562431.183517017,14.113374249570144,0.11156729406767459
19230.0,1137297.810208119,5162884.663040058,3562431.7520655724,-2.2287071836756724,6,True,0.5233955892423788,0.9999774171793802,1137298.3722263752,5162888.841786603,3562431.929345154,1137297.810208119,5162884.663040058,3562431.7520655724,5.888501784860745,1.6700168394516766
19260.0,1137298.0975790794,5162890.586103399,3562431.043464691,1.4280757139034466,6,True,0.7758532923956712,0.9999724412112605,1137298.2970712874,5162889.319105273,3562431.6869308837,1137298.0975790794,5162890.586103399,3562431.043464691,0.9957275526874948,1.2334297656655453
19290.0,1137297.4109512854,5162888.541287855,3562433.724689124,0.759627554511625,6,True,0.32923004155357677,0.9999831231836004,1137298.0540386843,5162889.105776388,3562432.245818719,1137297.4109512854,5162888.541287855,3562433.724689124,2.890188093453587,1.513887198694884
19320.0,1137295.1194130771,5162892.9827794405,3562434.4381096754,4.31677952050129,6,True,0.1995611016949018,0.9999313608570769,1137297.261870146,5162890.152328914,3562432.8376025287,1137295.1194130771,5162892.9827794405,3562434.4381096754,4.916017659017212,1.6094423681459031
19350.0,1137297.4883242862,5162883.318116079,3562430.353954593,-3.8181646751038882,6,True,1.172511315594117,0.9999618220586945,1137297.3236834046,5162888.286852026,3562432.159662299,1137297.4883242862,5162883.318116079,3562430.353954593,7.430962881999927,2.5401904975514884
19380.0,1137297.4186421179,5162894.570289237,3562436.7944673756,7.776108046567607,6,True,0.7489480264484882,0.9999330839094358,1137297.3493789865,5162889.987133871,3562433.4138285555,1137297.4186421179,5162894.570289237,3562436.7944673756,6.44005454256619,1.973585514283646
19410.0,1137299.8452325976,5162893.420243808,3562431.0944039044,4.136216210359212,6,True,0.0529038334886233,0.9999859917314474,1137298.0360391017,5162890.931652273,3562432.7757076374,1137299.8452325976,5162893.420243808,3562431.0944039044,3.3018456221684063,1.0757096661751218
19440.0,1137292.75652914,5162876.9504238535,3562429.5207480607,-10.976601068543587,6,True,0.6217089171210924,0.9999431510262221,1137296.6045735453,5162887.140837015,3562431.893170706,1137292.75652914,5162876.9504238535,3562429.5207480607,14.932067017490217,3.881447148426939
19470.0,1137299.9760063556,5162897.683985152,3562431.6131334244,9.341770630433013,6,True,0.44703581432501477,0.9999788030796485,1137297.5292454115,5162890.032471822,3562431.816365795,1137299.9760063556,5162897.683985152,3562431.6131334244,7.32929664961984,1.1240150505195612
19500.0,1137301.5427939363,5162902.373081771,3562430.18560522,12.369318085320604,6,True,0.7411804186801115,0.9999586127062088,1137298.6221552896,5162893.392883296,3562431.3723013145,1137301.5427939363,5162902.373081771,3562430.18560522,12.366725811466031,2.944228850115876
19530.0,1137296.6876956283,5162892.466761534,3562429.5987214292,3.1525536179666083,6,True,0.5049311717351278,0.9999688671340788,1137298.0936115931,5162893.13984322,3562430.8877140745,1137296.6876956283,5162892.466761534,3562429.5987214292,3.568620115908267,2.87080807019279
19560.0,1137298.2904072215,5162882.4930310985,3562434.301406326,-3.092407884570671,6,True,0.458890151232481,0.9999666916552905,1137298.1473283092,5162890.233722856,3562431.819504779,1137298.2904072215,5162882.4930310985,3562434.301406326,8.357516354506814,0.49171755644765636
19590.0,1137292.6631769566,5162883.7367935795,3562432.1198688215,-4.290166152957222,6,True,0.3111218512058258,0.9999514507901998,1137296.657028382,5162888.468203889,3562431.9011277105,1137292.6631769566,5162883.7367935795,3562432.1198688215,8.966507082163925,2.7750231586902814
19620.0,1137306.381453886,5162900.886219415,3562430.5144438334,11.252546989168415,6,True,0.5856765458981196,0.999927405564293,1137299.2836434434,5162891.822370837,3562431.5265775886,1137306.381453886,5162900.886219415,3562430.5144438334,13.086053763529483,1.5655133763904239
19650.0,1137300.614839386,5162894.339752391,3562427.7326782597,4.672628705202638,6,True,0.9861937947571278,0.9999667724139997,1137299.6479432331,5162892.511286377,3562430.4883256806,1137300.614839386,5162894.339752391,3562427.7326782597,6.051926918838569,2.7074573155449047
19680.0,1137292.238542963,5162879.771797612,3562432.0580043434,-8.872547868482886,6,True,0.8064611765245596,0.9999251086049653,1137297.6469021656,5162889.070759578,3562430.912245479,1137292.238542963,5162879.771797612,3562432.0580043434,12.447087220658416,1.972527660755538
19710.0,1137296.3702190118,5162881.55763388,3562435.3794129817,-4.836689477842359,6,True,1.182329957683881,0.999951978318842,1137297.298859997,5162887.022573579,3562432.1300595156,1137296.3702190118,5162881.55763388,3562435.3794129817,9.830737172066243,3.7017576256983062
19740.0,1137297.3144758362,5162893.493442621,3562433.3638596423,4.908501682152656,6,True,0.34740624328454334,0.9999647403311224,1137297.3031300497,5162888.791991867,3562432.4674343714,1137297.3144758362,5162893.493442621,3562433.3638596423,3.53703652333697,2.180744691597398
19770.0,1137295.2139585654,5162877.996632628,3562434.723500446,-8.185559085720307,6,True,0.7822571272651354,0.9999549059761278,1137296.7340724948,5162885.851505278,3562433.0819513956,1137295.2139585654,5162877.996632628,3562434.723500446,13.240126852529519,5.12236043022708
19800.0,1137296.348243648,5162886.178946186,3562431.2971963286,-1.7902127018411895,6,True,0.5599951148033142,0.9999784506542069,1137296.628265341,5162885.941300509,3562432.5925119575,1137296.348243648,5162886.178946186,3562431.2971963286,4.890552966760935,4.991704689905857
19830.0,1137297.7717550576,5162883.896355293,3562429.879704235,-3.115527646498808,6,True,0.11536253616213799,0.9999658033243713,1137296.940290491,5162885.383294321,3562431.852265478,1137297.7717550576,5162883.896355293,3562429.879704235,6.960320575456127,5.365458203719622
19860.0,1137298.628322612,5162897.3954607425,3562430.521705903,7.743513081988614,6,True,0.8255247895916303,0.9999641207806628,1137297.400688938,5162888.659525084,3562431.4893650603,1137298.628322612,5162897.3954607425,3562430.521705903,7.03534918979932,2.213321262723401
19890.0,1137292.7136720356,5162877.569825892,3562432.0149233653,-10.121092595196929,6,True,1.160679079592228,0.9999577882012761,1137296.1245314698,5162885.640077376,3562431.632461441,1137292.7136720356,5162877.569825892,3562432.0149233653,14.186724400478488,5.4395467802007476
19920.0,1137302.4142581213,5162902.5884167645,3562434.2840633853,14.086505917685216,6,True,0.24344067399700484,0.9999616541189943,1137297.8396813376,5162890.26173165,3562432.355528591,1137302.4142581213,5162902.5884167645,3562434.2840633853,12.906652669531171,0.8574182727414895
19950.0,1137295.3449680954,5162889.173545769,3562434.311869267,1.84042607406479,6,True,0.4806056742866834,0.9999747734577992,1137297.156826299,5162889.963872481,3562432.8910198314,1137295.3449680954,5162889.173545769,3562434.311869267,4.204037036163354,1.7714861883491748
19980.0,1137298.413798221,5162890.58316335,3562429.5166776977,1.3358403348514383,6,True,0.24101711437106133,0.999983656710853,1137297.501508247,5162890.133692013,3562431.965720865,1137298.413798221,5162890.58316335,3562429.5166776977,2.4179035127856734,1.1062957673993883
20010.0,1137294.2186395584,5162883.01106069,3562428.81382492,-4.520808645512058,6,True,0.2125116027891636,0.9999580808485639,1137296.6086996966,5162888.196622105,3562431.108531645,1137294.2186395584,5162883.01106069,3562428.81382492,9.194791856000403,3.120578700325088
20040.0,1137300.5725373665,5162891.581689376,3562433.3753784737,3.9501782863074832,6,True,0.5519102575878302,0.9999740344882381,1137297.6927251182,5162889.1223661145,3562431.7284661112,1137300.5725373665,5162891.581689376,3562433.3753784737,2.714684033844108,1.634259839559471
20070.0,1137294.0926639496,5162886.223278778,3562428.619399029,-1.9425712066639813,6,True,0.2666383162140846,0.9999425735001437,1137296.7174239135,5162888.336967411,3562430.886181292,1137294.0926639496,5162886.223278778,3562428.619399029,7.0061576010753726,3.0192759046664768
20100.0,1137298.401298424,5162888.172247943,3562432.719498274,0.7765090932024034,6,True,0.13551289836565653,0.9999852339365184,1137297.1799639834,5162888.291720955,3562431.3897714107,1137298.401298424,5162888.172247943,3562432.719498274,2.4650076674109718,2.653503567246396
20130.0,1137296.9853830808,5162885.1629622765,3562430.238643429,-2.6535603146164872,6,True,0.6499294266104698,0.9999656690949233,1137297.126899562,5162887.438472941,3562431.0758457407,1137296.9853830808,5162885.1629622765,3562430.238643429,5.8141232274442425,3.4824900771957275
20160.0,1137298.0730600047,5162891.080381082,3562432.7287826673,2.0566880946361423,6,True,0.41751392806569737,0.9999816959763976,1137297.3861928924,5162888.436530404,3562431.5288297185,1137298.0730600047,5162891.080381082,3562432.7287826673,1.0924169566848891,2.402253759649008
20190.0,1137292.6677901377,5162871.304320724,3562433.1005267184,-14.810057564136033,6,True,0.7290982740620772,0.9999517813650864,1137296.1051854426,5162883.785276712,3562431.9555324973,1137292.6677901377,5162871.304320724,3562433.1005267184,20.11182878832234,7.146650948957812
20220.0,1137294.4597665842,5162880.167874591,3562434.8396329703,-6.418592657638038,6,True,0.26422886177897453,0.9999733272474831,1137295.6551086896,5162882.795796987,3562432.7444298468,1137294.4597665842,5162880.167874591,3562434.8396329703,11.487402783085841,8.27093729754218
20250.0,1137299.3174311854,5162896.813898116,3562428.504995648,7.951794708454216,6,True,0.35395219301184017,0.9999696597029395,1137296.6552801486,5162886.624106666,3562431.5866505704,1137299.3174311854,5162896.813898116,3562428.504995648,7.221866819965797,4.3277679938963
20280.0,1137297.579353366,5162887.162944664,3562435.2952098227,0.09371425097840382,6,True,0.25159093365073204,0.9999785070063965,1137296.9082664277,5162886.771625951,3562432.6019538906,1137297.579353366,5162887.162944664,3562435.2952098227,4.838605175896862,4.129110060529744
20310.0,1137296.5171422565,5162892.701621193,3562433.33596176,3.4851611650741803,6,True,0.6107712375621001,0.9999529831158916,1137296.802028143,5162888.382348501,3562432.8013272425,1137296.5171422565,5162892.701621193,3562433.33596176,3.304319662716419,2.8792735936428167
20340.0,1137299.7197775,5162895.140411089,3562429.834532254,5.401492171861932,6,True,1.062438281873862,0.9999723278956862,1137297.599904092,5162890.230380988,3562431.9900394734,1137299.7197775,5162895.140411089,3562429.834532254,5.222918011341001,0.9842508885955601
20370.0,1137300.015966824,5162889.785857038,3562432.1389915175,3.045144692762854,6,True,0.93254487713178,0.9999690941252586,1137298.2596571152,5162890.108995059,3562432.0307137324,1137300.015966824,5162889.785857038,3562432.1389915175,1.6509132976689969,0.4960942896870406
20400.0,1137297.9272572931,5162890.22635883,3562423.7854569536,-0.3321676455717303,6,True,0.20753787830471992,0.9999682492599952,1137298.1689173721,5162890.1410334585,3562429.7798927897,1137297.9272572931,5162890.22635883,3562423.7854569536,8.172279627777293,2.2121020585726345
20430.0,1137296.1007150232,5162884.972925134,3562434.22603315,-2.299308066528671,6,True,1.2370125415424507,0.9999722752156184,1137297.6036717296,5162888.728574608,3562430.995035721,1137296.1007150232,5162884.972925134,3562434.22603315,6.467043642994172,2.214927547410361
20460.0,1137294.439501373,5162891.330523836,3562433.007770293,3.1211779194168288,6,True,1.0520560269554455,0.9999222116463713,1137296.7514231931,5162889.429392571,3562431.5371525795,1137294.439501373,5162891.330523836,3562433.007770293,4.3233846327611865,2.125812784273926
20490.0,1137295.2437105724,5162886.854476395,3562431.5553092086,-1.587549770557617,6,True,0.28800839682420093,0.9999738673120916,1137296.3381471797,5162888.72358758,3562431.542129456,1137295.2437105724,5162886.854476395,3562431.5553092086,4.933748648299056,2.86025660938352
20520.0,1137298.9560345989,5162888.992525662,3562428.0244644587,1.6790110694161244,6,True,0.7128139548003674,0.999972212103544,1137297.0543238763,5162888.797161098,3562430.579800183,1137298.9560345989,5162888.992525662,3562428.0244644587,4.207463084452908,2.6363817652543404
20550.0,1137296.8810848985,5162885.828102819,3562430.5161600993,-2.335556338846703,6,True,1.422706637531519,0.9999568010367388,1137297.007172842,5162887.9890625365,3562430.5624790476,1137296.8810848985,5162885.828102819,3562430.5161600993,5.159172459586128,3.248107802929753
20580.0,1137297.3679539976,5162884.898398265,3562425.4375979137,-4.24475489403038,6,True,0.1809466890990734,0.9999545346751779,1137297.1053544015,5162887.147981362,3562429.167814126,1137297.3679539976,5162884.898398265,3562425.4375979137,8.656894725125454,4.577468731635104
20610.0,1137301.404583753,5162891.194944838,3562432.059815542,4.249927825133115,6,True,1.112862614293893,0.9999682674397886,1137298.280424537,5162888.254101909,3562429.9582591606,1137301.404583753,5162891.194944838,3562432.059815542,2.94622117694473,3.002257820115963
20640.0,1137300.9899228802,5162899.142943292,3562434.0285550538,10.795934549201323,6,True,0.6939691007137299,0.9999680388402358,1137299.0205168016,5162891.228359966,3562431.070049656,1137300.9899228802,5162899.142943292,3562434.0285550538,9.221599158471715,1.2217218863761845
20670.0,1137295.8558711403,5162886.526878974,3562428.3699785327,-3.299273029415611,6,True,1.0352159142494202,0.9999639262351022,1137298.1573724416,5162889.9460499585,3562430.3336161305,1137295.8558711403,5162886.526878974,3562428.3699785327,5.9754439541462245,1.7340985212260787
20700.0,1137295.9665752377,5162883.858742251,3562429.242554682,-4.95152972945155,6,True,0.820212389032046,0.9999688835059055,1137297.55894014,5162888.283257275,3562430.035584705,1137295.9665752377,5162883.858742251,3562429.242554682,7.616337025882922,3.0797461553752705
20730.0,1137297.0076512836,5162882.692890448,3562432.9753057156,-3.405476132172071,6,True,1.3182900709410508,0.9999604308814037,1137297.4087529054,5162886.7602775805,3562430.836450828,1137297.0076512836,5162882.692890448,3562432.9753057156,8.02808288076278,4.060943689035877
20760.0,1137293.5270029318,5162879.885116237,3562433.5943831536,-5.435446963070795,6,True,0.1963643841445446,0.9999730750342675,1137296.3470228415,5162884.879794411,3562431.5907960804,1137293.5270029318,5162879.885116237,3562433.5943831536,11.8607520575234,6.046533211273275
20790.0,1137301.9908518004,5162895.035864395,3562436.07208674,7.7224482652388176,6,True,0.8646970552702745,0.9999540344227213,1137297.8814706556,5162887.641033191,3562432.8091722406,1137301.9908518004,5162895.035864395,3562436.07208674,7.041920888894864,3.0663765807533006
20820.0,1137302.3764522944,5162900.024452996,3562429.0440342044,9.999554180449463,6,True,1.398388046771288,0.9999606521158315,1137299.106878002,5162891.0169610195,3562431.782732495,1137302.3764522944,5162900.024452996,3562429.0440342044,10.661881204302833,0.7764879596496042
20850.0,1137298.630725504,5162888.565115048,3562432.312866469,1.2263610159312506,6,True,0.3912636674940586,0.9999831672151737,1137298.9762213961,5162890.344172629,3562431.9282016587,1137298.630725504,5162888.565115048,3562432.312866469,1.9772804353193503,0.4607257943660252
20880.0,1137293.2196546718,5162890.3921973,3562436.0189539576,2.594303634354487,6,True,0.9333650916814804,0.9999322446414911,1137297.4215178082,5162890.3571428815,3562433.0330107543,1137293.2196546718,5162890.3921973,3562436.0189539576,6.714134515916732,1.5804432320311375
20910.0,1137296.797694021,5162890.935547826,3562435.930793351,3.9880120619075425,6,True,0.6511214425166448,0.9999598328488697,1137297.2513209833,5162890.514948158,3562433.8236080473,1137296.797694021,5162890.935547826,3562435.930793351,4.3868062192711985,2.292846275520788
20940.0,1137290.9393323413,5162883.254180127,3562435.8782507745,-4.158380556164497,6,True,0.4523511218527953,0.9999504357014933,1137295.534524011,5162888.540092803,3562434.3824500563,1137290.9393323413,5162883.254180127,3562435.8782507745,11.223301579012563,4.350165206764605
20970.0,1137301.8031692887,5162887.257842125,3562429.4703676207,0.5624082474192635,6,True,1.1344290015598137,0.9999118320051796,1137297.2213479185,5162888.195053165,3562433.060662378,1137301.8031692887,5162887.257842125,3562429.4703676207,5.215688472868096,2.8903535654207047
21000.0,1137299.6101725204,5162893.157178718,3562430.4238960403,5.0040162987335846,6,True,0.7088991515338421,0.999977400422026,1137297.877889984,5162889.5588385835,3562432.335976264,1137299.6101725204,5162893.157178718,3562430.4238960403,3.232601943603161,1.2246429271383614
21030.0,1137298.5048430415,5162891.214754141,3562426.672185685,1.9360677912776412,6,True,0.7811579555273056,0.9999563602092371,1137298.0487406757,5162890.0100913765,3562430.7925392776,1137298.5048430415,5162891.214754141,3562426.672185685,5.305674718741764,1.334619389030818
21060.0,1137304.772150931,5162906.832548667,3562429.259625821,16.49991961498847,6,True,0.6800728601713976,0.9999437955889308,1137299.8741554008,5162894.577410651,3562430.3763512583,1137304.772150931,5162906.832548667,3562429.259625821,17.679870779014117,4.5589616624159
21090.0,1137304.0126906007,5162901.383485608,3562433.4847372193,14.635538143897428,6,True,0.38332286725441617,0.9999494980652751,1137301.0003548092,5162896.429514649,3562431.222221176,1137304.0126906007,5162901.383485608,3562433.4847372193,12.276523540654305,6.454416689201938
21120.0,1137297.4712151212,5162891.185944783,3562431.1387654333,3.0809575219242356,6,True,0.4699902944266796,0.9999784131303813,1137300.0319540016,5162894.990671831,3562431.199320805,1137297.4712151212,5162891.185944783,3562431.1387654333,1.4974661459625045,4.784117297330104
21150.0,1137299.8477080388,5162886.149254683,3562430.4585384266,-0.4374258953228093,6,True,0.20278695970773697,0.9999593078562213,1137299.9817557225,5162892.581805341,3562430.99749277,1137299.8477080388,5162886.149254683,3562430.4585384266,4.7769974692969965,2.6941734788569387
21180.0,1137301.0596907316,5162896.086652938,3562431.6379065798,5.5972279666475435,6,True,0.2923371158540249,0.9999823945921505,1137300.2774649283,5162893.543287889,3562431.1731770714,1137301.0596907316,5162896.086652938,3562431.6379065798,6.131288997452956,3.580747927292279
21210.0,1137296.51419566,5162886.051581206,3562434.6704448774,-0.5355098206055677,6,True,0.6891251628597578,0.9999738140654808,1137299.248869563,5162891.495617573,3562432.1290676016,1137296.51419566,5162886.051581206,3562434.6704448774,5.6076096186290005,1.2338103434316259
21240.0,1137287.988570143,5162870.363460369,3562438.714863104,-14.947915942624396,6,True,0.38145727664232254,0.9999417074264579,1137296.1998409624,5162885.773518248,3562433.9123486755,1137287.988570143,5162870.363460369,3562438.714863104,23.728655590237327,5.638461090993217
21270.0,1137299.4925605324,5162892.996794515,3562433.603360038,4.599601459342056,6,True,0.897721640765667,0.9999582142276697,1137297.0972372165,5162887.74214659,3562433.8281370564,1137299.4925605324,5162892.996794515,3562433.603360038,3.149662297891111,3.6494331283204153
21300.0,1137299.077646632,5162890.444206244,3562431.7378389337,2.7265557077616958,6,True,0.6479734815657139,0.9999810287137594,1137297.6405234577,5162888.4834033325,3562433.254705017,1137299.077646632,5162890.444206244,3562431.7378389337,0.5703960539763226,2.5787475443142993
21330.0,1137304.426667455,5162900.8891054215,3562432.6315128505,13.110934115927558,6,True,1.01113951827089,0.9999561155769294,1137299.486464645,5162891.857955428,3562433.0851866445,1137304.426667455,5162900.8891054215,3562432.6315128505,11.957137639398928,2.014880606687071
21360.0,1137288.3824740956,5162870.077537985,3562436.693418306,-15.545098497072551,6,True,0.46882418915629387,0.9999384645780105,1137296.4790574727,5162885.958942515,3562434.0624408782,1137288.3824740956,5162870.077537985,3562436.693418306,23.30540800983918,5.427655260752489
21390.0,1137298.7108701908,5162898.1592719015,3562429.876330557,8.370455893746215,6,True,0.6908354498445988,0.9999738128923281,1137297.0905345317,5162889.301616151,3562432.9155209744,1137298.7108701908,5162898.1592719015,3562429.876330557,7.92864383127716,2.1276213953395704
21420.0,1137301.8345126482,5162896.388592188,3562435.4989268156,9.007949961469174,6,True,0.36847157528003055,0.9999661517516856,1137298.3857885627,5162891.236581712,3562433.6208713674,1137301.8345126482,5162896.388592188,3562435.4989268156,7.629464905386256,1.8501349799957785
21450.0,1137298.9227748197,5162892.665714897,3562430.393030392,3.757080293270087,6,True,0.7004583229621252,0.999974063336517,1137298.5327017952,5162891.627576031,3562432.7377713895,1137298.9227748197,5162892.665714897,3562430.393030392,2.680046318569171,1.3848255813050947
21480.0,1137299.5831778916,5162893.124494011,3562429.593922343,4.450265292722021,6,True,0.34801923111081123,0.9999816682758416,1137298.8205636113,5162892.037776253,3562431.8762628795,1137299.5831778916,5162893.124494011,3562429.593922343,3.6618213960738366,1.5604861353565287
21510.0,1137295.9042790986,5162887.307148901,3562430.651734061,-1.1170500583431426,6,True,0.321018951634566,0.9999776799742317,1137298.0229218267,5162890.743888079,3562431.541338304,1137295.9042790986,5162887.307148901,3562430.651734061,4.337434713103124,0.6929283666072096
21540.0,1137292.4632376935,5162874.951265116,3562431.625406704,-11.225520947937964,6,True,0.6680588573217392,0.9999696607236636,1137296.5060268561,5162886.4350551,3562431.5642753863,1137292.4632376935,5162874.951265116,3562431.625406704,16.700918008106648,4.56440294835454
21570.0,1137290.105376366,5162867.636071128,3562432.886020213,-17.768259434609288,6,True,1.056350411226352,0.9999416157560028,1137294.7730512281,5162881.3452316355,3562431.9221376963,1137290.105376366,5162867.636071128,3562432.886020213,24.392939506237308,9.903651897980943
21600.0,1137295.5028804115,5162887.303615586,3562431.44456054,-0.251748979134183,6,True,0.35557296872138977,0.9999709191875992,1137294.972679218,5162882.975010546,3562431.7915074476,1137295.5028804115,5162887.303615586,3562431.44456054,4.440504166086708,8.333171674883712
21630.0,1137297.1070595235,5162884.1318084635,3562430.7479360946,-4.09821003156947,6,True,0.9410943500697613,0.9999672800005937,1137295.5554611587,5162883.290868471,3562431.506565473,1137297.1070595235,5162884.1318084635,3562430.7479360946,6.6372032512695975,7.81813955400974
21660.0,1137292.6169530402,5162878.537150598,3562438.026367026,-6.169690090031785,6,True,0.6825642275313536,0.9999436476649044,1137294.7586792978,5162882.001889159,3562433.274421611,1137292.6169530402,5162878.537150598,3562438.026367026,14.67911058336618,9.40229647563401
21690.0,1137296.3846423563,5162886.613754307,3562432.4639685713,-1.8290637053465035,6,True,0.8618302891651789,0.9999684558399778,1137295.2032699757,5162883.262921655,3562433.052817642,1137296.3846423563,5162886.613754307,3562432.4639685713,4.480298370382739,8.052223277720476
21720.0,1137298.414864856,5162895.459679209,3562430.51939477,6.436727666366421,6,True,0.6237499738732973,0.999974145607279,1137296.0822043829,5162886.600873753,3562432.3594822083,1137298.414864856,5162895.459679209,3562430.51939477,5.155061024426444,4.63359049166198
21750.0,1137301.4986607048,5162903.617808937,3562426.485042147,12.819093595714902,6,True,0.6743298980096976,0.9999500287399862,1137297.553258028,5162891.222497754,3562430.764044905,1137301.4986607048,5162903.617808937,3562426.485042147,14.504324168883983,1.6904533611004364
21780.0,1137294.5518394609,5162885.767459279,3562436.812676665,-0.8979498680561996,6,True,0.8170271341999372,0.9999708656032468,1137296.7323952902,5162889.730590605,3562432.4182948256,1137294.5518394609,5162885.767459279,3562436.812676665,7.886901279139507,2.0288377521138488
21810.0,1137295.4189222134,5162880.646476967,3562436.989010277,-6.380056309047463,6,True,0.47238583241899806,0.9999620426501559,1137296.3743178973,5162887.254090869,3562433.6643575747,1137295.4189222134,5162880.646476967,3562436.989010277,11.511342838171965,4.274393047299927
21840.0,1137288.754868765,5162869.059233501,3562437.7785058934,-15.437608572086774,6,True,0.42544567584991455,0.9999304834519125,1137294.3155185953,5162882.337782748,3562434.7760134884,1137288.754868765,5162869.059233501,3562437.7785058934,24.28710958175739,9.625450905882825
21870.0,1137301.9406429548,5162903.697721001,3562429.1732969163,13.432408859632929,6,True,0.32711688180764514,0.9999612145924969,1137296.3979794974,5162888.171292365,3562433.2458826136,1137301.9406429548,5162903.697721001,3562429.1732969163,13.901022784027587,3.431206319911541
21900.0,1137299.8661399118,5162882.590661095,3562431.8722138517,-3.0026103603925685,6,True,0.9033990005652109,0.9999135008197326,1137297.3315892566,5162886.669017039,3562432.8760985183,1137299.8661399118,5162882.590661095,3562431.8722138517,8.022266903653806,4.130868593437974
21930.0,1137297.2929936189,5162894.6830163775,3562433.5192976207,6.945493447526328,6,True,0.6746829425295194,0.9999484319708859,1137297.3210709372,5162888.853041184,3562433.051387074,1137297.2929936189,5162894.6830163775,3562433.5192976207,4.643677978930837,2.339921285196177
21960.0,1137293.5091073345,5162887.10774161,3562439.8029648783,0.23286241444343073,6,True,1.3582590222358704,0.9998803057562184,1137296.3030056905,5162888.386922137,3562434.8545382684,1137293.5091073345,5162887.10774161,3562439.8029648783,9.942960319717818,4.24886775732608
21990.0,1137300.5588031216,5162904.181133772,3562429.308759747,13.332015006172641,6,True,0.748265977948904,0.9999566112306498,1137297.4686435398,5162892.712863674,3562433.3355821967,1137300.5588031216,5162904.181133772,3562429.308759747,14.072036111481195,2.8312144783702444
22020.0,1137288.201758152,5162875.982234055,3562435.317562747,-11.02265814781021,6,True,0.7698643940190474,0.9999173217065664,1137294.9650709461,5162888.1928611025,3562433.8710406576,1137288.201758152,5162875.982234055,3562435.317562747,18.146225894837702,4.681027070646554
22050.0,1137296.10990473,5162885.372323798,3562432.104388968,-1.015618988712324,6,True,0.562703280399243,0.9999772403463876,1137295.280006744,5162887.416950941,3562433.3850470865,1137296.10990473,5162885.372323798,3562432.104388968,5.6813355745247085,4.7215785978729485
22080.0,1137297.7223953474,5162888.094986548,3562430.5850538034,0.011988389626596957,6,True,0.19871882597605386,0.9999848294366638,1137295.9513991156,5162887.6033373065,3562432.6153521542,1137297.7223953474,5162888.094986548,3562430.5850538034,2.8777102673289163,3.949445179021929
22110.0,1137294.6743354774,5162882.6921347305,3562432.0440934035,-4.676142293826677,6,True,0.6743124822775522,0.9999712152402166,1137295.6024071889,5162886.261219342,3562432.459240363,1137294.6743354774,5162882.6921347305,3562432.0440934035,8.71748230182774,5.188855202729967
22140.0,1137297.4233133218,5162897.009116953,3562430.3337379126,7.205243340593323,6,True,0.41334837799270946,0.9999590226527072,1137296.0981474684,5162889.187326114,3562431.8805739726,1137297.4233133218,5162897.009116953,3562430.3337379126,6.792091626302784,2.7774493987171907
22170.0,1137298.6364943038,5162888.073096316,3562427.8750363034,-0.490348909336806,6,True,0.5021438300609589,0.9999663464763275,1137296.7910516898,5162888.883169676,3562430.7871639146,1137298.6364943038,5162888.073096316,3562427.8750363034,4.727965375783907,2.645971377816403
22200.0,1137303.5079114921,5162895.528680479,3562430.480741864,7.009650214978256,6,True,0.3828962929546833,0.9999666226575123,1137298.6245039797,5162890.69714635,3562430.7035221197,1137303.5079114921,5162895.528680479,3562430.480741864,7.211134420623938,1.2441365178158208
22230.0,1137306.8112929836,5162907.953282928,3562427.6476813997,17.29113176874132,6,True,0.27639556551973027,0.9999573271658753,1137300.8530513537,5162895.3944846885,3562429.871683677,1137306.8112929836,5162907.953282928,3562427.6476813997,19.77882801477078,5.7875298264778685
22260.0,1137293.7515862058,5162882.496852437,3562433.546022763,-4.307681690681888,6,True,0.7803726059695085,0.9999642620297844,1137298.9151446924,5162891.874871913,3562430.8743677773,1137293.7515862058,5162882.496852437,3562433.546022763,9.469685650076899,1.7702814613397877
22290.0,1137294.4153655116,5162877.551673036,3562433.65483342,-8.880778152003861,6,True,0.4918986111879349,0.9999659613207493,1137297.6867765577,5162887.964866471,3562431.633390667,1137294.4153655116,5162877.551673036,3562433.65483342,13.702389600928743,2.6952162506384876
22320.0,1137298.7439383222,5162890.0953706,3562432.0404540827,1.272027351999846,6,True,0.8297016608218352,0.9999764942521436,1137297.9761912494,5162888.548125548,3562431.7448306913,1137298.7439383222,5162890.0953706,3562432.0404540827,0.4674156973483549,2.0439494465984334
22350.0,1137300.0197255283,5162892.196620519,3562432.6122434298,4.709836539922788,6,True,0.6513735602299372,0.9999781638936701,1137298.535523092,5162889.546748099,3562431.982248566,1137300.0197255283,5162892.196620519,3562432.6122434298,2.347933119888321,0.9577004392833539
22380.0,1137299.4976459588,5162891.05963796,3562429.905522304,2.2731465787439875,6,True,1.2433656354745228,0.9999684086506831,1137298.7980048473,5162889.959487469,3562431.4156860476,1137299.4976459588,5162891.05963796,3562429.905522304,2.3059378409190368,0.7901264962477181
22410.0,1137299.533075182,5162881.739482303,3562426.853052315,-5.446721226086327,6,True,0.8204476870596409,0.9998329295988134,1137298.9909868087,5162887.801445382,3562430.2178333183,1137299.533075182,5162881.739482303,3562426.853052315,10.175976492992175,3.229391630950583
22440.0,1137302.7905185996,5162895.035895532,3562426.9502290366,6.434953335624552,6,True,0.5919354073703289,0.9999634566920217,1137300.034364494,5162889.788075385,3562429.3205266027,1137302.7905185996,5162895.035895532,3562426.9502290366,7.961047124163865,3.088874177422587
22470.0,1137298.3745647552,5162892.351439619,3562428.0844394243,3.523767524575607,6,True,0.8484223186969757,0.9999722977109985,1137299.578854246,5162890.491557047,3562428.981298704,1137298.3745647552,5162892.351439619,3562428.0844394243,4.2698828445710015,3.124901334304055
22500.0,1137300.3265846502,5162892.4187057465,3562435.5821497235,6.061854991368578,6,True,0.3332887875537078,0.9999718004475057,1137299.7835838732,5162891.019213048,3562430.7886209167,1137300.3265846502,5162892.4187057465,3562435.5821497235,4.493170465444365,1.7623640008931265
22530.0,1137298.614298,5162892.265155402,3562428.6142232805,4.5996249119495625,6,True,0.3890424482524395,0.9999794413005401,1137299.4630868742,5162891.360721309,3562430.192626444,1137298.614298,5162892.265155402,3562428.6142232805,3.7553985567520662,2.144426268526572
22560.0,1137290.9491453993,5162876.022481024,3562435.9239476575,-9.391252386844089,6,True,0.5752098113298416,0.9999637180107158,1137297.1423668787,5162887.179842097,3562431.754863133,1137290.9491453993,5162876.022481024,3562435.9239476575,16.831992293252668,3.6107632679510466
22590.0,1137298.4346010087,5162889.424594441,3562429.564255909,1.169632110568458,6,True,0.9869593145946661,0.9999694612225606,1137297.495309705,5162887.792942477,3562431.1565511967,1137298.4346010087,5162889.424594441,3562429.564255909,2.601999100918812,3.006875545863099
22620.0,1137305.4713689438,5162900.706937399,3562431.1246957034,11.43225753330554,6,True,0.38617008179426193,0.9999399014579221,1137299.6550621088,5162891.289786061,3562431.1479253857,1137305.4713689438,5162900.706937399,3562431.1246957034,12.359658892987518,1.5701558427714672
22650.0,1137294.1849658485,5162880.560604317,3562435.4479767866,-5.552268457672549,6,True,0.36214977502822876,0.999975530279138,1137298.1562381021,5162888.349955681,3562432.3261533296,1137294.1849658485,5162880.560604317,3562435.4479767866,11.411722939612032,2.2232337001477713
22680.0,1137300.0236099705,5162889.409063543,3562433.1947169364,2.7289585018624094,6,True,0.3942196307082971,0.9999787907637688,1137298.6677822655,5162888.6400855975,3562432.5640859297,1137300.0236099705,5162889.409063543,3562433.1947169364,2.2331164173601397,1.9718305247818353
22710.0,1137294.8001112796,5162885.084833626,3562435.920328157,-1.9443260363296082,6,True,0.8650593447188536,0.999971762326795,1137297.6112743702,5162887.668919283,3562433.4808899765,1137294.8001112796,5162885.084833626,3562435.920328157,7.700363522936714,3.3626413967435687
22740.0,1137293.0368158699,5162879.587311305,3562437.9089118983,-7.053360266245028,6,True,0.16498457888762155,0.9999527319772855,1137296.368544375,5162885.473412068,3562434.683837967,1137293.0368158699,5162879.587311305,3562437.9089118983,13.609853314869499,6.132935324582308
22770.0,1137301.4803249931,5162902.1368269045,3562431.3616553447,13.303936877079696,6,True,0.3198832646012306,0.9999698821763212,1137297.765601823,5162890.027548785,3562433.775880384,1137301.4803249931,5162902.1368269045,3562431.3616553447,12.012196525241384,2.0590508929771034
22800.0,1137296.061103694,5162886.078867829,3562430.7355154473,-2.4561190912903097,6,True,0.35152920832236606,0.9999814289015404,1137297.2984013145,5162888.945220961,3562432.942520687,1137296.061103694,5162886.078867829,3562430.7355154473,5.211751994670483,2.236768260439483
22830.0,1137301.1770994496,5162899.532047228,3562433.131190345,11.312080354378809,6,True,0.28082769239942235,0.9999745949951151,1137298.3585277006,5162891.838813987,3562432.9940879075,1137301.1770994496,5162899.532047228,3562433.131190345,9.481679503249396,1.7180143031018034
22860.0,1137302.2999067637,5162907.537746901,3562430.697026006,17.821128531756088,6,True,1.4154670337835948,0.9999368521474419,1137299.4240920488,5162896.083070362,3562432.3730699266,1137302.2999067637,5162907.537746901,3562430.697026006,17.487480677815565,5.666484202708825
22890.0,1137296.5607001984,5162886.27060569,3562432.102899495,-1.8565857243244452,6,True,0.9887877255678177,0.9999748214925304,1137298.6398292636,5162893.395505657,3562432.2990721553,1137296.5607001984,5162886.27060569,3562432.102899495,4.677106756221468,2.9175968353277306
22920.0,1137295.1344063638,5162881.722519753,3562434.8930017045,-3.9554141389214728,6,True,0.507805964599053,0.999977859330847,1137297.6798797543,5162890.198893605,3562433.0094119543,1137295.1344063638,5162881.722519753,3562434.8930017045,9.874243840598307,1.4157547027163848
22950.0,1137296.9204394943,5162882.494680704,3562430.278604199,-4.865755269998523,6,True,0.25350027283032733,0.9999721518857866,1137297.4724008532,5162888.0941044465,3562432.263355916,1137296.9204394943,5162882.494680704,3562430.278604199,8.33631398234115,2.657383645379918
22980.0,1137301.7679288315,5162904.577718654,3562431.8771815184,14.1010140449323,6,True,0.6582856190701326,0.9999574372118015,1137298.6409187722,5162892.578162907,3562432.1583044054,1137301.7679288315,5162904.577718654,3562431.8771815184,14.439413581988413,2.089997769897366
23010.0,1137307.825030843,5162913.112138599,3562433.490293452,23.065106865126133,6,True,0.6258225093285242,0.9999164582007817,1137301.1121046653,5162898.103277438,3562432.5167051433,1137307.825030843,5162913.112138599,3562433.490293452,24.489837682852503,8.043983601902172
23040.0,1137293.8552057312,5162874.975108148,3562435.4716487327,-10.363713862290888,6,True,0.19307464609543482,0.9999552843774988,1137299.1322133979,5162891.793246001,3562433.322898954,1137293.8552057312,5162874.975108148,3562435.4716487327,16.60246612071529,1.9879545302268962
23070.0,1137299.6775216947,5162895.730414839,3562434.640079797,7.265390377695405,6,True,0.6926841673751672,0.9999629285132959,1137299.28120617,5162892.868985548,3562433.6827878947,1137299.6775216947,5162895.730414839,3562434.640079797,5.9964557193845165,3.035622650242978
23100.0,1137299.9858108377,5162897.523579733,3562430.7163111162,8.14611080241146,6,True,0.554384725789229,0.9999774160355075,1137299.474366717,5162894.144997473,3562432.8695570105,1137299.9858108377,5162897.523579733,3562430.7163111162,7.2691782387779655,3.8747448658194426
23130.0,1137299.0410511803,5162894.059059012,3562431.813801004,5.53353013674775,6,True,0.0771910051504771,0.9999835920040738,1137299.3555164488,5162894.121426176,3562432.5799830765,1137299.0410511803,5162894.059059012,3562431.813801004,3.5925640293078747,3.7649688838414566
23160.0,1137300.6521052679,5162903.048778618,3562428.9365535723,12.462352630432113,6,True,0.40628646065791446,0.9999642622280637,1137299.7088127364,5162896.55396333,3562431.5872164425,1137300.6521052679,5162903.048778618,3562428.9365535723,13.069113347455545,6.17164689112031
23190.0,1137291.9596686787,5162878.615593551,3562436.415934507,-7.719650008340047,6,True,0.24861197794477144,0.9999644119637239,1137297.5960293086,5162891.663114727,3562432.903753524,1137291.9596686787,5162878.615593551,3562436.415934507,14.310327784308583,1.786823354998585
23220.0,1137301.0857808616,5162894.901445001,3562431.5308631365,6.39438839426003,6,True,0.7958527617156506,0.999973328806623,1137298.5502206765,5162892.548560795,3562432.52836859,1137301.0857808616,5162894.901445001,3562431.5308631365,5.095849683082921,2.1313860841557166
23250.0,1137293.2083385778,5162884.630244079,3562438.4502622173,-2.5060963135638765,6,True,1.3802442252635956,0.9999118932806407,1137297.115635476,5162890.4220631,3562434.1187183578,1137293.2083385778,5162884.630244079,3562438.4502622173,10.269974219736952,2.6148730772999085
23280.0,1137295.0201130975,5162889.078252772,3562433.7616978283,0.906374080141805,6,True,0.5683602541685104,0.9999656835932834,1137296.5422498733,5162890.0543640945,3562434.0210289066,1137295.0201130975,5162889.078252772,3562433.7616978283,4.219208940612544,2.929266282613202
23310.0,1137298.9872989897,5162883.2417798545,3562434.419172569,-2.0456798126768336,6,True,0.1145433063308398,0.9999691434660835,1137297.2110732044,5162888.190836997,3562434.1299378723,1137298.9872989897,5162883.2417798545,3562434.419172569,7.6888806002096715,3.4587215180054933
23340.0,1137298.1796151628,5162886.795822662,3562432.427231737,-0.2426773765836141,6,True,1.148151113341252,0.9999627221007086,1137297.4752883408,5162887.810281565,3562433.6654451056,1137298.1796151628,5162886.795822662,3562432.427231737,3.758062137061702,3.37709612280506
23370.0,1137297.0959039512,5162877.098909472,3562431.011312934,-9.139363249701008,6,True,0.29781528065601987,0.9999404973037531,1137297.3724618694,5162884.907124171,3562432.9460822293,1137297.0959039512,5162877.098909472,3562431.011312934,13.513277732024038,5.8067479725651046
23400.0,1137300.7679912385,5162895.80654753,3562435.1502725068,8.626132727138199,6,True,0.7962521016597748,0.9999658317583549,1137298.300606094,5162887.8864053795,3562433.5485822386,1137300.7679912385,5162895.80654753,3562435.1502725068,6.591430826231437,3.0864443890404996
23430.0,1137290.2059777135,5162882.326224599,3562433.428820583,-5.54962284817873,6,True,0.2174753062427044,0.9999267588959854,1137296.1144028446,5162886.384707621,3562433.516236922,1137290.2059777135,5162882.326224599,3562433.428820583,11.773892630139429,5.037724938900329
23460.0,1137302.035297264,5162893.234294155,3562433.879404058,6.046285687685666,6,True,0.1324042665461699,0.9999647037865323,1137297.7339142049,5162888.258239291,3562433.615572134,1137302.035297264,5162893.234294155,3562433.879404058,4.842755155758371,2.9217482546082074
23490.0,1137296.2281087262,5162886.344312096,3562433.008468481,-1.9158062358556434,6,True,0.9309004756311575,0.9999738487238782,1137297.32145069,5162887.733984897,3562433.4492770117,1137296.2281087262,5162886.344312096,3562433.008468481,4.880593515471242,3.386770272582369
23520.0,1137294.572083032,5162878.741285689,3562434.3713623737,-6.517284037665475,6,True,0.8432817682623863,0.9999663374907151,1137296.5708497432,5162885.2789009,3562433.7010142226,1137294.572083032,5162878.741285689,3562434.3713623737,12.651985348500027,5.858374602449348
23550.0,1137298.8953547915,5162891.899961838,3562427.9986466425,2.661778871242756,6,True,0.43962039053440094,0.999972538348966,1137297.2064760958,5162887.089402803,3562432.1417252426,1137298.8953547915,5162891.899961838,3562427.9986466425,4.186744846623535,3.6722809127809652
23580.0,1137295.3965996138,5162885.509382119,3562433.625921319,-2.6110735883003913,6,True,0.6709561596314112,0.9999794042709366,1137296.7108174125,5162886.656693179,3562432.5481920266,1137295.3965996138,5162885.509382119,3562433.625921319,6.14144684980872,4.3053348929998245
23610.0,1137303.3458032636,5162892.49733446,3562435.8426103154,4.931741029209747,6,True,0.7587971041599909,0.9999406777063703,1137298.506652288,5162888.237529603,3562433.4398640497,1137303.3458032636,5162892.49733446,3562435.8426103154,6.507519308903056,2.7228733372029112
23640.0,1137303.5695061197,5162895.780200222,3562434.064878146,8.688615361774549,6,True,0.8364451564848423,0.9999423802050322,1137299.8802097763,5162890.283863954,3562433.6094310214,1137303.5695061197,5162895.780200222,3562434.064878146,7.593832139062977,2.157659575757535
23670.0,1137299.4711777836,5162888.95819939,3562430.179688482,0.48131454920112715,6,True,0.2129550762474537,0.9999788525970131,1137299.7679702921,5162889.920098015,3562432.6683003996,1137299.4711777836,5162888.95819939,3562430.179688482,2.511816048467086,1.5440060825034507
23700.0,1137298.5149917821,5162891.49394247,3562435.6332407957,3.83610768080789,6,True,0.46610448757807416,0.9999743043592862,1137299.425149124,5162890.350709706,3562433.479522876,1137298.5149917821,5162891.49394247,3562435.6332407957,3.8338816455544826,1.78937458346088
23730.0,1137298.7411314577,5162893.936757541,3562432.0397483446,5.239767477141453,6,True,0.5634413560231527,0.9999782717570717,1137299.2378944806,5162891.332415504,3562433.085374479,1137298.7411314577,5162893.936757541,3562432.0397483446,3.4412116272005777,1.5828114925195547
23760.0,1137308.0862861557,5162909.119021976,3562431.850943011,18.653057966810216,6,True,0.4352535232901573,0.9999058261705502,1137301.6091006252,5162896.098898738,3562432.754569561,1137308.0862861557,5162909.119021976,3562431.850943011,20.919460557502017,6.433598382078518
23790.0,1137291.677869529,5162879.2249402525,3562429.9213324226,-8.870924422964881,6,True,0.5998134439190229,0.9999215893790707,1137298.9254591297,5162891.53917651,3562431.9889653097,1137291.677869529,5162879.2249402525,3562429.9213324226,13.35544275953393,1.1058656009862813
23820.0,1137302.3186560648,5162900.37371758,3562425.350425336,10.845603571929692,6,True,0.6235635181268057,0.9999636299080574,1137299.8545497854,5162893.958160645,3562430.171267848,1137302.3186560648,5162900.37371758,3562425.350425336,12.448663880172985,4.092534981764586
23850.0,1137299.779469764,5162902.233796744,3562430.524194992,11.421266188903205,6,True,1.039327358206113,0.9999537721055757,1137299.8340865737,5162896.2137020035,3562430.267458855,1137299.779469764,5162902.233796744,3562430.524194992,11.879177677007696,6.086104402562242
23880.0,1137290.8826696605,5162875.647998753,3562429.8243682105,-12.285249726189454,6,True,0.5056231456498305,0.9999021451856028,1137297.4310580571,5162890.692791532,3562430.1485101497,1137290.8826696605,5162875.647998753,3562429.8243682105,16.846210023973402,2.1087689703325116
23910.0,1137295.9545048682,5162887.105242881,3562433.806678855,-0.1732013189564132,6,True,0.3752480745315552,0.9999819228139557,1137297.024411967,5162889.704772513,3562431.1559780906,1137295.9545048682,5162887.105242881,3562433.806678855,4.665994695205877,1.882600941845022
23940.0,1137303.581962133,5162894.576234922,3562431.346826192,7.69450778010693,6,True,0.7467005948225657,0.9999593999153564,1137298.8132082939,5162891.033630676,3562431.2080384446,1137303.581962133,5162894.576234922,3562431.346826192,6.505001067656167,0.9354627389742938
23970.0,1137294.625082319,5162886.050232098,3562433.067376241,-1.216858691134145,6,True,0.23897398759921393,0.9999729669278452,1137297.6666795155,5162889.6693904605,3562431.717045171,1137294.625082319,5162886.050232098,3562433.067376241,6.039610428883224,1.2285461237094566
24000.0,1137305.256338067,5162909.899221549,3562431.319636234,19.22111118543851,6,True,0.8411487080156803,0.9999578084379646,1137299.7333987425,5162895.1781206075,3562431.608827827,1137305.256338067,5162909.899221549,3562431.319636234,20.53401507806389,4.834801308224049
24030.0,1137305.003062439,5162909.158041395,3562431.7036339347,19.132261414473014,6,True,0.35104016462961835,0.9999629576723049,1137301.1710092833,5162898.991965787,3562431.634691766,1137305.003062439,5162909.158041395,3562431.7036339347,19.74298988403912,8.891155308276375
24060.0,1137292.9671947807,5162882.306442413,3562440.730932695,-3.294658268473153,6,True,0.18971769139170647,0.9999359377099754,1137298.9504502558,5162894.47562896,3562434.0968073956,1137292.9671947807,5162882.306442413,3562440.730932695,13.256756691923862,4.543514612944636
24090.0,1137301.4071484844,5162898.192521305,3562430.525765644,8.952358088013373,6,True,0.8889301605522633,0.9999751992019585,1137299.6239451896,5162895.494601552,3562433.117819215,1137301.4071484844,5162898.192521305,3562430.525765644,8.324631633016505,5.243539631511731
24120.0,1137290.6723710583,5162882.614645728,3562431.274230369,-4.918655644710545,6,True,0.0385968362291654,0.9999162155158935,1137297.214570249,5162892.027876891,3562432.621605175,1137290.6723710583,5162882.614645728,3562431.274230369,11.163052216214536,2.1379087461206847
24150.0,1137296.9952220537,5162896.139571223,3562430.550852378,7.19942105283081,6,True,0.7617828647295634,0.9999586309778326,1137297.1546552524,5162893.150986894,3562432.0559786977,1137296.9952220537,5162896.139571223,3562430.550852378,6.005870947845351,2.992897854397943
24180.0,1137301.856724196,5162891.489567818,3562430.4228513706,3.672518706044934,6,True,0.919983352224032,0.9999660724751533,1137298.440448784,5162892.696667332,3562431.6093955915,1137301.856724196,5162891.489567818,3562430.4228513706,3.770948585364205,2.219366974920918
24210.0,1137300.359563825,5162894.397538004,3562428.7202962628,5.245234830697053,6,True,0.7265575838585695,0.9999708443251896,1137298.965447155,5162893.161962176,3562430.81904566,1137300.359563825,5162894.397538004,3562428.7202962628,5.363348755375471,2.9123429014228
24240.0,1137299.0438265963,5162885.251465072,3562432.741469063,-2.3024729946667417,6,True,1.1015508535007636,0.9999591283116903,1137298.9868000115,5162891.006910972,3562431.3427701257,1137299.0438265963,5162885.251465072,3562432.741469063,5.337351091910395,0.8915239734743463
24270.0,1137298.363451944,5162891.83622881,3562434.8238912765,4.396973631667293,6,True,1.1395513465007145,0.9999624831720001,1137298.8167749275,5162891.23311659,3562432.292284445,1137298.363451944,5162891.83622881,3562434.8238912765,3.1915657174459424,0.8597028955552051
24300.0,1137307.2236937624,5162901.805815582,3562428.785296015,13.158123925336815,6,True,1.631742422779401,0.9998826541411505,1137301.057918263,5162894.051620533,3562431.3573802426,1137307.2236937624,5162901.805815582,3562428.785296015,14.593958286367725,4.386530156446382
24330.0,1137300.56926148,5162890.000725477,3562427.665101866,0.37623874905553284,6,True,0.3629486449062824,0.9999552143489259,1137300.924325754,5162892.944157682,3562430.3479586015,1137300.56926148,5162890.000725477,3562427.665101866,4.747873028689421,3.758815408857386
24360.0,1137304.1990338624,5162890.466697693,3562432.8858431526,4.038713459684983,6,True,0.864049651970466,0.9999441946682717,1137301.8152454663,5162892.270137932,3562431.0384175065,1137304.1990338624,5162890.466697693,3562432.8858431526,5.735666648573677,3.823631932592499
24390.0,1137303.0546302376,5162892.165815649,3562428.479247806,2.9210646623635004,6,True,0.47955474629998207,0.9999626267699129,1137302.1541270688,5162892.241613374,3562430.338670705,1137303.0546302376,5162892.165815649,3562428.479247806,5.917707366811466,4.31154033348828
24420.0,1137302.7350033917,5162897.631536152,3562432.6793978987,10.513070023121642,6,True,0.6302488346894582,0.9999636534330377,1137302.312811615,5162893.714039458,3562430.9781135907,1137302.7350033917,5162897.631536152,3562432.6793978987,8.303320612630388,5.0420765686403834
24450.0,1137289.027836442,5162863.3975283485,3562439.8770057186,-21.281592079553313,6,True,0.4266186406215032,0.9997983763289652,1137298.8530591005,5162885.818832717,3562433.295616184,1137289.027836442,5162863.3975283485,3562439.8770057186,29.806311331397602,4.8890116940168395
24480.0,1137296.641775123,5162879.479845974,3562431.3937031203,-7.045416898888433,6,True,1.6567829127113025,0.9999188494397702,1137298.2518640293,5162884.095414275,3562432.7785316436,1137296.641775123,5162879.479845974,3562431.3937031203,11.198845062808532,6.470117764575946
24510.0,1137295.6173743305,5162882.961581505,3562433.070977513,-3.8069596962530463,6,True,0.3550933748483658,0.9999806604010782,1137297.5242259437,5162883.782253094,3562432.859304308,1137295.6173743305,5162882.961581505,3562433.070977513,8.169366256653669,6.860869882688842
24540.0,1137299.006114018,5162893.996397871,3562431.623037089,5.178911913818517,6,True,1.1183581749598186,0.9999555875397289,1137297.9287432155,5162886.570451509,3562432.521835203,1137299.006114018,5162893.996397871,3562431.623037089,3.5372146399365083,4.024114594261007
24570.0,1137308.147148042,5162903.899747596,3562425.529866438,13.354298743753231,6,True,0.4326319731771946,0.9999435572089209,1137300.7058193753,5162891.280068699,3562430.6216139747,1137308.147148042,5162903.899747596,3562425.529866438,17.68213095937918,2.643811247281289
24600.0,1137303.2487914166,5162899.850003981,3562426.8648687745,9.85620169317474,6,True,0.5250508586565653,0.9999712011224755,1137301.402552534,5162893.628092186,3562429.5923266266,1137303.2487914166,5162899.850003981,3562426.8648687745,11.625732207019116,4.837644196086133
24630.0,1137299.411430308,5162889.062117229,3562435.6319372687,2.736567541265541,6,True,0.8104062403241793,0.9999685509079191,1137300.8582400158,5162892.379892907,3562431.243373275,1137299.411430308,5162889.062117229,3562435.6319372687,4.066339791627537,3.0579240270203654
24660.0,1137298.3817047288,5162891.4875971535,3562429.934214294,2.1168075481071678,6,True,0.030194441477457683,0.99998498999025,1137300.1784506375,5162892.13496477,3562430.8840194736,1137298.3817047288,5162891.4875971535,3562429.934214294,2.2311254342147233,2.5356000906380483
24690.0,1137297.7234699351,5162890.045277689,3562432.3803354856,0.6113252601460184,6,True,0.13579359898964563,0.9999858116548583,1137299.505276682,5162891.56195704,3562431.2943204455,1137297.7234699351,5162890.045277689,3562432.3803354856,1.041794517566009,1.5651817884049497
24720.0,1137298.1912445037,5162896.643617034,3562433.8588402024,7.844206967363944,6,True,0.2837158168355624,0.9999625531440581,1137299.147620733,5162892.945093586,3562431.9923366453,1137298.1912445037,5162896.643617034,3562433.8588402024,6.446170640754829,2.5164557121075637
24750.0,1137300.0693991124,5162902.620959075,3562434.1157491542,13.20194743651846,6,True,1.543539819618066,0.9999127893878063,1137299.3951920867,5162895.543838764,3562432.5626430456,1137300.0693991124,5162902.620959075,3562434.1157491542,12.407731600285949,5.151296372851576
24780.0,1137300.787679572,5162896.3522124365,3562427.649091013,6.7966517622119715,6,True,0.6805583400030931,0.9999734607444772,1137299.7770111405,5162895.765494236,3562431.2153506586,1137300.787679572,5162896.3522124365,3562427.649091013,7.587686685155508,5.452107653374772
24810.0,1137296.2399762177,5162883.352535654,3562429.9943038486,-5.3228786392697724,6,True,0.8716188917557398,0.9999740027394944,1137298.8086317326,5162892.367039388,3562430.8810490156,1137296.2399762177,5162883.352535654,3562429.9943038486,7.757707233748621,2.155156372741522
24840.0,1137304.7397071691,5162901.918761985,3562428.004561824,12.979037081190658,6,True,0.23824906225005785,0.9999728497666256,1137300.4304331471,5162894.978875536,3562430.0944984066,1137304.7397071691,5162901.918761985,3562428.004561824,13.56899009851131,5.1924476150387955
24870.0,1137299.3893344041,5162891.975301853,3562433.617282773,3.2187662450346775,6,True,1.315923497080803,0.9999581153744288,1137300.1470754512,5162894.161387546,3562431.053300891,1137299.3893344041,5162891.975301853,3562433.617282773,2.39385548936577,4.089361702764587
24900.0,1137305.0641938515,5162901.68630637,3562432.972687898,12.932175066392636,6,True,0.4324682466685772,0.9999434882718778,1137301.480595053,5162896.20214108,3562431.573837512,1137305.0641938515,5162901.68630637,3562432.972687898,12.987342970122379,6.421242779930509
24930.0,1137297.062281521,5162888.937862672,3562435.0850919276,1.5687961853881947,6,True,0.15791662161548933,0.9999786271544774,1137300.2687954006,5162894.209785855,3562432.53686036,1137297.062281521,5162888.937862672,3562435.0850919276,3.821048579821692,4.133386146152412
24960.0,1137299.688567867,5162903.248967758,3562435.4736077287,14.475793496894301,6,True,0.2692569817105929,0.9999117780679438,1137300.112897458,5162896.638470777,3562433.3259178353,1137299.688567867,5162903.248967758,3562435.4736077287,13.278927179003428,6.4850503882781645
24990.0,1137302.0367399934,5162887.924241396,3562428.9180241153,0.315899274739055,6,True,0.28970031688610715,0.9999288047359064,1137300.6339177554,5162894.278459342,3562432.132160002,1137302.0367399934,5162887.924241396,3562428.9180241153,5.284079755966634,4.320201547589829
25020.0,1137294.3159320639,5162881.991501562,3562428.9936912274,-5.331981497630137,6,True,0.9675131589174271,0.9999537041659815,1137298.9094669125,5162890.924818524,3562431.275536485,1137294.3159320639,5162881.991501562,3562428.9936912274,9.946854398888862,0.8600689139688527
25050.0,1137299.189792334,5162899.759605573,3562435.762504662,10.807331108117541,6,True,0.4153563392659028,0.9999420215076325,1137298.985643385,5162893.325610104,3562432.4948387,1137299.189792334,5162899.759605573,3562435.762504662,10.0395516175656,2.912367155975989
25080.0,1137305.8329045668,5162900.171373096,3562433.207152409,12.067215767239508,6,True,0.17371143276492754,0.9999177584578671,1137300.8336532058,5162895.173215578,3562432.687085307,1137305.8329045668,5162900.171373096,3562433.207152409,12.175456667576423,5.2562774731299555
25110.0,1137297.6965138565,5162890.965095966,3562435.520900689,3.5578792000842543,6,True,0.23884190370639166,0.9999780282152388,1137299.9709915526,5162894.016051992,3562433.466337865,1137297.6965138565,5162890.965095966,3562435.520900689,3.718555818441374,4.091439620399266
25140.0,1137299.9061355172,5162893.352456505,3562435.3892331226,6.134335125644546,6,True,0.7512460127472878,0.9999649067105495,1137299.9532716386,5162893.834744965,3562433.9917097664,1137299.9061355172,5162893.352456505,3562435.3892331226,4.6844086731825225,4.1640318151236695
25170.0,1137300.962196906,5162898.659428269,3562433.305153629,10.572631373287795,6,True,0.972859022517999,0.9999703567780128,1137300.2291799327,5162895.154139159,3562433.80395896,1137300.962196906,5162898.659428269,3562433.305153629,8.617914516551313,5.290247455851241
25200.0,1137297.8828012734,5162897.558487481,3562434.830386784,9.564244979630713,6,True,0.5914524160325527,0.9999449539876353,1137299.5926055724,5162895.806440734,3562434.0824296293,1137297.8828012734,5162897.558487481,3562434.830386784,7.657072910315477,5.819012592153706
25230.0,1137300.8783742029,5162898.843813435,3562429.3940621815,9.470321105893134,6,True,0.3880327952404817,0.9999742993257158,1137299.94477366,5162896.638367809,3562432.7983001526,1137300.8783742029,5162898.843813435,3562429.3940621815,9.024960342196861,6.352979827708117
25260.0,1137303.1175473393,5162893.431179886,3562427.2996789576,4.468136539352715,6,True,0.5940339813629786,0.9999363015517846,1137300.8034203488,5162895.770407605,3562431.310210122,1137303.1175473393,5162893.431179886,3562427.2996789576,7.136651754504173,5.765058023149897
25290.0,1137299.6057549769,5162889.079662597,3562430.7682149876,1.9572605196799777,6,True,1.135783139616251,0.999959655953776,1137300.4766005536,5162893.9446322555,3562431.1623100964,1137299.6057549769,5162889.079662597,3562430.7682149876,2.1220004549821176,4.021190371262032
25320.0,1137291.598582246,5162888.869174951,3562437.149757976,0.5290302585522051,6,True,0.1275741048157215,0.9998787378431945,1137298.1105490373,5162892.59198879,3562432.7580051767,1137291.598582246,5162888.869174951,3562437.149757976,8.840407949558328,2.28858654360477
25350.0,1137299.2735958875,5162883.141353961,3562431.9552407786,-3.7581842602525266,6,True,0.1433062988022963,0.9999464566729581,1137298.4279221406,5162890.013092418,3562432.538946221,1137299.2735958875,5162883.141353961,3562431.9552407786,7.397756178232679,0.7902585444657722
25380.0,1137296.7588332945,5162888.402882369,3562432.217409914,1.081317244457074,6,True,0.4976634979248047,0.9999813715924667,1137297.9685698433,5162889.569944238,3562432.45045576,1137296.7588332945,5162888.402882369,3562432.217409914,2.7710986135252016,1.2134589969266014
25410.0,1137298.9315318724,5162880.957350577,3562429.699996912,-7.151592231922159,6,True,0.7242021610339483,0.999920181338656,1137298.2282491198,5162887.247410199,3562431.7087472165,1137298.9315318724,5162880.957350577,3562429.699996912,9.810256484040442,3.2782718850571073
25440.0,1137301.9111700233,5162887.102564126,3562432.336448116,0.7661575611146697,6,True,0.22153236220280328,0.9999436668178022,1137299.2301142213,5162887.208007717,3562431.879500714,1137301.9111700233,5162887.102564126,3562432.336448116,4.802898114912404,3.3660730821454896
25470.0,1137293.5441875393,5162883.48095268,3562435.0495162476,-3.395054102544708,6,True,0.23941208918889365,0.9999714181129576,1137297.671419053,5162886.186302196,3562432.748503811,1137293.5441875393,5162883.48095268,3562435.0495162476,9.167176132680163,4.479389331649839
25500.0,1137292.0560968902,5162879.847046171,3562434.773528186,-7.907421906480417,6,True,0.845045962681373,0.999960956654951,1137296.1393366081,5162884.456701901,3562433.301010721,1137292.0560968902,5162879.847046171,3562434.773528186,12.795515891925675,6.6497258676347775
25530.0,1137302.3250300547,5162894.997519545,3562432.675363312,6.661093595459489,6,True,1.0603106232980888,0.9999711599699357,1137297.8314658855,5162887.340198521,3562433.1298615513,1137302.3250300547,5162894.997519545,3562432.675363312,5.920734575028493,3.4569816579820776
25560.0,1137291.313973565,5162870.442585104,3562434.568001577,-15.485608489261454,6,True,0.36257846529285115,0.9999540590459998,1137296.0586356178,5162882.743860076,3562433.5210516043,1137291.313973565,5162870.442585104,3562434.568001577,21.486016842877365,8.301311007174599
25590.0,1137293.149271118,5162874.7391548,3562428.8418832235,-13.636010542944275,6,True,0.8706465760866801,0.999950939191308,1137295.2675060157,5162880.5671787765,3562432.24866768,1137293.149271118,5162874.7391548,3562428.8418832235,16.945003233245377,10.466870265076242
25620.0,1137299.9609869295,5162893.822942433,3562435.0375381135,6.61201736421787,6,True,0.4952417661746343,0.9999762863143731,1137296.5537308978,5162884.19985426,3562433.0129436217,1137299.9609869295,5162893.822942433,3562435.0375381135,4.763309826325148,6.6979631127594
25650.0,1137298.5023069722,5162889.438392489,3562430.0663437685,1.8155172636344359,6,True,0.4700213087101777,0.9999818877186373,1137297.087954485,5162885.636057199,3562432.205100826,1137298.5023069722,5162889.438392489,3562430.0663437685,2.1464743716933503,5.08743307010779
25680.0,1137299.7861296227,5162886.371225469,3562429.9601859725,-1.038517307244075,6,True,1.0315330338974793,0.9999365854807486,1137297.8174292133,5162885.8348162295,3562431.598168893,1137299.7861296227,5162886.371225469,3562429.9601859725,4.742794712264183,4.735943108498079
25710.0,1137299.167338042,5162892.482973995,3562430.6130729103,3.554030782925961,6,True,0.7770844660699368,0.9999816147574044,1137298.1879072443,5162887.659381227,3562431.3278125455,1137299.167338042,5162892.482973995,3562430.6130729103,2.4582393108718894,2.928303850978208
25740.0,1137292.059498095,5162879.022194133,3562432.7603987795,-7.650195968770495,6,True,0.7812824112673601,0.9999436902167271,1137296.526647173,5162885.318053535,3562431.716151224,1137292.059498095,5162879.022194133,3562432.7603987795,13.211492724093354,5.567553281141415
25770.0,1137287.76254459,5162866.884033618,3562437.485134897,-17.785493863411343,6,True,1.2479565938313801,0.9998528716633428,1137294.2085204322,5162880.442209818,3562433.2420616285,1137287.76254459,5162866.884033618,3562437.485134897,26.550904761508612,11.033365977135315
25800.0,1137298.433639995,5162891.648969513,3562431.4451707033,3.1132178426860593,6,True,0.21147258207201958,0.9999865145826137,1137295.3763259298,5162883.5397116495,3562432.7454084405,1137298.433639995,5162891.648969513,3562431.4451707033,1.2490992825666163,7.693163247668051
25830.0,1137294.8082247633,5162883.531099397,3562429.5797343263,-4.285464965650592,6,True,0.8385288293162981,0.9999627825650544,1137295.2210601897,5162883.537357865,3562431.880209136,1137294.8082247633,5162883.531099397,3562429.5797343263,8.25128082755145,7.717667902519559
25860.0,1137300.5646549254,5162892.098392616,3562429.1862694556,3.8047209158287187,6,True,0.5715785933037599,0.9999766575103117,1137296.6859060163,5162885.884204257,3562431.1417163247,1137300.5646549254,5162892.098392616,3562429.1862694556,3.7624741456453497,5.0403917709558375
25890.0,1137297.995901187,5162889.927513049,3562430.9957286376,1.5915778631223836,6,True,0.687308715035518,0.9999754560155064,1137297.0444232072,5162886.990769947,3562431.1017626696,1137297.995901187,5162889.927513049,3562430.9957286376,1.2262456446005443,3.907565753618182
25920.0,1137295.08325426,5162885.145207413,3562434.7759119202,-0.9841419280436414,6,True,0.6530338687201341,0.9999769198366364,1137296.5078016305,5162886.485780982,3562432.1070956197,1137295.08325426,5162885.145207413,3562434.7759119202,6.984351303526422,4.507138104894301
25950.0,1137299.9622192443,5162897.68952107,3562432.8387328945,8.96477387288702,6,True,0.718909160544475,0.9999673963633864,1137297.4500362359,5162889.5417379625,3562432.3066586247,1137299.9622192443,5162897.68952107,3562432.8387328945,7.38138290173315,1.5040604415545968
25980.0,1137300.71268317,5162899.036534239,3562432.785754339,10.029214389591045,6,True,0.35825246199965477,0.9999731687687132,1137298.3417327055,5162892.136709618,3562432.4375976953,1137300.71268317,5162899.036534239,3562432.785754339,8.846397295664156,1.7227304630849622
26010.0,1137303.8272726792,5162901.307204316,3562427.1042734403,11.172442846669222,6,True,0.5144921640555064,0.9999662513797404,1137299.8377412935,5162894.637673769,3562430.98310116,1137303.8272726792,5162901.307204316,3562427.1042734403,12.958876982020993,4.4346773132643
26040.0,1137298.8221438024,5162895.145644666,3562430.1640401096,6.202785229308837,6,True,0.4864507106443246,0.9999772856413753,1137299.5598018633,5162894.776690597,3562430.758948025,1137298.8221438024,5162895.145644666,3562430.1640401096,4.974902924635281,4.546190418422301
26070.0,1137302.5859562035,5162902.590635423,3562428.250294766,12.61906521620043,6,True,0.7838625125586987,0.9999523227953099,1137300.3816670722,5162896.89885909,3562430.0776295583,1137302.5859562035,5162902.590635423,3562428.250294766,13.266106633862142,6.9076574274646765
26100.0,1137299.1443004895,5162884.575269559,3562432.5042556133,-2.0904632956013915,6,True,0.8957719889779886,0.9999530342246288,1137300.0451493538,5162893.547300799,3562430.737581649,1137299.1443004895,5162884.575269559,3562432.5042556133,5.985683727975233,3.5977026108311794
26130.0,1137284.719098268,5162858.568964502,3562437.193592247,-25.880668478390227,6,True,0.40441229691108066,0.9998908920656959,1137295.9481229794,5162884.196740401,3562432.4634303716,1137284.719098268,5162858.568964502,3562437.193592247,35.193882720454695,6.8403630288406525
26160.0,1137300.8285001481,5162898.681574218,3562431.49478267,10.14117756019271,6,True,0.2826196899016698,0.999981399118486,1137297.2921138215,5162888.185670626,3562432.1966777015,1137300.8285001481,5162898.681574218,3562431.49478267,8.502874806610958,2.6472033829569455
26190.0,1137302.444040346,5162905.603823259,3562429.5847925874,15.510321674654305,6,True,1.1528671371440093,0.9999482032689668,1137298.6930820034,5162892.922205107,3562431.486425348,1137302.444040346,5162905.603823259,3562429.5847925874,15.771712820107295,2.464047159164187
26220.0,1137298.4072380706,5162878.725268245,3562431.77629921,-6.956700863461287,6,True,1.1445659051338832,0.9998927920859699,1137298.61655468,5162889.121342284,3562431.564031581,1137298.4072380706,5162878.725268245,3562431.77629921,11.779495870712534,1.4310703854431959
26250.0,1137295.4119061597,5162893.393440178,3562429.5080929524,4.436160739166696,6,True,1.1222068990270297,0.9999492181377658,1137297.7417986847,5162890.287474302,3562431.002832863,1137295.4119061597,5162893.393440178,3562429.5080929524,4.901792757705412,1.2444760798089827
26280.0,1137293.7192077157,5162883.4782179035,3562437.556975808,-2.7635306222406464,6,True,0.2524927295744419,0.9999666070475535,1137296.6398751384,5162888.422188963,3562432.798234009,1137293.7192077157,5162883.4782179035,3562437.556975808,10.21218999224381,2.951031376605215
26310.0,1137295.743745071,5162890.147097754,3562428.6700734347,0.9704714989194211,6,True,0.6887072759370009,0.9999702205257502,1137296.3945708824,5162888.894360898,3562431.6682023373,1137295.743745071,5162890.147097754,3562428.6700734347,4.311855181671779,2.6972084510772936
26340.0,1137303.1180337155,5162899.1083480725,3562429.5077711088,10.071163501465481,6,True,0.5492379168669382,0.9999728052232656,1137298.2343133707,5162891.6892162645,3562431.0770431054,1137303.1180337155,5162899.1083480725,3562429.5077711088,10.042047839661915,1.4933282370430525
26370.0,1137294.1973107632,5162885.853004248,3562432.476363655,-2.7838114635915843,6,True,0.31808850914239883,0.9999666748684173,1137297.1324366967,5162890.096255717,3562431.458979612,1137294.1973107632,5162885.853004248,3562432.476363655,6.388455448308055,1.5423360623269684
26400.0,1137293.9774994275,5162877.435486523,3562432.9079722823,-9.243234225598457,6,True,0.3124174090723197,0.9999766293114737,1137296.2688845652,5162886.63081939,3562431.855589941,1137293.9774994275,5162877.435486523,3562432.9079722823,13.8768366803525,4.491548110928735
26430.0,1137300.9778604489,5162895.363375977,3562431.6842493634,6.749160308337764,6,True,0.4581581341723601,0.9999799806977621,1137297.5582796726,5162889.021937123,3562431.8086740705,1137300.9778604489,5162895.363375977,3562431.6842493634,5.441394247093021,1.783043409706155
26460.0,1137298.247788868,5162885.256113945,3562426.7994198827,-3.1237905021282786,6,True,0.29671352232495946,0.9999544359864113,1137297.745602164,5162887.998856669,3562430.447784352,1137298.247788868,5162885.256113945,3562426.7994198827,7.344212804009929,3.017258618360175
26490.0,1137297.0188391106,5162880.316895835,3562431.564749431,-7.858486063380432,6,True,0.26148509855071705,0.9999678093104851,1137297.5471624527,5162885.901328344,3562430.752767148,1137297.0188391106,5162880.316895835,3562431.564749431,10.306051852893651,4.8532040305180235
26520.0,1137302.7132133201,5162910.339532383,3562431.4543888126,20.678964165060265,6,True,0.5397951640188694,0.9999125493843883,1137298.9353711337,5162892.468303364,3562430.941305223,1137302.7132133201,5162910.339532383,3562431.4543888126,20.275591763297328,2.2344881076690157
26550.0,1137300.6043074082,5162893.243007064,3562433.6366160503,5.819531374291625,6,True,0.34692220638195675,0.9999752274759178,1137299.3933711546,5162892.68090244,3562431.680969423,1137300.6043074082,5162893.243007064,3562433.6366160503,3.8297691868216783,2.350990674126381
26580.0,1137304.3276064948,5162906.486483394,3562429.158064433,15.890300064166546,6,True,0.5608483627438545,0.9999585345528424,1137300.7383800687,5162896.44412575,3562430.9932580623,1137304.3276064948,5162906.486483394,3562429.158064433,17.222313255697173,6.402405907158351
26610.0,1137301.4514821798,5162899.129768464,3562429.866541757,10.165822753556647,6,True,1.444610834121704,0.9999429151530937,1137300.9318805211,5162897.172875633,3562430.6875232854,1137301.4514821798,5162899.129768464,3562429.866541757,9.334530422197401,7.192634617053219
26640.0,1137296.6196950367,5162880.938329586,3562432.777571442,-5.724480084992232,6,True,0.12175322448213895,0.9999768396621227,1137299.749308017,5162892.720718406,3562431.260697489,1137296.6196950367,5162880.938329586,3562432.777571442,9.793013890376368,2.61140707859934
26670.0,1137297.7918381477,5162886.400547357,3562433.453429661,-1.2025683554589006,6,True,0.38341932867964107,0.999979218014694,1137299.2129192345,5162890.988855808,3562431.861553195,1137297.7918381477,5162886.400547357,3562433.453429661,4.440363358520309,0.8297868265960306
26700.0,1137295.0522507003,5162885.12814842,3562434.0862418427,-2.6866756739791553,6,True,0.47076348091165227,0.9999800787397194,1137298.0735704007,5162889.383971863,3562432.470757316,1137295.0522507003,5162885.12814842,3562434.0862418427,6.7623673905122095,1.32887121745114
26730.0,1137299.1975384697,5162890.920810066,3562431.0302244597,2.9679104653050965,6,True,0.15397449706991514,0.9999854003864532,1137298.3816630703,5162889.80523702,3562432.0758905704,1137299.1975384697,5162890.920810066,3562431.0302244597,1.1879426894578236,0.731066190615195
26760.0,1137293.4548318775,5162872.942987551,3562432.2869241037,-12.015177417354527,6,True,1.150737751275301,0.9999177170839162,1137297.0579414684,5162885.27475424,3562432.132590229,1137293.4548318775,5162872.942987551,3562432.2869241037,18.285993892538684,5.439024711872421
26790.0,1137295.505473752,5162884.963330606,3562433.712251718,-1.9956439749503059,6,True,0.7389923396209875,0.999980673316143,1137296.6317263267,5162885.189255864,3562432.5662711607,1137295.505473752,5162884.963330606,3562433.712251718,6.564750072608997,5.6830018269825215
26820.0,1137299.2382536733,5162888.6381890355,3562434.110852019,2.0672656381281063,6,True,0.7265450023114681,0.9999759741057257,1137297.3451449384,5162886.1332448535,3562432.989030098,1137299.2382536733,5162888.6381890355,3562434.110852019,2.952450762632651,4.653299933764951
26850.0,1137301.5334435836,5162896.185349438,3562436.187356609,8.43841632334895,6,True,1.4019910333057244,0.9999126166065757,1137298.4701442232,5162888.833293591,3562433.848117604,1137301.5334435836,5162896.185349438,3562436.187356609,7.704216017082045,2.544279762876723
26880.0,1137297.755244877,5162889.417611863,3562438.3363713273,2.304072599893687,6,True,0.20413786669572195,0.9999720009031976,1137298.2741848368,5162888.993459704,3562435.0783823263,1137297.755244877,5162889.417611863,3562438.3363713273,6.545566934060071,3.502161923247342
26910.0,1137305.340484344,5162900.324568344,3562431.276324698,12.493133417871054,6,True,0.3055917943517367,0.9999421306717989,1137300.1914397154,5162892.067858589,3562434.046793794,1137305.340484344,5162900.324568344,3562431.276324698,11.961879162882356,3.1057463904315523
26940.0,1137299.5271632134,5162894.888049458,3562427.7683154624,5.019851012817929,6,True,0.41091399764021236,0.9999718666608067,1137300.0095086757,5162892.840248182,3562432.3272536816,1137299.5271632134,5162894.888049458,3562427.7683154624,6.124835722812519,2.7873575079442943
26970.0,1137290.4386681246,5162884.863456455,3562432.075637368,-3.3563201846396273,6,True,0.3481207725902398,0.9999317086582404,1137297.4215326854,5162890.683306443,3562432.259216086,1137290.4386681246,5162884.863456455,3562432.075637368,9.87509376271991,1.183381966144275
27000.0,1137300.5029774865,5162887.077949457,3562434.7935060197,0.014815668089448298,6,True,0.2177176388601462,0.9999728171434455,1137298.2660143923,5162889.695244602,3562432.9537479137,1137300.5029774865,5162887.077949457,3562434.7935060197,4.875500482228645,1.3334590469122014
27030.0,1137294.2756004573,5162872.2542452775,3562431.24535564,-13.812796910172027,6,True,0.33201202129324275,0.9999236920353745,1137297.189321392,5162884.989316296,3562432.4927897193,1137294.2756004573,5162872.2542452775,3562431.24535564,18.753704330386757,5.70542281668992
27060.0,1137299.3488936303,5162893.500917324,3562429.9049086766,5.168702784443591,6,True,1.3383892886340618,0.9999601695109837,1137297.779323358,5162887.3147126185,3562431.785772433,1137299.3488936303,5162893.500917324,3562429.9049086766,3.7062053760248856,3.281776669981963
27090.0,1137294.405231854,5162882.702491988,3562429.2602896146,-6.229096565462135,6,True,0.8064082649846872,0.9999610952682059,1137296.858188171,5162886.055565168,3562431.096309481,1137294.405231854,5162882.702491988,3562429.2602896146,9.225005994295016,4.828574143461989
27120.0,1137295.7977102972,5162880.745505439,3562431.121168943,-6.9332128292727395,6,True,0.4844512802859147,0.9999767135446508,1137296.5675420337,5162884.600232259,3562431.103122737,1137295.7977102972,5162880.745505439,3562431.121168943,10.168708190695492,6.279410756457909
27150.0,1137293.2763731494,5162887.012381387,3562430.8312895647,-1.541747113544625,6,True,0.08873432874679565,0.9999540433896368,1137295.6724612678,5162885.256250946,3562431.0291937916,1137293.2763731494,5162887.012381387,3562430.8312895647,6.413728907530277,6.048412941327879
27180.0,1137300.9000002972,5162899.6704883855,3562426.408914536,9.034801445232638,6,True,0.5316900511582693,0.9999578814560369,1137297.0966719042,5162889.183320674,3562429.77042732,1137300.9000002972,5162899.6704883855,3562426.408914536,10.957874696088542,2.915160656741689
27210.0,1137297.3288395645,5162883.375816934,3562431.523492863,-4.4878431696566325,6,True,0.5828539344171683,0.9999693105347145,1137297.1601408706,5162887.59569103,3562430.2496726117,1137297.3288395645,5162883.375816934,3562431.523492863,7.2413653772912685,3.6317064536245023
27240.0,1137301.3716392694,5162909.026635271,3562428.5745759043,18.356844228882828,6,True,0.44511506085594493,0.999928418618385,1137298.2973673483,5162893.382666335,3562429.7973480118,1137301.3716392694,5162909.026635271,3562428.5745759043,19.036290009644105,3.5917247729287523
27270.0,1137305.7439417627,5162898.702531799,3562425.327248694,9.698319027217403,6,True,0.6395337209105492,0.9999362437261742,1137300.316731646,5162894.825309058,3562428.5851451294,1137305.7439417627,5162898.702531799,3562425.327248694,12.754171398275501,5.745653499057797
27300.0,1137297.9050239048,5162888.135127724,3562433.3659722228,1.401533492685911,7,True,1.033718789262431,0.9999725475549885,1137299.6554636008,5162892.990922968,3562429.896003876,1137297.9050239048,5162888.135127724,3562433.3659722228,2.8420695215144365,3.40029225538303
27330.0,1137293.1687451715,5162876.895692353,3562432.0907991943,-10.094506539281182,7,True,1.4880346985799926,0.9999279307578385,1137297.9025283288,5162888.6414359715,3562430.4891133457,1137293.1687451715,5162876.895692353,3562432.0907991943,14.631285293139607,2.4396542581028546
27360.0,1137301.276645096,5162896.611775178,3562429.720821726,7.84161761580009,7,True,0.8844212453280177,0.9999624423057497,1137298.8248873062,5162890.820232506,3562430.2790907766,1137301.276645096,5162896.611775178,3562429.720821726,7.047387128558012,1.7042289231541685
27390.0,1137300.185734378,5162892.144053965,3562432.601220987,3.387366597525994,7,True,0.2076874545642308,0.9999818097436487,1137299.1985584842,5162891.183736925,3562430.9167179936,1137300.185734378,5162892.144053965,3562432.601220987,2.4166477281016276,1.3850931167712301
27420.0,1137296.4285411749,5162887.322308471,3562436.8371286993,-0.19765210737660543,7,True,0.5757130863411086,0.9999727621247746,1137298.4412042235,5162890.127978435,3562432.5354256667,1137296.4285411749,5162887.322308471,3562436.8371286993,6.218759497710705,0.7197009332336941
27450.0,1137294.5429697016,5162884.007474176,3562434.621866364,-2.5379630841400114,7,True,1.4726120978593826,0.999954505452512,1137297.3813564389,5162888.463942358,3562433.102684906,1137294.5429697016,5162884.007474176,3562434.621866364,8.089812326555974,2.6238380433658435
27480.0,1137298.348886411,5162892.28419988,3562434.9157714024,4.191523940696704,7,True,1.0088250626410757,0.999954434648048,1137297.644624031,5162889.503445039,3562433.5960307764,1137298.348886411,5162892.28419988,3562434.9157714024,3.4823874375494985,2.1410099690642252
27510.0,1137297.14721096,5162884.485604855,3562429.3523232066,-3.4551716360801437,7,True,0.7337664482848985,0.9999673126216219,1137297.5087137918,5162888.132399726,3562432.4365049326,1137297.14721096,5162884.485604855,3562429.3523232066,6.693440957195401,2.635844424257278
27540.0,1137298.8955709613,5162884.894767285,3562432.6583570694,-2.0251900039622472,7,True,1.4023420118859835,0.9999540676358397,1137297.8860246213,5162887.251563682,3562432.49686242,1137298.8955709613,5162884.894767285,3562432.6583570694,5.666271259088096,3.3653906575119055
27570.0,1137302.769712004,5162898.559031646,3562434.4383173226,10.132567301648699,7,True,0.16978813175644195,0.9999561315508534,1137299.2161319235,5162890.33123372,3562433.025631594,1137302.769712004,5162898.559031646,3562434.4383173226,9.436729846621006,1.2971361596057562
27600.0,1137296.2253389042,5162886.277281935,3562434.210642094,-1.4220395492643652,7,True,0.7203018931405885,0.9999751463747337,1137298.3969879833,5162889.220902775,3562433.3501923922,1137296.2253389042,5162886.277281935,3562434.210642094,5.332340474735681,1.9190831273365427
27630.0,1137298.954180669,5162886.55393658,3562427.8327330803,-3.2349434954812364,7,True,0.41690548935106825,0.999968544144788,1137298.5491536194,5162888.492571952,3562431.8434107574,1137298.954180669,5162886.55393658,3562427.8327330803,5.705169179995004,2.0122623293167576
27660.0,1137300.1691296916,5162895.001401342,3562432.0398290525,5.548104907754775,7,True,1.2159605100750923,0.9999674702658832,1137298.9913529828,5162890.269264992,3562431.897026392,1137300.1691296916,5162895.001401342,3562432.0398290525,4.784337951400698,0.5060202639742621
27690.0,1137298.5387949967,5162892.309153931,3562426.363566154,2.0147056051165,7,True,0.3399984176669802,0.999963420108978,1137298.8679660885,5162890.825427007,3562430.3883656347,1137298.5387949967,5162892.309153931,3562426.363566154,5.851903588929061,1.6077896109313923
27720.0,1137292.5676842036,5162882.615907543,3562432.5208387724,-5.740711059312564,7,True,1.8039196133613586,0.9999042547635694,1137297.1787475776,5162888.624307676,3562430.960119909,1137292.5676842036,5162882.615907543,3562432.5208387724,9.91303808040257,2.516497208079687
27750.0,1137295.0023992565,5162883.520989386,3562436.092846197,-3.1753394218942934,7,True,0.5079267578465598,0.9999749617332704,1137296.5812277263,5162887.223183621,3562432.3693179768,1137295.0023992565,5162883.520989386,3562436.092846197,8.866817761372667,3.847292038003835
27780.0,1137302.5305334488,5162896.938807567,3562432.8202099004,8.618620052385205,7,True,1.2447074194039618,0.9999567475300881,1137298.20258176,5162889.870965867,3562432.4921987755,1137302.5305334488,5162896.938807567,3562432.8202099004,7.622825116196142,0.9122274465609406
27810.0,1137294.7220738255,5162880.1932461,3562432.8903990192,-6.595132757027457,7,True,1.6783665237682206,0.9998967698262501,1137297.2702907461,5162887.278685848,3562432.59886094,1137294.7220738255,5162880.1932461,3562432.8903990192,11.037136391082381,3.530634978371976
27840.0,1137302.8442241356,5162896.29160919,3562425.474115643,6.716614101736117,7,True,1.2118747191769736,0.9999149231441206,1137298.7760921398,5162889.713532407,3562430.6741067944,1137302.8442241356,5162896.29160919,3562425.474115643,9.67873083224906,1.5012870800426368
27870.0,1137296.2431245516,5162891.888317248,3562429.552645585,1.233167452660937,7,True,1.614769744021552,0.9999470455127503,1137298.0849724272,5162890.306922027,3562430.368116322,1137296.2431245516,5162891.888317248,3562429.552645585,3.586449192942669,1.6393939270630538
27900.0,1137298.876504045,5162893.771057262,3562432.2653822512,5.782521204536036,7,True,0.6556265630892345,0.9999725911722201,1137298.3022224929,5162891.257716145,3562430.8888550242,1137298.876504045,5162893.771057262,3562432.2653822512,3.302083285935296,1.3082187806398822
27930.0,1137297.2466180457,5162890.181866843,3562430.744895276,3.099169100891833,7,True,0.7491719392793519,0.9999739982594785,1137298.0130143182,5162890.962961406,3562430.849413796,1137297.2466180457,5162890.181866843,3562430.744895276,1.7859185055787075,1.2885600484390594
27960.0,1137301.3100057547,5162894.189405914,3562427.482731058,3.97824382616962,7,True,1.4589186012744904,0.9999509587990331,1137298.909227392,5162891.839997882,3562429.934256707,1137301.3100057547,5162894.189405914,3562427.482731058,6.404536399617667,2.4296578124895074
27990.0,1137300.8573705945,5162898.40897134,3562428.8162170276,8.693784956269113,7,True,0.6968517899513245,0.9999646247105316,1137299.441216517,5162893.633820039,3562429.6289480673,1137300.8573705945,5162898.40897134,3562428.8162170276,8.806352866746057,3.9876552949120865
28020.0,1137297.9820898056,5162890.01193924,3562433.5320532313,2.612402924432921,7,True,0.4790157154202461,0.9999800665006967,1137299.0411649533,5162892.640802046,3562430.6990698823,1137297.9820898056,5162890.01193924,3562433.5320532313,1.7674595878301693,2.516413758755167
28050.0,1137295.225625108,5162885.827727374,3562433.1172718913,-3.0890793398211684,7,True,0.6413855414305415,0.9999733696259483,1137297.9982237797,5162890.778513515,3562431.3600621778,1137295.225625108,5162885.827727374,3562433.1172718913,5.854737243764839,0.835494266327081
28080.0,1137297.3811618378,5162889.659289801,3562435.43184968,2.8146098859153312,7,True,0.5640136993357113,0.9999728360115661,1137297.8296159538,5162890.472693524,3562432.472649411,1137297.3811618378,5162889.659289801,3562435.43184968,3.785238781575342,0.8975582048639803
28110.0,1137301.3321359735,5162895.009820114,3562432.46684598,7.621479273507865,7,True,0.36904462214027134,0.9999754219607144,1137298.7872937133,5162891.713258946,3562432.4710626057,1137301.3321359735,5162895.009820114,3562432.46684598,5.326850359346612,1.34800846703213
28140.0,1137298.2851371116,5162895.751989233,3562430.6486692536,6.721974595524797,7,True,0.5145581247551101,0.999939319316247,1137298.6514338506,5162892.805948638,3562431.9780090246,1137298.2851371116,5162895.751989233,3562430.6486692536,5.409271451317191,2.30599702660653
28170.0,1137293.5217772564,5162890.024131467,3562436.300722068,1.5106515305564654,7,True,1.1237448762570108,0.9999240063738902,1137297.266961777,5162892.055148245,3562433.1446905327,1137293.5217772564,5162890.024131467,3562436.300722068,6.67492742865979,2.3485000325729777
28200.0,1137297.680037284,5162889.425475602,3562434.5497869686,1.2440404086585626,7,True,1.0934009732944625,0.9999697457206512,1137297.3801354545,5162891.334675308,3562433.529656303,1137297.680037284,5162889.425475602,3562434.5497869686,2.961677458776419,2.146011289536372
28230.0,1137297.5814594307,5162889.6776103815,3562437.2299590227,3.779506794961293,7,True,0.8000740249242101,0.9999607759096667,1137297.4350646702,5162890.882561862,3562434.5392465675,1137297.5814594307,5162889.6776103815,3562437.2299590227,5.449710819184497,2.860536921334027
28260.0,1137297.232411401,5162890.507265716,3562429.1308882167,0.8596258417844793,7,True,0.5741344945771354,0.9999770066657547,1137297.3795323896,5162890.77972093,3562433.0572153367,1137297.232411401,5162890.507265716,3562429.1308882167,3.0908308245945815,1.644114579439523
28290.0,1137302.65072543,5162897.5307255555,3562427.4435519036,7.586883285682365,7,True,1.9817346366388457,0.9998374975582488,1137298.7659655428,5162892.555375238,3562431.580705364,1137302.65072543,5162897.5307255555,3562427.4435519036,9.294230722138062,2.093699281230513
28320.0,1137298.1936303058,5162889.999136445,3562434.7479695687,1.260295082349691,7,True,0.915471939103944,0.9999568601887754,1137298.6090879077,5162891.854707743,3562432.4488555077,1137298.1936303058,5162889.999136445,3562434.7479695687,2.8842248116308955,1.4494555879721462
28350.0,1137298.8934170834,5162893.865830265,3562436.4334669933,6.308834974243162,7,True,1.4837127391781126,0.9999414757770652,1137298.686462807,5162892.401997349,3562433.533193447,1137298.8934170834,5162893.865830265,3562436.4334669933,5.6315630549666365,2.489513360504798
28380.0,1137295.9363527915,5162886.326565874,3562433.2671947707,-0.9376106183212329,7,True,1.8275235838123731,0.9999406285795674,1137297.9387091806,5162890.750090374,3562433.4608685314,1137295.9363527915,5162886.326565874,3562433.2671947707,5.101915881989485,1.6647597356538004
28410.0,1137299.844617705,5162894.534337508,3562431.360293132,5.820854506491032,7,True,1.9010023613061224,0.9999337625518253,1137298.4557645933,5162891.7767217355,3562432.89100179,1137299.844617705,5162894.534337508,3562431.360293132,4.274165283158533,1.5981760664279905
28440.0,1137299.1120789328,5162884.482990192,3562434.5782428226,-0.6129066123887754,7,True,0.733744024166039,0.9999132773849911,1137298.6328196356,5162889.809079298,3562433.34617169,1137299.1120789328,5162884.482990192,3562434.5782428226,6.601341156462235,1.5797661037279254
28470.0,1137294.0793248168,5162885.368591753,3562433.379985382,-3.3551745043023797,7,True,0.3590820272053991,0.999971104361198,1137297.3823024342,5162888.5895970585,3562433.355457877,1137294.0793248168,5162885.368591753,3562433.379985382,6.956720842642079,2.6537808919715644
28500.0,1137302.0565419171,5162897.169331762,3562434.0344695845,8.789550688480308,7,True,0.9232401347586087,0.99994850688666,1137298.654372315,5162890.924527081,3562433.5402473696,1137302.0565419171,5162897.169331762,3562434.0344695845,7.823681612460099,1.668422277080869
28530.0,1137303.0145507525,5162892.692587863,3562432.698430254,5.788105926196227,7,True,0.7728379134620939,0.9999409120008937,1137299.8382906402,5162891.40460825,3562433.311668947,1137303.0145507525,5162892.692587863,3562432.698430254,5.037211746153749,2.0972636600672234
28560.0,1137298.1084422374,5162889.639044142,3562432.800214192,1.7527510648272597,7,True,1.6349957063794136,0.9999528536800504,1137299.3667926735,5162890.923375394,3562433.1722637387,1137298.1084422374,5162889.639044142,3562432.800214192,1.3013641374654108,1.5485461414660093
28590.0,1137294.1592243582,5162885.671587572,3562433.8256569244,-1.6342012783784905,7,True,1.503325647541455,0.999926583452083,1137297.9586975153,5162889.503323548,3562433.348937327,1137294.1592243582,5162885.671587572,3562433.8256569244,6.794161486945501,1.8318409532720525
28620.0,1137290.5649643799,5162876.565353159,3562434.1974493247,-10.01664646644882,7,True,1.321651357625212,0.9999208874849999,1137295.9602582902,5162886.006342111,3562433.578280154,1137290.5649643799,5162876.565353159,3562434.1974493247,16.219137257829207,5.441659561659591
28650.0,1137296.3313507645,5162890.423071365,3562429.0641827164,1.969190530764621,7,True,0.6311709008046559,0.9999717963826499,1137296.0621334512,5162887.218856607,3562432.339035396,1137296.3313507645,5162890.423071365,3562429.0641827164,3.6211210080694696,4.136575893896164
28680.0,1137303.1173889902,5162901.140259594,3562427.628180166,11.045167481534742,7,True,0.7140793715204511,0.9999467429183901,1137297.9805635952,5162891.00429556,3562431.058082973,1137303.1173889902,5162901.140259594,3562427.628180166,12.35207481825518,1.152516391840461
28710.0,1137298.112145796,5162897.312507538,3562431.789228962,8.301762411802803,7,True,1.0526267460414342,0.9999578440216258,1137298.0164631482,5162892.725364134,3562431.257561429,1137298.112145796,5162897.312507538,3562431.789228962,6.824643987953895,2.380940086241961
28740.0,1137294.9651688356,5162882.854699833,3562431.613451229,-4.17805108875812,7,True,1.747234691466604,0.9999506392698279,1137297.1861459063,5162890.039362091,3562431.3544060485,1137294.9651688356,5162882.854699833,3562431.613451229,8.449984984451447,1.545638857228709
28770.0,1137292.3692773513,5162882.995372698,3562432.8425610648,-4.179310005221218,7,True,1.036119325884751,0.9999466202305046,1137295.8767280853,5162888.1245236145,3562431.7589461925,1137292.3692773513,5162882.995372698,3562432.8425610648,9.763255672918882,3.5775835261762965
28800.0,1137293.838562604,5162885.348896022,3562432.329540351,-2.497084423681451,7,True,1.11522142801966,0.9999491556609126,1137295.3221069055,5162887.369225841,3562431.91421504,1137293.838562604,5162885.348896022,3562432.329540351,6.990203990604563,4.494382866771706
28830.0,1137293.906406095,5162885.347359997,3562438.5769557334,-1.047149869549456,7,True,0.17269780273948396,0.9999541890907662,1137294.936308209,5162886.818238514,3562433.7299070666,1137293.906406095,5162885.347359997,3562438.5769557334,9.605748453078478,5.461805232272367
28860.0,1137303.166043133,5162897.137457478,3562438.485170926,10.147819802229598,7,True,0.3241951721055167,0.9999403046159204,1137297.1694915441,5162889.618414708,3562435.02027378,1137303.166043133,5162897.137457478,3562438.485170926,10.409400482285818,3.4960379387069938
28890.0,1137298.9268252668,5162887.789760792,3562429.1082078572,-1.0554000005362578,7,True,1.2101738963808333,0.9999390215840911,1137297.6464835904,5162889.1220642645,3562433.415565246,1137298.9268252668,5162887.789760792,3562429.1082078572,3.93311788984944,2.2180157413828123
28920.0,1137300.4782607905,5162896.158111022,3562430.1086051287,6.56387740079905,7,True,2.050403120262282,0.9999379887138136,1137298.4152006255,5162891.032076466,3562432.5178545867,1137300.4782607905,5162896.158111022,3562430.1086051287,6.248165644909181,0.8014551536123808
28950.0,1137294.989860812,5162885.367791333,3562429.2635984514,-2.6970034031182712,7,True,0.5151966331260545,0.9999579252233267,1137297.479766149,5162889.485202904,3562431.629141773,1137294.989860812,5162885.367791333,3562429.2635984514,6.790322721538629,1.502746382064162
28980.0,1137302.8048432441,5162898.732487272,3562427.9345214656,10.091466606467495,7,True,0.6625764316746167,0.9999647049163278,1137298.9354029233,5162892.012994886,3562430.6191986133,1137302.8048432441,5162898.732487272,3562427.9345214656,10.091772343287255,2.0374323630826585
29010.0,1137300.6902395333,5162894.870986162,3562428.678440569,5.467999242705375,7,True,0.4413080981799534,0.9999685891221037,1137299.4151962707,5162892.794403932,3562430.088572119,1137300.6902395333,5162894.870986162,3562428.678440569,5.853040408812699,3.06595191917639
29040.0,1137295.731359645,5162889.336294748,3562432.8163443264,0.3534380398908513,7,True,0.6688298189214298,0.9999672736310157,1137298.409078278,5162891.849935915,3562430.8335727737,1137295.731359645,5162889.336294748,3562432.8163443264,3.171216013730379,1.7418539916737716
29070.0,1137297.0322414534,5162891.097640875,3562431.8874606495,2.19846126820657,7,True,1.2198828064969607,0.9999654197673647,1137298.0333523864,5162891.644641635,3562431.121168918,1137297.0322414534,5162891.097640875,3562431.8874606495,1.624813263111414,1.489195854157081
29100.0,1137296.6766571915,5162886.28138061,3562430.039337155,-1.2655086794230153,7,True,1.553621545433998,0.9999551250328632,1137297.6642349923,5162890.18545394,3562430.826833888,1137296.6766571915,5162886.28138061,3562430.039337155,4.988135228220257,1.4459487462986644
29130.0,1137297.8693901037,5162889.120442841,3562434.69932834,2.1828863920687227,7,True,0.7917779705354145,0.9999753188115073,1137297.7204079966,5162889.893845934,3562431.8871518364,1137297.8693901037,5162889.120442841,3562434.69932834,3.1680688810774233,1.0250424856933762
29160.0,1137308.6000941005,5162907.808940797,3562429.67470146,18.62213194480964,7,True,1.4220266991427966,0.9999025782113338,1137300.6353572519,5162894.693763131,3562431.294379167,1137308.6000941005,5162907.808940797,3562429.67470146,20.142299048838204,4.72666065257655
29190.0,1137300.2161627833,5162894.055591308,3562427.798826517,5.889807035498356,7,True,0.8454291181904929,0.9999716679535938,1137300.5203793573,5162894.518723482,3562430.335608681,1137300.2161627833,5162894.055591308,3562427.798826517,5.699359210932443,4.751283034680535
29220.0,1137295.0557980235,5162888.918189969,3562437.0632449836,2.3197929364524095,7,True,1.3987276894705636,0.999935887268521,1137299.0397540818,5162893.001262039,3562432.1584579987,1137295.0557980235,5162888.918189969,3562437.0632449836,6.405460848010705,2.5573011024544305
29250.0,1137295.9298890869,5162887.92506965,3562434.6186480657,-0.293107149920183,7,True,0.679528649364199,0.9999722827792614,1137298.1874432194,5162891.610046047,3562432.8327145088,1137295.9298890869,5162887.92506965,3562434.6186480657,4.55059344676259,1.4723739949758599
29280.0,1137294.1275105255,5162885.480506868,3562429.8896456147,-3.109699025128437,7,True,1.6493332535028458,0.9999243989978761,1137297.0916202024,5162889.955612187,3562432.038346011,1137294.1275105255,5162885.480506868,3562429.8896456147,6.99215434747846,1.5556418967120702
29310.0,1137298.7596493238,5162887.883979638,3562433.048115113,1.2625994402020415,7,True,0.4441307219011443,0.9999707846588506,1137297.548737281,5162889.387889114,3562432.3150694184,1137298.7596493238,5162887.883979638,3562433.048115113,2.8559549133128446,1.5433380784288413
29340.0,1137301.7650533451,5162903.450349797,3562433.0074088695,14.245189815300277,7,True,0.19944754455770766,0.9998604502923797,1137298.666494543,5162893.115887041,3562432.4986105566,1137301.7650533451,5162903.450349797,3562433.0074088695,13.385544643983216,2.676935477746883
29370.0,1137300.8451019456,5162888.311099057,3562425.643647793,-1.1157050498845156,7,True,0.3641513245446341,0.9999511210656188,1137299.2623614497,5162891.80173831,3562430.6237222897,1137300.8451019456,5162888.311099057,3562425.643647793,7.043846485053254,1.9771045644833278
29400.0,1137300.4762854665,5162891.011477136,3562434.525722782,3.639584045235666,7,True,1.216146087007863,0.9999614565980608,1137299.5946228572,5162891.585437054,3562431.6917332667,1137300.4762854665,5162891.011477136,3562434.525722782,3.2760325598171445,1.5273361542646626
29430.0,1137298.062385239,5162888.860075375,3562429.4058097224,1.1565634066793085,7,True,0.517645144036838,0.9999734287181954,1137299.1745361711,5162890.838236918,3562431.065011905,1137298.062385239,5162888.860075375,3562429.4058097224,3.049772212241137,1.1216498370299686
29460.0,1137302.6874149153,5162894.789532488,3562427.994217515,5.800046662967134,7,True,1.2218174668295043,0.9999632663050588,1137300.1332828044,5162891.91663774,3562430.2269204143,1137302.6874149153,5162894.789532488,3562427.994217515,7.143749998157582,2.7248429467102957
29490.0,1137300.393988884,5162898.978423978,3562432.586875063,9.34595268842177,7,True,0.9198917831693377,0.9999620924374993,1137300.2043919687,5162893.842782762,3562430.8706123563,1137300.393988884,5162898.978423978,3562432.586875063,8.699914929481777,3.8773579598151304
29520.0,1137296.838900147,5162891.716612196,3562432.768918715,3.4635720048191128,7,True,0.3689121806195804,0.9999734898661707,1137299.2834942853,5162893.260999875,3562431.390044885,1137296.838900147,5162891.716612196,3562432.768918715,2.2546753968913014,2.9060706048368936
29550.0,1137298.7495227107,5162888.129510151,3562427.685632188,-1.2026915958678739,7,True,0.9243327123778207,0.9999438408658997,1137299.1387233625,5162891.8697451,3562430.3857007017,1137298.7495227107,5162888.129510151,3562427.685632188,4.867058853756688,2.1462026098216667
29580.0,1137297.730378431,5162893.29639248,3562432.2105524032,5.4167327411901685,7,True,0.5057916321924755,0.9999622776008172,1137298.7543579573,5162892.259105608,3562430.883739107,1137297.730378431,5162893.29639248,3562432.2105524032,2.922939951629562,2.054875583739144
29610.0,1137299.862311511,5162891.0509671625,3562433.236209441,3.207188466908889,7,True,1.3058869945151466,0.9999632752430859,1137299.0567221756,5162891.929400599,3562431.5257361033,1137299.862311511,5162891.0509671625,3562433.236209441,1.935400168566603,1.568784794171885
29640.0,1137298.3345988092,5162886.530133606,3562432.8706596415,-1.0267296315908252,7,True,1.145998356597764,0.9999694577626801,1137298.8593493372,5162890.453657392,3562431.8933344786,1137298.3345988092,5162886.530133606,3562432.8706596415,4.088091798310937,0.32151768684431314
29670.0,1137306.2586944483,5162906.534472661,3562430.565454673,15.545239446798835,7,True,1.0820452975375312,0.9998759678565675,1137300.8273981016,5162894.730769508,3562431.540150221,1137306.2586944483,5162906.534472661,3562430.565454673,17.843512601347054,4.820911383418378
29700.0,1137294.1698410832,5162878.416605754,3562433.489777738,-8.617460139008164,7,True,1.1023014272962297,0.9999087555315503,1137299.0310299853,5162890.328817931,3562432.0662063556,1137294.1698410832,5162878.416605754,3562433.489777738,12.947774674861261,0.5351724047039063
29730.0,1137303.7227973344,5162897.62345956,3562428.580046709,9.095513285644216,7,True,1.1729131021669932,0.9999426848018502,1137300.310396113,5162892.317944143,3562431.1155891926,1137303.7227973344,5162897.62345956,3562428.580046709,9.420435177595582,2.6604681946739555
29760.0,1137303.7194991435,5162902.184754704,3562429.4307441,12.438461461103897,7,True,0.8049217909574509,0.9999481795366207,1137301.2401004601,5162895.008744799,3562430.656111203,1137303.7194991435,5162902.184754704,3562429.4307441,13.019126122344005,5.403198397738636
29790.0,1137292.6076558984,5162876.379145122,3562433.1511571775,-10.285537001762753,7,True,1.7174490094184875,0.9998336578298964,1137298.9640444857,5162890.096809211,3562431.313962436,1137292.6076558984,5162876.379145122,3562433.1511571775,15.369168455795087,0.849019553345334
29820.0,1137294.5749357785,5162882.588074404,3562434.435747502,-3.5420162545130354,7,True,0.3920051391635622,0.999968943881697,1137297.7543063588,5162888.02723122,3562432.17439736,1137294.5749357785,5162882.588074404,3562434.435747502,9.202008455253168,2.6100461783997972
29850.0,1137303.0482574666,5162897.304365618,3562429.5813156846,8.935344569208931,7,True,1.0138033436877387,0.9999604425322366,1137299.2033939788,5162890.566616328,3562431.4646056606,1137303.0482574666,5162897.304365618,3562429.5813156846,8.489102600231288,0.8096729240894771
29880.0,1137293.7587013897,5162884.128155551,3562431.308027527,-3.992255459524493,7,True,0.47668116965464186,0.9999559632472856,1137297.7177518765,5162888.809814039,3562431.4218816566,1137293.7587013897,5162884.128155551,3562431.308027527,7.9950833532804735,1.9511449058668138
29910.0,1137296.0584511023,5162886.986059624,3562428.7912668074,-1.3860144096228912,7,True,0.31524738137211117,0.9999694041866597,1137297.2635789732,5162888.310627966,3562430.701847048,1137296.0584511023,5162886.986059624,3562428.7912668074,5.328734436917454,2.8200935131777576
29940.0,1137302.448186615,5162897.224743644,3562427.6324746204,7.105131232654932,7,True,0.48602636477776934,0.9999692608600623,1137298.6809758663,5162890.747618523,3562429.8627249305,1137302.448186615,5162897.224743644,3562427.6324746204,8.882206385796913,2.0859776459781725
29970.0,1137306.812897302,5162899.488487492,3562427.9520912627,11.59006066633606,7,True,0.8789766601153782,0.9999297722514916,1137300.8777472412,5162893.108892042,3562429.3465830344,1137306.812897302,5162899.488487492,3562427.9520912627,12.84291191912425,4.3487036536494
30000.0,1137295.8027817819,5162886.417635934,3562430.9662254374,-1.844779234175765,7,True,1.014484523662499,0.9999717871911237,1137299.4874945988,5162891.275867452,3562429.7902731732,1137295.8027817819,5162886.417635934,3562430.9662254374,5.013100425533527,2.462811318509929
30030.0,1137302.0349031412,5162899.6487638755,3562429.589999803,9.991919468173315,7,True,0.7668450496026448,0.9999510939481604,1137300.1802571719,5162893.552859608,3562429.735809237,1137302.0349031412,5162899.6487638755,3562429.589999803,10.065198472717857,4.097977947454737
30060.0,1137298.1039507738,5162890.650011189,3562433.815688424,3.23576037957493,7,True,0.07988234822239194,0.9999849808150786,1137299.6098240062,5162892.755346768,3562430.856693131,1137298.1039507738,5162890.650011189,3562433.815688424,1.9421044017686337,2.7131535764465284
30090.0,1137297.2483897205,5162886.696220038,3562430.062137509,-2.2082652361692445,7,True,0.827029535812991,0.9999667104535083,1137298.9655492378,5162891.102223285,3562430.6399129555,1137297.2483897205,5162886.696220038,3562430.062137509,4.433652940734833,1.483483987991598
30120.0,1137297.6876705356,5162887.507887347,3562436.0105536785,0.5151480268518299,7,True,0.6652877969401223,0.9999739584646885,1137298.6161224938,5162890.119377963,3562432.1084760507,1137297.6876705356,5162887.507887347,3562436.0105536785,5.133838204182222,0.4293334501133496
30150.0,1137298.204970469,5162885.027977485,3562427.1109503447,-3.247500680420331,7,True,1.0468012765049934,0.999959587772987,1137298.5041968504,5162888.733374149,3562430.7480272464,1137298.204970469,5162885.027977485,3562427.1109503447,7.301453584234787,2.1282685222579767
30180.0,1137298.301752465,5162888.555312017,3562429.1682166546,0.6797838705771652,7,True,0.8203218451568058,0.9999634533256677,1137298.4489897734,5162888.684816171,3562430.3172090505,1137298.301752465,5162888.555312017,3562429.1682166546,3.3879250409419455,2.432072870501933
30210.0,1137295.497295438,5162887.03122569,3562426.221440773,-1.5010330641624787,7,True,0.9903032364589828,0.999947749741969,1137297.6475807736,5162888.235852918,3562429.205174678,1137295.497295438,5162887.03122569,3562426.221440773,7.3429326157740205,3.655989865528443
30240.0,1137295.6727355309,5162886.299567646,3562433.3237510724,-0.5275406851244064,7,True,0.8465597235730716,0.9999733285625811,1137297.10692393,5162887.705752705,3562430.3327245563,1137295.6727355309,5162886.299567646,3562433.3237510724,5.277732411566085,3.5269486482274375
30270.0,1137304.4328470468,5162897.094300505,3562430.2470117407,8.751585465088334,7,True,1.1232753662126405,0.9999334633576017,1137299.087847414,5162890.244408178,3562430.3095478825,1137304.4328470468,5162897.094300505,3562430.2470117407,8.997716739207098,1.7285808322360297
30300.0,1137299.3825925519,5162889.931993819,3562432.466333627,2.2108533517332933,7,True,1.028202514563288,0.9999655148541243,1137299.1684243248,5162890.159000887,3562430.8991662012,1137299.3825925519,5162889.931993819,3562432.466333627,1.1478776044712866,1.2532651440380496
30330.0,1137304.4294948983,5162900.754152919,3562429.9047593703,11.622184574249639,7,True,0.2536250257066318,0.9999573333510376,1137300.6020423567,5162893.046132088,3562430.628194819,1137304.4294948983,5162900.754152919,3562429.9047593703,11.992893941014625,3.521130722768902
30360.0,1137298.2930681724,5162890.5465281755,3562433.950855319,3.3518481483097537,7,True,0.6560046630246299,0.9999752541371328,1137299.969609994,5162892.3614858845,3562431.538277766,1137298.2930681724,5162890.5465281755,3562433.950855319,2.037050125021297,2.3749640112912873
30390.0,1137300.086561794,5162894.212622034,3562427.8509278474,5.004729364559517,7,True,0.8638268964631217,0.9999757383239523,1137300.00161501,5162892.868067588,3562430.5291980165,1137300.086561794,5162894.212622034,3562427.8509278474,5.725264521521181,3.111375427872104
30420.0,1137296.4712939393,5162886.042305187,3562434.4036765276,-2.284263360916378,7,True,0.570621557533741,0.9999753269935392,1137299.0361707013,5162891.001412026,3562431.5887597823,1137296.4712939393,5162886.042305187,3562434.4036765276,5.50571001119328,0.779240628641941
30450.0,1137293.178030695,5162880.121190277,3562430.4543144056,-6.992197302406133,7,True,1.613186966095652,0.9998930570489803,1137297.471911634,5162888.096140812,3562431.285836591,1137293.178030695,5162880.121190277,3562430.4543144056,11.77918035083565,2.71224484854578
30480.0,1137296.078772391,5162888.706570325,3562430.80506303,-0.736036286388228,7,True,0.5379853174090385,0.9999717015600826,1137297.0897251223,5162888.263602843,3562431.153943694,1137296.078772391,5162888.706570325,3562430.80506303,3.2508488231937136,2.7804312690220185
30510.0,1137298.6772827753,5162893.181888029,3562429.9203694686,4.436232431638086,7,True,0.6565224326082638,0.9999638573284922,1137297.523378511,5162889.6070696665,3562430.816983558,1137298.6772827753,5162893.181888029,3562429.9203694686,3.3514251894099147,1.7555694692886687
30540.0,1137302.2532240746,5162894.617905735,3562426.926750371,5.019731231701128,7,True,0.3611957324402673,0.9999681601942138,1137298.8161504997,5162890.97664261,3562429.753696305,1137302.2532240746,5162894.617905735,3562426.926750371,7.464788466871347,2.243615039491871
30570.0,1137307.0835788467,5162905.139172212,3562428.3020383697,14.998766575239765,7,True,1.0306482102189745,0.9999323685646351,1137301.0514315162,5162894.805793857,3562429.361208667,1137307.0835788467,5162905.139172212,3562428.3020383697,17.329386747915763,5.603593276983239
30600.0,1137300.0977838205,5162894.994932462,3562432.3193685072,7.0724666777921374,7,True,1.3946096982274736,0.9999600227357479,1137300.7910904202,5162894.857427759,3562430.168771647,1137300.0977838205,5162894.994932462,3562432.3193685072,4.769127094486825,5.207010673194389
30630.0,1137290.9199344253,5162875.719722535,3562434.697548924,-10.08061196638352,7,True,1.3193088067429406,0.9998473515620978,1137298.1833766345,5162889.801722251,3562431.365161912,1137290.9199344253,5162875.719722535,3562434.697548924,16.862012471719165,0.9697291146974006
30660.0,1137297.6858237025,5162898.079761489,3562429.384231923,7.586376536270915,7,True,0.9983172810503415,0.9998508873526641,1137298.051014723,5162892.0038941745,3562430.8381834477,1137297.6858237025,5162898.079761489,3562429.384231923,8.038868664882061,1.920172191154152
30690.0,1137298.1087882766,5162891.1328833485,3562435.958948499,1.991619054385845,7,True,1.3993567707283157,0.9999275309602116,1137298.0667699603,5162891.766363653,3562432.2346505816,1137298.1087882766,5162891.1328833485,3562435.958948499,4.101262909148749,1.3844157826554522
30720.0,1137301.661007911,5162888.486252929,3562433.073370328,1.6059093375905362,7,True,1.1472980380058289,0.9999385792384293,1137299.0474103477,5162890.871428734,3562432.463484195,1137301.661007911,5162888.486252929,3562433.073370328,3.8848981436090995,0.8211690074441912
30750.0,1137299.6529635282,5162893.691323389,3562426.6998426793,4.742519138832272,7,True,1.0256790497473307,0.9999619924741886,1137299.2133986456,5162891.644390596,3562430.883611318,1137299.6529635282,5162893.691323389,3562426.6998426793,6.224785911250001,1.6869218614392463
30780.0,1137299.382219795,5162891.370569549,3562431.054030553,3.4603188631499915,7,True,0.9312386246664184,0.9999761780147747,1137299.259750879,5162891.569209157,3562430.9304023287,1137299.382219795,5162891.370569549,3562431.054030553,1.4908657347204355,1.6273443736646263
30810.0,1137295.0586005412,5162887.887841716,3562440.9556095046,0.608493566081712,7,True,1.6272251712424415,0.9998499640084859,1137298.149478136,5162890.596303739,3562433.5798467365,1137295.0586005412,5162887.887841716,3562440.9556095046,10.022529040099283,1.699101750878714
30840.0,1137298.8717588831,5162888.876389622,3562433.956128683,1.7545868762099,7,True,0.7231230192950794,0.9999765818069777,1137298.3485740991,5162890.122211139,3562433.6835684776,1137298.8717588831,5162888.876389622,3562433.956128683,2.619077345578751,1.8052496078207154
30870.0,1137295.2783967827,5162886.374862215,3562432.5428659436,-2.616344042729495,7,True,1.9027804881334305,0.9999394612893874,1137297.5145229744,5162889.104198085,3562433.3736827173,1137295.2783967827,5162886.374862215,3562432.5428659436,5.299020155836512,2.25848789857311
30900.0,1137301.5839014673,5162892.619373514,3562434.9114623526,5.658750842404493,7,True,0.8456823027559689,0.9999510693986027,1137298.6237515823,5162890.062362374,3562433.792849715,1137301.5839014673,5162892.619373514,3562434.9114623526,4.755245705890061,1.9161580339807538
30930.0,1137298.4316607676,5162895.343784947,3562430.112506293,4.9618022097378764,7,True,0.7110877015760967,0.9999637756269228,1137298.5712337233,5162891.506309641,3562432.7866394087,1137298.4316607676,5162895.343784947,3562430.112506293,5.171886380411616,1.3197308823539093
30960.0,1137297.2570068426,5162885.152798445,3562435.645312873,-0.47693535004529414,7,True,0.9565333500504494,0.9999279152261791,1137298.215975425,5162889.788845473,3562433.5593883805,1137297.2570068426,5162885.152798445,3562435.645312873,6.639683692388868,1.8091727146404595
30990.0,1137299.81889337,5162889.833360353,3562427.1481352802,0.4274341971286802,7,True,0.7478569735373769,0.9999753106596541,1137298.6558491713,5162889.8010612745,3562431.800008289,1137299.81889337,5162889.833360353,3562427.1481352802,4.993827533342111,0.7225550505925046
31020.0,1137301.7176780999,5162890.232228692,3562423.9610980996,0.8814641766169905,7,True,1.0244653182370322,0.9998770979554452,1137299.471220648,5162889.915882064,3562429.712490036,1137301.7176780999,5162890.232228692,3562423.9610980996,8.581768173291625,2.4741018628525775
31050.0,1137296.8466715156,5162890.179916987,3562434.073899181,2.0736987928666615,7,True,1.1081851848534174,0.9999484198245863,1137298.7546786673,5162889.987967629,3562430.9032213157,1137296.8466715156,5162890.179916987,3562434.073899181,2.753493779851221,1.1676911437456856
31080.0,1137301.6680168381,5162894.536920407,3562428.635624802,4.773284276579328,7,True,1.0152787768415041,0.9999744443747833,1137299.5547498085,5162891.237216988,3562430.280486012,1137301.6680168381,5162894.536920407,3562428.635624802,6.073317615565292,2.069145372135317
31110.0,1137301.5018995793,5162889.506933844,3562432.8816791186,2.4100677147711567,7,True,1.6181005356567246,0.9999485743734914,1137300.084291027,5162890.76665419,3562430.9878989635,1137301.5018995793,5162889.506933844,3562432.8816791186,3.263283030164509,1.8248142131108536
31140.0,1137298.6378927433,5162888.661021234,3562439.718579749,3.5277614156255264,7,True,1.21611338108778,0.9999514055478869,1137299.6905169406,5162890.19340704,3562433.3647794463,1137298.6378927433,5162888.661021234,3562439.718579749,8.004213771787468,1.862858971948288
31170.0,1137300.532513157,5162892.385153172,3562434.1988620493,5.178850457466833,7,True,1.1269272491335869,0.9999644139657072,1137299.9205961614,5162890.792311444,3562433.592696237,1137300.532513157,5162892.385153172,3562434.1988620493,3.556219833739108,2.178266829839673
31200.0,1137298.5294574918,5162891.214877748,3562433.272437589,2.653179012966322,7,True,1.3510081491300039,0.9999671766201325,1137299.5404474186,5162890.907783792,3562433.5051809335,1137298.5294574918,5162891.214877748,3562433.272437589,1.519804720126579,1.9076898341178543
31230.0,1137302.0551429463,5162895.691557425,3562435.0735571235,7.96494214434982,7,True,2.1070859112909863,0.9999312593983134,1137300.2201986297,5162892.200892991,3562433.9291311107,1137302.0551429463,5162895.691557425,3562435.0735571235,7.009629488198644,3.1130334526429904
31260.0,1137299.8187671623,5162894.61885675,3562429.792477603,5.869855897937899,7,True,1.4545833681310927,0.9999590445907275,1137300.1106283043,5162892.860873828,3562432.800035593,1137299.8187671623,5162894.61885675,3562429.792477603,4.809799211061879,2.961798189717602
31290.0,1137306.1532408874,5162904.989278706,3562428.8249927633,15.566111487933789,7,True,1.021590041262763,0.9998761962125977,1137301.720281365,5162896.091682318,3562431.741149264,1137306.1532408874,5162904.989278706,3562428.8249927633,16.655246323586553,6.431151571917215
31320.0,1137300.802459673,5162893.577510843,3562427.9921927624,4.996491603639192,7,True,0.6171763954418046,0.9999770600979477,1137301.4675478758,5162895.399374286,3562430.7088279906,1137300.802459673,5162893.577510843,3562427.9921927624,5.48261210635454,5.832161658800487
31350.0,1137297.6919938405,5162892.660876728,3562433.141622467,4.141039824741936,7,True,0.762346166585173,0.9999721476436806,1137300.4328835197,5162894.6489080535,3562431.3755184175,1137297.6919938405,5162892.660876728,3562433.141622467,2.6173695300676605,4.589645844499108
31380.0,1137299.314967708,5162885.679790787,3562428.237461141,-1.8830274546309014,7,True,1.2582847476005554,0.999897860001299,1137300.13343134,5162892.246382133,3562430.5349380434,1137299.314967708,5162885.679790787,3562428.237461141,6.122984291550808,2.7408277435533805
31410.0,1137297.619394384,5162887.481267778,3562435.7741016643,0.5788701603424357,7,True,0.6710305331008775,0.9999673143666122,1137299.444145186,5162890.939906769,3562431.9713858785,1137297.619394384,5162887.481267778,3562435.7741016643,4.976354229301676,1.001693404897036
31440.0,1137296.9689439537,5162890.49338419,3562432.085540953,2.7371952664174355,7,True,0.48829812024320873,0.9999773835473142,1137298.7649782805,5162890.817386081,3562432.002708725,1137296.9689439537,5162890.49338419,3562432.085540953,1.582502692158023,0.3913154774936529
31470.0,1137297.3158507787,5162885.661679606,3562437.7895673257,-1.7755555687639244,7,True,1.5617607831954956,0.9999255205851696,1137298.3738922186,5162889.425979914,3562433.5644482817,1137297.3158507787,5162885.661679606,3562437.7895673257,7.699559186594719,1.9649379265555074
31500.0,1137298.0764630563,5162891.618735716,3562432.707959381,4.656078536719299,7,True,0.9189252267990794,0.9999719090793561,1137298.2923810398,5162890.026909927,3562433.329725434,1137298.0764630563,5162891.618735716,3562432.707959381,1.4383551367048941,1.4999097133445178
31530.0,1137294.2828555922,5162884.161700493,3562434.424136244,-2.5095237898252756,7,True,1.052147710961955,0.9999611031194785,1137297.1986583287,5162888.42699172,3562433.628260005,1137294.2828555922,5162884.161700493,3562434.424136244,8.036711883905252,3.0006396655264855
31560.0,1137292.0070296393,5162876.931919787,3562428.4740433185,-12.365149905707852,7,True,1.7908475601247378,0.999935465836625,1137295.7931392004,5162885.314954159,3562432.232869352,1137292.0070296393,5162876.931919787,3562428.4740433185,15.454575739570444,5.8798961069809375
31590.0,1137299.168136313,5162890.878937008,3562434.869384635,5.764224508508445,7,True,0.7004528375608581,0.9999703658504843,1137296.71728607,5162886.83849245,3562432.954803998,1137299.168136313,5162890.878937008,3562434.869384635,3.0286383206006726,4.220787497505414
31620.0,1137299.8545934597,5162898.464778874,3562431.124633912,8.388071428302835,7,True,0.4067894858973367,0.9999388557040287,1137297.567534103,5162889.989355893,3562432.4588058945,1137299.8545934597,5162898.464778874,3562431.124633912,8.109064345057627,1.2233795527881575
31650.0,1137296.4183128423,5162890.403069424,3562434.186558105,1.485840680562705,7,True,1.4883345195225306,0.9999433787132584,1137297.2553272645,5162890.101748692,3562432.928181178,1137296.4183128423,5162890.403069424,3562434.186558105,3.1016996042295535,1.6786360561260056
31680.0,1137296.705444078,5162886.229534133,3562426.960594632,-1.9968762040086747,7,True,1.4389555901288986,0.999945225436468,1137297.105811779,5162889.048877729,3562431.305570009,1137296.705444078,5162886.229534133,3562426.960594632,6.806918761767122,2.13813320256554
31710.0,1137301.692116175,5162893.80919705,3562427.491244944,4.502207634134734,7,True,1.2624807464224952,0.999953960174225,1137298.3560676526,5162890.346571183,3562430.265760632,1137301.692116175,5162893.80919705,3562427.491244944,6.367402899668488,1.681831780614772
31740.0,1137292.9535615093,5162884.727770088,3562434.6713117543,-1.8661037230435087,7,True,0.47547339435134617,0.999957694241552,1137296.8824040461,5162888.813907921,3562431.467480757,1137292.9535615093,5162884.727770088,3562434.6713117543,8.492296480036392,2.4138449742685006
31770.0,1137295.5278809292,5162882.684380795,3562430.8779026377,-4.975376785946198,7,True,0.5700151036892619,0.9999691351708556,1137296.51187751,5162887.137190539,3562431.306203082,1137295.5278809292,5162882.684380795,3562430.8779026377,8.445835590729027,3.980670958332711
31800.0,1137296.3552510655,5162886.859732402,3562431.219736255,-0.7668574508844713,7,True,0.7201507017016411,0.9999761095714509,1137296.4689850202,5162887.06120803,3562431.2825239548,1137296.3552510655,5162886.859732402,3562431.219736255,4.308918377722971,4.070531811055598
31830.0,1137299.010169507,5162891.7573350975,3562433.2865539854,4.315633754798842,7,True,0.31285714570965084,0.9999845814095153,1137297.1659860585,5162888.349270923,3562431.832193221,1137299.010169507,5162891.7573350975,3562433.2865539854,1.905751785262684,2.558541450929773
31860.0,1137299.1807262339,5162885.911980793,3562439.242341299,0.019761476186866668,7,True,2.1149323795522963,0.9998013188797575,1137297.689910579,5162887.715464104,3562433.7591703697,1137299.1807262339,5162885.911980793,3562439.242341299,8.657764677382682,3.4417985193980227
31890.0,1137299.2432197544,5162894.8239538,3562435.0154121704,7.27464744550821,7,True,0.9500983910901206,0.9999300755072235,1137298.1129908303,5162889.651628298,3562434.1013373416,1137299.2432197544,5162894.8239538,3562435.0154121704,5.355504786879761,2.371938755652784
31920.0,1137299.3430171262,5162887.680760899,3562437.44190849,1.225712560429322,7,True,0.5133168654782432,0.9999386124773779,1137298.4481950216,5162889.11453164,3562435.011702798,1137299.3430171262,5162887.680760899,3562437.44190849,6.244003019395403,3.38161164415707
31950.0,1137300.5541562699,5162894.188613148,3562431.8672760213,4.479243156869201,7,True,0.8351381591388157,0.9999777979327323,1137299.027722169,5162890.510838426,3562434.1464064014,1137300.5541562699,5162894.188613148,3562431.8672760213,4.198768019285418,2.2688875361622713
31980.0,1137296.9274273824,5162890.929127047,3562433.151643135,4.121520610706009,7,True,0.6803740188479424,0.9999728207220946,1137298.452325401,5162890.625432778,3562433.873881053,1137296.9274273824,5162890.929127047,3562433.151643135,2.070519972135812,1.950121876266606
32010.0,1137298.0261928362,5162890.389587975,3562434.5432397947,2.8330952465577277,7,True,0.6031472246561732,0.9999795050421795,1137298.3355110653,5162890.560781408,3562434.0573701905,1137298.0261928362,5162890.389587975,3562434.5432397947,2.666646207215737,2.13856060161963
32040.0,1137296.607345509,5162883.128667399,3562424.7164000547,-5.247954215933919,7,True,1.3251222744584084,0.9998807965141643,1137297.8754827557,5162888.582392919,3562431.570854541,1137296.607345509,5162883.128667399,3562424.7164000547,10.49583142124527,2.064944458431789
32070.0,1137296.4178482026,5162890.586768372,3562432.9848440234,2.7557825243221576,7,True,1.1923762102212225,0.9999627418245061,1137297.4762787183,5162889.13133351,3562431.958105453,1137296.4178482026,5162890.586768372,3562432.9848440234,2.374786366128893,1.7382906307548973
32100.0,1137304.4658566178,5162898.856119193,3562428.20343108,9.6231829044907,7,True,2.254872831915106,0.9998389056262543,1137299.3204298492,5162891.69715004,3562430.96746094,1137304.4658566178,5162898.856119193,3562428.20343108,10.896426413246173,1.7191071894906467
32130.0,1137298.1987591523,5162887.75740606,3562436.3468788206,1.5729543938013328,7,True,1.190214027251516,0.9999520893279807,1137299.0129787417,5162890.617262108,3562432.4419649895,1137298.1987591523,5162887.75740606,3562436.3468788206,5.212305155210554,0.7039985889107736
32160.0,1137297.3390922588,5162882.620301056,3562431.55034983,-4.748136832270204,7,True,1.0453860376562392,0.9998898475988092,1137298.56368037,5162888.470747625,3562432.202640971,1137297.3390922588,5162882.620301056,3562431.55034983,7.98320922199418,2.050562592216875
32190.0,1137295.1216207359,5162889.7446384085,3562434.883014338,1.5821541736957712,7,True,1.2538524546793528,0.9999632926524961,1137297.6184575495,5162888.8205703385,3562432.938697386,1137295.1216207359,5162889.7446384085,3562434.883014338,4.5834100305557754,2.1690032624934035
32220.0,1137299.5957879603,5162896.697990813,3562429.5417745216,6.78315801950525,7,True,0.6775245485561234,0.9999515953030599,1137298.1579174807,5162890.969706711,3562432.0119409044,1137299.5957879603,5162896.697990813,3562429.5417745216,6.722165978841162,0.6111024145365986
32250.0,1137294.227625246,5162884.476436569,3562428.7013113284,-3.3278512289061024,7,True,0.803980368588652,0.9999394051460041,1137297.090468216,5162889.206164454,3562431.1127891634,1137294.227625246,5162884.476436569,3562428.7013113284,8.0852191091741,2.112136417160147
32280.0,1137297.359592348,5162886.758481698,3562435.0532171177,-1.2231238892554446,7,True,1.2685175271970885,0.9999435171821331,1137297.1636585912,5162888.540498325,3562432.1844188175,1137297.359592348,5162886.758481698,3562435.0532171177,5.017909535762894,2.41262555422455
32310.0,1137298.8941732,5162888.181734287,3562427.658502276,2.0460275796436265,7,True,1.666004760989121,0.9998663241185307,1137297.6239551334,5162888.445071308,3562430.9805782237,1137298.8941732,5162888.181734287,3562427.658502276,4.873865617759291,2.4457896004115858
32340.0,1137296.5838852664,5162889.851015874,3562432.8537052707,2.7228634922829458,7,True,1.531262416924749,0.9999519648411516,1137297.3392591283,5162888.829917379,3562431.4933051127,1137296.5838852664,5162889.851015874,3562432.8537052707,2.262681307605829,2.1072157483856833
32370.0,1137296.7675064835,5162893.91173084,3562435.3201549533,7.315896246404848,7,True,1.2903543614915438,0.9999245192711683,1137297.1843735909,5162890.206560611,3562432.529983647,1137296.7675064835,5162893.91173084,3562435.3201549533,5.125368974633837,1.5152513308665383
32400.0,1137299.9787359224,5162888.797730819,3562428.655966363,1.2572736500402077,7,True,1.1220250268067633,0.999962494305451,1137297.9497912745,5162889.820661036,3562431.4688323056,1137299.9787359224,5162888.797730819,3562428.655966363,3.96040250276986,1.015265903492754
32430.0,1137303.7072112297,5162893.006083766,3562425.175869552,4.090230004949285,7,True,1.6342903428844042,0.9997544055004179,1137299.4331833245,5162890.641381218,3562429.8474583235,1137303.7072112297,5162893.006083766,3562425.175869552,8.862396163234145,2.2685334400283597
32460.0,1137296.8833530087,5162885.119900837,3562431.5538475392,-4.271347775670363,7,True,1.303335288805621,0.9999638530960078,1137298.7287253458,5162889.115926413,3562430.3188934186,1137296.8833530087,5162885.119900837,3562431.5538475392,5.645851032736841,2.13377590014735
32490.0,1137300.302286095,5162895.233806364,3562428.6170369727,5.917442698061258,7,True,0.39233022715364185,0.9999635839112174,1137299.1608376836,5162890.795945064,3562429.851550059,1137300.302286095,5162895.233806364,3562428.6170369727,6.037168142990614,2.1875993751474345
32520.0,1137300.9528466086,5162894.062270714,3562431.517648592,6.457074208852703,7,True,0.9344194903969765,0.99997364587076,1137299.6528094087,5162891.692670434,3562430.3089547954,1137300.9528466086,5162894.062270714,3562431.517648592,4.317669134817313,2.296176987208025
32550.0,1137306.45275682,5162902.1829163395,3562433.5878018085,13.01703100981245,7,True,0.34737215297562735,0.9999207652341743,1137301.4874287848,5162894.522928852,3562431.1935846163,1137306.45275682,5162902.1829163395,3562433.5878018085,14.202917714521519,5.036600570476933
32580.0,1137298.3278421934,5162894.081502885,3562430.813204226,5.638778858516387,7,True,0.7161283769777843,0.999970890517459,1137300.6210685384,5162894.401889628,3562431.08928412,1137298.3278421934,5162894.081502885,3562430.813204226,3.754885668320412,4.497029036675043
32610.0,1137300.1572401377,5162886.9422789095,3562430.1122511476,0.18806491316328955,7,True,0.7344731305326734,0.9999503161242445,1137300.4948730739,5162892.372326455,3562430.8234592383,1137300.1572401377,5162886.9422789095,3562430.1122511476,4.31106497183313,2.919816350191264
32640.0,1137298.5704452286,5162889.647742915,3562433.6271509943,2.882964713787286,7,True,1.0013767246689116,0.9999649692398817,1137299.968986009,5162891.627781398,3562431.589622143,1137298.5704452286,5162889.647742915,3562433.6271509943,1.9008641849765213,1.8472237465487589
32670.0,1137297.5721041963,5162889.602271278,3562435.321796551,1.9764777099701298,7,True,0.6245408058166504,0.9999779734190611,1137299.3120244106,5162891.072609107,3562432.612574235,1137297.5721041963,5162889.602271278,3562435.321796551,3.6416020451826028,1.175160001113457
32700.0,1137302.2279680532,5162897.636291338,3562431.2566971155,9.798756230405681,7,True,0.2919823229312897,0.9999751016270847,1137300.1096906192,5162892.868126498,3562432.24166948,1137302.2279680532,5162897.636291338,3562431.2566971155,8.05672596072368,2.8536763179972766
32730.0,1137301.599757202,5162897.052563342,3562429.5623050444,9.22830924658603,7,True,0.6633520860757146,0.9999647573046047,1137300.515915933,5162894.008897112,3562431.511215102,1137301.599757202,5162897.052563342,3562429.5623050444,7.605343150453599,4.044278636888892
32760.0,1137302.3595736348,5162898.276736907,3562434.4365325132,10.133777525822781,7,True,0.8277901081102235,0.9999600122515956,1137301.0180344176,5162895.171239367,3562432.3079226166,1137302.3595736348,5162898.276736907,3562434.4365325132,9.01531934678706,5.296970237946944
32790.0,1137299.9066719376,5162892.911399497,3562430.6483806553,4.808049716227446,7,True,0.716637487922396,0.9999686153202331,1137300.7144666074,5162894.553965837,3562431.854620001,1137299.9066719376,5162892.911399497,3562430.6483806553,3.0495975451591435,4.59655056669134
32820.0,1137304.9064207852,5162896.924827204,3562427.1207606397,10.260146723783341,7,True,1.1538194896919387,0.9999443464095333,1137301.851262253,5162895.196908189,3562430.570867727,1137304.9064207852,5162896.924827204,3562427.1207606397,10.239651292051272,5.900793325203206
32850.0,1137298.4225209372,5162891.479421749,3562433.053839483,2.5815276334312025,7,True,1.0473901693310057,0.9999732857723305,1137300.9125069852,5162894.179097378,3562431.2506806967,1137298.4225209372,5162891.479421749,3562433.053839483,1.4938900802923136,4.425621873312429
32880.0,1137304.1752064866,5162901.607356752,3562434.2555825603,13.9391054093756,7,True,1.0585298453058516,0.9999551776877835,1137301.8002902535,5162896.200332978,3562432.068317012,1137304.1752064866,5162901.607356752,3562434.2555825603,12.666108886623032,6.563861838682324
32910.0,1137298.8484674408,5162890.295078195,3562431.268711383,3.0597281776562744,7,True,1.5201311228530747,0.999924224523667,1137301.0037850228,5162894.606888309,3562431.852555394,1137298.8484674408,5162890.295078195,3562431.268711383,0.7570100687330754,4.785388414346059
32940.0,1137304.3320077618,5162894.659857604,3562429.120289087,7.424636238938921,7,True,1.0983031509178025,0.9999259088167565,1137301.9041099385,5162894.62121715,3562431.113443975,1137304.3320077618,5162894.659857604,3562429.120289087,7.660087197459183,5.377587010649819
32970.0,1137295.6795044902,5162884.693653731,3562432.143690169,-2.668563980340631,7,True,0.5350642630032131,0.9999674282444436,1137300.1984537581,5162891.900882497,3562431.395750348,1137295.6795044902,5162884.693653731,3562432.143690169,6.480567731553924,2.2310129341188283
33000.0,1137301.015352055,5162893.898210926,3562432.267506142,6.236747006996844,7,True,1.7912565171718597,0.9999516434062251,1137300.4208779163,5162892.444712857,3562431.6331110443,1137301.015352055,5162893.898210926,3562432.267506142,4.213148863130644,2.7169892140594936
33030.0,1137299.9157087707,5162891.527729556,3562432.3017052123,4.843235951831459,7,True,1.2530082442930766,0.9999675070666851,1137300.282713136,5162892.193916074,3562431.815972898,1137299.9157087707,5162891.527729556,3562432.3017052123,1.752368335075414,2.428228228321227
33060.0,1137295.7652311292,5162892.844538534,3562430.5207477002,4.017931252817553,7,True,0.706065015069076,0.9999326742991651,1137299.0606118017,5162892.369927085,3562431.4655793738,1137295.7652311292,5162892.844538534,3562430.5207477002,3.897215653824454,1.992019244351112
33090.0,1137295.8729508922,5162885.888103014,3562432.3047227534,-1.4735045477104474,7,True,0.9226087576576641,0.9999569928670979,1137298.1909438658,5162890.601534925,3562431.6945171785,1137295.8729508922,5162885.888103014,3562432.3047227534,5.345156369008447,0.4353275158139724
33120.0,1137294.8318563835,5162887.9351961855,3562426.744053398,-1.904805987774854,7,True,0.8937397354415485,0.9999359508893055,1137297.280560626,5162889.878901141,3562430.352837547,1137294.8318563835,5162887.9351961855,3562426.744053398,6.874809032794559,2.1146478856417215
33150.0,1137297.8184078576,5162889.643277825,3562435.7942745266,1.6918440006058366,7,True,0.9553609958716801,0.9999766702608195,1137297.4281713408,5162889.814234961,3562431.8462251774,1137297.8184078576,5162889.643277825,3562435.7942745266,4.02488229823884,1.3137013474026116
33180.0,1137296.699620403,5162887.736922766,3562432.4627547003,-0.6064212537297714,7,True,0.7364303363221032,0.9999725117742689,1137297.2288307552,5162889.245856543,3562432.0149153126,1137296.699620403,5162887.736922766,3562432.4627547003,3.366878186836308,1.8211418784900133
33210.0,1137295.5369298204,5162888.992371253,3562433.37811834,1.0973485369039762,7,True,1.1326104764427458,0.9999627817168407,1137296.7675400577,5162889.176744691,3562432.386587709,1137295.5369298204,5162888.992371253,3562433.37811834,3.6634037062185403,2.2632791452895327
33240.0,1137302.984469118,5162900.242557475,3562439.8011210267,13.325759264796448,7,True,1.7272707372903824,0.9998827589414013,1137298.4244425304,5162892.125945556,3562434.362669223,1137302.984469118,5162900.242557475,3562439.8011210267,13.286762034877022,2.9270013243320054
33270.0,1137301.6952145877,5162895.731207299,3562437.740163994,7.9786862379123145,7,True,1.373799365546022,0.9999277526297906,1137299.3114868419,5162893.1037045885,3562435.2786570913,1137301.6952145877,5162895.731207299,3562437.740163994,8.427759136452089,4.309105787165728
33300.0,1137292.9898208946,5162882.996638592,3562429.675050175,-5.502959819783526,7,True,1.0856327542236872,0.9999539431979889,1137297.5842514546,5162890.342204345,3562433.7476131795,1137292.9898208946,5162882.996638592,3562429.675050175,9.605970916103788,2.0618084161896113
33330.0,1137299.3417126706,5162895.121818672,3562433.3870019307,6.837315881559889,7,True,1.5761673876217432,0.9999382284059819,1137298.0615476966,5162891.640265399,3562433.649677366,1137299.3417126706,5162895.121818672,3562433.3870019307,4.908571256900588,2.1175609473395944
33360.0,1137301.3777530352,5162894.525222842,3562427.6608081125,6.573325383414534,7,True,0.8060010884489331,0.9999733510322775,1137298.9713685433,5162892.431770796,3562432.0065951264,1137301.3777530352,5162894.525222842,3562427.6608081125,6.514144804993408,1.977128446418363
33390.0,1137298.5759877954,5162890.372715419,3562428.8671914893,1.5914142510757798,7,True,0.5101900877697128,0.9999742165928639,1137298.8630782575,5162891.867818968,3562431.146748209,1137298.5759877954,5162890.372715419,3562428.8671914893,3.065502582168532,1.6055796586934838
33420.0,1137300.0901355103,5162889.755138162,3562432.9515434513,2.5760303232909263,7,True,1.0811053312250547,0.999959060526029,1137299.1973325696,5162891.292317973,3562431.6383801936,1137300.0901355103,5162889.755138162,3562432.9515434513,1.998668532342958,1.0654385568019076
33450.0,1137298.0407973595,5162886.953324899,3562436.989640643,-0.6946045911775309,7,True,1.0135081538132258,0.9999529779960219,1137298.8827462099,5162890.112078907,3562433.093963673,1137298.0407973595,5162886.953324899,3562436.989640643,6.201240656372202,1.2740136389943286
33480.0,1137294.4765869225,5162886.999379858,3562425.193971437,-2.2151339233656078,7,True,0.834782566343035,0.9999461856110669,1137297.6859711844,5162889.266625931,3562430.948214327,1137294.4765869225,5162886.999379858,3562425.193971437,8.613223314324578,1.796588518954834
33510.0,1137297.3026580054,5162892.669870079,3562430.9933717027,3.3555702986502847,7,True,0.9501082098909787,0.9999634633055228,1137297.581272249,5162890.196194906,3562430.9605487036,1137297.3026580054,5162892.669870079,3562430.9933717027,2.666930194239294,1.3999291163272252
33540.0,1137301.8901836523,5162895.524225945,3562425.27763289,6.146446972882994,7,True,0.7916796430945396,0.9999478587264098,1137298.7522095595,5162891.6440757625,3562429.41622868,1137301.8901836523,5162895.524225945,3562425.27763289,8.981228019953816,2.7682836924678704
33570.0,1137300.7324520552,5162894.759775722,3562433.1014992697,5.634976609902915,7,True,0.2890165320464543,0.9999800900710565,1137299.2956401105,5162892.499105664,3562430.427563722,1137300.7324520552,5162894.759775722,3562433.1014992697,4.9278644660245075,2.6089252334038187
33600.0,1137297.0693133392,5162885.646391354,3562430.1643042094,-1.562573221940041,7,True,1.6998588889837265,0.999894033349233,1137298.700487795,5162890.667205315,3562430.3571879305,1137297.0693133392,5162885.646391354,3562430.1643042094,5.373743250328112,1.5888717957390461
33630.0,1137296.5455284887,5162886.944458132,3562432.82011331,-0.44919163326816675,7,True,1.2432451812284333,0.9999545514966167,1137298.1119767867,5162889.650537533,3562431.029803276,1137296.5455284887,5162886.944458132,3562432.82011331,4.177149995166961,1.3126206057687497
33660.0,1137298.1436135543,5162890.458409794,3562429.4936012328,2.1114606507513334,7,True,0.5076765630926404,0.9999789661283465,1137298.1206665402,5162889.872437915,3562430.6078506513,1137298.1436135543,5162890.458409794,3562429.4936012328,2.4691957039495525,1.5244642070284604
33690.0,1137300.2879592536,5162890.52330938,3562434.4070272865,4.411734297774219,7,True,0.7521100480641637,0.9999675023109388,1137298.7127835308,5162890.050259789,3562431.6458078325,1137300.2879592536,5162890.52330938,3562434.4070272865,3.0297890678809085,0.560495235073479
33720.0,1137298.3270651002,5162886.478648137,3562428.1806861986,-1.6204191856706212,7,True,0.7732972981674331,0.9999688714187773,1137298.6074069927,5162889.074511572,3562430.6991522084,1137298.3270651002,5162886.478648137,3562428.1806861986,5.5043310495491315,1.8865160887346122
33750.0,1137303.7618303536,5162891.923299312,3562431.179883702,4.434227252028703,7,True,0.9515642076730728,0.9999304574031185,1137299.9997050785,5162889.844017963,3562430.8290060237,1137303.7618303536,5162891.923299312,3562431.179883702,5.459688217293569,1.9405496625867793
33780.0,1137296.951284481,5162889.25935452,3562432.1179934437,-0.010987686812500085,7,True,0.6027520267026765,0.9999793208587486,1137299.1629594339,5162889.683536634,3562431.1828137008,1137296.951284481,5162889.25935452,3562432.1179934437,2.029262762613052,1.2699775972913614
33810.0,1137296.7351236274,5162888.760764543,3562437.7447201293,1.414613855004099,7,True,0.6994657303605761,0.9999569584749821,1137298.5019549073,5162889.432301964,3562432.9693636154,1137296.7351236274,5162888.760764543,3562437.7447201293,6.3340481542266565,1.492939394338562
33840.0,1137298.4021182905,5162892.376764267,3562436.1301561343,3.971110977342404,7,True,0.901464751788548,0.9999694541598223,1137298.4746653268,5162890.237148358,3562433.83334223,1137298.4021182905,5162892.376764267,3562436.1301561343,4.601577004073544,1.9232980838344742
33870.0,1137299.648993077,5162888.6349851675,3562433.0872282838,1.692522235626196,7,True,0.9104670946087156,0.9999704367622387,1137298.795584628,5162889.799310546,3562433.6294448376,1137299.648993077,5162888.6349851675,3562433.0872282838,2.4598229019629607,1.8567487360823833
33900.0,1137294.6192464791,5162883.318251484,3562434.377545434,-3.524977382108708,7,True,1.110455904688154,0.9999189222386852,1137297.6713915956,5162888.054729246,3562433.8308196897,1137294.6192464791,5162883.318251484,3562434.377545434,8.544792864057484,3.220080941478178
33930.0,1137299.4315027548,5162891.592821523,3562437.5607940895,6.330422799731008,7,True,0.6431497133203915,0.9999701646476471,1137298.1535141577,5162889.023869237,3562434.8525192593,1137299.4315027548,5162891.592821523,3562437.5607940895,5.803835192771315,3.2988735601188752
33960.0,1137296.5444508812,5162894.76905373,3562429.941198577,4.211336438035053,7,True,0.8709716009242194,0.9999349956612967,1137297.7178227147,5162890.57951205,3562433.5226645377,1137296.5444508812,5162894.76905373,3562429.941198577,5.113796878081217,1.7959235851136839
33990.0,1137304.567723648,5162898.8684206195,3562432.806248279,10.365954616304291,7,True,0.940868786403111,0.9999371794527563,1137299.5760468203,5162892.828106572,3562433.328316915,1137304.567723648,5162898.8684206195,3562432.806248279,10.345889646147139,2.9030834577500864
34020.0,1137298.193573673,5162886.398458549,3562432.3281989656,-1.8614384735754197,7,True,1.2067199413265501,0.9999688092110847,1137299.1973941338,5162891.067057178,3562433.0543894614,1137298.193573673,5162886.398458549,3562432.3281989656,4.138648472251979,1.4178390263548433
34050.0,1137299.2056809238,5162889.674063371,3562431.348217182,1.4774080912634733,7,True,1.2039345311267036,0.9999458334418285,1137299.1996455067,5162890.68860564,3562432.590852926,1137299.2056809238,5162889.674063371,3562431.348217182,1.209734247206345,0.9495962852365678
34080.0,1137303.7161425834,5162901.2917209,3562432.153800026,12.984672114830866,7,True,1.068721853196621,0.9999366034545456,1137300.4240747767,5162893.563126415,3562432.472367216,1137303.7161425834,5162901.2917209,3562432.153800026,11.966666502918548,3.6324449012147366
34110.0,1137301.9443364337,5162897.917139673,3562434.7531221122,10.253932356170738,7,True,1.0168261304497719,0.9999662873056235,1137300.8400726411,5162894.754539886,3562433.096463181,1137301.9443364337,5162897.917139673,3562434.7531221122,8.631649652924905,4.970936353442422
34140.0,1137296.9759653052,5162891.784187901,3562432.0000730557,3.2120284936920984,7,True,0.4936652641211237,0.999972485092147,1137299.7821717144,5162893.941327973,3562432.7962975726,1137296.9759653052,5162891.784187901,3562432.0000730557,2.025917900567762,3.7559168844537223
34170.0,1137300.6583696022,5162894.367586212,3562433.6069296235,6.977722177780095,7,True,0.6614674393619809,0.9999650897972578,1137300.0212994488,5162894.057660332,3562433.0175313926,1137300.6583696022,5162894.367586212,3562433.6069296235,4.713792597096226,4.000282868616199
34200.0,1137303.3246488692,5162895.060607448,3562430.5965854814,8.690071330991923,7,True,0.9138554930686951,0.9999678494831489,1137300.9234418583,5162894.331564486,3562432.3563727625,1137303.3246488692,5162895.060607448,3562430.5965854814,6.738437930229638,4.528038746470484
34230.0,1137297.4457536358,5162887.677939311,3562431.630189772,-0.5126484053448386,7,True,0.913774057158402,0.9999742403080574,1137299.9721501577,5162892.511522549,3562432.157731652,1137297.4457536358,5162887.677939311,3562431.630189772,3.045671090076629,2.475201750126811
34260.0,1137302.2763226065,5162899.910913036,3562432.902248987,12.456833230226428,7,True,2.0124388347779,0.9998852679198406,1137300.5862744818,5162894.4836603915,3562432.356165673,1137302.2763226065,5162899.910913036,3562432.902248987,10.167955007035502,4.494405120058418
34290.0,1137299.840371247,5162891.81789341,3562430.728707511,4.53368024887153,7,True,1.043062460209642,0.9999705026336269,1137300.3815907785,5162893.752145857,3562431.9095740137,1137299.840371247,5162891.81789341,3562430.728707511,2.2029086953523067,3.732995675799637
34320.0,1137297.949756476,5162887.670064828,3562426.923077786,0.1875185936719862,7,True,1.2009778107915605,0.9999413831651527,1137299.721323865,5162892.100801082,3562430.55569128,1137297.949756476,5162887.670064828,3562426.923077786,5.783165185449932,2.4140899866310974
34350.0,1137300.4818160324,5162889.089962238,3562427.9314222885,0.2649424725856485,7,True,1.3429127686790057,0.9999659059833415,1137299.92935767,5162891.2771814745,3562429.8378184508,1137300.4818160324,5162889.089962238,3562427.9314222885,4.662557661209116,2.625939868946937
34380.0,1137300.2436049744,5162891.813008531,3562431.202625307,3.2466850210756433,7,True,0.7530496397188732,0.9999715182108504,1137300.0153600902,5162891.42382529,3562430.211335394,1137300.2436049744,5162891.813008531,3562431.202625307,2.2659395196426946,2.442668247609695
34410.0,1137291.0277573098,5162882.800471536,3562432.598330717,-6.24743145856739,7,True,0.9936936667987278,0.9999564766383245,1137297.5685398844,5162889.076169667,3562430.8611803562,1137291.0277573098,5162882.800471536,3562432.598330717,10.78264295547337,2.031900527398491
34440.0,1137299.309346939,5162891.312889791,3562428.7752291043,3.4415165775073127,7,True,1.1824557930231094,0.9999740423369697,1137298.0450366503,5162889.688408629,3562430.2902101143,1137299.309346939,5162891.312889791,3562428.7752291043,3.3456193845734314,1.897451213198375
34470.0,1137239.9946315035,5162758.416712575,3562540.836990172,-75.30382161540929,7,True,47.21269972835268,0.0,1137298.0450366503,5162889.688408629,3562430.2902101143,1137239.9946315035,5162758.416712575,3562540.836990172,180.9297188151934,1.897451213198375
34500.0,1137238.8670316332,5162754.000204174,3562533.774383754,-80.0081719656067,7,True,47.59506903269461,0.0,1137298.0450366503,5162889.688408629,3562430.2902101143,1137238.8670316332,5162754.000204174,3562533.774383754,180.4623029764071,1.897451213198375
34530.0,1137240.780729282,5162756.185519281,3562539.6112604393,-75.2932269260359,7,True,47.11121128393071,0.0,1137298.0450366503,5162889.688408629,3562430.2902101143,1137240.780729282,5162756.185519281,3562539.6112604393,181.58482698655266,1.897451213198375
34560.0,1137240.7015017555,5162749.896596696,3562533.27034839,-82.80196367712614,7,True,47.45483690926007,0.0,1137298.0450366503,5162889.688408629,3562430.2902101143,1137240.7015017555,5162749.896596696,3562533.27034839,182.71779459344694,1.897451213198375
34590.0,1137240.7697726155,5162755.636998216,3562530.7408362506,-78.17821007417297,7,True,48.35657515376806,0.0,1137298.0450366503,5162889.688408629,3562430.2902101143,1137240.7697726155,5162755.636998216,3562530.7408362506,176.89061944187935,1.897451213198375
34620.0,1137238.8901258202,5162752.2830877835,3562538.497431291,-80.67924333401052,7,True,48.404947142515866,0.0,1137298.0450366503,5162889.688408629,3562430.2902101143,1137238.8901258202,5162752.2830877835,3562538.497431291,184.44500251441806,1.897451213198375
34650.0,1137241.22427472,5162753.164317988,3562533.625784248,-78.681258510981,7,True,47.54710835644177,0.0,1137298.0450366503,5162889.688408629,3562430.2902101143,1137241.22427472,5162753.164317988,3562533.625784248,180.24846362886527,1.897451213198375
34680.0,1137240.1590951364,5162751.286200307,3562532.5701516503,-81.26802797357534,7,True,47.97259172477892,0.0,1137298.0450366503,5162889.688408629,3562430.2902101143,1137240.1590951364,5162751.286200307,3562532.5701516503,181.43474031128542,1.897451213198375
34710.0,1137240.0598370195,5162755.69927144,3562534.2908901526,-78.26902281736392,7,True,47.68768137693405,0.0,1137298.0450366503,5162889.688408629,3562430.2902101143,1137240.0598370195,5162755.69927144,3562534.2908901526,179.08156198221863,1.897451213198375
34740.0,1137241.2206355776,5162756.85223705,3562537.657457331,-76.20039330255601,7,True,47.814759105443954,0.0,1137298.0450366503,5162889.688408629,3562430.2902101143,1137241.2206355776,5162756.85223705,3562537.657457331,179.79656161119908,1.897451213198375
34770.0,1137241.6747493066,5162749.520907962,3562529.836803873,-82.95349431714659,7,True,48.50676173823221,0.0,1137298.0450366503,5162889.688408629,3562430.2902101143,1137241.6747493066,5162749.520907962,3562529.836803873,180.81983855702808,1.897451213198375
34800.0,1137237.1644472785,5162746.01064621,3562535.589675065,-86.69943806536943,7,True,48.30940135781254,0.0,1137298.0450366503,5162889.688408629,3562430.2902101143,1137237.1644472785,5162746.01064621,3562535.589675065,188.12450146560738,1.897451213198375
34830.0,1137243.8674876948,5162758.173779812,3562529.834204977,-76.04741477472996,7,True,48.22610591458423,0.0,1137298.0450366503,5162889.688408629,3562430.2902101143,1137243.8674876948,5162758.173779812,3562529.834204977,173.45255352006342,1.897451213198375
34860.0,1137245.8728825145,5162762.18304745,3562528.6254697205,-71.61712506167552,7,True,48.74968606233597,0.0,1137298.0450366503,5162889.688408629,3562430.2902101143,1137245.8728825145,5162762.18304745,3562528.6254697205,169.08661348869035,1.897451213198375
34890.0,1137243.3809175168,5162760.965773804,3562534.269029232,-72.4257943163349,7,True,49.56190576404333,0.0,1137298.0450366503,5162889.688408629,3562430.2902101143,1137243.3809175168,5162760.965773804,3562534.269029232,174.05788995236597,1.897451213198375
34920.0,1137244.4090511934,5162762.006482941,3562530.5741759553,-72.54236024567254,7,True,49.001030321632115,0.0,1137298.0450366503,5162889.688408629,3562430.2902101143,1137244.4090511934,5162762.006482941,3562530.5741759553,170.79998050653677,1.897451213198375
34950.0,1137248.0830214636,5162761.50867828,3562527.617884925,-72.85737221743882,7,True,48.705629630812574,0.0,1137298.0450366503,5162889.688408629,3562430.2902101143,1137248.0830214636,5162761.50867828,3562527.617884925,168.35091188025692,1.897451213198375
34980.0,1137242.3588077186,5162757.472546061,3562532.4599257857,-77.1636739148415,7,True,48.688913660390035,0.0,1137298.0450366503,5162889.688408629,3562430.2902101143,1137242.3588077186,5162757.472546061,3562532.4599257857,175.95498110943782,1.897451213198375
35010.0,1137245.475272906,5162760.087374911,3562529.0060001984,-74.8907782813093,7,True,49.26596740633249,0.0,1137298.0450366503,5162889.688408629,3562430.2902101143,1137245.475272906,5162760.087374911,3562529.0060001984,171.02130538568647,1.897451213198375
35040.0,1137243.4010002522,5162760.295044738,3562530.391748007,-73.30678392929325,7,True,48.43697740137577,0.0,1137298.0450366503,5162889.688408629,3562430.2902101143,1137243.4010002522,5162760.295044738,3562530.391748007,172.3066726673866,1.897451213198375
35070.0,1137248.6300844776,5162770.051998601,3562528.844216146,-64.14514027314989,7,True,48.52198628229754,0.0,1137298.0450366503,5162889.688408629,3562430.2902101143,1137248.6300844776,5162770.051998601,3562528.844216146,162.45683166750123,1.897451213198375
35100.0,1137248.7765668721,5162762.855594408,3562525.191270529,-72.74436378370993,7,True,48.62643827072212,0.0,1137298.0450366503,5162889.688408629,3562430.2902101143,1137248.7765668721,5162762.855594408,3562525.191270529,165.73573607295748,1.897451213198375
35130.0,1137244.1995745208,5162758.206433184,3562522.4911345025,-76.71983181816148,7,True,48.22935874760151,0.0,1137298.0450366503,5162889.688408629,3562430.2902101143,1137244.1995745208,5162758.206433184,3562522.4911345025,169.2838601315847,1.897451213198375
35160.0,1137249.278292551,5162767.809404062,3562532.989991615,-66.26994732734671,7,True,48.391367077827454,0.0,1137298.0450366503,5162889.688408629,3562430.2902101143,1137249.278292551,5162767.809404062,3562532.989991615,166.41504361450495,1.897451213198375
35190.0,1137245.4541778858,5162758.619178783,3562520.9839205532,-76.41208020417781,7,True,48.93219913968018,0.0,1137298.0450366503,5162889.688408629,3562430.2902101143,1137245.4541778858,5162758.619178783,3562520.9839205532,167.75720635426558,1.897451213198375
35220.0,1137249.0796785618,5162767.082412695,3562533.8953556344,-66.56080403315076,7,True,47.71484448547874,0.0,1137298.0450366503,5162889.688408629,3562430.2902101143,1137249.0796785618,5162767.082412695,3562533.8953556344,167.55987268611833,1.897451213198375
35250.0,1137241.3908292253,5162757.115115381,3562523.530533154,-77.29790220841981,7,True,48.06083772650787,0.0,1137298.0450366503,5162889.688408629,3562430.2902101143,1137241.3908292253,5162757.115115381,3562523.530533154,171.60850023329348,1.897451213198375
35280.0,1137241.9884166727,5162755.6770777395,3562526.5450161058,-79.0827558023267,7,True,48.69431969949177,0.0,1137298.0450366503,5162889.688408629,3562430.2902101143,1137241.9884166727,5162755.6770777395,3562526.5450161058,174.15100716585434,1.897451213198375
35310.0,1137247.8326791113,5162764.106785282,3562524.2983603133,-70.57238049239751,7,True,49.710129458989414,0.0,1137298.0450366503,5162889.688408629,3562430.2902101143,1137247.8326791113,5162764.106785282,3562524.2983603133,164.55870182428328,1.897451213198375
35340.0,1137248.7496525072,5162765.362204452,3562514.3960154112,-70.96438748568144,7,True,49.87205376050302,0.0,1137298.0450366503,5162889.688408629,3562430.2902101143,1137248.7496525072,5162765.362204452,3562514.3960154112,157.92512898811674,1.897451213198375
35370.0,1137241.5822462335,5162759.380031754,3562526.4302525404,-76.3220547710777,7,True,48.8206132629088,0.0,1137298.0450366503,5162889.688408629,3562430.2902101143,1137241.5822462335,5162759.380031754,3562526.4302525404,171.37146947446905,1.897451213198375
35400.0,1137254.5046515854,5162780.486660914,3562529.081003493,-54.49435266204317,7,True,48.20084184940372,0.0,1137298.0450366503,5162889.688408629,3562430.2902101143,1137254.5046515854,5162780.486660914,3562529.081003493,153.2364008546004,1.897451213198375
35430.0,1137244.5638268902,5162763.948683082,3562529.516960929,-70.70401124798528,7,True,48.49407228295292,0.0,1137298.0450366503,5162889.688408629,3562430.2902101143,1137244.5638268902,5162763.948683082,3562529.516960929,168.68041126437436,1.897451213198375
35460.0,1137246.9006526435,5162762.144461089,3562524.0240376173,-72.76436099802623,7,True,48.85022396913597,0.0,1137298.0450366503,5162889.688408629,3562430.2902101143,1137246.9006526435,5162762.144461089,3562524.0240376173,166.20551152269178,1.897451213198375
35490.0,1137247.6462400386,5162765.089993717,3562520.630154311,-71.04575372679746,7,True,50.054058050470694,0.0,1137298.0450366503,5162889.688408629,3562430.2902101143,1137247.6462400386,5162765.089993717,3562520.630154311,161.82314681263196,1.897451213198375
35520.0,1137247.3727821936,5162764.376330396,3562523.7206537127,-71.61037465196998,7,True,49.12067869305611,0.0,1137298.0450366503,5162889.688408629,3562430.2902101143,1137247.3727821936,5162764.376330396,3562523.7206537127,164.1705366623797,1.897451213198375
35550.0,1137250.5695949614,5162770.279770222,3562524.859225519,-65.1516141882532,7,True,49.4300577959844,0.0,1137298.0450366503,5162889.688408629,3562430.2902101143,1137250.5695949614,5162770.279770222,3562524.859225519,159.3456078584613,1.897451213198375
35580.0,1137244.4247931691,5162763.455198656,3562519.453854664,-73.73762361121943,7,True,49.2387415053589,0.0,1137298.0450366503,5162889.688408629,3562430.2902101143,1137244.4247931691,5162763.455198656,3562519.453854664,163.49453957094687,1.897451213198375
35610.0,1137242.5558806984,5162758.298826359,3562521.4964402835,-77.35592728788843,7,True,48.9530535106148,0.0,1137298.0450366503,5162889.688408629,3562430.2902101143,1137242.5558806984,5162758.298826359,3562521.4964402835,169.21810463566655,1.897451213198375
35640.0,1137247.1210893656,5162762.631860655,3562519.658381527,-72.8352033963635,7,True,49.410492775695666,0.0,1137298.0450366503,5162889.688408629,3562430.2902101143,1137247.1210893656,5162762.631860655,3562519.658381527,163.37570629931895,1.897451213198375
35670.0,1137251.4053323024,5162768.737709591,3562520.140386753,-66.51376525770866,7,True,47.93967862214361,0.0,1137298.0450366503,5162889.688408629,3562430.2902101143,1137251.4053323024,5162768.737709591,3562520.140386753,157.5751363759076,1.897451213198375
35700.0,1137247.728852698,5162769.975117443,3562522.499299211,-66.5857834598019,7,True,48.83330177515745,0.0,1137298.0450366503,5162889.688408629,3562430.2902101143,1137247.728852698,5162769.975117443,3562522.499299211,159.0973230455237,1.897451213198375
35730.0,1137249.4985910058,5162765.192576812,3562518.920806411,-70.15513316991189,7,True,49.13049028068781,0.0,1137298.0450366503,5162889.688408629,3562430.2902101143,1137249.4985910058,5162765.192576812,3562518.920806411,160.23596420716862,1.897451213198375
35760.0,1137250.2724450885,5162768.230596375,3562516.28451442,-68.62356105423478,7,True,49.80508363672665,0.0,1137298.0450366503,5162889.688408629,3562430.2902101143,1137250.2724450885,5162768.230596375,3562516.28451442,156.19339491482268,1.897451213198375
35790.0,1137256.7672118372,5162772.36307006,3562510.7712815767,-64.5284905521069,7,True,49.424541011452675,0.0,1137298.0450366503,5162889.688408629,3562430.2902101143,1137256.7672118372,5162772.36307006,3562510.7712815767,148.04830490351904,1.897451213198375
35820.0,1137245.0428527738,5162760.9700700035,3562516.372763739,-75.78114975426693,7,True,49.35623204175915,0.0,1137298.0450366503,5162889.688408629,3562430.2902101143,1137245.0428527738,5162760.9700700035,3562516.372763739,163.62071601941423,1.897451213198375
35850.0,1137254.0303458392,5162772.254358968,3562512.507959169,-64.86678295871025,7,True,49.582819991878104,0.0,1137298.0450366503,5162889.688408629,3562430.2902101143,1137254.0303458392,5162772.254358968,3562512.507959169,149.85667557792098,1.897451213198375
35880.0,1137252.5636863194,5162775.302515145,3562518.883654269,-62.79682146843474,7,True,48.44575884086745,0.0,1137298.0450366503,5162889.688408629,3562430.2902101143,1137252.5636863194,5162775.302515145,3562518.883654269,151.48033085267352,1.897451213198375
35910.0,1137252.2553490885,5162768.436498156,3562511.7080355,-67.17493044415465,7,True,48.88069391037737,0.0,1137298.0450366503,5162889.688408629,3562430.2902101143,1137252.2553490885,5162768.436498156,3562511.7080355,152.9948125737565,1.897451213198375
35940.0,1137247.4579640222,5162766.603136031,3562517.6313604256,-71.25497804937785,7,True,49.4870166182518,0.0,1137298.0450366503,5162889.688408629,3562430.2902101143,1137247.4579640222,5162766.603136031,3562517.6313604256,159.0776238504915,1.897451213198375
35970.0,1137248.6243488658,5162765.597937882,3562517.716523802,-70.78964335564426,7,True,48.63375124015978,0.0,1137298.0450366503,5162889.688408629,3562430.2902101143,1137248.6243488658,5162765.597937882,3562517.716523802,159.53865444538957,1.897451213198375
36000.0,1137248.7227536761,5162764.811308795,3562519.0858446504,-70.71131579539353,7,True,49.68339265244348,0.0,1137298.0450366503,5162889.688408629,3562430.2902101143,1137248.7227536761,5162764.811308795,3562519.0858446504,160.86238915685175,1.897451213198375
36030.0,1137249.3409993702,5162768.897136201,3562510.92272451,-70.14120764779445,7,True,49.02172913189445,0.0,1137298.0450366503,5162889.688408629,3562430.2902101143,1137249.3409993702,5162768.897136201,3562510.92272451,153.12993707550388,1.897451213198375
36060.0,1137244.9646327142,5162764.710853795,3562515.885125046,-72.32843528679834,7,True,48.44000081398657,0.0,1137298.0450366503,5162889.688408629,3562430.2902101143,1137244.9646327142,5162764.710853795,3562515.885125046,160.44588258627485,1.897451213198375
36090.0,1137249.0798834488,5162766.216365121,3562516.0565236476,-71.51487167077012,7,True,47.51470921720777,0.0,1137298.0450366503,5162889.688408629,3562430.2902101143,1137249.0798834488,5162766.216365121,3562516.0565236476,158.02261346720178,1.897451213198375
36120.0,1137251.625677699,5162770.662540773,3562509.7818807582,-66.7340639383914,7,True,49.323366161968025,0.0,1137298.0450366503,5162889.688408629,3562430.2902101143,1137251.625677699,5162770.662540773,3562509.7818807582,150.41272040655375,1.897451213198375
36150.0,1137251.886216224,5162771.25340915,3562510.450921453,-67.0169129817103,7,True,49.66858890333346,0.0,1137298.0450366503,5162889.688408629,3562430.2902101143,1137251.886216224,5162771.25340915,3562510.450921453,150.2097060659019,1.897451213198375
36180.0,1137249.5941536992,5162766.6978591485,3562510.813340964,-70.20583159839369,7,True,48.666506776852266,0.0,1137298.0450366503,5162889.688408629,3562430.2902101143,1137249.5941536992,5162766.6978591485,3562510.813340964,154.74620358663614,1.897451213198375
36210.0,1137244.9365375077,5162762.18924615,3562517.808824371,-75.59836939599313,7,True,50.12567028722593,0.0,1137298.0450366503,5162889.688408629,3562430.2902101143,1137244.9365375077,5162762.18924615,3562517.808824371,163.44221701113733,1.897451213198375
36240.0,1137250.3844914841,5162763.015364787,3562504.8813821813,-73.59196541110609,7,True,49.850082194166525,0.0,1137298.0450366503,5162889.688408629,3562430.2902101143,1137250.3844914841,5162763.015364787,3562504.8813821813,154.57794983188447,1.897451213198375
36270.0,1137253.9891776128,5162770.099681609,3562511.4829283915,-66.128204150148,7,True,48.66681520747287,0.0,1137298.0450366503,5162889.688408629,3562430.2902101143,1137253.9891776128,5162770.099681609,3562511.4829283915,151.03234175092723,1.897451213198375
36300.0,1137253.2778219362,5162776.153567797,3562517.7119944403,-61.955964078882495,7,True,49.02850017696619,0.0,1137298.0450366503,5162889.688408629,3562430.2902101143,1137253.2778219362,5162776.153567797,3562517.7119944403,149.94459522086095,1.897451213198375
36330.0,1137251.6157283841,5162771.661648421,3562514.9528931035,-65.4977672506921,7,True,49.748921474175795,0.0,1137298.0450366503,5162889.688408629,3562430.2902101143,1137251.6157283841,5162771.661648421,3562514.9528931035,152.3756521378886,1.897451213198375
36360.0,1137251.9677035126,5162772.7996642515,3562512.375762601,-63.42741744902231,7,True,49.02370688319206,0.0,1137298.0450366503,5162889.688408629,3562430.2902101143,1137251.9677035126,5162772.7996642515,3562512.375762601,149.98318376973657,1.897451213198375
36390.0,1137249.0880761559,5162771.944027415,3562509.2556006443,-66.59923936546723,7,True,48.73177736571857,0.0,1137298.0450366503,5162889.688408629,3562430.2902101143,1137249.0880761559,5162771.944027415,3562509.2556006443,149.93789324313323,1.897451213198375
36420.0,1137258.8345660137,5162784.872998599,3562509.5463684658,-53.38885133905517,7,True,48.39571154756205,0.0,1137298.0450366503,5162889.688408629,3562430.2902101143,1137258.8345660137,5162784.872998599,3562509.5463684658,136.9629438935151,1.897451213198375
36450.0,1137258.7346289852,5162780.040550228,3562509.160857341,-57.616862687671215,7,True,49.086002455226016,0.0,1137298.0450366503,5162889.688408629,3562430.2902101143,1137258.7346289852,5162780.040550228,3562509.160857341,140.5395128110022,1.897451213198375
36480.0,1137251.9025240839,5162769.601562192,3562511.4966548607,-68.33035213197881,7,True,49.906527674623895,0.0,1137298.0450366503,5162889.688408629,3562430.2902101143,1137251.9025240839,5162769.601562192,3562511.4966548607,152.06395011382773,1.897451213198375
36510.0,1137262.1474199889,5162780.65662544,3562501.2298162463,-55.86352820828957,7,True,51.28287704076086,0.0,1137298.0450366503,5162889.688408629,3562430.2902101143,1137262.1474199889,5162780.65662544,3562501.2298162463,134.88294951236142,1.897451213198375
36540.0,1137251.765810031,5162769.770613468,3562503.5033167433,-69.00852023837314,7,True,49.70937334320375,0.0,1137298.0450366503,5162889.688408629,3562430.2902101143,1137251.765810031,5162769.770613468,3562503.5033167433,147.94340583324342,1.897451213198375
36570.0,1137250.5837500945,5162765.808398906,3562506.6382637457,-72.26148167854883,7,True,48.87379277178219,0.0,1137298.0450366503,5162889.688408629,3562430.2902101143,1137250.5837500945,5162765.808398906,3562506.6382637457,153.06945455527497,1.897451213198375
36600.0,1137252.2448958051,5162773.2817349,3562506.886309839,-66.131912675784,7,True,49.349975659378934,0.0,1137298.0450366503,5162889.688408629,3562430.2902101143,1137252.2448958051,5162773.2817349,3562506.886309839,146.63862372686913,1.897451213198375
36630.0,1137253.5310923585,5162766.164846788,3562504.7507945355,-71.8810220870825,7,True,50.20272629175867,0.0,1137298.0450366503,5162889.688408629,3562430.2902101143,1137253.5310923585,5162766.164846788,3562504.7507945355,150.96029653781935,1.897451213198375
36660.0,1137261.0893127618,5162782.097789456,3562504.1494680597,-56.540768171169105,7,True,48.65098145817007,0.0,1137298.0450366503,5162889.688408629,3562430.2902101143,1137261.0893127618,5162782.097789456,3562504.1494680597,135.53672663543512,1.897451213198375
36690.0,1137252.031921603,5162768.916058603,3562503.550037675,-68.71351126101969,7,True,49.55935406472002,0.0,1137298.0450366503,5162889.688408629,3562430.2902101143,1137252.031921603,5162768.916058603,3562503.550037675,148.5805879589035,1.897451213198375
36720.0,1137253.7781400743,5162770.147985728,3562496.1376115833,-68.54450679607947,7,True,50.612617291510105,0.0,1137298.0450366503,5162889.688408629,3562430.2902101143,1137253.7781400743,5162770.147985728,3562496.1376115833,143.56855507881156,1.897451213198375
36750.0,1137252.7298731746,5162773.948793001,3562503.193446533,-65.26700261805544,7,True,50.374643181051525,0.0,1137298.0450366503,5162889.688408629,3562430.2902101143,1137252.7298731746,5162773.948793001,3562503.193446533,144.09129130932155,1.897451213198375
36780.0,1137257.7830083044,5162778.087820942,3562506.6641165344,-60.24253658035093,7,True,49.4139848032168,0.0,1137298.0450366503,5162889.688408629,3562430.2902101143,1137257.7830083044,5162778.087820942,3562506.6641165344,141.0100271970338,1.897451213198375
36810.0,1137254.6597228625,5162771.21415023,3562500.068469989,-65.56851407209696,7,True,49.11157111504248,0.0,1137298.0450366503,5162889.688408629,3562430.2902101143,1137254.6597228625,5162771.21415023,3562500.068469989,144.216898980845,1.897451213198375
36840.0,1137253.8229605153,5162778.468358951,3562505.403559309,-61.317653894965645,7,True,49.87992885070188,0.0,1137298.0450366503,5162889.688408629,3562430.2902101143,1137253.8229605153,5162778.468358951,3562505.403559309,141.24483008663006,1.897451213198375
36870.0,1137250.2556189685,5162765.629539718,3562496.77146131,-73.96288346290095,7,True,49.51787919870445,0.0,1137298.0450366503,5162889.688408629,3562430.2902101143,1137250.2556189685,5162765.629539718,3562496.77146131,148.76008554877257,1.897451213198375
36900.0,1137248.6893210367,5162764.341535444,3562501.424888186,-73.08763920979811,7,True,50.55229727178812,0.0,1137298.0450366503,5162889.688408629,3562430.2902101143,1137248.6893210367,5162764.341535444,3562501.424888186,152.4196316878811,1.897451213198375
36930.0,1137258.2818165256,5162777.893409601,3562499.9481496913,-59.80913479695373,7,True,49.259382833327564,0.0,1137298.0450366503,5162889.688408629,3562430.2902101143,1137258.2818165256,5162777.893409601,3562499.9481496913,137.580658519858,1.897451213198375
36960.0,1137255.2465705331,5162774.3076374,3562502.931633882,-64.50145957980178,7,True,49.84389552367585,0.0,1137298.0450366503,5162889.688408629,3562430.2902101143,1137255.2465705331,5162774.3076374,3562502.931633882,142.88900231045693,1.897451213198375
36990.0,1137255.1598584142,5162775.792442492,3562501.307913037,-63.912253462690046,7,True,48.41250783843653,0.0,1137298.0450366503,5162889.688408629,3562430.2902101143,1137255.1598584142,5162775.792442492,3562501.307913037,140.9042053279317,1.897451213198375
37020.0,1137258.2148922116,5162779.373119524,3562505.8736780644,-58.00865428342405,7,True,49.83407895799194,0.0,1137298.0450366503,5162889.688408629,3562430.2902101143,1137258.2148922116,5162779.373119524,3562505.8736780644,139.44161279318612,1.897451213198375
37050.0,1137263.8337456083,5162781.747248557,3562495.4012606437,-56.38757811224302,7,True,51.40240597831352,0.0,1137298.0450366503,5162889.688408629,3562430.2902101143,1137263.8337456083,5162781.747248557,3562495.4012606437,130.6186157167212,1.897451213198375
37080.0,1137254.1315388917,5162770.042435692,3562502.4536224594,-68.00998450055657,7,True,49.40301123048578,0.0,1137298.0450366503,5162889.688408629,3562430.2902101143,1137254.1315388917,5162770.042435692,3562502.4536224594,146.4813974539713,1.897451213198375
37110.0,1137254.2331856694,5162771.534678811,3562497.3917615465,-66.787740954236,7,True,49.83119380261217,0.0,1137298.0450366503,5162889.688408629,3562430.2902101143,1137254.2331856694,5162771.534678811,3562497.3917615465,142.83610823694758,1.897451213198375
37140.0,1137254.7266187966,5162772.055196517,3562490.660694479,-66.31519007785265,7,True,50.33996407794101,0.0,1137298.0450366503,5162889.688408629,3562430.2902101143,1137254.7266187966,5162772.055196517,3562490.660694479,139.28078977207332,1.897451213198375
37170.0,1137257.1155829765,5162773.186572841,3562489.7136692456,-66.26425043983798,7,True,50.38127659367664,0.0,1137298.0450366503,5162889.688408629,3562430.2902101143,1137257.1155829765,5162773.186572841,3562489.7136692456,137.18020998897555,1.897451213198375
37200.0,1137250.2104967572,5162765.969865287,3562496.5584021406,-72.93330286331705,7,True,50.184370319758145,0.0,1137298.0450366503,5162889.688408629,3562430.2902101143,1137250.2104967572,5162765.969865287,3562496.5584021406,148.3962888760701,1.897451213198375
37230.0,1137253.6379670491,5162770.188079973,3562491.2216599253,-70.106570816995,7,True,49.91396017479045,0.0,1137298.0450366503,5162889.688408629,3562430.2902101143,1137253.6379670491,5162770.188079973,3562491.2216599253,141.4486874561773,1.897451213198375
37260.0,1137250.8655901502,5162773.335310701,3562496.6728409445,-67.4787976586352,7,True,49.60420354136399,0.0,1137298.0450366503,5162889.688408629,3562430.2902101143,1137250.8655901502,5162773.335310701,3562496.6728409445,142.10254552230458,1.897451213198375
37290.0,1137260.5529922452,5162782.289648309,3562501.3881048965,-56.78420201706777,7,True,50.669863535889554,0.0,1137298.0450366503,5162889.688408629,3562430.2902101143,1137260.5529922452,5162782.289648309,3562501.3881048965,134.0816254837606,1.897451213198375
37320.0,1137250.8141834415,5162765.132302684,3562486.3949018405,-73.06770641946167,7,True,50.684041450066225,0.0,1137298.0450366503,5162889.688408629,3562430.2902101143,1137250.8141834415,5162765.132302684,3562486.3949018405,144.78386301475763,1.897451213198375
37350.0,1137264.5233472763,5162781.779700658,3562489.6112572043,-56.810831659782274,7,True,50.09942770536457,0.0,1137298.0450366503,5162889.688408629,3562430.2902101143,1137264.5233472763,5162781.779700658,3562489.6112572043,127.69217759195043,1.897451213198375
37380.0,1137252.8626070078,5162767.8917916855,3562494.2109288806,-71.30278511961659,7,True,49.052709746573655,0.0,1137298.0450366503,5162889.688408629,3562430.2902101143,1137252.8626070078,5162767.8917916855,3562494.2109288806,144.91104707801568,1.897451213198375
37410.0,1137260.7407515976,5162780.753680335,3562499.1690147566,-59.44149389146264,7,True,49.187016325337545,0.0,1137298.0450366503,5162889.688408629,3562430.2902101143,1137260.7407515976,5162780.753680335,3562499.1690147566,134.14578114572998,1.897451213198375
37440.0,1137256.0229345707,5162772.043455109,3562493.246043376,-67.30787903951257,7,True,50.385090348976,0.0,1137298.0450366503,5162889.688408629,3562430.2902101143,1137256.0229345707,5162772.043455109,3562493.246043376,140.00129570068623,1.897451213198375
37470.0,1137252.0118731868,5162768.2192669,3562495.4952226644,-72.47198424462667,7,True,49.25306534873588,0.0,1137298.0450366503,5162889.688408629,3562430.2902101143,1137252.0118731868,5162768.2192669,3562495.4952226644,145.46163521460267,1.897451213198375
37500.0,1137262.4884605221,5162782.449820216,3562491.5841407515,-56.44992305898839,7,True,50.44562377887113,0.0,1137298.0450366503,5162889.688408629,3562430.2902101143,1137262.4884605221,5162782.449820216,3562491.5841407515,128.5850386161929,1.897451213198375
37530.0,1137261.2708265581,5162778.616467903,3562498.7134015495,-59.927719574893395,7,True,49.736001883234294,0.0,1137298.0450366503,5162889.688408629,3562430.2902101143,1137261.2708265581,5162778.616467903,3562498.7134015495,135.52828093243488,1.897451213198375
37560.0,1137252.3837745346,5162768.901734873,3562490.9657076406,-70.24936648177311,7,True,49.50860820817096,0.0,1137298.0450366503,5162889.688408629,3562430.2902101143,1137252.3837745346,5162768.901734873,3562490.9657076406,142.83853287480582,1.897451213198375
37590.0,1137257.0005183714,5162769.630412437,3562484.8727800827,-70.39624631715046,7,True,50.87182241465364,0.0,1137298.0450366503,5162889.688408629,3562430.2902101143,1137257.0005183714,5162769.630412437,3562484.8727800827,138.34369663627731,1.897451213198375
37620.0,1137256.9381694125,5162769.78516634,3562487.2144061867,-70.94010275535766,7,True,50.21090466316257,0.0,1137298.0450366503,5162889.688408629,3562430.2902101143,1137256.9381694125,5162769.78516634,3562487.2144061867,139.14095132484172,1.897451213198375
37650.0,1137255.8091588966,5162778.8539332645,3562490.700304774,-61.27654508326215,7,True,49.62803372208561,0.0,1137298.0450366503,5162889.688408629,3562430.2902101143,1137255.8091588966,5162778.8539332645,3562490.700304774,133.21309737132654,1.897451213198375
37680.0,1137256.2259883187,5162773.355313898,3562488.368555225,-66.33943908735999,7,True,48.99351827055216,0.0,1137298.0450366503,5162889.688408629,3562430.2902101143,1137256.2259883187,5162773.355313898,3562488.368555225,136.74685964451663,1.897451213198375
37710.0,1137259.5472716764,5162777.7740140185,3562483.2133638654,-62.28893081773264,7,True,51.45777944049665,0.0,1137298.0450366503,5162889.688408629,3562430.2902101143,1137259.5472716764,5162777.7740140185,3562483.2133638654,129.84048153444866,1.897451213198375
37740.0,1137254.8730552562,5162770.875131175,3562481.721250327,-69.66445824570899,7,True,50.56302197171109,0.0,1137298.0450366503,5162889.688408629,3562430.2902101143,1137254.8730552562,5162770.875131175,3562481.721250327,136.7374913803573,1.897451213198375
37770.0,1137254.6643700367,5162770.674663528,3562487.929856475,-68.71950909330934,7,True,50.10968708140509,0.0,1137298.0450366503,5162889.688408629,3562430.2902101143,1137254.6643700367,5162770.674663528,3562487.929856475,139.35649791464556,1.897451213198375
37800.0,1137261.5596744467,5162774.0989588285,3562486.954229838,-66.06741009385516,7,True,50.00030139833689,0.0,1137298.0450366503,5162889.688408629,3562430.2902101143,1137261.5596744467,5162774.0989588285,3562486.954229838,133.96047126305567,1.897451213198375
37830.0,1137257.6059677424,5162773.611664739,3562483.261663848,-67.00299885918385,7,True,49.55766050623996,0.0,1137298.0450366503,5162889.688408629,3562430.2902101143,1137257.6059677424,5162773.611664739,3562483.261663848,134.0688008144642,1.897451213198375
37860.0,1137258.7993298916,5162780.988490787,3562481.303365423,-60.375057768578685,7,True,50.43695675049509,0.0,1137298.0450366503,5162889.688408629,3562430.2902101143,1137258.7993298916,5162780.988490787,3562481.303365423,126.53376115362862,1.897451213198375
37890.0,1137253.3873764067,5162767.595393658,3562482.3101996533,-71.57848210536694,7,True,50.739869233753,0.0,1137298.0450366503,5162889.688408629,3562430.2902101143,1137253.3873764067,5162767.595393658,3562482.3101996533,140.29810657604128,1.897451213198375
37920.0,1137254.6961551295,5162769.567096898,3562483.874820584,-69.37043603468744,7,True,49.599633793745724,0.0,1137298.0450366503,5162889.688408629,3562430.2902101143,1137254.6961551295,5162769.567096898,3562483.874820584,138.7313445424457,1.897451213198375
37950.0,1137260.6243453838,5162780.149111979,3562490.7972830227,-59.326651079901005,7,True,48.75134459989412,0.0,1137298.0450366503,5162889.688408629,3562430.2902101143,1137260.6243453838,5162780.149111979,3562490.7972830227,130.6952193732808,1.897451213198375
37980.0,1137256.8916816963,5162774.267759002,3562480.921153023,-66.78962021374845,7,True,50.84989121556282,0.0,1137298.0450366503,5162889.688408629,3562430.2902101143,1137256.8916816963,5162774.267759002,3562480.921153023,132.8370255027179,1.897451213198375
38010.0,1137259.1222588907,5162774.666929278,3562482.2274798257,-65.16896662889518,7,True,50.217473978442804,0.0,1137298.0450366503,5162889.688408629,3562430.2902101143,1137259.1222588907,5162774.666929278,3562482.2274798257,132.2947568495153,1.897451213198375
38040.0,1137257.1895186803,5162768.586176954,3562482.053141543,-68.38441090030973,7,True,51.38999097581421,0.0,1137298.0450366503,5162889.688408629,3562430.2902101143,1137257.1895186803,5162768.586176954,3562482.053141543,138.1529225132332,1.897451213198375
38070.0,1137258.0965364093,5162777.397085417,3562479.012634159,-62.603650778868946,7,True,49.85398060296263,0.0,1137298.0450366503,5162889.688408629,3562430.2902101143,1137258.0965364093,5162777.397085417,3562479.012634159,129.01827368374555,1.897451213198375
38100.0,1137258.15290041,5162773.994967736,3562477.085078519,-66.25679953964178,7,True,50.2434463043298,0.0,1137298.0450366503,5162889.688408629,3562430.2902101143,1137258.15290041,5162773.994967736,3562477.085078519,131.31845952800302,1.897451213198375
38130.0,1137255.3846036931,5162769.066565773,3562479.0697745224,-69.3888688307102,7,True,50.329719856381416,0.0,1137298.0450366503,5162889.688408629,3562430.2902101143,1137255.3846036931,5162769.066565773,3562479.0697745224,137.2286150849289,1.897451213198375
38160.0,1137257.9800348554,5162767.981144987,3562476.1825861577,-71.99823106594889,7,True,48.77639800416572,0.0,1137298.0450366503,5162889.688408629,3562430.2902101143,1137257.9800348554,5162767.981144987,3562476.1825861577,136.4379893678464,1.897451213198375
38190.0,1137257.0093636839,5162769.435271297,3562479.4513048013,-70.52046569666548,7,True,49.915860020688605,0.0,1137298.0450366503,5162889.688408629,3562430.2902101143,1137257.0093636839,5162769.435271297,3562479.4513048013,136.53127790683112,1.897451213198375
38220.0,1137260.1181339633,5162771.351830127,3562480.3309006593,-67.7866510211768,7,True,51.270055649536,0.0,1137298.0450366503,5162889.688408629,3562430.2902101143,1137260.1181339633,5162771.351830127,3562480.3309006593,134.2244103799003,1.897451213198375
38250.0,1137260.7798224755,5162773.523341088,3562474.01526302,-65.84028658241088,7,True,49.73637789274965,0.0,1137298.0450366503,5162889.688408629,3562430.2902101143,1137260.7798224755,5162773.523341088,3562474.01526302,129.9289696092906,1.897451213198375
38280.0,1137268.6003518994,5162790.005145644,3562477.0025627906,-51.252457252025316,7,True,49.57839747837612,0.0,1137298.0450366503,5162889.688408629,3562430.2902101143,1137268.6003518994,5162790.005145644,3562477.0025627906,114.14016526036148,1.897451213198375
38310.0,1137260.78383531,5162781.09521139,3562474.923399482,-59.81872877514059,7,True,50.17460906186274,0.0,1137298.0450366503,5162889.688408629,3562430.2902101143,1137260.78383531,5162781.09521139,3562474.923399482,123.46789691057879,1.897451213198375
38340.0,1137251.9950690072,5162767.014013379,3562480.4983654865,-72.33758912682899,7,True,50.49346957462175,0.0,1137298.0450366503,5162889.688408629,3562430.2902101143,1137251.9950690072,5162767.014013379,3562480.4983654865,140.62436166514146,1.897451213198375
38370.0,1137263.8585911985,5162778.910271837,3562474.672841562,-60.98447525381038,7,True,50.3885656563299,0.0,1137298.0450366503,5162889.688408629,3562430.2902101143,1137263.8585911985,5162778.910271837,3562474.672841562,124.43054852971052,1.897451213198375
38400.0,1137262.155774379,5162769.9673759835,3562471.5022018272,-70.41193560886627,7,True,49.94329010375908,0.0,1137298.0450366503,5162889.688408629,3562430.2902101143,1137262.155774379,5162769.9673759835,3562471.5022018272,131.98065077700116,1.897451213198375
38430.0,1137264.1766205712,5162776.862878774,3562476.0204644776,-61.95947396525466,7,True,49.23110822801079,0.0,1137298.0450366503,5162889.688408629,3562430.2902101143,1137264.1766205712,5162776.862878774,3562476.0204644776,126.64580546191881,1.897451213198375
38460.0,1137262.445186463,5162776.860090852,3562477.0284560155,-62.94703943438779,7,True,49.374313730214325,0.0,1137298.0450366503,5162889.688408629,3562430.2902101143,1137262.445186463,5162776.860090852,3562477.0284560155,127.48216540493935,1.897451213198375
38490.0,1137257.0036726396,5162768.268598106,3562473.8535675765,-71.49382270455605,7,True,49.986678985612734,0.0,1137298.0450366503,5162889.688408629,3562430.2902101143,1137257.0036726396,5162768.268598106,3562473.8535675765,135.73660158456806,1.897451213198375
38520.0,1137262.4146399042,5162775.32506242,3562472.777312731,-63.76924504791755,7,True,50.755392018173424,0.0,1137298.0450366503,5162889.688408629,3562430.2902101143,1137262.4146399042,5162775.32506242,3562472.777312731,127.43541646702344,1.897451213198375
38550.0,1137255.9016230549,5162770.294875525,3562475.959873338,-69.97782753230962,7,True,50.18864809508835,0.0,1137298.0450366503,5162889.688408629,3562430.2902101143,1137255.9016230549,5162770.294875525,3562475.959873338,134.93327046671948,1.897451213198375
38580.0,1137258.734747957,5162766.38747407,3562469.7266409104,-73.21793903696964,7,True,49.67632045277527,0.0,1137298.0450366503,5162889.688408629,3562430.2902101143,1137258.734747957,5162766.38747407,3562469.7266409104,135.71299455661378,1.897451213198375
38610.0,1137261.5059877834,5162776.299727346,3562468.319351068,-64.23160097706375,7,True,49.383894086948466,0.0,1137298.0450366503,5162889.688408629,3562430.2902101143,1137261.5059877834,5162776.299727346,3562468.319351068,125.45269440775598,1.897451213198375
38640.0,1137265.0840362224,5162777.783241019,3562467.2151500406,-61.48048106800442,7,True,49.47763805091381,0.0,1137298.0450366503,5162889.688408629,3562430.2902101143,1137265.0840362224,5162777.783241019,3562467.2151500406,122.76134712462786,1.897451213198375
38670.0,1137262.1302728415,5162772.369020725,3562467.7385887625,-67.37492332289261,7,True,50.64884781305279,0.0,1137298.0450366503,5162889.688408629,3562430.2902101143,1137262.1302728415,5162772.369020725,3562467.7385887625,128.70059552296507,1.897451213198375
38700.0,1137258.0886178536,5162769.27304084,3562468.012575168,-70.45131689166602,7,True,48.88766036182642,0.0,1137298.0450366503,5162889.688408629,3562430.2902101143,1137258.0886178536,5162769.27304084,3562468.012575168,132.79790149648326,1.897451213198375
38730.0,1137265.6778777514,5162779.029830173,3562472.870479979,-60.86770728229087,7,True,49.4345232290881,0.0,1137298.0450366503,5162889.688408629,3562430.2902101143,1137265.6778777514,5162779.029830173,3562472.870479979,123.21756745048185,1.897451213198375
38760.0,1137258.3850691763,5162765.669758039,3562469.457274677,-73.61756605997655,7,True,50.168826144720825,0.0,1137298.0450366503,5162889.688408629,3562430.2902101143,1137258.3850691763,5162765.669758039,3562469.457274677,136.39781711138386,1.897451213198375
38790.0,1137255.852052038,5162767.43561109,3562461.473932422,-73.3524285201897,7,True,49.641209590647904,0.0,1137298.0450366503,5162889.688408629,3562430.2902101143,1137255.852052038,5162767.43561109,3562461.473932422,133.5702569711674,1.897451213198375
38820.0,1137257.8044957502,5162768.34860472,3562466.3537366027,-73.16252855139734,7,True,49.68598339600222,0.0,1137298.0450366503,5162889.688408629,3562430.2902101143,1137257.8044957502,5162768.34860472,3562466.3537366027,133.29060578371474,1.897451213198375
38850.0,1137265.8008925724,5162777.2474452425,3562458.681349926,-61.60385676232689,7,True,50.023151992687154,0.0,1137298.0450366503,5162889.688408629,3562430.2902101143,1137265.8008925724,5162777.2474452425,3562458.681349926,120.89067775778277,1.897451213198375
38880.0,1137259.910835005,5162768.713759163,3562465.3269940186,-69.75119745635712,7,True,50.35100145531552,0.0,1137298.0450366503,5162889.688408629,3562430.2902101143,1137259.910835005,5162768.713759163,3562465.3269940186,132.0624433268893,1.897451213198375
38910.0,1137257.2008507187,5162767.553056137,3562467.4796715337,-71.31272741259619,7,True,50.17800317917551,0.0,1137298.0450366503,5162889.688408629,3562430.2902101143,1137257.2008507187,5162767.553056137,3562467.4796715337,134.49800174738834,1.897451213198375
38940.0,1137261.6431600591,5162776.120620971,3562459.630701369,-64.44312561717645,7,True,51.02326519893749,0.0,1137298.0450366503,5162889.688408629,3562430.2902101143,1137261.6431600591,5162776.120620971,3562459.630701369,123.33822246982766,1.897451213198375
38970.0,1137258.5506940843,5162769.524470363,3562456.335906248,-71.45267257733744,7,True,50.36423811635801,0.0,1137298.0450366503,5162889.688408629,3562430.2902101143,1137258.5506940843,5162769.524470363,3562456.335906248,129.73396406498432,1.897451213198375
39000.0,1137258.645584339,5162764.723381295,3562461.7123211734,-74.80771634637773,7,True,49.58578466198274,0.0,1137298.0450366503,5162889.688408629,3562430.2902101143,1137258.645584339,5162764.723381295,3562461.7123211734,135.27516089826568,1.897451213198375
39030.0,1137261.402022117,5162770.533369727,3562464.124446513,-69.93105876899142,7,True,49.1862829678825,0.0,1137298.0450366503,5162889.688408629,3562430.2902101143,1137261.402022117,5162770.533369727,3562464.124446513,129.64841114620927,1.897451213198375
39060.0,1137257.6196838312,5162767.225398729,3562462.621230821,-72.69640846870074,7,True,49.14736147437777,0.0,1137298.0450366503,5162889.688408629,3562430.2902101143,1137257.6196838312,5162767.225398729,3562462.621230821,133.46948996048323,1.897451213198375
39090.0,1137258.3484231194,5162766.111118484,3562460.884505734,-72.90923392657241,7,True,49.66609513972487,0.0,1137298.0450366503,5162889.688408629,3562430.2902101143,1137258.3484231194,5162766.111118484,3562460.884505734,133.89314376117045,1.897451213198375
39120.0,1137259.7570980168,5162765.865699489,3562464.312490661,-72.73547647982238,7,True,49.72065329658134,0.0,1137298.0450366503,5162889.688408629,3562430.2902101143,1137259.7570980168,5162765.865699489,3562464.312490661,134.48975620255464,1.897451213198375
39150.0,1137257.3448815716,5162763.804319394,3562459.6323216273,-76.15554000979662,7,True,48.2639246104019,0.0,1137298.0450366503,5162889.688408629,3562430.2902101143,1137257.3448815716,5162763.804319394,3562459.6323216273,136.07838304479773,1.897451213198375
39180.0,1137257.478675857,5162772.520738375,3562463.52275307,-70.16485751122623,7,True,49.81432733152594,0.0,1137298.0450366503,5162889.688408629,3562430.2902101143,1137257.478675857,5162772.520738375,3562463.52275307,128.85753399703555,1.897451213198375
39210.0,1137256.597495849,5162766.047903696,3562458.395876633,-74.19141584806191,7,True,50.747087225317955,0.0,1137298.0450366503,5162889.688408629,3562430.2902101143,1137256.597495849,5162766.047903696,3562458.395876633,133.97390277890995,1.897451213198375
39240.0,1137270.6793251242,5162786.580238144,3562461.2584041194,-53.463978664157246,7,True,50.12093015653746,0.0,1137298.0450366503,5162889.688408629,3562430.2902101143,1137270.6793251242,5162786.580238144,3562461.2584041194,111.519189752933,1.897451213198375
39270.0,1137264.7711303465,5162778.119656514,3562464.818260058,-62.450760763247665,7,True,49.030077272227835,0.0,1137298.0450366503,5162889.688408629,3562430.2902101143,1137264.7711303465,5162778.119656514,3562464.818260058,121.86981676442615,1.897451213198375
39300.0,1137262.600824354,5162770.652590646,3562459.8432254647,-67.87068074314426,7,True,50.97341465311391,0.0,1137298.0450366503,5162889.688408629,3562430.2902101143,1137262.600824354,5162770.652590646,3562459.8432254647,128.1997216434131,1.897451213198375
39330.0,1137257.3940797476,5162762.393795907,3562458.840829993,-78.16595748090158,7,True,49.53336270366396,0.0,1137298.0450366503,5162889.688408629,3562430.2902101143,1137257.3940797476,5162762.393795907,3562458.840829993,137.2204836316445,1.897451213198375
39360.0,1137258.6953578899,5162765.205830195,3562454.4732325114,-73.8871514250994,7,True,50.036384613386225,0.0,1137298.0450366503,5162889.688408629,3562430.2902101143,1137258.6953578899,5162765.205830195,3562454.4732325114,133.39968265106234,1.897451213198375
39390.0,1137255.8549160536,5162754.96309125,3562451.9493629085,-83.60933821880515,7,True,49.85232604933636,0.0,1137298.0450366503,5162889.688408629,3562430.2902101143,1137255.8549160536,5162754.96309125,3562451.9493629085,143.50672214218665,1.897451213198375
39420.0,1137257.2190868708,5162764.397092946,3562452.0764638027,-76.30016038288812,7,True,49.70813629669802,0.0,1137298.0450366503,5162889.688408629,3562430.2902101143,1137257.2190868708,5162764.397092946,3562452.0764638027,134.22484566436682,1.897451213198375
39450.0,1137259.9621400244,5162768.822223968,3562453.7159946617,-72.61321338371557,7,True,49.59338851592371,0.0,1137298.0450366503,5162889.688408629,3562430.2902101143,1137259.9621400244,5162768.822223968,3562453.7159946617,129.49665710366273,1.897451213198375
39480.0,1137261.0806274638,5162762.113838367,3562453.1077584815,-74.61825162420593,7,True,50.18019674399069,0.0,1137298.0450366503,5162889.688408629,3562430.2902101143,1137261.0806274638,5162762.113838367,3562453.1077584815,135.40960813135464,1.897451213198375
39510.0,1137258.7970692655,5162763.353432455,3562459.7065777876,-75.13506247582016,7,True,49.4106959647366,0.0,1137298.0450366503,5162889.688408629,3562430.2902101143,1137258.7970692655,5162763.353432455,3562459.7065777876,136.08216187092776,1.897451213198375
39540.0,1137257.2338775627,5162761.1966954125,3562455.7713655718,-78.93466119957036,7,True,50.422840552670614,0.0,1137298.0450366503,5162889.688408629,3562430.2902101143,1137257.2338775627,5162761.1966954125,3562455.7713655718,137.82249428454858,1.897451213198375
39570.0,1137258.9378249804,5162758.098315623,3562451.7731488775,-80.47739305176498,7,True,50.09601318729775,0.0,1137298.0450366503,5162889.688408629,3562430.2902101143,1137258.9378249804,5162758.098315623,3562451.7731488775,139.6187003861295,1.897451213198375
39600.0,1137262.2385094229,5162766.109829221,3562449.044349192,-73.92055351972992,7,True,49.09866526403597,0.0,1137298.0450366503,5162889.688408629,3562430.2902101143,1137262.2385094229,5162766.109829221,3562449.044349192,130.7081971088375,1.897451213198375
39630.0,1137261.7602761309,5162769.581481144,3562453.613185571,-71.30888650616228,7,True,51.517565603767125,0.0,1137298.0450366503,5162889.688408629,3562430.2902101143,1137261.7602761309,5162769.581481144,3562453.613185571,128.2388436517346,1.897451213198375
39660.0,1137261.53269974,5162766.0857599275,3562451.855008641,-73.26049873318196,7,True,49.019085640353815,0.0,1137298.0450366503,5162889.688408629,3562430.2902101143,1137261.53269974,5162766.0857599275,3562451.855008641,131.3258359855571,1.897451213198375
39690.0,1137261.3459449345,5162763.166367981,3562450.5442314586,-75.84515931350617,7,True,49.741589749498026,0.0,1137298.0450366503,5162889.688408629,3562430.2902101143,1137261.3459449345,5162763.166367981,3562450.5442314586,133.95814691811987,1.897451213198375
39720.0,1137262.0120774903,5162773.0555374585,3562452.040754387,-68.30126513467064,7,True,48.914484061300755,0.0,1137298.0450366503,5162889.688408629,3562430.2902101143,1137262.0120774903,5162773.0555374585,3562452.040754387,124.63111261694398,1.897451213198375
39750.0,1137260.8573295372,5162770.499583378,3562452.3029145873,-70.45126849705478,7,True,48.534570392753395,0.0,1137298.0450366503,5162889.688408629,3562430.2902101143,1137260.8573295372,5162770.499583378,3562452.3029145873,127.42112902623452,1.897451213198375
39780.0,1137260.1743498812,5162764.087994772,3562441.401384172,-75.26705085317364,7,True,50.33756731450558,0.0,1137298.0450366503,5162889.688408629,3562430.2902101143,1137260.1743498812,5162764.087994772,3562441.401384172,132.44873733123228,1.897451213198375
39810.0,1137262.4367564037,5162766.641308581,3562441.032861847,-73.99258314515878,7,True,49.77047367819718,0.0,1137298.0450366503,5162889.688408629,3562430.2902101143,1137262.4367564037,5162766.641308581,3562441.032861847,129.33789936801077,1.897451213198375
39840.0,1137259.2681344233,5162763.266545204,3562453.5455675544,-77.9999197213492,7,True,48.546171572591575,0.0,1137298.0450366503,5162889.688408629,3562430.2902101143,1137259.2681344233,5162763.266545204,3562453.5455675544,134.90338957573502,1.897451213198375
39870.0,1137254.7680104822,5162761.106181876,3562449.717920057,-78.98745201119803,7,True,50.00076423372541,0.0,1137298.0450366503,5162889.688408629,3562430.2902101143,1137254.7680104822,5162761.106181876,3562449.717920057,137.754354570862,1.897451213198375
39900.0,1137261.675366696,5162759.785098915,3562440.465997468,-78.57222361199052,7,True,51.19212650401251,0.0,1137298.0450366503,5162889.688408629,3562430.2902101143,1137261.675366696,5162759.785098915,3562440.465997468,136.08565856716166,1.897451213198375
39930.0,1137262.3291295127,5162767.031009956,3562446.776204079,-70.860544667415,7,True,50.256896525621414,0.0,1137298.0450366503,5162889.688408629,3562430.2902101143,1137262.3291295127,5162767.031009956,3562446.776204079,129.52698635529657,1.897451213198375
39960.0,1137258.6857993696,5162754.827043993,3562437.84546006,-84.59104413798366,7,True,49.93953955067055,0.0,1137298.0450366503,5162889.688408629,3562430.2902101143,1137258.6857993696,5162754.827043993,3562437.84546006,141.53306377034698,1.897451213198375
39990.0,1137262.6902044492,5162766.653368193,3562446.652284904,-72.30667242485659,7,True,49.89612184997116,0.0,1137298.0450366503,5162889.688408629,3562430.2902101143,1137262.6902044492,5162766.653368193,3562446.652284904,129.7726973974202,1.897451213198375
40020.0,1137261.900273637,5162765.515694298,3562448.81007412,-73.30410503673092,7,True,49.581913280699936,0.0,1137298.0450366503,5162889.688408629,3562430.2902101143,1137261.900273637,5162765.515694298,3562448.81007412,131.3373827339614,1.897451213198375
40050.0,1137251.475632359,5162756.70709817,3562447.045269406,-82.77507910487891,7,True,49.44529104232788,0.0,1137298.0450366503,5162889.688408629,3562430.2902101143,1137251.475632359,5162756.70709817,3562447.045269406,142.6366746001743,1.897451213198375
40080.0,1137259.125685091,5162756.575915303,3562440.8177815177,-82.29159270007062,7,True,48.98625908792019,0.0,1137298.0450366503,5162889.688408629,3562430.2902101143,1137259.125685091,5162756.575915303,3562440.8177815177,139.89008644359114,1.897451213198375
40110.0,1137263.0511334927,5162757.007631375,3562440.939038453,-79.84493676926503,7,True,48.848463164908544,0.0,1137298.0450366503,5162889.688408629,3562430.2902101143,1137263.0511334927,5162757.007631375,3562440.939038453,138.42650774127705,1.897451213198375
40140.0,1137260.6755675692,5162758.712230802,3562435.219394863,-79.01583980424796,7,True,49.367991771016804,0.0,1137298.0450366503,5162889.688408629,3562430.2902101143,1137260.6755675692,5162758.712230802,3562435.219394863,137.16274788733742,1.897451213198375
40170.0,1137253.9525000139,5162750.30226652,3562437.718282269,-87.97786069054784,7,True,49.533627996487276,0.0,1137298.0450366503,5162889.688408629,3562430.2902101143,1137253.9525000139,5162750.30226652,3562437.718282269,147.23492513154957,1.897451213198375
40200.0,1137259.8358349716,5162753.0689763455,3562437.5716429036,-84.05105909650833,7,True,48.63857281740223,0.0,1137298.0450366503,5162889.688408629,3562430.2902101143,1137259.8358349716,5162753.0689763455,3562437.5716429036,142.89239203520108,1.897451213198375
40230.0,1137258.6581495581,5162755.753766602,3562433.874459646,-82.74548268598143,7,True,49.50827858809914,0.0,1137298.0450366503,5162889.688408629,3562430.2902101143,1137258.6581495581,5162755.753766602,3562433.874459646,140.54177407134856,1.897451213198375
40260.0,1137258.0105261963,5162750.295445122,3562444.6006351374,-86.73352174180687,7,True,49.248430490493774,0.0,1137298.0450366503,5162889.688408629,3562430.2902101143,1137258.0105261963,5162750.295445122,3562444.6006351374,146.4979280246999,1.897451213198375
40290.0,1137255.0807747191,5162748.73915762,3562439.404208446,-87.90695247660489,7,True,49.24261185207537,0.0,1137298.0450366503,5162889.688408629,3562430.2902101143,1137255.0807747191,5162748.73915762,3562439.404208446,148.46506500534343,1.897451213198375
40320.0,1137257.498406164,5162753.556826531,3562442.5841495874,-84.99020456631692,7,True,49.22218058258295,0.0,1137298.0450366503,5162889.688408629,3562430.2902101143,1137257.498406164,5162753.556826531,3562442.5841495874,143.36136854879567,1.897451213198375
40350.0,1137259.4020810127,5162753.07548208,3562430.0360556054,-83.69994102171198,7,True,50.23703707648175,0.0,1137298.0450366503,5162889.688408629,3562430.2902101143,1137259.4020810127,5162753.07548208,3562430.0360556054,142.90545923899842,1.897451213198375
40380.0,1137259.6084444663,5162756.849409473,3562439.630105707,-81.73507150453159,7,True,49.11496574538095,0.0,1137298.0450366503,5162889.688408629,3562430.2902101143,1137259.6084444663,5162756.849409473,3562439.630105707,139.42211849669718,1.897451213198375
40410.0,1137260.016475775,5162755.04349066,3562432.418141201,-83.21339202739665,7,True,50.219921721943784,0.0,1137298.0450366503,5162889.688408629,3562430.2902101143,1137260.016475775,5162755.04349066,3562432.418141201,140.8327356330005,1.897451213198375
40440.0,1137257.117484478,5162748.912102676,3562431.3018096853,-87.51278749115112,7,True,49.21020119743688,0.0,1137298.0450366503,5162889.688408629,3562430.2902101143,1137257.117484478,5162748.912102676,3562431.3018096853,147.52797340492376,1.897451213198375
40470.0,1137256.5391718412,5162749.36112727,3562433.0318387495,-87.28175145453703,7,True,51.07488916814327,0.0,1137298.0450366503,5162889.688408629,3562430.2902101143,1137256.5391718412,5162749.36112727,3562433.0318387495,147.2637713553665,1.897451213198375
40500.0,1137261.8622189993,5162765.849465589,3562442.5262726606,-73.73444282836107,7,True,48.79096270033291,0.0,1137298.0450366503,5162889.688408629,3562430.2902101143,1137261.8622189993,5162765.849465589,3562442.5262726606,130.36992195264182,1.897451213198375
40530.0,1137262.6026255619,5162763.0179481795,3562433.841268828,-76.719759611991,7,True,49.25298181389059,0.0,1137298.0450366503,5162889.688408629,3562430.2902101143,1137262.6026255619,5162763.0179481795,3562433.841268828,132.46829296925318,1.897451213198375
40560.0,1137255.883901676,5162745.798160841,3562426.6933187502,-92.39786876178746,7,True,49.67742943125112,0.0,1137298.0450366503,5162889.688408629,3562430.2902101143,1137255.883901676,5162745.798160841,3562426.6933187502,150.9528540119584,1.897451213198375
40590.0,1137261.4129377864,5162760.159453915,3562434.5643884013,-77.2340770861132,7,True,48.932827048003674,0.0,1137298.0450366503,5162889.688408629,3562430.2902101143,1137261.4129377864,5162760.159453915,3562434.5643884013,135.55467609437002,1.897451213198375
40620.0,1137254.7442332914,5162746.809447838,3562434.673915346,-89.61002287561396,7,True,49.451596203659264,0.0,1137298.0450366503,5162889.688408629,3562430.2902101143,1137254.7442332914,5162746.809447838,3562434.673915346,150.24565134813548,1.897451213198375
40650.0,1137259.1435234954,5162750.455486624,3562429.930311357,-86.93232532798521,7,True,48.65200827590057,0.0,1137298.0450366503,5162889.688408629,3562430.2902101143,1137259.1435234954,5162750.455486624,3562429.930311357,145.498016235456,1.897451213198375
40680.0,1137261.0324864544,5162754.40825767,3562436.821705349,-83.45319876141974,7,True,49.321761964687276,0.0,1137298.0450366503,5162889.688408629,3562430.2902101143,1137261.0324864544,5162754.40825767,3562436.821705349,141.25436749690786,1.897451213198375
40710.0,1137262.394513853,5162755.479726517,3562424.737094458,-81.08372365784233,7,True,49.810133944664685,0.0,1137298.0450366503,5162889.688408629,3562430.2902101143,1137262.394513853,5162755.479726517,3562424.737094458,139.96348637735824,1.897451213198375
40740.0,1137263.9055805528,5162759.804672933,3562431.8349475004,-78.93902060801086,7,True,49.142055584916044,0.0,1137298.0450366503,5162889.688408629,3562430.2902101143,1137263.9055805528,5162759.804672933,3562431.8349475004,135.21041470667754,1.897451213198375
40770.0,1137260.3911628856,5162755.942973457,3562427.0621908405,-81.93132680536306,7,True,48.74167744496039,0.0,1137298.0450366503,5162889.688408629,3562430.2902101143,1137260.3911628856,5162755.942973457,3562427.0621908405,139.94893808056068,1.897451213198375
40800.0,1137262.4054225334,5162754.498954417,3562429.9855019967,-81.12477370579458,7,True,49.36927006819418,0.0,1137298.0450366503,5162889.688408629,3562430.2902101143,1137262.4054225334,5162754.498954417,3562429.9855019967,140.7368135460763,1.897451213198375
40830.0,1137258.453767235,5162751.812107331,3562429.879495812,-85.58858173368516,7,True,49.55164840711014,0.0,1137298.0450366503,5162889.688408629,3562430.2902101143,1137258.453767235,5162751.812107331,3562429.879495812,144.38339633544754,1.897451213198375
40860.0,1137260.8595244195,5162750.581135361,3562425.4021961936,-85.91079494959219,7,True,49.31397127572979,0.0,1137298.0450366503,5162889.688408629,3562430.2902101143,1137260.8595244195,5162750.581135361,3562425.4021961936,145.05457340104203,1.897451213198375
40890.0,1137257.6961250377,5162750.732675582,3562435.760429495,-85.67732688282567,7,True,48.17104663486992,0.0,1137298.0450366503,5162889.688408629,3562430.2902101143,1137257.6961250377,5162750.732675582,3562435.760429495,145.66721379656644,1.897451213198375
40920.0,1137263.1692195544,5162760.926866609,3562428.618396685,-76.43391033478191,7,True,48.97986913365977,0.0,1137298.0450366503,5162889.688408629,3562430.2902101143,1137263.1692195544,5162760.926866609,3562428.618396685,134.35880563999297,1.897451213198375
40950.0,1137259.9868764551,5162748.277585173,3562425.1093340083,-87.72944766548693,7,True,48.41155062828745,0.0,1137298.0450366503,5162889.688408629,3562430.2902101143,1137259.9868764551,5162748.277585173,3562425.1093340083,147.51681357432233,1.897451213198375
40980.0,1137259.1632429499,5162753.7837454835,3562430.0198806203,-83.47433030556509,7,True,49.39934948512486,0.0,1137298.0450366503,5162889.688408629,3562430.2902101143,1137259.1632429499,5162753.7837454835,3562430.0198806203,142.29061033510064,1.897451213198375
41010.0,1137255.5117418189,5162747.170380565,3562431.9250041116,-89.43685174154325,7,True,48.33569466961281,0.0,1137298.0450366503,5162889.688408629,3562430.2902101143,1137255.5117418189,5162747.170380565,3562431.9250041116,149.6528794648244,1.897451213198375
41040.0,1137256.4919626229,5162745.423249608,3562426.0551734963,-92.00176131127488,7,True,47.82975710076945,0.0,1137298.0450366503,5162889.688408629,3562430.2902101143,1137256.4919626229,5162745.423249608,3562426.0551734963,151.16543335727027,1.897451213198375
41070.0,1137256.2181983318,5162750.26448545,3562419.0052161966,-86.74444779503494,7,True,47.84687051709209,0.0,1137298.0450366503,5162889.688408629,3562430.2902101143,1137256.2181983318,5162750.26448545,3562419.0052161966,147.0555268641021,1.897451213198375
41100.0,1137252.768153317,5162748.734407816,3562433.5207498004,-89.15971074846934,7,True,47.59591902792454,0.0,1137298.0450366503,5162889.688408629,3562430.2902101143,1137252.768153317,5162748.734407816,3562433.5207498004,148.98409649725312,1.897451213198375
41130.0,1137254.9372371426,5162743.578612033,3562420.3562168204,-93.82911721339705,7,True,49.06924018689564,0.0,1137298.0450366503,5162889.688408629,3562430.2902101143,1137254.9372371426,5162743.578612033,3562420.3562168204,153.6952865791117,1.897451213198375
41160.0,1137254.8388945307,5162735.047835484,3562422.801648649,-101.14883306674996,7,True,48.103557138570714,0.0,1137298.0450366503,5162889.688408629,3562430.2902101143,1137254.8388945307,5162735.047835484,3562422.801648649,161.73971380922254,1.897451213198375
41190.0,1137263.1832547332,5162751.73397698,3562418.867644481,-84.96121601900514,7,True,48.587266808109625,0.0,1137298.0450366503,5162889.688408629,3562430.2902101143,1137263.1832547332,5162751.73397698,3562418.867644481,143.7978318415951,1.897451213198375
41220.0,1137255.9219070263,5162738.634285418,3562411.0995937516,-97.51588039568924,7,True,49.08335802491222,0.0,1137298.0450366503,5162889.688408629,3562430.2902101143,1137255.9219070263,5162738.634285418,3562411.0995937516,159.10566915965614,1.897451213198375
41250.0,1137262.4666736955,5162757.147297819,3562431.1271652747,-79.15919782549825,7,True,47.76840390264988,0.0,1137298.0450366503,5162889.688408629,3562430.2902101143,1137262.4666736955,5162757.147297819,3562431.1271652747,138.15185293874532,1.897451213198375
41280.0,1137255.612790345,5162743.005763795,3562425.4451008867,-92.40062516969951,7,True,49.01855308030333,0.0,1137298.0450366503,5162889.688408629,3562430.2902101143,1137255.612790345,5162743.005763795,3562425.4451008867,153.75481554109516,1.897451213198375
41310.0,1137258.7728281405,5162750.106233805,3562424.8768524425,-87.20822635766913,7,True,48.26498035235064,0.0,1137298.0450366503,5162889.688408629,3562430.2902101143,1137258.7728281405,5162750.106233805,3562424.8768524425,146.09145318077518,1.897451213198375
41340.0,1137254.289730034,5162745.797307026,3562418.0710889855,-92.25404450386034,7,True,48.36283473457609,0.0,1137298.0450366503,5162889.688408629,3562430.2902101143,1137254.289730034,5162745.797307026,3562418.0710889855,151.95462865034037,1.897451213198375
41370.0,1137256.908789403,5162739.086285818,3562418.6302794595,-96.67091896156013,7,True,48.457633315452505,0.0,1137298.0450366503,5162889.688408629,3562430.2902101143,1137256.908789403,5162739.086285818,3562418.6302794595,157.5987238371325,1.897451213198375
41400.0,1137262.561297224,5162749.607725927,3562420.2800112385,-86.15472245506143,7,True,47.192943510200294,0.0,1137298.0450366503,5162889.688408629,3562430.2902101143,1137262.561297224,5162749.607725927,3562420.2800112385,145.88325089550074,1.897451213198375
41430.0,1137261.6589841503,5162755.668534105,3562418.299808153,-81.0899256352209,7,True,47.595856809190344,0.0,1137298.0450366503,5162889.688408629,3562430.2902101143,1137261.6589841503,5162755.668534105,3562418.299808153,140.45136553794632,1.897451213198375
41460.0,1137258.2591823158,5162742.722380255,3562420.6412504194,-93.5509352189742,7,True,48.61792532248156,0.0,1137298.0450366503,5162889.688408629,3562430.2902101143,1137258.2591823158,5162742.722380255,3562420.6412504194,153.5883425616433,1.897451213198375
41490.0,1137253.783901447,5162737.344007792,3562414.4396881373,-98.85293045491004,7,True,47.329820066690445,0.0,1137298.0450366503,5162889.688408629,3562430.2902101143,1137253.783901447,5162737.344007792,3562414.4396881373,160.52106900976247,1.897451213198375
41520.0,1137253.1776906615,5162729.879805804,3562413.0122135463,-104.14086424010954,7,True,48.40664128746305,0.0,1137298.0450366503,5162889.688408629,3562430.2902101143,1137253.1776906615,5162729.879805804,3562413.0122135463,167.97545366235656,1.897451213198375
41550.0,1137253.909618778,5162734.189483791,3562409.915076695,-100.23591368342353,7,True,48.68352780597551,0.0,1137298.0450366503,5162889.688408629,3562430.2902101143,1137253.909618778,5162734.189483791,3562409.915076695,164.04498512306822,1.897451213198375
41580.0,1137258.341219445,5162746.997869878,3562421.7828638805,-88.10242749752547,7,True,47.310750376965316,0.0,1137298.0450366503,5162889.688408629,3562430.2902101143,1137258.341219445,5162746.997869878,3562421.7828638805,149.37508537521842,1.897451213198375
41610.0,1137259.43926055,5162742.262287018,3562418.75485201,-91.57730764770217,7,True,47.40181427129677,0.0,1137298.0450366503,5162889.688408629,3562430.2902101143,1137259.43926055,5162742.262287018,3562418.75485201,153.87670012648084,1.897451213198375
41640.0,1137256.511416748,5162739.934651907,3562411.879994471,-95.59618867542794,7,True,48.49123196623155,0.0,1137298.0450366503,5162889.688408629,3562430.2902101143,1137256.511416748,5162739.934651907,3562411.879994471,157.60560855444012,1.897451213198375
41670.0,1137297.3755526931,5162894.185257866,3562439.1488577686,5.682144245276708,7,True,1.0620100242750985,0.9999387112855285,1137297.401614848,5162894.010201273,3562438.804001937,1137297.3755526931,5162894.185257866,3562439.1488577686,8.187752737374556,7.801303654021946
41700.0,1137302.1046183277,5162896.174913677,3562438.776351097,9.16901024148346,7,True,0.986387166593756,0.9999577100593373,1137299.8330443348,5162895.129346856,3562438.7897065897,1137302.1046183277,5162896.174913677,3562438.776351097,9.577405439648459,8.37404248164428
41730.0,1137297.2522205336,5162890.539319553,3562433.7717740997,1.3318721256226607,7,True,0.7608930000237056,0.9999774003140546,1137298.8414808323,5162893.365838806,3562436.861795543,1137297.2522205336,5162890.539319553,3562433.7717740997,2.249967192187125,5.710487812232478
41760.0,1137298.0249863705,5162897.945319489,3562441.456726094,8.132053349735957,7,True,1.5721688462155206,0.9997456299948085,1137298.5899344368,5162894.776689599,3562438.277406146,1137298.0249863705,5162897.945319489,3562441.456726094,12.100445297915007,7.652414761116084
41790.0,1137298.857580135,5162886.286966949,3562435.356651155,-1.013719778574275,7,True,0.9534916388137,0.9999057969482293,1137298.670111325,5162892.233478377,3562437.402454492,1137298.857580135,5162886.286966949,3562435.356651155,5.442134451823707,5.741171737163777
41820.0,1137298.796187272,5162896.520998005,3562435.061985729,7.058032853698007,7,True,1.4579518884420395,0.999932176499044,1137298.7063726143,5162893.466631824,3562436.7293013935,1137298.796187272,5162896.520998005,3562435.061985729,6.789051327583323,5.643169589464526
41850.0,1137296.058910489,5162887.754770158,3562428.8506271527,0.0867489872510629,7,True,1.0872192968215262,0.9999509672836131,1137297.9614263338,5162891.85942088,3562434.512389954,1137296.058910489,5162887.754770158,3562428.8506271527,4.817466743101471,2.9747316487036675
41880.0,1137295.0436031613,5162884.2912314115,3562437.092546743,-3.0406059262370637,7,True,1.3417999286736761,0.9999430658697072,1137297.1549073402,5162889.767488576,3562435.2255741786,1137295.0436031613,5162884.2912314115,3562437.092546743,8.802899992277608,3.6513271071044753
41910.0,1137304.704828141,5162899.715509561,3562425.695722875,10.893828910286146,7,True,0.933190857725484,0.999941104215893,1137299.2243915033,5162892.494308158,3562432.613377724,1137304.704828141,5162899.715509561,3562425.695722875,12.715860231821853,2.2127023147510694
41940.0,1137301.5993812329,5162896.161676431,3562432.339444096,8.618129852801504,7,True,1.605904714337417,0.9999563677294692,1137299.8756096908,5162893.4998943675,3562432.538265584,1137301.5993812329,5162896.161676431,3562432.339444096,6.4440485445251,3.3355239151143414
41970.0,1137297.2192225645,5162894.813024699,3562442.7122809873,5.782300530082517,7,True,1.2320616830672537,0.99989220056953,1137299.1626207412,5162893.852345788,3562435.269027408,1137297.2192225645,5162894.813024699,3562442.7122809873,11.687331524743172,4.769911474470817
42000.0,1137298.6574712913,5162892.982235831,3562436.0096471207,4.427870818293654,7,True,1.428850723164422,0.9999434235370129,1137299.0247588316,5162893.61488137,3562435.4711522404,1137298.6574712913,5162892.982235831,3562436.0096471207,4.775478361612186,4.738865751316455
42030.0,1137293.9028823578,5162883.41095856,3562433.9295639424,-3.6664339596753925,7,True,0.33736386788742884,0.9999703746729633,1137297.6186301825,5162890.813558795,3562435.0479340153,1137293.9028823578,5162883.41095856,3562433.9295639424,8.708236670160838,3.2673095296292853
42060.0,1137297.4156759318,5162887.366381893,3562424.602504516,-0.19975331358830373,7,True,1.0791528852922576,0.9999605553243377,1137297.5632075714,5162889.872206031,3562432.1955031133,1137297.4156759318,5162887.366381893,3562424.602504516,8.049802644227624,1.195790700959968
42090.0,1137297.385205803,5162887.074916833,3562432.060362263,-0.9289778782531651,7,True,0.8942396906869752,0.9999748187258264,1137297.5144362904,5162889.105767704,3562432.158475434,1137297.385205803,5162887.074916833,3562432.060362263,3.6208854836192605,1.7504126435980996
42120.0,1137300.6657134225,5162895.497131737,3562429.954274743,7.336277357851214,7,True,1.5652776690466064,0.9999047642508936,1137298.3596667221,5162890.8200489795,3562431.5672683064,1137300.6657134225,5162895.497131737,3562429.954274743,5.77468178264401,0.5155708997724685
42150.0,1137300.525452159,5162897.810774988,3562430.3595010606,8.602233463351808,7,True,0.7805895943726812,0.9999563741973996,1137298.951177238,5162892.729327654,3562431.237407825,1137300.525452159,5162897.810774988,3562430.3595010606,7.7328441928261835,2.366856603390097
42180.0,1137299.3415902883,5162892.6820618445,3562434.6896680165,3.3031862549812914,7,True,1.4427210656659943,0.9999624745358712,1137299.057869686,5162892.716410808,3562432.1808447596,1137299.3415902883,5162892.6820618445,3562434.6896680165,3.6058455686312607,2.2861952606041838
42210.0,1137298.2835438952,5162892.718957175,3562429.8946854994,4.5341759231431285,7,True,1.2798225517783846,0.9999404949308898,1137298.8477920871,5162892.7171016475,3562431.5606008596,1137298.2835438952,5162892.718957175,3562429.8946854994,3.01989905566196,2.265191235504188
42240.0,1137297.3282831474,5162896.34022163,3562435.410292721,6.924230466419455,7,True,1.448536988879953,0.9998864995223089,1137298.4415552581,5162893.685733509,3562432.589806134,1137297.3282831474,5162896.34022163,3562435.410292721,6.903978325382543,3.2520865919110675
42270.0,1137296.05687336,5162892.173341589,3562438.547091744,3.55736760363752,7,True,0.586813499884946,0.9999626028759295,1137297.7877584128,5162893.271088241,3562434.223086674,1137296.05687336,5162892.173341589,3562438.547091744,7.263864542612849,3.6733255637720448
42300.0,1137298.1810073399,5162893.716860754,3562433.343376599,4.59929226352798,7,True,0.3587572979075568,0.999978262785131,1137297.8957928705,5162893.393552126,3562433.981410234,1137298.1810073399,5162893.716860754,3562433.343376599,3.5297256896014173,3.603408778598999
42330.0,1137299.413611254,5162894.127652371,3562431.425647954,6.351292571660159,7,True,0.6530457947935376,0.9999732837859752,1137298.3112607857,5162893.594495204,3562433.2818290205,1137299.413611254,5162894.127652371,3562431.425647954,3.7615305982301064,3.3822552864092406
42360.0,1137294.4861102698,5162880.480053135,3562428.7985660485,-7.027945535854783,7,True,1.3142039722629957,0.999924899583652,1137297.2795574812,5162890.057323748,3562432.0726224277,1137294.4861102698,5162880.480053135,3562428.7985660485,11.257333923144532,1.348016699246795
42390.0,1137300.8640070097,5162893.689794635,3562430.535084009,6.6779444301471,7,True,1.4085304215550423,0.999959604053476,1137298.2582362376,5162891.049113997,3562431.652821235,1137300.8640070097,5162893.689794635,3562430.535084009,4.1814612676806515,0.6756249467090907
42420.0,1137301.1585392216,5162893.360364429,3562432.9504318372,4.316358631213886,7,True,0.4744621462055615,0.9999788086979955,1137299.0539009306,5162891.683178912,3562432.0088057467,1137301.1585392216,5162893.360364429,3562432.9504318372,4.005456944355161,1.2881797259981704
42450.0,1137302.6810787588,5162899.706086445,3562437.3193282993,10.802025660309633,7,True,1.223641316805567,0.9999536921969485,1137300.040340721,5162893.865072274,3562433.4530444914,1137302.6810787588,5162899.706086445,3562437.3193282993,11.439511722261884,3.982958430419951
42480.0,1137300.9516194898,5162892.383427948,3562429.7718527494,4.39447054725823,7,True,0.8193271096263613,0.9999698987549147,1137300.289486791,5162893.459986724,3562432.446596753,1137300.9516194898,5162892.383427948,3562429.7718527494,3.7403984543147413,3.472566090473911
42510.0,1137299.1109081688,5162889.762360753,3562434.3175881244,0.3415535859931291,7,True,1.015068652374404,0.9999700012328209,1137299.967438545,5162892.449605291,3562432.957847744,1137299.1109081688,5162889.762360753,3562434.3175881244,2.5635799482296733,2.6216964297799383
42540.0,1137296.554109934,5162890.155346331,3562427.85002907,1.1608898317306,7,True,0.8473197966814041,0.9999675692214494,1137299.0356863346,5162891.823330736,3562431.5635426883,1137296.554109934,5162890.155346331,3562427.85002907,4.55231851448066,1.4558416691718357
42570.0,1137296.4444806823,5162893.178843859,3562440.6344725373,3.757783167064172,7,True,1.2051911417927061,0.9999048037244679,1137298.3409859,5162892.186742862,3562433.995452677,1137296.4444806823,5162893.178843859,3562440.6344725373,9.345546066703843,2.672693241864835
42600.0,1137296.269528385,5162882.685321333,3562426.591477635,-3.1478844345833275,7,True,0.4752529188990593,0.9999595859703542,1137297.7748540735,5162889.589992948,3562431.9719374063,1137296.269528385,5162882.685321333,3562426.591477635,9.735753420852308,1.1943552589938922
42630.0,1137303.4880753506,5162892.307099066,3562425.4706893116,4.044070127877369,7,True,1.3217086004359382,0.9999126067699619,1137299.3135418668,5162890.321765413,3562430.2210178114,1137303.4880753506,5162892.307099066,3562425.4706893116,8.33192339708518,1.8828781059060193
42660.0,1137297.1326015263,5162888.996150304,3562426.9896228914,1.3726808677832953,7,True,0.6612463093229702,0.999963106369589,1137298.7164137557,5162889.958820113,3562429.3362816684,1137297.1326015263,5162888.996150304,3562426.9896228914,5.35413043256557,2.6555656626125264
42690.0,1137302.5277287515,5162892.830406316,3562428.582415567,4.072265992629698,7,True,0.6060604527592659,0.9999696197425946,1137299.7600142502,5162890.745107466,3562429.1298607774,1137302.5277287515,5162892.830406316,3562428.582415567,5.700339207258194,3.0622515672460047
42720.0,1137291.5321932584,5162879.6942327535,3562429.253922509,-9.270232408824377,7,True,0.38299440698964254,0.9999462727573282,1137297.5251010307,5162887.743371526,3562429.163559518,1137291.5321932584,5162879.6942327535,3562429.253922509,13.15867092258147,4.037926526799612
42750.0,1137295.6495268217,5162890.702785227,3562432.380337016,3.5683138052399097,7,True,0.7046226252402578,0.9999714492749139,1137297.011620764,5162888.5535770245,3562430.044224095,1137295.6495268217,5162890.702785227,3562432.380337016,2.935875546067566,3.114921675932946
42780.0,1137302.9189944898,5162889.478895764,3562429.3459634134,3.261482527427879,7,True,1.6700568859066283,0.9998726762683345,1137298.5820839927,5162888.79957112,3562429.8585929205,1137302.9189944898,5162889.478895764,3562429.3459634134,5.183401308603183,2.681933164774458
42810.0,1137299.1218608455,5162887.751993773,3562431.486396944,0.3745409520582794,7,True,1.0989754700234957,0.9999576464551936,1137298.7298422114,5162888.512807873,3562430.304187098,1137299.1218608455,5162887.751993773,3562431.486396944,2.845819959172112,2.576406372242347
42840.0,1137294.7560088867,5162885.695123922,3562430.197295714,-1.6201577969006118,7,True,0.5818870546562331,0.9999669447722976,1137297.6414513015,5162887.741074046,3562430.2749106786,1137294.7560088867,5162885.695123922,3562430.197295714,6.361106284625637,3.3437567203914056
42870.0,1137298.2376306455,5162887.366205784,3562429.914543588,-0.5378361619783439,7,True,1.0603462276714188,0.999962689014603,1137297.8042697082,5162887.638696374,3562430.176493321,1137298.2376306455,5162887.366205784,3562429.914543588,3.740867393289512,3.4387228992744165
42900.0,1137291.4747099297,5162881.539906512,3562431.693482723,-7.831568620192648,7,True,1.3302596158214979,0.9998806655111977,1137296.1168175454,5162886.012767162,3562430.5809206646,1137291.4747099297,5162881.539906512,3562431.693482723,11.417681607000421,5.27931979972137
42930.0,1137296.086547426,5162895.85041239,3562434.9326557163,7.751603512382058,7,True,1.6895292167152678,0.9999219612437082,1137296.1086168466,5162888.677955339,3562431.759880928,1137296.086547426,5162895.85041239,3562434.9326557163,6.6068344437491175,3.047840089264064
42960.0,1137297.1092688846,5162887.929612697,3562434.6311395615,0.7390626781602835,7,True,1.814426805291857,0.9998979998417896,1137296.377855835,5162888.476603612,3562432.5324319648,1137297.1092688846,5162887.929612697,3562434.6311395615,3.9971669100810736,3.0266167265106865
42990.0,1137297.2226803165,5162887.704916308,3562436.824165914,0.00797859159065955,7,True,1.5709092340299062,0.9999487537009673,1137296.6087945239,5162888.265657483,3562433.705607497,1137297.2226803165,5162887.704916308,3562436.824165914,5.790470826586421,3.450103228571225
43020.0,1137300.0536884165,5162892.89357059,3562426.6911655976,4.7237518373479865,7,True,1.959417676287038,0.9998870050456925,1137297.532020024,5162889.50593005,3562431.8257494136,1137300.0536884165,5162892.89357059,3562426.6911655976,5.952961451680904,1.4242443261758588
43050.0,1137292.7373960293,5162882.231628288,3562432.234586596,-5.941062696441878,7,True,1.3553973393780845,0.9998899457185026,1137296.242981936,5162887.550228822,3562431.9356655823,1137292.7373960293,5162882.231628288,3562432.234586596,10.110469791080675,3.7432849526072096
43080.0,1137296.9166792668,5162894.170789389,3562431.4336709916,3.4459991337037903,7,True,1.8054209213171686,0.99993146998769,1137296.4264622342,5162889.353326996,3562431.7989482274,1137296.9166792668,5162894.170789389,3562431.4336709916,4.0430519623163805,2.412804221529263
43110.0,1137301.2886473117,5162897.445794367,3562432.2408604193,9.652666709725509,7,True,1.5134655173335756,0.9999553179024581,1137297.7573948745,5162891.568489272,3562431.9199134624,1137301.2886473117,5162897.445794367,3562432.2408604193,7.4722227421263225,1.3242902671540355
43140.0,1137302.4948711353,5162890.370542434,3562432.7004323807,2.031337565780222,7,True,0.2828586772084236,0.9999645799938488,1137299.054669163,5162891.240452667,3562432.133644797,1137302.4948711353,5162890.370542434,3562432.7004323807,4.027777372740252,0.9200566115200568
43170.0,1137297.4536578264,5162893.339368288,3562430.307084099,3.3727441131273532,7,True,0.902957276574203,0.9999350235507345,1137298.6207165655,5162891.809361747,3562431.63855726,1137297.4536578264,5162893.339368288,3562430.307084099,3.4447723270163784,1.340661465720219
43200.0,1137297.6168373902,5162886.749560738,3562430.958830619,-0.8778453471483366,7,True,0.9057525470852852,0.9999740894031702,1137298.3453408524,5162890.421399584,3562431.4521003505,1137297.6168373902,5162886.749560738,3562430.958830619,3.9862181122963287,0.5236099278174291
43230.0,1137297.7632402265,5162889.393071276,3562428.328706137,2.9342393967969236,7,True,1.3051980308123998,0.9999615719292649,1137298.1865265206,5162890.140841093,3562430.5999456835,1137297.7632402265,5162889.393071276,3562428.328706137,3.848195079292373,1.4237728244187136
43260.0,1137294.2270154145,5162885.551657189,3562429.4383235765,-3.594096867205327,7,True,1.4113222977944784,0.999925343261511,1137297.1176836952,5162888.90202242,3562430.286373775,1137294.2270154145,5162885.551657189,3562429.4383235765,7.025439448299846,2.7013623771041706
43290.0,1137291.5072643908,5162882.265274183,3562426.1720227273,-5.233788604637583,7,True,0.6670162113649505,0.9998868356837326,1137295.6168702825,5162887.126661217,3562429.1857656203,1137291.5072643908,5162882.265274183,3562426.1720227273,12.268783098804983,5.243613125211397
43320.0,1137298.5916595971,5162900.686703653,3562433.791846941,10.429919535380968,7,True,0.7979934513568878,0.9999141758740675,1137296.4214266506,5162890.794086819,3562430.4315184,1137298.5916595971,5162900.686703653,3562433.791846941,10.352682700550066,2.614122484228375
43350.0,1137298.9205461326,5162895.297973185,3562439.3116353126,6.651073487551149,7,True,0.8059859286461558,0.9999610587478955,1137297.1065734187,5162892.028850987,3562432.866049221,1137298.9205461326,5162895.297973185,3562439.3116353126,8.810570927086584,2.295728443787031
43380.0,1137298.476191835,5162890.319005138,3562437.018599149,4.083088564425936,7,True,1.4030865931085177,0.9999307432833412,1137297.477858621,5162891.565334686,3562433.991749869,1137298.476191835,5162890.319005138,3562437.018599149,5.0926157830742556,2.552746628833355
43410.0,1137300.37552023,5162893.150613106,3562434.5474522174,4.600914887271265,7,True,1.686584816447326,0.9999428833771984,1137298.266395649,5162891.996734519,3562434.142972454,1137300.37552023,5162893.150613106,3562434.5474522174,4.149431686440962,2.6845047363089627
43440.0,1137295.4035296168,5162889.203083179,3562428.2462838627,-0.10210706224811839,7,True,1.3531637404646193,0.9999137478491769,1137297.4941777952,5162891.243186355,3562432.5524236276,1137295.4035296168,5162889.203083179,3562428.2462838627,5.0118401993668344,1.4273023705484211
43470.0,1137300.5633779434,5162892.424043653,3562426.7103525116,3.3696284310429014,7,True,0.6850714672889028,0.9999742068780161,1137298.337675992,5162891.567717488,3562430.9468664094,1137300.5633779434,5162892.424043653,3562426.7103525116,5.917064490063051,1.463628739230125
43500.0,1137297.1481556452,5162894.457654383,3562439.391141176,6.128059560346505,7,True,0.7404818875449044,0.9999573667961443,1137298.0132171437,5162892.355989499,3562433.2501642657,1137297.1481556452,5162894.457654383,3562439.391141176,8.55917087900917,2.3363629671226267
43530.0,1137299.6820589104,5162891.860539409,3562434.623184143,3.512468404663425,7,True,1.2521585279277392,0.9999567431003926,1137298.468125557,5162892.220935104,3562433.6244347966,1137299.6820589104,5162891.860539409,3562434.623184143,3.223869337325412,2.4143416734451453
43560.0,1137298.9490165198,5162889.825726662,3562425.464937659,1.0927696260679478,7,True,0.7792983778885433,0.9999453879629779,1137298.5987575168,5162891.570287043,3562431.4079425274,1137298.9490165198,5162889.825726662,3562425.464937659,6.512817343960497,1.189316892585997
43590.0,1137297.7764183385,5162889.1280671805,3562432.126297379,1.0304415075681859,7,True,1.5735352433153562,0.9999633178722949,1137298.374100378,5162890.903090172,3562431.6041918974,1137297.7764183385,5162889.1280671805,3562432.126297379,1.5867466337644214,0.5430095878907575
43620.0,1137287.3178668278,5162881.2005231,3562433.4860753883,-8.354622361384411,7,True,1.6663989807878221,0.9997852708794046,1137295.5051527186,5162888.385401217,3562432.092515992,1137287.3178668278,5162881.2005231,3562433.4860753883,14.662119213414906,3.7072308792834936
43650.0,1137304.989153404,5162900.154567254,3562427.7222386315,12.133398062396086,7,True,0.9591035693883896,0.9999322597932948,1137298.0954318156,5162891.599806802,3562430.8989017704,1137304.989153404,5162900.154567254,3562427.7222386315,12.345036659533767,1.5705650164314253
43680.0,1137300.4458572415,5162896.405048966,3562432.5123683643,6.590236466392807,7,True,1.2611576403890337,0.9999671882803485,1137298.7418723877,5162892.921398825,3562431.342655593,1137300.4458572415,5162896.405048966,3562432.5123683643,6.228323694204103,2.4965429836273834
43710.0,1137293.5122889532,5162880.641245111,3562422.3248465587,-6.857805712994936,7,True,1.6747787754450525,0.9999351440144599,1137297.3218368765,5162889.586858976,3562428.8939693402,1137293.5122889532,5162880.641245111,3562422.3248465587,14.656854111627908,3.398277288999278
43740.0,1137299.1350820414,5162893.381635706,3562437.109177118,4.472291160310869,7,True,1.3116396335618836,0.9999662701704707,1137297.818576962,5162890.626441352,3562431.1445326363,1137299.1350820414,5162893.381635706,3562437.109177118,5.955065061106208,1.0759495220851327
43770.0,1137299.4020259215,5162886.250720961,3562429.070878619,0.02518293794024784,7,True,2.3849737495183945,0.999889971392044,1137298.24222458,5162889.455728834,3562430.5897319405,1137299.4020259215,5162886.250720961,3562429.070878619,5.195334463802592,1.727220547723293
43800.0,1137300.9546441322,5162891.480836265,3562424.8545142724,3.2912053158578987,7,True,1.4004037997552328,0.9999417793594442,1137298.9812157229,5162890.007463706,3562429.0271878806,1137300.9546441322,5162891.480836265,3562424.8545142724,7.538418723417818,2.9768812435047027
43830.0,1137295.6168327578,5162888.681535269,3562435.7911224538,0.20664121447635034,7,True,1.614975705742836,0.9999507823145317,1137298.0632704252,5162889.6456946125,3562430.8726739623,1137295.6168327578,5162888.681535269,3562435.7911224538,5.176342789635305,1.4433263283159847
43860.0,1137301.930992736,5162900.661590879,3562436.4449096923,11.440453271437253,7,True,0.6893332632524627,0.9999702866290322,1137299.123292679,5162892.664808771,3562432.39985027,1137301.930992736,5162900.661590879,3562436.4449096923,11.621431287485837,2.2870094550557707
43890.0,1137294.049621372,5162880.387797077,3562431.237415649,-6.293950251220331,7,True,0.8823479488492012,0.9999641538000439,1137297.7375633132,5162889.311691354,3562432.082364234,1137294.049621372,5162880.387797077,3562431.237415649,11.090227714608705,1.4464953931202995
43920.0,1137295.0466828223,5162893.277542725,3562440.022139484,4.178777933029186,7,True,0.9904244361179215,0.9999528757908663,1137297.0054037,5162890.3907568185,3562434.242691605,1137295.0466828223,5162893.277542725,3562440.022139484,9.24198338643022,2.7800568983740765
43950.0,1137302.0849758596,5162894.591496093,3562438.427954818,6.618329082757375,7,True,0.7211638082351003,0.9999544394121718,1137298.3886077697,5162891.534648366,3562435.3823689097,1137302.0849758596,5162894.591496093,3562438.427954818,8.454763547929744,3.6067929312228997
43980.0,1137301.5136065667,5162890.865342543,3562430.359606613,3.7342314911020917,7,True,2.1803227375660623,0.9999184506928794,1137299.2309192168,5162891.354243831,3562434.0285347314,1137301.5136065667,5162890.865342543,3562430.359606613,3.378881572007357,2.3668044024157693
44010.0,1137298.3314181804,5162892.165008077,3562431.8586355746,2.778124459285791,7,True,1.7354513459971972,0.9999559677986043,1137298.9853368236,5162891.575599245,3562433.4361073677,1137298.3314181804,5162892.165008077,3562431.8586355746,1.6770489709260128,1.901220006218642
44040.0,1137301.465137329,5162896.124279313,3562437.3268412463,7.590677396316719,7,True,1.0693056317312377,0.9999560330148236,1137299.6616998499,5162892.816247035,3562434.497301014,1137301.465137329,5162896.124279313,3562437.3268412463,8.322393171615056,3.6322690638296184
44070.0,1137296.66063575,5162887.098120949,3562429.232404354,0.41563961167811675,7,True,1.568017645605973,0.9999689627979217,1137298.840562084,5162891.251678894,3562433.0567434863,1137296.66063575,5162887.098120949,3562429.232404354,4.734424149783325,1.3851968400869115
44100.0,1137298.9848995053,5162895.622530011,3562428.14056327,6.6169489055926904,7,True,0.709280001265662,0.9999210275367699,1137298.8794759414,5162892.43007515,3562431.731324659,1137298.9848995053,5162895.622530011,3562428.14056327,6.3845489491696705,1.9661688370330783
44130.0,1137298.9667294272,5162881.419193331,3562420.64962271,-6.1622087490493795,7,True,1.6951273413641113,0.9998007905195244,1137298.9022584946,5162889.555049612,3562428.8378074435,1137298.9667294272,5162881.419193331,3562420.64962271,14.489147251069236,3.2538046718976563
44160.0,1137293.5184045695,5162885.953124404,3562426.2046108986,-2.3671538123543896,7,True,0.5183798362101827,0.9999445492734095,1137297.4264147,5162888.567675319,3562428.1159849656,1137293.5184045695,5162885.953124404,3562426.2046108986,8.873123052706667,4.420251191717609
44190.0,1137298.4432658998,5162889.705096499,3562425.7510496816,2.3731444401721427,7,True,0.9658964978797095,0.9999675801066423,1137297.705939529,5162888.880343938,3562427.4658818524,1137298.4432658998,5162889.705096499,3562425.7510496816,6.230819111021525,4.822964789424844
44220.0,1137298.8849550106,5162893.195439126,3562432.5001268033,3.6637932480255286,7,True,1.4370474283184325,0.999950209556561,1137298.0273602724,5162890.056716195,3562428.838307219,1137298.8849550106,5162893.195439126,3562432.5001268033,2.773288277196646,3.165886410913739
44250.0,1137300.1943028823,5162900.883605539,3562435.2390547013,11.796653978247043,7,True,1.1668333932757378,0.9999470015352402,1137298.61711079,5162893.003339499,3562430.580321116,1137300.1943028823,5162900.883605539,3562435.2390547013,11.01968095369293,2.8422152167331616
44280.0,1137299.2613122778,5162888.272060922,3562431.1541524073,1.2542907274322788,7,True,0.3461792969277927,0.9999770301785068,1137298.7939133528,5162891.704829338,3562430.7378104185,1137299.2613122778,5162888.272060922,3562431.1541524073,2.4684924060550846,1.7110761419114524
44310.0,1137298.4734597106,5162894.279349417,3562436.3907797188,5.136587112823992,7,True,1.1399982124567032,0.9999663280160462,1137298.7063947287,5162892.407952739,3562432.281684568,1137298.4734597106,5162894.279349417,3562436.3907797188,5.845227900949882,1.944031650441045
44340.0,1137294.51736157,5162883.464158052,3562428.6623602803,-4.716083434574979,7,True,1.5035470096128327,0.9999410482212925,1137297.5710108413,5162889.983851521,3562431.3007129873,1137294.51736157,5162883.464158052,3562428.6623602803,8.742565160208976,1.26939608596507
44370.0,1137302.7135107827,5162898.276891837,3562430.7755061705,8.993705617823624,7,True,1.6854213348456792,0.9998484236094427,1137298.9301496623,5162892.175663513,3562431.1619032677,1137302.7135107827,5162898.276891837,3562430.7755061705,8.896806216501362,1.8806403329894705
44400.0,1137296.4290578929,5162888.79515475,3562430.2154944157,-0.5994593914116447,7,True,0.4624330571719578,0.9999728323852187,1137298.2412271148,5162891.244506673,3562430.901216153,1137296.4290578929,5162888.79515475,3562430.2154944157,3.213592695706963,1.3035616500538951
44430.0,1137299.8928540165,5162893.6330659,3562436.5786162736,4.515184818048913,7,True,0.6069052166172436,0.9999675979623015,1137298.6937282856,5162891.898907401,3562432.4566704743,1137299.8928540165,5162893.6330659,3562436.5786162736,5.764504963684387,1.499589858338616
44460.0,1137293.5187471912,5162888.117775414,3562437.0972745484,-1.537764195446964,7,True,1.9245998880692892,0.9999092960032123,1137297.3018442148,5162890.881918684,3562433.7048263173,1137293.5187471912,5162888.117775414,3562437.0972745484,7.5922910955998715,2.1992630826452073
44490.0,1137294.8398091767,5162885.347669252,3562427.5349382036,-3.064145964225385,7,True,1.4621496796607971,0.9999549157344237,1137296.6293463805,5162889.370254268,3562432.019539012,1137294.8398091767,5162885.347669252,3562427.5349382036,7.72079127210439,2.2262035010163097
44520.0,1137303.1588281102,5162895.795842787,3562435.140730158,7.386507409576916,7,True,0.17148752084800176,0.9999484032360164,1137298.4071895317,5162891.119809441,3562432.869374961,1137303.1588281102,5162895.795842787,3562435.140730158,7.7216543006849765,1.132260868870137
44550.0,1137299.9789215173,5162889.638540675,3562424.9334518244,2.0159910741213465,7,True,0.5996624061039516,0.9999606071361683,1137298.8365007634,5162890.715207814,3562430.7017147187,1137299.9789215173,5162889.638540675,3562424.9334518244,7.194114390166606,1.2801725542301998
44580.0,1137296.4675428034,5162884.363151763,3562422.782921169,-2.338403125665838,7,True,1.2110595405101776,0.9999375935323702,1137298.194245302,5162888.993082407,3562428.554826301,1137296.4675428034,5162884.363151763,3562422.782921169,11.210376781152942,3.7137661152924064
44610.0,1137299.316681452,5162895.580528793,3562433.165174286,6.5766710575881335,7,True,1.9754267068845885,0.9998914471046756,1137298.4948195543,5162890.757117513,3562429.7894193768,1137299.316681452,5162895.580528793,3562433.165174286,5.2825447251172575,2.155926758668378
44640.0,1137299.5215663274,5162900.993834738,3562434.2842859575,11.616409430161509,7,True,2.3805152720638683,0.9998788568713822,1137298.769621692,5162893.496908715,3562430.9924413655,1137299.5215663274,5162900.993834738,3562434.2842859575,10.796209655538135,3.1453508307802123
44670.0,1137296.0492422532,5162885.108073436,3562427.647395199,-1.0831158929437505,7,True,1.0812929815479688,0.9999641928014733,1137298.0218353227,5162891.190959558,3562430.0729446616,1137296.0492422532,5162885.108073436,3562427.647395199,7.325710276817596,2.047790540065929
44700.0,1137299.6488508028,5162890.479370834,3562428.989340463,3.5051603928091724,7,True,2.234864198735782,0.9999227877209379,1137298.4622254197,5162890.998351294,3562429.779641639,1137299.6488508028,5162890.479370834,3562428.989340463,3.1413194491743877,2.207947423563837
44730.0,1137302.9448396768,5162899.074354687,3562432.2933551376,10.474497766551007,7,True,1.7740511042731149,0.9999268776349534,1137299.6775278596,5162893.187874207,3562430.461146219,1137302.9448396768,5162899.074354687,3562432.2933551376,9.642123064428759,3.263587002189904
44760.0,1137297.719993838,5162888.405432991,3562430.377253585,1.0816817076796938,7,True,1.5234096135411943,0.9999523822115632,1137299.142915816,5162891.881766296,3562430.4382347334,1137297.719993838,5162888.405432991,3562430.377253585,2.736509005747784,2.1177171948882942
44790.0,1137298.8455065575,5162891.446438258,3562435.530687233,4.029455796387232,7,True,0.8606953163232122,0.9999533984070146,1137299.061785065,5162891.763012459,3562431.827413056,1137298.8455065575,5162891.446438258,3562435.530687233,3.7346891972450647,1.3662181549107986
44820.0,1137294.3128420552,5162890.249716722,3562432.3840617314,0.6686141319116832,7,True,1.2878666381750787,0.9998999675554678,1137297.7870164919,5162891.356795361,3562431.9768354087,1137294.3128420552,5162890.249716722,3562432.3840617314,4.262740085018801,1.1418601829297508
44850.0,1137301.1872390802,5162896.532515525,3562437.100296383,6.4629765645787804,7,True,1.4956742620893888,0.9999524669512706,1137298.7159441444,5162892.7707820805,3562433.376545119,1137301.1872390802,5162896.532515525,3562437.100296383,8.371260622155118,2.6955171721577935
44880.0,1137300.466121799,5162893.939698196,3562435.2029398116,4.829571724521132,7,True,1.343850698854242,0.9999693777556452,1137299.195648584,5162893.091169127,3562433.8771398105,1137300.466121799,5162893.939698196,3562435.2029398116,5.120585742085079,3.303945878915397
44910.0,1137298.1118897803,5162883.716500191,3562426.1861470044,-3.6818166624645223,7,True,1.0950007374797548,0.9998968701044147,1137298.9052325496,5162890.579028817,3562431.8161760387,1137298.1118897803,5162883.716500191,3562426.1861470044,8.901221653011953,0.3864818000945097
44940.0,1137293.8102449873,5162886.896932936,3562429.311396914,-0.4637190447697302,7,True,1.0386461945516723,0.9999606082895103,1137297.5104262577,5162889.571016444,3562431.130466478,1137293.8102449873,5162886.896932936,3562429.311396914,6.501170614579024,1.6047197480375508
44970.0,1137299.5617170632,5162893.919624206,3562426.3146483256,5.1068701298235535,7,True,1.2852313944271632,0.999896936853963,1137298.0607876303,5162890.737748011,3562429.8383823517,1137299.5617170632,5162893.919624206,3562426.3146483256,6.651257466262558,2.159211622690731
45000.0,1137301.7837085486,5162902.644786374,3562438.3998506786,14.805086411650453,7,True,0.9060506661023412,0.9998708402642053,1137299.0548124798,5162893.916943131,3562432.1243058112,1137301.7837085486,5162902.644786374,3562438.3998506786,14.134468653517454,3.457490724197423
45030.0,1137297.950161115,5162888.039909799,3562432.0941488314,0.9680603802556157,7,True,0.5565348033394132,0.9999803396409777,1137298.7496386373,5162892.293338706,3562432.115974566,1137297.950161115,5162888.039909799,3562432.0941488314,2.5389040057634342,1.8117623215232896
45060.0,1137303.523877884,5162898.590725651,3562434.3782527437,9.275075126669298,7,True,1.0105068130152566,0.9999524182042344,1137300.0519505457,5162894.011133225,3562432.7330764034,1137303.523877884,5162898.590725651,3562434.3782527437,9.808605218314222,3.902208989073146
45090.0,1137301.0690420861,5162891.124133456,3562430.9845108604,2.7906315663963146,7,True,1.1101909471409661,0.9999656883235103,1137300.330206815,5162893.221306791,3562432.254703214,1137301.0690420861,5162891.124133456,3562430.9845108604,2.767042450655807,3.2690094355520674
45120.0,1137301.1248284446,5162897.271911025,3562434.2077739798,9.107371734148858,7,True,1.12079306691885,0.999968278252536,1137300.5474964583,5162894.328946347,3562432.788771297,1137301.1248284446,5162897.271911025,3562434.2077739798,7.594073127583376,4.403527238433925
45150.0,1137297.3109789325,5162888.881166569,3562436.068459381,0.19990835239765925,7,True,0.6537847242185048,0.9999623488797347,1137299.6646758295,5162892.842962623,3562433.683367502,1137297.3109789325,5162888.881166569,3562436.068459381,4.612895521392633,3.1316483287989816
45180.0,1137298.4262010371,5162893.266906431,3562432.1995319,4.410717918181258,7,True,1.4189877435564995,0.9999487912746773,1137299.3281982979,5162892.958142655,3562433.2802286223,1137298.4262010371,5162893.266906431,3562432.1995319,2.7795534081162137,2.9098147428851098
45210.0,1137295.9172703973,5162884.763024375,3562430.5140166385,-0.8699940556933352,7,True,1.2569733347211565,0.9999599556114874,1137298.3978417113,5162890.722861673,3562432.5257232166,1137295.9172703973,5162884.763024375,3562430.5140166385,6.46912886496249,0.6517759592396678
45240.0,1137299.147804534,5162886.76965919,3562434.729842117,-0.7208593865181988,7,True,1.0736589208245277,0.9999372994066603,1137298.6010239096,5162889.651848088,3562433.1228697817,1137299.147804534,5162886.76965919,3562434.729842117,4.705637753741919,1.4667033898010784
45270.0,1137305.1389024393,5162900.885229636,3562430.9266986405,11.910574329680161,7,True,1.4267133591430528,0.9998538569443508,1137300.3326012832,5162892.627043976,3562432.541207054,1137305.1389024393,5162900.885229636,3562430.9266986405,12.34073140644833,2.8435198918324067
45300.0,1137298.9306191625,5162892.311092595,3562431.6554389223,4.841578253379702,7,True,0.9775094730513436,0.9999749979776711,1137299.9461855243,5162892.53996113,3562432.2970707277,1137298.9306191625,5162892.311092595,3562431.6554389223,1.869284998117194,2.500223542548523
45330.0,1137300.8947680357,5162893.091504856,3562431.4981674165,5.203001405835647,7,True,1.3026592880487442,0.9999664345256997,1137300.2059528327,5162892.691000209,3562432.0782927508,1137300.8947680357,5162893.091504856,3562431.4981674165,3.5233702884214204,2.751818609413233
45360.0,1137298.2557102323,5162892.819458901,3562431.2303116675,3.0556954673026695,7,True,0.8104323819279671,0.9999714889814236,1137299.6719732569,5162892.726172406,3562431.8461141596,1137298.2557102323,5162892.819458901,3562431.2303116675,2.436858965559047,2.494501893920102
45390.0,1137299.9285519721,5162895.289965521,3562434.438077399,7.194185822883227,7,True,1.0455241299101286,0.9999591913380504,1137299.7418969327,5162893.424865742,3562432.552484511,1137299.9285519721,5162895.289965521,3562434.438077399,5.578951494291937,3.218826960781608
45420.0,1137298.8574530913,5162889.951995059,3562427.5075329384,4.359322507214264,7,True,0.491800246494157,0.9999742215252657,1137299.4997987933,5162892.474239495,3562431.171533758,1137298.8574530913,5162889.951995059,3562427.5075329384,4.4674435069985705,2.3183734229457227
45450.0,1137302.8543341649,5162902.685201406,3562435.934600202,12.354598002949997,7,True,1.209772533604077,0.9999479879370348,1137300.4104029126,5162895.246052264,3562432.4644901417,1137302.8543341649,5162902.685201406,3562435.934600202,13.528738152126476,5.125153737491452
45480.0,1137297.9582875478,5162887.57709356,3562434.0515197446,0.830212814260479,7,True,1.2629532281841551,0.9999660494995746,1137299.7405890664,5162893.151218228,3562432.897999273,1137297.9582875478,5162887.57709356,3562434.0515197446,3.6613387474837817,3.0631952497756654
45510.0,1137299.8541543898,5162891.180931853,3562434.669322417,3.6488101947856064,7,True,0.2296928039618901,0.999976124498021,1137299.771685915,5162892.611707616,3562433.383029087,1137299.8541543898,5162891.180931853,3562434.669322417,3.1116015360648186,2.8401825391243816
45540.0,1137295.1862439634,5162879.611049851,3562434.2959331363,-8.143970431333768,7,True,0.7334245422056743,0.9998982098358034,1137298.5448305288,5162889.133323816,3562433.627280625,1137295.1862439634,5162879.611049851,3562434.2959331363,11.640683741490626,2.1811770473552103
45570.0,1137301.1347944203,5162900.868145069,3562434.890978078,10.711289412846623,7,True,0.40258767349379404,0.9999591134882229,1137299.2527769876,5162892.340945814,3562433.9727024822,1137301.1347944203,5162900.868145069,3562434.890978078,11.08689446332611,2.838048728022687
45600.0,1137298.2932852556,5162890.850311636,3562432.4955964377,3.0502273909129514,7,True,0.8138119535786765,0.999969881424024,1137298.9900429638,5162891.932771046,3562433.5682320716,1137298.2932852556,5162890.850311636,3562432.4955964377,0.7096073860009734,2.2199370829337037
45630.0,1137291.8803778554,5162885.213754248,3562437.6306380387,-3.6491261645066735,7,True,1.1398378695760454,0.999922055638755,1137297.0722750642,5162890.120376997,3562434.6640293617,1137291.8803778554,5162885.213754248,3562437.6306380387,10.240906993388677,3.1285485057569313
45660.0,1137298.6912230656,5162895.58733228,3562430.3499482367,8.092584468314609,7,True,0.11706787773541041,0.999951145848602,1137297.5135148438,5162891.610380469,3562433.4882385377,1137298.6912230656,5162895.58733228,3562430.3499482367,5.326185124703726,2.1717652419746254
45690.0,1137293.8510511494,5162886.995543254,3562431.921768774,-1.4644325935307894,7,True,0.11102308226483208,0.9999635136495407,1137296.5123466149,5162890.348872154,3562433.0600295807,1137293.8510511494,5162886.995543254,3562431.921768774,5.858615377614863,2.3297614842153793
45720.0,1137296.046979857,5162881.806533503,3562424.7481384086,-5.047821831410867,7,True,0.7212829387613705,0.9999552261433444,1137296.3855645575,5162888.021642607,3562430.7955819247,1137296.046979857,5162881.806533503,3562424.7481384086,11.551513332121777,3.4786541894209915
45750.0,1137297.846920468,5162890.230684862,3562429.311572091,2.044505613017242,7,True,1.8210886961647443,0.9999131832895675,1137296.7788981267,5162888.61622088,3562430.396150903,1137297.846920468,5162890.230684862,3562429.311572091,2.7229708509900257,3.004399017060721
45780.0,1137300.107492167,5162898.221690613,3562434.6485597626,7.679900312583383,7,True,0.9085172989538738,0.9999638696745428,1137297.6900440415,5162891.245554587,3562431.5601753867,1137300.107492167,5162898.221690613,3562434.6485597626,8.33161677799877,1.1902928615728032
45810.0,1137299.3362543362,5162892.003568498,3562429.9568182146,4.559363884612036,7,True,1.7372650323169572,0.9999364626413084,1137298.1364122455,5162891.451089269,3562431.1254267623,1137299.3362543362,5162892.003568498,3562429.9568182146,2.60237585040107,1.3083487489521395
45840.0,1137299.4703589184,5162894.514782206,3562433.4340167213,4.385577233584229,7,True,1.3536833035094398,0.999964883231384,1137298.5013249863,5162892.289189179,3562431.7569616707,1137299.4703589184,5162894.514782206,3562433.4340167213,4.3836114742411425,1.7950548732440144
45870.0,1137296.7514005092,5162886.861999312,3562427.876855807,-1.342126978322173,7,True,1.2237801817911012,0.9999646129725629,1137298.0232505323,5162890.806496145,3562430.6969276424,1137296.7514005092,5162886.861999312,3562427.876855807,5.735428307201923,1.372184467547903
45900.0,1137301.3107256144,5162896.423754426,3562428.252565598,8.51072629709752,7,True,2.309122863624777,0.9998073487444412,1137298.881423858,5162892.272843752,3562430.0588433216,1137301.3107256144,5162896.423754426,3562428.252565598,7.498908663349614,2.597458235019981
45930.0,1137296.8511085464,5162890.217894719,3562437.3375045527,1.5649714677411097,7,True,0.707161297755582,0.9999553274226536,1137298.323963759,5162891.7086200155,3562432.0573325153,1137296.8511085464,5162890.217894719,3562437.3375045527,5.673622291149033,1.232135014729139
45960.0,1137304.6980373287,5162897.116084604,3562438.726616726,9.199085092668215,7,True,1.4958737843802996,0.9999244392078521,1137300.0522326892,5162893.174802189,3562433.86564498,1137304.6980373287,5162897.116084604,3562438.726616726,11.305133691517359,3.6279351999227876
45990.0,1137299.664612814,5162894.3512743795,3562432.977262418,5.474932818512619,7,True,1.3668224683829717,0.9999681595303238,1137299.945832586,5162893.497739093,3562433.621787525,1137299.664612814,5162894.3512743795,3562432.977262418,4.142833076099613,3.714496187650336
46020.0,1137294.088236005,5162883.652808604,3562428.5014164704,-3.5881537740520817,7,True,0.44010377888168606,0.9999607405087955,1137298.3455339463,5162890.808098615,3562432.2228993084,1137294.088236005,5162883.652808604,3562428.5014164704,8.861698676049633,0.4672435729644553
46050.0,1137296.850943795,5162887.578290605,3562425.562238384,-0.11026148234307606,7,True,1.3483619264193945,0.9999449660561941,1137297.9394416544,5162889.930533527,3562430.413143598,1137296.850943795,5162887.578290605,3562425.562238384,7.208645712301197,1.7300187146856676
46080.0,1137304.0504459173,5162901.34045508,3562433.37294511,11.753342651905655,7,True,0.9968704985720771,0.9999578944049923,1137299.606675816,5162893.043444299,3562431.2206511665,1137304.0504459173,5162901.34045508,3562433.37294511,12.241638440788106,2.843707490346943
46110.0,1137299.196968765,5162891.139007581,3562430.4168471782,3.2982311241852664,7,True,1.7122897122587477,0.9999507277421816,1137299.4951858795,5162892.52520687,3562431.001919135,1137299.196968765,5162891.139007581,3562430.4168471782,1.7663948076715228,2.419829409774968
46140.0,1137294.9594316732,5162888.72029086,3562435.5113779977,-1.2196213130410587,7,True,0.7201705755931991,0.9999702727699393,1137298.2538052853,5162891.483847775,3562432.2361030146,1137294.9594316732,5162888.72029086,3562435.5113779977,5.371515421510266,1.067717063455275
46170.0,1137299.694942359,5162887.788714921,3562431.0229148716,1.6455298522819812,7,True,0.33529515138694216,0.9999665443147274,1137298.6473928774,5162890.474673513,3562431.904770341,1137299.694942359,5162887.788714921,3562431.0229148716,3.084614756613756,0.11032213914228016
46200.0,1137296.8188093612,5162889.728711166,3562434.6300625186,1.1911095244703982,7,True,1.6397968328424863,0.9999156476850614,1137298.1553933553,5162890.273964541,3562432.638038708,1137296.8188093612,5162889.728711166,3562434.6300625186,3.2964366170595043,0.8395929031452362
46230.0,1137302.4882548545,5162905.127965875,3562437.8046109355,14.592115461068904,7,True,0.7566312147038323,0.9998938115654465,1137299.3170864785,5162894.256503841,3562434.0232598665,1137302.4882548545,5162905.127965875,3562437.8046109355,16.24695647121032,4.366901486083422
46260.0,1137305.3813217562,5162904.083092732,3562437.0543472148,13.534561127683853,7,True,0.49941421087299076,0.9999563863330583,1137300.9767361872,5162896.9458281575,3562434.8528027525,1137305.3813217562,5162904.083092732,3562437.0543472148,16.044741349638876,7.481583714136195
46290.0,1137296.0561468625,5162882.883914186,3562428.719524445,-3.1586279231308434,7,True,1.67685438479696,0.9999415118040902,1137299.6386382342,5162893.121851585,3562433.184927909,1137296.0561468625,5162882.883914186,3562428.719524445,8.633870749209837,3.1036755279277304
46320.0,1137303.7316116213,5162896.861460265,3562431.43052955,10.191415147228746,7,True,0.9747456439903804,0.9999247508449232,1137300.7460446549,5162894.133650654,3562432.710252942,1137303.7316116213,5162896.861460265,3562431.43052955,8.221537939424255,4.317543070132536
46350.0,1137293.6285753052,5162884.465834519,3562434.588533475,-4.019720716712267,7,True,0.9995304899556297,0.9999566336180975,1137298.8010987807,5162891.491787629,3562433.2235187944,1137293.6285753052,5162884.465834519,3562434.588533475,8.226475710792968,1.648579646371403
46380.0,1137295.1581597317,5162886.518204183,3562434.6667270605,-0.4442449878796981,7,True,1.6006776743701525,0.9999509615296484,1137297.8086058793,5162890.136770101,3562433.6167106484,1137295.1581597317,5162886.518204183,3562434.6667270605,5.901821108165655,1.8762546081333313
46410.0,1137297.608171718,5162888.971761622,3562430.279732289,2.1295323490221367,7,True,1.8753323565636362,0.9999149498379017,1137297.7545812975,5162889.822756285,3562432.717268861,1137297.608171718,5162888.971761622,3562430.279732289,2.4377156637785253,1.3059976595774667
46440.0,1137303.3614151035,5162891.631978012,3562421.2585093165,5.579798342394046,7,True,1.841082171670028,0.9998180444300517,1137299.2274263413,5162890.298016181,3562429.7071961914,1137303.3614151035,5162891.631978012,3562421.2585093165,11.762662452017912,2.3343558039192223
46470.0,1137304.270411685,5162898.791991667,3562436.3780389614,9.362007447329328,7,True,1.6325039491057396,0.9998901772845312,1137300.5881450926,5162892.5898950845,3562431.5071500335,1137304.270411685,5162898.791991667,3562436.3780389614,11.013170274635048,2.951858104286232
46500.0,1137301.1264424254,5162894.783015968,3562433.9292564467,7.005187699774792,7,True,1.0782670485121864,0.9999675175386048,1137300.7365460752,5162893.194507581,3562432.174890611,1137301.1264424254,5162894.783015968,3562433.9292564467,5.3839730406244,3.480357020287271
46530.0,1137295.6604625648,5162894.45757634,3562433.8281591265,4.219265567598177,7,True,1.5500465376036507,0.9997866488243716,1137299.4135737037,5162893.523699382,3562432.6057796148,1137295.6604625648,5162894.45757634,3562433.8281591265,5.249386143289287,3.2153412507661914
46560.0,1137297.1770323818,5162890.905373283,3562427.2479273514,2.440988803363401,7,True,0.8830458298325539,0.9999421111111804,1137298.7997486605,5162892.805092435,3562431.135302023,1137297.1770323818,5162890.905373283,3562427.2479273514,4.893802717054856,2.4487655091238167
46590.0,1137295.27098524,5162886.788277117,3562434.5419529704,-2.287110654569775,7,True,1.8132091877715928,0.999889433735798,1137297.8500454563,5162891.185774814,3562432.0521408515,1137295.27098524,5162886.788277117,3562434.5419529704,5.597625334200981,0.9810173520353204
46620.0,1137299.4062008709,5162889.579332022,3562433.1050476125,0.26957171376330985,7,True,1.1095208589519774,0.9999632137482516,1137298.2780104924,5162890.743980029,3562432.341705297,1137299.4062008709,5162889.579332022,3562433.1050476125,1.725769363869746,0.5462545347293046
46650.0,1137304.7970173738,5162899.079635803,3562430.726555601,11.689176738276798,7,True,1.0898334320102419,0.9999032200594522,1137300.0335065548,5162892.988679437,3562431.906763444,1137304.7970173738,5162899.079635803,3562430.726555601,10.682247742562408,2.8980499927867567
46680.0,1137297.8978138044,5162891.817926253,3562433.1270715264,2.6552093112903514,7,True,1.059378485594477,0.9999650711552915,1137299.4473368316,5162892.667350411,3562432.241693481,1137297.8978138044,5162891.817926253,3562433.1270715264,1.8920557298436045,2.3660803044031287
46710.0,1137298.3175178978,5162892.369285371,3562433.4831762947,3.434534725000553,7,True,1.2149355486035347,0.9999470937722023,1137299.1396958623,5162892.586189603,3562432.5797396624,1137298.3175178978,5162892.369285371,3562433.4831762947,2.4387308154872622,2.2621765096699757
46740.0,1137299.5107190078,5162891.349441506,3562430.359562588,3.526220597061284,7,True,1.678656860121659,0.9999463093394343,1137299.2406544334,5162892.249659869,3562431.975610492,1137299.5107190078,5162891.349441506,3562430.359562588,2.029058852544005,1.8811480659792854
46770.0,1137291.3508372286,5162873.514975065,3562431.708680516,-12.964259627424456,7,True,1.4657901025244169,0.9998794000690511,1137297.1348400263,5162887.249319792,3562431.9043661305,1137291.3508372286,5162873.514975065,3562431.708680516,18.449354659494034,3.5456848620389785
46800.0,1137299.6447937828,5162885.87214827,3562426.985918639,-0.2571520729096519,7,True,1.1828860491514206,0.9999540056171209,1137297.821687351,5162886.872457639,3562430.5584359546,1137299.6447937828,5162885.87214827,3562426.985918639,6.862827844173277,3.9474688570161347
46830.0,1137293.212801245,5162875.271949231,3562427.896338998,-9.540822668694526,7,True,1.1139159766691071,0.9999427235613826,1137296.5673641397,5162883.715341879,3562429.833937686,1137293.212801245,5162875.271949231,3562427.896338998,16.633441101722653,7.373630195967655
46860.0,1137295.2011565578,5162887.078632106,3562432.260809233,-0.14546963121880957,7,True,0.6828180743115289,0.9999720660259401,1137296.192609854,5162884.637901117,3562430.49963485,1137295.2011565578,5162887.078632106,3562432.260809233,4.796719100679292,6.478587067191432
46890.0,1137296.9816792496,5162887.980712862,3562429.9854547884,-1.0088041316103813,7,True,1.1165658459067345,0.9999643147297231,1137296.4081486398,5162885.551009126,3562430.3591836467,1137296.9816792496,5162887.980712862,3562429.9854547884,3.5471269719795973,5.616881661367872
46920.0,1137296.569408132,5162887.748825541,3562430.798940571,-0.33097682300254155,7,True,0.5446877511484283,0.9999753949673972,1137296.452311837,5162886.152912297,3562430.4796173126,1137296.569408132,5162887.748825541,3562430.798940571,3.5723975385933824,5.03983806178543
46950.0,1137297.773105698,5162888.816786873,3562435.996352875,0.9847475124182239,7,True,1.9796282787408148,0.9999177468738994,1137296.8077587131,5162886.8698038,3562431.964259602,1137297.773105698,5162888.816786873,3562435.996352875,4.469262017051245,4.026749638481651
46980.0,1137297.5751873155,5162885.816793125,3562425.8277357817,-1.3813750469340629,7,True,1.4901401943394117,0.9999426119263541,1137297.0163384224,5162886.583605631,3562430.2964114775,1137297.5751873155,5162885.816793125,3562425.8277357817,7.754547626974003,4.512447862147406
47010.0,1137297.4403293643,5162889.954961449,3562435.7890090714,1.0581126026518166,7,True,0.7765604055353573,0.9999720383261176,1137297.1325600266,5162887.5077394815,3562431.8020061506,1137297.4403293643,5162889.954961449,3562435.7890090714,4.051129496533626,3.313480114609592
47040.0,1137298.5811844543,5162898.950637948,3562436.219611578,9.52532674669213,7,True,1.4001233343567168,0.9999152049391521,1137297.5225885676,5162890.588632575,3562432.991404981,1137298.5811844543,5162898.950637948,3562436.219611578,9.474560702296062,1.4755231551831098
47070.0,1137296.7819315633,5162892.886007699,3562440.073807068,3.667699537263131,7,True,0.9117396186505046,0.9999154220246734,1137297.3226906538,5162891.208677335,3562434.902893555,1137296.7819315633,5162892.886007699,3562440.073807068,8.66650817224192,3.290669642077445
47100.0,1137299.0051556306,5162888.350173492,3562435.158731434,-0.005973098202741742,7,True,1.5204476873789514,0.9999310558033974,1137297.7793759713,5162890.432770108,3562434.9723377363,1137299.0051556306,5162888.350173492,3562435.158731434,3.9081641158348734,3.137909096455201
47130.0,1137297.7826624466,5162890.237575595,3562435.3318541697,1.3817306190744596,7,True,1.5259759511266435,0.9999449754597209,1137297.7802714088,5162890.379587145,3562435.0702920747,1137297.7826624466,5162890.237575595,3562435.3318541697,3.496274659881833,3.23435688122828
47160.0,1137297.7098439194,5162893.776691586,3562436.26801896,5.223665172897009,7,True,1.6731869535786765,0.9999546512917367,1137297.7610467847,5162891.306896306,3562435.397236133,1137297.7098439194,5162893.776691586,3562436.26801896,5.498465830521705,3.644490072119571
47190.0,1137293.298598054,5162880.181029612,3562427.2852960853,-6.017457432967797,7,True,0.8539621425526482,0.9999596838944533,1137296.5424263396,5162888.268607366,3562433.182000376,1137293.298598054,5162880.181029612,3562427.2852960853,12.474972915370849,3.2504967964522553
47220.0,1137299.4533588511,5162890.223397418,3562432.6919314726,2.4884485414325295,7,True,1.1080911957791872,0.9999669943818384,1137297.3383615953,5162888.803104924,3562433.0480010076,1137299.4533588511,5162890.223397418,3562432.6919314726,1.2192203193205902,2.364940076951615
47250.0,1137302.9169424772,5162894.981979879,3562433.2656023703,8.269824151955472,7,True,0.8070963482771601,0.9999505337448812,1137298.8552169683,5162890.483184477,3562433.1071683485,1137302.9169424772,5162894.981979879,3562433.2656023703,6.400856507036511,1.2180789054102115
47280.0,1137299.0696948506,5162891.198353846,3562430.67671068,2.979373064851007,7,True,0.7122878421630178,0.9999769004793426,1137298.9140068216,5162890.679217288,3562432.440963292,1137299.0696948506,5162891.198353846,3562430.67671068,1.5265363253588347,0.6553621430302641
47310.0,1137294.4346920713,5162891.114292159,3562433.6754383375,2.219036592627347,7,True,1.0854169577360153,0.9999541699298248,1137297.6957116532,5162890.797550034,3562432.7767188856,1137294.4346920713,5162891.114292159,3562433.6754383375,4.5061422998883485,1.2342036918472594
47340.0,1137301.1238858479,5162898.116547904,3562434.1013194066,9.317215315331977,7,True,0.6956943443843296,0.9999703905730791,1137298.6330676218,5162892.798762909,3562433.1389006577,1137301.1238858479,5162898.116547904,3562434.1013194066,8.327028466585949,2.5962783986764277
47370.0,1137301.0553666702,5162897.221964295,3562437.5881306743,7.811967679330214,7,True,2.119484156370163,0.9998361893926135,1137299.270093086,5162893.961993319,3562434.3089761767,1137301.0553666702,5162897.221964295,3562437.5881306743,9.1362114590803,4.260646712107751
47400.0,1137301.0304298627,5162893.267241858,3562428.9594486794,3.7542151864812685,7,True,1.6414866841265134,0.9999488860963115,1137299.751595474,5162893.771958951,3562432.8457276104,1137301.0304298627,5162893.267241858,3562428.9594486794,4.758946693906282,3.6033605140793954
47430.0,1137295.7924711588,5162884.809745903,3562433.6114359973,-3.335174524076861,7,True,0.8197390043309757,0.9999615035333362,1137298.667386541,5162891.3176507065,3562433.055417382,1137295.7924711588,5162884.809745903,3562433.6114359973,6.542959641008706,1.3950283678513682
47460.0,1137302.3739546093,5162889.3529063575,3562426.1231021783,3.7805016292951286,7,True,1.2079433777502604,0.9999157433266215,1137299.667201942,5162890.787677528,3562431.1854839614,1137302.3739546093,5162889.3529063575,3562426.1231021783,7.050566770920534,1.377382949556319
47490.0,1137300.2031925626,5162893.277531854,3562430.5363920275,3.9172977253298065,7,True,1.074615339083331,0.9999687872373749,1137299.8142183635,5162891.4706176,3562431.0074450746,1137300.2031925626,5162893.277531854,3562430.5363920275,3.5204329893948554,1.8442152754056256
47520.0,1137304.1404575903,5162901.94472484,3562434.6981480145,13.636318283277157,7,True,0.40159950618233,0.999972177036721,1137300.9994096146,5162894.340042894,3562432.0185285136,1137304.1404575903,5162901.94472484,3562434.6981480145,13.034608491062864,4.556461298181475
47550.0,1137295.9404633027,5162887.574447516,3562425.734912084,0.012036607139711827,7,True,0.9910014261092458,0.9999227811772621,1137299.634841161,5162892.515133624,3562430.323625223,1137295.9404633027,5162887.574447516,3562425.734912084,7.330030832539825,2.796241072682129
47580.0,1137295.6891795658,5162883.108329928,3562433.587614015,-3.7894031017820247,7,True,0.3606820915426527,0.9999625978285659,1137298.556100814,5162889.943321916,3562431.2159968363,1137295.6891795658,5162883.108329928,3562433.587614015,8.098006733940554,0.9070912223885139
47610.0,1137303.1558867234,5162896.73128862,3562434.290990151,8.66396309663271,7,True,0.8950829431414604,0.9999686886617081,1137299.814434204,5162891.800261635,3562432.057202675,1137303.1558867234,5162896.73128862,3562434.290990151,8.101809599152997,1.8204082076224408
47640.0,1137302.0921307947,5162896.156559193,3562430.717652748,8.054576088547233,7,True,1.7703648965273584,0.9998339368618627,1137300.4134245364,5162892.945883986,3562431.704926845,1137302.0921307947,5162896.156559193,3562430.717652748,6.784052273780893,3.0844956709136584
47670.0,1137307.3138445574,5162901.22844522,3562431.4671192477,13.341091522388647,7,True,1.248140424489975,0.9998985804942027,1137302.274813882,5162895.180106133,3562431.6407782095,1137307.3138445574,5162901.22844522,3562431.4671192477,13.86234713765661,5.989996425568892
47700.0,1137299.872550942,5162893.927845181,3562430.25916705,5.463605784784954,7,True,1.216241829097271,0.9999495408099844,1137301.6171813998,5162894.83729292,3562431.2625546767,1137299.872550942,5162893.927845181,3562430.25916705,4.035637980259767,5.355145110967466
47730.0,1137299.1891456249,5162887.120858294,3562429.192786118,0.33795932587771027,7,True,0.4767144929085459,0.9999731618429624,1137300.9498325107,5162892.716420514,3562430.6936760126,1137299.1891456249,5162887.120858294,3562429.192786118,4.398439014610689,3.4952203038691176
47760.0,1137303.0895737663,5162894.293661854,3562422.515164859,8.880244349586034,7,True,0.7061256447008678,0.9999364966555563,1137301.530150547,5162893.14418326,3562428.4755865503,1137303.0895737663,5162894.293661854,3562422.515164859,11.120634981470872,5.275033107575239
47790.0,1137292.0592803329,5162883.105772561,3562436.4516590927,-4.40243183264469,7,True,1.2992326329861368,0.9999381691261336,1137298.9587977703,5162890.418742552,3562430.641099942,1137292.0592803329,5162883.105772561,3562436.4516590927,10.826555027318802,1.3564691687009882
47820.0,1137293.3402899918,5162884.950827468,3562426.938029352,-3.0937306928124597,7,True,0.9859368173139436,0.9999383114410674,1137297.4329657569,5162888.933807368,3562429.6354479296,1137293.3402899918,5162884.950827468,3562426.938029352,9.100519405804876,2.9933140555325504
47850.0,1137294.6455854112,5162877.77157859,3562432.2751414794,-9.296631793569013,7,True,1.2585147970489092,0.9998547064096155,1137296.6937518124,5162885.973581586,3562430.3354953,1137294.6455854112,5162877.77157859,3562432.2751414794,13.31928108163182,5.145821621473531
47880.0,1137299.0947465254,5162890.855555932,3562428.4287158074,3.794590012926012,7,True,1.298919253051281,0.9999590728268278,1137297.3528446464,5162887.313723774,3562429.8120686165,1137299.0947465254,5162890.855555932,3562428.4287158074,3.5616304653859774,4.009254574875243
47910.0,1137294.9457177385,5162886.259707491,3562432.423812498,-2.407168267132897,7,True,0.9432867297104427,0.9999613647534605,1137296.6938318126,5162887.025159737,3562430.5271006036,1137294.9457177385,5162886.259707491,3562432.423812498,5.585257196226151,4.181477795064147
47940.0,1137300.482200406,5162890.792528161,3562433.646025759,2.2939563371793663,7,True,1.7338243680340903,0.9999540278101964,1137297.7268563262,5162888.052457857,3562431.3775791307,1137300.482200406,5162890.792528161,3562433.646025759,2.6052043490142545,2.6414409332423596
47970.0,1137298.0733487878,5162890.859096746,3562436.844063357,3.979303601821115,7,True,0.611326586987291,0.9999710366225869,1137297.8217461351,5162888.821078989,3562432.874620774,1137298.0733487878,5162890.859096746,3562436.844063357,4.949596405680982,2.059806256610496
48000.0,1137300.7235198317,5162885.976861686,3562432.3840403934,1.2048762764270515,7,True,0.8875403936420169,0.9999318418747956,1137298.6065279555,5162888.051863238,3562432.741943796,1137300.7235198317,5162885.976861686,3562432.3840403934,5.044159400824053,2.5829315491106586
48030.0,1137304.0133126257,5162899.659100841,3562432.715543485,10.391667760545284,7,True,1.3099518035139357,0.9999539612565468,1137300.0803716572,5162891.215897887,3562432.734747295,1137304.0133126257,5162899.659100841,3562432.715543485,10.69431874749155,1.8755100154547986
48060.0,1137297.3396155525,5162885.937362962,3562427.2376565346,-0.4371259711112651,7,True,0.559687831572124,0.9999632883612385,1137299.33158457,5162889.773778033,3562431.232916989,1137297.3396155525,5162885.937362962,3562427.2376565346,6.656612279696994,1.2798529747080722
48090.0,1137301.4695547875,5162894.120996231,3562432.5768327075,6.691588676726538,7,True,0.6931222570793969,0.9999689626004118,1137299.9161967875,5162890.962492848,3562431.6004008492,1137301.4695547875,5162894.120996231,3562432.5768327075,4.697791220965863,1.4843500988100715
48120.0,1137302.038440322,5162891.105381598,3562429.9320022557,3.8834560009862327,7,True,1.543132093335901,0.9998658833600935,1137300.4792336298,5162891.000401612,3562431.157770274,1137302.038440322,5162891.105381598,3562429.9320022557,4.0702466583294745,2.1423274482391834
48150.0,1137293.206169803,5162878.412610739,3562429.429582323,-7.0743559231829005,7,True,1.2520792452352387,0.9999298312880985,1137298.5034893344,5162887.580899652,3562430.688304095,1137293.206169803,5162878.412610739,3562429.429582323,13.450550109293284,3.1751121636812454
48180.0,1137295.6532323698,5162892.668359695,3562431.464152196,3.4660489068190077,7,True,2.250448087496417,0.9998924982192865,1137297.737944955,5162888.947329588,3562430.8966874657,1137295.6532323698,5162892.668359695,3562431.464152196,3.6415195538864267,2.033850733495467
48210.0,1137296.7713079066,5162886.462911226,3562427.529292004,-1.3088064183999943,7,True,0.21366855821439198,0.9999773398863578,1137297.4714809768,5162888.262472742,3562429.9684284134,1137296.7713079066,5162886.462911226,3562427.529292004,6.231184976191064,3.1648645939244155
48240.0,1137301.2951619285,5162898.716994246,3562439.5975755667,9.282772862572608,7,True,1.2710946830255645,0.9998868517955697,1137298.4945911579,5162891.059810575,3562432.544919133,1137301.2951619285,5162898.716994246,3562439.5975755667,11.568749820123115,0.8312089926719718
48270.0,1137298.5446048486,5162889.281810215,3562429.2828272986,2.150530643196782,7,True,0.224527473960604,0.9999819986384889,1137298.5083848322,5162890.569441686,3562431.6452408307,1137298.5446048486,5162889.281810215,3562429.2828272986,2.9150419841268165,0.2943058707917719
48300.0,1137291.3137613465,5162878.522586418,3562425.8915627315,-9.1935975001292,7,True,0.48474120668002535,0.9999236019860934,1137296.5643898174,5162887.3143684175,3562430.0905908113,1137291.3137613465,5162878.522586418,3562425.8915627315,15.240141344901328,4.179416317595934
48330.0,1137298.474309803,5162886.011916959,3562430.237432123,-2.3019549156437447,7,True,0.6566537182245936,0.999976549277306,1137297.0890474236,5162886.956583238,3562430.1309283185,1137298.474309803,5162886.011916959,3562430.237432123,4.799829959086482,4.234237570211356
48360.0,1137298.5854858463,5162894.996185461,3562432.599948019,5.976841545619027,7,True,0.4434171457375799,0.9999788955296073,1137297.4994548627,5162889.161493584,3562430.8080721535,1137298.5854858463,5162894.996185461,3562432.599948019,4.543110624777995,2.0367264248125942
48390.0,1137297.0531500052,5162893.71898361,3562437.538157123,6.944740869786778,7,True,0.5205011772257941,0.9999643343188301,1137297.3777286396,5162890.404513994,3562432.6436511534,1137297.0531500052,5162893.71898361,3562437.538157123,6.634660514296014,1.3707306080078738
48420.0,1137303.781083642,5162903.465566532,3562433.6831054296,14.363773198579562,7,True,1.5211889509643828,0.9999415803250195,1137299.1130315564,5162893.944046404,3562432.9253422413,1137303.781083642,5162903.465566532,3562433.6831054296,14.090170881203212,3.6271584165386033
48450.0,1137297.7278694718,5162887.609925815,3562429.013016253,0.7726852759661259,7,True,0.7549474611878395,0.9999726574905178,1137298.7337758953,5162892.209772042,3562431.8541522375,1137297.7278694718,5162887.609925815,3562429.013016253,4.188403423011678,1.7190095524036382
48480.0,1137300.911373027,5162893.838699056,3562432.7748052827,4.221027374052403,7,True,1.6323107129761152,0.9999400150216913,1137299.3238172391,5162892.651145825,3562432.1036122283,1137300.911373027,5162893.838699056,3562432.7748052827,4.1769489924468655,2.2920307142110743
48510.0,1137294.3423366412,5162881.350564961,3562428.7453396544,-5.413433113961561,7,True,2.0658437492591992,0.9999163091933733,1137297.9814179651,5162889.605888246,3562431.198631756,1137294.3423366412,5162881.350564961,3562428.7453396544,10.562140014626735,1.2866622967104961
48540.0,1137302.559896497,5162902.619208995,3562434.7733309763,13.093126158887566,7,True,1.1943698759589876,0.9999442986871099,1137299.2276651876,5162893.14807256,3562432.171653458,1137302.559896497,5162902.619208995,3562434.7733309763,13.07741059291497,2.742777649894643
48570.0,1137296.490052372,5162887.960955208,3562434.7163609145,-1.0306241936845635,7,True,1.506837757570403,0.9999169472391624,1137298.4886777846,5162891.747869303,3562432.8585682563,1137296.490052372,5162887.960955208,3562434.7163609145,4.294720304995447,1.554184424746506
48600.0,1137301.377874572,5162891.737337193,3562432.205768911,3.0211340738102113,7,True,1.3279412974204337,0.9999474445393677,1137299.2764257109,5162891.744997693,3562432.680580612,1137301.377874572,5162891.737337193,3562432.205768911,3.1035798007936988,1.6257933221419336
48630.0,1137302.2087369505,5162898.952916241,3562426.9570621736,11.614049592479269,7,True,0.6106689338173185,0.9999367381846656,1137300.0726482328,5162893.702193439,3562431.1264501284,1137302.2087369505,5162898.952916241,3562426.9570621736,10.467161945560276,3.63564236667196
48660.0,1137290.2255980284,5162879.987657727,3562431.162215738,-8.425561176893304,7,True,2.141910025051662,0.9998949260462318,1137297.430456559,5162890.022265814,3562431.13604687,1137290.2255980284,5162879.987657727,3562431.162215738,13.429531596953503,1.449287066082466
48690.0,1137297.229453413,5162889.027124851,3562435.6475905343,1.0950998472267954,7,True,1.7582417077251844,0.9999239532501797,1137297.3759443718,5162889.752382922,3562432.359580518,1137297.229453413,5162889.027124851,3562435.6475905343,4.210433706147262,1.453224396387567
48720.0,1137302.693431574,5162901.551953985,3562435.04313675,11.806364444312775,7,True,1.5687576244984354,0.9999248263599968,1137298.8178879998,5162892.95207399,3562433.0872807764,1137302.693431574,5162901.551953985,3562435.04313675,12.206274049392157,2.7227044520249795
48750.0,1137303.9997422427,5162894.683161707,3562426.991388601,7.1260400842894205,7,True,0.6289827014718737,0.999953746290491,1137300.234387929,5162893.425280204,3562431.4209215096,1137303.9997422427,5162894.683161707,3562426.991388601,8.463421335148983,3.4142509053299426
48780.0,1137292.5756738684,5162882.763418201,3562431.100032717,-5.457592239395181,7,True,1.2341155377881867,0.9999002300091421,1137298.1762683494,5162890.560127285,3562431.334689343,1137292.5756738684,5162882.763418201,3562431.100032717,9.808509665920637,0.7017114495716466
48810.0,1137297.1055851642,5162892.570697394,3562432.712756983,2.5977003217341568,7,True,1.8144614802939552,0.9998664884240676,1137297.8907002278,5162891.096378099,3562431.702241755,1137297.1055851642,5162892.570697394,3562432.712756983,2.63758144575209,0.9112301328204824
48840.0,1137293.9901631854,5162879.589483866,3562429.066469593,-7.387375041682253,7,True,1.2528458322797502,0.9999564779575951,1137296.8201219793,5162887.938087191,3562430.978802825,1137293.9901631854,5162879.589483866,3562429.066469593,12.167072084671487,3.2332307157170135
48870.0,1137297.7481161056,5162888.601286725,3562431.180715512,1.3728487273936654,7,True,1.5626705246312278,0.999960283883183,1137297.0742241873,5162888.119683671,3562431.034090308,1137297.7481161056,5162888.601286725,3562431.180715512,2.1932799059836134,2.939683129093078
48900.0,1137280.768111901,5162829.490218869,3562405.9732505437,-40.36434752874078,7,True,5.970579358083861,0.08996738434621221,1137297.0742241873,5162888.119683671,3562431.034090308,1137280.768111901,5162829.490218869,3562405.9732505437,68.64596871151855,2.939683129093078
48930.0,1137256.5859787795,5162771.830448794,3562384.342194713,-84.49655786306309,7,True,12.691184186509677,1.8676810298323687e-07,1137297.0742241873,5162888.119683671,3562431.034090308,1137256.5859787795,5162771.830448794,3562384.342194713,134.5667011103275,2.939683129093078
48960.0,1137245.2945803762,5162718.480971154,3562355.1876038234,-119.84729004739593,7,True,15.027723608272415,3.1101787811849135e-12,1137297.0742241873,5162888.119683671,3562431.034090308,1137245.2945803762,5162718.480971154,3562355.1876038234,195.74575142563484,2.939683129093078
48990.0,1137236.5330571001,5162671.758912947,3562332.0014697877,-150.17472748327728,7,True,21.88793274121625,0.0,1137297.0742241873,5162888.119683671,3562431.034090308,1137236.5330571001,5162671.758912947,3562332.0014697877,248.3544846030867,2.939683129093078
49020.0,1137218.0543674927,5162616.34658325,3562313.086788971,-191.33438120311772,7,True,28.547551127416746,0.0,1137297.0742241873,5162888.119683671,3562431.034090308,1137218.0543674927,5162616.34658325,3562313.086788971,309.4574521410792,2.939683129093078
49050.0,1137203.554903102,5162568.156990277,3562294.1884101867,-225.63190845347012,7,True,33.11880304877247,0.0,1137297.0742241873,5162888.119683671,3562431.034090308,1137203.554903102,5162568.156990277,3562294.1884101867,363.1838220249516,2.939683129093078
49080.0,1137185.5871912816,5162514.152226246,3562267.4030846166,-263.2973231456768,7,True,37.306425551218645,0.0,1137297.0742241873,5162888.119683671,3562431.034090308,1137185.5871912816,5162514.152226246,3562267.4030846166,425.9907162241822,2.939683129093078
49110.0,1137168.5336444187,5162458.302774611,3562246.259650785,-304.13580927110587,7,True,44.416447814021794,0.0,1137297.0742241873,5162888.119683671,3562431.034090308,1137168.5336444187,5162458.302774611,3562246.259650785,488.02973513781154,2.939683129093078
49140.0,1137155.108740671,5162410.145915344,3562227.8013040437,-338.02809687135033,7,True,47.00180952463831,0.0,1137297.0742241873,5162888.119683671,3562431.034090308,1137155.108740671,5162410.145915344,3562227.8013040437,541.2808185524866,2.939683129093078
49170.0,1137136.2369553426,5162347.701177563,3562204.814159164,-381.96896916852234,7,True,53.85634198359081,0.0,1137297.0742241873,5162888.119683671,3562431.034090308,1137136.2369553426,5162347.701177563,3562204.814159164,610.3759278290811,2.939683129093078
49200.0,1137125.9831326737,5162317.979360558,3562187.5442821016,-400.0451532233086,7,True,58.31880375530039,0.0,1137297.0742241873,5162888.119683671,3562431.034090308,1137125.9831326737,5162317.979360558,3562187.5442821016,645.9757790814431,2.939683129093078
49230.0,1137107.6904538781,5162251.0569413705,3562155.0624731453,-447.96453916167826,7,True,65.66615326702595,0.0,1137297.0742241873,5162888.119683671,3562431.034090308,1137107.6904538781,5162251.0569413705,3562155.0624731453,722.4760850878504,2.939683129093078
49260.0,1137089.4775607896,5162200.490725752,3562139.769761453,-485.04114406632044,7,True,67.95492874405214,0.0,1137297.0742241873,5162888.119683671,3562431.034090308,1137089.4775607896,5162200.490725752,3562139.769761453,777.9351051260235,2.939683129093078
49290.0,1137074.9248558402,5162150.185675589,3562121.901638387,-518.9632232101194,7,True,73.77276123634407,0.0,1137297.0742241873,5162888.119683671,3562431.034090308,1137074.9248558402,5162150.185675589,3562121.901638387,833.1821748084685,2.939683129093078
49320.0,1137058.6186941534,5162099.061542637,3562099.925735479,-557.6926182573781,7,True,78.27426678048712,0.0,1137297.0742241873,5162888.119683671,3562431.034090308,1137058.6186941534,5162099.061542637,3562099.925735479,891.1622922980976,2.939683129093078
49350.0,1137038.4712864156,5162038.813350134,3562077.2931590956,-601.8735381747276,7,True,84.22448799333402,0.0,1137297.0742241873,5162888.119683671,3562431.034090308,1137038.4712864156,5162038.813350134,3562077.2931590956,958.5301281704659,2.939683129093078
49380.0,1137028.8893271931,5162004.033601879,3562065.937456321,-623.5797877169372,7,True,89.61341677712542,0.0,1137297.0742241873,5162888.119683671,3562431.034090308,1137028.8893271931,5162004.033601879,3562065.937456321,996.2388305506247,2.939683129093078
49410.0,1137011.5971080733,5161942.630102122,3562042.8885107683,-668.7639778919379,7,True,93.30679477112633,0.0,1137297.0742241873,5162888.119683671,3562431.034090308,1137011.5971080733,5161942.630102122,3562042.8885107683,1064.02745967323,2.939683129093078
49440.0,1136994.0139381778,5161882.742429182,3562023.785799943,-710.2657221458844,7,True,100.0539766283972,0.0,1137297.0742241873,5162888.119683671,3562431.034090308,1136994.0139381778,5161882.742429182,3562023.785799943,1129.115227955101,2.939683129093078
49470.0,1136974.3761971153,5161838.942416577,3561997.9222035552,-741.5477514561879,7,True,104.42863403047834,0.0,1137297.0742241873,5162888.119683671,3562431.034090308,1136974.3761971153,5161838.942416577,3561997.9222035552,1182.889153806385,2.939683129093078
49500.0,1136964.484386313,5161787.413462839,3561980.455801395,-775.9078288397916,7,True,108.48742375522852,0.0,1137297.0742241873,5162888.119683671,3562431.034090308,1136964.484386313,5161787.413462839,3561980.455801395,1237.8331251397535,2.939683129093078
49530.0,1136946.056562012,5161730.679389728,3561962.1475989665,-817.3300245136074,7,True,114.05340478569269,0.0,1137297.0742241873,5162888.119683671,3562431.034090308,1136946.056562012,5161730.679389728,3561962.1475989665,1300.051239195619,2.939683129093078
49560.0,1136928.9734104418,5161677.016440925,3561942.82801511,-856.4870178920896,7,True,121.28436309950692,0.0,1137297.0742241873,5162888.119683671,3562431.034090308,1136928.9734104418,5161677.016440925,3561942.82801511,1359.541209084953,2.939683129093078
49590.0,1136907.9618352382,5161622.144156642,3561922.8963422356,-895.4174117900835,7,True,125.11647015916449,0.0,1137297.0742241873,5162888.119683671,3562431.034090308,1136907.9618352382,5161622.144156642,3561922.8963422356,1421.4089213147458,2.939683129093078
49620.0,1136897.3331528096,5161575.391358389,3561904.313539573,-926.0215796197242,7,True,131.084112968828,0.0,1137297.0742241873,5162888.119683671,3562431.034090308,1136897.3331528096,5161575.391358389,3561904.313539573,1472.7074929345426,2.939683129093078
49650.0,1136876.420863137,5161521.023672746,3561888.2639812743,-968.6182333474848,7,True,135.5626688408,0.0,1137297.0742241873,5162888.119683671,3562431.034090308,1136876.420863137,5161521.023672746,3561888.2639812743,1532.721026482544,2.939683129093078
49680.0,1136867.2381496588,5161470.132257194,3561867.943534756,-999.2572082181656,7,True,140.51923726711954,0.0,1137297.0742241873,5162888.119683671,3562431.034090308,1136867.2381496588,5161470.132257194,3561867.943534756,1587.9414137879558,2.939683129093078
49710.0,1136841.4640295825,5161412.360739178,3561846.34012306,-1044.810080496803,7,True,144.48810442643506,0.0,1137297.0742241873,5162888.119683671,3562431.034090308,1136841.4640295825,5161412.360739178,3561846.34012306,1654.3099879283623,2.939683129093078
49740.0,1136832.1070338578,5161369.287687807,3561833.2604773077,-1072.6390086214667,7,True,149.06485611413206,0.0,1137297.0742241873,5162888.119683671,3562431.034090308,1136832.1070338578,5161369.287687807,3561833.2604773077,1700.0188359922822,2.939683129093078
49770.0,1136811.4839099932,5161311.881875745,3561812.2320892015,-1114.3529876412686,7,True,155.04442820272274,0.0,1137297.0742241873,5162888.119683671,3562431.034090308,1136811.4839099932,5161311.881875745,3561812.2320892015,1764.4537504141383,2.939683129093078
49800.0,1136801.7423589968,5161273.273066491,3561795.220960604,-1139.4516644724765,7,True,159.16778514427799,0.0,1137297.0742241873,5162888.119683671,3562431.034090308,1136801.7423589968,5161273.273066491,3561795.220960604,1807.6620992517728,2.939683129093078
49830.0,1136776.4337265056,5161207.551598534,3561780.7143883454,-1190.0805472088398,7,True,165.9170816849385,0.0,1137297.0742241873,5162888.119683671,3562431.034090308,1136776.4337265056,5161207.551598534,3561780.7143883454,1878.5647824717444,2.939683129093078
49860.0,1136761.2567884694,5161155.543227521,3561762.5283477614,-1226.5463355495672,7,True,169.30415166808027,0.0,1137297.0742241873,5162888.119683671,3562431.034090308,1136761.2567884694,5161155.543227521,3561762.5283477614,1935.680971571442,2.939683129093078
49890.0,1136750.499718419,5161105.124792186,3561744.9169953885,-1261.4301076814918,7,True,175.48136284308774,0.0,1137297.0742241873,5162888.119683671,3562431.034090308,1136750.499718419,5161105.124792186,3561744.9169953885,1989.9532715224861,2.939683129093078
49920.0,1136734.0990166836,5161066.463776104,3561733.5956533374,-1287.8360515152572,7,True,180.5166856433664,0.0,1137297.0742241873,5162888.119683671,3562431.034090308,1136734.0990166836,5161066.463776104,3561733.5956533374,2033.0733748811915,2.939683129093078
49950.0,1136713.9215043457,5161002.10176678,3561717.370591216,-1335.1983482594208,7,True,185.02262148473943,0.0,1137297.0742241873,5162888.119683671,3562431.034090308,1136713.9215043457,5161002.10176678,3561717.370591216,2102.007865104768,2.939683129093078
49980.0,1136695.883576425,5160949.422428279,3561690.8014235157,-1372.3323361566243,7,True,190.85114076840026,0.0,1137297.0742241873,5162888.119683671,3562431.034090308,1136695.883576425,5160949.422428279,3561690.8014235157,2163.391816034214,2.939683129093078
50010.0,1136679.8083367662,5160893.435508249,3561678.571158846,-1412.796497487723,7,True,195.96882991599185,0.0,1137297.0742241873,5162888.119683671,3562431.034090308,1136679.8083367662,5160893.435508249,3561678.571158846,2222.3098623432,2.939683129093078
50040.0,1136668.5675246867,5160854.166227094,3561667.049856621,-1438.0585367985643,7,True,202.1017796876175,0.0,1137297.0742241873,5162888.119683671,3562431.034090308,1136668.5675246867,5160854.166227094,3561667.049856621,2264.6365327077524,2.939683129093078
50070.0,1136645.0638062726,5160796.199583885,3561653.334580737,-1481.9631897552897,7,True,207.29472937328475,0.0,1137297.0742241873,5162888.119683671,3562431.034090308,1136645.0638062726,5160796.199583885,3561653.334580737,2327.950417475419,2.939683129093078
50100.0,1136629.73511059,5160745.929745287,3561631.0362887885,-1515.7559191555974,7,True,211.28389474110944,0.0,1137297.0742241873,5162888.119683671,3562431.034090308,1136629.73511059,5160745.929745287,3561631.0362887885,2384.9380803741096,2.939683129093078
50130.0,1136611.419138796,5160688.171012677,3561619.6138155092,-1558.7102807737317,7,True,216.7836739442178,0.0,1137297.0742241873,5162888.119683671,3562431.034090308,1136611.419138796,5160688.171012677,3561619.6138155092,2445.866606652372,2.939683129093078
50160.0,1136597.713041347,5160642.449622734,3561601.297509571,-1590.1744639548551,7,True,222.31114586229836,0.0,1137297.0742241873,5162888.119683671,3562431.034090308,1136597.713041347,5160642.449622734,3561601.297509571,2496.969653746775,2.939683129093078
50190.0,1136581.9720109615,5160597.510683019,3561592.101307744,-1621.829840639609,7,True,228.58907656052284,0.0,1137297.0742241873,5162888.119683671,3562431.034090308,1136581.9720109615,5160597.510683019,3561592.101307744,2544.9165990536085,2.939683129093078
50220.0,1136555.8882929652,5160524.136748474,3561570.3105757446,-1675.9127572434786,7,True,233.16965203306503,0.0,1137297.0742241873,5162888.119683671,3562431.034090308,1136555.8882929652,5160524.136748474,3561570.3105757446,2625.5692376759457,2.939683129093078
50250.0,1136544.221292729,5160483.846379943,3561555.7053011856,-1703.6597889489408,7,True,238.03271241698945,0.0,1137297.0742241873,5162888.119683671,3562431.034090308,1136544.221292729,5160483.846379943,3561555.7053011856,2669.9752049140498,2.939683129093078
50280.0,1136531.635019429,5160443.823754019,3561552.8729496137,-1732.0915807076021,7,True,243.11299295084817,0.0,1137297.0742241873,5162888.119683671,3562431.034090308,1136531.635019429,5160443.823754019,3561552.8729496137,2710.5588064513645,2.939683129093078
50310.0,1136507.851138672,5160377.940398883,3561527.9611657453,-1779.6786493879852,7,True,246.8617708746876,0.0,1137297.0742241873,5162888.119683671,3562431.034090308,1136507.851138672,5160377.940398883,3561527.9611657453,2784.8383577026334,2.939683129093078
50340.0,1136498.9835755099,5160339.303678487,3561512.8611638714,-1803.2793944307373,7,True,253.53677278012037,0.0,1137297.0742241873,5162888.119683671,3562431.034090308,1136498.9835755099,5160339.303678487,3561512.8611638714,2827.1189153598725,2.939683129093078
50370.0,1136481.987616567,5160290.028694955,3561504.8020187663,-1839.3042415107764,7,True,258.2762820582305,0.0,1137297.0742241873,5162888.119683671,3562431.034090308,1136481.987616567,5160290.028694955,3561504.8020187663,2879.0269540190084,2.939683129093078
50400.0,1136461.6845941897,5160234.285963955,3561489.2272948804,-1880.3999259848902,7,True,264.10597659008846,0.0,1137297.0742241873,5162888.119683671,3562431.034090308,1136461.6845941897,5160234.285963955,3561489.2272948804,2940.1547486952513,2.939683129093078
50430.0,1136435.7109209532,5160167.83747514,3561475.688451153,-1930.7745575909967,7,True,266.76016698458363,0.0,1137297.0742241873,5162888.119683671,3562431.034090308,1136435.7109209532,5160167.83747514,3561475.688451153,3011.94045534783,2.939683129093078
50460.0,1136419.3546715365,5160116.566452756,3561457.2893158393,-1966.448038742534,7,True,273.3741390385798,0.0,1137297.0742241873,5162888.119683671,3562431.034090308,1136419.3546715365,5160116.566452756,3561457.2893158393,3068.8143004091667,2.939683129093078
50490.0,1136411.0194504936,5160079.236839156,3561449.114575429,-1990.8167778579175,7,True,276.76558546828375,0.0,1137297.0742241873,5162888.119683671,3562431.034090308,1136411.0194504936,5160079.236839156,3561449.114575429,3107.5460262332226,2.939683129093078
50520.0,1136388.7451414946,5160021.373277733,3561439.1813752954,-2034.1304624851703,7,True,284.24357706308365,0.0,1137297.0742241873,5162888.119683671,3562431.034090308,1136388.7451414946,5160021.373277733,3561439.1813752954,3169.4144619129106,2.939683129093078
50550.0,1136372.462078539,5159963.457300519,3561417.612871843,-2075.259409830998,7,True,287.8598276813115,0.0,1137297.0742241873,5162888.119683671,3562431.034090308,1136372.462078539,5159963.457300519,3561417.612871843,3233.2742444170262,2.939683129093078
50580.0,1136361.2293813494,5159928.266380912,3561412.0065884856,-2099.143278552578,7,True,294.7485178581306,0.0,1137297.0742241873,5162888.119683671,3562431.034090308,1136361.2293813494,5159928.266380912,3561412.0065884856,3270.1142315739194,2.939683129093078
50610.0,1136337.2693599786,5159867.587595286,3561393.214835056,-2143.7832621962084,7,True,298.6002889105252,0.0,1137297.0742241873,5162888.119683671,3562431.034090308,1136337.2693599786,5159867.587595286,3561393.214835056,3337.8128297711496,2.939683129093078
50640.0,1136321.8746261394,5159822.589767181,3561390.60655619,-2175.078586425762,7,True,306.2793905021889,0.0,1137297.0742241873,5162888.119683671,3562431.034090308,1136321.8746261394,5159822.589767181,3561390.60655619,3383.83332741523,2.939683129093078
50670.0,1136301.7374846498,5159763.452827374,3561372.212931366,-2219.661615403717,7,True,308.3690380773374,0.0,1137297.0742241873,5162888.119683671,3562431.034090308,1136301.7374846498,5159763.452827374,3561372.212931366,3448.922303693986,2.939683129093078
50700.0,1136285.9387296592,5159714.628295104,3561360.9890372236,-2252.871498964814,7,True,313.8818426589881,0.0,1137297.0742241873,5162888.119683671,3562431.034090308,1136285.9387296592,5159714.628295104,3561360.9890372236,3501.2087747097785,2.939683129093078
50730.0,1136267.4165643833,5159665.106429752,3561351.2231126837,-2287.5583059788623,7,True,320.18308405365264,0.0,1137297.0742241873,5162888.119683671,3562431.034090308,1136267.4165643833,5159665.106429752,3561351.2231126837,3554.480685896993,2.939683129093078
50760.0,1136257.0461239864,5159620.73936057,3561330.544352583,-2316.4325672747273,7,True,324.74409546277354,0.0,1137297.0742241873,5162888.119683671,3562431.034090308,1136257.0461239864,5159620.73936057,3561330.544352583,3604.0423354967465,2.939683129093078
50790.0,1136237.6048125136,5159572.501821403,3561330.8841002807,-2353.860881573722,7,True,331.02178306026116,0.0,1137297.0742241873,5162888.119683671,3562431.034090308,1136237.6048125136,5159572.501821403,3561330.8841002807,3653.3579853873903,2.939683129093078
50820.0,1136216.7444589287,5159518.881785091,3561314.9977123253,-2392.14606343839,7,True,334.7242480814457,0.0,1137297.0742241873,5162888.119683671,3562431.034090308,1136216.7444589287,5159518.881785091,3561314.9977123253,3712.9040241705184,2.939683129093078
50850.0,1136202.264657541,5159466.770441008,3561304.30419364,-2428.779674506105,7,True,339.9019674126591,0.0,1137297.0742241873,5162888.119683671,3562431.034090308,1136202.264657541,5159466.770441008,3561304.30419364,3767.666608016941,2.939683129093078
50880.0,1136186.3558311653,5159417.941226452,3561297.321931689,-2463.3618318328886,7,True,345.10873794768537,0.0,1137297.0742241873,5162888.119683671,3562431.034090308,1136186.3558311653,5159417.941226452,3561297.321931689,3818.767068821791,2.939683129093078
50910.0,1136159.1820489687,5159347.585707135,3561283.422321056,-2516.5964071820235,7,True,350.83300933135405,0.0,1137297.0742241873,5162888.119683671,3562431.034090308,1136159.1820489687,5159347.585707135,3561283.422321056,3894.8012948332594,2.939683129093078
50940.0,1136150.0371996597,5159314.787096055,3561274.062089307,-2536.0007532303916,7,True,356.06864779229676,0.0,1137297.0742241873,5162888.119683671,3562431.034090308,1136150.0371996597,5159314.787096055,3561274.062089307,3930.0723684981654,2.939683129093078
50970.0,1136126.8070284955,5159255.713015619,3561263.5214467873,-2582.3003877129254,7,True,361.1042389901621,0.0,1137297.0742241873,5162888.119683671,3562431.034090308,1136126.8070284955,5159255.713015619,3561263.5214467873,3993.7254430244657,2.939683129093078
51000.0,1136115.5610587683,5159221.228303769,3561258.378894385,-2602.373307571709,7,True,365.9648147874645,0.0,1137297.0742241873,5162888.119683671,3562431.034090308,1136115.5610587683,5159221.228303769,3561258.378894385,4029.9188861368007,2.939683129093078
51030.0,1136093.9212859476,5159155.570544735,3561240.063086336,-2652.758296466403,7,True,369.8118477708527,0.0,1137297.0742241873,5162888.119683671,3562431.034090308,1136093.9212859476,5159155.570544735,3561240.063086336,4101.387770026863,2.939683129093078
51060.0,1136075.5370576405,5159104.853564499,3561231.652301888,-2689.139322864087,7,True,375.0550975576043,0.0,1137297.0742241873,5162888.119683671,3562431.034090308,1136075.5370576405,5159104.853564499,3561231.652301888,4155.424495415776,2.939683129093078
51090.0,1136060.6586584533,5159064.874263936,3561231.2355867475,-2719.823368397021,7,True,379.47942189127207,0.0,1137297.0742241873,5162888.119683671,3562431.034090308,1136060.6586584533,5159064.874263936,3561231.2355867475,4196.362825549916,2.939683129093078
51120.0,1136042.855113814,5159010.737387894,3561213.0830012383,-2758.698107189923,7,True,386.78751495267664,0.0,1137297.0742241873,5162888.119683671,3562431.034090308,1136042.855113814,5159010.737387894,3561213.0830012383,4256.162862658285,2.939683129093078
51150.0,1136020.7222498474,5158955.065176432,3561215.116834735,-2800.0267865740725,7,True,391.58793182883943,0.0,1137297.0742241873,5162888.119683671,3562431.034090308,1136020.7222498474,5158955.065176432,3561215.116834735,4312.9029756005675,2.939683129093078
51180.0,1136004.9435931232,5158902.684807343,3561195.0949279875,-2835.0255924343305,7,True,396.5229766475303,0.0,1137297.0742241873,5162888.119683671,3562431.034090308,1136004.9435931232,5158902.684807343,3561195.0949279875,4371.024529113939,2.939683129093078
51210.0,1135994.6557125428,5158866.610000816,3561184.35235781,-2859.1427767190576,7,True,400.84285923519303,0.0,1137297.0742241873,5162888.119683671,3562431.034090308,1135994.6557125428,5158866.610000816,3561184.35235781,4410.021313332572,2.939683129093078
51240.0,1135970.3601734885,5158810.181259833,3561177.1333539467,-2901.4039694845374,7,True,406.0384173957365,0.0,1137297.0742241873,5162888.119683671,3562431.034090308,1135970.3601734885,5158810.181259833,3561177.1333539467,4470.750592389401,2.939683129093078
51270.0,1135950.4903569063,5158757.484943003,3561173.528497947,-2941.3729919760144,7,True,411.0240271091461,0.0,1137297.0742241873,5162888.119683671,3562431.034090308,1135950.4903569063,5158757.484943003,3561173.528497947,4525.77724433798,2.939683129093078
51300.0,1135933.122586778,5158702.931649836,3561169.9563161214,-2980.020332367591,7,True,416.93194333570347,0.0,1137297.0742241873,5162888.119683671,3562431.034090308,1135933.122586778,5158702.931649836,3561169.9563161214,4581.77972562068,2.939683129093078
51330.0,1135918.8295451917,5158661.3541865125,3561159.950530813,-3008.6571850390055,7,True,422.9715606900198,0.0,1137297.0742241873,5162888.119683671,3562431.034090308,1135918.8295451917,5158661.3541865125,3561159.950530813,4626.796066997813,2.939683129093078
51360.0,1135902.2623233874,5158611.855425035,3561150.4812377095,-3044.3854718106454,7,True,428.08398719983444,0.0,1137297.0742241873,5162888.119683671,3562431.034090308,1135902.2623233874,5158611.855425035,3561150.4812377095,4679.587259314631,2.939683129093078
51390.0,1135878.7398735615,5158553.715618759,3561143.265527463,-3086.0855306376807,7,True,433.4226797318884,0.0,1137297.0742241873,5162888.119683671,3562431.034090308,1135878.7398735615,5158553.715618759,3561143.265527463,4741.753161755938,2.939683129093078
51420.0,1135868.411354186,5158507.416639793,3561133.445390943,-3118.6029451279196,7,True,438.3905803763441,0.0,1137297.0742241873,5162888.119683671,3562431.034090308,1135868.411354186,5158507.416639793,3561133.445390943,4789.862844541055,2.939683129093078
51450.0,1135855.467357737,5158477.545852985,3561137.5273016547,-3138.8528110009593,7,True,445.5202693023852,0.0,1137297.0742241873,5162888.119683671,3562431.034090308,1135855.467357737,5158477.545852985,3561137.5273016547,4819.972788270494,2.939683129093078
51480.0,1135837.2352910335,5158421.328013097,3561123.210995543,-3179.3182373253253,7,True,449.38019568792413,0.0,1137297.0742241873,5162888.119683671,3562431.034090308,1135837.2352910335,5158421.328013097,3561123.210995543,4880.747071571896,2.939683129093078
51510.0,1135809.9996574211,5158358.101169288,3561112.505739609,-3227.5715523249746,7,True,457.7947491002934,0.0,1137297.0742241873,5162888.119683671,3562431.034090308,1135809.9996574211,5158358.101169288,3561112.505739609,4949.677697396941,2.939683129093078
51540.0,1135793.1433985198,5158301.7619868545,3561105.626568346,-3269.707516864383,7,True,461.3995495757886,0.0,1137297.0742241873,5162888.119683671,3562431.034090308,1135793.1433985198,5158301.7619868545,3561105.626568346,5008.178725684971,2.939683129093078
51570.0,1135779.187849648,5158268.615165953,3561104.6070884634,-3289.328915594464,7,True,468.12917489984204,0.0,1137297.0742241873,5162888.119683671,3562431.034090308,1135779.187849648,5158268.615165953,3561104.6070884634,5043.0223738134255,2.939683129093078
51600.0,1135760.2515636222,5158219.9735034825,3561092.8009505575,-3327.306117808087,7,True,471.5903618239931,0.0,1137297.0742241873,5162888.119683671,3562431.034090308,1135760.2515636222,5158219.9735034825,3561092.8009505575,5096.415826769765,2.939683129093078
51630.0,1135745.2642449401,5158173.848362957,3561097.883588207,-3359.9320560275346,7,True,476.3011951797775,0.0,1137297.0742241873,5162888.119683671,3562431.034090308,1135745.2642449401,5158173.848362957,3561097.883588207,5141.90500243339,2.939683129093078
51660.0,1135723.4305710113,5158121.590620037,3561082.219593159,-3396.80775899833,7,True,482.5509425933872,0.0,1137297.0742241873,5162888.119683671,3562431.034090308,1135723.4305710113,5158121.590620037,3561082.219593159,5200.502285810727,2.939683129093078
51690.0,1135715.6693923373,5158084.497942677,3561080.0167083126,-3420.5999993238124,7,True,490.90905835266625,0.0,1137297.0742241873,5162888.119683671,3562431.034090308,1135715.6693923373,5158084.497942677,3561080.0167083126,5237.446364028233,2.939683129093078
51720.0,1135692.9926758364,5158030.0625771405,3561074.7166613676,-3461.7323099718164,7,True,494.69676876174555,0.0,1137297.0742241873,5162888.119683671,3562431.034090308,1135692.9926758364,5158030.0625771405,3561074.7166613676,5295.630502670261,2.939683129093078
51750.0,1135671.5082799753,5157963.141786848,3561059.061896495,-3511.392061548918,7,True,500.0348551443645,0.0,1137297.0742241873,5162888.119683671,3562431.034090308,1135671.5082799753,5157963.141786848,3561059.061896495,5367.578483966369,2.939683129093078
51780.0,1135653.0137200076,5157914.528759653,3561055.1462530186,-3548.2949200830135,7,True,505.82416490784715,0.0,1137297.0742241873,5162888.119683671,3562431.034090308,1135653.0137200076,5157914.528759653,3561055.1462530186,5418.821016355446,2.939683129093078
51810.0,1135636.7890621978,5157871.432632144,3561055.1616750523,-3578.3618039636585,7,True,512.7944950621043,0.0,1137297.0742241873,5162888.119683671,3562431.034090308,1135636.7890621978,5157871.432632144,3561055.1616750523,5463.331036900017,2.939683129093078
51840.0,1135619.3015393491,5157832.97558623,3561055.3138296544,-3606.5432140816715,7,True,517.1585150999682,0.0,1137297.0742241873,5162888.119683671,3562431.034090308,1135619.3015393491,5157832.97558623,3561055.3138296544,5503.953944133989,2.939683129093078
51870.0,1135595.2191951538,5157772.157444185,3561051.426400472,-3652.906687815727,7,True,523.2297865684543,0.0,1137297.0742241873,5162888.119683671,3562431.034090308,1135595.2191951538,5157772.157444185,3561051.426400472,5568.174291971942,2.939683129093078
51900.0,1135586.1933356966,5157729.044696319,3561040.788997931,-3680.180941327515,7,True,528.4104926703232,0.0,1137297.0742241873,5162888.119683671,3562431.034090308,1135586.1933356966,5157729.044696319,3561040.788997931,5613.2047915080875,2.939683129093078
51930.0,1135567.4051791567,5157688.721702715,3561038.9370450564,-3710.1108416052334,7,True,533.1985050333398,0.0,1137297.0742241873,5162888.119683671,3562431.034090308,1135567.4051791567,5157688.721702715,3561038.9370450564,5656.482808846743,2.939683129093078
51960.0,1135546.573571888,5157634.4846499935,3561039.2812100663,-3750.8454350966695,7,True,540.079892942948,0.0,1137297.0742241873,5162888.119683671,3562431.034090308,1135546.573571888,5157634.4846499935,3561039.2812100663,5712.669956091056,2.939683129093078
51990.0,1135533.5291718398,5157592.086488319,3561029.7413879503,-3779.868800663706,7,True,545.1007944462555,0.0,1137297.0742241873,5162888.119683671,3562431.034090308,1135533.5291718398,5157592.086488319,3561029.7413879503,5758.005371937255,2.939683129093078
52020.0,1135509.3603264769,5157533.037640649,3561023.0831906525,-3824.0081680189446,7,True,551.5006681127207,0.0,1137297.0742241873,5162888.119683671,3562431.034090308,1135509.3603264769,5157533.037640649,3561023.0831906525,5821.379620990901,2.939683129093078
52050.0,1135488.77176108,5157483.504024496,3561022.7467087856,-3862.6951890150663,7,True,557.6751420604331,0.0,1137297.0742241873,5162888.119683671,3562431.034090308,1135488.77176108,5157483.504024496,3561022.7467087856,5873.389913624863,2.939683129093078
52080.0,1135476.3460965927,5157440.468642853,3561022.3828466106,-3891.6289225487008,7,True,561.0090061223933,0.0,1137297.0742241873,5162888.119683671,3562431.034090308,1135476.3460965927,5157440.468642853,3561022.3828466106,5916.933404485953,2.939683129093078
52110.0,1135453.611833217,5157386.901188483,3561017.8497847966,-3932.7476193042435,7,True,567.7988506960018,0.0,1137297.0742241873,5162888.119683671,3562431.034090308,1135453.611833217,5157386.901188483,3561017.8497847966,5974.3642741079675,2.939683129093078
52140.0,1135436.1390218472,5157335.53390252,3561010.6584650706,-3968.3357402950332,7,True,572.6981169230172,0.0,1137297.0742241873,5162888.119683671,3562431.034090308,1135436.1390218472,5157335.53390252,3561010.6584650706,6028.784683658856,2.939683129093078
52170.0,1135426.0294696833,5157309.415169981,3561014.364377571,-3986.337446317889,7,True,578.7470643307481,0.0,1137297.0742241873,5162888.119683671,3562431.034090308,1135426.0294696833,5157309.415169981,3561014.364377571,6055.108779438324,2.939683129093078
52200.0,1135406.4596453607,5157252.547274897,3561004.0891244775,-4028.1373877865644,7,True,584.4755747818521,0.0,1137297.0742241873,5162888.119683671,3562431.034090308,1135406.4596453607,5157252.547274897,3561004.0891244775,6115.983609760145,2.939683129093078
52230.0,1135391.4777094636,5157214.54126155,3561010.371118542,-4055.2953290781297,7,True,589.4817650775824,0.0,1137297.0742241873,5162888.119683671,3562431.034090308,1135391.4777094636,5157214.54126155,3561010.371118542,6154.207595218897,2.939683129093078
52260.0,1135370.399827737,5157149.1763441805,3560999.294951211,-4103.531932970896,7,True,595.6076791776078,0.0,1137297.0742241873,5162888.119683671,3562431.034090308,1135370.399827737,5157149.1763441805,3560999.294951211,6223.5852094601405,2.939683129093078
52290.0,1135354.4914201766,5157119.587300487,3561005.4270098046,-4124.7757711954,7,True,602.2173729890159,0.0,1137297.0742241873,5162888.119683671,3562431.034090308,1135354.4914201766,5157119.587300487,3561005.4270098046,6254.4158141629605,2.939683129093078
52320.0,1135334.4806860073,5157063.543843435,3560998.154958863,-4167.200160179182,7,True,608.0951167877231,0.0,1137297.0742241873,5162888.119683671,3562431.034090308,1135334.4806860073,5157063.543843435,3560998.154958863,6314.008751685396,2.939683129093078
52350.0,1135316.5195980668,5157014.513105815,3560994.6450822377,-4201.59799770788,7,True,610.9570687817676,0.0,1137297.0742241873,5162888.119683671,3562431.034090308,1135316.5195980668,5157014.513105815,3560994.6450822377,6365.647164381548,2.939683129093078
52380.0,1135297.1949242197,5156965.461263154,3561001.6589523405,-4240.3696509199435,7,True,619.1105127430388,0.0,1137297.0742241873,5162888.119683671,3562431.034090308,1135297.1949242197,5156965.461263154,3561001.6589523405,6415.387041080261,2.939683129093078
52410.0,1135286.4282406808,5156929.564872827,3560991.7511476446,-4261.527645192291,7,True,624.9912971556187,0.0,1137297.0742241873,5162888.119683671,3562431.034090308,1135286.4282406808,5156929.564872827,3560991.7511476446,6454.10770050423,2.939683129093078
52440.0,1135259.599534056,5156874.289534895,3560998.342497811,-4306.518740496319,7,True,629.8108183081661,0.0,1137297.0742241873,5162888.119683671,3562431.034090308,1135259.599534056,5156874.289534895,3560998.342497811,6512.087991057,2.939683129093078
52470.0,1135243.0422316454,5156824.411766423,3560997.228766066,-4342.050498880074,7,True,635.6875020478453,0.0,1137297.0742241873,5162888.119683671,3562431.034090308,1135243.0422316454,5156824.411766423,3560997.228766066,6563.605402236682,2.939683129093078
52500.0,1135223.9745525492,5156776.7485756,3560991.529801885,-4377.954959435264,7,True,640.703608402184,0.0,1137297.0742241873,5162888.119683671,3562431.034090308,1135223.9745525492,5156776.7485756,3560991.529801885,6614.875822051449,2.939683129093078
52530.0,1135204.6711999066,5156719.050310417,3560984.1049939147,-4419.637289591068,7,True,646.4750225788781,0.0,1137297.0742241873,5162888.119683671,3562431.034090308,1135204.6711999066,5156719.050310417,3560984.1049939147,6675.8764735556015,2.939683129093078
52560.0,1135189.0765111614,5156679.98256134,3560989.4690452437,-4448.190768826602,7,True,651.3564936859267,0.0,1137297.0742241873,5162888.119683671,3562431.034090308,1135189.0765111614,5156679.98256134,3560989.4690452437,6715.735897341725,2.939683129093078
52590.0,1135173.8348038597,5156642.269934445,3560993.236084201,-4475.033331498512,7,True,659.2060507099543,0.0,1137297.0742241873,5162888.119683671,3562431.034090308,1135173.8348038597,5156642.269934445,3560993.236084201,6754.601662276515,2.939683129093078
52620.0,1135158.8713759459,5156595.939070578,3560993.7297356916,-4508.32363946285,7,True,662.5019140520266,0.0,1137297.0742241873,5162888.119683671,3562431.034090308,1135158.8713759459,5156595.939070578,3560993.7297356916,6802.069671263175,2.939683129093078
52650.0,1135140.819370267,5156548.031624613,3560987.978369214,-4543.634527208231,7,True,670.5523286962083,0.0,1137297.0742241873,5162888.119683671,3562431.034090308,1135140.819370267,5156548.031624613,3560987.978369214,6853.2994123340095,2.939683129093078
52680.0,1135117.5225422822,5156494.399079912,3560991.0674659098,-4585.310586889568,7,True,675.0061376254473,0.0,1137297.0742241873,5162888.119683671,3562431.034090308,1135117.5225422822,5156494.399079912,3560991.0674659098,6909.636935582267,2.939683129093078
52710.0,1135107.9710290732,5156469.280404244,3561005.2009788384,-4603.9294209799245,7,True,680.1371116095355,0.0,1137297.0742241873,5162888.119683671,3562431.034090308,1135107.9710290732,5156469.280404244,3561005.2009788384,6932.983704676331,2.939683129093078
52740.0,1135089.6348899659,5156417.040467559,3560988.760351745,-4638.996937123184,7,True,686.3438368152295,0.0,1137297.0742241873,5162888.119683671,3562431.034090308,1135089.6348899659,5156417.040467559,3560988.760351745,6990.545973853403,2.939683129093078
52770.0,1135074.7030596707,5156373.090524425,3560993.0220693178,-4672.374484692013,7,True,691.8236478705492,0.0,1137297.0742241873,5162888.119683671,3562431.034090308,1135074.7030596707,5156373.090524425,3560993.0220693178,7035.096850291648,2.939683129093078
52800.0,1135049.842583135,5156323.091422252,3560994.6235494236,-4710.7807036209415,7,True,698.3849594752703,0.0,1137297.0742241873,5162888.119683671,3562431.034090308,1135049.842583135,5156323.091422252,3560994.6235494236,7088.963285749889,2.939683129093078
52830.0,1135030.1116810485,5156268.290343268,3560985.5199059467,-4750.4778252712595,7,True,702.9758934964027,0.0,1137297.0742241873,5162888.119683671,3562431.034090308,1135030.1116810485,5156268.290343268,3560985.5199059467,7147.837822653683,2.939683129093078
52860.0,1135015.850328699,5156230.413117563,3560992.8314368282,-4777.507044463627,7,True,708.7461936676076,0.0,1137297.0742241873,5162888.119683671,3562431.034090308,1135015.850328699,5156230.413117563,3560992.8314368282,7185.9926266095645,2.939683129093078
52890.0,1134998.696210417,5156189.115414751,3561001.335725872,-4809.237566584451,7,True,715.9719544212733,0.0,1137297.0742241873,5162888.119683671,3562431.034090308,1134998.696210417,5156189.115414751,3561001.335725872,7228.035217742569,2.939683129093078
52920.0,1134977.6342235596,5156134.245760454,3560998.06075436,-4849.825528496955,7,True,722.6545042299798,0.0,1137297.0742241873,5162888.119683671,3562431.034090308,1134977.6342235596,5156134.245760454,3560998.06075436,7286.261921165666,2.939683129093078
52950.0,1134963.5625408427,5156090.127878777,3560995.1827028585,-4880.660480577448,7,True,728.4558471334832,0.0,1137297.0742241873,5162888.119683671,3562431.034090308,1134963.5625408427,5156090.127878777,3560995.1827028585,7332.222083477462,2.939683129093078
52980.0,1134939.557272557,5156038.866247919,3560993.76760816,-4920.014812649475,7,True,735.5827948312674,0.0,1137297.0742241873,5162888.119683671,3562431.034090308,1134939.557272557,5156038.866247919,3560993.76760816,7387.696074780531,2.939683129093078
53010.0,1134925.722265935,5155996.096746407,3560998.071391643,-4949.888790138769,7,True,740.3789770528674,0.0,1137297.0742241873,5162888.119683671,3562431.034090308,1134925.722265935,5155996.096746407,3560998.071391643,7430.95342050381,2.939683129093078
53040.0,1134906.9616000322,5155950.852226402,3561004.636322513,-4984.445821896517,7,True,748.9227239393762,0.0,1137297.0742241873,5162888.119683671,3562431.034090308,1134906.9616000322,5155950.852226402,3561004.636322513,7477.672373510851,2.939683129093078
53070.0,1134887.7364187425,5155910.4788947785,3561003.1904556076,-5015.690556688629,7,True,753.6054231598973,0.0,1137297.0742241873,5162888.119683671,3562431.034090308,1134887.7364187425,5155910.4788947785,3561003.1904556076,7521.570582283954,2.939683129093078
53100.0,1134872.0111880356,5155856.439820052,3561007.6710414,-5054.773191419206,7,True,762.9491499013135,0.0,1137297.0742241873,5162888.119683671,3562431.034090308,1134872.0111880356,5155856.439820052,3561007.6710414,7575.923542005383,2.939683129093078
53130.0,1134851.6345416508,5155811.814383865,3561015.3242602586,-5088.7555497692165,7,True,768.637466216726,0.0,1137297.0742241873,5162888.119683671,3562431.034090308,1134851.6345416508,5155811.814383865,3561015.3242602586,7622.464684074381,2.939683129093078
53160.0,1134836.523963815,5155772.658892111,3561018.7669487055,-5117.307145579089,7,True,775.6790111905763,0.0,1137297.0742241873,5162888.119683671,3562431.034090308,1134836.523963815,5155772.658892111,3561018.7669487055,7663.046053649515,2.939683129093078
53190.0,1134815.4364385337,5155723.277518155,3561012.360156177,-5152.227662252168,7,True,782.7085343386445,0.0,1137297.0742241873,5162888.119683671,3562431.034090308,1134815.4364385337,5155723.277518155,3561012.360156177,7716.87244949932,2.939683129093078
53220.0,1134803.9906491998,5155691.026838324,3561023.7616719445,-5178.516010703574,7,True,789.132804234113,0.0,1137297.0742241873,5162888.119683671,3562431.034090308,1134803.9906491998,5155691.026838324,3561023.7616719445,7748.431392953732,2.939683129093078
53250.0,1134778.480006013,5155636.235184902,3561024.899620839,-5218.782609693019,7,True,795.5313481624637,0.0,1137297.0742241873,5162888.119683671,3562431.034090308,1134778.480006013,5155636.235184902,3561024.899620839,7807.3591007080595,2.939683129093078
53280.0,1134769.2351518888,5155594.922951354,3561019.306760793,-5247.333097018355,7,True,802.8457409814,0.0,1137297.0742241873,5162888.119683671,3562431.034090308,1134769.2351518888,5155594.922951354,3561019.306760793,7849.7384334747585,2.939683129093078
53310.0,1134749.802720082,5155555.967474138,3561026.859037469,-5276.316124179041,7,True,809.9311145139592,0.0,1137297.0742241873,5162888.119683671,3562431.034090308,1134749.802720082,5155555.967474138,3561026.859037469,7890.862782718512,2.939683129093078
53340.0,1134731.0776648303,5155506.744934047,3561039.388872715,-5314.899150475828,7,True,814.6901585896101,0.0,1137297.0742241873,5162888.119683671,3562431.034090308,1134731.0776648303,5155506.744934047,3561039.388872715,7940.461881858665,2.939683129093078
53370.0,1134714.6771730115,5155462.230175761,3561033.226700385,-5345.9784881752485,7,True,822.7084329362426,0.0,1137297.0742241873,5162888.119683671,3562431.034090308,1134714.6771730115,5155462.230175761,3561033.226700385,7988.23969247405,2.939683129093078
53400.0,1134696.2868034574,5155419.701460659,3561040.600406329,-5378.982664025181,7,True,830.1346772792084,0.0,1137297.0742241873,5162888.119683671,3562431.034090308,1134696.2868034574,5155419.701460659,3561040.600406329,8032.4600042569855,2.939683129093078
53430.0,1134678.5722314196,5155376.315297522,3561041.105526817,-5410.658162405206,7,True,835.8089855600681,0.0,1137297.0742241873,5162888.119683671,3562431.034090308,1134678.5722314196,5155376.315297522,3561041.105526817,8078.46886015172,2.939683129093078
53460.0,1134667.2957267615,5155340.095101102,3561046.1404556446,-5434.632534237915,7,True,843.315212787262,0.0,1137297.0742241873,5162888.119683671,3562431.034090308,1134667.2957267615,5155340.095101102,3561046.1404556446,8114.957614423176,2.939683129093078
53490.0,1134650.7531985438,5155302.820041374,3561053.629126376,-5463.770735388789,7,True,850.1977883864727,0.0,1137297.0742241873,5162888.119683671,3562431.034090308,1134650.7531985438,5155302.820041374,3561053.629126376,8153.737769109252,2.939683129093078
53520.0,1134624.378048937,5155242.966740744,3561057.9279379672,-5511.21606194898,7,True,856.8758460442934,0.0,1137297.0742241873,5162888.119683671,3562431.034090308,1134624.378048937,5155242.966740744,3561057.9279379672,8217.28991346559,2.939683129093078
53550.0,1134604.663471815,5155191.398212424,3561061.6821791464,-5551.059043143713,7,True,864.2217745387128,0.0,1137297.0742241873,5162888.119683671,3562431.034090308,1134604.663471815,5155191.398212424,3561061.6821791464,8271.081150266222,2.939683129093078
53580.0,1134583.8939280948,5155151.349145587,3561064.403225735,-5581.303158391985,7,True,872.83451628685,0.0,1137297.0742241873,5162888.119683671,3562431.034090308,1134583.8939280948,5155151.349145587,3561064.403225735,8314.683056801587,2.939683129093078
53610.0,1134576.6272186686,5155121.865201286,3561074.747618989,-5600.052115925446,7,True,878.4510696296181,0.0,1137297.0742241873,5162888.119683671,3562431.034090308,1134576.6272186686,5155121.865201286,3561074.747618989,8342.811617708525,2.939683129093078
53640.0,1134559.1812159065,5155077.767027235,3561083.0271138507,-5632.620073409461,7,True,885.4565454827888,0.0,1137297.0742241873,5162888.119683671,3562431.034090308,1134559.1812159065,5155077.767027235,3561083.0271138507,8388.235111914475,2.939683129093078
53670.0,1134533.5149007994,5155022.751810685,3561078.8372762543,-5674.955377063153,7,True,891.9454658584935,0.0,1137297.0742241873,5162888.119683671,3562431.034090308,1134533.5149007994,5155022.751810685,3561078.8372762543,8448.535497360275,2.939683129093078
53700.0,1134519.0991046343,5154985.226767244,3561092.4045777344,-5705.740575384519,7,True,899.0987440943718,0.0,1137297.0742241873,5162888.119683671,3562431.034090308,1134519.0991046343,5154985.226767244,3561092.4045777344,8486.049259287274,2.939683129093078
53730.0,1134499.9264659141,5154937.010629622,3561096.2787648924,-5739.193764721171,7,True,906.0306577831507,0.0,1137297.0742241873,5162888.119683671,3562431.034090308,1134499.9264659141,5154937.010629622,3561096.2787648924,8536.642351078268,2.939683129093078
53760.0,1134482.8565176746,5154892.4300403,3561096.3314014086,-5772.372115347188,7,True,912.4188366319452,0.0,1137297.0742241873,5162888.119683671,3562431.034090308,1134482.8565176746,5154892.4300403,3561096.3314014086,8583.768874595928,2.939683129093078
53790.0,1134469.9485945096,5154863.526802046,3561104.453377496,-5793.197830345534,7,True,919.3422610876815,0.0,1137297.0742241873,5162888.119683671,3562431.034090308,1134469.9485945096,5154863.526802046,3561104.453377496,8613.680423511361,2.939683129093078
53820.0,1134451.498901584,5154819.886308821,3561113.8145404793,-5826.815014405845,7,True,925.8022938285555,0.0,1137297.0742241873,5162888.119683671,3562431.034090308,1134451.498901584,5154819.886308821,3561113.8145404793,8658.980617251302,2.939683129093078
53850.0,1134434.1336835083,5154772.069909035,3561119.3015229525,-5863.232046874868,7,True,932.6198803750532,0.0,1137297.0742241873,5162888.119683671,3562431.034090308,1134434.1336835083,5154772.069909035,3561119.3015229525,8708.432305542541,2.939683129093078
53880.0,1134424.5811184254,5154755.499133947,3561133.425917918,-5873.498267005488,7,True,940.8590102823717,0.0,1137297.0742241873,5162888.119683671,3562431.034090308,1134424.5811184254,5154755.499133947,3561133.425917918,8724.910359722882,2.939683129093078
53910.0,1134405.1787443024,5154708.800540055,3561136.691942614,-5910.456351008149,7,True,948.5972900869591,0.0,1137297.0742241873,5162888.119683671,3562431.034090308,1134405.1787443024,5154708.800540055,3561136.691942614,8774.36360362331,2.939683129093078
53940.0,1134385.0514114962,5154653.6487572,3561142.9451887677,-5952.254917369582,7,True,955.887782123472,0.0,1137297.0742241873,5162888.119683671,3562431.034090308,1134385.0514114962,5154653.6487572,3561142.9451887677,8831.51663592642,2.939683129093078
53970.0,1134354.5568787223,5154586.562072416,3561149.168368245,-6007.05029080902,7,True,964.0789369546941,0.0,1137297.0742241873,5162888.119683671,3562431.034090308,1134354.5568787223,5154586.562072416,3561149.168368245,8903.25613765554,2.939683129093078
54000.0,1134344.3633900455,5154562.493742173,3561152.2952986388,-6022.36815295993,7,True,970.6474456755178,0.0,1137297.0742241873,5162888.119683671,3562431.034090308,1134344.3633900455,5154562.493742173,3561152.2952986388,8928.627195046916,2.939683129093078
54030.0,1134331.54012266,5154526.474092292,3561156.5020070537,-6048.216347659535,7,True,977.9779080929501,0.0,1137297.0742241873,5162888.119683671,3562431.034090308,1134331.54012266,5154526.474092292,3561156.5020070537,8965.868919412564,2.939683129093078
54060.0,1134313.1755352938,5154475.676827561,3561160.4546126807,-6085.184010252028,7,True,985.6661634540984,0.0,1137297.0742241873,5162888.119683671,3562431.034090308,1134313.1755352938,5154475.676827561,3561160.4546126807,9018.778818117034,2.939683129093078
54090.0,1134298.3343911732,5154440.201966045,3561168.0919879936,-6111.518208119428,7,True,993.242517608617,0.0,1137297.0742241873,5162888.119683671,3562431.034090308,1134298.3343911732,5154440.201966045,3561168.0919879936,9055.723554909828,2.939683129093078
54120.0,1134278.2480383045,5154398.323446661,3561178.959924053,-6144.868219228061,7,True,1000.7260735003011,0.0,1137297.0742241873,5162888.119683671,3562431.034090308,1134278.2480383045,5154398.323446661,3561178.959924053,9099.9578343471,2.939683129093078
54150.0,1134262.5893983871,5154362.393655244,3561192.235528412,-6173.392600402061,7,True,1008.5788458777325,0.0,1137297.0742241873,5162888.119683671,3562431.034090308,1134262.5893983871,5154362.393655244,3561192.235528412,9136.87632790957,2.939683129093078
54180.0,1134240.590890747,5154313.182277026,3561204.8411786985,-6212.617281226034,7,True,1016.3770145773888,0.0,1137297.0742241873,5162888.119683671,3562431.034090308,1134240.590890747,5154313.182277026,3561204.8411786985,9188.430349069766,2.939683129093078
54210.0,1134227.824154216,5154274.432842828,3561208.4960007733,-6239.078054131084,7,True,1022.5530848864998,0.0,1137297.0742241873,5162888.119683671,3562431.034090308,1134227.824154216,5154274.432842828,3561208.4960007733,9228.367860522088,2.939683129093078
54240.0,1134210.8823456245,5154240.992188301,3561216.380377192,-6265.101857613305,7,True,1030.156317868403,0.0,1137297.0742241873,5162888.119683671,3562431.034090308,1134210.8823456245,5154240.992188301,3561216.380377192,9264.191812896397,2.939683129093078
54270.0,1134201.2651035406,5154200.677771941,3561216.498300958,-6291.708902136324,7,True,1039.3499542336378,0.0,1137297.0742241873,5162888.119683671,3562431.034090308,1134201.2651035406,5154200.677771941,3561216.498300958,9305.02394147828,2.939683129093078
54300.0,1134175.5958075146,5154156.21110309,3561232.396339508,-6330.049445882301,7,True,1046.5845761990972,0.0,1137297.0742241873,5162888.119683671,3562431.034090308,1134175.5958075146,5154156.21110309,3561232.396339508,9353.049696618646,2.939683129093078
54330.0,1134159.5277936037,5154113.11836489,3561235.417624854,-6359.601957992053,7,True,1054.516612094428,0.0,1137297.0742241873,5162888.119683671,3562431.034090308,1134159.5277936037,5154113.11836489,3561235.417624854,9398.273400072121,2.939683129093078
54360.0,1134149.0106838497,5154086.874727109,3561258.979754443,-6380.880870987246,7,True,1061.8998355737754,0.0,1137297.0742241873,5162888.119683671,3562431.034090308,1134149.0106838497,5154086.874727109,3561258.979754443,9423.33488854929,2.939683129093078
54390.0,1134123.7841548545,5154037.79786968,3561266.124294054,-6421.177039141756,7,True,1069.551709842469,0.0,1137297.0742241873,5162888.119683671,3562431.034090308,1134123.7841548545,5154037.79786968,3561266.124294054,9476.739333573169,2.939683129093078
54420.0,1134109.3814165965,5154001.204073593,3561270.388048632,-6446.5769283663085,7,True,1077.2801932170987,0.0,1137297.0742241873,5162888.119683671,3562431.034090308,1134109.3814165965,5154001.204073593,3561270.388048632,9515.228338685944,2.939683129093078
54450.0,1134097.6621749091,5153965.901334402,3561278.622674041,-6472.841580084359,7,True,1083.8697850246515,0.0,1137297.0742241873,5162888.119683671,3562431.034090308,1134097.6621749091,5153965.901334402,3561278.622674041,9551.139951749097,2.939683129093078
54480.0,1134078.403899195,5153921.343729239,3561292.1079952093,-6507.731427018523,7,True,1091.8801549013172,0.0,1137297.0742241873,5162888.119683671,3562431.034090308,1134078.403899195,5153921.343729239,3561292.1079952093,9597.620107691835,2.939683129093078
54510.0,1134059.48037296,5153872.744395267,3561292.963675151,-6543.891326955255,7,True,1099.2237677233559,0.0,1137297.0742241873,5162888.119683671,3562431.034090308,1134059.48037296,5153872.744395267,3561292.963675151,9649.287276577794,2.939683129093078
54540.0,1134041.1203116647,5153831.323438191,3561303.311238419,-6575.759161410849,7,True,1108.0683447016138,0.0,1137297.0742241873,5162888.119683671,3562431.034090308,1134041.1203116647,5153831.323438191,3561303.311238419,9692.952127394046,2.939683129093078
54570.0,1134030.5684133333,5153804.542525114,3561319.597671601,-6596.08571786212,7,True,1114.8214675251927,0.0,1137297.0742241873,5162888.119683671,3562431.034090308,1134030.5684133333,5153804.542525114,3561319.597671601,9719.651362700777,2.939683129093078
54600.0,1134010.4663622559,5153756.923360837,3561319.647830749,-6633.274685398764,7,True,1124.072958152209,0.0,1137297.0742241873,5162888.119683671,3562431.034090308,1134010.4663622559,5153756.923360837,3561319.647830749,9770.921164603513,2.939683129093078
54630.0,1133990.883321963,5153719.909977781,3561341.986060833,-6663.561096713054,7,True,1130.7338239965695,0.0,1137297.0742241873,5162888.119683671,3562431.034090308,1133990.883321963,5153719.909977781,3561341.986060833,9809.606033539572,2.939683129093078
54660.0,1133972.7401808284,5153673.465979181,3561350.9911239417,-6698.9492399432065,7,True,1138.4878737841334,0.0,1137297.0742241873,5162888.119683671,3562431.034090308,1133972.7401808284,5153673.465979181,3561350.9911239417,9858.152389532186,2.939683129093078
54690.0,1133958.5791079984,5153637.895589552,3561360.036660945,-6725.455072398552,7,True,1145.8615133176957,0.0,1137297.0742241873,5162888.119683671,3562431.034090308,1133958.5791079984,5153637.895589552,3561360.036660945,9895.203984336073,2.939683129093078
54720.0,1133932.1725013694,5153592.317331081,3561369.0419496717,-6762.990543727916,7,True,1153.9748133644462,0.0,1137297.0742241873,5162888.119683671,3562431.034090308,1133932.1725013694,5153592.317331081,3561369.0419496717,9945.77508218538,2.939683129093078
54750.0,1133925.027510524,5153562.6608926365,3561384.952708154,-6781.689045675836,7,True,1162.357796506158,0.0,1137297.0742241873,5162888.119683671,3562431.034090308,1133925.027510524,5153562.6608926365,3561384.952708154,9974.237339971916,2.939683129093078
54780.0,1133907.041289195,5153524.054394399,3561393.6804828406,-6813.755983179108,7,True,1169.6227222478815,0.0,1137297.0742241873,5162888.119683671,3562431.034090308,1133907.041289195,5153524.054394399,3561393.6804828406,10015.51842647076,2.939683129093078
54810.0,1133884.2316028825,5153479.015074894,3561403.53388998,-6849.0114862659275,7,True,1177.6902106053062,0.0,1137297.0742241873,5162888.119683671,3562431.034090308,1133884.2316028825,5153479.015074894,3561403.53388998,10064.35441700675,2.939683129093078
54840.0,1133871.1986910913,5153443.407819616,3561421.483220516,-6876.288824851609,7,True,1186.5714105197362,0.0,1137297.0742241873,5162888.119683671,3562431.034090308,1133871.1986910913,5153443.407819616,3561421.483220516,10100.262524819896,2.939683129093078
54870.0,1133859.369626081,5153414.936041205,3561426.859969685,-6898.0875711282715,7,True,1194.3491333286677,0.0,1137297.0742241873,5162888.119683671,3562431.034090308,1133859.369626081,5153414.936041205,3561426.859969685,10130.372771413338,2.939683129093078
54900.0,1133852.2267602119,5153388.6669720365,3561435.097943297,-6914.8188904735525,7,True,1200.330370969006,0.0,1137297.0742241873,5162888.119683671,3562431.034090308,1133852.2267602119,5153388.6669720365,3561435.097943297,10156.557572561902,2.939683129093078
54930.0,1133825.7521366286,5153329.95749028,3561445.638598814,-6963.139682944787,7,True,1208.8767514899373,0.0,1137297.0742241873,5162888.119683671,3562431.034090308,1133825.7521366286,5153329.95749028,3561445.638598814,10219.446249259565,2.939683129093078
54960.0,1133813.151095536,5153305.621832125,3561461.8917295225,-6980.392484767978,7,True,1216.5698692809258,0.0,1137297.0742241873,5162888.119683671,3562431.034090308,1133813.151095536,5153305.621832125,3561461.8917295225,10244.944220959764,2.939683129093078
54990.0,1133792.6431602426,5153256.928041365,3561465.1717979047,-7017.940099049845,7,True,1225.8117203148347,0.0,1137297.0742241873,5162888.119683671,3562431.034090308,1133792.6431602426,5153256.928041365,3561465.1717979047,10297.170763601796,2.939683129093078
55020.0,1133771.0878081203,5153218.03769783,3561487.017069587,-7052.295410342605,7,True,1233.166988053492,0.0,1137297.0742241873,5162888.119683671,3562431.034090308,1133771.0878081203,5153218.03769783,3561487.017069587,10338.8775881138,2.939683129093078
55050.0,1133763.2813634835,5153185.858120102,3561493.4945132253,-7073.717859055037,7,True,1242.1543473377824,0.0,1137297.0742241873,5162888.119683671,3562431.034090308,1133763.2813634835,5153185.858120102,3561493.4945132253,10371.059369360888,2.939683129093078
55080.0,1133743.4532185502,5153146.830723543,3561510.5687412014,-7104.93657145597,7,True,1249.1496078936118,0.0,1137297.0742241873,5162888.119683671,3562431.034090308,1133743.4532185502,5153146.830723543,3561510.5687412014,10412.815353499778,2.939683129093078
55110.0,1133726.410388997,5153108.001027694,3561517.8863917803,-7134.619474251426,7,True,1256.9332455396652,0.0,1137297.0742241873,5162888.119683671,3562431.034090308,1133726.410388997,5153108.001027694,3561517.8863917803,10454.327152171212,2.939683129093078
55140.0,1133713.8391664037,5153078.858207604,3561532.404756868,-7158.804276696264,7,True,1264.7755663788744,0.0,1137297.0742241873,5162888.119683671,3562431.034090308,1133713.8391664037,5153078.858207604,3561532.404756868,10484.637573700693,2.939683129093078
55170.0,1133695.1060025366,5153036.179743644,3561545.5798297226,-7189.936876856134,7,True,1272.5641681126185,0.0,1137297.0742241873,5162888.119683671,3562431.034090308,1133695.1060025366,5153036.179743644,3561545.5798297226,10529.865429977912,2.939683129093078
55200.0,1133684.2982558892,5153007.450011315,3561567.680062297,-7213.106838649063,7,True,1281.650669907885,0.0,1137297.0742241873,5162888.119683671,3562431.034090308,1133684.2982558892,5153007.450011315,3561567.680062297,10558.618931519544,2.939683129093078
55230.0,1133670.4285941615,5152976.63198648,3561568.6824392485,-7236.154603313708,7,True,1288.8888723775744,0.0,1137297.0742241873,5162888.119683671,3562431.034090308,1133670.4285941615,5152976.63198648,3561568.6824392485,10592.131670422736,2.939683129093078
55260.0,1133651.5357821204,5152931.128961343,3561588.282212343,-7271.3238139214845,7,True,1296.4681096130184,0.0,1137297.0742241873,5162888.119683671,3562431.034090308,1133651.5357821204,5152931.128961343,3561588.282212343,10639.621180823082,2.939683129093078
55290.0,1133636.859459654,5152895.236223721,3561592.6757243057,-7298.052778019661,7,True,1305.4532528711218,0.0,1137297.0742241873,5162888.119683671,3562431.034090308,1133636.859459654,5152895.236223721,3561592.6757243057,10677.904121702572,2.939683129093078
55320.0,1133615.0992809979,5152855.158056077,3561610.9752323194,-7334.100086414413,7,True,1314.1190821698733,0.0,1137297.0742241873,5162888.119683671,3562431.034090308,1133615.0992809979,5152855.158056077,3561610.9752323194,10721.468041186074,2.939683129093078
55350.0,1133597.7091920094,5152819.899992458,3561629.309325641,-7360.449164014551,7,True,1321.8206782500658,0.0,1137297.0742241873,5162888.119683671,3562431.034090308,1133597.7091920094,5152819.899992458,3561629.309325641,10759.062238054581,2.939683129093078
55380.0,1133575.4687538238,5152774.202044032,3561637.801574182,-7398.237537910887,7,True,1329.5080236962863,0.0,1137297.0742241873,5162888.119683671,3562431.034090308,1133575.4687538238,5152774.202044032,3561637.801574182,10808.860779506069,2.939683129093078
55410.0,1133574.5896131245,5152765.629301387,3561654.8852213514,-7402.461246989188,7,True,1338.724108144641,0.0,1137297.0742241873,5162888.119683671,3562431.034090308,1133574.5896131245,5152765.629301387,3561654.8852213514,10815.946530816667,2.939683129093078
55440.0,1133553.0583078715,5152718.21607669,3561669.862464354,-7440.696552676637,7,True,1346.346590902124,0.0,1137297.0742241873,5162888.119683671,3562431.034090308,1133553.0583078715,5152718.21607669,3561669.862464354,10866.684329788342,2.939683129093078
55470.0,1133537.3741009478,5152682.182694627,3561688.053527329,-7469.110968608952,7,True,1354.2841477362174,0.0,1137297.0742241873,5162888.119683671,3562431.034090308,1133537.3741009478,5152682.182694627,3561688.053527329,10904.565637661392,2.939683129093078
55500.0,1133525.4960800197,5152659.598435551,3561697.8225164744,-7484.706540840966,7,True,1362.1960366549235,0.0,1137297.0742241873,5162888.119683671,3562431.034090308,1133525.4960800197,5152659.598435551,3561697.8225164744,10929.14496567484,2.939683129093078
55530.0,1133508.2448715856,5152611.027755437,3561706.754281389,-7523.9336963846845,7,True,1370.1248903955732,0.0,1137297.0742241873,5162888.119683671,3562431.034090308,1133508.2448715856,5152611.027755437,3561706.754281389,10979.975212715623,2.939683129093078
55560.0,1133489.2020761406,5152573.666231879,3561725.8828456495,-7553.729492807486,7,True,1378.4635387989026,0.0,1137297.0742241873,5162888.119683671,3562431.034090308,1133489.2020761406,5152573.666231879,3561725.8828456495,11020.286132255185,2.939683129093078
55590.0,1133477.737731711,5152552.633671627,3561744.224366963,-7571.34077888716,7,True,1386.989269927144,0.0,1137297.0742241873,5162888.119683671,3562431.034090308,1133477.737731711,5152552.633671627,3561744.224366963,11042.782207821798,2.939683129093078
55620.0,1133465.0288902714,5152518.483381613,3561755.041273965,-7597.155191110045,7,True,1395.3392581652317,0.0,1137297.0742241873,5162888.119683671,3562431.034090308,1133465.0288902714,5152518.483381613,3561755.041273965,11078.483852322419,2.939683129093078
55650.0,1133450.0269315476,5152481.362295912,3561765.987218947,-7625.371318288794,7,True,1402.4347490008388,0.0,1137297.0742241873,5162888.119683671,3562431.034090308,1133450.0269315476,5152481.362295912,3561765.987218947,11117.76824118264,2.939683129093078
55680.0,1133429.860710856,5152443.694419815,3561787.7153402595,-7656.800485384048,7,True,1411.4972660488315,0.0,1137297.0742241873,5162888.119683671,3562431.034090308,1133429.860710856,5152443.694419815,3561787.7153402595,11158.742289418828,2.939683129093078
55710.0,1133412.9535171953,5152408.630902442,3561810.7936106836,-7685.99779655225,7,True,1419.5882691357817,0.0,1137297.0742241873,5162888.119683671,3562431.034090308,1133412.9535171953,5152408.630902442,3561810.7936106836,11196.12716680216,2.939683129093078
55740.0,1133399.0984620573,5152377.41901453,3561819.4265063135,-7711.720651994111,7,True,1427.7987957032663,0.0,1137297.0742241873,5162888.119683671,3562431.034090308,1133399.0984620573,5152377.41901453,3561819.4265063135,11229.682451666376,2.939683129093078
55770.0,1133388.1174742202,5152340.353005546,3561827.632057233,-7736.212797393474,7,True,1435.7137932234577,0.0,1137297.0742241873,5162888.119683671,3562431.034090308,1133388.1174742202,5152340.353005546,3561827.632057233,11267.753705390374,2.939683129093078
55800.0,1133372.1662548843,5152319.723013646,3561849.420503931,-7756.72955797829,7,True,1444.6134172624775,0.0,1137297.0742241873,5162888.119683671,3562431.034090308,1133372.1662548843,5152319.723013646,3561849.420503931,11291.463415959002,2.939683129093078
55830.0,1133355.4818057602,5152280.110843547,3561863.883931612,-7786.56807473228,7,True,1453.4782154581376,0.0,1137297.0742241873,5162888.119683671,3562431.034090308,1133355.4818057602,5152280.110843547,3561863.883931612,11333.615246551659,2.939683129093078
55860.0,1133335.2254618106,5152238.004328727,3561879.678277518,-7821.285191653603,7,True,1461.2869390941091,0.0,1137297.0742241873,5162888.119683671,3562431.034090308,1133335.2254618106,5152238.004328727,3561879.678277518,11379.305812566168,2.939683129093078
55890.0,1133326.1508003373,5152212.104893106,3561899.161482681,-7843.456237655549,7,True,1469.2670860205378,0.0,1137297.0742241873,5162888.119683671,3562431.034090308,1133326.1508003373,5152212.104893106,3561899.161482681,11405.785075681946,2.939683129093078
55920.0,1133312.684903457,5152191.209173666,3561911.707878998,-7857.999162844421,7,True,1476.027939130153,0.0,1137297.0742241873,5162888.119683671,3562431.034090308,1133312.684903457,5152191.209173666,3561911.707878998,11429.461457577043,2.939683129093078
55950.0,1133293.9170015377,5152139.852329819,3561927.2506903126,-7898.5300271958085,7,True,1485.9446337467857,0.0,1137297.0742241873,5162888.119683671,3562431.034090308,1133293.9170015377,5152139.852329819,3561927.2506903126,11483.389110572827,2.939683129093078
55980.0,1133278.1306612084,5152116.431906931,3561946.0743897078,-7918.540491008103,7,True,1494.1747442590338,0.0,1137297.0742241873,5162888.119683671,3562431.034090308,1133278.1306612084,5152116.431906931,3561946.0743897078,11510.012338694034,2.939683129093078
56010.0,1133268.8727847803,5152087.249490411,3561956.890206686,-7940.093677116717,7,True,1503.0376977398992,0.0,1137297.0742241873,5162888.119683671,3562431.034090308,1133268.8727847803,5152087.249490411,3561956.890206686,11540.112492034621,2.939683129093078
56040.0,1133253.632654619,5152051.197360919,3561976.570877085,-7969.616392230963,7,True,1511.753085963428,0.0,1137297.0742241873,5162888.119683671,3562431.034090308,1133253.632654619,5152051.197360919,3561976.570877085,11578.39382160207,2.939683129093078
56070.0,1137302.4208989434,5162897.348866209,3562427.114663504,10.458503407942347,7,True,1.8356854308928763,0.9999072265727333,1137302.2094561527,5162896.983883449,3562427.2696634955,1137302.4208989434,5162897.348866209,3562427.114663504,9.224087432133205,8.783859740445335
56100.0,1137294.9231648545,5162889.175519371,3562434.5324233156,-0.5528523158713187,7,True,0.8202612463917051,0.9999459381517766,1137298.4316583844,5162892.935401281,3562431.0352606582,1137294.9231648545,5162889.175519371,3562434.5324233156,4.652366331354809,2.594105936110583
56130.0,1137298.0294264758,5162890.703678696,3562430.4699910074,2.615343950460297,7,True,0.868492773600987,0.9999650197061234,1137298.2769882493,5162892.077237554,3562430.8178976607,1137298.0294264758,5162890.703678696,3562430.4699910074,1.560674180267171,1.9456840489850067
56160.0,1137297.330427676,5162882.867792961,3562433.4496891964,-4.353229525726362,7,True,0.8293840225253787,0.9999202572974578,1137297.9706859747,5162889.097107274,3562431.6695322585,1137297.330427676,5162882.867792961,3562433.4496891964,7.878977511317113,1.5403105930302692
56190.0,1137291.6466344213,5162878.449543039,3562437.0866673863,-9.091760578756235,7,True,1.0691730167184557,0.99990026297653,1137296.0974333729,5162885.943183363,3562433.2741463874,1137291.6466344213,5162878.449543039,3562437.0866673863,14.813806658521804,5.3463487778765035
56220.0,1137297.5701806536,5162894.672284013,3562427.900658197,7.15772188419435,7,True,1.6707750878163747,0.9998710092840774,1137296.5118177095,5162888.399275206,3562431.762217377,1137297.5701806536,5162894.672284013,3562427.900658197,5.879164418685821,2.929554056026312
56250.0,1137298.6019474096,5162895.753437231,3562431.164628096,7.277102364278338,7,True,1.7806984899299485,0.999919483819497,1137297.0953243764,5162890.452354769,3562431.5953869023,1137298.6019474096,5162895.753437231,3562431.164628096,5.306239467087181,1.4873620576177269
56280.0,1137302.2261829837,5162902.028987511,3562432.4338924,11.758129626997047,7,True,0.8605911806225777,0.9999587598919878,1137298.5233053032,5162893.674273754,3562431.8287532744,1137302.2261829837,5162902.028987511,3562432.4338924,12.110474975237304,3.1729738737065674
56310.0,1137303.9429842946,5162899.252577956,3562433.2708030785,12.609904051877809,7,True,2.115703492292336,0.9997995944117097,1137299.950919138,5162895.143671529,3562432.2086079214,1137303.9429842946,5162899.252577956,3562433.2708030785,10.368506286753775,4.857367054726641
56340.0,1137294.3750698785,5162887.5666473545,3562436.733882766,-2.646728616372989,7,True,1.2974904775619507,0.9999232781867751,1137298.424204247,5162893.069017948,3562433.447666614,1137294.3750698785,5162887.5666473545,3562436.733882766,7.005668046035006,2.983776839849683
56370.0,1137294.7904215842,5162884.752385452,3562437.114752033,-2.8169815270601855,7,True,0.7206638263804572,0.9999644785269998,1137297.4223786292,5162890.776141278,3562434.458673726,1137294.7904215842,5162884.752385452,3562437.114752033,8.60469543391386,2.779834290294183
56400.0,1137301.4250645994,5162894.568023963,3562433.716690695,5.628593114459305,7,True,2.45784688528095,0.9999379275701024,1137298.512147238,5162891.808516726,3562434.2566619213,1137301.4250645994,5162894.568023963,3562433.716690695,5.293378500740434,2.6683204050634926
56430.0,1137300.2640479824,5162884.47870434,3562426.7702883384,-0.45325198144137946,7,True,0.947514282805579,0.9999449176175252,1137298.9895457623,5162889.811119541,3562432.2166013117,1137300.2640479824,5162884.47870434,3562426.7702883384,8.116120558225578,0.8716039996586467
56460.0,1137302.0308418903,5162896.999890276,3562432.460506429,7.620118886990214,7,True,0.5077087091548103,0.9999767757898271,1137299.8250967693,5162891.7861276865,3562432.283610625,1137302.0308418903,5162896.999890276,3562432.460506429,7.39266975749434,1.8475920748135994
56490.0,1137301.5120318674,5162895.694044106,3562436.7022692193,7.8955889705726925,7,True,0.4444915024297578,0.9999638387341317,1137300.2857591927,5162892.853288036,3562433.4902426875,1137301.5120318674,5162895.694044106,3562436.7022692193,7.650811131627734,3.3156840789892583
56520.0,1137293.3077908438,5162887.130983802,3562435.591093821,-1.7916491928911227,7,True,1.481561721435615,0.9998750235582705,1137298.4289782224,5162891.330629136,3562434.0492621916,1137293.3077908438,5162887.130983802,3562435.591093821,7.224318729886514,2.2782647779598326
56550.0,1137301.883766245,5162899.733141566,3562433.937549789,10.271730570155722,7,True,1.0999311272587096,0.9999532640891922,1137299.3735059786,5162893.627848578,3562434.0187203856,1137301.883766245,5162899.733141566,3562433.937549789,10.01913543092705,3.849304426445549
56580.0,1137300.0652565206,5162898.250736924,3562424.648515559,9.940836147776086,7,True,2.017328274037157,0.9998514890595439,1137299.556869963,5162894.85324874,3562431.534937596,1137300.0652565206,5162898.250736924,3562424.648515559,10.74054616267847,4.484108129668949
56610.0,1137295.3170193543,5162884.236131476,3562434.602493311,-4.552568335444315,7,True,1.631534246461732,0.9998932445251603,1137298.4142067125,5162891.991876761,3562432.3616608717,1137295.3170193543,5162884.236131476,3562434.602493311,7.53846832875437,1.5556835509212426
56640.0,1137302.6306886724,5162890.1265131505,3562425.6229555625,6.87272366991103,7,True,1.6197138098733765,0.9999384589408716,1137299.5655554414,5162891.482522271,3562430.521596129,1137302.6306886724,5162890.1265131505,3562425.6229555625,7.524670918950186,1.996635654074285
56670.0,1137297.7150612776,5162887.525790909,3562426.489719909,1.3787939747533304,7,True,1.1915549784898758,0.9999290252164871,1137299.06285136,5162890.407639116,3562429.4262991697,1137297.7150612776,5162887.525790909,3562426.489719909,6.256540372366984,2.5584894823121966
56700.0,1137291.1038883142,5162880.8580709165,3562428.0257442584,-5.899318234757997,7,True,1.7452151477336884,0.9999141916750863,1137296.9115079516,5162887.826348,3562429.0477228956,1137291.1038883142,5162880.8580709165,3562428.0257442584,12.791274707237532,4.258472520424087
56730.0,1137301.4679587644,5162898.142314096,3562433.9373936523,8.807537301309601,7,True,1.837750795696463,0.9998217283957782,1137298.1117007097,5162890.543626932,3562430.335687514,1137301.4679587644,5162898.142314096,3562433.9373936523,8.422662456837559,1.6520761147166807
56760.0,1137298.5211970846,5162889.914605543,3562432.6138145346,1.6223741913922562,7,True,1.414924932377679,0.9999579654704518,1137298.2244284714,5162890.370467467,3562430.962819219,1137298.5211970846,5162889.914605543,3562432.6138145346,0.902563855179394,1.026877628765666
56790.0,1137304.8969945107,5162902.786445113,3562425.436857733,14.00855124285831,7,True,0.34429105690547396,0.9999294490776449,1137300.037727666,5162893.744564049,3562429.461114859,1137304.8969945107,5162902.786445113,3562425.436857733,15.277609527428618,4.3398296879408065
56820.0,1137301.881294821,5162890.83147788,3562428.0425248877,4.115576823555178,7,True,1.4319328623158591,0.9999418579768653,1137300.5400582487,5162892.9508135915,3562429.074581,1137301.881294821,5162890.83147788,3562428.0425248877,5.133985813703839,4.257847480577463
56850.0,1137300.0129770818,5162897.797380534,3562439.5143092647,7.14073663509034,7,True,1.357877413077014,0.9999410294223348,1137300.396643454,5162894.26952776,3562431.9151520166,1137300.0129770818,5162897.797380534,3562439.5143092647,10.625088822400906,4.197669419758701
56880.0,1137305.4826872938,5162897.701631131,3562428.0934857083,11.184515355476014,7,True,1.976887081350599,0.9999143443029718,1137301.7692011083,5162895.195740727,3562430.8838086957,1137305.4826872938,5162897.701631131,3562428.0934857083,10.709190107380882,5.789622300444278
56910.0,1137299.7046012715,5162889.613616956,3562431.489286829,2.5346316720896,7,True,0.7970103004149028,0.999977067709779,1137301.201251325,5162893.660156964,3562431.050369386,1137299.7046012715,5162889.613616956,3562431.489286829,1.5272812802409552,4.219424345851772
56940.0,1137301.383962703,5162900.253295124,3562437.2408717703,7.689366850233394,7,True,0.6051331939441817,0.9999445515433442,1137301.2509009633,5162895.451763641,3562432.732564592,1137301.383962703,5162900.253295124,3562437.2408717703,11.460525402260739,5.697700873370219
56970.0,1137302.696842224,5162894.846323212,3562433.151236649,5.510335280980955,7,True,1.511831326144082,0.9999218912213643,1137301.641397608,5162895.288255992,3562432.845632832,1137302.696842224,5162894.846323212,3562433.151236649,6.132294522737148,5.773499643664417
57000.0,1137300.558417497,5162890.854708556,3562428.933672438,3.6261467865555903,7,True,0.9902569108775684,0.9999666200636852,1137301.3447230766,5162894.073717891,3562431.7739797104,1137300.558417497,5162890.854708556,3562428.933672438,3.627560281259511,4.540929235725262
57030.0,1137297.1174945117,5162885.401417497,3562434.6504614498,-3.005321426789291,7,True,0.5249499316726413,0.9999648236488483,1137300.1893486427,5162891.703428704,3562432.560171753,1137297.1174945117,5162885.401417497,3562434.6504614498,5.955020211324657,2.1322699261753506
57060.0,1137295.871912484,5162880.955622541,3562424.7043515546,-4.688450255245531,7,True,1.4153393773095948,0.99994671139416,1137299.0164163678,5162888.783536373,3562430.42595489,1137295.871912484,5162880.955622541,3562424.7043515546,12.267721392585925,2.3326620752426472
57090.0,1137301.383038733,5162898.968625923,3562430.10562552,8.82556840696579,7,True,0.7637587349329676,0.9999615225152518,1137299.6624839436,5162891.563978327,3562430.3385077235,1137301.383038733,5162898.968625923,3562430.10562552,9.11352777582313,2.2157186268662397
57120.0,1137295.1031301552,5162885.806793654,3562435.062926879,-3.5132944933664665,7,True,1.1142505705356598,0.999935097211312,1137298.4278734429,5162890.005011644,3562431.6178156626,1137295.1031301552,5162885.806793654,3562435.062926879,6.6112481498827025,0.5989119543797792
57150.0,1137290.6906909952,5162882.783212468,3562433.0730525735,-7.051855476993312,7,True,1.4745589175394602,0.9999126781004877,1137296.3436044862,5162888.059578415,3562432.009832413,1137290.6906909952,5162882.783212468,3562433.0730525735,11.071227350849878,3.288943350329545
57180.0,1137298.9753191094,5162891.942048243,3562433.523946282,3.896870085727161,7,True,0.786313496530056,0.9999754441051217,1137297.0667871076,5162889.126462599,3562432.42590368,1137298.9753191094,5162891.942048243,3562433.523946282,2.1905817587104224,2.079016198754971
57210.0,1137295.9149258104,5162895.850847494,3562433.981536433,5.080186811077324,7,True,1.531740665435791,0.9999180633921702,1137296.756218139,5162890.939515339,3562432.8453389546,1137295.9149258104,5162895.850847494,3562433.981536433,6.30239444904383,2.0552526231672474
57240.0,1137293.5348170735,5162883.747845444,3562425.928767832,-2.4533547551902632,7,True,1.117070728114673,0.9999333315767803,1137295.882180482,5162888.988255568,3562430.9687195905,1137293.5348170735,5162883.747845444,3562425.928767832,10.331158055674402,3.2096434487025154
57270.0,1137294.2330112248,5162889.8276057625,3562428.716016192,-0.37040051257767925,7,True,1.347718972180571,0.9999318308011167,1137295.4348470317,5162889.215927419,3562430.3576788623,1137294.2330112248,5162889.8276057625,3562428.716016192,5.419090851593972,3.7139024457429892
57300.0,1137293.6419006484,5162884.937204604,3562434.5482449657,-4.200394730831104,7,True,0.5861228480935097,0.9999561895392882,1137294.9450271085,5162888.047011438,3562431.50251107,1137293.6419006484,5162884.937204604,3562434.5482449657,7.865253390328211,4.37777986227848
57330.0,1137298.9584953038,5162893.934821075,3562430.678041715,6.239488199419657,7,True,0.9336374849081039,0.9999545341828707,1137296.0395401183,5162889.652676148,3562431.2776700123,1137298.9584953038,5162893.934821075,3562430.678041715,3.6764648720105275,2.7238194519290535
57360.0,1137301.8579480874,5162900.533232298,3562434.133607179,9.34446848940603,7,True,0.4888986444899014,0.9999693233655023,1137297.6320894163,5162892.6307798065,3562432.0593650662,1137301.8579480874,5162900.533232298,3562434.133607179,10.791065164801104,2.3185012146925956
57390.0,1137296.8808624262,5162893.070158579,3562438.786259554,2.4251565309416776,7,True,1.7270237494792258,0.9997909527822486,1137297.4368937,5162892.744946171,3562433.8072535293,1137296.8808624262,5162893.070158579,3562438.786259554,7.507810445299616,3.126744022115268
57420.0,1137293.6903996374,5162880.844559016,3562427.132681376,-6.176931401512297,7,True,0.8156827464699745,0.9999696133041923,1137296.4031125838,5162889.461237373,3562431.9655192215,1137293.6903996374,5162880.844559016,3562427.132681376,11.825891786143172,2.3809115749945753
57450.0,1137290.4691394335,5162871.477268588,3562434.413907913,-12.551557735294569,7,True,0.7590220336403165,0.9999306048518821,1137294.7919210792,5162884.578232851,3562432.630305354,1137290.4691394335,5162871.477268588,3562434.413907913,20.81700005529602,7.04765206700927
57480.0,1137297.4078711404,5162886.2133682165,3562435.1747765946,-0.812518582807558,7,True,0.5015796571969986,0.9999668143762893,1137295.5093243795,5162885.026655596,3562433.3281061617,1137297.4078711404,5162886.2133682165,3562435.1747765946,5.497367878061403,6.415065560307076
57510.0,1137300.2661860948,5162891.104833397,3562433.224823625,1.8970254211556117,7,True,1.643995277583599,0.9999495542759694,1137296.8044675144,5162886.681551349,3562433.2999855904,1137300.2661860948,5162891.104833397,3562433.224823625,2.2374737441386494,4.416541125955705
57540.0,1137306.105574997,5162908.1015152875,3562431.784132787,15.466843014279462,7,True,1.2900492112551416,0.999910836749319,1137299.308407154,5162892.447993344,3562432.891904732,1137306.105574997,5162908.1015152875,3562431.784132787,19.154930489594236,2.300774378565877
57570.0,1137304.0360659969,5162896.77799783,3562429.7240518206,8.647604291463734,7,True,1.3832283009375845,0.9999335586878144,1137300.592086993,5162893.623699892,3562432.0317519484,1137304.0360659969,5162896.77799783,3562429.7240518206,8.625937815299158,3.7343136878291814
57600.0,1137296.5446242236,5162883.960765277,3562432.878878884,-4.244172288055823,7,True,1.2429784312844276,0.9999356102848103,1137299.4926487375,5162890.998895025,3562432.261862468,1137296.5446242236,5162883.960765277,3562432.878878884,6.906355941176836,1.1210166223858464
57630.0,1137290.0602567254,5162873.041681241,3562436.854732152,-13.675254791326353,7,True,0.75270478533847,0.9999079891766144,1137296.9511567105,5162886.160449422,3562433.4993790668,1137290.0602567254,5162873.041681241,3562436.854732152,20.028016859060013,4.884416734589263
57660.0,1137294.9932010835,5162887.96411516,3562431.9169883654,0.5518963617724294,7,True,1.850544078009469,0.9998995627409888,1137296.4241041152,5162886.645969469,3562433.0734229754,1137294.9932010835,5162887.96411516,3562431.9169883654,4.364885652526695,4.547227033445731
57690.0,1137299.9420198344,5162898.858700167,3562443.516506164,8.051878432301303,7,True,1.51586494914123,0.9996603858447529,1137297.3104199236,5162889.722886924,3562435.7044893387,1137299.9420198344,5162898.858700167,3562443.516506164,14.35361170774308,4.046999695335872
57720.0,1137297.1167479875,5162886.6245057685,3562429.7485928563,-0.8765258329819896,7,True,1.2820622591035706,0.9999649011325353,1137297.2565278094,5162888.860716004,3562434.04717202,1137297.1167479875,5162886.6245057685,3562429.7485928563,4.672928782887375,2.9727688060059863
57750.0,1137298.168604697,5162894.675422863,3562441.1763939154,4.169156204836782,7,True,1.105934342103345,0.9999345419302366,1137297.5058109162,5162890.449955038,3562435.995686019,1137298.168604697,5162894.675422863,3562441.1763939154,10.151373017932999,4.196651002270996
57780.0,1137298.9523301944,5162893.759259718,3562433.821008698,4.76706093907717,7,True,0.5136019310780934,0.9999809863610059,1137297.9051864322,5162891.363634713,3562435.3952703243,1137298.9523301944,5162893.759259718,3562433.821008698,3.787768634602522,3.627432895148187
57810.0,1137303.381929413,5162895.294020666,3562429.084537556,8.776165994002536,7,True,1.766051254102162,0.9998993857411104,1137299.3759567428,5162892.419133389,3562433.7005334296,1137303.381929413,5162895.294020666,3562429.084537556,7.379536742237502,2.7385986715644095
57840.0,1137294.227122477,5162881.615592603,3562433.6305195587,-5.763461655126403,7,True,1.4104973397084646,0.9999138543977585,1137297.9842781438,5162889.499043962,3562433.6816093777,1137294.227122477,5162881.615592603,3562433.6305195587,10.02552977892929,2.0951978528843545
57870.0,1137295.6096166153,5162884.103087048,3562427.842491004,-1.2479649784646898,6,True,2.7577993546923003,0.9998573653269309,1137297.3524001671,5162888.063224037,3562432.1278678197,1137295.6096166153,5162884.103087048,3562427.842491004,8.140841815600142,2.7222959529773774
57900.0,1137289.8617238558,5162878.7153256815,3562436.5592045994,-8.290303621584862,6,True,0.9378184117376804,0.9999319066449879,1137295.3095413374,5162885.513863218,3562433.3363829246,1137289.8617238558,5162878.7153256815,3562436.5592045994,15.354402882464672,6.1098121862560495
57930.0,1137300.900918644,5162895.60463827,3562430.896115467,8.853000558979963,6,True,1.6492037201921146,0.9999664703321828,1137296.8459473017,5162888.286619576,3562432.665843043,1137300.900918644,5162895.60463827,3562430.896115467,5.714169085997158,2.8873030689000285
57960.0,1137303.501318944,5162897.9747783495,3562424.387289782,8.965783201531215,6,True,0.9782453601559004,0.9999494418228442,1137298.659954302,5162890.927251652,3562430.40941705,1137303.501318944,5162897.9747783495,3562424.387289782,11.717266536054817,1.5827029960096168
57990.0,1137298.1543135708,5162882.844743751,3562432.529748137,-1.8856745514913367,6,True,0.7192867745955785,0.9999447567003079,1137298.5224213807,5162888.728831205,3562430.9861414125,1137298.1543135708,5162882.844743751,3562432.529748137,7.691561717411585,2.009587758149821
58020.0,1137305.9703717285,5162905.33205385,3562436.028998778,15.351783833471941,6,True,0.8092051669955254,0.9999528233536779,1137300.5526851893,5162893.254763907,3562432.3607921987,1137305.9703717285,5162905.33205385,3562436.028998778,17.083922586602515,3.434245191560073
58050.0,1137292.2695006204,5162881.1137885265,3562428.501978409,-5.362520853912455,6,True,2.527183490494887,0.9999198491797707,1137298.3171388223,5162889.9780394565,3562431.319338024,1137292.2695006204,5162881.1137885265,3562428.501978409,11.801373532801954,0.8363667362020055
58080.0,1137296.4786933633,5162886.996424373,3562439.068781032,-1.3881663853355424,6,True,0.5094992866118749,0.9999636243394878,1137297.813901721,5162889.161882891,3562433.440590638,1137296.4786933633,5162886.996424373,3562439.068781032,8.217417646585234,2.1479752457263146
58110.0,1137303.2241965134,5162899.400668029,3562437.0176696097,11.430775772107534,6,True,0.5862585542102655,0.9999695088018583,1137299.294938007,5162891.964689927,3562434.419794907,1137303.2241965134,5162899.400668029,3562437.0176696097,11.267767957043018,2.983491745488024
58140.0,1137299.7221609228,5162887.117442409,3562425.518988494,0.02276378807484391,6,True,1.3255785157283146,0.9999530912231888,1137299.4111977506,5162890.645613319,3562431.9976273812,1137299.7221609228,5162887.117442409,3562425.518988494,7.344961045964252,0.8817321203597926
58170.0,1137293.436289017,5162884.205098221,3562432.1322303116,-5.082387548977629,6,True,1.1456907615065575,0.9999481447707955,1137297.7870704548,5162888.89492275,3562432.0342157716,1137293.436289017,5162884.205098221,3562432.1322303116,8.11111536371275,1.7802456193761174
58200.0,1137300.341133093,5162890.919193325,3562426.9922514046,3.673892879414421,6,True,0.31780987108747166,0.9999775557440428,1137298.4875244708,5162889.450080807,3562430.6514524296,1137300.341133093,5162890.919193325,3562426.9922514046,5.27094303814481,1.657045921830639
58230.0,1137297.8864990056,5162890.301995581,3562435.874292578,1.8314326623795103,6,True,1.3407486105958621,0.9999484135948994,1137298.3243029758,5162889.681436733,3562432.0698279,1137297.8864990056,5162890.301995581,3562435.874292578,4.00396285416076,0.8617956319796137
58260.0,1137303.442863317,5162900.91745418,3562434.056415779,10.486426380049618,6,True,1.6147134229540825,0.9999373815413741,1137299.711214747,5162892.72591874,3562432.6081085745,1137303.442863317,5162900.91745418,3562434.056415779,11.70408426168644,2.6008972667381167
58290.0,1137293.4456835012,5162879.387914669,3562427.1683615665,-4.20561185405351,6,True,0.6326677414278189,0.9999526069716137,1137298.0042172354,5162889.092078469,3562431.126089853,1137293.4456835012,5162879.387914669,3562427.1683615665,13.122709106427017,1.7110168111602875
58320.0,1137291.9661813776,5162883.6575904135,3562437.646519551,-5.071511363297638,6,True,0.9467803426086903,0.9999273941886297,1137296.3714983237,5162887.622562283,3562432.8892507763,1137291.9661813776,5162883.6575904135,3562437.646519551,11.081733580405828,3.733094519956926
58350.0,1137301.4970763414,5162896.169016474,3562435.6642490905,7.3289974608803,6,True,1.3884569679697354,0.9999499556820326,1137297.768255831,5162889.951533574,3562433.645458118,1137301.4970763414,5162896.169016474,3562435.6642490905,7.4008603326602085,1.9619080107923077
58380.0,1137301.9052236746,5162900.954431924,3562431.6287281634,11.351777813120702,6,True,1.5739011441667874,0.9999286143732051,1137298.888068454,5162892.929846418,3562433.0995607977,1137301.9052236746,5162900.954431924,3562431.6287281634,10.982860844204206,2.716012592260406
58410.0,1137298.9918787333,5162892.342340207,3562430.3437260394,4.550342920142429,6,True,0.6534183410306772,0.9999740330023439,1137298.9165619765,5162892.768589541,3562432.343147849,1137298.9918787333,5162892.342340207,3562430.3437260394,2.4697359103217136,2.333004886949529
58440.0,1137302.2159368321,5162893.47825951,3562431.14163615,4.998814588497979,6,True,0.5324598674972852,0.9999728186525575,1137299.81994146,5162892.962899469,3562432.0141700683,1137302.2159368321,5162893.47825951,3562431.14163615,4.791508653780813,2.772557407696663
58470.0,1137301.593923087,5162891.125742866,3562428.5254344866,6.3331532781188224,6,True,1.4098964085181553,0.9999048433596073,1137300.2957915482,5162892.470103423,3562431.078357031,1137301.593923087,5162891.125742866,3562428.5254344866,4.613124315945395,2.7684283978793713
58500.0,1137297.8550358105,5162890.479530591,3562427.196576298,3.3227137788854137,6,True,1.3628617823123932,0.9999282925757959,1137299.6345074922,5162891.930789285,3562430.0266501075,1137297.8550358105,5162890.479530591,3562427.196576298,4.783078072001396,2.6173004167855924
58530.0,1137298.9295058218,5162892.861012413,3562427.7270143814,5.743738778529041,6,True,1.2459743258853753,0.9999374311900179,1137299.4429149874,5162892.183588373,3562429.401697023,1137298.9295058218,5162892.861012413,3562427.7270143814,4.834480559855961,3.1660824068579134
58560.0,1137301.9062896597,5162889.946153181,3562429.497931016,2.403990949550938,6,True,1.3720339685678482,0.9999520860742768,1137300.1149903892,5162891.573155387,3562429.4279522654,1137301.9062896597,5162889.946153181,3562429.497931016,4.186958470890064,3.142159303033681
58590.0,1137305.0567647587,5162896.076053802,3562424.4182456518,9.672517493354563,6,True,1.107421739647786,0.9998815752710889,1137301.4350360404,5162892.775968593,3562428.0897605685,1137305.0567647587,5162896.076053802,3562424.4182456518,11.397438923120475,5.3171151113600645
58620.0,1137299.7035656439,5162889.802931754,3562422.975785316,3.3284537805818997,6,True,1.3474886193871498,0.9999279555502527,1137300.9647470606,5162891.968454664,3562426.7007410335,1137299.7035656439,5162889.802931754,3562422.975785316,9.055874204743537,5.945716664761051
58650.0,1137296.0268176764,5162878.779980969,3562429.44040672,-6.688800784955488,6,True,0.96047900741299,0.9999270272267717,1137299.6249228953,5162888.389983935,3562427.4441032824,1137296.0268176764,5162878.779980969,3562429.44040672,12.245826467545484,5.074916508871556
58680.0,1137306.3841022472,5162908.313067905,3562437.0648830016,15.930853983594014,6,True,0.7693417072296143,0.9999526327765796,1137301.471750984,5162893.833619793,3562430.072813854,1137306.3841022472,5162908.313067905,3562437.0648830016,20.125615936304253,4.807778932789422
58710.0,1137299.2945149632,5162889.088679123,3562426.729082171,1.2229175228493663,6,True,1.3812993839383125,0.9999436188351644,1137300.8793660398,5162892.542610739,3562429.1630473947,1137299.2945149632,5162889.088679123,3562426.729082171,5.441590658659013,4.155717170571621
58740.0,1137300.046173995,5162892.791700777,3562441.3101241016,2.060089996537385,6,True,1.5912025049328804,0.999928084437511,1137300.6537566858,5162892.610058626,3562432.452198013,1137300.046173995,5162892.791700777,3562441.3101241016,9.771741012272654,3.027368908854929
58770.0,1137305.2779449627,5162898.507055793,3562428.9485366778,10.803855549236836,6,True,1.6016342043876648,0.9998884198553961,1137301.8926345212,5162894.189937872,3562431.5135233505,1137305.2779449627,5162898.507055793,3562428.9485366778,10.876701575016982,4.99821073438008
58800.0,1137295.7347279734,5162889.737996449,3562429.791578355,1.4516895001733006,6,True,1.4359798021614552,0.9999400160032661,1137300.2140247275,5162892.976364328,3562431.04413108,1137295.7347279734,5162889.737996449,3562429.791578355,3.6121307650966648,3.1131774653708972
58830.0,1137304.9852503473,5162904.987386728,3562433.4866524707,14.961870669123417,6,True,0.6831957176327705,0.9999488589372955,1137301.515949191,5162896.253812334,3562431.7106219577,1137304.9852503473,5162904.987386728,3562433.4866524707,15.92844389646143,6.477209848812943
58860.0,1137301.7930458635,5162898.762113726,3562438.2594531723,7.802129938303454,6,True,1.0506564353903134,0.99993523269044,1137301.5911674968,5162896.934694493,3562433.488311973,1137301.7930458635,5162898.762113726,3562438.2594531723,10.901216263184907,7.28580825312369
58890.0,1137296.244066568,5162893.08286516,3562446.9045681497,0.7285020462425817,6,True,1.0305769170324008,0.9998887470094585,1137300.1587228102,5162895.90282086,3562437.082417476,1137296.244066568,5162893.08286516,3562446.9045681497,15.368451767557335,7.636522420728356
58920.0,1137304.0936686487,5162904.446406119,3562431.1646521464,13.116488757096237,6,True,1.5828247504929702,0.9999291653092538,1137301.227927135,5162898.224285674,3562435.4744410147,1137304.0936686487,5162904.446406119,3562431.1646521464,15.026859380246556,8.910014871354065
58950.0,1137293.2690272066,5162877.699146433,3562432.830312404,-8.629398117584905,6,True,1.3799580385287602,0.9999261175712498,1137299.0690645212,5162892.656813266,3562434.757217472,1137293.2690272066,5162877.699146433,3562432.830312404,13.877013066054941,3.592985091750252
58980.0,1137301.6371902705,5162895.092962076,3562430.1710191923,7.311258000411252,6,True,0.9524010320504507,0.9999668700464323,1137299.7736511715,5162893.3251909455,3562433.498955845,1137301.6371902705,5162895.092962076,3562430.1710191923,5.807808431545391,3.4554311429619013
59010.0,1137298.4075896586,5162888.60193216,3562445.198767432,-0.3695346356685987,6,True,0.42482468361655873,0.9998573062226269,1137299.4113079025,5162892.072362275,3562436.6022919226,1137298.4075896586,5162888.60193216,3562445.198767432,13.405191922284013,5.004824399779904
59040.0,1137299.1866638619,5162894.787367472,3562432.1650392287,4.800047244240167,6,True,1.9913243105014165,0.9999015962850147,1137299.3506724057,5162892.80519137,3562435.404597023,1137299.1866638619,5162894.787367472,3562432.1650392287,4.338750051702762,4.245690148017329
59070.0,1137303.591482106,5162901.138805786,3562439.200109826,11.95969598975224,6,True,1.8512037098407745,0.9999049119715684,1137300.4965749367,5162895.057004238,3562436.4301765785,1137303.591482106,5162901.138805786,3562439.200109826,13.836862749354735,6.693772089970847
59100.0,1137303.476050609,5162892.689563263,3562431.791513433,4.113349511439181,6,True,1.0367876254022121,0.9999346311934619,1137301.3084182953,5162894.411927236,3562435.166240141,1137303.476050609,5162892.689563263,3562431.791513433,5.397042110320889,5.779121727449971
59130.0,1137304.216681104,5162894.055659872,3562425.540904688,7.306914456688684,6,True,0.10565370445450147,0.9999183884623523,1137302.095816591,5162894.315469545,3562432.5602264376,1137304.216681104,5162894.055659872,3562425.540904688,9.253181032414052,5.248802914493482
59160.0,1137299.4676577128,5162897.991852033,3562434.935024267,9.18433462724655,6,True,2.563108302652836,0.9999064230001007,1137301.3866852464,5162895.307433189,3562433.200995758,1137299.4676577128,5162897.991852033,3562434.935024267,8.122104475353051,5.725493284326882
59190.0,1137294.734823278,5162877.796301708,3562433.9752340894,-8.157260035286987,6,True,1.0330229538182418,0.9999109863832997,1137299.5883320372,5162890.573240019,3562433.4103136896,1137294.734823278,5162877.796301708,3562433.9752340894,13.422044196424885,1.813334380368786
59220.0,1137299.584262284,5162892.459645043,3562429.78087366,5.359221240565745,6,True,1.2121818450589974,0.9999642213560574,1137299.5872147726,5162891.091112624,3562432.413927688,1137299.584262284,5162892.459645043,3562429.78087366,3.0869016779188962,1.2919709462350417
59250.0,1137298.433076555,5162896.471306621,3562435.405821593,6.254651070332967,6,True,0.4621017947793007,0.9999747482257527,1137299.270351896,5162892.568217983,3562433.2353371987,1137298.433076555,5162896.471306621,3562435.405821593,6.9076970568491625,2.5490696356683893
59280.0,1137294.7592651038,5162879.428029861,3562432.156528696,-6.918243266290202,6,True,2.206690908720096,0.9999080830319599,1137298.0579320795,5162889.036602386,3562432.9453918114,1137294.7592651038,5162879.428029861,3562432.156528696,11.705895357997212,1.8487190473642863
59310.0,1137297.186646755,5162889.441630232,3562431.5973319765,1.6858701014649962,6,True,1.1205207233627636,0.9999636292020763,1137297.8193813155,5162889.147495683,3562432.5763041032,1137297.186646755,5162889.441630232,3562431.5973319765,1.7546031962668722,1.6673415179699524
59340.0,1137293.0291591287,5162886.2694908,3562431.6795555674,-2.626644154519335,6,True,0.9259388869007429,0.9999210571238375,1137296.526020006,5162888.370433573,3562432.3341817516,1137293.0291591287,5162886.2694908,3562431.6795555674,6.956685837526119,2.9635189562679027
59370.0,1137295.8968616861,5162885.423404344,3562427.8872607104,0.278669978122143,6,True,0.8911600423355898,0.9999687758009012,1137296.3535516588,5162887.562577673,3562431.1151672397,1137295.8968616861,5162885.423404344,3562427.8872607104,7.0106850213185545,3.7558444011783556
59400.0,1137302.6424509822,5162902.926441158,3562435.195149995,10.63430607885204,6,True,0.913139438877503,0.9999561930721421,1137298.0679941042,5162891.750983041,3562432.2274279473,1137302.6424509822,5162902.926441158,3562435.195149995,13.483503022303182,1.368379272521088
59430.0,1137299.5930651776,5162891.5230483785,3562428.8241315414,2.578203414328993,6,True,1.4220513155062993,0.9999479349719282,1137298.4826434664,5162891.689010216,3562431.3021106236,1137299.5930651776,5162891.5230483785,3562428.8241315414,3.4331552997840666,1.3432619175924887
59460.0,1137298.5745257037,5162886.681565327,3562439.278124039,-0.5046730130757753,6,True,0.7205094446738561,0.9999405434314851,1137298.507580117,5162890.329999943,3562433.4667843054,1137298.5745257037,5162886.681565327,3562439.278124039,8.282670445893343,1.5471536087218933
59490.0,1137303.3800767562,5162898.735604288,3562433.986078204,9.647333349847086,6,True,1.2795701113839943,0.9999646071080085,1137299.8399043733,5162892.628409031,3562433.608778833,1137303.3800767562,5162898.735604288,3562433.986078204,9.767031928229937,3.002775527772132
59520.0,1137296.7915640294,5162889.93444539,3562435.5283786994,0.4294456289831915,6,True,0.25930404911438626,0.9999785892464113,1137299.0039013515,5162891.889593318,3562434.1352263778,1137296.7915640294,5162889.93444539,3562435.5283786994,4.042697331980716,2.645481592465877
59550.0,1137299.5483529887,5162898.58128257,3562437.840921227,8.392691757872905,6,True,0.6704404664536318,0.9999643563087031,1137299.1524046592,5162893.714802246,3562435.1459827153,1137299.5483529887,5162898.58128257,3562437.840921227,10.060329087824563,4.585896249212008
59580.0,1137294.7501545579,5162887.612311792,3562429.67099416,-0.6535472396314649,6,True,1.227966928233703,0.9998997497965632,1137297.9735702628,5162892.08067754,3562433.6798904487,1137294.7501545579,5162887.612311792,3562429.67099416,5.277229345271367,2.424294752777741
59610.0,1137297.1857384036,5162886.366816306,3562437.673639593,-3.6384476969997928,6,True,1.4087767973542213,0.9998781447454208,1137297.7631221113,5162890.554372758,3562434.74671342,1137297.1857384036,5162886.366816306,3562437.673639593,7.207228671626343,2.9235669514878184
59640.0,1137297.0092307779,5162889.70153725,3562430.996979783,1.3333945640101839,6,True,1.8631323426961899,0.9999422138506254,1137297.5573722492,5162890.321619335,3562433.7233468615,1137297.0092307779,5162889.70153725,3562430.996979783,1.966484482514134,2.0549361474154404
59670.0,1137295.8035901438,5162879.078435561,3562426.1856356473,-6.838590721389934,6,True,0.6242126027743021,0.9999640130238366,1137297.0766529597,5162887.2398138475,3562431.657227491,1137295.8035901438,5162879.078435561,3562426.1856356473,13.077589754528312,3.5881472501438907
59700.0,1137297.7256148679,5162889.645782433,3562429.122229417,3.2238148283318853,6,True,0.6669861649473509,0.9999732480272963,1137297.2546075843,5162887.899564799,3562430.962094811,1137297.7256148679,5162889.645782433,3562429.122229417,3.047341991126129,3.062016239354979
59730.0,1137303.6219340446,5162903.656215177,3562440.3214898584,12.588128290396249,6,True,1.0019829260806243,0.999912466934791,1137298.967507629,5162892.138324552,3562433.479903234,1137303.6219340446,5162903.656215177,3562440.3214898584,16.40783705390994,2.292796856280161
59760.0,1137297.059029044,5162894.224679854,3562439.7905091913,4.08170581077631,6,True,1.2087459837396939,0.9999362238062746,1137298.449286173,5162892.704846016,3562435.1934626275,1137297.059029044,5162894.224679854,3562439.7905091913,8.823088187561204,3.938139917524024
59790.0,1137305.469107876,5162902.3026616685,3562434.519161188,12.65948888857383,6,True,0.4449556382993857,0.9999545608559439,1137300.3654829978,5162895.324756415,3562435.0093989386,1137305.469107876,5162902.3026616685,3562434.519161188,13.924744417026023,6.004379564326474
59820.0,1137304.0298563729,5162895.489271228,3562436.9616819383,6.637372025661845,6,True,0.7207950775822004,0.9999292093736651,1137301.3574767571,5162895.369292725,3562435.5379074593,1137304.0298563729,5162895.489271228,3562436.9616819383,8.959967684864715,6.679594919419052
59850.0,1137292.3122151853,5162879.655627296,3562430.151853323,-6.143967221469374,6,True,2.1312194541096687,0.9999381795800268,1137298.9003273693,5162891.10066842,3562434.0747834225,1137292.3122151853,5162879.655627296,3562430.151853323,12.635570649823913,2.255115278606955
59880.0,1137302.6281826363,5162892.781770161,3562427.9547780603,5.942759376605788,6,True,0.4196574315428734,0.999962135514817,1137299.919943162,5162891.560471111,3562432.400884177,1137302.6281826363,5162892.781770161,3562427.9547780603,6.13808650551632,1.798394714764337
59910.0,1137302.4516909115,5162899.9616196705,3562441.0614608987,9.034151843157016,6,True,0.2776167243719101,0.9999457773862548,1137300.6082151749,5162893.844377724,3562434.7553180163,1137302.4516909115,5162899.9616196705,3562441.0614608987,13.71590975739282,4.8384791509856235
59940.0,1137298.8219197446,5162891.658427126,3562426.0681826086,4.286189417923603,6,True,1.2491891297201316,0.9999303801075352,1137300.124639833,5162893.252610098,3562432.40358806,1137298.8219197446,5162891.658427126,3562426.0681826086,5.980844316702306,3.206913053068221
59970.0,1137304.187630841,5162900.4161825515,3562437.887775911,9.465406552107519,6,True,0.5529730978111426,0.9999620407868804,1137301.235660715,5162895.211481917,3562433.9032338164,1137304.187630841,5162900.4161825515,3562437.887775911,12.869472631038791,5.771581545093334
60000.0,1137299.8919157204,5162894.251072084,3562432.6618064875,4.769085652626322,6,True,0.6281689765552679,0.9999757683032702,1137300.8672340563,5162894.948157709,3562433.562860513,1137299.8919157204,5162894.251072084,3562432.6618064875,4.049906571750213,5.274974957124225
60030.0,1137303.941905162,5162898.389533508,3562429.320532722,8.666457255496507,6,True,0.693256196876367,0.9999645130092748,1137301.706294876,5162895.887290221,3562432.4051526114,1137303.941905162,5162898.389533508,3562429.320532722,9.906874206890535,6.262481858092444
60060.0,1137303.4272665672,5162896.946894667,3562432.6611948316,7.102794844897837,6,True,1.1075878279904525,0.9999662181930605,1137302.1761084693,5162896.176555044,3562432.4750504,1137303.4272665672,5162896.946894667,3562432.6611948316,8.118376885681736,6.758775038677026
60090.0,1137297.557866434,5162886.617615157,3562439.9432473797,-1.6333033069165956,6,True,1.1931731974085171,0.9999050197540504,1137300.9374876919,5162893.612830263,3562434.478034193,1137297.557866434,5162886.617615157,3562439.9432473797,8.960133422686766,4.6792098172909
60120.0,1137295.1316711595,5162883.825364473,3562439.631780968,-6.089850975809193,6,True,1.9183774267633755,0.9998817234958518,1137299.38543841,5162890.996380162,3562435.8557678736,1137295.1316711595,5162883.825364473,3562439.631780968,10.749595865509571,4.04542887196021
60150.0,1137300.683269822,5162897.11640015,3562428.733736366,9.655636250033393,6,True,1.0792136428256829,0.9999507467621963,1137299.7403863764,5162892.670163543,3562433.9079412324,1137300.683269822,5162897.11640015,3562428.733736366,7.650462465921136,3.1688981403423697
60180.0,1137299.0449548422,5162895.349396487,3562435.1881168536,5.388438017818107,6,True,0.7026885996262232,0.9999745508979618,1137299.5493147043,5162893.406289953,3562434.259672905,1137299.0449548422,5162895.349396487,3562435.1881168536,5.86139563483315,3.8560290118615828
60210.0,1137306.2774829918,5162899.633378738,3562433.4417709373,9.881311721247927,6,True,1.5481416222949822,0.9999110726656272,1137301.3599565253,5162895.082084447,3562434.039564334,1137306.2774829918,5162899.633378738,3562433.4417709373,12.060738401530699,5.775004452514638
60240.0,1137304.1189237162,5162898.378791226,3562432.6453601327,9.031279667234825,6,True,2.039926073203484,0.9998988601793775,1137302.1015205032,5162895.968183782,3562433.6648256937,1137304.1189237162,5162898.378791226,3562432.6453601327,9.675916942685639,6.74810032790715
60270.0,1137294.7191995808,5162887.22261097,3562428.4427912924,0.023312142749693263,6,True,1.965875305235386,0.9999192520491166,1137300.1019272627,5162893.599336849,3562432.2503728676,1137294.7191995808,5162887.22261097,3562428.4427912924,6.1275392964242466,3.4811258044889337
60300.0,1137301.2962402713,5162889.784641304,3562433.0538580907,2.4845767555764895,6,True,1.0422739920516808,0.9999570632127753,1137300.4288941226,5162892.554988328,3562432.470342874,1137301.2962402713,5162889.784641304,3562433.0538580907,3.058744210867737,2.838457275961358
60330.0,1137294.728610808,5162878.137057691,3562430.2981377523,-7.404513518413439,6,True,1.8370423043767612,0.9999195184444435,1137298.8884372842,5162888.658655704,3562431.883321484,1137294.728610808,5162878.137057691,3562430.2981377523,13.04351156736339,1.876829034652061
60360.0,1137300.4127136776,5162896.103585002,3562429.216878011,7.400063865452622,6,True,0.5671486792465051,0.9999683280798853,1137299.306557803,5162890.700855998,3562431.151895915,1137300.4127136776,5162896.103585002,3562429.216878011,6.497664893829708,1.107306629810417
60390.0,1137297.30254574,5162882.948423608,3562427.768830561,-3.7883738147006034,6,True,0.5131002540389696,0.9999746699809418,1137298.7570846821,5162888.575243434,3562430.2243049527,1137297.30254574,5162882.948423608,3562427.768830561,8.71349887805289,2.582677898319846
60420.0,1137299.8473644564,5162881.763522535,3562418.501279353,-1.3022371230330372,6,True,0.9051232809821764,0.9999033888642413,1137299.0495217317,5162886.748189856,3562427.0799312806,1137299.8473644564,5162881.763522535,3562418.501279353,16.07486975748913,6.154268484016345
60450.0,1137294.1838611634,5162882.187101405,3562429.317982496,-5.2303787643602915,6,True,1.303955456862847,0.9999632324625536,1137297.7176268813,5162885.499666632,3562427.6925611277,1137294.1838611634,5162882.187101405,3562429.317982496,9.745950566580323,6.608278501258896
60480.0,1137296.4697097014,5162883.941156734,3562427.257845158,-2.1428070259512673,6,True,0.8982316652933756,0.9999619535299424,1137297.3767268723,5162885.073920399,3562427.5738075115,1137296.4697097014,5162883.941156734,3562427.257845158,8.3177972317447,7.05767667486703
60510.0,1137296.0112828142,5162887.39657457,3562433.4259341587,-1.3610851702953128,6,True,1.2641738280653954,0.9999706394756038,1137297.0030933637,5162885.709480254,3562429.175155146,1137296.0112828142,5162887.39657457,3562433.4259341587,4.278032089359219,5.739247824658569
60540.0,1137300.2000860437,5162893.968028915,3562432.1007646243,5.130266128035699,6,True,2.142330722262462,0.9999582146487846,1137297.873978643,5162887.959172129,3562429.9721135637,1137300.2000860437,5162893.968028915,3562432.1007646243,3.844393960096963,3.2790022863860213
60570.0,1137299.2749918539,5162894.03361129,3562430.925990923,4.233845328154672,6,True,0.8115135890742143,0.9999648012626616,1137298.2564319794,5162889.617393126,3562430.2325062393,1137299.2749918539,5162894.03361129,3562430.925990923,3.7426846512881324,1.9358327716612012
60600.0,1137296.265783376,5162888.042374629,3562439.374546962,-1.2181155392643699,6,True,1.2556122268239658,0.9999392272915847,1137297.7171322426,5162889.190694481,3562432.709236762,1137296.265783376,5162888.042374629,3562439.374546962,8.165078798093091,1.7357801658089895
60630.0,1137299.3283256236,5162889.220383278,3562437.1803996377,-0.7385893309352909,6,True,0.13274579619367918,0.9999676424424407,1137298.1577843553,5162889.1988141965,3562433.9320740644,1137299.3283256236,5162889.220383278,3562437.1803996377,5.461674719396417,2.4205507799301116
60660.0,1137303.2778342965,5162897.631558965,3562435.1823003525,7.391922888576958,6,True,2.53587656468153,0.9998784948716244,1137299.5215550573,5162891.44495054,3562434.2650829223,1137303.2778342965,5162897.631558965,3562435.1823003525,9.154644320415466,2.7013357563039277
60690.0,1137296.3707708025,5162889.761272279,3562433.1330741593,0.6886790559979021,6,True,1.8025207358102004,0.9999167533819333,1137298.669247578,5162890.989504701,3562433.958867245,1137296.3707708025,5162889.761272279,3562433.1330741593,2.5922677210905474,2.0903974234461793
60720.0,1137288.6792400125,5162867.430711038,3562434.0134011754,-18.68697281220423,6,True,2.1701315343379974,0.9997472382478607,1137296.0929150286,5162884.913905004,3562433.972931052,1137288.6792400125,5162867.430711038,3562434.0134011754,25.178940782206176,6.435740234898776
60750.0,1137299.6735482025,5162889.765707488,3562427.4434655085,2.8996472811859713,6,True,0.2800767595569293,0.999979995641632,1137297.0886643636,5162886.263157737,3562432.1571318186,1137299.6735482025,5162889.765707488,3562427.4434655085,4.6847461620042585,4.4883133927897685
60780.0,1137293.600023656,5162890.696348927,3562438.4254380455,-0.02881880267648925,6,True,0.813402014474074,0.9998929252687168,1137296.1497204641,5162887.456320969,3562433.8442037716,1137293.600023656,5162890.696348927,3562438.4254380455,8.165263392309825,4.3218618846599455
60810.0,1137303.323694367,5162899.779178233,3562431.716211984,9.658399625746396,6,True,1.5757481480638187,0.9999586724664218,1137298.1187259813,5162890.838515311,3562433.260144277,1137303.323694367,5162899.779178233,3562431.716211984,10.43751044547549,1.4363675105101723
60840.0,1137302.6046722,5162899.467889299,3562428.2670876966,12.821389804368543,6,True,2.025159270813068,0.9999176054211699,1137299.3315805888,5162893.171618627,3562431.9101834474,1137302.6046722,5162899.467889299,3562428.2670876966,10.501242472430238,2.7825809049617094
60870.0,1137299.7204902077,5162890.394382125,3562422.3583851326,2.872143544973477,6,True,0.7281213862200578,0.9999606244313027,1137299.4380942888,5162892.410995281,3562429.294158204,1137299.7204902077,5162890.394382125,3562422.3583851326,9.644049233275888,3.3744341471587838
60900.0,1137298.419790671,5162886.767712237,3562427.035609569,1.5250315754452035,6,True,1.8317284397780895,0.9999331063253093,1137299.1619823803,5162890.880825277,3562428.6817552205,1137298.419790671,5162886.767712237,3562427.035609569,6.157938228200073,3.3278390473502513
60930.0,1137294.455225659,5162876.130026512,3562436.0640089526,-8.809651513340931,6,True,0.30273109426101047,0.9999213843716858,1137297.8894666024,5162886.892808629,3562430.6776166824,1137294.455225659,5162876.130026512,3562436.0640089526,15.504500462680717,3.8767518062016326
60960.0,1137300.4276086227,5162888.474578557,3562427.755914152,3.637542208795866,6,True,0.581390731036663,0.9999666656168447,1137298.585256533,5162887.326424865,3562429.87667994,1137300.4276086227,5162888.474578557,3562427.755914152,5.008426272457642,3.7824999210547205
60990.0,1137294.1846505147,5162881.496487849,3562429.7773285233,-4.722707241481514,6,True,0.4382335791985194,0.9999769186710861,1137297.377874795,5162885.726881653,3562429.8494211747,1137294.1846505147,5162881.496487849,3562429.7773285233,10.234808695315014,5.338357958561621
61020.0,1137294.053089377,5162889.719451664,3562434.656252463,-1.369445428321075,6,True,0.7620475515723228,0.9999411424935595,1137296.4765156277,5162886.8092792,3562431.1525673643,1137294.053089377,5162889.719451664,3562434.656252463,5.311643150981674,4.303577414658558
61050.0,1137301.4185074894,5162898.838485011,3562436.5607319977,8.370680572953416,6,True,2.225907256205877,0.9999109191276867,1137297.806282611,5162890.046039027,3562432.6077698357,1137301.4185074894,5162898.838485011,3562436.5607319977,9.959469577299704,1.1010551872500007
61080.0,1137303.2312663053,5162895.179666979,3562427.676003139,8.607340242188501,6,True,1.0468344191710155,0.9999561877946398,1137299.2884677427,5162891.448621496,3562431.2603388233,1137303.2312663053,5162895.179666979,3562427.676003139,7.870124448733819,1.377316838820918
61110.0,1137300.4024958205,5162896.851411923,3562434.448565195,7.808145302818711,6,True,0.8058490256468455,0.9999706368233057,1137299.5936950708,5162892.928906705,3562432.1338660135,1137300.4024958205,5162896.851411923,3562434.448565195,7.078282166823385,2.6512708927920583
61140.0,1137295.6287848759,5162890.526152522,3562434.4527818235,2.5537374730898614,6,True,0.5067949642737707,0.9999653963100225,1137298.5106597748,5162892.272582234,3562432.7672896087,1137295.6287848759,5162890.526152522,3562434.4527818235,3.855270284871695,1.9580785779321168
61170.0,1137299.039834182,5162895.427786815,3562435.7953693992,7.289217836298385,6,True,0.44954828048745793,0.9999755577001129,1137298.6555555754,5162893.136524041,3562433.596422763,1137299.039834182,5162895.427786815,3562435.7953693992,6.280356225008643,3.1186330888185743
61200.0,1137303.4805315642,5162899.544271361,3562427.919215602,10.714556278871168,6,True,0.44327162951231003,0.99996044550863,1137299.969860732,5162894.881970105,3562432.049973068,1137303.4805315642,5162899.544271361,3562427.919215602,11.054478581140346,4.6069413918068145
61230.0,1137290.5296416143,5162878.872762119,3562426.3528362047,-5.206504780078015,6,True,1.9266252207259338,0.9998819031559746,1137297.4545121647,5162890.616312934,3562430.531969633,1137290.5296416143,5162878.872762119,3562426.3528362047,15.185172847081525,1.7756825328048371
61260.0,1137305.1988376633,5162899.235435247,3562422.409369861,13.797889609371722,6,True,0.8314796177049478,0.9998910650111031,1137299.5330175622,5162892.929605713,3562428.351938916,1137305.1988376633,5162899.235435247,3562422.409369861,14.532173820136824,4.434862244926383
61290.0,1137300.267575449,5162900.297157487,3562439.301810852,8.52724058814481,6,True,0.2706865966320038,0.999936458402673,1137299.7331301544,5162894.936717625,3562431.334967616,1137300.267575449,5162900.297157487,3562439.301810852,12.379211522177501,4.628879919082381
61320.0,1137304.0089447922,5162900.581194489,3562436.823953874,11.460877243322432,6,True,0.9562419913709164,0.9999167820135708,1137300.8896947764,5162896.4634915395,3562432.8196828933,1137304.0089447922,5162900.581194489,3562436.823953874,12.465643874782659,6.46709296947058
61350.0,1137301.3592964772,5162893.072277507,3562434.841520602,5.370834380958842,6,True,1.0064577994247277,0.9999404446832796,1137301.017619389,5162895.539687939,3562433.3704534834,1137301.3592964772,5162893.072277507,3562434.841520602,4.796572561779299,5.793464110913732
61380.0,1137293.1296567046,5162885.808608181,3562427.4703323822,-0.42657240224220505,6,True,0.19292540599902472,0.9999631566675755,1137298.857352928,5162892.874649313,3562431.754594707,1137293.1296567046,5162885.808608181,3562427.4703323822,8.440125598706805,2.3987258554832813
61410.0,1137299.8934213836,5162894.593544899,3562437.4575170805,4.6449906367243115,6,True,0.9291052781045437,0.999952693348793,1137299.1397082417,5162893.34309259,3562433.3087877985,1137299.8934213836,5162894.593544899,3562437.4575170805,7.007894547325539,3.212972907487414
61440.0,1137297.5222101915,5162887.94718121,3562428.4962290847,2.753237850146116,6,True,0.9257011500497659,0.9999582257873835,1137298.6983818244,5162891.870844609,3562431.9957047347,1137297.5222101915,5162887.94718121,3562428.4962290847,4.4005321215477995,1.3781644599071146
61470.0,1137298.005794762,5162888.691987203,3562425.1884700325,1.7505539510152806,6,True,1.4144595141212146,0.9999533503723598,1137298.509778066,5162891.005185277,3562430.14197382,1137298.005794762,5162888.691987203,3562425.1884700325,7.000998277082317,1.8572917665844064
61500.0,1137301.841144551,5162902.8504190985,3562430.8259260985,12.846479146005711,6,True,0.33171284074584645,0.9999484804634968,1137299.4156964128,5162894.22633032,3562430.32796504,1137301.841144551,5162902.8504190985,3562430.8259260985,12.827735049569311,4.1460151727780445
61530.0,1137296.8665100788,5162890.029603111,3562434.9059283505,-1.1750087586405882,5,True,0.012315694987773896,0.9999752356960517,1137298.7169435997,5162893.075973085,3562431.5828222074,1137296.8665100788,5162890.029603111,3562434.9059283505,3.448877190465751,2.6020552716192054
61560.0,1137297.4668740137,5162882.568274693,3562427.439325168,-2.434994995777729,5,True,0.48891073018312453,0.9999657600578028,1137298.3756927685,5162890.207524119,3562430.4517077277,1137297.4668740137,5162882.568274693,3562427.439325168,9.180579082236214,1.516625345610674
61590.0,1137299.5544675912,5162876.44137051,3562437.7742171553,-10.093691133635819,5,True,0.6463028222322464,0.9997835149629622,1137298.6811337038,5162886.6404757295,3562432.349096512,1137299.5544675912,5162876.44137051,3562437.7742171553,15.261323753818155,3.887623485549306
61620.0,1137297.3061250178,5162886.696490644,3562429.7500383505,-0.3906508018020644,5,True,0.20325130969285965,0.9999819198981182,1137298.3003687155,5162886.655987281,3562431.6293698945,1137297.3061250178,5162886.696490644,3562429.7500383505,4.557647164084237,3.8663626977485723
61650.0,1137295.4987322227,5162884.0741913,3562420.3819140005,-0.06337644709065925,5,True,0.1305009424686432,0.9999148399207888,1137297.5436158634,5162885.9586157715,3562428.591308266,1137295.4987322227,5162884.0741913,3562420.3819140005,13.562960668915965,5.726835790937589
61680.0,1137295.9590483014,5162882.776774434,3562433.2260202398,-4.017136273274449,5,True,0.6226120322942734,0.9999742234700497,1137297.10791075,5162885.083711744,3562429.8657049877,1137295.9590483014,5162882.776774434,3562433.2260202398,8.249547857740454,5.974134507452985
61710.0,1137294.481907475,5162878.675876357,3562429.88398696,-7.672651399726468,5,True,0.5319448322057724,0.9999676279818718,1137296.389324377,5162883.330254986,3562429.870707714,1137294.481907475,5162878.675876357,3562429.88398696,12.671377492482076,7.767176936501743
61740.0,1137299.0952903263,5162892.4142269185,3562430.6401102566,3.2712939028329386,5,True,0.5644983023405075,0.9999778968286951,1137297.131109523,5162885.820439848,3562430.081623663,1137299.0952903263,5162892.4142269185,3562430.6401102566,2.3707154892602222,5.2285000510179795
61770.0,1137292.4179685458,5162881.097693969,3562433.2369120875,-4.3221438865590835,5,True,0.11412356942892074,0.9999490423425362,1137295.851314732,5162884.538036966,3562430.9384029764,1137292.4179685458,5162881.097693969,3562433.2369120875,11.300128635590099,6.619090085309556
61800.0,1137302.8164788533,5162893.040562204,3562425.720217703,7.933951742767472,5,True,1.0053305849432945,0.9999466511310192,1137297.7432255002,5162886.84753302,3562429.521014852,1137302.8164788533,5162893.040562204,3562425.720217703,7.953244071002913,4.450290585867572
61830.0,1137300.5064286578,5162902.561832113,3562426.9858280313,14.7265659479761,5,True,0.4390686869621277,0.9999320077761487,1137298.49113693,5162891.100895235,3562428.8348202105,1137300.5064286578,5162902.561832113,3562426.9858280313,13.179934364997703,3.152602239023116
61860.0,1137299.8534705285,5162894.360422169,3562430.551980958,4.033245768558036,5,True,1.55628751963377,0.9999337358315954,1137298.8604970383,5162891.984628282,3562429.3003821555,1137299.8534705285,5162894.360422169,3562430.551980958,4.300417434393861,3.0346738871787617
61890.0,1137304.0950986503,5162898.223978004,3562425.86974877,12.016492141527007,5,True,0.244157113134861,0.9999418714009675,1137300.283784149,5162893.681106199,3562428.3675936377,1137304.0950986503,5162898.223978004,3562425.86974877,11.27631478245168,5.0810736505946315
61920.0,1137299.7199346614,5162895.000574266,3562436.0816711294,4.185787069324666,5,True,0.9452766582369805,0.9999683439134319,1137300.12933272,5162894.042539051,3562430.480658058,1137299.7199346614,5162895.000574266,3562436.0816711294,6.232998504743564,4.1403550843401415
61950.0,1137294.0636605143,5162889.53771038,3562419.1619604127,4.417317407965658,5,True,0.9691279664635658,0.9998595799872635,1137298.5212601551,5162892.848262283,3562427.479954008,1137294.0636605143,5162889.53771038,3562419.1619604127,13.565373373665674,5.030071296389324
61980.0,1137302.5969544568,5162899.815174791,3562431.746004593,10.796169305552468,5,True,0.6085269123315811,0.9999721029587973,1137299.642936754,5162894.765634429,3562428.6540187825,1137302.5969544568,5162899.815174791,3562431.746004593,10.157729906161988,5.487165201254018
62010.0,1137292.2275579928,5162891.714915289,3562437.5076647014,2.0606393200980757,5,True,1.4566104978322982,0.9999104595662895,1137297.6449062673,5162893.943635979,3562431.0395819526,1137292.2275579928,5162891.714915289,3562437.5076647014,8.51327862227759,3.6658494290543304
62040.0,1137299.4613448794,5162892.003716481,3562436.546750231,2.527054920358728,5,True,0.12788991183042525,0.999973104920751,1137298.1440080008,5162893.410605477,3562432.5527832336,1137299.4613448794,5162892.003716481,3562436.546750231,4.940737288323811,3.000377462218416
62070.0,1137294.5502548763,5162891.240718326,3562433.4383951835,2.9727778738648376,5,True,1.0762196436524392,0.9999380775107641,1137297.1690493138,5162892.821931115,3562432.793043216,1137294.5502548763,5162891.240718326,3562433.4383951835,4.332217806624899,2.830649892670841
62100.0,1137300.2307714853,5162895.702988092,3562436.1560555124,6.273214737864925,5,True,0.4201470836997032,0.9999758146950637,1137298.009197641,5162893.612504219,3562433.7158667115,1137300.2307714853,5162895.702988092,3562436.1560555124,6.909983243165126,3.6256171223203753
62130.0,1137301.4401361167,5162900.561761532,3562429.688488565,11.792121002552514,5,True,1.1471416607499123,0.9999427711640484,1137298.9400514516,5162895.497919156,3562432.6231918293,1137301.4401361167,5162900.561761532,3562429.688488565,10.70474919789131,5.058399440066387
62160.0,1137296.190085482,5162875.859260148,3562423.5605572853,-8.487935910267135,5,True,0.9496118143200875,0.9998785166406406,1137298.2068653987,5162890.261930405,3562430.206944747,1137296.190085482,5162875.859260148,3562423.5605572853,17.030016720674592,1.771907748731481
62190.0,1137295.8573722825,5162884.136485614,3562434.7059903704,-2.2059976949072695,5,True,0.7190836682915688,0.9999729393221035,1137297.5606779598,5162888.577232776,3562431.444329419,1137295.8573722825,5162884.136485614,3562434.7059903704,7.44689007344059,2.2159668827341568
62220.0,1137300.6859964316,5162886.488120915,3562433.911418085,-0.16312806241174735,5,True,0.7754292160272598,0.9999576511476308,1137298.4137880537,5162888.006973319,3562432.1177642266,1137300.6859964316,5162886.488120915,3562433.911418085,4.963399106924197,2.5064416804017147
62250.0,1137300.792166074,5162896.062677769,3562426.149038693,8.104800419083396,5,True,0.8689346238970757,0.9999424033499343,1137299.059663376,5162890.194590537,3562430.4968896243,1137300.792166074,5162896.062677769,3562426.149038693,8.329613327747436,1.5538311226601862
62280.0,1137299.557065965,5162883.485816074,3562437.279097051,-4.071696258406088,5,True,1.171547682583332,0.999941846963027,1137299.1947775732,5162888.372222307,3562432.3392051486,1137299.557065965,5162883.485816074,3562437.279097051,8.881599125955095,2.2653061640957652
62310.0,1137292.4292748114,5162873.965801404,3562428.212704981,-10.09070739950166,5,True,2.5659907430410387,0.9998837423703517,1137297.3867796888,5162884.522282483,3562431.236448438,1137292.4292748114,5162873.965801404,3562428.212704981,18.018909564045266,6.130895292777778
62340.0,1137304.4142196444,5162905.86934178,3562423.886764208,18.138520564891923,5,True,0.8799144491553307,0.9999224110851006,1137299.2920922649,5162890.309997611,3562429.2437674785,1137304.4142196444,5162905.86934178,3562423.886764208,18.3105876058917,2.7949626602128417
62370.0,1137296.9242480255,5162889.4214903535,3562439.198675356,1.3491163966491218,5,True,1.305882816016674,0.9999098862802315,1137298.652627207,5162890.070045449,3562431.9322110997,1137296.9242480255,5162889.4214903535,3562439.198675356,7.525259221918374,0.44642048597271355
62400.0,1137302.8799246314,5162898.545971613,3562437.9830098036,6.341819759876409,5,True,0.6446387559175492,0.9999477267776308,1137299.8072747532,5162892.385166994,3562433.584931307,1137302.8799246314,5162898.545971613,3562437.9830098036,10.960578497071545,2.8069203895708688
62430.0,1137293.6605047595,5162872.892310284,3562440.0193955624,-15.322656841727111,5,True,1.7922003254294396,0.9998752592972361,1137298.1657911576,5162887.179635543,3562435.303243125,1137293.6605047595,5162872.892310284,3562440.0193955624,19.985585708891815,4.750561340833583
62460.0,1137288.249987589,5162869.988347708,3562421.030217144,-13.648522840451863,5,True,0.2843973323702812,0.999886184620879,1137295.5013298918,5162882.560189401,3562431.467958913,1137288.249987589,5162869.988347708,3562421.030217144,25.408875667837727,8.518056156820759
62490.0,1137298.0303864563,5162898.353895609,3562430.575027614,9.48128390179992,5,True,1.4515981674194336,0.9999506171693942,1137296.1942391668,5162886.887338771,3562431.223314176,1137298.0303864563,5162898.353895609,3562430.575027614,7.983469560815315,4.3694376968367985
62520.0,1137303.7237852311,5162901.255118645,3562428.7814359567,9.87025609859166,5,True,0.0008447378873825073,0.9999621053213763,1137298.257619626,5162890.824653979,3562430.5541471695,1137303.7237852311,5162901.255118645,3562428.7814359567,12.343156090136688,1.4414007696902207
62550.0,1137294.8988191776,5162893.285345254,3562430.18462463,5.782458548006348,5,True,0.620567886531353,0.9999416579033352,1137297.3446517496,5162891.493503505,3562430.453705892,1137294.8988191776,5162893.285345254,3562430.18462463,4.906368785761357,2.1442160738955955
62580.0,1137301.2982637747,5162897.360657214,3562432.988776709,7.952520996257968,5,True,0.3333477914333344,0.9999777453174384,1137298.4304331045,5162893.10480124,3562431.1499129576,1137301.2982637747,5162897.360657214,3562432.988776709,7.465708402204986,2.7185469934522932
62610.0,1137300.803939113,5162888.257486683,3562437.739308072,-1.923304387692205,5,True,0.8792686089873314,0.9999537313854057,1137299.0764416158,5162891.785484394,3562432.943380222,1137300.803939113,5162888.257486683,3562437.739308072,6.625832327927809,1.7193166466176104
62640.0,1137295.619064483,5162877.2829361195,3562432.548447566,-9.98068070746739,5,True,0.35885992348194123,0.9999676851343471,1137298.1313962087,5162887.821332926,3562432.8354286514,1137295.619064483,5162877.2829361195,3562432.548447566,13.553812916330656,2.860325240948098
62670.0,1137298.940197895,5162893.305441215,3562436.2794252955,5.638492916428302,5,True,0.3673980936408043,0.9999778447881714,1137298.3529778924,5162889.323775328,3562433.77895608,1137298.940197895,5162893.305441215,3562436.2794252955,5.189473771042947,2.201462705702721
62700.0,1137302.0461070465,5162896.427745076,3562429.640759783,8.926356098462433,5,True,1.3776161223649979,0.9999663355637723,1137299.3604820692,5162891.261773945,3562432.650035352,1137302.0461070465,5162896.427745076,3562429.640759783,7.2532101455334175,1.3272767511446373
62730.0,1137295.7544720422,5162895.788674217,3562432.3943186756,5.9895517683083135,5,True,0.20144848823547362,0.9999371952257425,1137298.3847753352,5162892.486653256,3562432.580844063,1137295.7544720422,5162895.788674217,3562432.3943186756,5.994532037337735,2.093840505510778
62760.0,1137299.518594423,5162885.792911011,3562434.439258979,-1.9150263291474012,5,True,0.20979002118110657,0.9999547968161518,1137298.6936527714,5162890.663129587,3562433.087117454,1137299.518594423,5162885.792911011,3562434.439258979,5.425187227776683,1.1779699468444136
62790.0,1137296.4488133022,5162891.8668488115,3562437.643753392,0.8272582572392122,5,True,2.2409558609127997,0.9999089645276453,1137298.090128146,5162890.98674925,3562434.3121680804,1137296.4488133022,5162891.8668488115,3562437.643753392,6.236874763144221,2.472990885784095
62820.0,1137296.7689750232,5162892.378321271,3562440.061971099,1.0104472965813966,5,True,0.3372537404298782,0.9999570347010469,1137297.729096102,5162891.3670246955,3562435.8834190588,1137296.7689750232,5162892.378321271,3562440.061971099,8.532269183040937,4.128155699009388
62850.0,1137297.7399709423,5162890.091917931,3562434.317978367,1.0141229875379287,5,True,0.1831239715218544,0.9999836797665244,1137297.7320866345,5162891.0163760325,3562435.4529298632,1137297.7399709423,5162890.091917931,3562434.317978367,2.553155921531915,3.651726423942268
62880.0,1137302.4787769509,5162893.739194843,3562430.877605999,6.56410570540876,5,True,0.5127916738390923,0.999976166562405,1137299.031668133,5162891.76184808,3562434.2002662495,1137302.4787769509,5162893.739194843,3562430.877605999,5.202377761458312,2.641603063863461
62910.0,1137297.6296580646,5162888.896469351,3562437.821544088,-0.5304346627868435,5,True,0.6868261337280274,0.9999594944293856,1137298.649939583,5162890.981684733,3562435.1862400095,1137297.6296580646,5162888.896469351,3562437.821544088,6.174913574155736,3.2931953990711804
62940.0,1137299.3250755996,5162897.770543495,3562436.6356870467,6.450284230468237,5,True,0.2031933143734932,0.9999709079514768,1137298.8344665228,5162892.8372031795,3562435.58240022,1137299.3250755996,5162897.770543495,3562436.6356870467,8.693322909578034,4.344533148342774
62970.0,1137296.7138152628,5162885.974787938,3562423.09714477,0.35135106040182695,5,True,0.3925759166479111,0.9999563778945788,1137298.2574760471,5162890.970065329,3562432.1853902466,1137296.7138152628,5162885.974787938,3562423.09714477,10.092971266817958,0.6045374986960715
63000.0,1137303.296370443,5162907.439853099,3562442.6248868657,14.10116034816003,5,True,1.1150932878255844,0.9998774232622205,1137299.5986987823,5162895.353894809,3562434.9641129402,1137303.296370443,5162907.439853099,3562442.6248868657,20.58716358780785,5.818222993847472
63030.0,1137295.4393023301,5162892.615078419,3562434.9769447288,3.431837966958259,5,True,0.5581525877118111,0.999961735426363,1137298.4591450596,5162894.60353873,3562434.967628477,1137295.4393023301,5162892.615078419,3562434.9769447288,4.83568249100331,5.10396523950632
63060.0,1137306.7990231006,5162898.8710620785,3562428.6692284504,10.984734028998798,5,True,0.3439766079187393,0.9998990006302135,1137300.6984383862,5162895.749387207,3562433.2764808275,1137306.7990231006,5162898.8710620785,3562428.6692284504,12.198597937324395,5.829347243473216
63090.0,1137299.410885903,5162883.540106598,3562427.4127832926,-3.970581831891065,5,True,0.6684637010097504,0.999970995411256,1137300.3446889785,5162892.394940814,3562431.665455602,1137299.410885903,5162883.540106598,3562427.4127832926,8.344849492453454,2.6254227393612712
63120.0,1137299.762932293,5162896.66910066,3562425.1288713473,9.291589143516617,5,True,2.0201303169131277,0.9997879251649314,1137300.1934030904,5162893.506436537,3562429.9656161703,1137299.762932293,5162896.66910066,3562425.1288713473,9.26064794034243,3.949690039585399
63150.0,1137294.119307247,5162875.054792834,3562438.6263459814,-11.251438412648088,5,True,0.8004569590091706,0.9999412889679558,1137298.5291374086,5162888.450797281,3562432.3386039822,1137294.119307247,5162875.054792834,3562438.6263459814,17.40879483290149,2.0925577076049633
63180.0,1137301.0163327362,5162894.34856595,3562429.29530935,5.801357687070467,5,True,0.6261765480041503,0.9999760719461944,1137299.2148093453,5162890.076698721,3562431.499626158,1137301.0163327362,5162894.34856595,3562429.29530935,5.27661322521342,0.9039180925883379
63210.0,1137299.9194554375,5162886.461405592,3562427.725448687,0.9046999767451404,5,True,1.2471249476075172,0.9999427143411856,1137299.4064457612,5162889.093479165,3562430.473196221,1137299.9194554375,5162886.461405592,3562427.725448687,5.991918403074172,2.2028428500032367
63240.0,1137306.0696168158,5162899.136476954,3562432.9337397073,11.27347667805515,5,True,1.5322154089808464,0.9999290279435814,1137301.2110858404,5162891.8135048365,3562431.139604956,1137306.0696168158,5162899.136476954,3562432.9337397073,11.497144166619089,3.075160600088841
63270.0,1137303.0708887484,5162897.049218952,3562439.3265176127,5.161985599184246,5,True,0.4774226725101471,0.9999621642168591,1137301.7199312057,5162893.246005479,3562433.3795587397,1137303.0708887484,5162897.049218952,3562439.3265176127,10.865568388499312,4.440090316846577
63300.0,1137299.980473498,5162883.288386867,3562425.9857026404,-0.35770729162448506,5,True,0.25031943768262865,0.9999552466572946,1137301.2456833487,5162890.531148276,3562431.3636888545,1137299.980473498,5162883.288386867,3562425.9857026404,9.457603077510804,2.7607558161017245
63330.0,1137304.751536654,5162907.593813787,3562434.291105315,17.10834360529988,5,True,0.09153859317302704,0.9999347108480648,1137302.1955166275,5162895.153899463,3562432.156807486,1137304.751536654,5162907.593813787,3562434.291105315,18.33602038983484,5.917618044358048
63360.0,1137301.801431189,5162893.268086188,3562427.172065986,7.115877734510368,5,True,0.47197770327329636,0.9999611564821134,1137302.0878336532,5162894.638605157,3562430.794737897,1137301.801431189,5162893.268086188,3562427.172065986,6.394847045741315,5.56348613897928
63390.0,1137299.3924279886,5162892.983728984,3562426.859203939,6.0256350986771094,5,True,0.49533710479736326,0.9999613405952861,1137301.3520176758,5162894.1868422385,3562429.7203805917,1137299.3924279886,5162892.983728984,3562426.859203939,5.708320880331775,5.132124368968836
63420.0,1137300.1720495108,5162890.038204492,3562429.0248921146,2.7226530635878317,5,True,0.5801919102668762,0.9999704838849303,1137301.0292263832,5162893.0519437045,3562429.5301232347,1137300.1720495108,5162890.038204492,3562429.0248921146,3.36238953725672,4.2933869719414
63450.0,1137304.6119166205,5162905.512319754,3562431.714212574,16.85182542813389,5,True,0.4081128746271133,0.9999600995302013,1137302.0055957318,5162896.447696181,3562430.125340165,1137304.6119166205,5162905.512319754,3562431.714212574,16.191041009138058,7.111972277353173
63480.0,1137302.2262503256,5162890.549763524,3562419.1394622438,5.699742267864749,5,True,0.15509770810604095,0.9999245063433422,1137302.0651285998,5162894.85642704,3562427.16133743,1137302.2262503256,5162890.549763524,3562419.1394622438,13.30994894503015,7.3546318679154945
63510.0,1137309.886124761,5162902.442096586,3562427.838237558,13.219252251537805,5,True,0.625312440097332,0.9997576111825873,1137304.0818216305,5162896.812439623,3562427.335880384,1137309.886124761,5162902.442096586,3562427.838237558,16.968590880119223,9.569926835432039
63540.0,1137300.2989814857,5162894.130287979,3562425.809425317,7.116113012596742,5,True,0.7433198034763336,0.9999614583801508,1137303.0376552867,5162896.072093119,3562426.914537439,1137300.2989814857,5162894.130287979,3562425.809425317,7.3278070377383475,8.738584628648477
63570.0,1137301.4266246061,5162900.345489946,3562434.6461650664,11.118245959957529,5,True,0.14978078305721282,0.9999710267858054,1137302.5942981616,5162897.248135856,3562429.0422884743,1137301.4266246061,5162900.345489946,3562434.6461650664,10.609669414090858,8.381036642006494
63600.0,1137293.5665219682,5162882.62027238,3562440.763457875,-7.56031066624452,5,True,0.8906047865748405,0.9999123219305787,1137300.1600187605,5162893.303830418,3562432.2028233185,1137293.5665219682,5162882.62027238,3562440.763457875,12.843048094720885,3.245266015746957
63630.0,1137293.8067980339,5162887.49151888,3562427.188122536,0.32368078284920343,5,True,0.052517634630203244,0.9999408067563997,1137298.4304281946,5162891.721496097,3562430.8376292638,1137293.8067980339,5162887.49151888,3562427.188122536,7.347821119672679,1.6402360358018677
63660.0,1137297.6608660375,5162881.362271633,3562429.8033075617,-4.2893062786889855,5,True,0.10819173157215119,0.9999734204193107,1137298.2191340278,5162888.877224608,3562430.553641622,1137297.6608660375,5162881.362271633,3562429.8033075617,9.426222143164912,2.154556185297581
63690.0,1137298.91291547,5162895.83812652,3562425.316747633,7.396029928893919,5,True,0.8178695723414421,0.9999426248231648,1137298.4075101,5162890.767254061,3562429.131716129,1137298.91291547,5162895.83812652,3562425.316747633,8.504823745699873,2.8137918561200417
63720.0,1137299.5801572283,5162896.314832863,3562421.760685424,11.39298063994492,5,True,1.134255801141262,0.9999064231465716,1137298.7227955912,5162892.258811979,3562427.149893139,1137299.5801572283,5162896.314832863,3562421.760685424,11.758480937201536,5.095303406819467
63750.0,1137298.6724965519,5162891.602293906,3562434.0955866836,2.839036852212085,5,True,1.3956152006983757,0.999959538535075,1137298.709032792,5162892.079175814,3562429.0503705167,1137298.6724965519,5162891.602293906,3562434.0955866836,2.4322644563045217,3.2867302949389248
63780.0,1137302.0065315573,5162897.675016944,3562431.7549059703,8.274979635318125,5,True,0.04943874627351761,0.9999803023244321,1137299.6150879036,5162893.616747417,3562429.793496852,1137302.0065315573,5162897.675016944,3562431.7549059703,7.9661638638362495,3.9251744284296244
63810.0,1137301.2630019942,5162895.1725347275,3562436.8788543404,6.260203279059006,5,True,0.38900303542613984,0.9999723027493707,1137300.0658879867,5162894.042345482,3562431.7317530774,1137301.2630019942,5162895.1725347275,3562436.8788543404,7.3275381857204325,3.857890687996382
63840.0,1137303.5951156737,5162905.380216031,3562423.3146135435,18.658907465348115,5,True,1.4418029367923737,0.9999125405864545,1137301.0142994071,5162897.089178066,3562429.469810248,1137303.5951156737,5162905.380216031,3562423.3146135435,17.91841236638049,7.452055340793474
63870.0,1137302.5843359255,5162901.352736895,3562429.501322751,12.060729576481949,5,True,1.1078904092311859,0.999927792669192,1137301.439349548,5162898.243435473,3562429.4783415105,1137302.5843359255,5162901.352736895,3562429.501322751,11.82967194617782,8.620254524947523
63900.0,1137299.3998379705,5162899.069581105,3562423.4554848257,13.34464390969446,5,True,1.4391183793544768,0.9998834759166091,1137300.893729567,5162898.46444994,3562427.8670778205,1137299.3998379705,5162899.069581105,3562423.4554848257,12.080270977189288,9.241912642181601
63930.0,1137303.7672813113,5162899.321303049,3562436.1188284564,11.2472842957084,5,True,1.3827229857444763,0.9998709122494349,1137301.6619515112,5162898.693523024,3562430.0731198476,1137303.7672813113,5162899.321303049,3562436.1188284564,11.07234147501953,8.958543171919954
63960.0,1137306.7097141882,5162903.80550688,3562429.925739176,14.60739975849858,5,True,2.265645432472229,0.9998611454927498,1137303.0107190087,5162900.059450489,3562430.033739577,1137306.7097141882,5162903.80550688,3562429.925739176,15.73711399362555,10.717980685255279
63990.0,1137309.2229036086,5162909.208489113,3562441.238227751,18.16070046640809,5,True,0.24689573049545288,0.9998157623643119,1137304.6522951792,5162902.477093356,3562432.994537102,1137309.2229036086,5162909.208489113,3562441.238227751,23.46462649656728,13.48435618529758
64020.0,1137300.2145216968,5162891.086791099,3562433.201518947,4.420413775019658,5,True,1.113285568356514,0.9999585604652166,1137303.4268740998,5162899.3318412285,3562433.0516918707,1137300.2145216968,5162891.086791099,3562433.201518947,2.1793960657784344,10.151489184776887
64050.0,1137301.2177897096,5162888.356105231,3562432.1627331604,-1.2149090813022854,5,True,0.6696563318371773,0.9999560126944045,1137302.8210510379,5162896.321836713,3562432.807902321,1137301.2177897096,5162888.356105231,3562432.1627331604,3.4371373764310214,7.275010494335631
64080.0,1137301.8287147267,5162892.002823315,3562432.7908441434,4.8487849244882355,5,True,0.014983829855918885,0.9999730358836152,1137302.5484279452,5162895.135280525,3562432.803215953,1137301.8287147267,5162892.002823315,3562432.7908441434,3.712430732669438,6.1853697875466205
64110.0,1137301.9148578432,5162890.563714741,3562421.3233208437,5.344411790122867,5,True,0.29478679299354554,0.99993827461847,1137302.3765464171,5162893.895058314,3562429.688829863,1137301.9148578432,5162890.563714741,3562421.3233208437,11.129449362506909,5.587348356131942
64140.0,1137306.398586606,5162907.291651838,3562436.594234204,17.289585407930574,5,True,0.6386247634887695,0.9999310574414833,1137303.4660823806,5162897.5240798425,3562431.559444282,1137306.398586606,5162907.291651838,3562436.594234204,19.11323722281866,8.582692339706433
64170.0,1137302.6146271639,5162910.155390832,3562437.1380387717,19.3375691317989,5,True,0.5127722889184951,0.9999168697337738,1137303.2361981901,5162900.934404477,3562433.065607675,1137302.6146271639,5162910.155390832,3562437.1380387717,20.734413756910516,11.494527385561586
64200.0,1137302.7478973716,5162890.405742392,3562426.584039921,6.9152698319132275,5,True,0.7720799326896668,0.9999509765744085,1137303.1029112164,5162898.060492632,3562431.2963938667,1137302.7478973716,5162890.405742392,3562426.584039921,6.801554627814689,8.848918939795587
64230.0,1137304.660753907,5162889.384508333,3562430.1422538203,2.8440739279044296,5,True,0.17361186891794206,0.9999026654728101,1137303.5217594604,5162895.727830413,3562430.986086841,1137304.660753907,5162889.384508333,3562430.1422538203,6.4702471505982855,7.278077226529636
64260.0,1137303.5333042934,5162895.422402208,3562439.578327806,6.111069453064156,5,True,0.6754252463579178,0.9999520884377909,1137303.524914051,5162895.644373087,3562433.3338904814,1137303.5333042934,5162895.422402208,3562439.578327806,10.372910834502775,7.295051048140938
64290.0,1137305.5253373296,5162905.389815915,3562431.139413547,16.061550156710616,5,True,0.5131220266222953,0.9999701260146473,1137304.0734231034,5162898.316539358,3562432.7321725963,1137305.5253373296,5162905.389815915,3562431.139413547,16.461638536455936,9.60589295117831
64320.0,1137311.1150804558,5162910.526413537,3562423.3709210134,23.83763918225509,5,True,0.9625757023692131,0.9996452091948885,1137305.8311015377,5162901.364263985,3562430.395496839,1137311.1150804558,5162910.526413537,3562423.3709210134,25.144196656030893,13.169181824392144
64350.0,1137309.0701975564,5162917.507387569,3562429.11132285,28.251453645212532,5,True,0.1808551639318466,0.9999378755309895,1137306.7237813992,5162905.8132340815,3562430.041584435,1137309.0701975564,5162917.507387569,3562429.11132285,29.12024102266591,17.46088465002246
64380.0,1137306.6800314365,5162903.5958225345,3562416.1880161613,19.345821513139526,5,True,0.6413215264678002,0.9998218613190185,1137306.7121943098,5162905.225957105,3562426.372494812,1137306.6800314365,5162903.5958225345,3562416.1880161613,22.03234980583251,17.730572038380462
64410.0,1137303.1687929195,5162904.166167447,3562425.696243108,15.640304819180185,5,True,0.09675502926111221,0.9999454010710541,1137305.7374548141,5162904.934423992,3562426.186467554,1137303.1687929195,5162904.166167447,3562425.696243108,15.7140300938353,17.117294797456278
64440.0,1137299.8971129323,5162887.147056426,3562435.434730874,1.4952276284781272,5,True,1.171925850212574,0.9999499583765084,1137304.1373893723,5162900.061258566,3562428.7201936324,1137299.8971129323,5162887.147056426,3562435.434730874,5.037725243068478,11.530442942638471
64470.0,1137303.2898425125,5162903.541955717,3562425.0763663095,16.027340564339315,5,True,0.7307503432035446,0.9999469542375499,1137303.9061090928,5162901.011078155,3562427.725858756,1137303.2898425125,5162903.541955717,3562425.0763663095,15.476096852252967,12.52390152796295
64500.0,1137309.5123619584,5162905.91001738,3562430.7080162065,17.165282284219334,5,True,0.4694697007536888,0.9998893558678155,1137305.4087558524,5162902.324143285,3562428.525167909,1137309.5123619584,5162905.91001738,3562430.7080162065,18.952058284036607,14.087577419878164
64530.0,1137306.687496635,5162908.283350458,3562429.1230033934,20.363690581406836,5,True,0.16301725953817367,0.9999548141067476,1137305.7588271385,5162903.955550798,3562428.6888328516,1137306.687496635,5162908.283350458,3562429.1230033934,19.757038732812354,15.605544757664472
64560.0,1137312.7502719813,5162919.594941789,3562437.3916163677,26.898347562976678,5,True,0.9880867093801499,0.9998910148559642,1137307.6337575705,5162908.149643832,3562431.022701462,1137312.7502719813,5162919.594941789,3562437.3916163677,32.83291561196764,19.870991490281796
64590.0,1137307.4588991392,5162897.253588569,3562431.5728132394,9.929858225168532,5,True,0.03866046518087387,0.9999105423505406,1137307.586492671,5162905.204398619,3562431.171398769,1137307.4588991392,5162897.253588569,3562431.5728132394,11.188316940823062,17.27653158763178
64620.0,1137304.2744639567,5162901.822659588,3562422.338292216,15.157411703783527,5,True,0.8614457935094834,0.9999204669518337,1137306.6885624293,5162904.287569084,3562428.7766388846,1137304.2744639567,5162901.822659588,3562422.338292216,15.905117438054546,16.318562999701374
64650.0,1137305.0791128706,5162903.315458808,3562413.2324700835,19.177448757515577,5,True,0.37455746680498125,0.9997723569910205,1137306.2703779812,5162904.034984965,3562424.737786212,1137305.0791128706,5162903.315458808,3562413.2324700835,23.589393324358333,17.162191865768488
64680.0,1137316.8346450573,5162921.974266325,3562435.325753634,31.625623179508445,5,True,0.012480317056179047,0.9997823888687039,1137309.0450003878,5162908.746597391,3562427.51863333,1137316.8346450573,5162921.974266325,3562435.325753634,36.55861883552203,21.507312001675913
64710.0,1137298.8682329315,5162893.566381874,3562427.7665826036,8.599360791878151,5,True,1.4020627975463866,0.9999027923622619,1137306.2693130216,5162904.606232327,3562427.5862608617,1137298.8682329315,5162893.566381874,3562427.7665826036,5.178974839615596,16.65690463903854
64740.0,1137308.9902970386,5162894.87387493,3562418.051943191,11.049732124144649,5,True,0.6492350623011589,0.9989521376354268,1137306.8395160062,5162902.566742496,3562425.5882717674,1137308.9902970386,5162894.87387493,3562418.051943191,17.911705628663384,15.955218182278434
64770.0,1137311.3248827332,5162898.760237574,3562418.219758094,16.022171698072114,5,True,0.8728435099124908,0.9986170387194241,1137307.742461874,5162901.800457797,3562424.1049217144,1137311.3248827332,5162898.760237574,3562418.219758094,20.481803658083134,16.53716497708694
64800.0,1137309.1082177965,5162905.190463225,3562432.6180570335,18.199969841542966,5,True,0.7886586368083954,0.9998940109872645,1137308.1420213324,5162902.792222658,3562426.5954865958,1137309.1082177965,5162905.190463225,3562432.6180570335,18.10537198737079,16.480511137510454
64830.0,1137307.0553238117,5162897.444344768,3562422.7587023093,13.085764868579957,5,True,0.21864930540323257,0.9998205625192605,1137307.8421424732,5162901.316452731,3562425.536709454,1137307.0553238117,5162897.444344768,3562422.7587023093,14.308670982880319,15.628909989466887
64860.0,1137317.6547294029,5162920.363665511,3562429.4901305283,31.591632388777867,5,True,0.45749764442443847,0.999415566383986,1137310.225730331,5162905.943235192,3562426.4970399495,1137317.6547294029,5162920.363665511,3562429.4901305283,35.53650175214668,20.109330872700568
64890.0,1137304.0609934493,5162896.185045975,3562437.6354776626,10.208739171906725,5,True,2.8679731294512747,0.999290893280323,1137308.75906956,5162903.621651385,3562429.1470005168,1137304.0609934493,5162896.185045975,3562437.6354776626,9.761219102780219,16.858130888325118
64920.0,1137312.8373453715,5162911.3364161225,3562425.051485587,24.161745830520953,5,True,1.5490113914012908,0.9991736834268697,1137309.7123106704,5162905.424871973,3562428.189729999,1137312.8373453715,5162911.3364161225,3562425.051485587,26.18492582258436,19.01020823010508
64950.0,1137311.956578824,5162914.02682463,3562424.392670205,25.075730900276593,5,True,1.5704958349466325,0.9996768002941938,1137310.320121974,5162907.754524091,3562427.1613787925,1137311.956578824,5162914.02682463,3562424.392670205,28.108427785715506,21.425144073949756
64980.0,1137308.3882408435,5162909.94274316,3562428.996067306,21.17450131560654,5,True,1.3449582874774932,0.9999060394518421,1137309.7724490087,5162908.374866827,3562427.6814984223,1137308.3882408435,5162909.94274316,3562428.996067306,21.986940298640004,21.529894729687573
65010.0,1137313.0343474708,5162908.318137813,3562427.026313612,22.352892421394387,5,True,0.8924762204289436,0.999380207975211,1137310.5545690819,5162908.361264656,3562427.524401812,1137313.0343474708,5162908.318137813,3562427.026313612,23.481946008475656,21.96783866221601
65040.0,1137311.6668170728,5162911.8740786,3562421.5679781577,24.602062683375717,5,True,0.7503294348716736,0.999426007981183,1137310.8288562817,5162909.227546194,3562426.0555110807,1137311.6668170728,5162911.8740786,3562421.5679781577,27.134958089463886,23.152552193601007
65070.0,1137315.5954540665,5162910.859899324,3562420.2299648686,26.138022933715284,5,True,1.0670698404312133,0.9991656129442319,1137311.9331291493,5162909.605711785,3562424.7059127064,1137315.5954540665,5162910.859899324,3562420.2299648686,29.018111422541192,24.420780037412428
65100.0,1137322.9112470755,5162926.701369925,3562423.8518394036,38.5245342920681,5,True,1.7440670907497406,0.9892138144976758,1137312.3786780369,5162910.299542141,3562424.671249988,1137322.9112470755,5162926.701369925,3562423.8518394036,44.37738694146521,25.218956994107135
65130.0,1137325.065748991,5162939.934820982,3562418.8773650755,51.7850883940542,5,True,2.2453847348690035,0.9956767768655246,1137313.9959262777,5162914.077214919,3562423.9326910083,1137325.065748991,5162939.934820982,3562418.8773650755,57.59591892730219,29.299628626692257
65160.0,1137312.930508046,5162914.051670332,3562415.7950109732,31.62212678780579,5,True,0.30471334904432296,0.9992431746035928,1137313.6852494439,5162914.069766097,3562421.5597368083,1137312.930508046,5162914.051670332,3562415.7950109732,31.96639574299495,29.869659882275897
65190.0,1137317.5163464427,5162919.521866017,3562423.2894112747,36.02948690227005,5,True,1.1335768476128578,0.997787168885883,1137314.4170513952,5162915.111206019,3562421.890132815,1137317.5163464427,5162919.521866017,3562423.2894112747,35.731104204806684,30.956767135375717
65220.0,1137321.6750589695,5162929.307428149,3562429.7901512925,41.65489577697258,5,True,0.624661898612976,0.9990535982550622,1137316.3151873979,5162918.82384479,3562423.9561694427,1137321.6750589695,5162929.307428149,3562429.7901512925,45.226341208079276,34.372583365570065
65250.0,1137316.8493723092,5162914.086451959,3562419.634726522,29.28859450346097,5,True,2.0656058520078657,0.9973589277269744,1137316.4054323016,5162918.023512265,3562423.226107265,1137316.8493723092,5162914.086451959,3562419.634726522,32.2869121837054,33.943687477606275
65280.0,1137312.1736894348,5162905.1705806665,3562424.8612133097,21.066668615663446,5,True,0.5605831146240234,0.9996404698035428,1137315.1270856268,5162914.140832507,3562423.7200485184,1137312.1736894348,5162905.1705806665,3562424.8612133097,21.23390583208187,30.01924912461645
65310.0,1137325.1379324435,5162932.112834691,3562408.2631403967,49.56386329634534,5,True,0.5085837826132774,0.9806714197870453,1137315.3155517778,5162914.479176919,3562423.429053757,1137325.1379324435,5162932.112834691,3562408.2631403967,54.7607593882385,30.469890595010206
65340.0,1137318.7688737724,5162908.851895149,3562421.070868468,24.293703374274344,5,True,0.9881842151284218,0.996562186408295,1137315.8730085613,5162913.570785984,3562423.0483807735,1137318.7688737724,5162908.851895149,3562421.070868468,29.388003608667038,30.187856022055854
65370.0,1137325.4768312932,5162923.677255702,3562410.4019347876,42.35930987453053,5,True,0.5875544652342797,0.983456192869681,1137316.157132984,5162913.8697809735,3562422.674241822,1137325.4768312932,5162923.677255702,3562410.4019347876,47.84738192730028,30.690457067087962
65400.0,1137327.7440899557,5162938.48675087,3562413.51002813,53.32946629649543,5,True,1.3567998498678207,0.9903186487665613,1137316.973101674,5162915.603340245,3562422.028885888,1137327.7440899557,5162938.48675087,3562413.51002813,59.11336743142028,32.675638229695835
65430.0,1137320.418845261,5162917.0475926995,3562417.884943276,32.75816896970388,5,True,2.13010955452919,0.9936225297769936,1137317.389096063,5162915.777700554,3562421.5286000045,1137320.418845261,5162917.0475926995,3562417.884943276,37.15365640348176,33.19854888726504
65460.0,1137325.053128518,5162931.042743361,3562418.082976178,46.94109945687024,5,True,1.759836620092392,0.9816529747361875,1137317.637762108,5162916.272987837,3562421.4168038117,1137325.053128518,5162931.042743361,3562418.082976178,50.37811423962683,33.75200463124462
65490.0,1137333.7908246994,5162944.091142081,3562404.6455343203,61.44434945158898,5,True,0.2693371564149857,0.7869537736654553,1137317.6446697765,5162916.284883946,3562421.4096317743,1137333.7908246994,5162944.091142081,3562404.6455343203,69.70278438632354,33.76722926379979
65520.0,1137334.1042341643,5162936.759340065,3562416.053875476,52.923199077266496,5,True,0.5769114121794701,0.8314692600304803,1137317.657205145,5162916.300476999,3562421.405552907,1137334.1042341643,5162936.759340065,3562416.053875476,60.466886813895165,33.787496525315156
65550.0,1137326.8408934334,5162931.518656548,3562419.467254526,47.47414662936556,5,True,0.04183641374111176,0.9716825988111026,1137317.8636167576,5162916.642519203,3562421.3619879163,1137326.8408934334,5162931.518656548,3562419.467254526,51.36467257084648,34.17910981123544
65580.0,1137327.2859987803,5162929.205927021,3562415.6153009553,45.578815768972284,5,True,0.6802280128002167,0.9664296527208684,1137318.0350725276,5162916.871131114,3562421.257417476,1137327.2859987803,5162929.205927021,3562415.6153009553,50.89398782117162,34.48319779162288
65610.0,1137333.162777711,5162946.237232293,3562409.717134052,61.503522344975394,5,True,0.36501984745264054,0.8777634401584586,1137318.0627888504,5162916.924934406,3562421.2362738713,1137333.162777711,5162946.237232293,3562409.717134052,69.26894361037546,34.5465510197935
65640.0,1137328.275673015,5162933.94302591,3562416.4297707817,51.815858354790265,5,True,1.4126716762781144,0.9459245330584052,1137318.1563489088,5162917.080836853,3562421.192241578,1137328.275673015,5162933.94302591,3562416.4297707817,54.87509504068096,34.73228767894625
65670.0,1137338.8916468394,5162954.219954865,3562406.462869352,70.4748536007254,5,True,0.512496480345726,0.4664197065099701,1137318.1588231272,5162917.085268441,3562421.1904840106,1137338.8916468394,5162954.219954865,3562406.462869352,79.60132106917575,34.7376193215636
65700.0,1137336.4765683908,5162946.663667879,3562398.714242989,64.98399164634661,5,True,1.335473619401455,0.4647432502281412,1137318.1611595256,5162917.089041117,3562421.1876172028,1137336.4765683908,5162946.663667879,3562398.714242989,75.47313440651295,34.742711883360236
65730.0,1137330.8532573883,5162939.477315891,3562411.21886972,55.85712199526329,5,True,0.16445994079113008,0.9088954296130929,1137318.215661596,5162917.185180253,3562421.144809671,1137330.8532573883,5162939.477315891,3562411.21886972,62.22003292775726,34.86029356830432
65760.0,1137337.9600194087,5162941.064994626,3562414.2748806663,59.19838873648079,5,True,0.8888123705983162,0.5386241729948531,1137318.2195005694,5162917.1898233,3562421.1434739237,1137337.9600194087,5162941.064994626,3562414.2748806663,66.49704038017944,34.86642699152524
65790.0,1137342.5828722983,5162961.782602973,3562415.48826276,75.2505032808506,5,True,0.34994338303804395,0.43528729303963787,1137318.2228713694,5162917.195992944,3562421.142691496,1137342.5828722983,5162961.782602973,3562415.48826276,85.38474234898838,34.873293550706826
65820.0,1137337.4075154564,5162940.207345243,3562402.5580282835,60.444319999776425,5,True,1.4873851016163826,0.1675762554200405,1137318.2241715088,5162917.197552418,3562421.141432017,1137337.4075154564,5162940.207345243,3562402.5580282835,69.59609668785178,34.875610480022836
65850.0,1137342.2571417405,5162961.190861898,3562410.5655969568,77.9023511856241,5,True,1.1195532605051994,0.3210808700349239,1137318.2267477557,5162917.202268341,3562421.140298326,1137342.2571417405,5162961.190861898,3562410.5655969568,85.8141428517982,34.88102464425846
65880.0,1137342.9933453992,5162953.620919988,3562406.834846352,74.53052700379894,5,True,0.6009686723351478,0.16083708848174627,1137318.228581364,5162917.204964615,3562421.1392392144,1137342.9933453992,5162953.620919988,3562406.834846352,81.17510612698658,34.884450771461424
65910.0,1137348.9627497804,5162967.60073772,3562403.4812400555,86.05010874055407,5,True,1.435553078353405,0.1000836814516427,1137318.228581364,5162917.204964615,3562421.1392392144,1137348.9627497804,5162967.60073772,3562403.4812400555,96.41296973328367,34.884450771461424
65940.0,1137341.5299822649,5162961.031580285,3562407.5804579533,79.14780012845141,5,True,1.1791847929358483,0.24978801912770843,1137318.2309507255,5162917.209421047,3562421.1378605138,1137341.5299822649,5162961.031580285,3562407.5804579533,86.1103388808681,34.88962537817465
65970.0,1137341.9731778805,5162945.396928553,3562407.9451079937,67.48811605487444,5,True,1.453357458114624,0.17409027528353693,1137318.2330350394,5162917.211895609,3562421.1367023312,1137341.9731778805,5162945.396928553,3562407.9451079937,73.99139460633347,34.89305390808522
66000.0,1137347.2269057322,5162960.097110551,3562402.6551697953,78.82370701273764,5,True,1.9300109505653382,0.041973989305118864,1137318.2330350394,5162917.211895609,3562421.1367023312,1137347.2269057322,5162960.097110551,3562402.6551697953,89.83538713984817,34.89305390808522
66030.0,1137341.2025607072,5162946.778596126,3562400.4157933244,68.14468596554403,5,True,1.8802715688943863,0.08418772331119706,1137318.2330350394,5162917.211895609,3562421.1367023312,1137341.2025607072,5162946.778596126,3562400.4157933244,77.3294980428625,34.89305390808522
66060.0,1137351.605347035,5162960.6639081035,3562412.5089668655,79.49243867307034,5,True,2.016218511760235,0.04470579966389587,1137318.2330350394,5162917.211895609,3562421.1367023312,1137351.605347035,5162960.6639081035,3562412.5089668655,90.08473163400451,34.89305390808522
66090.0,1137358.4431127764,5162969.718782418,3562391.0586283337,91.93266308090676,5,True,2.6388536408543586,0.0006225832024673306,1137318.2330350394,5162917.211895609,3562421.1367023312,1137358.4431127764,5162969.718782418,3562391.0586283337,107.39427060077995,34.89305390808522
66120.0,1137348.7287690628,5162966.123533527,3562401.9007819328,85.68514103009232,5,True,1.2184896290302276,0.026444515211554775,1137318.2330350394,5162917.211895609,3562421.1367023312,1137348.7287690628,5162966.123533527,3562401.9007819328,95.59679072721197,34.89305390808522
66150.0,1137355.6697797282,5162964.107535148,3562403.7479652734,85.77819003543341,5,True,1.026403658092022,0.005244240845299952,1137318.2330350394,5162917.211895609,3562421.1367023312,1137355.6697797282,5162964.107535148,3562403.7479652734,97.34079433352176,34.89305390808522
66180.0,1137360.5813324691,5162978.366709463,3562402.358088139,97.54135471263653,5,True,1.3118398576974868,0.001756029765920486,1137318.2330350394,5162917.211895609,3562421.1367023312,1137360.5813324691,5162978.366709463,3562402.358088139,111.54901884245585,34.89305390808522
66210.0,1137363.7074121328,5162988.326086638,3562398.9150973023,107.48749415948977,5,True,1.1616818502545356,0.0006526242441664554,1137318.2330350394,5162917.211895609,3562421.1367023312,1137363.7074121328,5162988.326086638,3562398.9150973023,122.08863361552594,34.89305390808522
66240.0,1137360.5686061103,5162981.465397618,3562399.2601062753,100.93294480025784,5,True,1.7774215772747994,0.0013028469376021867,1137318.2330350394,5162917.211895609,3562421.1367023312,1137360.5686061103,5162981.465397618,3562399.2601062753,114.84142856279418,34.89305390808522
66270.0,1137357.9480544406,5162981.504670309,3562400.108442786,101.93044096364696,5,True,2.7699358597397805,0.002916423758438591,1137318.2330350394,5162917.211895609,3562421.1367023312,1137357.9480544406,5162981.504670309,3562400.108442786,113.23770753376596,34.89305390808522
66300.0,1137362.263587105,5162984.1425960595,3562404.36509516,104.158794053081,5,True,0.8614129140973091,0.0015940901007454045,1137318.2330350394,5162917.211895609,3562421.1367023312,1137362.263587105,5162984.1425960595,3562404.36509516,116.56933333729381,34.89305390808522
66330.0,1137371.3222948317,5162990.155867839,3562392.46227577,113.98339441323715,5,True,1.2981439515948296,5.7347726259870946e-05,1137318.2330350394,5162917.211895609,3562421.1367023312,1137371.3222948317,5162990.155867839,3562392.46227577,129.5573257735028,34.89305390808522
66360.0,1137363.3912559233,5162984.332184624,3562388.778036792,108.91753004172422,5,True,0.8670067712664604,0.00040761083027318623,1137318.2330350394,5162917.211895609,3562421.1367023312,1137363.3912559233,5162984.332184624,3562388.778036792,121.94750172427338,34.89305390808522
66390.0,1137372.1854056232,5163004.59242548,3562389.4790129364,125.32776464059978,5,True,1.4928935900330544,5.8110060304539246e-05,1137318.2330350394,5162917.211895609,3562421.1367023312,1137372.1854056232,5163004.59242548,3562389.4790129364,142.27285347946201,34.89305390808522
66420.0,1137382.9043475008,5163010.5664143525,3562389.8568235035,132.58721513597484,5,True,3.198309290409088,1.6474553240497514e-06,1137318.2330350394,5162917.211895609,3562421.1367023312,1137382.9043475008,5163010.5664143525,3562389.8568235035,152.6501721368332,34.89305390808522
66450.0,1137377.3874450657,5163010.989668015,3562388.6542583806,131.53088778287326,5,True,0.4526341319084167,2.9138013094898163e-05,1137318.2330350394,5162917.211895609,3562421.1367023312,1137377.3874450657,5163010.989668015,3562388.6542583806,150.35339521536068,34.89305390808522
66480.0,1137374.2480617187,5162991.724561305,3562390.599129948,118.17148857420297,5,True,3.820398320257664,2.2812651069403778e-05,1137318.2330350394,5162917.211895609,3562421.1367023312,1137374.2480617187,5162991.724561305,3562390.599129948,132.98562380277463,34.89305390808522
66510.0,1137383.40001237,5163010.082652322,3562383.900419581,134.82563280830541,5,True,2.300909098982811,1.4090704711922086e-06,1137318.2330350394,5162917.211895609,3562421.1367023312,1137383.40001237,5163010.082652322,3562383.900419581,154.2942163050449,34.89305390808522
66540.0,1137383.7685950114,5163021.079602295,3562375.9559961734,147.0250184756036,5,True,1.1390696093440056,1.4039299373047598e-06,1137318.2330350394,5162917.211895609,3562421.1367023312,1137383.7685950114,5163021.079602295,3562375.9559961734,165.6701396305818,34.89305390808522
66570.0,1137383.2174935087,5163019.686272359,3562388.742302984,140.64444990058118,5,True,2.1251505643129347,4.337917441921135e-06,1137318.2330350394,5162917.211895609,3562421.1367023312,1137383.2174935087,5163019.686272359,3562388.742302984,160.38430975403259,34.89305390808522
66600.0,1137385.0093194724,5163015.03078404,3562384.330566167,139.45775154061877,5,True,0.9162629708647728,1.0836412528414385e-06,1137318.2330350394,5162917.211895609,3562421.1367023312,1137385.0093194724,5163015.03078404,3562384.330566167,158.89983138288008,34.89305390808522
66630.0,1137388.4011761646,5163020.963825979,3562374.3404249046,147.2415180506276,5,True,3.0682909786701202,2.504723409790799e-07,1137318.2330350394,5162917.211895609,3562421.1367023312,1137388.4011761646,5163020.963825979,3562374.3404249046,168.55540774509367,34.89305390808522
66660.0,1137397.7248782995,5163039.839691375,3562370.0210983143,166.09719976392313,5,True,1.7184179872274399,2.978383606411228e-08,1137318.2330350394,5162917.211895609,3562421.1367023312,1137397.7248782995,5163039.839691375,3562370.0210983143,189.6603203606408,34.89305390808522
66690.0,1137389.29106314,5163015.279612181,3562382.636857024,142.370821169594,5,True,1.0741757586598397,4.15367567008218e-07,1137318.2330350394,5162917.211895609,3562421.1367023312,1137389.29106314,5163015.279612181,3562382.636857024,161.96937270118815,34.89305390808522
66720.0,1137389.4626752145,5163011.649201303,3562369.109587512,142.52003740569296,5,True,0.9363358944654465,1.8614137697881006e-07,1137318.2330350394,5162917.211895609,3562421.1367023312,1137389.4626752145,5163011.649201303,3562369.109587512,163.97876825117342,34.89305390808522
66750.0,1137401.0853303988,5163046.833378834,3562372.960694731,171.56966468805436,5,True,2.3882493495941164,1.3895453898626897e-08,1137318.2330350394,5162917.211895609,3562421.1367023312,1137401.0853303988,5163046.833378834,3562372.960694731,196.0390914225397,34.89305390808522
66780.0,1137405.774457668,5163043.584754356,3562375.7332589845,168.55816855901998,5,True,1.8156738236546517,3.352331301442746e-09,1137318.2330350394,5162917.211895609,3562421.1367023312,1137405.774457668,5163043.584754356,3562375.7332589845,195.16789334703643,34.89305390808522
66810.0,1137406.1201297834,5163055.495281223,3562370.052763189,181.0500239930493,5,True,2.4537696927785873,3.5802032449794297e-09,1137318.2330350394,5162917.211895609,3562421.1367023312,1137406.1201297834,5163055.495281223,3562370.052763189,206.45557720472857,34.89305390808522
66840.0,1137399.5563175962,5163024.484898504,3562373.1515165595,154.38467451592635,5,True,1.5338088884949683,2.887672456708401e-08,1137318.2330350394,5162917.211895609,3562421.1367023312,1137399.5563175962,5163024.484898504,3562373.1515165595,177.79083287690224,34.89305390808522
66870.0,1137403.091416021,5163038.535756545,3562371.792103939,167.4955885782129,5,True,2.357275462150574,7.388314626766146e-09,1137318.2330350394,5162917.211895609,3562421.1367023312,1137403.091416021,5163038.535756545,3562371.792103939,190.9462239375975,34.89305390808522
66900.0,1137411.0165981366,5163049.532853689,3562371.9025932355,176.5030434526923,5,True,4.026979599893093,7.754912267898817e-10,1137318.2330350394,5162917.211895609,3562421.1367023312,1137411.0165981366,5163049.532853689,3562371.9025932355,203.82322940701988,34.89305390808522
66930.0,1137416.2362660777,5163058.22561908,3562368.4374663457,186.53021932848225,5,True,3.1514683604240417,2.2368662477845191e-10,1137318.2330350394,5162917.211895609,3562421.1367023312,1137416.2362660777,5163058.22561908,3562368.4374663457,214.5080171847795,34.89305390808522
66960.0,1137414.0384643013,5163069.057223582,3562372.1442890344,194.93805090445656,5,True,3.2944631308317183,1.348853695404273e-09,1137318.2330350394,5162917.211895609,3562421.1367023312,1137414.0384643013,5163069.057223582,3562372.1442890344,220.8958026785243,34.89305390808522
66990.0,1137413.412435817,5163060.052570646,3562361.669990929,190.48697459398915,5,True,2.4510075256228445,3.2577585074022863e-10,1137318.2330350394,5162917.211895609,3562421.1367023312,1137413.412435817,5163060.052570646,3562361.669990929,216.5140174589473,34.89305390808522
67020.0,1137415.1800584423,5163068.143744719,3562366.8597218585,195.58228221318402,5,True,2.8814015492796896,3.0809577111767794e-10,1137318.2330350394,5162917.211895609,3562421.1367023312,1137415.1800584423,5163068.143744719,3562366.8597218585,222.24847750949058,34.89305390808522
67050.0,1137428.2820573486,5163075.119342649,3562363.9848622056,204.3015077154685,5,True,3.187436006963253,1.209099487198273e-11,1137318.2330350394,5162917.211895609,3562421.1367023312,1137428.2820573486,5163075.119342649,3562363.9848622056,235.65174645620576,34.89305390808522
67080.0,1137421.5584845066,5163072.875787798,3562377.5872250074,199.79197464776237,6,True,5.041453577578068,3.310707263892709e-11,1137318.2330350394,5162917.211895609,3562421.1367023312,1137421.5584845066,5163072.875787798,3562377.5872250074,226.59563895885213,34.89305390808522
67110.0,1137427.1385916283,5163095.398309806,3562372.6450096993,220.4844468397788,6,True,6.808159968505303,5.324629626102251e-12,1137318.2330350394,5162917.211895609,3562421.1367023312,1137427.1385916283,5163095.398309806,3562372.6450096993,249.06508808116064,34.89305390808522
67140.0,1137426.1681489458,5163092.5985635,3562373.5729591344,218.07564012087735,6,True,5.672771781682968,8.940626017306386e-12,1137318.2330350394,5162917.211895609,3562421.1367023312,1137426.1681489458,5163092.5985635,3562373.5729591344,246.04092186430896,34.89305390808522
67170.0,1137428.6974633066,5163090.705014949,3562372.614104782,216.63675555713232,6,True,6.403435605267684,2.4500401707427955e-12,1137318.2330350394,5162917.211895609,3562421.1367023312,1137428.6974633066,5163090.705014949,3562372.614104782,246.0471455867738,34.89305390808522
67200.0,1137423.8109200771,5163080.943639731,3562373.428803983,208.08987527391156,6,True,6.041096355766058,6.813882791334436e-12,1137318.2330350394,5162917.211895609,3562421.1367023312,1137423.8109200771,5163080.943639731,3562373.428803983,235.33354486892307,34.89305390808522
67230.0,1137422.1733691287,5163073.159005122,3562372.2708506854,201.8833350788501,6,True,6.028252452611923,6.071143587860206e-12,1137318.2330350394,5162917.211895609,3562421.1367023312,1137422.1733691287,5163073.159005122,3562372.2708506854,228.48785139520018,34.89305390808522
67260.0,1137436.6562875398,5163107.070297109,3562364.4799945047,236.48450403601302,6,True,4.5997730952998,4.6074255521944e-13,1137318.2330350394,5162917.211895609,3562421.1367023312,1137436.6562875398,5163107.070297109,3562364.4799945047,265.56723100588056,34.89305390808522
67290.0,1137434.7199491186,5163101.484381466,3562367.617413836,229.14361821862755,6,True,7.834489839772384,3.2374103398069565e-13,1137318.2330350394,5162917.211895609,3562421.1367023312,1137434.7199491186,5163101.484381466,3562367.617413836,259.21650058606576,34.89305390808522
67320.0,1137439.2534886552,5163113.88107278,3562365.2034618603,240.12885361797524,6,True,7.668873285253842,1.4699352846037073e-13,1137318.2330350394,5162917.211895609,3562421.1367023312,1137439.2534886552,5163113.88107278,3562365.2034618603,272.303891628906,34.89305390808522
67350.0,1137438.4062286303,5163108.9273089385,3562372.0515520046,235.02812689091158,6,True,5.606437457104524,3.128608483393691e-13,1137318.2330350394,5162917.211895609,3562421.1367023312,1137438.4062286303,5163108.9273089385,3562372.0515520046,266.1881060560417,34.89305390808522
67380.0,1137437.1201191023,5163112.059880509,3562366.9523179196,239.69940901018532,6,True,7.421991787850857,2.90656387846866e-13,1137318.2330350394,5162917.211895609,3562421.1367023312,1137437.1201191023,5163112.059880509,3562366.9523179196,269.2822789807399,34.89305390808522
67410.0,1137448.0103853503,5163119.599981982,3562367.698652072,247.64721770401567,6,True,7.540119950970014,1.9095836023552692e-14,1137318.2330350394,5162917.211895609,3562421.1367023312,1137448.0103853503,5163119.599981982,3562367.698652072,280.98283702627697,34.89305390808522
67440.0,1137454.9333095383,5163142.8258764045,3562364.2922524847,268.9574003103603,6,True,6.327991799761851,6.8833827526759706e-15,1137318.2330350394,5162917.211895609,3562421.1367023312,1137454.9333095383,5163142.8258764045,3562364.2922524847,304.4657278153889,34.89305390808522
67470.0,1137446.9670879643,5163124.604369295,3562374.2961962884,249.3712724041854,6,True,9.959141495327154,1.5987211554602254e-14,1137318.2330350394,5162917.211895609,3562421.1367023312,1137446.9670879643,5163124.604369295,3562374.2961962884,283.1158482828673,34.89305390808522
67500.0,1137451.751555656,5163136.739174899,3562365.072086943,264.2825910635568,6,True,7.643814738839865,9.992007221626409e-15,1137318.2330350394,5162917.211895609,3562421.1367023312,1137451.751555656,5163136.739174899,3562365.072086943,297.61527557371824,34.89305390808522
67530.0,1137454.2491780226,5163132.974479481,3562372.8618763373,258.38182016441783,6,True,9.571507511039576,3.3306690738754696e-15,1137318.2330350394,5162917.211895609,3562421.1367023312,1137454.2491780226,5163132.974479481,3562372.8618763373,294.15239552010627,34.89305390808522
67560.0,1137450.437295977,5163121.481369143,3562364.801538845,252.41707646939452,6,True,6.814990994830926,6.217248937900877e-15,1137318.2330350394,5162917.211895609,3562421.1367023312,1137450.437295977,5163121.481369143,3562364.801538845,284.4800024687951,34.89305390808522
67590.0,1137459.4651210825,5163148.8976056175,3562355.702516351,278.8558213335495,6,True,7.9966199062764645,4.440892098500626e-16,1137318.2330350394,5162917.211895609,3562421.1367023312,1137459.4651210825,5163148.8976056175,3562355.702516351,313.8057865563236,34.89305390808522
67620.0,1137452.3653500262,5163128.702993626,3562353.3863987774,260.75244238907806,6,True,7.207024620225032,1.9984014443252818e-15,1137318.2330350394,5162917.211895609,3562421.1367023312,1137452.3653500262,5163128.702993626,3562353.3863987774,294.2267814970578,34.89305390808522
67650.0,1137462.301552825,5163147.3441314325,3562356.6815283974,277.3945423644744,6,True,7.729377982517083,2.220446049250313e-16,1137318.2330350394,5162917.211895609,3562421.1367023312,1137462.301552825,5163147.3441314325,3562356.6815283974,313.76153412270196,34.89305390808522
67680.0,1137462.6652895953,5163140.448996127,3562361.7170613916,270.16376808898355,6,True,7.256047495951255,2.220446049250313e-16,1137318.2330350394,5162917.211895609,3562421.1367023312,1137462.6652895953,5163140.448996127,3562361.7170613916,307.14609330782463,34.89305390808522
67710.0,1137464.025255773,5163154.98430285,3562366.3361658743,280.66725737327425,6,True,10.58470351373156,2.220446049250313e-16,1137318.2330350394,5162917.211895609,3562421.1367023312,1137464.025255773,5163154.98430285,3562366.3361658743,318.8056266924783,34.89305390808522
67740.0,1137468.066828799,5163161.036118095,3562354.7731033335,290.9047264220379,6,True,7.703130884716908,0.0,1137318.2330350394,5162917.211895609,3562421.1367023312,1137468.066828799,5163161.036118095,3562354.7731033335,328.4500144314352,34.89305390808522
67770.0,1137466.1816544232,5163155.32943221,3562354.8876999947,285.06892656303756,6,True,8.215944984306892,0.0,1137318.2330350394,5162917.211895609,3562421.1367023312,1137466.1816544232,5163155.32943221,3562354.8876999947,322.7553328985551,34.89305390808522
67800.0,1137469.786394799,5163163.752279761,3562353.6069740816,292.1651251375393,6,True,6.812918162594239,0.0,1137318.2330350394,5162917.211895609,3562421.1367023312,1137469.786394799,5163163.752279761,3562353.6069740816,331.8488983875469,34.89305390808522
67830.0,1137474.0940861139,5163170.53171367,3562354.8549964866,298.9222088561552,6,True,9.4925547093153,0.0,1137318.2330350394,5162917.211895609,3562421.1367023312,1137474.0940861139,5163170.53171367,3562354.8549964866,339.37374820895843,34.89305390808522
67860.0,1137475.1392688197,5163164.048471354,3562352.917238462,294.8602125840879,6,True,7.722277272492647,0.0,1137318.2330350394,5162917.211895609,3562421.1367023312,1137475.1392688197,5163164.048471354,3562352.917238462,335.04641651446053,34.89305390808522
67890.0,1137473.9540018125,5163168.141392431,3562356.036351383,298.7933566062612,6,True,8.821592959264914,0.0,1137318.2330350394,5162917.211895609,3562421.1367023312,1137473.9540018125,5163168.141392431,3562356.036351383,337.0632931018004,34.89305390808522
67920.0,1137459.7234775743,5163138.946325047,3562357.7366833896,269.6785609635239,6,True,6.19188400482138,6.661338147750939e-16,1137318.2330350394,5162917.211895609,3562421.1367023312,1137459.7234775743,5163138.946325047,3562357.7366833896,305.29923285181735,34.89305390808522
67950.0,1137477.1822556704,5163170.751832017,3562355.2746267137,300.27097469002877,6,True,8.403952502955994,0.0,1137318.2330350394,5162917.211895609,3562421.1367023312,1137477.1822556704,5163170.751832017,3562355.2746267137,341.067667715876,34.89305390808522
67980.0,1137476.5542150363,5163160.042353991,3562352.146212941,291.77728426362324,6,True,7.8873520493507385,0.0,1137318.2330350394,5162917.211895609,3562421.1367023312,1137476.5542150363,5163160.042353991,3562352.146212941,332.72304357184646,34.89305390808522
68010.0,1137476.5571478684,5163174.659668026,3562348.30026343,305.1594127370827,6,True,8.787110154827436,0.0,1137318.2330350394,5162917.211895609,3562421.1367023312,1137476.5571478684,5163174.659668026,3562348.30026343,345.5831239619239,34.89305390808522
68040.0,1137486.1733445732,5163195.707813099,3562350.281393969,321.887505630904,6,True,9.04276612897714,0.0,1137318.2330350394,5162917.211895609,3562421.1367023312,1137486.1733445732,5163195.707813099,3562350.281393969,367.45247439333826,34.89305390808522
68070.0,1137481.6326497227,5163177.576075154,3562349.964234185,307.40450122031257,6,True,9.355964350203672,0.0,1137318.2330350394,5162917.211895609,3562421.1367023312,1137481.6326497227,5163177.576075154,3562349.964234185,350.2154544455287,34.89305390808522
68100.0,1137479.4301972524,5163174.279137696,3562345.2490680562,308.1935109848161,6,True,8.59676725169023,0.0,1137318.2330350394,5162917.211895609,3562421.1367023312,1137479.4301972524,5163174.279137696,3562345.2490680562,347.50880076700895,34.89305390808522
68130.0,1137483.617232419,5163188.649224117,3562350.9759852695,316.637084104511,6,True,10.143398888409138,0.0,1137318.2330350394,5162917.211895609,3562421.1367023312,1137483.617232419,5163188.649224117,3562350.9759852695,360.13455900930194,34.89305390808522
68160.0,1137486.148289262,5163190.909923102,3562348.6806979976,321.42588332029175,6,True,11.847643087307612,0.0,1137318.2330350394,5162917.211895609,3562421.1367023312,1137486.148289262,5163190.909923102,3562348.6806979976,363.82717218306203,34.89305390808522
68190.0,1137481.5713935203,5163177.8134291405,3562342.6172830747,312.3433783393971,6,True,10.205985019604364,0.0,1137318.2330350394,5162917.211895609,3562421.1367023312,1137481.5713935203,5163177.8134291405,3562342.6172830747,352.1691935622728,34.89305390808522
68220.0,1137487.85174672,5163190.027316602,3562345.4906252464,321.3982611519148,6,True,8.516530430565277,0.0,1137318.2330350394,5162917.211895609,3562421.1367023312,1137487.85174672,5163190.027316602,3562345.4906252464,364.7246634932494,34.89305390808522
68250.0,1137487.5900594275,5163185.683607813,3562353.0553918034,317.4875108293591,6,True,8.338706246266762,0.0,1137318.2330350394,5162917.211895609,3562421.1367023312,1137487.5900594275,5163185.683607813,3562353.0553918034,359.2927586376607,34.89305390808522
68280.0,1137493.9598191292,5163200.946047603,3562348.6682380787,330.14070233900554,6,True,9.558872080097595,0.0,1137318.2330350394,5162917.211895609,3562421.1367023312,1137493.9598191292,5163200.946047603,3562348.6682380787,376.15798547396065,34.89305390808522
68310.0,1137486.0650945366,5163185.41982549,3562347.909418789,320.8548708716715,6,True,8.68425377085805,0.0,1137318.2330350394,5162917.211895609,3562421.1367023312,1137486.0650945366,5163185.41982549,3562347.909418789,359.4434981277512,34.89305390808522
68340.0,1137488.958341535,5163187.771623608,3562350.8547417847,318.56231898725855,6,True,10.069054664423069,0.0,1137318.2330350394,5162917.211895609,3562421.1367023312,1137488.958341535,5163187.771623608,3562350.8547417847,362.21475961996924,34.89305390808522
68370.0,1137493.1099425005,5163198.134838416,3562342.210828316,330.4714485222089,6,True,8.8065133964022,0.0,1137318.2330350394,5162917.211895609,3562421.1367023312,1137493.1099425005,5163198.134838416,3562342.210828316,374.8904651484692,34.89305390808522
68400.0,1137487.3587564065,5163180.926418474,3562350.2317939894,315.4513096111709,6,True,9.795446080466112,0.0,1137318.2330350394,5162917.211895609,3562421.1367023312,1137487.3587564065,5163180.926418474,3562350.2317939894,355.90932570167945,34.89305390808522
68430.0,1137495.862673601,5163202.176573812,3562347.31543799,334.7874006830688,6,True,10.570172524700562,0.0,1137318.2330350394,5162917.211895609,3562421.1367023312,1137495.862673601,5163202.176573812,3562347.31543799,378.4637115535584,34.89305390808522
68460.0,1137495.8138974465,5163207.3162433645,3562346.508460264,338.73242082457443,6,True,10.251940002044043,0.0,1137318.2330350394,5162917.211895609,3562421.1367023312,1137495.8138974465,5163207.3162433645,3562346.508460264,382.86154704431993,34.89305390808522
68490.0,1137492.5547199273,5163195.308568058,3562347.1090841196,326.143707235527,6,True,9.584138318896294,0.0,1137318.2330350394,5162917.211895609,3562421.1367023312,1137492.5547199273,5163195.308568058,3562347.1090841196,371.1350974869583,34.89305390808522
68520.0,1137499.0385609,5163206.647531211,3562339.193201446,340.81208885267137,6,True,10.775695248196522,0.0,1137318.2330350394,5162917.211895609,3562421.1367023312,1137499.0385609,5163206.647531211,3562339.193201446,385.67554581494636,34.89305390808522
68550.0,1137489.6452474014,5163192.792245448,3562348.341743458,323.11411458630977,6,True,8.700131313254436,0.0,1137318.2330350394,5162917.211895609,3562421.1367023312,1137489.6452474014,5163192.792245448,3562348.341743458,367.26768065996686,34.89305390808522
68580.0,1137502.2784554008,5163211.166066104,3562351.5215371465,340.35212572987547,6,True,9.133035430063805,0.0,1137318.2330350394,5162917.211895609,3562421.1367023312,1137502.2784554008,5163211.166066104,3562351.5215371465,388.32735991445185,34.89305390808522
68610.0,1137492.9317721075,5163198.924642109,3562349.160226458,331.26770166926406,6,True,8.91521887977918,0.0,1137318.2330350394,5162917.211895609,3562421.1367023312,1137492.9317721075,5163198.924642109,3562349.160226458,373.8468016788113,34.89305390808522
68640.0,1137504.9837102653,5163221.451019072,3562337.9379861956,352.7466925957152,6,True,10.244567416608334,0.0,1137318.2330350394,5162917.211895609,3562421.1367023312,1137504.9837102653,5163221.451019072,3562337.9379861956,401.22129379831364,34.89305390808522
68670.0,1137493.7225473553,5163190.397270103,3562342.5183846406,325.93731960731265,6,True,10.852267112582922,0.0,1137318.2330350394,5162917.211895609,3562421.1367023312,1137493.7225473553,5163190.397270103,3562342.5183846406,368.816692578499,34.89305390808522
68700.0,1137492.871972423,5163198.371421729,3562340.4347104854,332.1990566976239,6,True,10.119294336686531,0.0,1137318.2330350394,5162917.211895609,3562421.1367023312,1137492.871972423,5163198.371421729,3562340.4347104854,375.3901837907307,34.89305390808522
68730.0,1137499.9999060861,5163205.327941481,3562347.2549961773,336.17705422334944,6,True,9.927538904050985,0.0,1137318.2330350394,5162917.211895609,3562421.1367023312,1137499.9999060861,5163205.327941481,3562347.2549961773,383.23513122647796,34.89305390808522
68760.0,1137496.9530396105,5163203.151212901,3562350.0070222737,334.55737646432135,6,True,10.470035884529352,0.0,1137318.2330350394,5162917.211895609,3562421.1367023312,1137496.9530396105,5163203.151212901,3562350.0070222737,379.2446565974312,34.89305390808522
68790.0,1137503.0610041101,5163214.3340929765,3562349.325392448,343.5397050476742,6,True,9.644867741813263,0.0,1137318.2330350394,5162917.211895609,3562421.1367023312,1137503.0610041101,5163214.3340929765,3562349.325392448,391.81295248010787,34.89305390808522
68820.0,1137500.5999242968,5163214.250204395,3562344.3688697647,345.0477401516171,6,True,10.187234011789164,0.0,1137318.2330350394,5162917.211895609,3562421.1367023312,1137500.5999242968,5163214.250204395,3562344.3688697647,391.542952261475,34.89305390808522
68850.0,1137495.2544525065,5163194.279072748,3562334.271088066,329.60209407698807,6,True,10.771204374730587,0.0,1137318.2330350394,5162917.211895609,3562421.1367023312,1137495.2544525065,5163194.279072748,3562334.271088066,374.849625518179,34.89305390808522
68880.0,1137494.978532086,5163197.664882554,3562334.3169555054,334.7522177747806,6,True,11.9550377552708,0.0,1137318.2330350394,5162917.211895609,3562421.1367023312,1137494.978532086,5163197.664882554,3562334.3169555054,377.443145612072,34.89305390808522
68910.0,1137500.3134876762,5163205.168359967,3562340.436438391,340.34829734012834,6,True,9.759101470311483,0.0,1137318.2330350394,5162917.211895609,3562421.1367023312,1137500.3134876762,5163205.168359967,3562340.436438391,384.8329081831057,34.89305390808522
68940.0,1137498.3726704468,5163203.089370555,3562349.0067420355,335.18844132700076,6,True,10.714919657756885,0.0,1137318.2330350394,5162917.211895609,3562421.1367023312,1137498.3726704468,5163203.089370555,3562349.0067420355,380.1553456438612,34.89305390808522
68970.0,1137495.6501849894,5163204.980836232,3562335.071213199,339.17139949380964,6,True,9.118730021019777,0.0,1137318.2330350394,5162917.211895609,3562421.1367023312,1137495.6501849894,5163204.980836232,3562335.071213199,383.5737967636128,34.89305390808522
69000.0,1137505.650926458,5163216.041863796,3562345.4672516882,347.1995955270234,6,True,11.142119273543358,0.0,1137318.2330350394,5162917.211895609,3562421.1367023312,1137505.650926458,5163216.041863796,3562345.4672516882,395.40450688610434,34.89305390808522
69030.0,1137500.9189165314,5163195.231343397,3562332.7946718787,332.8491463029563,6,True,10.720498813937107,0.0,1137318.2330350394,5162917.211895609,3562421.1367023312,1137500.9189165314,5163195.231343397,3562332.7946718787,379.002453740967,34.89305390808522
69060.0,1137504.4828069597,5163218.737474351,3562338.344253005,352.1605391779807,6,True,11.441685161242882,0.0,1137318.2330350394,5162917.211895609,3562421.1367023312,1137504.4828069597,5163218.737474351,3562338.344253005,398.6314548892479,34.89305390808522
69090.0,1137500.746761448,5163188.641362708,3562342.9440964274,326.8587082094458,6,True,10.60087108736237,0.0,1137318.2330350394,5162917.211895609,3562421.1367023312,1137500.746761448,5163188.641362708,3562342.9440964274,371.0673957140395,34.89305390808522
69120.0,1137504.7203755004,5163217.4254279975,3562335.442254719,353.5528759663589,6,True,11.36885945747296,0.0,1137318.2330350394,5162917.211895609,3562421.1367023312,1137504.7203755004,5163217.4254279975,3562335.442254719,398.3678423181993,34.89305390808522
69150.0,1137510.9007804273,5163227.684035264,3562340.0390542736,359.11699752204703,6,True,10.374404966831207,0.0,1137318.2330350394,5162917.211895609,3562421.1367023312,1137510.9007804273,5163227.684035264,3562340.0390542736,408.9382420602864,34.89305390808522
69180.0,1137514.9381259396,5163228.023371667,3562332.6319569163,361.2079497638881,6,True,12.40803188458085,0.0,1137318.2330350394,5162917.211895609,3562421.1367023312,1137514.9381259396,5163228.023371667,3562332.6319569163,413.0455255036525,34.89305390808522
69210.0,1137516.8921993684,5163230.561037245,3562339.2419099137,363.8245829924281,6,True,11.234473383675018,0.0,1137318.2330350394,5162917.211895609,3562421.1367023312,1137516.8921993684,5163230.561037245,3562339.2419099137,414.6161804265858,34.89305390808522
69240.0,1137499.9771313542,5163200.258601207,3562346.8046781463,332.74015262299656,6,True,11.217235003908476,0.0,1137318.2330350394,5162917.211895609,3562421.1367023312,1137499.9771313542,5163200.258601207,3562346.8046781463,379.17046623580404,34.89305390808522
69270.0,1137497.0131977054,5163203.151183222,3562343.509754608,336.3945463214278,6,True,10.833915108193954,0.0,1137318.2330350394,5162917.211895609,3562421.1367023312,1137497.0131977054,5163203.151183222,3562343.509754608,380.73235850069864,34.89305390808522
69300.0,1137498.9409611463,5163190.934968918,3562339.542448427,329.5149428514633,6,True,11.915745419760546,0.0,1137318.2330350394,5162917.211895609,3562421.1367023312,1137498.9409611463,5163190.934968918,3562339.542448427,372.76513816007366,34.89305390808522
69330.0,1137509.832685757,5163227.535435161,3562337.048766321,359.6148289660327,6,True,10.780476699272791,0.0,1137318.2330350394,5162917.211895609,3562421.1367023312,1137509.832685757,5163227.535435161,3562337.048766321,408.9453566387204,34.89305390808522
69360.0,1137504.5297147734,5163214.482152587,3562345.405331436,347.44775238632866,6,True,12.471597151209911,0.0,1137318.2330350394,5162917.211895609,3562421.1367023312,1137504.5297147734,5163214.482152587,3562345.405331436,393.5469602818464,34.89305390808522
69390.0,1137506.8466264831,5163213.474803128,3562340.3877971983,348.45106201937847,6,True,11.564535522212585,0.0,1137318.2330350394,5162917.211895609,3562421.1367023312,1137506.8466264831,5163213.474803128,3562340.3877971983,395.07066345851416,34.89305390808522
69420.0,1137505.6090617839,5163217.353021129,3562338.827895109,351.0432749868999,6,True,10.687558848410845,0.0,1137318.2330350394,5162917.211895609,3562421.1367023312,1137505.6090617839,5163217.353021129,3562338.827895109,397.96351748673965,34.89305390808522
69450.0,1137503.5085801855,5163215.365014499,3562340.8842273713,348.83551508870437,6,True,11.355269944916168,0.0,1137318.2330350394,5162917.211895609,3562421.1367023312,1137503.5085801855,5163215.365014499,3562340.8842273713,394.75970319940143,34.89305390808522
69480.0,1137506.6452709525,5163222.414492512,3562344.8640464656,354.7043995234741,6,True,9.909780020515123,0.0,1137318.2330350394,5162917.211895609,3562421.1367023312,1137506.6452709525,5163222.414492512,3562344.8640464656,401.3127771036899,34.89305390808522
69510.0,1137507.3809424913,5163215.046114252,3562345.5287308907,348.1681745983542,6,True,10.739659799883762,0.0,1137318.2330350394,5162917.211895609,3562421.1367023312,1137507.3809424913,5163215.046114252,3562345.5287308907,395.48244987813916,34.89305390808522
69540.0,1137508.4679761552,5163216.108077221,3562338.9381885994,351.74769021097995,6,True,10.803276252001524,0.0,1137318.2330350394,5162917.211895609,3562421.1367023312,1137508.4679761552,5163216.108077221,3562338.9381885994,398.4147384111401,34.89305390808522
69570.0,1137504.2884400229,5163210.304606858,3562342.8854319416,344.445868637735,6,True,12.064375235388676,0.0,1137318.2330350394,5162917.211895609,3562421.1367023312,1137504.2884400229,5163210.304606858,3562342.8854319416,390.5545564229234,34.89305390808522
69600.0,1137503.5099429586,5163214.369643413,3562339.226084417,348.683331268562,6,True,13.216092431296905,0.0,1137318.2330350394,5162917.211895609,3562421.1367023312,1137503.5099429586,5163214.369643413,3562339.226084417,394.32821171219337,34.89305390808522
69630.0,1137507.8525824076,5163208.415270864,3562336.407059119,345.57781391620017,6,True,10.05417113006115,0.0,1137318.2330350394,5162917.211895609,3562421.1367023312,1137507.8525824076,5163208.415270864,3562336.407059119,392.4321719916499,34.89305390808522
69660.0,1137503.710073747,5163207.94485988,3562341.2691785507,343.6576442845489,6,True,12.257085385421911,0.0,1137318.2330350394,5162917.211895609,3562421.1367023312,1137503.710073747,5163207.94485988,3562341.2691785507,388.692577281099,34.89305390808522
69690.0,1137512.264909584,5163219.8569635935,3562347.6189558185,354.38330586384046,6,True,9.8782660625875,0.0,1137318.2330350394,5162917.211895609,3562421.1367023312,1137512.264909584,5163219.8569635935,3562347.6189558185,401.57079563230417,34.89305390808522
69720.0,1137509.120314538,5163225.942454338,3562350.171119381,356.1800516542476,6,True,10.378076722224554,0.0,1137318.2330350394,5162917.211895609,3562421.1367023312,1137509.120314538,5163225.942454338,3562350.171119381,404.40897296284163,34.89305390808522
69750.0,1137504.7170642202,5163216.375083553,3562345.5488550114,348.7440333485776,6,True,11.899200604607662,0.0,1137318.2330350394,5162917.211895609,3562421.1367023312,1137504.7170642202,5163216.375083553,3562345.5488550114,395.17304488640673,34.89305390808522
69780.0,1137508.9647503614,5163217.009674013,3562330.2550918167,353.6828673769971,6,True,9.361674473931393,0.0,1137318.2330350394,5162917.211895609,3562421.1367023312,1137508.9647503614,5163217.009674013,3562330.2550918167,401.5238076374346,34.89305390808522
69810.0,1137508.4524625638,5163216.305802737,3562344.547354864,351.27881278190694,6,True,11.088438174376885,0.0,1137318.2330350394,5162917.211895609,3562421.1367023312,1137508.4524625638,5163216.305802737,3562344.547354864,397.29692052951225,34.89305390808522
69840.0,1137507.6844994535,5163219.148433698,3562351.3611406013,350.4419175702442,6,True,11.634057190269232,0.0,1137318.2330350394,5162917.211895609,3562421.1367023312,1137507.6844994535,5163219.148433698,3562351.3611406013,397.79266111819163,34.89305390808522
69870.0,1137513.9276261104,5163229.770110104,3562334.631390947,363.99854956976054,6,True,11.298961690316597,0.0,1137318.2330350394,5162917.211895609,3562421.1367023312,1137513.9276261104,5163229.770110104,3562334.631390947,413.4723497304748,34.89305390808522
69900.0,1137519.2000084748,5163231.256128682,3562344.2373117595,364.5221651448907,6,True,9.570099510252476,0.0,1137318.2330350394,5162917.211895609,3562421.1367023312,1137519.2000084748,5163231.256128682,3562344.2373117595,415.3214059499168,34.89305390808522
69930.0,1137507.3514363437,5163224.7859729165,3562341.958725002,356.8589014626322,6,True,12.27714578062296,0.0,1137318.2330350394,5162917.211895609,3562421.1367023312,1137507.3514363437,5163224.7859729165,3562341.958725002,404.2778349500311,34.89305390808522
69960.0,1137513.3219160321,5163221.3309713295,3562332.5339215253,358.0184802324314,6,True,10.355056934058666,0.0,1137318.2330350394,5162917.211895609,3562421.1367023312,1137513.3219160321,5163221.3309713295,3562332.5339215253,406.76327848180614,34.89305390808522
69990.0,1137503.5185809364,5163214.155542056,3562348.326948481,345.78896142682044,6,True,10.305247124284506,0.0,1137318.2330350394,5162917.211895609,3562421.1367023312,1137503.5185809364,5163214.155542056,3562348.326948481,392.1161863212577,34.89305390808522
70020.0,1137514.0333644312,5163231.154618813,3562345.415888625,363.871814872716,6,True,11.45133281374971,0.0,1137318.2330350394,5162917.211895609,3562421.1367023312,1137514.0333644312,5163231.154618813,3562345.415888625,412.2668731854806,34.89305390808522
70050.0,1137505.4543088016,5163221.516447751,3562339.948997141,355.4926369775141,6,True,11.001462188859781,0.0,1137318.2330350394,5162917.211895609,3562421.1367023312,1137505.4543088016,5163221.516447751,3562339.948997141,401.05157678719195,34.89305390808522
70080.0,1137514.6880346127,5163235.205176809,3562342.1616797056,367.2088223624787,6,True,11.81245438878735,0.0,1137318.2330350394,5162917.211895609,3562421.1367023312,1137514.6880346127,5163235.205176809,3562342.1616797056,416.6488646033488,34.89305390808522
70110.0,1137505.6710607333,5163213.255393647,3562343.2027189275,347.7483626677355,6,True,10.82323477913936,0.0,1137318.2330350394,5162917.211895609,3562421.1367023312,1137505.6710607333,5163213.255393647,3562343.2027189275,393.6284319599294,34.89305390808522
70140.0,1137507.8870743383,5163213.311012159,3562344.8695417717,348.26900256556803,6,True,11.643696601192156,0.0,1137318.2330350394,5162917.211895609,3562421.1367023312,1137507.8870743383,5163213.311012159,3562344.8695417717,394.4732513535584,34.89305390808522
70170.0,1137506.290605987,5163216.52487093,3562338.553434235,351.5841197759431,6,True,10.177782279749712,0.0,1137318.2330350394,5162917.211895609,3562421.1367023312,1137506.290605987,5163216.52487093,3562338.553434235,397.7036321668372,34.89305390808522
70200.0,1137508.6814252771,5163217.396801099,3562338.410990784,352.1566041155895,6,True,11.182737549146017,0.0,1137318.2330350394,5162917.211895609,3562421.1367023312,1137508.6814252771,5163217.396801099,3562338.410990784,399.7038709195071,34.89305390808522
70230.0,1137514.9237895228,5163220.13674538,3562343.0330316937,355.80435723152436,6,True,11.781396153072516,0.0,1137318.2330350394,5162917.211895609,3562421.1367023312,1137514.9237895228,5163220.13674538,3562343.0330316937,404.2046273741698,34.89305390808522
70260.0,1137511.5697662556,5163223.9453454465,3562338.967618295,357.3967244281829,6,True,10.65490260720253,0.0,1137318.2330350394,5162917.211895609,3562421.1367023312,1137511.5697662556,5163223.9453454465,3562338.967618295,406.4552448358834,34.89305390808522
70290.0,1137516.7555943534,5163232.511235969,3562342.029360917,367.0545923866116,6,True,11.354218389838934,0.0,1137318.2330350394,5162917.211895609,3562421.1367023312,1137516.7555943534,5163232.511235969,3562342.029360917,415.5335724656804,34.89305390808522
70320.0,1137506.4646499162,5163206.292543355,3562332.848691632,343.9151016134458,6,True,10.63418892895182,0.0,1137318.2330350394,5162917.211895609,3562421.1367023312,1137506.4646499162,5163206.292543355,3562332.848691632,390.8595888129381,34.89305390808522
70350.0,1137512.0596002908,5163221.520224355,3562339.4953022357,357.85964631528066,6,True,12.08685710777839,0.0,1137318.2330350394,5162917.211895609,3562421.1367023312,1137512.0596002908,5163221.520224355,3562339.4953022357,404.60545590564584,34.89305390808522
70380.0,1137500.6321788407,5163201.688099027,3562340.9409562796,338.3206793734474,6,True,11.378860739370188,0.0,1137318.2330350394,5162917.211895609,3562421.1367023312,1137500.6321788407,5163201.688099027,3562340.9409562796,382.0404228346617,34.89305390808522
70410.0,1137506.116048227,5163208.782394309,3562339.104405722,346.01807097816175,6,True,10.59986741344134,0.0,1137318.2330350394,5162917.211895609,3562421.1367023312,1137506.116048227,5163208.782394309,3562339.104405722,391.15802707764175,34.89305390808522
70440.0,1137511.7244291785,5163233.471535485,3562338.5609031934,365.23141371654845,6,True,10.443555276840925,0.0,1137318.2330350394,5162917.211895609,3562421.1367023312,1137511.7244291785,5163233.471535485,3562338.5609031934,414.4770043800315,34.89305390808522
70470.0,1137513.5862101682,5163217.914896516,3562336.722434812,355.20998920075476,6,True,12.566861891498169,0.0,1137318.2330350394,5162917.211895609,3562421.1367023312,1137513.5862101682,5163217.914896516,3562336.722434812,403.12066318845245,34.89305390808522
70500.0,1137509.046974698,5163227.085740332,3562338.3825015374,362.7171725273638,6,True,11.574051881829897,0.0,1137318.2330350394,5162917.211895609,3562421.1367023312,1137509.046974698,5163227.085740332,3562338.3825015374,407.86108327792,34.89305390808522
70530.0,1137500.3648625386,5163203.2845089,3562338.79083149,339.64098215826147,6,True,12.253521047532558,0.0,1137318.2330350394,5162917.211895609,3562421.1367023312,1137500.3648625386,5163203.2845089,3562338.79083149,383.71723597502154,34.89305390808522
70560.0,1137506.3857286398,5163217.046419277,3562338.2515300848,351.8901687935582,6,True,11.08795028924942,0.0,1137318.2330350394,5162917.211895609,3562421.1367023312,1137506.3857286398,5163217.046419277,3562338.2515300848,398.2518397627811,34.89305390808522
70590.0,1137506.7000655376,5163216.609131059,3562340.660475248,351.233202574718,6,True,11.903261957069239,0.0,1137318.2330350394,5162917.211895609,3562421.1367023312,1137506.7000655376,5163216.609131059,3562340.660475248,397.4976315885025,34.89305390808522
70620.0,1137514.6340422125,5163225.797329072,3562338.6714446666,359.3878377850057,6,True,13.89874628931284,0.0,1137318.2330350394,5162917.211895609,3562421.1367023312,1137514.6340422125,5163225.797329072,3562338.6714446666,409.6516080931369,34.89305390808522
70650.0,1137510.4027580414,5163213.405529982,3562337.7704499336,350.74649642645755,6,True,12.280008004357418,0.0,1137318.2330350394,5162917.211895609,3562421.1367023312,1137510.4027580414,5163213.405529982,3562337.7704499336,397.51262010601494,34.89305390808522
70680.0,1137511.3839282577,5163218.250549083,3562345.5001799013,352.8472696744077,6,True,10.120585365841785,0.0,1137318.2330350394,5162917.211895609,3562421.1367023312,1137511.3839282577,5163218.250549083,3562345.5001799013,400.2367979124981,34.89305390808522
70710.0,1137504.6184378583,5163210.617492819,3562338.6743074115,348.4195864914551,6,True,11.016166447351376,0.0,1137318.2330350394,5162917.211895609,3562421.1367023312,1137504.6184378583,5163210.617492819,3562338.6743074115,391.9651373267334,34.89305390808522
70740.0,1137514.8395113524,5163226.167159029,3562345.3035768755,359.1032334626944,6,True,12.538059122860432,0.0,1137318.2330350394,5162917.211895609,3562421.1367023312,1137514.8395113524,5163226.167159029,3562345.3035768755,408.6054391019765,34.89305390808522
70770.0,1137506.2907453815,5163212.968697045,3562341.700991552,347.21395035441014,6,True,12.597977845619122,0.0,1137318.2330350394,5162917.211895609,3562421.1367023312,1137506.2907453815,5163212.968697045,3562341.700991552,394.061156021601,34.89305390808522
70800.0,1137506.556596395,5163208.028560123,3562340.7070604395,347.0703709306924,6,True,11.564579725265503,0.0,1137318.2330350394,5162917.211895609,3562421.1367023312,1137506.556596395,5163208.028560123,3562340.7070604395,390.40162707323833,34.89305390808522
70830.0,1137511.6820210398,5163229.12680052,3562345.5139173702,362.27503957561964,6,True,12.782591834664345,0.0,1137318.2330350394,5162917.211895609,3562421.1367023312,1137511.6820210398,5163229.12680052,3562345.5139173702,409.3430394916254,34.89305390808522
70860.0,1137509.7666851892,5163224.329721513,3562341.7098583044,358.186443305545,6,True,12.095922956864039,0.0,1137318.2330350394,5162917.211895609,3562421.1367023312,1137509.7666851892,5163224.329721513,3562341.7098583044,405.20990105082757,34.89305390808522
70890.0,1137513.2416288634,5163222.0631871335,3562340.649876134,356.48769460756455,6,True,11.504633118708929,0.0,1137318.2330350394,5162917.211895609,3562421.1367023312,1137513.2416288634,5163222.0631871335,3562340.649876134,405.41260338647385,34.89305390808522
70920.0,1137510.435345661,5163210.91069969,3562343.1382591147,347.0389818186941,6,True,11.258074323336283,0.0,1137318.2330350394,5162917.211895609,3562421.1367023312,1137510.435345661,5163210.91069969,3562343.1382591147,394.262726102205,34.89305390808522
70950.0,1137511.2925239515,5163227.031042901,3562337.031232668,361.721463983766,6,True,12.450619394580523,0.0,1137318.2330350394,5162917.211895609,3562421.1367023312,1137511.2925239515,5163227.031042901,3562337.031232668,409.2907524325118,34.89305390808522
70980.0,1137505.8068409583,5163219.499747436,3562336.2959376606,354.4860491507525,6,True,10.725373712678751,0.0,1137318.2330350394,5162917.211895609,3562421.1367023312,1137505.8068409583,5163219.499747436,3562336.2959376606,400.4281472601102,34.89305390808522
71010.0,1137509.4512565795,5163214.954775665,3562337.641898014,352.1745443323385,6,True,12.159091417988142,0.0,1137318.2330350394,5162917.211895609,3562421.1367023312,1137509.4512565795,5163214.954775665,3562337.641898014,398.2978236693496,34.89305390808522
71040.0,1137513.7262323883,5163221.8651750805,3562344.12217652,356.6288968471136,6,True,12.249298367649317,0.0,1137318.2330350394,5162917.211895609,3562421.1367023312,1137513.7262323883,5163221.8651750805,3562344.12217652,404.74014930857044,34.89305390808522
71070.0,1137505.8714800132,5163209.835530203,3562336.764065715,347.5645263109204,6,True,13.537446117649475,0.0,1137318.2330350394,5162917.211895609,3562421.1367023312,1137505.8714800132,5163209.835530203,3562336.764065715,392.4469209840302,34.89305390808522
71100.0,1137509.8349739104,5163211.968656674,3562341.1356686573,350.68134306688694,6,True,9.208313593020042,0.0,1137318.2330350394,5162917.211895609,3562421.1367023312,1137509.8349739104,5163211.968656674,3562341.1356686573,395.2565508525374,34.89305390808522
71130.0,1137507.4786264517,5163211.918387009,3562344.1082731164,348.38434413018854,6,True,11.714935803165039,0.0,1137318.2330350394,5162917.211895609,3562421.1367023312,1137507.4786264517,5163211.918387009,3562344.1082731164,393.28650033120397,34.89305390808522
71160.0,1137508.7157251183,5163220.579565292,3562333.194345942,358.56155159057056,6,True,11.742148507386446,0.0,1137318.2330350394,5162917.211895609,3562421.1367023312,1137508.7157251183,5163220.579565292,3562333.194345942,403.5734191645718,34.89305390808522
71190.0,1137502.5131893742,5163205.103778245,3562334.4594085477,345.24905742457787,6,True,12.69376409923037,0.0,1137318.2330350394,5162917.211895609,3562421.1367023312,1137502.5131893742,5163205.103778245,3562334.4594085477,387.39859941277234,34.89305390808522
71220.0,1137500.4720691557,5163200.55808282,3562336.4161392073,339.14809279830433,6,True,12.104980941861868,0.0,1137318.2330350394,5162917.211895609,3562421.1367023312,1137500.4720691557,5163200.55808282,3562336.4161392073,382.141433843143,34.89305390808522
71250.0,1137511.3708974998,5163212.688756808,3562342.4492170014,348.83758557494434,6,True,12.736109928538403,0.0,1137318.2330350394,5162917.211895609,3562421.1367023312,1137511.3708974998,5163212.688756808,3562342.4492170014,396.36580141752995,34.89305390808522
71280.0,1137502.0124930756,5163206.695000572,3562342.017079228,341.4597951580367,6,True,13.28951733931899,0.0,1137318.2330350394,5162917.211895609,3562421.1367023312,1137502.0124930756,5163206.695000572,3562342.017079228,386.6021527030115,34.89305390808522
71310.0,1137507.281768648,5163210.44350606,3562344.1729041557,347.273979957734,6,True,12.259338221202293,0.0,1137318.2330350394,5162917.211895609,3562421.1367023312,1137507.281768648,5163210.44350606,3562344.1729041557,391.96272487368657,34.89305390808522
71340.0,1137502.3794671984,5163202.605423711,3562343.36524313,340.0735377506217,6,True,14.008910492062569,0.0,1137318.2330350394,5162917.211895609,3562421.1367023312,1137502.3794671984,5163202.605423711,3562343.36524313,383.1456898198056,34.89305390808522
71370.0,1137504.524079496,5163208.907958373,3562340.767395339,346.1237000608975,6,True,12.354560013860464,0.0,1137318.2330350394,5162917.211895609,3562421.1367023312,1137504.524079496,5163208.907958373,3562340.767395339,390.0259148632925,34.89305390808522
71400.0,1137507.5450861915,5163213.676675308,3562340.9712642236,350.7013020530999,6,True,11.951611641794443,0.0,1137318.2330350394,5162917.211895609,3562421.1367023312,1137507.5450861915,5163213.676675308,3562340.9712642236,395.46966399850146,34.89305390808522
71430.0,1137506.767913904,5163203.381942589,3562346.528909212,339.7185446090956,6,True,11.12919177984198,0.0,1137318.2330350394,5162917.211895609,3562421.1367023312,1137506.767913904,5163203.381942589,3562346.528909212,385.4138868655949,34.89305390808522
71460.0,1137512.6023246355,5163228.58093729,3562342.5451072925,362.7094640367572,6,True,11.027525379012028,0.0,1137318.2330350394,5162917.211895609,3562421.1367023312,1137512.6023246355,5163228.58093729,3562342.5451072925,410.0090321427203,34.89305390808522
71490.0,1137506.0981684607,5163211.557664632,3562341.6110191904,348.4328937394033,6,True,12.522400546818972,0.0,1137318.2330350394,5162917.211895609,3562421.1367023312,1137506.0981684607,5163211.557664632,3562341.6110191904,392.82621263335125,34.89305390808522
71520.0,1137508.1538642487,5163223.5586209465,3562344.9774734606,356.31700123970035,6,True,12.743834231048822,0.0,1137318.2330350394,5162917.211895609,3562421.1367023312,1137508.1538642487,5163223.5586209465,3562344.9774734606,403.01758224932775,34.89305390808522
71550.0,1137512.7811519203,5163226.447817887,3562343.352959608,362.00899343687126,6,True,11.325953517109156,0.0,1137318.2330350394,5162917.211895609,3562421.1367023312,1137512.7811519203,5163226.447817887,3562343.352959608,408.16964580674943,34.89305390808522
71580.0,1137506.1387251106,5163204.427719248,3562337.3606524765,343.14504449316047,6,True,11.5428023673594,0.0,1137318.2330350394,5162917.211895609,3562421.1367023312,1137506.1387251106,5163204.427719248,3562337.3606524765,388.0563655158117,34.89305390808522
71610.0,1137508.7936324824,5163219.354645954,3562338.6473412192,356.6906171781432,6,True,11.157750956714153,0.0,1137318.2330350394,5162917.211895609,3562421.1367023312,1137508.7936324824,5163219.354645954,3562338.6473412192,401.310418950881,34.89305390808522
71640.0,1137509.814243375,5163219.725003673,3562343.1937818485,355.99085264110414,6,True,14.294112401703993,0.0,1137318.2330350394,5162917.211895609,3562421.1367023312,1137509.814243375,5163219.725003673,3562343.1937818485,401.11899427152554,34.89305390808522
71670.0,1137509.8428620112,5163218.927277818,3562336.3737864397,357.9570151549633,6,True,10.594916988164186,0.0,1137318.2330350394,5162917.211895609,3562421.1367023312,1137509.8428620112,5163218.927277818,3562336.3737864397,402.04575566922625,34.89305390808522
71700.0,1137504.0233417803,5163201.9919220805,3562337.751737272,341.23878084183843,6,True,13.570549750079712,0.0,1137318.2330350394,5162917.211895609,3562421.1367023312,1137504.0233417803,5163201.9919220805,3562337.751737272,384.85936996404956,34.89305390808522
71730.0,1137507.0047991918,5163222.038424377,3562342.212224412,356.8608798564598,6,True,11.705212316165367,0.0,1137318.2330350394,5162917.211895609,3562421.1367023312,1137507.0047991918,5163222.038424377,3562342.212224412,401.77233294295013,34.89305390808522
71760.0,1137503.5567562282,5163201.4851584295,3562346.7238499406,337.6831064705033,6,True,10.714456591755152,0.0,1137318.2330350394,5162917.211895609,3562421.1367023312,1137503.5567562282,5163201.4851584295,3562346.7238499406,382.09986416679465,34.89305390808522
71790.0,1137509.9030614882,5163231.813514331,3562335.020982687,366.66317870914827,6,True,10.8857769643267,0.0,1137318.2330350394,5162917.211895609,3562421.1367023312,1137509.9030614882,5163231.813514331,3562335.020982687,412.9854260233365,34.89305390808522
71820.0,1137514.825011463,5163227.33974529,3562340.7086786684,360.94690230434895,6,True,12.43366710220774,0.0,1137318.2330350394,5162917.211895609,3562421.1367023312,1137514.825011463,5163227.33974529,3562340.7086786684,410.5580202137352,34.89305390808522
71850.0,1137503.5874701426,5163209.6905054925,3562334.0956543973,348.7820988054843,6,True,12.714643206447363,0.0,1137318.2330350394,5162917.211895609,3562421.1367023312,1137503.5874701426,5163209.6905054925,3562334.0956543973,391.78454139395217,34.89305390808522
71880.0,1137497.1890034594,5163199.725207056,3562340.3687191624,334.0468474978991,6,True,12.077695632974306,0.0,1137318.2330350394,5162917.211895609,3562421.1367023312,1137497.1890034594,5163199.725207056,3562340.3687191624,378.7634583308067,34.89305390808522
71910.0,1137506.405130556,5163216.181618007,3562340.3507982977,353.42085589017904,6,True,13.80415578559041,0.0,1137318.2330350394,5162917.211895609,3562421.1367023312,1137506.405130556,5163216.181618007,3562340.3507982977,397.06378116176796,34.89305390808522
71940.0,1137506.3232047404,5163207.187104611,3562337.156439891,346.72374295238643,6,True,12.214582476764917,0.0,1137318.2330350394,5162917.211895609,3562421.1367023312,1137506.3232047404,5163207.187104611,3562337.156439891,390.4396623728228,34.89305390808522
71970.0,1137505.7955659698,5163207.93624406,3562345.301586896,343.6421171745222,6,True,12.721664549161991,0.0,1137318.2330350394,5162917.211895609,3562421.1367023312,1137505.7955659698,5163207.93624406,3562345.301586896,388.87227202411185,34.89305390808522
72000.0,1137511.134464928,5163209.459344612,3562349.5192908724,344.9483087158673,6,True,13.680603021134933,0.0,1137318.2330350394,5162917.211895609,3562421.1367023312,1137511.134464928,5163209.459344612,3562349.5192908724,392.07074808426466,34.89305390808522
72030.0,1137505.4017205264,5163224.118687567,3562335.804554198,360.751123250445,6,True,13.337542393555244,0.0,1137318.2330350394,5162917.211895609,3562421.1367023312,1137505.4017205264,5163224.118687567,3562335.804554198,404.140726507132,34.89305390808522
72060.0,1137507.8192620052,5163220.848501225,3562341.9994151783,354.07364396015385,6,True,12.285049933940172,0.0,1137318.2330350394,5162917.211895609,3562421.1367023312,1137507.8192620052,5163220.848501225,3562341.9994151783,401.26285857286973,34.89305390808522
72090.0,1137512.732710829,5163210.179635665,3562350.0315159527,345.8190265413604,6,True,12.92926149815321,0.0,1137318.2330350394,5162917.211895609,3562421.1367023312,1137512.732710829,5163210.179635665,3562350.0315159527,393.4176013508806,34.89305390808522
72120.0,1137503.3191568493,5163208.795080849,3562338.661054137,344.8776925944146,6,True,11.359474142392477,0.0,1137318.2330350394,5162917.211895609,3562421.1367023312,1137503.3191568493,5163208.795080849,3562338.661054137,389.7972438101549,34.89305390808522
72150.0,1137504.9869250678,5163211.301258194,3562341.373454665,348.4688382794236,6,True,11.63533511136969,0.0,1137318.2330350394,5162917.211895609,3562421.1367023312,1137504.9869250678,5163211.301258194,3562341.373454665,392.08516352479637,34.89305390808522
72180.0,1137500.313826806,5163195.0064783115,3562341.586390833,334.68178789433995,6,True,13.549666969726482,0.0,1137318.2330350394,5162917.211895609,3562421.1367023312,1137500.313826806,5163195.0064783115,3562341.586390833,376.2917479047974,34.89305390808522
72210.0,1137506.5668848061,5163213.321477231,3562348.5183739183,346.95436555701383,6,True,12.123008946577707,0.0,1137318.2330350394,5162917.211895609,3562421.1367023312,1137506.5668848061,5163213.321477231,3562348.5183739183,392.9922104104096,34.89305390808522
72240.0,1137501.529937186,5163204.709478889,3562338.65958703,343.0298648593266,6,True,14.7093196362257,0.0,1137318.2330350394,5162917.211895609,3562421.1367023312,1137501.529937186,5163204.709478889,3562338.65958703,385.523607905985,34.89305390808522
72270.0,1137510.7926253797,5163229.15540005,3562338.3627269315,364.2636822257613,6,True,13.36313953374823,0.0,1137318.2330350394,5162917.211895609,3562421.1367023312,1137510.7926253797,5163229.15540005,3562338.3627269315,410.4751490676285,34.89305390808522
72300.0,1137507.4607810713,5163210.355594528,3562336.874329881,349.5767874709377,6,True,12.344592993458113,0.0,1137318.2330350394,5162917.211895609,3562421.1367023312,1137507.4607810713,5163210.355594528,3562336.874329881,393.6846033632946,34.89305390808522
72330.0,1137503.9236451052,5163211.530323296,3562335.0063986112,350.7522245765549,6,True,12.563299909234047,0.0,1137318.2330350394,5162917.211895609,3562421.1367023312,1137503.9236451052,5163211.530323296,3562335.0063986112,393.2347969606685,34.89305390808522
72360.0,1137499.4130792248,5163202.117409697,3562338.799618516,339.9650682164775,6,True,10.686489875117937,0.0,1137318.2330350394,5162917.211895609,3562421.1367023312,1137499.4130792248,5163202.117409697,3562338.799618516,382.26335727225745,34.89305390808522
72390.0,1137503.2920876718,5163205.622834913,3562345.9763650666,341.22098969652995,6,True,10.946542095392942,0.0,1137318.2330350394,5162917.211895609,3562421.1367023312,1137503.2920876718,5163205.622834913,3562345.9763650666,385.5001970691042,34.89305390808522
72420.0,1137508.1435350385,5163206.367098191,3562344.30760049,343.0031272083188,6,True,11.355059762795767,0.0,1137318.2330350394,5162917.211895609,3562421.1367023312,1137508.1435350385,5163206.367098191,3562344.30760049,389.07565481031025,34.89305390808522
72450.0,1137503.0120719564,5163198.385640507,3562346.8653696417,337.6711744936214,6,True,11.001086899389824,0.0,1137318.2330350394,5162917.211895609,3562421.1367023312,1137503.0120719564,5163198.385640507,3562346.8653696417,379.25583559904317,34.89305390808522
72480.0,1137499.407048442,5163199.447761533,3562336.3788394737,339.01486543144193,6,True,13.052290384968122,0.0,1137318.2330350394,5162917.211895609,3562421.1367023312,1137499.407048442,5163199.447761533,3562336.3788394737,380.68744646560816,34.89305390808522
72510.0,1137508.516220625,5163213.549345859,3562342.1749288416,352.07230620498933,6,True,13.324462495744228,0.0,1137318.2330350394,5162917.211895609,3562421.1367023312,1137508.516220625,5163213.549345859,3562342.1749288416,395.605022716566,34.89305390808522
72540.0,1137506.0798111397,5163214.2705127755,3562342.7842234736,350.59550452486513,6,True,11.794090334326029,0.0,1137318.2330350394,5162917.211895609,3562421.1367023312,1137506.0798111397,5163214.2705127755,3562342.7842234736,394.77027487363006,34.89305390808522
72570.0,1137505.312236091,5163211.078474859,3562335.4242137074,349.7622394476339,6,True,11.958844314018885,0.0,1137318.2330350394,5162917.211895609,3562421.1367023312,1137505.312236091,5163211.078474859,3562335.4242137074,393.4910244992786,34.89305390808522
72600.0,1137502.4786004291,5163203.306545057,3562342.1306145703,343.4323131511013,6,True,13.80928498134017,0.0,1137318.2330350394,5162917.211895609,3562421.1367023312,1137502.4786004291,5163203.306545057,3562342.1306145703,384.0564946156199,34.89305390808522
72630.0,1137506.22306389,5163205.063351502,3562336.430427639,343.86525173057214,6,True,10.312376519044241,0.0,1137318.2330350394,5162917.211895609,3562421.1367023312,1137506.22306389,5163205.063351502,3562336.430427639,388.84323105550396,34.89305390808522
72660.0,1137507.043587174,5163208.3924533585,3562331.028941818,350.57538557531353,6,True,13.222632003327211,0.0,1137318.2330350394,5162917.211895609,3562421.1367023312,1137507.043587174,5163208.3924533585,3562331.028941818,393.3279619200056,34.89305390808522
72690.0,1137502.2402254785,5163217.478974403,3562342.1185149555,352.7448223699028,6,True,12.11060556024313,0.0,1137318.2330350394,5162917.211895609,3562421.1367023312,1137502.2402254785,5163217.478974403,3562342.1185149555,395.5649453005573,34.89305390808522
72720.0,1137503.0720641182,5163202.13042642,3562343.037214574,338.33010702413316,6,True,13.644898522645235,0.0,1137318.2330350394,5162917.211895609,3562421.1367023312,1137503.0720641182,5163202.13042642,3562343.037214574,383.20411309228905,34.89305390808522
72750.0,1137498.5865977234,5163199.696327984,3562340.791497655,337.9021241969112,6,True,12.929270949214697,0.0,1137318.2330350394,5162917.211895609,3562421.1367023312,1137498.5865977234,5163199.696327984,3562340.791497655,379.37298404521357,34.89305390808522
72780.0,1137506.510254266,5163218.062497834,3562334.4824109357,357.08631786233815,6,True,12.910624407231808,0.0,1137318.2330350394,5162917.211895609,3562421.1367023312,1137506.510254266,5163218.062497834,3562334.4824109357,400.0516238416741,34.89305390808522
72810.0,1137507.5572030875,5163208.102299612,3562347.516821392,344.8124187132606,6,True,12.599244164923826,0.0,1137318.2330350394,5162917.211895609,3562421.1367023312,1137507.5572030875,5163208.102299612,3562347.516821392,389.4631008230938,34.89305390808522
72840.0,1137504.6795959428,5163215.072465569,3562343.548947976,350.4404731613102,6,True,11.805033169686794,0.0,1137318.2330350394,5162917.211895609,3562421.1367023312,1137504.6795959428,5163215.072465569,3562343.548947976,394.52315157756243,34.89305390808522
72870.0,1137499.0605171148,5163199.741973492,3562335.341685057,339.4195927889439,6,True,11.457706905901432,0.0,1137318.2330350394,5162917.211895609,3562421.1367023312,1137499.0605171148,5163199.741973492,3562335.341685057,381.0052440300091,34.89305390808522
72900.0,1137506.651579198,5163204.081571742,3562339.449043137,343.0097966116052,6,True,14.107917584478855,0.0,1137318.2330350394,5162917.211895609,3562421.1367023312,1137506.651579198,5163204.081571742,3562339.449043137,387.5475401986769,34.89305390808522
72930.0,1137500.4189738408,5163201.019800005,3562328.0989740267,342.0929413156162,6,True,13.354149793585142,0.0,1137318.2330350394,5162917.211895609,3562421.1367023312,1137500.4189738408,5163201.019800005,3562328.0989740267,384.6493785157268,34.89305390808522
72960.0,1137504.1947960665,5163201.091134799,3562333.374309294,342.47917214099857,6,True,13.240420181304216,0.0,1137318.2330350394,5162917.211895609,3562421.1367023312,1137504.1947960665,5163201.091134799,3562333.374309294,385.3187543796158,34.89305390808522
72990.0,1137500.2281386023,5163200.451989472,3562340.966827203,338.9552552825451,6,True,13.706201165914536,0.0,1137318.2330350394,5162917.211895609,3562421.1367023312,1137500.2281386023,5163200.451989472,3562340.966827203,380.8139271255456,34.89305390808522
73020.0,1137504.298926919,5163208.570589856,3562346.250348971,345.1861338249529,6,True,13.96269874398907,0.0,1137318.2330350394,5162917.211895609,3562421.1367023312,1137504.298926919,5163208.570589856,3562346.250348971,388.3853369030109,34.89305390808522
73050.0,1137498.9359840536,5163200.5795488525,3562338.8389303936,341.06264710243147,6,True,13.240396135797104,0.0,1137318.2330350394,5162917.211895609,3562421.1367023312,1137498.9359840536,5163200.5795488525,3562338.8389303936,380.7498383208989,34.89305390808522
73080.0,1137498.4346840852,5163198.582388897,3562340.331671252,336.6903647718765,6,True,14.265535609175762,0.0,1137318.2330350394,5162917.211895609,3562421.1367023312,1137498.4346840852,5163198.582388897,3562340.331671252,378.4964046741449,34.89305390808522
73110.0,1137503.9199002532,5163206.37717291,3562344.891815208,342.79872477227934,6,True,12.608459424227476,0.0,1137318.2330350394,5162917.211895609,3562421.1367023312,1137503.9199002532,5163206.37717291,3562344.891815208,386.69300975897255,34.89305390808522
73140.0,1137499.6064793535,5163200.557078795,3562347.701680148,336.4715001608192,6,True,13.071273996184269,0.0,1137318.2330350394,5162917.211895609,3562421.1367023312,1137499.6064793535,5163200.557078795,3562347.701680148,379.0173421615386,34.89305390808522
73170.0,1137500.5734464081,5163199.637195757,3562332.9699013843,339.45271095823824,6,True,14.501182850450277,0.0,1137318.2330350394,5162917.211895609,3562421.1367023312,1137500.5734464081,5163199.637195757,3562332.9699013843,382.3258113203039,34.89305390808522
73200.0,1137504.3397268136,5163203.207135424,3562351.0251567853,340.42412696019693,6,True,13.757604543119669,0.0,1137318.2330350394,5162917.211895609,3562421.1367023312,1137504.3397268136,5163203.207135424,3562351.0251567853,382.99012894308186,34.89305390808522
73230.0,1137508.570160258,5163214.292289468,3562342.359220991,350.75700831944255,6,True,13.058921926965317,0.0,1137318.2330350394,5162917.211895609,3562421.1367023312,1137508.570160258,5163214.292289468,3562342.359220991,396.19881722509575,34.89305390808522
73260.0,1137501.3161462336,5163200.683658454,3562339.555794692,340.4975990623637,6,True,13.717206418514252,0.0,1137318.2330350394,5162917.211895609,3562421.1367023312,1137501.3161462336,5163200.683658454,3562339.555794692,381.9183922387087,34.89305390808522
73290.0,1137500.4997329058,5163197.100216516,3562338.689027158,337.439444738262,6,True,11.382363840937614,0.0,1137318.2330350394,5162917.211895609,3562421.1367023312,1137500.4997329058,5163197.100216516,3562338.689027158,378.79008639372955,34.89305390808522
73320.0,1137503.8985400395,5163211.516185626,3562335.345147402,351.1140294766269,6,True,14.473232571035624,0.0,1137318.2330350394,5162917.211895609,3562421.1367023312,1137503.8985400395,5163211.516185626,3562335.345147402,393.12678167748317,34.89305390808522
73350.0,1137506.4969633538,5163211.217266467,3562334.1390581843,349.50901426156577,6,True,12.098945764203867,0.0,1137318.2330350394,5162917.211895609,3562421.1367023312,1137506.4969633538,5163211.217266467,3562334.1390581843,394.54432582122115,34.89305390808522
73380.0,1137509.660679199,5163213.161287984,3562345.035108953,350.4114612668601,6,True,12.231659052272638,0.0,1137318.2330350394,5162917.211895609,3562421.1367023312,1137509.660679199,5163213.161287984,3562345.035108953,395.25869164093007,34.89305390808522
73410.0,1137507.2525562488,5163204.312990804,3562340.5016842764,343.68997229003656,6,True,12.532420221716166,0.0,1137318.2330350394,5162917.211895609,3562421.1367023312,1137507.2525562488,5163204.312990804,3562340.5016842764,387.80819086618243,34.89305390808522
73440.0,1137502.897228235,5163205.760360844,3562347.806113703,342.6886579769441,6,True,11.955160360783339,0.0,1137318.2330350394,5162917.211895609,3562421.1367023312,1137502.897228235,5163205.760360844,3562347.806113703,384.99916780771616,34.89305390808522
73470.0,1137503.0777614866,5163205.795091237,3562342.3244163636,343.3611621934383,6,True,13.303924025346836,0.0,1137318.2330350394,5162917.211895609,3562421.1367023312,1137503.0777614866,5163205.795091237,3562342.3244163636,386.3578728745448,34.89305390808522
73500.0,1137502.4613853523,5163202.996183053,3562351.6665678336,340.86629439760645,6,True,13.549343660473824,0.0,1137318.2330350394,5162917.211895609,3562421.1367023312,1137502.4613853523,5163202.996183053,3562351.6665678336,381.6760341755438,34.89305390808522
73530.0,1137495.7347870336,5163192.978658353,3562338.067916136,332.1920333875825,6,True,12.957698293030262,0.0,1137318.2330350394,5162917.211895609,3562421.1367023312,1137495.7347870336,5163192.978658353,3562338.067916136,373.07626216717665,34.89305390808522
73560.0,1137493.1428871984,5163186.771684888,3562340.8403558275,327.5635892962225,6,True,13.249227343748013,0.0,1137318.2330350394,5162917.211895609,3562421.1367023312,1137493.1428871984,5163186.771684888,3562340.8403558275,365.9798623840029,34.89305390808522
73590.0,1137492.9536001636,5163182.4701891225,3562343.1577292117,323.9355609115651,6,True,12.229524958878756,0.0,1137318.2330350394,5162917.211895609,3562421.1367023312,1137492.9536001636,5163182.4701891225,3562343.1577292117,361.8294140560955,34.89305390808522
73620.0,1137499.7283953216,5163198.249295708,3562343.11263545,336.7313513469543,6,True,13.348586030304432,0.0,1137318.2330350394,5162917.211895609,3562421.1367023312,1137499.7283953216,5163198.249295708,3562343.11263545,378.24799907136384,34.89305390808522
73650.0,1137499.5247318728,5163192.945552561,3562346.687624062,331.86283191630133,6,True,12.690569459150234,0.0,1137318.2330350394,5162917.211895609,3562421.1367023312,1137499.5247318728,5163192.945552561,3562346.687624062,373.0028113986261,34.89305390808522
73680.0,1137494.8070496968,5163188.109459436,3562347.6759536737,326.41898701539617,6,True,13.51691485568881,0.0,1137318.2330350394,5162917.211895609,3562421.1367023312,1137494.8070496968,5163188.109459436,3562347.6759536737,366.31627571883666,34.89305390808522
73710.0,1137501.8848195155,5163206.029125306,3562337.9730333514,344.6052785841005,6,True,12.707315150648355,0.0,1137318.2330350394,5162917.211895609,3562421.1367023312,1137501.8848195155,5163206.029125306,3562337.9730333514,386.95247303104264,34.89305390808522
73740.0,1137501.818120311,5163198.996404635,3562334.558728496,338.3304025835062,6,True,12.317813384036223,0.0,1137318.2330350394,5162917.211895609,3562421.1367023312,1137501.818120311,5163198.996404635,3562334.558728496,382.05993155580927,34.89305390808522
73770.0,1137502.6181538352,5163193.304654539,3562345.023829828,333.8800453313282,6,True,13.135098258654276,0.0,1137318.2330350394,5162917.211895609,3562421.1367023312,1137502.6181538352,5163193.304654539,3562345.023829828,375.350327042918,34.89305390808522
73800.0,1137505.1038619077,5163202.517570899,3562337.6098490683,345.47062885664064,6,True,10.72949099416534,0.0,1137318.2330350394,5162917.211895609,3562421.1367023312,1137505.1038619077,5163202.517570899,3562337.6098490683,385.8969310808951,34.89305390808522
73830.0,1137498.480115923,5163189.596264478,3562345.0619024737,330.1398531524548,6,True,13.9665452974538,0.0,1137318.2330350394,5162917.211895609,3562421.1367023312,1137498.480115923,5163189.596264478,3562345.0619024737,370.1045509203122,34.89305390808522
73860.0,1137501.7635435646,5163206.545552715,3562345.303266648,342.21682486179577,6,True,12.851131866375605,0.0,1137318.2330350394,5162917.211895609,3562421.1367023312,1137501.7635435646,5163206.545552715,3562345.303266648,385.59739711497826,34.89305390808522
73890.0,1137502.2711217667,5163202.4252641145,3562339.348494231,342.2110902472724,6,True,12.49707076450189,0.0,1137318.2330350394,5162917.211895609,3562421.1367023312,1137502.2711217667,5163202.4252641145,3562339.348494231,383.890160157575,34.89305390808522
73920.0,1137494.6115635056,5163190.3989581335,3562342.4944312493,330.6161219952144,6,True,15.372535863270363,0.0,1137318.2330350394,5162917.211895609,3562421.1367023312,1137494.6115635056,5163190.3989581335,3562342.4944312493,369.2951038987583,34.89305390808522
73950.0,1137499.4466275882,5163186.535994933,3562346.264385103,325.5006213126213,6,True,13.650704787423214,0.0,1137318.2330350394,5162917.211895609,3562421.1367023312,1137499.4466275882,5163186.535994933,3562346.264385103,367.8805231608145,34.89305390808522
73980.0,1137495.1905849632,5163190.71078848,3562339.8601570698,330.8115482753186,6,True,13.125053010880947,0.0,1137318.2330350394,5162917.211895609,3562421.1367023312,1137495.1905849632,5163190.71078848,3562339.8601570698,370.5017250985113,34.89305390808522
74010.0,1137493.0930046584,5163190.70896433,3562334.129575878,332.29584536606177,6,True,14.037334070851406,0.0,1137318.2330350394,5162917.211895609,3562421.1367023312,1137493.0930046584,5163190.70896433,3562334.129575878,370.8610682479057,34.89305390808522
74040.0,1137497.6500440727,5163197.015648718,3562345.209251423,336.2924326662814,6,True,12.964791473001242,0.0,1137318.2330350394,5162917.211895609,3562421.1367023312,1137497.6500440727,5163197.015648718,3562345.209251423,375.65115439525977,34.89305390808522
74070.0,1137498.5917844225,5163183.085184176,3562344.196615689,324.6203970967182,6,True,14.511014093955358,0.0,1137318.2330350394,5162917.211895609,3562421.1367023312,1137498.5917844225,5163183.085184176,3562344.196615689,365.1310415503088,34.89305390808522
74100.0,1137505.040707497,5163218.872095093,3562340.164107073,355.54360707548136,6,True,11.72336358204484,0.0,1137318.2330350394,5162917.211895609,3562421.1367023312,1137505.040707497,5163218.872095093,3562340.164107073,398.6078468159924,34.89305390808522
74130.0,1137503.3272401285,5163196.486592551,3562340.921922415,337.1642929761969,6,True,14.378435826549927,0.0,1137318.2330350394,5162917.211895609,3562421.1367023312,1137503.3272401285,5163196.486592551,3562340.921922415,379.2686203995351,34.89305390808522
74160.0,1137504.255451165,5163199.705386189,3562351.143346694,337.6980879039152,6,True,12.22453599050641,0.0,1137318.2330350394,5162917.211895609,3562421.1367023312,1137504.255451165,5163199.705386189,3562351.143346694,380.06563600450977,34.89305390808522
74190.0,1137501.0604496228,5163201.997601056,3562339.098782376,341.5563808862274,6,True,12.482395599285761,0.0,1137318.2330350394,5162917.211895609,3562421.1367023312,1137501.0604496228,5163201.997601056,3562339.098782376,382.96150444318323,34.89305390808522
74220.0,1137498.0946702042,5163195.953191753,3562346.7250057333,335.0671786557638,6,True,13.055418886244297,0.0,1137318.2330350394,5162917.211895609,3562421.1367023312,1137498.0946702042,5163195.953191753,3562346.7250057333,374.6735412961794,34.89305390808522
74250.0,1137495.5286482752,5163187.2236082945,3562338.3803972607,328.02286620339726,6,True,11.785688502093157,0.0,1137318.2330350394,5162917.211895609,3562421.1367023312,1137495.5286482752,5163187.2236082945,3562338.3803972607,368.2358960936523,34.89305390808522
74280.0,1137495.6379828844,5163188.200700257,3562346.0360451876,327.61362760932997,6,True,13.819276901582876,0.0,1137318.2330350394,5162917.211895609,3562421.1367023312,1137495.6379828844,5163188.200700257,3562346.0360451876,367.21629880928873,34.89305390808522
74310.0,1137498.1364624905,5163200.776600924,3562346.671038497,338.8471599143015,6,True,11.913917998472849,0.0,1137318.2330350394,5162917.211895609,3562421.1367023312,1137498.1364624905,5163200.776600924,3562346.671038497,378.6502755308904,34.89305390808522
74340.0,1137489.1294746795,5163178.607346686,3562341.169185307,318.58673127767844,6,True,12.853756578018269,0.0,1137318.2330350394,5162917.211895609,3562421.1367023312,1137489.1294746795,5163178.607346686,3562341.169185307,357.161779369336,34.89305390808522
74370.0,1137492.7304181901,5163173.147480729,3562345.077589624,315.209317125358,6,True,12.951445616781712,0.0,1137318.2330350394,5162917.211895609,3562421.1367023312,1137492.7304181901,5163173.147480729,3562345.077589624,353.75088079940946,34.89305390808522
74400.0,1137504.8769600024,5163213.152084507,3562340.8267564103,351.63109556181894,6,True,13.229337476193905,0.0,1137318.2330350394,5162917.211895609,3562421.1367023312,1137504.8769600024,5163213.152084507,3562340.8267564103,393.6694129119656,34.89305390808522
74430.0,1137498.779562064,5163198.511093233,3562345.481529145,337.31886812774644,6,True,14.091405019164085,0.0,1137318.2330350394,5162917.211895609,3562421.1367023312,1137498.779562064,5163198.511093233,3562345.481529145,377.4078506067134,34.89305390808522
74460.0,1137496.3833627854,5163194.772711377,3562337.4408860975,335.36185799240684,6,True,12.551912609487772,0.0,1137318.2330350394,5162917.211895609,3562421.1367023312,1137496.3833627854,5163194.772711377,3562337.4408860975,375.0316516377761,34.89305390808522
74490.0,1137501.9862215077,5163206.746078871,3562342.6579183745,344.25656937259333,6,True,13.28223437567552,0.0,1137318.2330350394,5162917.211895609,3562421.1367023312,1137501.9862215077,5163206.746078871,3562342.6579183745,386.4815772299797,34.89305390808522
74520.0,1137491.5027738633,5163193.428562393,3562343.2715754593,332.56708784080246,6,True,11.99014232804378,0.0,1137318.2330350394,5162917.211895609,3562421.1367023312,1137491.5027738633,5163193.428562393,3562343.2715754593,369.9423975600679,34.89305390808522
74550.0,1137500.59870001,5163197.292552218,3562341.826858496,336.50843312742006,6,True,12.866887226700783,0.0,1137318.2330350394,5162917.211895609,3562421.1367023312,1137500.59870001,5163197.292552218,3562341.826858496,378.2387977950689,34.89305390808522
74580.0,1137501.350019066,5163197.163097917,3562344.7596812765,337.7857446563995,6,True,13.217858194063107,0.0,1137318.2330350394,5162917.211895609,3562421.1367023312,1137501.350019066,5163197.163097917,3562344.7596812765,377.8484408123997,34.89305390808522
74610.0,1137498.3860386761,5163197.746755328,3562342.0163282612,337.0880071357747,6,True,12.692075328280529,0.0,1137318.2330350394,5162917.211895609,3562421.1367023312,1137498.3860386761,5163197.746755328,3562342.0163282612,377.3858950778293,34.89305390808522
74640.0,1137493.8755454656,5163184.88783708,3562344.785269598,324.1092575453622,6,True,11.994825473676125,0.0,1137318.2330350394,5162917.211895609,3562421.1367023312,1137493.8755454656,5163184.88783708,3562344.785269598,363.8833976272612,34.89305390808522
74670.0,1137494.1935719866,5163189.805319406,3562344.1552210245,330.4445264146849,6,True,13.746674329042435,0.0,1137318.2330350394,5162917.211895609,3562421.1367023312,1137494.1935719866,5163189.805319406,3562344.1552210245,368.19169388017224,34.89305390808522
74700.0,1137498.928396094,5163179.763722054,3562348.8456629864,321.3448723395268,6,True,15.246886434654394,0.0,1137318.2330350394,5162917.211895609,3562421.1367023312,1137498.928396094,5163179.763722054,3562348.8456629864,361.56432496629947,34.89305390808522
74730.0,1137498.3380296028,5163193.08649108,3562346.170529471,332.9923605978504,6,True,13.16137551019589,0.0,1137318.2330350394,5162917.211895609,3562421.1367023312,1137498.3380296028,5163193.08649108,3562346.170529471,372.597895474419,34.89305390808522
74760.0,1137487.8727876628,5163169.147029223,3562340.693724891,313.1006071200826,6,True,12.976251744975647,0.0,1137318.2330350394,5162917.211895609,3562421.1367023312,1137487.8727876628,5163169.147029223,3562340.693724891,349.0157801125469,34.89305390808522
74790.0,1137503.486240864,5163202.558170541,3562335.1670222944,343.691880598126,6,True,14.826484898726145,0.0,1137318.2330350394,5162917.211895609,3562421.1367023312,1137503.486240864,5163202.558170541,3562335.1670222944,385.6720172432448,34.89305390808522
74820.0,1137489.7082572654,5163170.287721598,3562340.8481055154,313.498658058167,6,True,13.147578784575066,0.0,1137318.2330350394,5162917.211895609,3562421.1367023312,1137489.7082572654,5163170.287721598,3562340.8481055154,350.8835253105425,34.89305390808522
74850.0,1137493.5809704661,5163191.524868619,3562341.1085272664,331.847345074163,6,True,14.636795109758774,0.0,1137318.2330350394,5162917.211895609,3562421.1367023312,1137493.5809704661,5163191.524868619,3562341.1085272664,370.002975141685,34.89305390808522
74880.0,1137489.4324217495,5163170.050493821,3562343.654938784,313.6866109779314,6,True,13.083785275618235,0.0,1137318.2330350394,5162917.211895609,3562421.1367023312,1137489.4324217495,5163170.050493821,3562343.654938784,349.825315893109,34.89305390808522
74910.0,1137492.8178528687,5163180.345875425,3562336.768570143,322.9245439153882,6,True,11.952167781690756,0.0,1137318.2330350394,5162917.211895609,3562421.1367023312,1137492.8178528687,5163180.345875425,3562336.768570143,361.6724946989646,34.89305390808522
74940.0,1137492.3997413942,5163182.313657935,3562345.7653768538,323.54439056348787,6,True,14.226767939825853,0.0,1137318.2330350394,5162917.211895609,3562421.1367023312,1137492.3997413942,5163182.313657935,3562345.7653768538,360.7740684443141,34.89305390808522
74970.0,1137498.5140647914,5163198.0497154975,3562346.97518128,337.32355088780196,6,True,14.076718730231127,0.0,1137318.2330350394,5162917.211895609,3562421.1367023312,1137498.5140647914,5163198.0497154975,3562346.97518128,376.55067731615134,34.89305390808522
75000.0,1137499.5182029265,5163199.361641403,3562345.7041148194,340.39005172907457,6,True,13.222260241707167,0.0,1137318.2330350394,5162917.211895609,3562421.1367023312,1137499.5182029265,5163199.361641403,3562345.7041148194,378.44322719848657,34.89305390808522
75030.0,1137495.9537640586,5163184.449666863,3562337.746537789,327.00051603855167,6,True,11.423579140255848,0.0,1137318.2330350394,5162917.211895609,3562421.1367023312,1137495.9537640586,5163184.449666863,3562337.746537789,366.3957671546271,34.89305390808522
75060.0,1137492.5498625578,5163186.932697218,3562345.3836852307,327.2788165081787,6,True,12.97172203908364,0.0,1137318.2330350394,5162917.211895609,3562421.1367023312,1137492.5498625578,5163186.932697218,3562345.3836852307,364.6905297120137,34.89305390808522
75090.0,1137495.6486177938,5163189.588819524,3562343.053408442,330.64653932460146,6,True,14.565582657853762,0.0,1137318.2330350394,5162917.211895609,3562421.1367023312,1137495.6486177938,5163189.588819524,3562343.053408442,369.0551242754382,34.89305390808522
75120.0,1137494.6406646867,5163183.569690497,3562338.208712621,325.9861391104421,6,True,14.912118768940369,0.0,1137318.2330350394,5162917.211895609,3562421.1367023312,1137494.6406646867,5163183.569690497,3562338.208712621,364.86400465039986,34.89305390808522
75150.0,1137496.6029271083,5163193.845486932,3562339.5601324635,333.4315564564073,6,True,14.973823082943758,0.0,1137318.2330350394,5162917.211895609,3562421.1367023312,1137496.6029271083,5163193.845486932,3562339.5601324635,373.86665119451607,34.89305390808522
75180.0,1137492.5900405897,5163178.71821031,3562342.3655374027,321.94299100538115,6,True,14.470624583462874,0.0,1137318.2330350394,5162917.211895609,3562421.1367023312,1137492.5900405897,5163178.71821031,3562342.3655374027,358.80878216278415,34.89305390808522
75210.0,1137492.7295840944,5163182.196253758,3562343.1768731913,324.9315453669905,6,True,13.306217153867086,0.0,1137318.2330350394,5162917.211895609,3562421.1367023312,1137492.7295840944,5163182.196253758,3562343.1768731913,361.48331829563443,34.89305390808522
75240.0,1137495.2930148249,5163191.728620309,3562345.4499261035,331.2537254706093,6,True,14.965857467303673,0.0,1137318.2330350394,5162917.211895609,3562421.1367023312,1137495.2930148249,5163191.728620309,3562345.4499261035,370.03504140912816,34.89305390808522
75270.0,1137498.8820946126,5163196.475612671,3562351.1187660927,333.4178177813538,6,True,14.043507251888514,0.0,1137318.2330350394,5162917.211895609,3562421.1367023312,1137498.8820946126,5163196.475612671,3562351.1187660927,374.54656834920274,34.89305390808522
75300.0,1137499.4130711341,5163192.394315364,3562348.449764016,333.1526869062074,6,True,13.417515931030115,0.0,1137318.2330350394,5162917.211895609,3562421.1367023312,1137499.4130711341,5163192.394315364,3562348.449764016,372.09647011828196,34.89305390808522
75330.0,1137498.8093510654,5163185.776013583,3562339.2967248023,328.9944751989842,6,True,15.869729774693647,0.0,1137318.2330350394,5162917.211895609,3562421.1367023312,1137498.8093510654,5163185.776013583,3562339.2967248023,368.61004483847256,34.89305390808522
75360.0,1137497.9761988968,5163192.341005729,3562349.176208699,331.8486075981296,6,True,13.410931184887886,0.0,1137318.2330350394,5162917.211895609,3562421.1367023312,1137497.9761988968,5163192.341005729,3562349.176208699,371.1167693014116,34.89305390808522
75390.0,1137495.4344811582,5163188.922364855,3562336.146534137,329.9903600883903,6,True,14.116210352629423,0.0,1137318.2330350394,5162917.211895609,3562421.1367023312,1137495.4344811582,5163188.922364855,3562336.146534137,370.12771596715663,34.89305390808522
75420.0,1137495.997556872,5163195.137162574,3562346.3700949214,335.97339030876583,6,True,12.772298384457827,0.0,1137318.2330350394,5162917.211895609,3562421.1367023312,1137495.997556872,5163195.137162574,3562346.3700949214,372.97514396892745,34.89305390808522
75450.0,1137492.8326868871,5163192.597952362,3562343.868447434,332.09635840709626,6,True,14.210166317721209,0.0,1137318.2330350394,5162917.211895609,3562421.1367023312,1137492.8326868871,5163192.597952362,3562343.868447434,369.81666891524117,34.89305390808522
75480.0,1137495.1576793545,5163181.623956791,3562344.9744516504,323.73851745270866,6,True,15.042000549534956,0.0,1137318.2330350394,5162917.211895609,3562421.1367023312,1137495.1576793545,5163181.623956791,3562344.9744516504,361.897356258308,34.89305390808522
75510.0,1137491.625795331,5163178.580615466,3562341.3429039195,322.46355726818905,6,True,14.624056184043488,0.0,1137318.2330350394,5162917.211895609,3562421.1367023312,1137491.625795331,5163178.580615466,3562341.3429039195,358.43463706146326,34.89305390808522
75540.0,1137495.2587080305,5163194.101093589,3562342.507983202,332.62549647338983,6,True,14.669064639757076,0.0,1137318.2330350394,5162917.211895609,3562421.1367023312,1137495.2587080305,5163194.101093589,3562342.507983202,372.6457487576033,34.89305390808522
75570.0,1137501.6211248168,5163201.194611331,3562350.399616574,339.08174315484877,6,True,13.830354629705349,0.0,1137318.2330350394,5162917.211895609,3562421.1367023312,1137501.6211248168,5163201.194611331,3562350.399616574,380.02221678189176,34.89305390808522
75600.0,1137494.277572493,5163184.36495964,3562340.3055731812,326.0716117103099,6,True,14.071966867893934,0.0,1137318.2330350394,5162917.211895609,3562421.1367023312,1137494.277572493,5163184.36495964,3562340.3055731812,364.77608801560547,34.89305390808522
75630.0,1137490.3933019002,5163179.014970356,3562343.145139096,320.01449394392836,6,True,14.590437065809965,0.0,1137318.2330350394,5162917.211895609,3562421.1367023312,1137490.3933019002,5163179.014970356,3562343.145139096,357.6704325109159,34.89305390808522
75660.0,1137492.8223305615,5163187.497210193,3562329.103925926,331.8366307329235,6,True,13.36773756146431,0.0,1137318.2330350394,5162917.211895609,3562421.1367023312,1137492.8223305615,5163187.497210193,3562329.103925926,369.4900568371798,34.89305390808522
75690.0,1137493.5314841052,5163182.603634433,3562340.280133936,324.65719424625945,6,True,14.796927958726883,0.0,1137318.2330350394,5162917.211895609,3562421.1367023312,1137493.5314841052,5163182.603634433,3562340.280133936,362.96373525430766,34.89305390808522
75720.0,1137490.1251498233,5163178.189552596,3562342.287926573,322.34960403298055,6,True,16.441531032323837,0.0,1137318.2330350394,5162917.211895609,3562421.1367023312,1137490.1251498233,5163178.189552596,3562342.287926573,357.0751536049293,34.89305390808522
75750.0,1137499.9820341547,5163185.466504869,3562343.170211498,325.797363921777,6,True,14.408783773581186,0.0,1137318.2330350394,5162917.211895609,3562421.1367023312,1137499.9820341547,5163185.466504869,3562343.170211498,368.04772987608436,34.89305390808522
75780.0,1137491.0787741207,5163182.421037428,3562339.746948335,325.197151377967,6,True,14.304885820796093,0.0,1137318.2330350394,5162917.211895609,3562421.1367023312,1137491.0787741207,5163182.421037428,3562339.746948335,361.6401095171613,34.89305390808522
75810.0,1137489.7272763797,5163183.054504298,3562338.1422720123,325.4097090321952,6,True,14.705653589218855,0.0,1137318.2330350394,5162917.211895609,3562421.1367023312,1137489.7272763797,5163183.054504298,3562338.1422720123,361.84753453925435,34.89305390808522
75840.0,1137495.9270149632,5163187.1393531645,3562352.3714202843,326.13493971188984,6,True,14.560690647612015,0.0,1137318.2330350394,5162917.211895609,3562421.1367023312,1137495.9270149632,5163187.1393531645,3562352.3714202843,365.0792122662039,34.89305390808522
75870.0,1137498.2630124413,5163193.965182341,3562343.541779234,333.07219527060636,6,True,14.279781149079403,0.0,1137318.2330350394,5162917.211895609,3562421.1367023312,1137498.2630124413,5163193.965182341,3562343.541779234,373.8843911153491,34.89305390808522
75900.0,1137494.7043776396,5163189.463485174,3562344.4915302023,330.4569397976168,6,True,14.684801497807106,0.0,1137318.2330350394,5162917.211895609,3562421.1367023312,1137494.7043776396,5163189.463485174,3562344.4915302023,368.1057321895421,34.89305390808522
75930.0,1137494.2667339535,5163182.749335009,3562344.342949532,325.17294034604606,6,True,13.57615315914154,0.0,1137318.2330350394,5162917.211895609,3562421.1367023312,1137494.2667339535,5163182.749335009,3562344.342949532,362.4732793993798,34.89305390808522
75960.0,1137496.2387910087,5163190.866205591,3562346.664626572,331.10584698968944,6,True,12.770163143674532,0.0,1137318.2330350394,5162917.211895609,3562421.1367023312,1137496.2387910087,5163190.866205591,3562346.664626572,369.5558823133328,34.89305390808522
75990.0,1137498.1596530662,5163194.254941886,3562350.449301729,333.49526445191026,6,True,15.092251724253098,0.0,1137318.2330350394,5162917.211895609,3562421.1367023312,1137498.1596530662,5163194.254941886,3562350.449301729,372.4927368215103,34.89305390808522
76020.0,1137488.834081984,5163184.819017797,3562340.8967960947,326.74883189298924,6,True,14.497492795189222,0.0,1137318.2330350394,5162917.211895609,3562421.1367023312,1137488.834081984,5163184.819017797,3562340.8967960947,362.1040614278716,34.89305390808522
76050.0,1137501.4866853443,5163194.435670655,3562336.502419478,336.84511708319036,6,True,15.096178402503332,0.0,1137318.2330350394,5162917.211895609,3562421.1367023312,1137501.4866853443,5163194.435670655,3562336.502419478,377.71325575997065,34.89305390808522
76080.0,1137494.3606800165,5163196.109597538,3562336.852532527,338.66885507171,6,True,13.665063343942165,0.0,1137318.2330350394,5162917.211895609,3562421.1367023312,1137494.3606800165,5163196.109597538,3562336.852532527,375.2057628845193,34.89305390808522
76110.0,1137490.252241315,5163184.285751826,3562344.831500256,325.1894309028302,6,True,13.256964898357788,0.0,1137318.2330350394,5162917.211895609,3562421.1367023312,1137490.252241315,5163184.285751826,3562344.831500256,361.45066030060605,34.89305390808522
76140.0,1137493.3518222682,5163184.581259944,3562337.083613072,327.7740860426677,6,True,13.269787651797136,0.0,1137318.2330350394,5162917.211895609,3562421.1367023312,1137493.3518222682,5163184.581259944,3562337.083613072,365.2780060620239,34.89305390808522
76170.0,1137494.2099227142,5163180.192274182,3562346.4677469097,322.2962456244085,6,True,15.341835878789425,0.0,1137318.2330350394,5162917.211895609,3562421.1367023312,1137494.2099227142,5163180.192274182,3562346.4677469097,359.87345612188614,34.89305390808522
76200.0,1137489.7335479627,5163182.171667273,3562343.679933247,324.09585406036996,6,True,14.832507097472748,0.0,1137318.2330350394,5162917.211895609,3562421.1367023312,1137489.7335479627,5163182.171667273,3562343.679933247,359.7390778919147,34.89305390808522
76230.0,1137486.0877790598,5163176.306918774,3562335.1694460236,318.4569051165051,6,True,15.041261307895184,0.0,1137318.2330350394,5162917.211895609,3562421.1367023312,1137486.0877790598,5163176.306918774,3562335.1694460236,355.27344762063706,34.89305390808522
76260.0,1137491.989992904,5163175.096554529,3562351.553460899,314.5497049793308,6,True,14.81843602284789,0.0,1137318.2330350394,5162917.211895609,3562421.1367023312,1137491.989992904,5163175.096554529,3562351.553460899,353.37701020425806,34.89305390808522
76290.0,1137492.8703811828,5163172.886462045,3562346.974913702,316.38819412906616,6,True,14.55212123443683,0.0,1137318.2330350394,5162917.211895609,3562421.1367023312,1137492.8703811828,5163172.886462045,3562346.974913702,353.1580477908762,34.89305390808522
76320.0,1137486.1721396407,5163174.6523378445,3562344.6693102657,315.8975517900794,6,True,14.50602879996101,0.0,1137318.2330350394,5162917.211895609,3562421.1367023312,1137486.1721396407,5163174.6523378445,3562344.6693102657,351.51054932495214,34.89305390808522
76350.0,1137489.8451553402,5163175.358630557,3562347.273333719,316.7677515395771,6,True,12.858488452931246,0.0,1137318.2330350394,5162917.211895609,3562421.1367023312,1137489.8451553402,5163175.358630557,3562347.273333719,353.41999102959136,34.89305390808522
76380.0,1137495.5812999008,5163186.7654902,3562351.021374084,326.9962476144031,6,True,14.779301979889473,0.0,1137318.2330350394,5162917.211895609,3562421.1367023312,1137495.5812999008,5163186.7654902,3562351.021374084,364.8855279966096,34.89305390808522
76410.0,1137491.4454415594,5163185.165016507,3562336.710544122,327.52421637660166,6,True,14.054281840721766,0.0,1137318.2330350394,5162917.211895609,3562421.1367023312,1137491.4454415594,5163185.165016507,3562336.710544122,364.8335068746129,34.89305390808522
76440.0,1137491.9806223367,5163182.006418429,3562351.5081687076,321.07332246508804,6,True,15.242866898576418,0.0,1137318.2330350394,5162917.211895609,3562421.1367023312,1137491.9806223367,5163182.006418429,3562351.5081687076,358.9703622248418,34.89305390808522
76470.0,1137492.658643237,5163181.984843221,3562343.869991612,322.76578575079907,6,True,14.18541269376874,0.0,1137318.2330350394,5162917.211895609,3562421.1367023312,1137492.658643237,5163181.984843221,3562343.869991612,361.10497302432697,34.89305390808522
76500.0,1137486.7907707728,5163169.572064289,3562335.8205050686,312.4526290391561,6,True,14.648830966403088,0.0,1137318.2330350394,5162917.211895609,3562421.1367023312,1137486.7907707728,5163169.572064289,3562335.8205050686,350.0764108517594,34.89305390808522
76530.0,1137491.886372551,5163182.347843254,3562340.324211837,325.39790559221575,6,True,14.875976541390022,0.0,1137318.2330350394,5162917.211895609,3562421.1367023312,1137491.886372551,5163182.347843254,3562340.324211837,361.8651415534945,34.89305390808522
76560.0,1137488.5398603878,5163167.597733108,3562343.8763187537,310.127844629368,6,True,15.322973689685265,0.0,1137318.2330350394,5162917.211895609,3562421.1367023312,1137488.5398603878,5163167.597733108,3562343.8763187537,347.3232539118157,34.89305390808522
76590.0,1137490.2281682207,5163176.393225256,3562346.6103940243,318.01772177342735,6,True,14.786527499556541,0.0,1137318.2330350394,5162917.211895609,3562421.1367023312,1137490.2281682207,5163176.393225256,3562346.6103940243,354.6202940658136,34.89305390808522
76620.0,1137496.0591939327,5163182.688661703,3562348.3431796776,322.9456405869402,6,True,14.635335256656012,0.0,1137318.2330350394,5162917.211895609,3562421.1367023312,1137496.0591939327,5163182.688661703,3562348.3431796776,362.4521349710214,34.89305390808522
76650.0,1137490.1571125437,5163178.029407998,3562343.6131853075,319.92914647652526,6,True,15.263054380814234,0.0,1137318.2330350394,5162917.211895609,3562421.1367023312,1137490.1571125437,5163178.029407998,3562343.6131853075,356.6328014786358,34.89305390808522
76680.0,1137484.1390840511,5163166.662740012,3562336.5640739216,312.36675029193566,6,True,14.934389814734459,0.0,1137318.2330350394,5162917.211895609,3562421.1367023312,1137484.1390840511,5163166.662740012,3562336.5640739216,346.1278158947146,34.89305390808522
76710.0,1137486.3474532813,5163180.694916822,3562350.8555796067,319.4840804793451,6,True,15.207829713821411,0.0,1137318.2330350394,5162917.211895609,3562421.1367023312,1137486.3474532813,5163180.694916822,3562350.8555796067,355.041721583328,34.89305390808522
76740.0,1137494.6483994338,5163182.4231378175,3562354.946516683,323.0919393774511,6,True,14.218233757962784,0.0,1137318.2330350394,5162917.211895609,3562421.1367023312,1137494.6483994338,5163182.4231378175,3562354.946516683,360.0011699622439,34.89305390808522
76770.0,1137490.3015956255,5163181.49172891,3562333.680777841,324.5405549167141,6,True,15.47771910453836,0.0,1137318.2330350394,5162917.211895609,3562421.1367023312,1137490.3015956255,5163181.49172891,3562333.680777841,362.0751248426325,34.89305390808522
76800.0,1137489.3717159296,5163172.2397309905,3562341.2151256446,316.02572508090975,6,True,13.717921586086353,0.0,1137318.2330350394,5162917.211895609,3562421.1367023312,1137489.3717159296,5163172.2397309905,3562341.2151256446,352.16482564687857,34.89305390808522
76830.0,1137490.925556914,5163189.223454536,3562339.5891530793,329.2240572414668,6,True,14.013605430722237,0.0,1137318.2330350394,5162917.211895609,3562421.1367023312,1137490.925556914,5163189.223454536,3562339.5891530793,367.1123528074658,34.89305390808522
76860.0,1137492.8529284075,5163187.748398047,3562345.436765966,327.3422173339701,6,True,15.840329594910145,0.0,1137318.2330350394,5162917.211895609,3562421.1367023312,1137492.8529284075,5163187.748398047,3562345.436765966,365.50231715647584,34.89305390808522
76890.0,1137492.9362595375,5163171.327097712,3562350.8799762046,312.78918079648304,6,True,16.374116615702707,0.0,1137318.2330350394,5162917.211895609,3562421.1367023312,1137492.9362595375,5163171.327097712,3562350.8799762046,351.02665228627814,34.89305390808522
76920.0,1137492.2294729138,5163186.869503483,3562339.6707611457,328.5857937006463,6,True,14.612127758562565,0.0,1137318.2330350394,5162917.211895609,3562421.1367023312,1137492.2294729138,5163186.869503483,3562339.6707611457,365.8674743009019,34.89305390808522
76950.0,1137495.4261150565,5163183.720176373,3562345.227150982,326.67932867906467,6,True,15.406334470957518,0.0,1137318.2330350394,5162917.211895609,3562421.1367023312,1137495.4261150565,5163183.720176373,3562345.227150982,363.67065160843794,34.89305390808522
76980.0,1137492.1373587854,5163179.225813621,3562341.6148260166,322.43662811990515,6,True,15.275154129912456,0.0,1137318.2330350394,5162917.211895609,3562421.1367023312,1137492.1373587854,5163179.225813621,3562341.6148260166,359.16035083635944,34.89305390808522
77010.0,1137487.7340187205,5163177.972871818,3562336.513398432,320.7997540516913,6,True,16.58777814482649,0.0,1137318.2330350394,5162917.211895609,3562421.1367023312,1137487.7340187205,5163177.972871818,3562336.513398432,357.12209200821053,34.89305390808522
77040.0,1137493.169240115,5163175.739718808,3562353.2744715665,317.8200013055354,6,True,15.400817897170782,0.0,1137318.2330350394,5162917.211895609,3562421.1367023312,1137493.169240115,5163175.739718808,3562353.2744715665,354.1549708285031,34.89305390808522
77070.0,1137493.5750023618,5163181.648642008,3562343.2267717505,324.09923990108,6,True,13.100692639748255,0.0,1137318.2330350394,5162917.211895609,3562421.1367023312,1137493.5750023618,5163181.648642008,3562343.2267717505,361.4847388547076,34.89305390808522
77100.0,1137488.9184193173,5163180.273356742,3562343.014489831,322.45605516872365,6,True,16.096034449835617,0.0,1137318.2330350394,5162917.211895609,3562421.1367023312,1137488.9184193173,5163180.273356742,3562343.014489831,357.93200670342117,34.89305390808522
77130.0,1137492.1289381923,5163180.39408212,3562340.7695976943,324.72954329266895,6,True,15.42617055773735,0.0,1137318.2330350394,5162917.211895609,3562421.1367023312,1137492.1289381923,5163180.39408212,3562340.7695976943,360.3085645251174,34.89305390808522
77160.0,1137490.126888395,5163175.985156324,3562351.251284794,316.7624030479801,6,True,14.218014046549797,0.0,1137318.2330350394,5162917.211895609,3562421.1367023312,1137490.126888395,5163175.985156324,3562351.251284794,353.1475591611698,34.89305390808522
77190.0,1137494.0730550077,5163192.915382966,3562348.511973027,332.25348443539735,6,True,14.480482909828424,0.0,1137318.2330350394,5162917.211895609,3562421.1367023312,1137494.0730550077,5163192.915382966,3562348.511973027,369.6532271941017,34.89305390808522
77220.0,1137493.236514827,5163174.221184102,3562348.6816514987,318.32527637429945,6,True,14.796374121059975,0.0,1137318.2330350394,5162917.211895609,3562421.1367023312,1137493.236514827,5163174.221184102,3562348.6816514987,354.02196248470517,34.89305390808522
77250.0,1137491.905327531,5163178.3792237295,3562344.9959413675,320.6344018717464,6,True,15.045306082814932,0.0,1137318.2330350394,5162917.211895609,3562421.1367023312,1137491.905327531,5163178.3792237295,3562344.9959413675,357.5177345219979,34.89305390808522
77280.0,1137491.9768353838,5163182.656891767,3562347.422343711,323.1738103645135,6,True,14.449496752272049,0.0,1137318.2330350394,5162917.211895609,3562421.1367023312,1137491.9768353838,5163182.656891767,3562347.422343711,360.43276831530306,34.89305390808522
77310.0,1137488.861100302,5163181.033772667,3562352.259745108,319.98768382517636,6,True,13.995605977873007,0.0,1137318.2330350394,5162917.211895609,3562421.1367023312,1137488.861100302,5163181.033772667,3562352.259745108,356.33713934365903,34.89305390808522
77340.0,1137485.3286321422,5163170.816552636,3562345.6618614946,311.4911925019847,6,True,14.38924751803279,0.0,1137318.2330350394,5162917.211895609,3562421.1367023312,1137485.3286321422,5163170.816552636,3562345.6618614946,347.7160500716064,34.89305390808522
77370.0,1137491.6677701084,5163181.92557661,3562341.0791985383,327.50515429194314,6,True,15.989895346264044,0.0,1137318.2330350394,5162917.211895609,3562421.1367023312,1137491.6677701084,5163181.92557661,3562341.0791985383,361.2171809078233,34.89305390808522
77400.0,1137489.6943648267,5163181.158185211,3562335.9739796426,323.82011947860855,6,True,16.456328409413498,0.0,1137318.2330350394,5162917.211895609,3562421.1367023312,1137489.6943648267,5163181.158185211,3562335.9739796426,360.8691283902485,34.89305390808522
77430.0,1137483.9237302386,5163170.170204279,3562343.208256144,313.1135520201617,6,True,17.346964452415705,0.0,1137318.2330350394,5162917.211895609,3562421.1367023312,1137483.9237302386,5163170.170204279,3562343.208256144,347.06052575223447,34.89305390808522
77460.0,1137489.5104039095,5163176.468773351,3562345.2599426783,319.8704787035923,6,True,15.286507754276196,0.0,1137318.2330350394,5162917.211895609,3562421.1367023312,1137489.5104039095,5163176.468773351,3562345.2599426783,354.6214394247065,34.89305390808522
77490.0,1137488.996510957,5163184.233330412,3562351.24238433,323.5190050044176,6,True,15.33600003644824,0.0,1137318.2330350394,5162917.211895609,3562421.1367023312,1137488.996510957,5163184.233330412,3562351.24238433,359.2495453408778,34.89305390808522
77520.0,1137487.5255701358,5163171.477047743,3562338.686530111,315.94711586282017,6,True,14.551030103117228,0.0,1137318.2330350394,5162917.211895609,3562421.1367023312,1137487.5255701358,5163171.477047743,3562338.686530111,351.21911252111863,34.89305390808522
77550.0,1137486.3694830642,5163163.461319023,3562345.363201357,306.38012378260737,6,True,15.632215482493242,0.0,1137318.2330350394,5162917.211895609,3562421.1367023312,1137486.3694830642,5163163.461319023,3562345.363201357,342.4595448016469,34.89305390808522
77580.0,1137483.8252830186,5163172.389489654,3562342.1692771553,315.1825785922619,6,True,15.036681073407332,0.0,1137318.2330350394,5162917.211895609,3562421.1367023312,1137483.8252830186,5163172.389489654,3562342.1692771553,349.06475757145336,34.89305390808522
77610.0,1137484.0074121042,5163169.064526495,3562346.464837805,310.66507824705496,6,True,14.432522223641476,0.0,1137318.2330350394,5162917.211895609,3562421.1367023312,1137484.0074121042,5163169.064526495,3562346.464837805,345.3948001497577,34.89305390808522
77640.0,1137482.65470169,5163169.298499556,3562334.508390804,312.7907015629682,6,True,15.616775929927826,0.0,1137318.2330350394,5162917.211895609,3562421.1367023312,1137482.65470169,5163169.298499556,3562334.508390804,348.01539789890376,34.89305390808522
77670.0,1137492.3719809446,5163179.496441165,3562347.3185327873,322.239794425581,6,True,15.786465507000685,0.0,1137318.2330350394,5162917.211895609,3562421.1367023312,1137492.3719809446,5163179.496441165,3562347.3185327873,358.11405143798345,34.89305390808522
77700.0,1137487.554691924,5163168.843124868,3562351.5946627674,309.5658130418603,6,True,16.06801239649455,0.0,1137318.2330350394,5162917.211895609,3562421.1367023312,1137487.554691924,5163168.843124868,3562351.5946627674,345.90766157616815,34.89305390808522
77730.0,1137494.7986670255,5163177.400160889,3562348.495752081,318.4583486597927,6,True,15.265839867293835,0.0,1137318.2330350394,5162917.211895609,3562421.1367023312,1137494.7986670255,5163177.400160889,3562348.495752081,357.4733961748394,34.89305390808522
77760.0,1137490.910176821,5163173.824919626,3562344.441941399,317.6078798085548,6,True,16.082095959534247,0.0,1137318.2330350394,5162917.211895609,3562421.1367023312,1137490.910176821,5163173.824919626,3562344.441941399,353.4547952006032,34.89305390808522
77790.0,1137484.3596318117,5163166.720412791,3562336.127223608,312.87109640214146,6,True,16.039806365966797,0.0,1137318.2330350394,5162917.211895609,3562421.1367023312,1137484.3596318117,5163166.720412791,3562336.127223608,346.41268435057464,34.89305390808522
77820.0,1137485.3202896656,5163172.541389588,3562334.527336407,317.8293752596102,6,True,15.073135254283747,0.0,1137318.2330350394,5162917.211895609,3562421.1367023312,1137485.3202896656,5163172.541389588,3562334.527336407,352.02042875368966,34.89305390808522
77850.0,1137491.8928147475,5163182.715174713,3562349.8461454464,324.0307012692046,6,True,14.486129632840553,0.0,1137318.2330350394,5162917.211895609,3562421.1367023312,1137491.8928147475,5163182.715174713,3562349.8461454464,359.87436385642127,34.89305390808522
77880.0,1137486.5263946054,5163168.00408555,3562344.9918089984,310.95366066688615,6,True,16.269795595357817,0.0,1137318.2330350394,5162917.211895609,3562421.1367023312,1137486.5263946054,5163168.00408555,3562344.9918089984,346.26948399570404,34.89305390808522
77910.0,1137496.055220132,5163181.37549706,3562342.990103867,324.6275282490663,6,True,13.891352539261183,0.0,1137318.2330350394,5162917.211895609,3562421.1367023312,1137496.055220132,5163181.37549706,3562342.990103867,362.66771972905997,34.89305390808522
77940.0,1137493.4836319683,5163190.481518898,3562336.2054902073,333.9888204839797,6,True,16.310450156529743,0.0,1137318.2330350394,5162917.211895609,3562421.1367023312,1137493.4836319683,5163190.481518898,3562336.2054902073,370.3401512815688,34.89305390808522
77970.0,1137491.6829139641,5163176.435767529,3562349.068515848,319.0914125060726,6,True,17.39688067386548,0.0,1137318.2330350394,5162917.211895609,3562421.1367023312,1137491.6829139641,5163176.435767529,3562349.068515848,354.8609470383402,34.89305390808522
78000.0,1137484.3270214694,5163176.585662765,3562336.7755463487,319.1732559621442,6,True,13.080853140602509,0.0,1137318.2330350394,5162917.211895609,3562421.1367023312,1137484.3270214694,5163176.585662765,3562336.7755463487,354.1370633399887,34.89305390808522
78030.0,1137484.926131293,5163177.586588377,3562341.903150983,320.93973096976123,6,True,15.724987885604301,0.0,1137318.2330350394,5162917.211895609,3562421.1367023312,1137484.926131293,5163177.586588377,3562341.903150983,353.92116436783454,34.89305390808522
78060.0,1137489.1460152143,5163190.399112427,3562343.3761083167,331.15152853448217,6,True,15.98335042471687,0.0,1137318.2330350394,5162917.211895609,3562421.1367023312,1137489.1460152143,5163190.399112427,3562343.3761083167,366.2085107086345,34.89305390808522
78090.0,1137495.1287777848,5163191.04564878,3562350.1474358565,330.7924712597964,6,True,14.418765120208263,0.0,1137318.2330350394,5162917.211895609,3562421.1367023312,1137495.1287777848,5163191.04564878,3562350.1474358565,368.3204149742854,34.89305390808522
78120.0,1137486.000406062,5163173.392898763,3562359.0299840765,312.6286814489366,6,True,15.077198278158903,0.0,1137318.2330350394,5162917.211895609,3562421.1367023312,1137486.000406062,5163173.392898763,3562359.0299840765,347.10386271519513,34.89305390808522
78150.0,1137481.8446352119,5163166.904107016,3562349.297702531,309.0291503605092,6,True,15.731037387003502,0.0,1137318.2330350394,5162917.211895609,3562421.1367023312,1137481.8446352119,5163166.904107016,3562349.297702531,341.7965246599242,34.89305390808522
78180.0,1137493.813730329,5163188.488692931,3562338.8980506705,331.3597170879388,6,True,15.292960299799839,0.0,1137318.2330350394,5162917.211895609,3562421.1367023312,1137493.813730329,5163188.488692931,3562338.8980506705,368.21292715417763,34.89305390808522
78210.0,1137485.0030328222,5163164.076707083,3562338.081186771,308.9990210054354,6,True,15.603813926378885,0.0,1137318.2330350394,5162917.211895609,3562421.1367023312,1137485.0030328222,5163164.076707083,3562338.081186771,344.11802160739114,34.89305390808522
78240.0,1137483.1709740274,5163162.842272957,3562343.31749987,305.6219669041527,6,True,16.198761697858572,0.0,1137318.2330350394,5162917.211895609,3562421.1367023312,1137483.1709740274,5163162.842272957,3562343.31749987,340.74630554711916,34.89305390808522
78270.0,1137486.3947048613,5163173.841707767,3562357.061482148,313.9243024365314,6,True,15.724354947606722,0.0,1137318.2330350394,5162917.211895609,3562421.1367023312,1137486.3947048613,5163173.841707767,3562357.061482148,348.10068237408973,34.89305390808522
78300.0,1137487.576742302,5163168.423048904,3562337.1435931404,313.449290323194,6,True,16.146320424973965,0.0,1137318.2330350394,5162917.211895609,3562421.1367023312,1137487.576742302,5163168.423048904,3562337.1435931404,349.2240888731737,34.89305390808522
78330.0,1137483.0371035659,5163168.623435415,3562339.732710684,313.52483215962826,6,True,15.17330247660478,0.0,1137318.2330350394,5162917.211895609,3562421.1367023312,1137483.0371035659,5163168.623435415,3562339.732710684,346.25004105094143,34.89305390808522
78360.0,1137489.596657594,5163173.741408732,3562345.3142959406,316.80063747116003,6,True,15.436979786803326,0.0,1137318.2330350394,5162917.211895609,3562421.1367023312,1137489.596657594,5163173.741408732,3562345.3142959406,352.4591746380875,34.89305390808522
78390.0,1137480.1055535425,5163158.36351273,3562331.645576983,305.03131636258416,6,True,16.31672739361723,0.0,1137318.2330350394,5162917.211895609,3562421.1367023312,1137480.1055535425,5163158.36351273,3562331.645576983,338.7785122204396,34.89305390808522
78420.0,1137480.457772842,5163168.265060091,3562342.625357543,310.9834973295294,6,True,16.364472832530737,0.0,1137318.2330350394,5162917.211895609,3562421.1367023312,1137480.457772842,5163168.265060091,3562342.625357543,343.8310207918298,34.89305390808522
78450.0,1137490.7602141527,5163185.1257834295,3562336.102076114,329.16823155016846,6,True,16.51476929957668,0.0,1137318.2330350394,5162917.211895609,3562421.1367023312,1137490.7602141527,5163185.1257834295,3562336.102076114,364.59939750346496,34.89305390808522
78480.0,1137489.3012390079,5163178.170106468,3562341.603860432,321.22293206372984,6,True,15.936445228755474,0.0,1137318.2330350394,5162917.211895609,3562421.1367023312,1137489.3012390079,5163178.170106468,3562341.603860432,356.79065790636736,34.89305390808522
78510.0,1137486.7885506176,5163173.767240517,3562346.1304300767,316.708253737814,6,True,15.460998830695948,0.0,1137318.2330350394,5162917.211895609,3562421.1367023312,1137486.7885506176,5163173.767240517,3562346.1304300767,350.7652795286074,34.89305390808522
78540.0,1137492.3896828932,5163183.832828197,3562356.182213997,321.85813588352295,6,True,15.44862168903152,0.0,1137318.2330350394,5162917.211895609,3562421.1367023312,1137492.3896828932,5163183.832828197,3562356.182213997,359.6614335219757,34.89305390808522
78570.0,1137491.4156014046,5163181.856159583,3562335.857169916,326.9642870600239,6,True,15.43662736689051,0.0,1137318.2330350394,5162917.211895609,3562421.1367023312,1137491.4156014046,5163181.856159583,3562335.857169916,362.3757430248376,34.89305390808522
78600.0,1137489.3017593867,5163187.146874934,3562345.711944007,328.27528066491743,6,True,17.02041559542219,0.0,1137318.2330350394,5162917.211895609,3562421.1367023312,1137489.3017593867,5163187.146874934,3562345.711944007,363.0698839986712,34.89305390808522
78630.0,1137488.195313351,5163165.197691061,3562348.860661236,309.7323296201163,6,True,17.50978985677163,0.0,1137318.2330350394,5162917.211895609,3562421.1367023312,1137488.195313351,5163165.197691061,3562348.860661236,343.9845708261357,34.89305390808522
78660.0,1137486.9631550093,5163180.204886858,3562336.2871787413,323.46300400460666,6,True,14.519015887131294,0.0,1137318.2330350394,5162917.211895609,3562421.1367023312,1137486.9631550093,5163180.204886858,3562336.2871787413,358.5757666567438,34.89305390808522
78690.0,1137488.796926049,5163175.352630932,3562351.674445544,316.72301529032507,6,True,16.409279629588127,0.0,1137318.2330350394,5162917.211895609,3562421.1367023312,1137488.796926049,5163175.352630932,3562351.674445544,351.81887433738257,34.89305390808522
78720.0,1137488.185102049,5163178.725362902,3562348.5293822144,321.12409857643064,6,True,16.309342699746292,0.0,1137318.2330350394,5162917.211895609,3562421.1367023312,1137488.185102049,5163178.725362902,3562348.5293822144,354.95297945977927,34.89305390808522
78750.0,1137484.0250059243,5163166.806192712,3562330.4406158724,312.1955047567512,6,True,15.95400076607863,0.0,1137318.2330350394,5162917.211895609,3562421.1367023312,1137484.0250059243,5163166.806192712,3562330.4406158724,347.9178319028317,34.89305390808522
78780.0,1137488.6624290866,5163175.420806531,3562348.5397488275,317.76280581443115,6,True,15.326268346359333,0.0,1137318.2330350394,5162917.211895609,3562421.1367023312,1137488.6624290866,5163175.420806531,3562348.5397488275,352.52969258267615,34.89305390808522
78810.0,1137487.4374238937,5163174.112639225,3562347.6444733585,315.93259662939505,6,True,15.486177420864502,0.0,1137318.2330350394,5162917.211895609,3562421.1367023312,1137487.4374238937,5163174.112639225,3562347.6444733585,351.02603677182066,34.89305390808522
78840.0,1137489.1292251004,5163177.2719547,3562355.266735146,317.714866795801,6,True,17.67330478380124,0.0,1137318.2330350394,5162917.211895609,3562421.1367023312,1137489.1292251004,5163177.2719547,3562355.266735146,352.75557802541044,34.89305390808522
78870.0,1137482.4912074585,5163168.968179197,3562355.385652034,310.695187561131,6,True,16.061622540156048,0.0,1137318.2330350394,5162917.211895609,3562421.1367023312,1137482.4912074585,5163168.968179197,3562355.385652034,342.4011458107616,34.89305390808522
78900.0,1137489.9538519224,5163178.703986934,3562337.661285049,321.6388107672095,6,True,16.454172073553007,0.0,1137318.2330350394,5162917.211895609,3562421.1367023312,1137489.9538519224,5163178.703986934,3562337.661285049,358.58639552501637,34.89305390808522
78930.0,1137489.4632306714,5163171.037321628,3562339.8573501757,314.6601486398589,6,True,15.90116798132658,0.0,1137318.2330350394,5162917.211895609,3562421.1367023312,1137489.4632306714,5163171.037321628,3562339.8573501757,351.6064613406355,34.89305390808522
78960.0,1137487.1145303105,5163171.328071426,3562351.0447796253,312.98589856164335,6,True,16.824723701924086,0.0,1137318.2330350394,5162917.211895609,3562421.1367023312,1137487.1145303105,5163171.328071426,3562351.0447796253,347.79888053105145,34.89305390808522
78990.0,1137484.6845179664,5163161.034156771,3562335.9996702927,307.331868901313,6,True,17.40805373961727,0.0,1137318.2330350394,5162917.211895609,3562421.1367023312,1137484.6845179664,5163161.034156771,3562335.9996702927,342.1083087901166,34.89305390808522
79020.0,1137486.5279911235,5163174.55130702,3562351.772092105,315.3650839633773,6,True,17.18043192103505,0.0,1137318.2330350394,5162917.211895609,3562421.1367023312,1137486.5279911235,5163174.55130702,3562351.772092105,349.9239757838356,34.89305390808522
79050.0,1137486.6057021485,5163172.952756889,3562347.489610318,315.8179426773637,6,True,14.589500566323599,0.0,1137318.2330350394,5162917.211895609,3562421.1367023312,1137486.6057021485,5163172.952756889,3562347.489610318,349.6788859018081,34.89305390808522
79080.0,1137489.3992043491,5163176.410126426,3562352.0029413057,318.02621395269153,6,True,16.79151440039277,0.0,1137318.2330350394,5162917.211895609,3562421.1367023312,1137489.3992043491,5163176.410126426,3562352.0029413057,352.9263484458984,34.89305390808522
79110.0,1137490.2041736203,5163183.595090509,3562344.118342784,326.00127339076886,6,True,15.549148151030144,0.0,1137318.2330350394,5162917.211895609,3562421.1367023312,1137490.2041736203,5163183.595090509,3562344.118342784,361.03678277813333,34.89305390808522
79140.0,1137485.0593090712,5163170.850912938,3562348.0812855535,313.2783626255088,6,True,16.48433757573366,0.0,1137318.2330350394,5162917.211895609,3562421.1367023312,1137485.0593090712,5163170.850912938,3562348.0812855535,347.00661941951387,34.89305390808522
79170.0,1137486.9164823003,5163175.269524755,3562348.1147171967,316.39900462396827,6,True,16.329757524033386,0.0,1137318.2330350394,5162917.211895609,3562421.1367023312,1137486.9164823003,5163175.269524755,3562348.1147171967,351.5696841164575,34.89305390808522
79200.0,1137484.5583555177,5163172.144754926,3562349.3275648705,314.38312136582573,6,True,17.550000077734392,0.0,1137318.2330350394,5162917.211895609,3562421.1367023312,1137484.5583555177,5163172.144754926,3562349.3275648705,347.4861946519925,34.89305390808522
79230.0,1137485.3846408369,5163178.465456408,3562347.7817841163,320.36837140852305,6,True,15.900700190414986,0.0,1137318.2330350394,5162917.211895609,3562421.1367023312,1137485.3846408369,5163178.465456408,3562347.7817841163,353.43004716078434,34.89305390808522
79260.0,1137491.9005679796,5163177.007450663,3562341.020527729,320.30042624473657,6,True,17.315210157384474,0.0,1137318.2330350394,5162917.211895609,3562421.1367023312,1137491.9005679796,5163177.007450663,3562341.020527729,357.40197192258677,34.89305390808522
79290.0,1137487.5772920344,5163179.340182706,3562349.2020505485,322.70237809957166,6,True,15.12663775930802,0.0,1137318.2330350394,5162917.211895609,3562421.1367023312,1137487.5772920344,5163179.340182706,3562349.2020505485,354.9711168289631,34.89305390808522
79320.0,1137485.9475289425,5163175.76648545,3562341.4909068123,319.3030662922017,6,True,16.089512628813583,0.0,1137318.2330350394,5162917.211895609,3562421.1367023312,1137485.9475289425,5163175.76648545,3562341.4909068123,353.09296238066366,34.89305390808522
79350.0,1137485.0674383345,5163167.58347786,3562347.1295576408,310.965528997153,6,True,14.716349909702936,0.0,1137318.2330350394,5162917.211895609,3562421.1367023312,1137485.0674383345,5163167.58347786,3562347.1295576408,344.6095948322029,34.89305390808522
79380.0,1137486.779958652,5163179.69396538,3562348.325242618,322.5829057895255,6,True,17.280214437594015,0.0,1137318.2330350394,5162917.211895609,3562421.1367023312,1137486.779958652,5163179.69396538,3562348.325242618,355.04087336007996,34.89305390808522
79410.0,1137482.4117658825,5163166.442421683,3562346.508115034,309.39700657544853,6,True,17.57980813210209,0.0,1137318.2330350394,5162917.211895609,3562421.1367023312,1137482.4117658825,5163166.442421683,3562346.508115034,342.4133320615836,34.89305390808522
79440.0,1137486.0852812934,5163172.933610926,3562353.3206984755,314.85079114084795,6,True,15.248488331834475,0.0,1137318.2330350394,5162917.211895609,3562421.1367023312,1137486.0852812934,5163172.933610926,3562353.3206984755,348.0205193488856,34.89305390808522
79470.0,1137489.9950728149,5163177.266188224,3562354.7048337865,319.04419007660033,6,True,16.563533402979374,0.0,1137318.2330350394,5162917.211895609,3562421.1367023312,1137489.9950728149,5163177.266188224,3562354.7048337865,353.3418261874359,34.89305390808522
79500.0,1137481.6932689247,5163166.439131092,3562338.233586823,312.76813411908,6,True,17.650125335901976,0.0,1137318.2330350394,5162917.211895609,3562421.1367023312,1137481.6932689247,5163166.439131092,3562338.233586823,344.1852529262822,34.89305390808522
79530.0,1137478.6952175556,5163159.396570055,3562354.49078662,300.593726723648,6,True,16.592527291427057,0.0,1137318.2330350394,5162917.211895609,3562421.1367023312,1137478.6952175556,5163159.396570055,3562354.49078662,332.7989156778199,34.89305390808522
79560.0,1137485.4580003475,5163167.309215849,3562345.035483765,311.96763291743883,6,True,15.550168498108784,0.0,1137318.2330350394,5162917.211895609,3562421.1367023312,1137485.4580003475,5163167.309215849,3562345.035483765,345.12208615055425,34.89305390808522
79590.0,1137484.608644613,5163171.617851132,3562334.8577666,316.6336992602546,6,True,16.66687526057164,0.0,1137318.2330350394,5162917.211895609,3562421.1367023312,1137484.608644613,5163171.617851132,3562334.8577666,350.81148432011594,34.89305390808522
79620.0,1137485.9610979387,5163176.211358451,3562332.726930935,320.23175506416266,6,True,15.541691390176615,0.0,1137318.2330350394,5162917.211895609,3562421.1367023312,1137485.9610979387,5163176.211358451,3562332.726930935,355.8029666275917,34.89305390808522
79650.0,1137485.2988760308,5163166.874223848,3562345.4406839735,310.8051269526556,6,True,17.144722605745,0.0,1137318.2330350394,5162917.211895609,3562421.1367023312,1137485.2988760308,5163166.874223848,3562345.4406839735,344.58512984053414,34.89305390808522
79680.0,1137480.3104488435,5163170.958660385,3562347.3318526493,311.89509852331815,6,True,17.14490718021989,0.0,1137318.2330350394,5162917.211895609,3562421.1367023312,1137480.3104488435,5163170.958660385,3562347.3318526493,344.74822288875293,34.89305390808522
79710.0,1137476.201076715,5163153.0293723205,3562349.5612619473,295.5479416566412,6,True,16.87446964904666,0.0,1137318.2330350394,5162917.211895609,3562421.1367023312,1137476.201076715,5163153.0293723205,3562349.5612619473,327.5161237157724,34.89305390808522
79740.0,1137483.0156063794,5163160.01754121,3562349.0785602974,302.33098017488567,6,True,17.50656870752573,0.0,1137318.2330350394,5162917.211895609,3562421.1367023312,1137483.0156063794,5163160.01754121,3562349.0785602974,336.9455379740644,34.89305390808522
79770.0,1137486.5330103978,5163168.626421048,3562347.8689963813,312.3078937939241,6,True,16.61271300787727,0.0,1137318.2330350394,5162917.211895609,3562421.1367023312,1137486.5330103978,5163168.626421048,3562347.8689963813,346.06189109406563,34.89305390808522
79800.0,1137478.5187403003,5163165.865548527,3562345.6413977174,306.918642069058,6,True,15.024170522888502,0.0,1137318.2330350394,5162917.211895609,3562421.1367023312,1137478.5187403003,5163165.865548527,3562345.6413977174,340.0900357026092,34.89305390808522
79830.0,1137485.1134569454,5163171.763623692,3562356.0354575356,312.9809530479047,6,True,15.85317121570309,0.0,1137318.2330350394,5162917.211895609,3562421.1367023312,1137485.1134569454,5163171.763623692,3562356.0354575356,345.94184547014964,34.89305390808522
79860.0,1137482.0451091013,5163163.0368655315,3562350.1890012617,305.26190139289486,6,True,15.32228281100591,0.0,1137318.2330350394,5162917.211895609,3562421.1367023312,1137482.0451091013,5163163.0368655315,3562350.1890012617,338.569090398757,34.89305390808522
79890.0,1137486.8281740379,5163175.797392742,3562354.503864349,317.0032687040367,6,True,16.328207818170387,0.0,1137318.2330350394,5162917.211895609,3562421.1367023312,1137486.8281740379,5163175.797392742,3562354.503864349,350.4835313659532,34.89305390808522
79920.0,1137495.3577067372,5163193.732738711,3562341.3779417276,334.5432657673875,6,True,17.397815206398565,0.0,1137318.2330350394,5162917.211895609,3562421.1367023312,1137495.3577067372,5163193.732738711,3562341.3779417276,372.6709842868626,34.89305390808522
79950.0,1137483.5681328748,5163169.466150602,3562343.6161958096,313.7320495461823,6,True,16.442194922516745,0.0,1137318.2330350394,5162917.211895609,3562421.1367023312,1137483.5681328748,5163169.466150602,3562343.6161958096,346.1990298824386,34.89305390808522
79980.0,1137487.037329953,5163171.45932221,3562357.516357899,311.8427290665808,6,True,17.708045021941263,0.0,1137318.2330350394,5162917.211895609,3562421.1367023312,1137487.037329953,5163171.45932221,3562357.516357899,346.4154449040529,34.89305390808522
80010.0,1137487.7341772593,5163172.284852745,3562348.4794697687,316.4514658128125,6,True,16.364445691307385,0.0,1137318.2330350394,5162917.211895609,3562421.1367023312,1137487.7341772593,5163172.284852745,3562348.4794697687,349.5110908313544,34.89305390808522
80040.0,1137485.5205012716,5163172.281005751,3562345.6519865077,315.4972797464995,6,True,16.67059641579787,0.0,1137318.2330350394,5162917.211895609,3562421.1367023312,1137485.5205012716,5163172.281005751,3562345.6519865077,349.00290185194854,34.89305390808522
80070.0,1137485.169952666,5163166.858368085,3562351.8224244677,309.01095520336077,6,True,17.398976830144722,0.0,1137318.2330350394,5162917.211895609,3562421.1367023312,1137485.169952666,5163166.858368085,3562351.8224244677,342.9560251894428,34.89305390808522
80100.0,1137487.246157277,5163169.626979831,3562351.173295856,312.7406165279232,6,True,18.155691544214886,0.0,1137318.2330350394,5162917.211895609,3562421.1367023312,1137487.246157277,5163169.626979831,3562351.173295856,346.46850126149985,34.89305390808522
80130.0,1137487.6715051567,5163173.057612148,3562346.7352258,316.36185490661023,6,True,16.477930669983227,0.0,1137318.2330350394,5162917.211895609,3562421.1367023312,1137487.6715051567,5163173.057612148,3562346.7352258,350.5203940835954,34.89305390808522
80160.0,1137488.4733254581,5163176.838568272,3562361.601212936,317.86822359732696,6,True,15.922202788293362,0.0,1137318.2330350394,5162917.211895609,3562421.1367023312,1137488.4733254581,5163176.838568272,3562361.601212936,350.72414741715806,34.89305390808522
80190.0,1137482.9347155106,5163165.704232737,3562351.6481988407,309.57778818184994,6,True,16.89063098405798,0.0,1137318.2330350394,5162917.211895609,3562421.1367023312,1137482.9347155106,5163165.704232737,3562351.6481988407,340.85318920764706,34.89305390808522
80220.0,1137483.7614403388,5163164.982047026,3562350.427440072,308.5168062781235,6,True,16.588389969120424,0.0,1137318.2330350394,5162917.211895609,3562421.1367023312,1137483.7614403388,5163164.982047026,3562350.427440072,341.0087815229535,34.89305390808522
80250.0,1137490.78964557,5163176.599740723,3562339.140760603,320.39159358430965,6,True,15.805880838384232,0.0,1137318.2330350394,5162917.211895609,3562421.1367023312,1137490.78964557,5163176.599740723,3562339.140760603,356.9588904306423,34.89305390808522
80280.0,1137486.9285497651,5163175.010370669,3562344.75231667,316.75792684183557,6,True,16.507493538161118,0.0,1137318.2330350394,5162917.211895609,3562421.1367023312,1137486.9285497651,5163175.010370669,3562344.75231667,352.18348175913894,34.89305390808522
80310.0,1137487.701493059,5163174.720129701,3562345.798647778,319.21061026092866,6,True,16.92933674529195,0.0,1137318.2330350394,5162917.211895609,3562421.1367023312,1137487.701493059,5163174.720129701,3562345.798647778,352.1059762941646,34.89305390808522
80340.0,1137484.482438396,5163175.347477644,3562353.04273486,316.9931504228897,6,True,15.054748076945543,0.0,1137318.2330350394,5162917.211895609,3562421.1367023312,1137484.482438396,5163175.347477644,3562353.04273486,349.18871183272915,34.89305390808522
80370.0,1137488.3763400964,5163165.950837019,3562352.271294137,309.91143812447723,6,True,18.0998130949835,0.0,1137318.2330350394,5162917.211895609,3562421.1367023312,1137488.3763400964,5163165.950837019,3562352.271294137,343.87994338239906,34.89305390808522
80400.0,1137485.9104574055,5163177.76879937,3562351.5056362594,319.84475055916874,6,True,17.682394813746214,0.0,1137318.2330350394,5162917.211895609,3562421.1367023312,1137485.9104574055,5163177.76879937,3562351.5056362594,352.2725987488802,34.89305390808522
80430.0,1137484.2555487938,5163170.3149618,3562346.67128459,312.49079569674,6,True,16.045415678371985,0.0,1137318.2330350394,5162917.211895609,3562421.1367023312,1137484.2555487938,5163170.3149618,3562346.67128459,346.48612515508654,34.89305390808522
80460.0,1137488.6247340338,5163180.821109685,3562339.2273574253,323.6018199722537,6,True,16.42431989312172,0.0,1137318.2330350394,5162917.211895609,3562421.1367023312,1137488.6247340338,5163180.821109685,3562339.2273574253,359.17842713400177,34.89305390808522
80490.0,1137485.9605952257,5163179.70579806,3562351.9910595873,320.62532894304195,6,True,15.63650676732262,0.0,1137318.2330350394,5162917.211895609,3562421.1367023312,1137485.9605952257,5163179.70579806,3562351.9910595873,353.7704761991368,34.89305390808522
80520.0,1137487.668989632,5163173.473071562,3562350.8074448053,315.24850208489187,6,True,16.449588040510815,0.0,1137318.2330350394,5162917.211895609,3562421.1367023312,1137487.668989632,5163173.473071562,3562350.8074448053,349.887509266758,34.89305390808522
80550.0,1137483.7988396783,5163175.606225911,3562354.7400128646,317.0052821183018,6,True,16.935577753931284,0.0,1137318.2330350394,5162917.211895609,3562421.1367023312,1137483.7988396783,5163175.606225911,3562354.7400128646,348.65681721610827,34.89305390808522
80580.0,1137489.7294889449,5163176.81256247,3562354.435758329,316.9246592126145,6,True,16.20145559310913,0.0,1137318.2330350394,5162917.211895609,3562421.1367023312,1137489.7294889449,5163176.81256247,3562354.435758329,352.888784708743,34.89305390808522
80610.0,1137486.3677673358,5163172.583094037,3562344.2106787213,317.0215149780116,6,True,17.20994133129716,0.0,1137318.2330350394,5162917.211895609,3562421.1367023312,1137486.3677673358,5163172.583094037,3562344.2106787213,350.05956558425873,34.89305390808522
80640.0,1137483.1945255036,5163161.830955398,3562348.8790299613,307.77620799756767,6,True,16.835417095571756,0.0,1137318.2330350394,5162917.211895609,3562421.1367023312,1137483.1945255036,5163161.830955398,3562348.8790299613,338.544255133756,34.89305390808522
80670.0,1137481.2383919633,5163166.793970024,3562346.8423636016,309.36413516184723,6,True,17.06506288299958,0.0,1137318.2330350394,5162917.211895609,3562421.1367023312,1137481.2383919633,5163166.793970024,3562346.8423636016,341.9852601544471,34.89305390808522
80700.0,1137484.2139204626,5163168.359807923,3562356.4398814705,309.11237757620154,6,True,16.707282975316048,0.0,1137318.2330350394,5162917.211895609,3562421.1367023312,1137484.2139204626,5163168.359807923,3562356.4398814705,342.6026280844248,34.89305390808522
80730.0,1137488.3238228492,5163180.796018579,3562350.4240926085,322.19226848525375,6,True,16.41705535600583,0.0,1137318.2330350394,5162917.211895609,3562421.1367023312,1137488.3238228492,5163180.796018579,3562350.4240926085,356.2719584305683,34.89305390808522
80760.0,1137484.3021507978,5163174.950984138,3562355.7300605,318.3827539540514,6,True,16.47242962444822,0.0,1137318.2330350394,5162917.211895609,3562421.1367023312,1137484.3021507978,5163174.950984138,3562355.7300605,348.17130093784783,34.89305390808522
80790.0,1137482.2789910147,5163158.95543103,3562344.606738892,303.8980453133944,6,True,16.209814875076216,0.0,1137318.2330350394,5162917.211895609,3562421.1367023312,1137482.2789910147,5163158.95543103,3562344.606738892,336.8244007734545,34.89305390808522
80820.0,1137490.341973771,5163184.709081679,3562345.8454509918,326.7910475275873,6,True,18.0816678677996,0.0,1137318.2330350394,5162917.211895609,3562421.1367023312,1137490.341973771,5163184.709081679,3562345.8454509918,361.5996508560716,34.89305390808522
80850.0,1137488.3614588343,5163180.417005473,3562345.5087294993,323.55011464315174,6,True,16.384927603105705,0.0,1137318.2330350394,5162917.211895609,3562421.1367023312,1137488.3614588343,5163180.417005473,3562345.5087294993,357.14074181912196,34.89305390808522
80880.0,1137486.0984825378,5163168.2723836815,3562348.904614499,311.6890790782016,6,True,14.619423174609741,0.0,1137318.2330350394,5162917.211895609,3562421.1367023312,1137486.0984825378,5163168.2723836815,3562348.904614499,345.29089778690246,34.89305390808522
80910.0,1137483.3355842999,5163177.691573191,3562337.2798068402,320.07876118990566,6,True,16.818873843799036,0.0,1137318.2330350394,5162917.211895609,3562421.1367023312,1137483.3355842999,5163177.691573191,3562337.2798068402,354.3782352463395,34.89305390808522
80940.0,1137486.2905320353,5163170.905741747,3562355.165685927,313.1170282114375,6,True,15.949969166268906,0.0,1137318.2330350394,5162917.211895609,3562421.1367023312,1137486.2905320353,5163170.905741747,3562355.165685927,346.0741193953872,34.89305390808522
80970.0,1137488.3347623814,5163182.442352824,3562355.5540479133,321.4472934481264,6,True,16.798983165373404,0.0,1137318.2330350394,5162917.211895609,3562421.1367023312,1137488.3347623814,5163182.442352824,3562355.5540479133,356.48630478429266,34.89305390808522
81000.0,1137490.0666986138,5163174.897775994,3562344.5233205613,318.4622072595115,6,True,16.867082397143047,0.0,1137318.2330350394,5162917.211895609,3562421.1367023312,1137490.0666986138,5163174.897775994,3562344.5233205613,353.8380076769821,34.89305390808522
81030.0,1137487.513989521,5163175.471744671,3562348.836257941,318.9161624283505,6,True,17.026077549904585,0.0,1137318.2330350394,5162917.211895609,3562421.1367023312,1137487.513989521,5163175.471744671,3562348.836257941,351.8827766217764,34.89305390808522
81060.0,1137486.6002737992,5163178.318343227,3562352.5380089474,319.02835636495337,6,True,17.408540471146505,0.0,1137318.2330350394,5162917.211895609,3562421.1367023312,1137486.6002737992,5163178.318343227,3562352.5380089474,352.8540771454959,34.89305390808522
81090.0,1137487.1482365523,5163176.857081151,3562341.4695836897,320.8398547334712,6,True,16.502034238229196,0.0,1137318.2330350394,5162917.211895609,3562421.1367023312,1137487.1482365523,5163176.857081151,3562341.4695836897,354.61722626608423,34.89305390808522
81120.0,1137488.7256411302,5163176.8058595685,3562342.306659721,319.6340922319808,6,True,17.338391728699207,0.0,1137318.2330350394,5162917.211895609,3562421.1367023312,1137488.7256411302,5163176.8058595685,3562342.306659721,355.2052938896417,34.89305390808522
81150.0,1137490.1138065676,5163179.623216694,3562357.775735046,319.57593869808807,6,True,15.914363036553064,0.0,1137318.2330350394,5162917.211895609,3562421.1367023312,1137490.1138065676,5163179.623216694,3562357.775735046,354.6666429549986,34.89305390808522
81180.0,1137486.0439328933,5163174.472435792,3562347.3359533353,317.8730597566423,6,True,16.599928850928944,0.0,1137318.2330350394,5162917.211895609,3562421.1367023312,1137486.0439328933,5163174.472435792,3562347.3359533353,350.6438258217342,34.89305390808522
81210.0,1137485.1041578914,5163177.633432758,3562347.817105551,321.1399226068525,6,True,17.09917284672459,0.0,1137318.2330350394,5162917.211895609,3562421.1367023312,1137485.1041578914,5163177.633432758,3562347.817105551,352.5955634913991,34.89305390808522
81240.0,1137487.3631641269,5163180.99451403,3562360.1627811515,321.5947435598613,6,True,17.14056011661887,0.0,1137318.2330350394,5162917.211895609,3562421.1367023312,1137487.3631641269,5163180.99451403,3562360.1627811515,353.82002776793746,34.89305390808522
81270.0,1137486.2451122587,5163185.525534906,3562354.83807845,324.9140563829449,6,True,15.646975616614023,0.0,1137318.2330350394,5162917.211895609,3562421.1367023312,1137486.2451122587,5163185.525534906,3562354.83807845,358.0687740235782,34.89305390808522
81300.0,1137481.9649959423,5163173.784906125,3562349.0582423,315.24271668179,6,True,18.125517076502245,0.0,1137318.2330350394,5162917.211895609,3562421.1367023312,1137481.9649959423,5163173.784906125,3562349.0582423,347.50496612453423,34.89305390808522
81330.0,1137487.671464641,5163181.044754149,3562357.289160071,321.1247780651346,6,True,15.960164467493692,0.0,1137318.2330350394,5162917.211895609,3562421.1367023312,1137487.671464641,5163181.044754149,3562357.289160071,354.61957703681543,34.89305390808522
81360.0,1137485.7490851907,5163173.869823938,3562356.1757091437,315.8374250789946,6,True,14.734181225299835,0.0,1137318.2330350394,5162917.211895609,3562421.1367023312,1137485.7490851907,5163173.869823938,3562356.1757091437,347.96737218018404,34.89305390808522
81390.0,1137485.3003099477,5163181.316421805,3562354.48497963,320.97330753345926,6,True,14.82376068457961,0.0,1137318.2330350394,5162917.211895609,3562421.1367023312,1137485.3003099477,5163181.316421805,3562354.48497963,354.1866383711027,34.89305390808522
81420.0,1137488.83068557,5163183.056967056,3562343.632003292,325.94475016734253,6,True,15.802193137506643,0.0,1137318.2330350394,5162917.211895609,3562421.1367023312,1137488.83068557,5163183.056967056,3562343.632003292,359.9909127561704,34.89305390808522
81450.0,1137486.9087701715,5163172.465971432,3562348.3539031977,314.67162987108094,6,True,17.577149877945583,0.0,1137318.2330350394,5162917.211895609,3562421.1367023312,1137486.9087701715,5163172.465971432,3562348.3539031977,349.2412393622675,34.89305390808522
81480.0,1137484.6816443591,5163180.847925811,3562352.949546427,319.84628094471077,6,True,16.439102299511433,0.0,1137318.2330350394,5162917.211895609,3562421.1367023312,1137484.6816443591,5163180.847925811,3562352.949546427,353.8154710342103,34.89305390808522
81510.0,1137486.935797991,5163177.008842695,3562353.1139198197,318.39912641861724,6,True,15.879101257771254,0.0,1137318.2330350394,5162917.211895609,3562421.1367023312,1137486.935797991,5163177.008842695,3562353.1139198197,351.8367802539383,34.89305390808522
81540.0,1137488.9295351405,5163179.086538761,3562362.6334839645,318.83306590282143,6,True,15.55845433101058,0.0,1137318.2330350394,5162917.211895609,3562421.1367023312,1137488.9295351405,5163179.086538761,3562362.6334839645,352.60346255117736,34.89305390808522
81570.0,1137488.8677403769,5163171.813495838,3562352.915328029,313.1822595537087,6,True,16.541212660570938,0.0,1137318.2330350394,5162917.211895609,3562421.1367023312,1137488.8677403769,5163171.813495838,3562352.915328029,348.71495274972324,34.89305390808522
81600.0,1137485.2667265146,5163167.901835994,3562354.931193382,308.48228023122715,6,True,16.30109599729379,0.0,1137318.2330350394,5162917.211895609,3562421.1367023312,1137485.2667265146,5163167.901835994,3562354.931193382,343.1390163388692,34.89305390808522
81630.0,1137482.4598727843,5163168.412859436,3562364.7783630993,308.4316387585325,6,True,16.569139165182907,0.0,1137318.2330350394,5162917.211895609,3562421.1367023312,1137482.4598727843,5163168.412859436,3562364.7783630993,339.95346947623136,34.89305390808522
81660.0,1137485.534184048,5163167.781950845,3562356.3750799475,310.1919368876634,6,True,18.1969339735806,0.0,1137318.2330350394,5162917.211895609,3562421.1367023312,1137485.534184048,5163167.781950845,3562356.3750799475,342.8666939287989,34.89305390808522
81690.0,1137480.9983147064,5163165.924280283,3562368.8125759326,305.96614076062633,6,True,16.804276128609974,0.0,1137318.2330350394,5162917.211895609,3562421.1367023312,1137480.9983147064,5163165.924280283,3562368.8125759326,336.34855388395795,34.89305390808522
81720.0,1137485.4557194572,5163178.4090213915,3562354.0835199435,319.518346973289,6,True,16.7819698266685,0.0,1137318.2330350394,5162917.211895609,3562421.1367023312,1137485.4557194572,5163178.4090213915,3562354.0835199435,351.97445962516247,34.89305390808522
81750.0,1137488.033988814,5163176.5707030855,3562363.967467173,316.1698240825779,6,True,15.956440060089031,0.0,1137318.2330350394,5162917.211895609,3562421.1367023312,1137488.033988814,5163176.5707030855,3562363.967467173,349.80019489559214,34.89305390808522
81780.0,1137488.0713705742,5163179.210561507,3562356.642220057,319.7651820948247,6,True,15.933432426303625,0.0,1137318.2330350394,5162917.211895609,3562421.1367023312,1137488.0713705742,5163179.210561507,3562356.642220057,353.46995703435664,34.89305390808522
81810.0,1137485.9359942726,5163167.716726436,3562360.4435699973,310.0586608343273,6,True,16.811238306264084,0.0,1137318.2330350394,5162917.211895609,3562421.1367023312,1137485.9359942726,5163167.716726436,3562360.4435699973,342.16019620681925,34.89305390808522
81840.0,1137490.574854442,5163181.074791329,3562350.216774641,324.2725131155564,6,True,16.46142741541068,0.0,1137318.2330350394,5162917.211895609,3562421.1367023312,1137490.574854442,5163181.074791329,3562350.216774641,357.74983567483514,34.89305390808522
81870.0,1137481.071812903,5163168.808489752,3562355.4372955603,310.1389679328965,6,True,16.10711993401249,0.0,1137318.2330350394,5162917.211895609,3562421.1367023312,1137481.071812903,5163168.808489752,3562355.4372955603,341.49898606648935,34.89305390808522
81900.0,1137486.5296085195,5163168.6735062655,3562360.501345511,311.1663177469592,6,True,18.000946905463934,0.0,1137318.2330350394,5162917.211895609,3562421.1367023312,1137486.5296085195,5163168.6735062655,3562360.501345511,343.2485297834165,34.89305390808522
81930.0,1137480.586450291,5163164.76248829,3562365.8400042555,303.78984724316854,6,True,16.012786615639925,0.0,1137318.2330350394,5162917.211895609,3562421.1367023312,1137480.586450291,5163164.76248829,3562365.8400042555,335.74646434040193,34.89305390808522
81960.0,1137488.8806069863,5163175.919352958,3562362.418265699,317.2446334576048,6,True,18.537021350115538,0.0,1137318.2330350394,5162917.211895609,3562421.1367023312,1137488.8806069863,5163175.919352958,3562362.418265699,350.03211743447207,34.89305390808522
81990.0,1137482.6029559867,5163174.7412588345,3562348.360357381,314.6358232086493,6,True,15.826893359422684,0.0,1137318.2330350394,5162917.211895609,3562421.1367023312,1137482.6029559867,5163174.7412588345,3562348.360357381,348.78796632214977,34.89305390808522
82020.0,1137492.457664465,5163183.814541911,3562352.0663188747,327.28620299482367,6,True,17.022301480174065,0.0,1137318.2330350394,5162917.211895609,3562421.1367023312,1137492.457664465,5163183.814541911,3562352.0663188747,360.5724036344966,34.89305390808522
82050.0,1137484.9905567777,5163173.703954129,3562353.3800688945,315.1824762659129,6,True,16.74035047988097,0.0,1137318.2330350394,5162917.211895609,3562421.1367023312,1137484.9905567777,5163173.703954129,3562353.3800688945,348.0449217197217,34.89305390808522
82080.0,1137491.5466850176,5163182.7462159535,3562350.43671586,324.8028207631692,6,True,16.291133606185515,0.0,1137318.2330350394,5162917.211895609,3562421.1367023312,1137491.5466850176,5163182.7462159535,3562350.43671586,359.5794328471712,34.89305390808522
82110.0,1137489.3145498012,5163182.327698236,3562360.058137334,323.35197653433926,6,True,17.019022063662607,0.0,1137318.2330350394,5162917.211895609,3562421.1367023312,1137489.3145498012,5163182.327698236,3562360.058137334,355.9785172845963,34.89305390808522
82140.0,1137485.1377877728,5163176.970050015,3562368.760484616,316.50409181919963,6,True,16.822200432419777,0.0,1137318.2330350394,5162917.211895609,3562421.1367023312,1137485.1377877728,5163176.970050015,3562368.760484616,347.6651905645783,34.89305390808522
82170.0,1137483.1959141032,5163170.371897833,3562359.425922789,311.5175079816274,6,True,18.006669025868177,0.0,1137318.2330350394,5162917.211895609,3562421.1367023312,1137483.1959141032,5163170.371897833,3562359.425922789,343.0449668595559,34.89305390808522
82200.0,1137483.8412381555,5163165.936703931,3562368.1891698204,307.14408689111553,6,True,15.77029133712252,0.0,1137318.2330350394,5162917.211895609,3562421.1367023312,1137483.8412381555,5163165.936703931,3562368.1891698204,338.02628341365653,34.89305390808522
82230.0,1137491.249475089,5163182.894313948,3562347.9131627423,324.5887776503575,6,True,15.732170103738705,0.0,1137318.2330350394,5162917.211895609,3562421.1367023312,1137491.249475089,5163182.894313948,3562347.9131627423,360.12079588679666,34.89305390808522
82260.0,1137487.1095709912,5163179.027958893,3562368.588239008,317.6489196013234,6,True,16.559268025060494,0.0,1137318.2330350394,5162917.211895609,3562421.1367023312,1137487.1095709912,5163179.027958893,3562368.588239008,350.45098218719954,34.89305390808522
82290.0,1137484.4683270918,5163184.25672947,3562360.3525666874,323.6752364597094,6,True,16.18537242958943,0.0,1137318.2330350394,5162917.211895609,3562421.1367023312,1137484.4683270918,5163184.25672947,3562360.3525666874,354.94016190226034,34.89305390808522
82320.0,1137489.413889457,5163179.742705601,3562358.740982918,320.4448425528959,6,True,16.502648430565994,0.0,1137318.2330350394,5162917.211895609,3562421.1367023312,1137489.413889457,5163179.742705601,3562358.740982918,354.185878381619,34.89305390808522
82350.0,1137484.0164277533,5163171.538871543,3562362.812716675,312.6894567991849,6,True,15.653197102248669,0.0,1137318.2330350394,5162917.211895609,3562421.1367023312,1137484.0164277533,5163171.538871543,3562362.812716675,343.74185413327876,34.89305390808522
82380.0,1137487.656285855,5163183.078457222,3562357.452948476,322.3493450229517,6,True,16.332987452546757,0.0,1137318.2330350394,5162917.211895609,3562421.1367023312,1137487.656285855,5163183.078457222,3562357.452948476,356.2453745099392,34.89305390808522
82410.0,1137486.9503471423,5163180.432317728,3562362.7634221795,321.54484082858113,6,True,15.363249937693277,0.0,1137318.2330350394,5162917.211895609,3562421.1367023312,1137486.9503471423,5163180.432317728,3562362.7634221795,352.6188584182689,34.89305390808522
82440.0,1137485.0123296997,5163173.59216457,3562364.0381750707,312.8604453529123,6,True,17.40015120183428,0.0,1137318.2330350394,5162917.211895609,3562421.1367023312,1137485.0123296997,5163173.59216457,3562364.0381750707,345.7156274917242,34.89305390808522
82470.0,1137483.0216086616,5163177.016737874,3562354.4318715604,318.5036232290543,6,True,16.92074326177438,0.0,1137318.2330350394,5162917.211895609,3562421.1367023312,1137483.0216086616,5163177.016737874,3562354.4318715604,349.4683770146757,34.89305390808522
82500.0,1137493.6580020804,5163189.09984571,3562347.1545085316,330.34493248314055,6,True,16.595182798802853,0.0,1137318.2330350394,5162917.211895609,3562421.1367023312,1137493.6580020804,5163189.09984571,3562347.1545085316,366.62857685732945,34.89305390808522
82530.0,1137488.058420631,5163189.991677948,3562362.3240007814,329.58189953140976,6,True,14.949894924958548,0.0,1137318.2330350394,5162917.211895609,3562421.1367023312,1137488.058420631,5163189.991677948,3562362.3240007814,361.18452730229353,34.89305390808522
82560.0,1137487.7335796398,5163176.727191685,3562360.371803392,317.87283100951555,6,True,14.61431235074997,0.0,1137318.2330350394,5162917.211895609,3562421.1367023312,1137487.7335796398,5163176.727191685,3562360.371803392,350.482014390624,34.89305390808522
82590.0,1137484.4998688074,5163169.85065521,3562362.5078063947,310.41917976221146,6,True,18.060085614522297,0.0,1137318.2330350394,5162917.211895609,3562421.1367023312,1137484.4998688074,5163169.85065521,3562362.5078063947,342.686765838403,34.89305390808522
82620.0,1137490.5505391231,5163188.729121146,3562364.345699094,326.7342627030218,6,True,17.57320949807763,0.0,1137318.2330350394,5162917.211895609,3562421.1367023312,1137490.5505391231,5163188.729121146,3562364.345699094,361.0720900059497,34.89305390808522
82650.0,1137487.4111376563,5163184.428199166,3562358.151960856,323.56913724016795,6,True,14.54415363073349,0.0,1137318.2330350394,5162917.211895609,3562421.1367023312,1137487.4111376563,5163184.428199166,3562358.151960856,357.0799610149288,34.89305390808522
82680.0,1137487.308866438,5163175.999463446,3562355.7100958545,318.1103831743948,6,True,16.27268082400163,0.0,1137318.2330350394,5162917.211895609,3562421.1367023312,1137487.308866438,5163175.999463446,3562355.7100958545,350.6422088723144,34.89305390808522
82710.0,1137490.017727416,5163184.1291847555,3562363.817375417,323.4218372908468,6,True,16.241532659778994,0.0,1137318.2330350394,5162917.211895609,3562421.1367023312,1137490.017727416,5163184.1291847555,3562363.817375417,357.09654094788084,34.89305390808522
82740.0,1137482.4652879422,5163172.922439021,3562356.522621713,313.20835684404153,6,True,15.32637154062589,0.0,1137318.2330350394,5162917.211895609,3562421.1367023312,1137482.4652879422,5163172.922439021,3562356.522621713,345.3608684202527,34.89305390808522
82770.0,1137492.1483734723,5163189.743644125,3562348.3678092053,330.4138029502351,6,True,18.613617128382128,0.0,1137318.2330350394,5162917.211895609,3562421.1367023312,1137492.1483734723,5163189.743644125,3562348.3678092053,366.07422117325024,34.89305390808522
82800.0,1137489.7959865793,5163180.196796884,3562361.0460366346,321.87306887988063,6,True,17.241209643582504,0.0,1137318.2330350394,5162917.211895609,3562421.1367023312,1137489.7959865793,5163180.196796884,3562361.0460366346,354.2942818739311,34.89305390808522
82830.0,1137484.805662028,5163170.184230122,3562362.279006651,310.58427023367955,6,True,16.547302248577278,0.0,1137318.2330350394,5162917.211895609,3562421.1367023312,1137484.805662028,5163170.184230122,3562362.279006651,343.17100557764013,34.89305390808522
82860.0,1137485.7774236228,5163186.096490098,3562352.773855321,325.5603160007417,6,True,15.597134367873272,0.0,1137318.2330350394,5162917.211895609,3562421.1367023312,1137485.7774236228,5163186.096490098,3562352.773855321,358.744531994606,34.89305390808522
82890.0,1137488.4378724059,5163174.172411645,3562355.2707845806,315.5015532933573,6,True,16.511560873438913,0.0,1137318.2330350394,5162917.211895609,3562421.1367023312,1137488.4378724059,5163174.172411645,3562355.2707845806,349.86387767048774,34.89305390808522
82920.0,1137482.8616630873,5163173.418337374,3562355.445695969,313.4383752786453,6,True,16.44458864753445,0.0,1137318.2330350394,5162917.211895609,3562421.1367023312,1137482.8616630873,5163173.418337374,3562355.445695969,346.2138278059965,34.89305390808522
82950.0,1137492.236431398,5163189.041450811,3562357.438070345,329.48748184043967,6,True,16.44601095964511,0.0,1137318.2330350394,5162917.211895609,3562421.1367023312,1137492.236431398,5163189.041450811,3562357.438070345,363.5809342854417,34.89305390808522
82980.0,1137485.332586475,5163174.5626144195,3562354.958471983,315.8256958335756,6,True,16.339716968437035,0.0,1137318.2330350394,5162917.211895609,3562421.1367023312,1137485.332586475,5163174.5626144195,3562354.958471983,348.5750057198289,34.89305390808522
83010.0,1137491.4753161597,5163178.107142336,3562364.2834450854,319.69108519554896,6,True,17.05886982878049,0.0,1137318.2330350394,5162917.211895609,3562421.1367023312,1137491.4753161597,5163178.107142336,3562364.2834450854,352.86651554816706,34.89305390808522
83040.0,1137489.0780043704,5163179.527618919,3562365.3521992085,317.64773659151643,6,True,15.602080889046192,0.0,1137318.2330350394,5162917.211895609,3562421.1367023312,1137489.0780043704,5163179.527618919,3562365.3521992085,352.52110005956365,34.89305390808522
83070.0,1137488.9171018694,5163185.311411927,3562361.041145146,324.2402503274976,6,True,15.994501926004887,0.0,1137318.2330350394,5162917.211895609,3562421.1367023312,1137488.9171018694,5163185.311411927,3562361.041145146,358.0212714045161,34.89305390808522
83100.0,1137490.9419864935,5163179.149795273,3562365.296293398,320.0935180738017,6,True,16.54556869342923,0.0,1137318.2330350394,5162917.211895609,3562421.1367023312,1137490.9419864935,5163179.149795273,3562365.296293398,353.23376778918623,34.89305390808522
83130.0,1137483.7722755284,5163162.501610417,3562365.0115369284,304.03585441335326,6,True,17.607638755192358,0.0,1137318.2330350394,5162917.211895609,3562421.1367023312,1137483.7722755284,5163162.501610417,3562365.0115369284,335.8138177161933,34.89305390808522
83160.0,1137488.4908883777,5163185.704141971,3562360.603015198,325.051145807887,6,True,17.17389865219593,0.0,1137318.2330350394,5162917.211895609,3562421.1367023312,1137488.4908883777,5163185.704141971,3562360.603015198,358.2054666531444,34.89305390808522
83190.0,1137491.5449942483,5163182.922400548,3562360.3047959516,323.27763580823904,6,True,16.963966605563957,0.0,1137318.2330350394,5162917.211895609,3562421.1367023312,1137491.5449942483,5163182.922400548,3562360.3047959516,357.61535727418885,34.89305390808522
83220.0,1137487.8083412088,5163185.621241236,3562376.734572973,322.5858365710101,6,True,16.15844976902008,0.0,1137318.2330350394,5162917.211895609,3562421.1367023312,1137487.8083412088,5163185.621241236,3562376.734572973,354.91180988874385,34.89305390808522
83250.0,1137485.2533028813,5163176.168935102,3562366.0333650922,315.0316833738422,6,True,15.95765446126461,0.0,1137318.2330350394,5162917.211895609,3562421.1367023312,1137485.2533028813,5163176.168935102,3562366.0333650922,347.5742224560009,34.89305390808522
83280.0,1137481.4394021623,5163167.852031932,3562361.0443278225,308.6303135777126,6,True,16.60831867282589,0.0,1137318.2330350394,5162917.211895609,3562421.1367023312,1137481.4394021623,5163167.852031932,3562361.0443278225,339.70291520347547,34.89305390808522
83310.0,1137490.276064073,5163186.1046644915,3562372.795413802,324.257374393713,6,True,16.722222227603197,0.0,1137318.2330350394,5162917.211895609,3562421.1367023312,1137490.276064073,5163186.1046644915,3562372.795413802,357.2653322486592,34.89305390808522
83340.0,1137488.4335052902,5163177.72510747,3562370.4001996974,317.0403310212555,6,True,17.47031245628993,0.0,1137318.2330350394,5162917.211895609,3562421.1367023312,1137488.4335052902,5163177.72510747,3562370.4001996974,349.77216421084734,34.89305390808522
83370.0,1137492.1931415978,5163180.606310536,3562361.0805843435,321.6857817023994,6,True,15.659565725674232,0.0,1137318.2330350394,5162917.211895609,3562421.1367023312,1137492.1931415978,5163180.606310536,3562361.0805843435,355.9208415309966,34.89305390808522
83400.0,1137488.8404711538,5163181.897579954,3562364.9024010696,320.5126293136491,6,True,16.022959912816685,0.0,1137318.2330350394,5162917.211895609,3562421.1367023312,1137488.8404711538,5163181.897579954,3562364.9024010696,354.4239442000008,34.89305390808522
83430.0,1137484.2576847165,5163171.684774667,3562366.3691515527,310.25081805560586,6,True,16.703251401583355,0.0,1137318.2330350394,5162917.211895609,3562421.1367023312,1137484.2576847165,5163171.684774667,3562366.3691515527,343.2944373274995,34.89305390808522
83460.0,1137480.4845613076,5163173.318370508,3562359.64189868,312.37820571617004,6,True,16.141266581912834,0.0,1137318.2330350394,5162917.211895609,3562421.1367023312,1137480.4845613076,5163173.318370508,3562359.64189868,343.96591220268897,34.89305390808522
83490.0,1137494.613540764,5163193.608069717,3562367.0311484165,333.22436150810086,6,True,18.90129566565156,0.0,1137318.2330350394,5162917.211895609,3562421.1367023312,1137494.613540764,5163193.608069717,3562367.0311484165,366.7804504751992,34.89305390808522
83520.0,1137492.7136192112,5163182.720380688,3562361.6729847095,321.82660785580765,6,True,15.977027520537376,0.0,1137318.2330350394,5162917.211895609,3562421.1367023312,1137492.7136192112,5163182.720380688,3562361.6729847095,357.81136425699606,34.89305390808522
83550.0,1137488.568679398,5163179.393283988,3562362.4312651157,319.25725415970237,6,True,16.5590997847418,0.0,1137318.2330350394,5162917.211895609,3562421.1367023312,1137488.568679398,5163179.393283988,3562362.4312651157,352.69977696421756,34.89305390808522
83580.0,1137489.8062976627,5163184.900065507,3562370.2453498626,323.43963080611377,6,True,16.23423117523392,0.0,1137318.2330350394,5162917.211895609,3562421.1367023312,1137489.8062976627,5163184.900065507,3562370.2453498626,356.44913113024955,34.89305390808522
83610.0,1137484.3426564403,5163172.5554742785,3562377.9975374597,310.65754721976396,6,True,15.775226494918266,0.0,1137318.2330350394,5162917.211895609,3562421.1367023312,1137484.3426564403,5163172.5554742785,3562377.9975374597,342.02856317871226,34.89305390808522
83640.0,1137483.254306739,5163174.663925636,3562368.0073181572,314.5478374030602,6,True,16.841887537389994,0.0,1137318.2330350394,5162917.211895609,3562421.1367023312,1137483.254306739,5163174.663925636,3562368.0073181572,344.8934929811517,34.89305390808522
83670.0,1137491.874130389,5163189.284770549,3562361.271530935,330.04445249489004,6,True,17.047326559821766,0.0,1137318.2330350394,5162917.211895609,3562421.1367023312,1137491.874130389,5163189.284770549,3562361.271530935,362.82198151515735,34.89305390808522
83700.0,1137492.3689305761,5163197.944150612,3562359.8011035537,337.0702084493467,6,True,14.74097411086162,0.0,1137318.2330350394,5162917.211895609,3562421.1367023312,1137492.3689305761,5163197.944150612,3562359.8011035537,370.5277692702096,34.89305390808522
83730.0,1137482.8368365727,5163174.544509895,3562368.9102215637,315.28729971851936,6,True,16.048292213430006,0.0,1137318.2330350394,5162917.211895609,3562421.1367023312,1137482.8368365727,5163174.544509895,3562368.9102215637,344.405291500057,34.89305390808522
83760.0,1137482.63748327,5163164.9608518295,3562371.3890811373,304.65808676610914,6,True,17.152364149689674,0.0,1137318.2330350394,5162917.211895609,3562421.1367023312,1137482.63748327,5163164.9608518295,3562371.3890811373,335.98037123129427,34.89305390808522
83790.0,1137485.5526030858,5163172.98552525,3562363.7915291963,313.8112736789211,6,True,16.027827347318333,0.0,1137318.2330350394,5162917.211895609,3562421.1367023312,1137485.5526030858,5163172.98552525,3562363.7915291963,345.55973168720755,34.89305390808522
83820.0,1137490.1154361793,5163183.111942689,3562366.7777640745,321.6551615721909,6,True,15.192107625305653,0.0,1137318.2330350394,5162917.211895609,3562421.1367023312,1137490.1154361793,5163183.111942689,3562366.7777640745,355.7590604027328,34.89305390808522
83850.0,1137495.0124344379,5163197.078211187,3562356.5709604397,336.74240714500866,6,True,16.99837312847376,0.0,1137318.2330350394,5162917.211895609,3562421.1367023312,1137495.0124344379,5163197.078211187,3562356.5709604397,371.84307951325474,34.89305390808522
83880.0,1137486.8581931514,5163173.765721194,3562369.2969129253,313.7144623287824,6,True,16.47114269187053,0.0,1137318.2330350394,5162917.211895609,3562421.1367023312,1137486.8581931514,5163173.765721194,3562369.2969129253,345.8655719403613,34.89305390808522
83910.0,1137484.4694630404,5163176.395414737,3562367.217248842,314.49472095791793,6,True,17.12309581786394,0.0,1137318.2330350394,5162917.211895609,3562421.1367023312,1137484.4694630404,5163176.395414737,3562367.217248842,347.1175223258529,34.89305390808522
83940.0,1137491.1741268486,5163180.319340995,3562370.806134895,318.6693004115203,6,True,15.379332254330317,0.0,1137318.2330350394,5162917.211895609,3562421.1367023312,1137491.1741268486,5163180.319340995,3562370.806134895,353.32151543056773,34.89305390808522
83970.0,1137491.0013898772,5163185.157831105,3562365.8812126606,323.465481022075,6,True,16.30480478083094,0.0,1137318.2330350394,5162917.211895609,3562421.1367023312,1137491.0013898772,5163185.157831105,3562365.8812126606,358.083573455675,34.89305390808522
84000.0,1137483.9722377725,5163173.611638872,3562374.9550882494,311.7272483677866,6,True,16.67538398131728,0.0,1137318.2330350394,5162917.211895609,3562421.1367023312,1137483.9722377725,5163173.611638872,3562374.9550882494,343.19143380586627,34.89305390808522
84030.0,1137487.0230071484,5163177.216943041,3562363.47640163,318.2153742369321,6,True,17.124646667391062,0.0,1137318.2330350394,5162917.211895609,3562421.1367023312,1137487.0230071484,5163177.216943041,3562363.47640163,349.878835485802,34.89305390808522
84060.0,1137491.119860354,5163180.947037507,3562358.61676325,321.888147666716,6,True,17.23533005019029,0.0,1137318.2330350394,5162917.211895609,3562421.1367023312,1137491.119860354,5163180.947037507,3562358.61676325,356.11531102196,34.89305390808522
84090.0,1137488.9432203511,5163191.394947575,3562368.1985382615,329.0166643543531,6,True,17.070425413548946,0.0,1137318.2330350394,5162917.211895609,3562421.1367023312,1137488.9432203511,5163191.394947575,3562368.1985382615,361.73141092984173,34.89305390808522
84120.0,1137485.9117422802,5163178.505676852,3562381.115311645,316.74129678303024,6,True,15.515090266863504,0.0,1137318.2330350394,5162917.211895609,3562421.1367023312,1137485.9117422802,5163178.505676852,3562381.115311645,347.3246845380643,34.89305390808522
84150.0,1137486.8544064085,5163178.227869428,3562365.949887483,315.8375189062268,6,True,17.93178827688098,0.0,1137318.2330350394,5162917.211895609,3562421.1367023312,1137486.8544064085,5163178.227869428,3562365.949887483,350.1426412047866,34.89305390808522
84180.0,1137483.9006396844,5163175.483447145,3562373.9716293407,313.24961854584194,6,True,15.808759272098541,0.0,1137318.2330350394,5162917.211895609,3562421.1367023312,1137483.9006396844,5163175.483447145,3562373.9716293407,344.8625789210806,34.89305390808522
84210.0,1137488.6074366996,5163178.6405855855,3562368.618777915,316.7823469055007,6,True,17.325354004899662,0.0,1137318.2330350394,5162917.211895609,3562421.1367023312,1137488.6074366996,5163178.6405855855,3562368.618777915,350.93557186850785,34.89305390808522
84240.0,1137490.6831331989,5163188.267898626,3562374.4735883535,327.12957510428305,6,True,14.5105305450658,0.0,1137318.2330350394,5162917.211895609,3562421.1367023312,1137490.6831331989,5163188.267898626,3562374.4735883535,359.00238390749814,34.89305390808522
84270.0,1137486.0486660353,5163187.1577450335,3562375.2646612013,324.44560805099786,6,True,15.865559885899225,0.0,1137318.2330350394,5162917.211895609,3562421.1367023312,1137486.0486660353,5163187.1577450335,3562375.2646612013,355.48992537397515,34.89305390808522
84300.0,1137496.9782515562,5163196.424564096,3562367.756436069,335.0193041579595,6,True,15.93186660980185,0.0,1137318.2330350394,5162917.211895609,3562421.1367023312,1137496.9782515562,5163196.424564096,3562367.756436069,370.24653065759134,34.89305390808522
84330.0,1137490.6060451835,5163182.014547196,3562373.533335508,321.212689568315,6,True,16.79510989661018,0.0,1137318.2330350394,5162917.211895609,3562421.1367023312,1137490.6060451835,5163182.014547196,3562373.533335508,353.94501266916393,34.89305390808522
84360.0,1137486.072671066,5163179.423731233,3562375.7207191773,315.53542461126096,6,True,15.915400743484497,0.0,1137318.2330350394,5162917.211895609,3562421.1367023312,1137486.072671066,5163179.423731233,3562375.7207191773,349.0010936541338,34.89305390808522
84390.0,1137481.90569307,5163166.742899823,3562369.2291228157,306.7691180961041,6,True,15.599505172421535,0.0,1137318.2330350394,5162917.211895609,3562421.1367023312,1137481.90569307,5163166.742899823,3562369.2291228157,337.4336606889919,34.89305390808522
84420.0,1137486.7672226748,5163177.859044463,3562367.267452373,316.7402832413584,6,True,15.231759508450827,0.0,1137318.2330350394,5162917.211895609,3562421.1367023312,1137486.7672226748,5163177.859044463,3562367.267452373,349.5465745509826,34.89305390808522
84450.0,1137493.885758096,5163196.176037871,3562364.0906461235,335.7369861829528,6,True,15.712609020372232,0.0,1137318.2330350394,5162917.211895609,3562421.1367023312,1137493.885758096,5163196.176037871,3562364.0906461235,369.0483363843958,34.89305390808522
84480.0,1137492.252893343,5163195.951208115,3562369.115487774,333.56582565235186,6,True,16.62995441754659,0.0,1137318.2330350394,5162917.211895609,3562421.1367023312,1137492.252893343,5163195.951208115,3562369.115487774,367.10692696988997,34.89305390808522
84510.0,1137491.5946155905,5163189.166622202,3562368.414300059,329.5922011436952,6,True,16.331848168124754,0.0,1137318.2330350394,5162917.211895609,3562421.1367023312,1137491.5946155905,5163189.166622202,3562368.414300059,361.2517573283889,34.89305390808522
84540.0,1137488.0791600961,5163185.819842709,3562362.416688968,324.4429018557524,6,True,17.23190874233842,0.0,1137318.2330350394,5162917.211895609,3562421.1367023312,1137488.0791600961,5163185.819842709,3562362.416688968,357.7258706557669,34.89305390808522
84570.0,1137489.8405165072,5163177.349863505,3562373.608841481,316.43183481749844,6,True,15.198406075437864,0.0,1137318.2330350394,5162917.211895609,3562421.1367023312,1137489.8405165072,5163177.349863505,3562373.608841481,349.68117973498846,34.89305390808522
84600.0,1137486.5337892754,5163171.189899189,3562380.5324403774,310.05083262200344,6,True,14.214888026316961,0.0,1137318.2330350394,5162917.211895609,3562421.1367023312,1137486.5337892754,5163171.189899189,3562380.5324403774,341.71200778338806,34.89305390808522
84630.0,1137491.1619688272,5163186.090545787,3562367.2212429186,325.11731153042,6,True,15.442017873128256,0.0,1137318.2330350394,5162917.211895609,3562421.1367023312,1137491.1619688272,5163186.090545787,3562367.2212429186,358.69344854745253,34.89305390808522
84660.0,1137489.0318991968,5163174.19904053,3562380.0888678455,313.1725466443563,6,True,15.091351252049208,0.0,1137318.2330350394,5162917.211895609,3562421.1367023312,1137489.0318991968,5163174.19904053,3562380.0888678455,345.6250545063586,34.89305390808522
84690.0,1137486.0270765333,5163179.802101537,3562370.4789423794,319.1975872535131,6,True,16.70043230180939,0.0,1137318.2330350394,5162917.211895609,3562421.1367023312,1137486.0270765333,5163179.802101537,3562370.4789423794,350.1716618523712,34.89305390808522
84720.0,1137493.2715874307,5163197.662669492,3562372.763314707,335.21966977131353,6,True,17.444240162769955,0.0,1137318.2330350394,5162917.211895609,3562421.1367023312,1137493.2715874307,5163197.662669492,3562372.763314707,368.46530993079585,34.89305390808522
84750.0,1137491.4215048086,5163192.479238588,3562372.2939501335,329.13704498064186,6,True,15.540778079380592,0.0,1137318.2330350394,5162917.211895609,3562421.1367023312,1137491.4215048086,5163192.479238588,3562372.2939501335,363.2463758700493,34.89305390808522
84780.0,1137492.193529988,5163194.499616803,3562373.263652158,332.40493753110917,6,True,17.490153573453426,0.0,1137318.2330350394,5162917.211895609,3562421.1367023312,1137492.193529988,5163194.499616803,3562373.263652158,365.1792922160352,34.89305390808522
84810.0,1137483.8766969,5163170.616292129,3562377.4773629433,307.6646016044702,6,True,17.31474108994007,0.0,1137318.2330350394,5162917.211895609,3562421.1367023312,1137483.8766969,5163170.616292129,3562377.4773629433,340.25996322723176,34.89305390808522
84840.0,1137499.460225405,5163204.990267189,3562375.134363173,343.07863593639394,6,True,15.108429222057262,0.0,1137318.2330350394,5162917.211895609,3562421.1367023312,1137499.460225405,5163204.990267189,3562375.134363173,377.4856450253008,34.89305390808522
84870.0,1137490.0773660068,5163179.321670064,3562375.391323755,316.7461048341409,6,True,15.886912340919176,0.0,1137318.2330350394,5162917.211895609,3562421.1367023312,1137490.0773660068,5163179.321670064,3562375.391323755,351.13810258277095,34.89305390808522
84900.0,1137494.2086252854,5163192.369150851,3562367.1680242578,330.230093603428,6,True,15.437014116595188,0.0,1137318.2330350394,5162917.211895609,3562421.1367023312,1137494.2086252854,5163192.369150851,3562367.1680242578,365.5161032207313,34.89305390808522
84930.0,1137493.2339591912,5163195.749182801,3562374.1723251957,332.9146439499829,6,True,16.170165880272787,0.0,1137318.2330350394,5162917.211895609,3562421.1367023312,1137493.2339591912,5163195.749182801,3562374.1723251957,366.6271321052804,34.89305390808522
84960.0,1137488.0379738084,5163184.230581112,3562369.7214825563,322.478154628577,6,True,15.79036427413424,0.0,1137318.2330350394,5162917.211895609,3562421.1367023312,1137488.0379738084,5163184.230581112,3562369.7214825563,355.0406240833907,34.89305390808522
84990.0,1137490.8134948646,5163178.238315568,3562369.3697252404,318.5943903640271,6,True,16.187512896955013,0.0,1137318.2330350394,5162917.211895609,3562421.1367023312,1137490.8134948646,5163178.238315568,3562369.3697252404,351.67178811492147,34.89305390808522
85020.0,1137494.869900102,5163187.304057854,3562373.6523335716,325.443183267524,6,True,15.1570921788613,0.0,1137318.2330350394,5162917.211895609,3562421.1367023312,1137494.869900102,5163187.304057854,3562373.6523335716,360.59826157657693,34.89305390808522
85050.0,1137490.2978628066,5163189.701574837,3562370.6841836623,326.13865759009957,6,True,15.243973736961683,0.0,1137318.2330350394,5162917.211895609,3562421.1367023312,1137490.2978628066,5163189.701574837,3562370.6841836623,360.61124520985203,34.89305390808522
85080.0,1137487.7619182742,5163184.357357671,3562382.5971252834,321.4949060380958,6,True,15.497407945493856,0.0,1137318.2330350394,5162917.211895609,3562421.1367023312,1137487.7619182742,5163184.357357671,3562382.5971252834,352.9697294260862,34.89305390808522
85110.0,1137488.7867040038,5163178.008406163,3562384.0130276927,315.9492669055306,6,True,16.4064333550632,0.0,1137318.2330350394,5162917.211895609,3562421.1367023312,1137488.7867040038,5163178.008406163,3562384.0130276927,348.06288999145585,34.89305390808522
85140.0,1137494.8496901589,5163201.090100262,3562372.50136197,335.8608913102749,6,True,15.252968369672695,0.0,1137318.2330350394,5162917.211895609,3562421.1367023312,1137494.8496901589,5163201.090100262,3562372.50136197,372.1990419968613,34.89305390808522
85170.0,1137494.6788073091,5163183.110999483,3562369.6148124994,323.2079882129772,6,True,15.494556856652101,0.0,1137318.2330350394,5162917.211895609,3562421.1367023312,1137494.6788073091,5163183.110999483,3562369.6148124994,357.731152051002,34.89305390808522
85200.0,1137489.0349105895,5163183.43935602,3562380.7460358753,322.67956694227365,6,True,16.038817770779133,0.0,1137318.2330350394,5162917.211895609,3562421.1367023312,1137489.0349105895,5163183.43935602,3562380.7460358753,353.154904901328,34.89305390808522
85230.0,1137492.4598859432,5163187.713147289,3562377.6275016735,324.30087480601225,6,True,15.537928121785322,0.0,1137318.2330350394,5162917.211895609,3562421.1367023312,1137492.4598859432,5163187.713147289,3562377.6275016735,359.00709925944085,34.89305390808522
85260.0,1137491.7875858245,5163187.846692234,3562386.5290230773,325.3179832409627,6,True,15.597075276076794,0.0,1137318.2330350394,5162917.211895609,3562421.1367023312,1137491.7875858245,5163187.846692234,3562386.5290230773,357.5160150239272,34.89305390808522
85290.0,1137486.379780336,5163181.0102864895,3562379.1484695612,316.8305295267898,6,True,14.750187029441198,0.0,1137318.2330350394,5162917.211895609,3562421.1367023312,1137486.379780336,5163181.0102864895,3562379.1484695612,349.9467737695676,34.89305390808522
85320.0,1137487.2878938932,5163186.717108812,3562382.85348785,323.8749788385464,6,True,15.623322680592537,0.0,1137318.2330350394,5162917.211895609,3562421.1367023312,1137487.2878938932,5163186.717108812,3562382.85348785,354.648633193699,34.89305390808522
85350.0,1137494.0951440919,5163195.026049241,3562374.584983288,331.21948203445925,6,True,15.427241997172436,0.0,1137318.2330350394,5162917.211895609,3562421.1367023312,1137494.0951440919,5163195.026049241,3562374.584983288,366.41927039460035,34.89305390808522
85380.0,1137493.979706334,5163190.882744695,3562373.375586379,328.60081722793484,6,True,16.35832068944971,0.0,1137318.2330350394,5162917.211895609,3562421.1367023312,1137493.979706334,5163190.882744695,3562373.375586379,363.11405662072366,34.89305390808522
85410.0,1137489.597662345,5163186.953137434,3562390.8564733164,323.66526486878286,6,True,16.117737870663404,0.0,1137318.2330350394,5162917.211895609,3562421.1367023312,1137489.597662345,5163186.953137434,3562390.8564733164,355.0652318709706,34.89305390808522
85440.0,1137493.0590328989,5163199.294739139,3562371.3433691636,338.06846875417847,6,True,15.737708608309427,0.0,1137318.2330350394,5162917.211895609,3562421.1367023312,1137493.0590328989,5163199.294739139,3562371.3433691636,369.9449518544985,34.89305390808522
85470.0,1137493.6531197925,5163196.231223131,3562370.386129029,333.8674394980132,6,True,15.711603956917921,0.0,1137318.2330350394,5162917.211895609,3562421.1367023312,1137493.6531197925,5163196.231223131,3562370.386129029,367.8655381673959,34.89305390808522
85500.0,1137488.2161608534,5163179.404470131,3562382.4981319937,317.3716285164563,6,True,15.723632405201593,0.0,1137318.2330350394,5162917.211895609,3562421.1367023312,1137488.2161608534,5163179.404470131,3562382.4981319937,349.11773200633144,34.89305390808522
85530.0,1137490.504422233,5163183.665668371,3562391.6752039017,319.7222267369334,6,True,15.80469644193848,0.0,1137318.2330350394,5162917.211895609,3562421.1367023312,1137490.504422233,5163183.665668371,3562391.6752039017,352.7232648458373,34.89305390808522
85560.0,1137493.402341683,5163189.147908196,3562375.203927269,326.4327463402994,6,True,15.391638673841953,0.0,1137318.2330350394,5162917.211895609,3562421.1367023312,1137493.402341683,5163189.147908196,3562375.203927269,361.0768543697952,34.89305390808522
85590.0,1137490.630741277,5163193.8217206085,3562380.4002057393,329.33226741370873,6,True,15.735191917667786,0.0,1137318.2330350394,5162917.211895609,3562421.1367023312,1137490.630741277,5163193.8217206085,3562380.4002057393,362.705081791521,34.89305390808522
85620.0,1137495.2543690356,5163191.94987277,3562365.7734498773,330.68752771057336,6,True,16.568054527044296,0.0,1137318.2330350394,5162917.211895609,3562421.1367023312,1137495.2543690356,5163191.94987277,3562365.7734498773,365.98082595430265,34.89305390808522
85650.0,1137486.955701311,5163179.551401456,3562376.34395461,317.47410923528633,6,True,14.99866442506512,0.0,1137318.2330350394,5162917.211895609,3562421.1367023312,1137486.955701311,5163179.551401456,3562376.34395461,349.4822535082065,34.89305390808522
85680.0,1137490.7196734005,5163195.195725075,3562383.6659210725,331.8591344843495,6,True,15.928312292943398,0.0,1137318.2330350394,5162917.211895609,3562421.1367023312,1137490.7196734005,5163195.195725075,3562383.6659210725,363.45379817435736,34.89305390808522
85710.0,1137496.1703272122,5163202.003395214,3562378.2549652904,336.96278261707573,6,True,15.865387226144472,0.0,1137318.2330350394,5162917.211895609,3562421.1367023312,1137496.1703272122,5163202.003395214,3562378.2549652904,372.786490308456,34.89305390808522
85740.0,1137492.5479631645,5163187.457129001,3562377.2423477257,323.53876659784527,6,True,15.29948265478015,0.0,1137318.2330350394,5162917.211895609,3562421.1367023312,1137492.5479631645,5163187.457129001,3562377.2423477257,358.90127491047593,34.89305390808522
85770.0,1137489.4213834538,5163194.76024416,3562377.5427106763,331.34873667187435,6,True,14.86138091236353,0.0,1137318.2330350394,5162917.211895609,3562421.1367023312,1137489.4213834538,5163194.76024416,3562377.5427106763,363.26948068065997,34.89305390808522
85800.0,1137490.6536547996,5163196.751187169,3562378.301936844,333.0951489919609,6,True,15.39264083902041,0.0,1137318.2330350394,5162917.211895609,3562421.1367023312,1137490.6536547996,5163196.751187169,3562378.301936844,365.47248066729253,34.89305390808522
85830.0,1137493.573349893,5163195.168997701,3562387.4851349713,331.39441430494105,6,True,15.689883347600698,0.0,1137318.2330350394,5162917.211895609,3562421.1367023312,1137493.573349893,5163195.168997701,3562387.4851349713,364.4629786917988,34.89305390808522
85860.0,1137491.2525537303,5163198.765028213,3562388.002689452,332.82029871420264,6,True,15.555405167241892,0.0,1137318.2330350394,5162917.211895609,3562421.1367023312,1137491.2525537303,5163198.765028213,3562388.002689452,366.18543370645835,34.89305390808522
85890.0,1137488.2931090684,5163179.669380856,3562381.4547661687,317.30756454898943,6,True,14.368947810182968,0.0,1137318.2330350394,5162917.211895609,3562421.1367023312,1137488.2931090684,5163179.669380856,3562381.4547661687,349.5279132846489,34.89305390808522
85920.0,1137495.263628943,5163197.382481811,3562382.5471213404,334.2537556021309,6,True,15.068556241691113,0.0,1137318.2330350394,5162917.211895609,3562421.1367023312,1137495.263628943,5163197.382481811,3562382.5471213404,367.8483320868628,34.89305390808522
85950.0,1137494.0193509695,5163194.641088464,3562379.47702324,330.45003996160773,6,True,15.973495648552975,0.0,1137318.2330350394,5162917.211895609,3562421.1367023312,1137494.0193509695,5163194.641088464,3562379.47702324,365.3245134030681,34.89305390808522
85980.0,1137494.3158254812,5163187.57640641,3562383.4135294375,324.5934213108962,6,True,16.08453708390395,0.0,1137318.2330350394,5162917.211895609,3562421.1367023312,1137494.3158254812,5163187.57640641,3562383.4135294375,359.07264126733514,34.89305390808522
86010.0,1137490.9534303881,5163197.992872337,3562381.8590293378,335.7305874013074,6,True,15.358829685797295,0.0,1137318.2330350394,5162917.211895609,3562421.1367023312,1137490.9534303881,5163197.992872337,3562381.8590293378,366.1674588450937,34.89305390808522
86040.0,1137495.267476176,5163184.03449607,3562388.7716674977,323.4585115769799,6,True,16.02203879505396,0.0,1137318.2330350394,5162917.211895609,3562421.1367023312,1137495.267476176,5163184.03449607,3562388.7716674977,355.9825939792559,34.89305390808522
86070.0,1137495.034847646,5163196.706423119,3562380.076094763,333.4333356774177,6,True,15.630687462786833,0.0,1137318.2330350394,5162917.211895609,3562421.1367023312,1137495.034847646,5163196.706423119,3562380.076094763,367.50253550971377,34.89305390808522
86100.0,1137487.4026346474,5163185.1045589065,3562381.551967043,321.74970878758313,6,True,16.139515537768602,0.0,1137318.2330350394,5162917.211895609,3562421.1367023312,1137487.4026346474,5163185.1045589065,3562381.551967043,353.5473110857068,34.89305390808522
86130.0,1137491.9520701142,5163193.402632007,3562379.9056891846,330.12625590587055,6,True,15.99843805283308,0.0,1137318.2330350394,5162917.211895609,3562421.1367023312,1137491.9520701142,5163193.402632007,3562379.9056891846,363.12737742225426,34.89305390808522
86160.0,1137490.5061227784,5163184.812262407,3562389.8182728705,321.24575539103074,6,True,14.36632700636983,0.0,1137318.2330350394,5162917.211895609,3562421.1367023312,1137490.5061227784,5163184.812262407,3562389.8182728705,353.8939026874786,34.89305390808522
