t,attack_configuration,attack_bias_m,n_attacked_satellites,attack_fraction,clean_position_error_m,attack_position_error_m,delta_position_m,clean_clock_bias_m,attack_clock_bias_m,delta_clock_bias_m,clean_mean_abs_residual_m,attack_mean_abs_residual_m,delta_mean_abs_residual_m,clean_max_abs_residual_m,attack_max_abs_residual_m,n_abnormal_20m,n_abnormal_50m,sign_consistency,clean_converged,attack_converged,time_minutes,temporal_attack_bias_m,attack_active,attack_phase
0.0,3_satellites,20.0,3,0.4285714285714285,38.4686594697414,70.16079770283721,49.188434975453625,15.710185307576896,-9.32333788522649,-25.033523192803383,6.398881737674985,10.152868550270796,4.494625040995223,13.847241826355456,18.444343853741884,0,0,0.5714285714285714,True,True,0.0,20.0,True,20m
1.0,3_satellites,20.0,3,0.4285714285714285,38.36130473526967,61.98968613244975,31.251354565174488,12.85033359407152,6.016085955546765,-6.834247638524755,1.1072288155555725,4.336441785097122,3.394033706613949,1.7062267065048218,9.200319338589908,0,0,0.5714285714285714,True,True,0.016666666666666666,20.0,True,20m
2.0,3_satellites,20.0,3,0.5,37.97122596488332,71.61660228567756,46.94785129491533,15.403249419022634,-4.124416939371464,-19.5276663583941,2.0611474936207137,2.312643710523844,2.277515012770891,4.204764377325773,4.290712106972933,0,0,0.5,True,True,0.03333333333333333,20.0,True,20m
3.0,3_satellites,20.0,3,0.375,47.38046034627658,56.79316789903341,31.10296027442866,23.295688587397912,11.92985400895389,-11.36583457844402,10.244193027727306,15.316292406991124,5.589332152158022,23.99586128816009,30.06450482830405,3,0,0.625,True,True,0.05,20.0,True,20m
4.0,3_satellites,20.0,3,0.4285714285714285,32.781938017607246,68.44116474362444,49.17235077123002,19.830724995333384,-5.194483430651427,-25.02520842598481,5.58354947875653,2.300549973334585,3.871119863752808,9.37056853249669,4.80554374307394,0,0,0.5714285714285714,True,True,0.06666666666666667,20.0,True,20m
5.0,3_satellites,20.0,3,0.4285714285714285,38.511595757162524,75.30365227229635,49.16829995190784,14.298298604299266,-10.724815253668906,-25.02311385796817,3.5861508920788765,5.787473703069346,4.268547433827605,6.777882311493158,12.964557528495789,0,0,0.5714285714285714,True,True,0.08333333333333333,20.0,True,20m
6.0,3_satellites,20.0,3,0.375,52.64446504792965,50.34676270297691,31.10167481770921,43.96134512648761,32.5944740735217,-11.366871052965903,7.620859134476632,11.60213958611712,5.933351477608085,13.221628151834013,19.285675171762705,0,0,0.625,True,True,0.1,20.0,True,20m
7.0,3_satellites,20.0,3,0.4285714285714285,32.342932518895246,57.27066867776677,49.16014061592234,28.88427033670112,3.865422991934252,-25.018847344766865,2.9664595249508108,3.728632282997881,2.7361197381147315,6.119929015636444,6.56053476780653,0,0,0.5714285714285714,True,True,0.11666666666666667,20.0,True,20m
8.0,3_satellites,20.0,3,0.4285714285714285,35.78175907468631,48.76626244710021,49.15604337816311,41.00212727601407,15.98542912985329,-25.01669814616078,7.957362502281155,3.452066457165139,4.505296045116016,13.239811476320028,6.050403784960508,0,0,0.5714285714285714,True,True,0.13333333333333333,20.0,True,20m
9.0,3_satellites,20.0,3,0.4285714285714285,29.426706537643977,55.40071146933946,49.15198953167357,33.69634278060759,8.681737850265765,-25.01460493034182,5.318359069526196,2.453003950417042,3.628985788140978,11.802870281040668,5.322626776993275,0,0,0.5714285714285714,True,True,0.15,20.0,True,20m
10.0,3_satellites,20.0,3,0.4285714285714285,29.912599855540016,61.34951777443567,49.1479153179141,28.12476335778268,3.112272390613095,-25.01249096716958,7.219444690538304,3.1104743821280345,4.507973933326347,12.88599343970418,5.540055654942989,0,0,0.5714285714285714,True,True,0.16666666666666666,20.0,True,20m
11.0,3_satellites,20.0,3,0.4285714285714285,31.482337119590536,71.17892101900647,49.14384610088774,15.619732399221848,-9.390654034951089,-25.010386434172936,6.851103861417089,3.0000298289316043,4.250639554645334,12.033064600080252,5.024806678295136,0,0,0.5714285714285714,True,True,0.18333333333333332,20.0,True,20m
12.0,3_satellites,20.0,3,0.4285714285714285,33.122333577009066,78.02728242099855,49.13978184569277,13.470848739163712,-11.537432472774578,-25.00828121193829,9.523420747901712,5.369692607117551,4.510653992316553,16.889077454805374,9.701670825481417,0,0,0.7142857142857143,True,True,0.2,20.0,True,20m
13.0,3_satellites,20.0,3,0.4285714285714285,28.82802169896711,69.39202414198016,49.135628019959405,16.445482309196212,-8.560609590239178,-25.00609189943539,7.786496146981205,3.3186130858957767,4.467883061085429,13.40786350890994,6.054866999387741,0,0,0.5714285714285714,True,True,0.21666666666666667,20.0,True,20m
14.0,3_satellites,20.0,3,0.4285714285714285,35.069804149822936,74.89476478071333,49.13149070221948,15.001253586478198,-10.002675490422403,-25.003929076900604,2.8944181970187595,4.36169896753771,3.234058532863856,5.288007166236639,10.567194916307926,0,0,0.7142857142857143,True,True,0.23333333333333334,20.0,True,20m
15.0,3_satellites,20.0,3,0.4285714285714285,34.31029782907472,75.01768930322106,49.12737093304097,18.83659636392764,-6.165177524514068,-25.001773888441708,6.10737658398492,2.274640439344304,4.234552904431309,10.471646845340729,3.9409351274371143,0,0,0.5714285714285714,True,True,0.25,20.0,True,20m
16.0,3_satellites,20.0,3,0.4285714285714285,33.79191596457942,79.32270370847456,49.12325557347023,8.870532144061285,-16.129096508594717,-24.999628652656,3.620509961353881,1.0866418560700757,2.5621227004698346,6.512759145349264,2.0121133364737034,0,0,0.5714285714285714,True,True,0.26666666666666666,20.0,True,20m
17.0,3_satellites,20.0,3,0.4285714285714285,46.559075918099,91.0918747927898,49.11912665008834,4.940739169417056,-20.05673646353358,-24.99747563295064,5.095547211489508,1.369052101458822,4.087487615112748,9.592875320464373,2.40799131989479,0,0,0.5714285714285714,True,True,0.2833333333333333,20.0,True,20m
18.0,3_satellites,20.0,3,0.4285714285714285,48.142130400987895,92.36946905224865,49.11496561331752,5.136105904739691,-19.85918431145294,-24.99529021619263,4.390408516994545,2.738906737949167,3.265969408409936,7.802788861095905,5.191287130117416,0,0,0.5714285714285714,True,True,0.3,20.0,True,20m
19.0,3_satellites,20.0,3,0.375,32.99354360297623,46.57089912639072,31.09594383765422,40.71336301504813,29.342054448521488,-11.371308566526643,5.597270348109305,6.947128912433982,4.690898686647415,8.933233838528395,15.574269723147154,0,0,0.625,True,True,0.31666666666666665,20.0,True,20m
20.0,3_satellites,20.0,3,0.375,34.15304289642992,57.57271405293765,31.095499565004708,23.59100663133625,12.21934921545364,-11.371657415882606,2.5248991665430367,6.8649893421679735,4.751989475917071,5.331812988966703,11.405641715973616,0,0,0.625,True,True,0.3333333333333333,20.0,True,20m
21.0,3_satellites,20.0,3,0.4285714285714285,38.896352519796665,72.40719323353002,49.10234968349363,27.41108660789924,2.4224796405776465,-24.988606967321594,3.041107604014022,5.888643187071596,3.508102297250713,6.3307741060853004,13.513622537255287,0,0,0.7142857142857143,True,True,0.35,20.0,True,20m
22.0,3_satellites,20.0,3,0.4285714285714285,35.70423837656613,70.06775635000504,49.098168762076746,28.33586716251789,3.349464261843476,-24.986402900674413,1.7629400709910052,3.454242398164102,2.271391148013728,3.2199364863336086,5.711549106985331,0,0,0.5714285714285714,True,True,0.36666666666666664,20.0,True,20m
23.0,3_satellites,20.0,3,0.4285714285714285,38.833795735374,68.01924271911774,49.09395148170857,36.917675537250126,11.933507450695243,-24.98416808655488,4.47326734662056,4.554454541099923,3.5978826470673084,8.312183894217014,9.734397366642952,0,0,0.5714285714285714,True,True,0.38333333333333336,20.0,True,20m
24.0,3_satellites,20.0,3,0.4285714285714285,32.10838259354953,73.71804022189127,49.08978087783945,23.38071487356359,-1.6012710815648243,-24.981985955128412,2.828340292509113,6.77594602267657,4.526811315545014,4.4433462880551815,11.100123327225448,0,0,0.5714285714285714,True,True,0.4,20.0,True,20m
25.0,3_satellites,20.0,3,0.4285714285714285,30.20657577892218,67.6789340640805,49.08553957910176,30.10255169279483,5.122820821292152,-24.97973087150268,3.1171415033085004,7.121701545481171,4.473001627517598,5.8027247823774815,12.98352812230587,0,0,0.5714285714285714,True,True,0.4166666666666667,20.0,True,20m
26.0,3_satellites,20.0,3,0.4285714285714285,28.037893108887456,69.31816701497826,49.081329062596375,24.79959690082906,-0.1779121106223417,-24.9775090114514,4.0302595139614175,7.981451332569122,4.529515502176115,7.777633339166641,13.86501121520996,0,0,0.5714285714285714,True,True,0.43333333333333335,20.0,True,20m
27.0,3_satellites,20.0,3,0.375,47.65424752262516,38.80938151204215,31.092170440220507,60.21081359426016,48.8369864611686,-11.37382713309156,12.560172602999955,17.90602689096704,5.788310400210321,28.088827058672905,36.358193803578615,3,0,0.625,True,True,0.45,20.0,True,20m
28.0,3_satellites,20.0,3,0.375,62.44363106464805,45.45122546472818,31.091685687823045,81.18982080506197,69.81569843865226,-11.374122366409708,10.427793270442637,15.618962049484251,5.943712189327925,27.85398979857564,36.1243562400341,2,0,0.5,True,True,0.4666666666666667,20.0,True,20m
29.0,3_satellites,20.0,3,0.375,45.97440958223365,39.56476675527124,31.091226909200213,67.74595096135475,56.37148908882711,-11.37446187252764,9.802567426115274,14.99398612556979,5.944187241140753,28.269321873784065,36.54069369286299,2,0,0.5,True,True,0.48333333333333334,20.0,True,20m
30.0,3_satellites,20.0,3,0.375,84.67140397214229,63.89716978429074,31.09070525063697,101.62967497611014,90.25495946395556,-11.37471551215458,15.328644359018654,19.299084693659097,5.9446577010676265,29.551650531589985,37.8240172713995,4,0,0.625,True,True,0.5,20.0,True,20m
31.0,3_satellites,20.0,3,0.375,56.22969780879851,44.38928455265437,31.09025625458729,79.90900055962294,68.53393302203276,-11.375067537590184,9.884461185894908,12.888552674092352,4.693269764073193,23.482573971152306,31.755947776138783,2,0,0.5,True,True,0.5166666666666667,20.0,True,20m
32.0,3_satellites,20.0,3,0.375,62.20426467019663,47.39736527620875,31.089763736498192,88.43192843190073,77.05656436537238,-11.375364066528348,12.62390466593206,14.56833223393187,4.093704861123115,28.037739351391792,36.31211498379707,2,0,0.625,True,True,0.5333333333333333,20.0,True,20m
33.0,3_satellites,20.0,3,0.4285714285714285,36.59200471478296,77.61076638456373,49.05151868426808,34.358350107601304,9.396669306111862,-24.961680801489443,3.307808544486761,5.673815246139254,3.213510072124856,7.149335470050573,12.749136634171007,0,0,0.5714285714285714,True,True,0.55,20.0,True,20m
34.0,3_satellites,20.0,3,0.4285714285714285,31.96991389293433,60.42673780201255,49.04717824311934,56.80288209580094,31.84354601319656,-24.95933608260438,3.914139135075467,1.0771941068981374,3.070279722767217,6.822139341384172,2.1465998999774456,0,0,0.5714285714285714,True,True,0.5666666666666667,20.0,True,20m
35.0,3_satellites,20.0,3,0.4285714285714285,31.54785242683046,64.78263806995345,49.0428844675691,49.92962191433055,24.972569090029012,-24.95705282430153,2.015733924295221,3.851410657699619,3.3951975016721656,5.132886979728937,7.304320339113474,0,0,0.7142857142857143,True,True,0.5833333333333334,20.0,True,20m
36.0,3_satellites,20.0,3,0.4285714285714285,29.707823762539174,63.41141098743719,49.03857753584612,48.8524899340673,23.8977376944761,-24.9547522395912,3.768522461610181,2.9319984300860336,3.2136335016361306,7.8103210888803005,7.023370787501335,0,0,0.5714285714285714,True,True,0.6,20.0,True,20m
37.0,3_satellites,20.0,3,0.4285714285714285,27.815881423788237,64.76976058892907,49.034273641898174,48.11919952917504,23.166742341091588,-24.952457188083454,4.137070681367602,1.5567340276071004,2.9946990332433154,7.360222399234772,3.537416834384203,0,0,0.5714285714285714,True,True,0.6166666666666667,20.0,True,20m
38.0,3_satellites,20.0,3,0.4285714285714285,35.34977558792954,76.90524445001346,49.02997038089868,38.39027075022335,13.440098018472996,-24.95017273175036,2.1437431467430934,4.107109557305064,2.536439072872912,3.8306958712637424,8.122606366872787,0,0,0.5714285714285714,True,True,0.6333333333333333,20.0,True,20m
39.0,3_satellites,20.0,3,0.4285714285714285,28.338607237279856,62.28744135992645,49.02559298163068,54.02592918517856,29.078124740693543,-24.94780444448501,2.4537593200802803,2.6748492419719696,2.000122746186597,5.519090157002211,5.418570175766945,0,0,0.7142857142857143,True,True,0.65,20.0,True,20m
40.0,3_satellites,20.0,3,0.4285714285714285,28.897290023188752,70.75628903358658,49.02128910988668,44.98436083394491,20.03884433069586,-24.945516503249053,4.870778611728123,1.8693001600248476,3.797414809465408,9.034979574382303,4.2244518622756,0,0,0.5714285714285714,True,True,0.6666666666666666,20.0,True,20m
41.0,3_satellites,20.0,3,0.375,33.333581807152406,34.571056056241375,31.0853226205946,73.33514699176844,61.9570650664221,-11.378081925346336,9.956058646552265,10.042486985679716,5.949886785354465,17.974358096718788,26.257747568190094,1,0,0.625,True,True,0.6833333333333333,20.0,True,20m
42.0,3_satellites,20.0,3,0.4285714285714285,26.221154821567527,68.94585368875109,49.01257313534322,46.29291049771114,21.35207244545491,-24.940838052256236,4.134386992348092,3.2713506844426905,3.231679702443736,6.998879011720419,7.53036767989397,0,0,0.5714285714285714,True,True,0.7,20.0,True,20m
43.0,3_satellites,20.0,3,0.4285714285714285,32.511842175446816,76.54036214654123,49.00822331378931,43.16554057667498,18.22702837766352,-24.938512199011456,5.900321024336985,4.601691483386925,3.4391714031142846,9.657815724611282,11.062560882419348,0,0,0.5714285714285714,True,True,0.7166666666666667,20.0,True,20m
44.0,3_satellites,20.0,3,0.4285714285714285,23.504765868739188,60.740296379063935,49.00379721625818,56.32595666463269,31.389850863783487,-24.936105800849205,4.4469609414892535,1.5151285177895002,3.733388672449759,8.279493398964405,3.2992016784846783,0,0,0.7142857142857143,True,True,0.7333333333333333,20.0,True,20m
45.0,3_satellites,20.0,3,0.4285714285714285,24.990609763068026,56.528432968339885,48.99938765311547,58.8907714837284,33.957048738446545,-24.93372274528185,3.150302234504904,4.29830389469862,2.415707487080778,6.540147043764591,6.911945570260286,0,0,0.5714285714285714,True,True,0.75,20.0,True,20m
46.0,3_satellites,20.0,3,0.4285714285714285,31.701052561092663,72.26246606728311,48.99504090515018,49.10980632653958,24.17839936960431,-24.931406956935263,5.958822643118245,3.434134325810841,3.800038048199245,10.624606922268867,7.777893278747797,0,0,0.7142857142857143,True,True,0.7666666666666667,20.0,True,20m
47.0,3_satellites,20.0,3,0.4285714285714285,31.527947229667657,72.05943127456831,48.99062816323281,45.20478141248769,20.27575498166287,-24.92902643082482,3.827318768948317,3.531787812177624,2.0858001027788435,6.888467948883772,5.54567714035511,0,0,0.5714285714285714,True,True,0.7833333333333333,20.0,True,20m
48.0,3_satellites,20.0,3,0.4285714285714285,35.331170128498584,72.47369654143976,48.98620615350499,49.030218065443016,24.103581355188428,-24.926636710254588,5.555398367345333,5.445516408021961,2.5836749241820405,12.013625912368298,10.023011073470116,0,0,0.5714285714285714,True,True,0.8,20.0,True,20m
49.0,3_satellites,20.0,3,0.4285714285714285,38.694193484566064,79.07448930284643,48.98178824444044,40.86611362216296,15.94185354143377,-24.924260080729184,2.608998656272888,5.919562210461923,3.87888128682971,5.977044273167849,12.276190016418695,0,0,0.5714285714285714,True,True,0.8166666666666667,20.0,True,20m
50.0,3_satellites,20.0,3,0.4285714285714285,41.76678218482306,59.89806762942605,48.977275991189074,68.41298122375417,43.49120562154258,-24.92177560221159,6.348197584173509,4.825549061277083,3.992478234427316,13.314290218055248,9.292030707001686,0,0,0.5714285714285714,True,True,0.8333333333333334,20.0,True,20m
51.0,3_satellites,20.0,3,0.4285714285714285,29.271836574739964,59.08755363724188,48.972885948671845,63.08459487633164,38.165177422553256,-24.919417453778387,7.35799592094762,3.6058204786053727,4.563606242516211,13.86181441321969,6.4176761247217655,0,0,0.5714285714285714,True,True,0.85,20.0,True,20m
52.0,3_satellites,20.0,3,0.4285714285714285,34.00958652123224,58.45288177315841,48.96840578683467,62.933781784297466,38.01679908467344,-24.916982699624025,5.256929900497198,5.2239894941449165,3.0706657400088653,12.516258038580418,9.45982801169157,0,0,0.5714285714285714,True,True,0.8666666666666667,20.0,True,20m
53.0,3_satellites,20.0,3,0.4285714285714285,35.117257578872,63.60254208415064,48.9639727480377,60.65272734825452,35.73813702649286,-24.914590321761658,5.204364126282079,2.0850948228367736,3.5429318541926995,9.017255812883375,4.373339034616947,0,0,0.5714285714285714,True,True,0.8833333333333333,20.0,True,20m
54.0,3_satellites,20.0,3,0.4285714285714285,39.04242438716746,63.06892926843701,48.95947609048201,60.55759238593175,35.64544918669415,-24.9121431992376,5.697725724428892,7.524256163941962,3.9885268583893776,11.906935345381498,14.727404959499836,0,0,0.5714285714285714,True,True,0.9,20.0,True,20m
55.0,3_satellites,20.0,3,0.4285714285714285,34.427356623074054,62.33231737046229,48.955012487138674,55.190105658175945,30.280380389803536,-24.90972526837241,5.114581917013441,7.519742436174836,4.569111532930817,8.032660588622093,14.410696484148502,0,0,0.5714285714285714,True,True,0.9166666666666666,20.0,True,20m
56.0,3_satellites,20.0,3,0.4285714285714285,35.24938291487156,55.445980889715095,48.950526799958645,61.781500567978775,36.87422228151184,-24.90727828646694,6.863594351602452,2.85842712489622,4.570487851543086,11.228354286402464,5.023512080311775,0,0,0.5714285714285714,True,True,0.9333333333333333,20.0,True,20m
57.0,3_satellites,20.0,3,0.4285714285714285,35.46032258568599,51.80541729625699,48.94602395894175,65.44029247610757,40.53546808420499,-24.90482439190258,6.087006894073316,2.46408253375973,4.18781878426671,10.96046382561326,4.880533620715141,0,0,0.7142857142857143,True,True,0.95,20.0,True,20m
58.0,3_satellites,20.0,3,0.4285714285714285,41.82651183603009,51.480800268285336,48.9414914385506,69.37757531399085,44.4752272683823,-24.902348045608548,4.502053879201412,6.778293372264931,4.44606064260006,8.720581747591496,11.742169104516506,0,0,0.5714285714285714,True,True,0.9666666666666667,20.0,True,20m
59.0,3_satellites,20.0,3,0.4285714285714285,29.744721405530758,57.92650963811262,48.93704167212093,58.766282721008686,33.86633108130905,-24.89995163969964,2.6010870949498246,4.049554416111538,2.575591305004699,4.25001048669219,7.34876948595047,0,0,0.5714285714285714,True,True,0.9833333333333333,20.0,True,20m
60.0,3_satellites,20.0,3,0.4285714285714285,29.14890089064345,61.71857933475332,48.93253256092501,53.05446451518646,28.15696323445134,-24.89750128073512,2.895764979932989,5.839665236217635,4.034379616379738,4.448639798909426,11.175672493875028,0,0,0.7142857142857143,True,True,1.0,20.0,True,20m
61.0,3_satellites,20.0,3,0.4285714285714285,30.08945269886129,57.57443547693924,48.92799247976066,54.09658299032,29.201565774188147,-24.895017216131848,2.6974910678608075,5.744145072464432,3.639796078737293,5.506439197808504,10.303141176700592,0,0,0.7142857142857143,True,True,1.0166666666666666,20.0,True,20m
62.0,3_satellites,20.0,3,0.4285714285714285,31.38914790491014,55.72714808072624,48.923446329603394,56.3962387768196,31.50370770828492,-24.89253106853468,3.1885902855013097,6.778443227389029,3.9879434491906847,5.642711006104946,12.803990915417671,0,0,0.7142857142857143,True,True,1.0333333333333334,20.0,True,20m
63.0,3_satellites,20.0,3,0.4285714285714285,47.22909521476538,59.02104507143457,48.91886642336507,63.81757306473503,38.92755807754244,-24.890014987192583,5.932738571826901,9.491184513483727,4.386925444539104,11.495109055191278,17.294149309396744,0,0,0.5714285714285714,True,True,1.05,20.0,True,20m
64.0,3_satellites,20.0,3,0.4285714285714285,30.0734260305659,63.53629682189235,48.91438636772435,47.88690729267967,22.999309658897698,-24.88759763378197,3.838884796415056,7.990280566470964,4.5815400917615206,7.063604936003685,13.849485863000154,0,0,0.5714285714285714,True,True,1.0666666666666667,20.0,True,20m
65.0,3_satellites,20.0,3,0.4285714285714285,41.21863972166797,52.79671482504122,48.90975645511307,68.22741031501812,43.342379019537525,-24.885031295480594,3.452491039676325,6.656543920614889,3.7782551907002926,6.716459859162569,13.87610863149166,0,0,0.7142857142857143,True,True,1.0833333333333333,20.0,True,20m
66.0,3_satellites,20.0,3,0.4285714285714285,34.50243124074773,69.9758938227256,48.90526204317087,44.10879254926514,19.226181244074134,-24.88261130519101,3.939194954931736,8.52192585915327,4.582730904221535,7.462640725076199,14.62174916639924,0,0,0.5714285714285714,True,True,1.1,20.0,True,20m
67.0,3_satellites,20.0,3,0.4285714285714285,46.944951838422185,54.32851913396771,48.90059432937044,69.62792232771187,44.7479146554536,-24.880007672258277,5.4882756013955385,9.237294109272105,4.151286872902086,9.38333696126938,16.362546131014824,0,0,0.7142857142857143,True,True,1.1166666666666667,20.0,True,20m
68.0,3_satellites,20.0,3,0.4285714285714285,32.55211444668127,74.78524827535054,48.89613918244717,40.30832212836289,15.430696228828864,-24.877625899534024,3.408598237804004,6.928171557507345,4.079813397888627,7.10071412846446,10.547592472285032,0,0,0.5714285714285714,True,True,1.1333333333333333,20.0,True,20m
69.0,3_satellites,20.0,3,0.4285714285714285,28.89065704573119,71.4261839780079,48.89154437337952,41.69195071021335,16.816848977128387,-24.87510173308496,4.509929791092873,6.963090050433364,3.0129797671522414,9.896848909556866,12.138165935873984,0,0,0.5714285714285714,True,True,1.15,20.0,True,20m
70.0,3_satellites,20.0,3,0.4285714285714285,34.267002011951675,77.05491821843141,48.88694332873551,39.74028417465523,14.867703314365336,-24.872580860289894,0.9396035671234132,5.022338642073529,4.137738973434482,2.008375119417906,9.16529244929552,0,0,0.5714285714285714,True,True,1.1666666666666667,20.0,True,20m
71.0,3_satellites,20.0,3,0.375,101.2716988195014,77.69123335798105,31.06894136192754,124.148284757098,112.76243600454572,-11.385848752552263,17.726449471898377,21.678293352480978,5.964258475694805,38.63173659518361,46.94504199177027,4,0,0.625,True,True,1.1833333333333333,20.0,True,20m
72.0,3_satellites,20.0,3,0.4285714285714285,33.120604890381955,70.80680988439175,48.87768671693506,47.30459837805255,22.43711925278732,-24.86747912526523,1.211482618536268,3.5668378190270493,2.393461666469063,2.1294484324753284,6.134106460958719,0,0,0.5714285714285714,True,True,1.2,20.0,True,20m
73.0,3_satellites,20.0,3,0.375,100.99278425174364,78.13798024834126,31.067783523203197,125.2877293397432,113.90140884966222,-11.38632049008099,17.60279756085947,21.553731804247946,5.96522352937609,29.04600283876061,37.3612973280251,4,0,0.625,True,True,1.2166666666666666,20.0,True,20m
74.0,3_satellites,20.0,3,0.375,79.56059730730026,59.33749112841367,31.067223967696727,109.90268539190212,98.51610294231077,-11.38658244959136,13.3698656167835,16.097251527942717,5.195197442546487,21.662741258740425,29.97903411835432,3,0,0.625,True,True,1.2333333333333334,20.0,True,20m
75.0,3_satellites,20.0,3,0.375,86.28749725891839,64.32737833846966,31.066622996106307,119.55428639921972,108.16748974520225,-11.386796654017488,17.1286407886073,20.045502833556384,5.005458016414195,27.92391398176551,36.24120116233826,4,0,0.625,True,True,1.25,20.0,True,20m
76.0,3_satellites,20.0,3,0.375,81.01496179278939,61.02962773942929,31.066043960989862,113.84916226549008,102.46212586358315,-11.387036401906895,15.834403925109656,18.180162088945508,5.576300178188831,25.730233311653137,34.04851506650448,4,0,0.625,True,True,1.2666666666666666,20.0,True,20m
77.0,3_satellites,20.0,3,0.4285714285714285,30.335620716754192,71.39781902257765,48.85446233328939,46.86610358355925,22.011421685594552,-24.8546818979647,4.363789241760969,5.2578956208058765,3.1921233689146384,8.23308914154768,12.565428968518972,0,0,0.5714285714285714,True,True,1.2833333333333334,20.0,True,20m
78.0,3_satellites,20.0,3,0.375,90.48842763396225,68.2093635709758,31.06483602828201,121.78024331819682,110.39278029882992,-11.387463019366905,17.97905339160934,21.128377247601748,5.168302018661052,31.087772589176893,39.40804078057408,4,0,0.625,True,True,1.3,20.0,True,20m
79.0,3_satellites,20.0,3,0.375,73.19332625232627,54.36848114361341,31.064262691192475,112.54809830429528,101.16038493377962,-11.387713370515655,14.944181779865175,15.521019231528044,5.451687671709806,28.35449967905879,36.675763718783855,2,0,0.5,True,True,1.3166666666666667,20.0,True,20m
80.0,3_satellites,20.0,3,0.375,62.14869825774427,46.0057237119674,31.063672099850614,103.99975033713936,92.6118039183868,-11.387946418752575,11.437727206852289,13.239765397738664,5.317510228604078,18.05545051768422,26.37770926579833,2,0,0.625,True,True,1.3333333333333333,20.0,True,20m
81.0,3_satellites,20.0,3,0.375,110.47930818066165,86.00903916058388,31.063018218055124,138.71920121591646,127.33110645218386,-11.388094763732596,17.130955674219877,19.85334924608469,4.744189183693379,29.54899287596345,37.8722379617393,3,0,0.625,True,True,1.35,20.0,True,20m
82.0,3_satellites,20.0,3,0.4285714285714285,28.11040112986375,60.16766529451867,48.830984553090815,61.52927976669097,36.6876050472071,-24.84167471948387,4.882882799421038,4.210344639207635,3.3654846580965176,9.613931875675917,8.070777382701635,0,0,0.7142857142857143,True,True,1.3666666666666667,20.0,True,20m
83.0,3_satellites,20.0,3,0.375,65.8355148255692,49.48670335858056,31.06185566261645,105.917229638949,94.52863819437069,-11.388591444578324,9.416762649081647,12.009759158827364,5.055137015879154,18.606412295252085,26.931648306548595,2,0,0.625,True,True,1.3833333333333333,20.0,True,20m
84.0,3_satellites,20.0,3,0.375,66.31933270693,49.05274653118904,31.061239035146038,106.08007972279988,94.69128225382802,-11.38879746897186,10.756392651237547,13.132450480479749,4.400670489761978,21.43382889777422,29.760057896375656,2,0,0.625,True,True,1.4,20.0,True,20m
85.0,3_satellites,20.0,3,0.4285714285714285,31.52762912455026,60.07373969646255,48.81679634442413,65.42007577353496,40.58627746060013,-24.83379831293483,2.770643529615232,2.1188443547913005,1.8187049153660024,5.508497700095177,4.468751300126314,0,0,0.7142857142857143,True,True,1.4166666666666667,20.0,True,20m
86.0,3_satellites,20.0,3,0.375,84.68599416530132,63.90060609932903,31.05998803429389,116.6838111022,105.29462332098922,-11.389187781210794,12.911986351944506,16.857009309809655,5.971516762394458,26.213672269135717,34.54188199341297,3,0,0.625,True,True,1.4333333333333333,20.0,True,20m
87.0,3_satellites,20.0,3,0.4285714285714285,31.529396847343538,65.6108319498378,48.8073177544236,55.02250080116837,30.19396083983524,-24.828539961333128,2.157706942409277,3.969517349664654,2.985785908997059,4.484790321439505,8.749097317457199,0,0,0.7142857142857143,True,True,1.45,20.0,True,20m
88.0,3_satellites,20.0,3,0.4285714285714285,31.627162251921447,67.875718767728,48.80256419049078,52.79087876379366,27.96497941461542,-24.82589934917824,2.659243644880397,5.029066999575922,3.2561515367456844,5.301756173372269,11.506470948457718,0,0,0.7142857142857143,True,True,1.4666666666666666,20.0,True,20m
89.0,3_satellites,20.0,3,0.4285714285714285,35.39696355760586,73.4759152453428,48.79780667750748,49.89541376050874,25.072155820677505,-24.823257939831237,2.816519566412483,6.455773577626262,4.190772202398096,6.459393825381994,13.60573847964406,0,0,0.5714285714285714,True,True,1.4833333333333334,20.0,True,20m
90.0,3_satellites,20.0,3,0.4285714285714285,30.09489505091855,67.18548513553704,48.79301781033673,51.78261252347286,26.96203002240736,-24.8205825010655,4.7570344513016085,8.823743322598082,4.617816738784313,6.691823102533817,13.552466437220572,0,0,0.5714285714285714,True,True,1.5,20.0,True,20m
91.0,3_satellites,20.0,3,0.4285714285714285,35.013391565803005,75.01690109796193,48.788253687132425,44.68197407917898,19.86403619925228,-24.817937879926703,2.6786433814891746,6.747167757047074,4.619223179561751,3.691997665911913,10.768681064248083,0,0,0.5714285714285714,True,True,1.5166666666666666,20.0,True,20m
92.0,3_satellites,20.0,3,0.4285714285714285,38.117618533426025,74.81639848799405,48.78344189747338,44.67124516192294,19.85599724509546,-24.81524791682748,2.742760914244822,7.183201181037085,4.440440266792264,6.197688918560743,13.342339929193258,0,0,0.5714285714285714,True,True,1.5333333333333334,20.0,True,20m
93.0,3_satellites,20.0,3,0.4285714285714285,36.971338094793246,72.94629840657389,48.77863801514265,47.90186294555033,23.08929937769381,-24.81256356785652,1.5109645117606436,5.583121352962086,4.622038201561996,2.8464175797998905,9.654143318533896,0,0,0.5714285714285714,True,True,1.55,20.0,True,20m
94.0,3_satellites,20.0,3,0.4285714285714285,39.62326199465271,73.08929121719618,48.773807193801176,47.34398495769853,22.53412523856038,-24.80985971913815,6.109807896826949,8.857567608356476,4.258334419557026,13.699078503996134,20.842592805624008,1,0,0.7142857142857143,True,True,1.5666666666666667,20.0,True,20m
95.0,3_satellites,20.0,3,0.4285714285714285,44.79223592683792,82.80140319445684,48.76901906164824,41.73002154373054,16.922822442444364,-24.807199101286173,4.365295255290611,7.118713740791593,3.704442003475768,9.757859259843826,16.90080600976944,0,0,0.7142857142857143,True,True,1.5833333333333333,20.0,True,20m
96.0,3_satellites,20.0,3,0.4285714285714285,47.021270232255816,82.73077730308103,48.764182057768586,40.56253764065967,15.758048285145202,-24.80448935551447,4.062303892203739,7.291241575564657,3.778822947825705,9.022927194833755,16.165303576737642,0,0,0.7142857142857143,True,True,1.6,20.0,True,20m
97.0,3_satellites,20.0,3,0.4285714285714285,48.96167870733144,88.29923836066669,48.75936021403624,33.18486444281162,8.383063827321566,-24.80180061549006,6.841235236397812,9.222153288977486,4.627678076071399,14.62669950351119,21.768506728112698,1,0,0.5714285714285714,True,True,1.6166666666666667,20.0,True,20m
98.0,3_satellites,20.0,3,0.4285714285714285,44.06402822558111,78.47985304657895,48.7544789087363,42.46919833493372,17.670150126224208,-24.799048208709515,7.559908368757793,10.190258842493806,4.379079679293292,17.063279323279858,24.204514175653458,1,0,0.7142857142857143,True,True,1.6333333333333333,20.0,True,20m
99.0,3_satellites,20.0,3,0.4285714285714285,48.92189407926519,79.0748318230042,48.74960380229456,46.139952513790135,21.34364406485029,-24.79630844893984,9.90356184382524,12.28332623041102,4.630501799285412,22.56847857683897,29.70913954824209,1,0,0.5714285714285714,True,True,1.65,20.0,True,20m
100.0,3_satellites,20.0,3,0.4285714285714285,55.64556086262019,90.4301960341998,48.74476845677072,36.75304566546853,11.959432303169544,-24.79361336229899,11.336691954838376,13.168841821274588,4.631915500121457,26.07274509966373,33.21283343806863,2,0,0.5714285714285714,True,True,1.6666666666666667,20.0,True,20m
101.0,3_satellites,20.0,3,0.4285714285714285,52.23363609589841,82.57377944736989,48.739860613738,44.25657019847811,19.46572752395969,-24.79084267451842,12.378133325172325,14.75674496324999,4.633330067353589,28.167904619127512,35.30742013826966,2,0,0.5714285714285714,True,True,1.6833333333333333,20.0,True,20m
102.0,3_satellites,20.0,3,0.4285714285714285,43.8102786762253,81.6352807358621,48.73502676924932,39.58640896945234,14.798267622759086,-24.78814134669326,5.045326540512698,7.558956719402756,3.862448267106499,10.98581863567233,18.124763790518045,0,0,0.5714285714285714,True,True,1.7,20.0,True,20m
103.0,3_satellites,20.0,3,0.4285714285714285,45.18542673956658,83.42150294092475,48.73014040576994,41.79727746613591,17.01188023829937,-24.78539722783654,4.454130703849452,6.367851699569395,3.703653872545277,9.23502928763628,15.42827370390296,0,0,0.5714285714285714,True,True,1.7166666666666666,20.0,True,20m
104.0,3_satellites,20.0,3,0.4285714285714285,49.37050240748275,89.37808098154923,48.725266485256775,37.41065988507582,12.627993680410588,-24.78266620466524,3.135534061917237,5.863618189202888,3.312838107879673,6.669822581112385,9.612334556877611,0,0,0.5714285714285714,True,True,1.7333333333333334,20.0,True,20m
105.0,3_satellites,20.0,3,0.4285714285714285,43.093826767417966,86.66343251757404,48.72036740964572,37.953698403911424,13.173786722088227,-24.7799116818232,2.0218113719352653,5.195469949926649,3.71867985650897,4.4685211926698685,8.708489742130041,0,0,0.5714285714285714,True,True,1.75,20.0,True,20m
106.0,3_satellites,20.0,3,0.4285714285714285,49.21399007622837,93.58947686893076,48.71546764545497,34.90981541170345,10.132653680442417,-24.77716173126103,2.2975219754236087,2.6917332985571454,1.4161124261362212,4.03866071626544,5.285181816667318,0,0,0.5714285714285714,True,True,1.7666666666666666,20.0,True,20m
107.0,3_satellites,20.0,3,0.4285714285714285,67.01047812593164,111.67472331306196,48.71057802215694,17.797692948230132,-6.976736065398281,-24.774429013628414,5.449144317635468,8.75904027425817,3.854115539895637,11.274073842912912,14.17361916601658,0,0,0.5714285714285714,True,True,1.7833333333333334,20.0,True,20m
108.0,3_satellites,20.0,3,0.4285714285714285,49.93288737635819,91.2507531109124,48.70558721358313,37.853750179532646,13.082166973255992,-24.77158320627665,3.105895813022341,6.6165895983576775,4.054512165486813,6.046841826289892,10.221239760518074,0,0,0.5714285714285714,True,True,1.8,20.0,True,20m
109.0,3_satellites,20.0,3,0.4285714285714285,45.82065658622709,88.74922082823379,48.70064574809696,34.87994211251902,10.111147658724535,-24.76879445379448,1.4499626840863908,5.354240509548357,4.447696108371019,2.997105430811644,9.042285207659006,0,0,0.5714285714285714,True,True,1.8166666666666667,20.0,True,20m
110.0,3_satellites,20.0,3,0.4285714285714285,43.84283467453317,78.9686393770973,48.69564597389615,48.50027918769436,23.73433062494532,-24.76594856274904,2.774994941694396,4.84660559094378,2.9239387985851084,5.386860191822052,8.321939662098885,0,0,0.5714285714285714,True,True,1.8333333333333333,20.0,True,20m
111.0,3_satellites,20.0,3,0.4285714285714285,48.77175128936604,89.39484045637465,48.69071668117763,36.38704982849811,11.623867853437927,-24.763181975060174,3.4914089840437685,4.89428682784949,3.400372840464115,6.713046297430992,11.80839928239584,0,0,0.5714285714285714,True,True,1.85,20.0,True,20m
112.0,3_satellites,20.0,3,0.4285714285714285,44.1013244757705,87.87542497465563,48.68576638601302,34.71946432529648,9.959076695246663,-24.760387630049813,2.3721930224980627,4.050053634281669,2.453477289527654,4.206913474947214,7.30747052654624,0,0,0.5714285714285714,True,True,1.8666666666666667,20.0,True,20m
113.0,3_satellites,20.0,3,0.4285714285714285,49.94306379873655,92.01350992098249,48.68078639008825,31.622001317015357,6.864429292360691,-24.757572024654664,4.540525952620166,4.992897838354111,3.538938929992063,8.603921383619308,10.21350298449397,0,0,0.5714285714285714,True,True,1.8833333333333333,20.0,True,20m
114.0,3_satellites,20.0,3,0.4285714285714285,47.2212199514525,89.55591220353573,48.67579526884985,32.351946235045475,7.597202275479557,-24.75474395956592,4.829195536673069,4.200037821062973,3.935377470084599,8.088820394128561,9.70057800039649,0,0,0.5714285714285714,True,True,1.9,20.0,True,20m
115.0,3_satellites,20.0,3,0.4285714285714285,40.21527064308821,80.45226425329639,48.67077302958198,39.49719496479034,14.7453095599447,-24.75188540484564,3.9236078837088177,2.602399747286524,3.2735888298068727,7.009339760988951,6.17540604993701,0,0,0.5714285714285714,True,True,1.9166666666666667,20.0,True,20m
116.0,3_satellites,20.0,3,0.4285714285714285,37.66430117324953,79.99326975579821,48.66577864806233,37.90001251533312,13.150955191333326,-24.749057323999796,4.027846070804766,1.644991250442607,2.8654777705669403,7.1665627881884575,3.6019481234252453,0,0,0.5714285714285714,True,True,1.9333333333333333,20.0,True,20m
117.0,3_satellites,20.0,3,0.4285714285714285,45.92155946795168,91.75472933257068,48.66079974346794,26.70449468338457,1.9582417943530597,-24.74625288903151,1.597631479480437,3.0953631784234727,1.5036334177213055,2.802945509552956,5.259164899587631,0,0,0.5714285714285714,True,True,1.95,20.0,True,20m
118.0,3_satellites,20.0,3,0.4285714285714285,32.436865011526386,71.2562697411788,48.6557092497275,49.51912913064067,24.77579940455838,-24.74332972608229,3.2805566042661667,3.403960845300129,2.5914652592369487,8.152986325323582,6.560890048742294,0,0,0.5714285714285714,True,True,1.9666666666666666,20.0,True,20m
119.0,3_satellites,20.0,3,0.4285714285714285,33.318505606677434,67.930020658437,48.65066126998193,53.67102664710711,28.93057159460308,-24.74045505250403,4.803468186940465,3.048200795693057,2.663013907415526,10.424889102578163,5.142221715301275,0,0,0.5714285714285714,True,True,1.9833333333333334,20.0,True,20m
120.0,3_satellites,20.0,3,0.4285714285714285,29.98665527984133,68.33136043953614,48.64563146954061,51.98340644834243,27.245805170849195,-24.737601277493237,4.8476004510053565,4.251299114099571,3.6363064598824297,12.23348381742835,7.416518222540617,0,0,0.5714285714285714,True,True,2.0,20.0,True,20m
121.0,3_satellites,20.0,3,0.4285714285714285,36.21874010049072,71.76332300863375,48.64057734223534,52.210923288505285,27.47619538851949,-24.7347278999858,4.306570962603603,2.798220379011972,3.122984720660108,10.00396641343832,4.633384514600039,0,0,0.5714285714285714,True,True,2.0166666666666666,20.0,True,20m
122.0,3_satellites,20.0,3,0.4285714285714285,37.74498450152138,78.80782922625676,48.63553956304231,43.32622991824719,18.594354921332982,-24.731874996914208,2.2569571754762103,5.362156815294709,3.9245214318590502,3.881837129592896,10.135151144117115,0,0,0.7142857142857143,True,True,2.033333333333333,20.0,True,20m
123.0,3_satellites,20.0,3,0.4285714285714285,41.40442862676161,83.01912273737663,48.63048298742408,41.61685492847332,16.887853019482083,-24.729001908991236,2.5712540623332774,3.9256873380924975,3.565629554646356,6.31811960414052,7.43119016289711,0,0,0.7142857142857143,True,True,2.05,20.0,True,20m
124.0,3_satellites,20.0,3,0.4285714285714285,40.30949122921932,85.41166025206381,48.62542941491411,37.42247858634117,12.696346747361511,-24.72613183897966,1.1849242922450816,5.189017029213054,4.541571401059628,2.2347343005239964,8.51420446485281,0,0,0.5714285714285714,True,True,2.066666666666667,20.0,True,20m
125.0,3_satellites,20.0,3,0.4285714285714285,39.33023687491039,82.8759749533404,48.62033202219545,42.99287080405741,18.269650028072384,-24.72322077598502,1.1913982267890657,4.060224360121148,3.5232856310904026,1.961645983159542,7.637809384614229,0,0,0.5714285714285714,True,True,2.0833333333333335,20.0,True,20m
126.0,3_satellites,20.0,3,0.375,121.8264710037147,91.7552933510161,34.4046609519541,148.7316397591193,134.6340816985517,-14.097558060567591,28.938968637026846,32.626836500130594,5.463824553415179,54.718352764844894,60.4595914632082,6,2,0.625,True,True,2.1,20.0,True,20m
127.0,3_satellites,20.0,3,0.4285714285714285,36.56810059030381,80.35073956582222,48.61012983082637,42.008291636421255,17.290894004842126,-24.71739763157913,1.3478882036038808,5.633149458893707,4.586823004697051,2.366907447576523,10.002609007060528,0,0,0.5714285714285714,True,True,2.1166666666666667,20.0,True,20m
128.0,3_satellites,20.0,3,0.4285714285714285,38.5924758108852,80.3471045572568,48.605008856971374,45.75434062529205,21.03986991202339,-24.71447071326866,2.126081399087395,5.98772585977401,4.330914295145443,3.4828571788966656,10.508993070572616,0,0,0.5714285714285714,True,True,2.1333333333333333,20.0,True,20m
129.0,3_satellites,20.0,3,0.4285714285714285,32.45992223822554,75.7849268112697,48.59989171430048,47.09440520820717,22.3828610815681,-24.71154412663907,1.0518351649599416,4.257581984890359,3.675646895808833,2.3935556821525097,7.441464357078075,0,0,0.5714285714285714,True,True,2.15,20.0,True,20m
130.0,3_satellites,20.0,3,0.4285714285714285,33.240110881863494,76.35531319846316,48.59476139119173,47.17359205334375,22.46498070574569,-24.708611347598055,1.4772120134106703,5.413629109838179,4.471553393772671,2.964733015745878,8.136375777423382,0,0,0.5714285714285714,True,True,2.1666666666666665,20.0,True,20m
131.0,3_satellites,20.0,3,0.4285714285714285,31.54790494698576,70.22850499762829,48.5895992906004,53.46946881338355,28.763822149380037,-24.70564666400352,1.79525433161429,2.8808506402586187,1.516672077455691,3.4361897446215157,5.0818369425833225,0,0,0.5714285714285714,True,True,2.183333333333333,20.0,True,20m
132.0,3_satellites,20.0,3,0.4285714285714285,42.8058870885597,86.08389033956576,48.58448638939223,42.69395662244827,17.99121390480564,-24.70274271764263,2.5449466684034894,4.598375406116247,3.244810884020158,4.785061851143837,10.555590387433767,0,0,0.7142857142857143,True,True,2.2,20.0,True,20m
133.0,3_satellites,20.0,3,0.375,175.6978853942495,144.28212246252997,34.41202808283009,190.1198949192592,176.01391525857616,-14.105979660683062,41.75804688502103,45.44203807832673,5.468434133101255,77.5081123560667,83.23839055001736,6,4,0.625,True,True,2.216666666666667,20.0,True,20m
134.0,3_satellites,20.0,3,0.375,50.07032169441241,39.06866189410514,31.027444909554657,94.22509261769412,82.82815059162607,-11.396942026068048,9.095238809939474,11.774927054066213,4.751566858030856,13.736570719629526,22.112160451710224,1,0,0.625,True,True,2.2333333333333334,20.0,True,20m
135.0,3_satellites,20.0,3,0.4285714285714285,38.43919343445096,79.31032097156263,48.5689651664663,49.92208711632575,25.22825067694324,-24.69383643938251,4.321297914321933,6.098129602415221,4.0996452043099065,7.801449194550514,14.707572851330042,0,0,0.5714285714285714,True,True,2.25,20.0,True,20m
136.0,3_satellites,20.0,3,0.4285714285714285,33.92800973752191,68.47614868020739,48.563750919352,59.68245041685184,34.99162358743645,-24.690826829415386,3.546435558370181,4.677760769746134,3.456154246947595,8.409230072051287,9.176206778734922,0,0,0.5714285714285714,True,True,2.2666666666666666,20.0,True,20m
137.0,3_satellites,20.0,3,0.375,126.7991408823344,96.70353343649307,34.416161842405586,158.66480059847635,144.5540027947872,-14.110797803689138,26.70121855195612,30.38013623002917,5.46821350324899,50.06506375595927,55.78907180204988,5,1,0.625,True,True,2.283333333333333,20.0,True,20m
138.0,3_satellites,20.0,3,0.4285714285714285,32.331734200163524,65.47602265411179,48.55335034864436,65.43659412792096,40.751743797990784,-24.68485032993017,5.367616293153593,6.041954809533698,3.003199998821531,12.48962888494134,10.880244858562946,0,0,0.5714285714285714,True,True,2.3,20.0,True,20m
139.0,3_satellites,20.0,3,0.4285714285714285,33.06450242665672,65.73549479540833,48.54813662319647,66.07724003399512,41.395386737954105,-24.68185329604102,4.451675061668668,6.344016450856413,4.223220086523464,9.572078946977854,12.591666053980587,0,0,0.5714285714285714,True,True,2.316666666666667,20.0,True,20m
140.0,3_satellites,20.0,3,0.4285714285714285,33.15529066845897,71.2811606485015,48.542947911735375,61.5234199954908,36.84453855901306,-24.678881436477734,5.169735941503729,4.217469480420862,3.9937199726700783,12.71815386787057,8.122755449265242,0,0,0.5714285714285714,True,True,2.3333333333333335,20.0,True,20m
141.0,3_satellites,20.0,3,0.4285714285714285,37.328762087428665,74.27411131785287,48.53771166650444,59.7449034693572,35.069034059810406,-24.67586940954679,4.334852909935372,6.035624094839607,4.035686669605119,9.01767685264349,12.994340036064386,0,0,0.5714285714285714,True,True,2.35,20.0,True,20m
142.0,3_satellites,20.0,3,0.4285714285714285,29.820468099597576,65.24058799339066,48.53246391296747,62.795638421966046,38.12280003512626,-24.672838386839786,4.224423603287765,5.754836469888687,3.867346452815192,9.526559755206108,11.083598930388687,0,0,0.5714285714285714,True,True,2.3666666666666667,20.0,True,20m
143.0,3_satellites,20.0,3,0.4285714285714285,30.471024098250435,61.9936459306434,48.52720821706033,71.56069094214321,46.89088623820658,-24.669804703936627,2.9719094692596366,3.562562166580132,2.929605952863182,6.763485677540302,8.40610983595252,0,0,0.5714285714285714,True,True,2.3833333333333333,20.0,True,20m
144.0,3_satellites,20.0,3,0.4285714285714285,31.5585990838462,68.78377222524269,48.52197434911808,65.0939507722973,40.42715099929666,-24.666799773000648,3.792393784970045,4.886813627289874,3.4353938879711285,8.672529347240925,10.077200308442116,0,0,0.5714285714285714,True,True,2.4,20.0,True,20m
145.0,3_satellites,20.0,3,0.4285714285714285,38.83149154378934,63.15163527911106,48.51667151156265,79.06396919699085,54.40024657084504,-24.66372262614581,5.233615952943053,3.6939105205237865,4.197534208319017,12.93980160728097,6.548653356730938,0,0,0.7142857142857143,True,True,2.4166666666666665,20.0,True,20m
146.0,3_satellites,20.0,3,0.4285714285714285,29.6736036896299,71.41741552641639,48.51146938747662,63.211016512256926,38.5502673747963,-24.660749137460627,3.9586435050836632,1.4625226887209075,2.9657645411789417,6.970251578837633,3.277124550193548,0,0,0.5714285714285714,True,True,2.433333333333333,20.0,True,20m
147.0,3_satellites,20.0,3,0.4285714285714285,27.109109626194392,61.87400361205473,48.50614906690722,72.93624199145712,48.27858145538045,-24.65766053607668,2.5442697485642776,2.834182127778019,2.237461437072073,5.637452736496925,6.306866817176342,0,0,0.7142857142857143,True,True,2.45,20.0,True,20m
148.0,3_satellites,20.0,3,0.4285714285714285,32.237677304558034,74.87335555447575,48.50090507112358,60.15214546896802,35.49749245254371,-24.654653016424312,1.9107766641037804,3.201844177075795,2.453615821897984,3.9622171372175217,6.820423126220703,0,0,0.5714285714285714,True,True,2.466666666666667,20.0,True,20m
149.0,3_satellites,20.0,3,0.375,130.9743581165106,100.6953729095372,34.427602199948595,171.93391745378776,157.80944291476226,-14.1244745390255,28.631849677767605,32.30706378770992,5.4790807431563735,54.14393131434917,59.84899861365557,5,2,0.625,True,True,2.4833333333333334,20.0,True,20m
150.0,3_satellites,20.0,3,0.4285714285714285,28.820543818916715,63.59355289644927,48.49026437117833,77.65783483471658,53.00935262063296,-24.64848221408362,5.633118235106979,2.249296446463892,3.856944532266685,10.715472344309092,3.6050085946917534,0,0,0.5714285714285714,True,True,2.5,20.0,True,20m
151.0,3_satellites,20.0,3,0.4285714285714285,37.961925108624506,81.2513292859652,48.48500219431898,56.738523698770415,32.093057976352306,-24.64546572241811,5.831476560660771,4.572345456374543,4.0981931936528,10.450619533658028,9.731248337775469,0,0,0.7142857142857143,True,True,2.5166666666666666,20.0,True,20m
152.0,3_satellites,20.0,3,0.4285714285714285,43.744946868565314,90.72638470449236,48.47972994920578,50.70569284453747,26.063260052326253,-24.642432792211213,11.252893281834464,8.90359804619636,4.706452360642808,20.343053001910448,15.424634993076324,0,0,0.5714285714285714,True,True,2.533333333333333,20.0,True,20m
153.0,3_satellites,20.0,3,0.4285714285714285,25.307258492291325,67.42768417695538,48.474315454794144,69.78000987737045,45.14074951605075,-24.6392603613197,6.009063800530774,3.8063200302422047,4.5619293211826255,10.871121179312468,7.829243861138821,0,0,0.7142857142857143,True,True,2.55,20.0,True,20m
154.0,3_satellites,20.0,3,0.4285714285714285,38.7003962998977,82.68894625161555,48.46900625732157,61.4434504331775,36.80724714272899,-24.636203290448517,7.446661330759525,5.4607172432754725,4.585701022297144,13.150486532598734,10.608393050730228,0,0,0.5714285714285714,True,True,2.566666666666667,20.0,True,20m
155.0,3_satellites,20.0,3,0.4285714285714285,34.96215755595818,80.01178408004442,48.46364504617936,58.44798939672828,33.81489721525203,-24.633092181476243,4.8311844537300725,4.462840366044214,2.791818718825068,8.374080576002598,11.07517196983099,0,0,0.5714285714285714,True,True,2.5833333333333335,20.0,True,20m
156.0,3_satellites,20.0,3,0.4285714285714285,43.77132500223781,86.74913909813334,48.45827035353291,53.17654089800528,28.546563996265284,-24.629976901739997,2.925798775894301,6.804648407335792,4.404060364301715,6.892055973410606,12.348005268722773,0,0,0.5714285714285714,True,True,2.6,20.0,True,20m
157.0,3_satellites,20.0,3,0.4285714285714285,41.98376542681972,84.27448375480591,48.45289746463556,58.96728677527636,34.340431971954885,-24.62685480332147,2.5726466679147317,5.4029975320611685,3.3551867391381944,5.959254797548056,8.224784635007381,0,0,0.5714285714285714,True,True,2.6166666666666667,20.0,True,20m
158.0,3_satellites,20.0,3,0.4285714285714285,45.49051588541576,91.53489774629055,48.44755005816437,52.16680604120245,27.54304223279172,-24.62376380841073,3.5267825233084813,7.717506246375186,4.715186195181949,6.945781264454126,13.558088649064302,0,0,0.5714285714285714,True,True,2.6333333333333333,20.0,True,20m
159.0,3_satellites,20.0,3,0.4285714285714285,35.33718689941737,78.39517227639831,48.44212242777525,67.58000344622258,42.95941382781584,-24.62058961840674,3.25034665156688,7.151115173207862,4.424857169389725,6.701750677078962,12.07445127144456,0,0,0.5714285714285714,True,True,2.65,20.0,True,20m
160.0,3_satellites,20.0,3,0.4285714285714285,36.76150630450292,81.20546921576202,48.43673837403214,65.05945047945004,40.441986013771874,-24.61746446567816,3.3738960730178014,6.6345905768019815,3.784410664013454,7.40101708099246,11.106665458530188,0,0,0.5714285714285714,True,True,2.6666666666666665,20.0,True,20m
161.0,3_satellites,20.0,3,0.4285714285714285,40.15218152293316,83.2973158087891,48.43132517331222,63.132503945384855,38.51818802235749,-24.61431592302736,4.322620940527746,8.37256580378328,4.573288658367736,9.944369278848171,16.568826220929623,0,0,0.5714285714285714,True,True,2.683333333333333,20.0,True,20m
162.0,3_satellites,20.0,3,0.4285714285714285,32.71848617606043,70.54984558715259,48.425867572611295,76.80786288784522,52.19674437732939,-24.61111851051583,2.094536050621952,6.292585292564971,4.721021586230823,3.552369851619005,10.040324669331312,0,0,0.5714285714285714,True,True,2.7,20.0,True,20m
163.0,3_satellites,20.0,3,0.4285714285714285,33.55478409151016,62.44692758845778,48.42040316354264,91.73766714644854,67.12974798168591,-24.607919164762635,3.72942729773266,7.092106890997717,4.139489305870874,8.530181258916855,15.632614590227604,0,0,0.5714285714285714,True,True,2.716666666666667,20.0,True,20m
164.0,3_satellites,20.0,3,0.4285714285714285,34.17012758236479,62.75296515742962,48.41499074622536,99.51397856051912,74.90921102735854,-24.604767533160583,7.044458077954395,4.648679012166602,3.3734839611819813,12.76869035512209,10.634224895387888,0,0,0.5714285714285714,True,True,2.7333333333333334,20.0,True,20m
165.0,3_satellites,20.0,3,0.4285714285714285,33.32800277763107,68.95231854616766,48.40955729324517,87.92509172731272,63.32348044732048,-24.60161127999224,3.2990287079342773,6.878200000950268,4.101032185235193,7.592705134302378,12.1786202006042,0,0,0.5714285714285714,True,True,2.75,20.0,True,20m
166.0,3_satellites,20.0,3,0.4285714285714285,37.55759906301675,70.5666283754299,48.40409695445869,88.16188049022084,63.56345607211121,-24.59842441810963,4.913725512900522,7.297878448452268,3.2616263207580363,10.897628385573626,16.372695315629244,0,0,0.5714285714285714,True,True,2.7666666666666666,20.0,True,20m
167.0,3_satellites,20.0,3,0.4285714285714285,35.1123372890962,73.89223818032958,48.39865935831988,83.51737861156485,58.92211717985819,-24.59526143170666,3.2082400800926343,6.616114831928696,3.928997881178345,7.350637428462505,13.788591537624598,0,0,0.5714285714285714,True,True,2.783333333333333,20.0,True,20m
168.0,3_satellites,20.0,3,0.4285714285714285,36.25066849128031,64.31658159713815,48.393143120059314,97.96611535917984,73.37409563614116,-24.592019723038675,3.9978024304977486,7.243710070316281,3.824020508144583,8.540674690157175,15.639982465654612,0,0,0.7142857142857143,True,True,2.8,20.0,True,20m
169.0,3_satellites,20.0,3,0.4285714285714285,30.68460602986074,63.68057847904456,48.387683233957446,98.6235712357048,74.03473540137975,-24.58883583432504,2.7125406973063946,7.443801447216954,4.731260749910559,4.468694508075714,11.94628294557333,0,0,0.5714285714285714,True,True,2.816666666666667,20.0,True,20m
170.0,3_satellites,20.0,3,0.4285714285714285,32.780530570059696,66.95899703884145,48.38220824920835,98.21328345155425,73.62764301311113,-24.585640438443107,1.1056731369878563,3.756135747368847,2.6504626103809903,1.9594843350350857,6.1514080464839935,0,0,0.5714285714285714,True,True,2.8333333333333335,20.0,True,20m
171.0,3_satellites,20.0,3,0.4285714285714285,32.67787347657454,72.01746378253794,48.376726253089565,88.33416086424789,63.75171611402319,-24.582444750224703,3.473120069397347,7.30130372568965,4.651774642722947,6.2999460101127625,13.969512023031712,0,0,0.5714285714285714,True,True,2.85,20.0,True,20m
172.0,3_satellites,20.0,3,0.4285714285714285,36.91472919060006,71.79744094034548,48.37120225068522,92.29795979811855,67.71875286116767,-24.579206936950897,3.682627880147525,6.454490292817354,4.30164401818599,6.321107722818852,13.41790498420596,0,0,0.7142857142857143,True,True,2.8666666666666667,20.0,True,20m
173.0,3_satellites,20.0,3,0.4285714285714285,33.07795073684809,66.52729172318205,48.36568123719697,93.75449001987543,69.17852057577984,-24.575969444095605,2.4794645101896355,7.1573348460452895,4.677870335855654,4.439738225191832,12.19715066626668,0,0,0.5714285714285714,True,True,2.8833333333333333,20.0,True,20m
174.0,3_satellites,20.0,3,0.4285714285714285,34.532231474135465,71.09830339009837,48.36017307189992,89.81151900061936,65.23876800193396,-24.572750998685397,4.517644627285855,7.013210522809199,3.642408420997007,9.761914022266865,16.371118564158678,0,0,0.5714285714285714,True,True,2.9,20.0,True,20m
175.0,3_satellites,20.0,3,0.4285714285714285,39.58341104408815,78.41096217896224,48.3546603700877,84.1393916673676,59.56986068178158,-24.569530985586027,5.028973119067294,8.533335383449282,4.284727446202721,11.829131618142128,18.924029991030693,0,0,0.5714285714285714,True,True,2.9166666666666665,20.0,True,20m
176.0,3_satellites,20.0,3,0.4285714285714285,38.94266059251634,74.14644668655977,48.34909885192638,85.97812407295234,61.41186237247366,-24.566261700478684,6.133479417434761,8.979363571852446,3.8596026647303785,14.01710581034422,21.11136989668012,1,0,0.5714285714285714,True,True,2.933333333333333,20.0,True,20m
177.0,3_satellites,20.0,3,0.4285714285714285,41.84390339092325,70.93149433855932,48.34352485265623,98.15151387355048,73.58853202661165,-24.562981846938825,5.801132920065096,7.009382930185113,4.133734987782581,11.147519640624523,17.677382573485374,0,0,0.5714285714285714,True,True,2.95,20.0,True,20m
178.0,3_satellites,20.0,3,0.4285714285714285,40.63790701300929,74.9881346867253,48.33799482312137,95.11213115151824,70.55238339315848,-24.559747758359748,3.9941770136356354,6.196751240108695,2.7196783253124783,8.689589515328407,12.69179978966713,0,0,0.5714285714285714,True,True,2.966666666666667,20.0,True,20m
179.0,3_satellites,20.0,3,0.4285714285714285,38.97258208499149,60.93788333434873,48.33236656187289,112.9356267831064,88.37920962317958,-24.55641715992684,5.691068936671529,7.368496011410441,4.089531365249838,10.953676395118237,18.04603701084852,0,0,0.5714285714285714,True,True,2.9833333333333334,20.0,True,20m
180.0,3_satellites,20.0,3,0.4285714285714285,29.87994958393943,64.82345177959795,48.326834362473015,105.41208805261272,80.85890305379246,-24.553184998820257,5.105389290622303,5.735383632991995,3.5773285691227232,9.433501828461884,13.80500266328454,0,0,0.5714285714285714,True,True,3.0,20.0,True,20m
181.0,3_satellites,20.0,3,0.4285714285714285,40.07280105628777,84.58484767700999,48.32131261534194,89.22993867826457,64.67996642551323,-24.549972252751346,2.084260987916163,5.30358498437064,3.73534378569041,4.607244171202183,9.411792017519474,0,0,0.5714285714285714,True,True,3.0166666666666666,20.0,True,20m
182.0,3_satellites,20.0,3,0.4285714285714285,37.64932299239533,79.83511071563552,48.31568722715236,93.59711371092466,69.05045881599001,-24.546654894934647,5.12837335893086,7.647865382688386,4.178451391203063,11.452952917665243,18.543409820646048,0,0,0.7142857142857143,True,True,3.033333333333333,20.0,True,20m
183.0,3_satellites,20.0,3,0.4285714285714285,34.21107186314388,76.52288733891255,48.31008409567799,95.000337129327,70.45698114926476,-24.543355980062245,3.205178497093065,7.020678595772812,4.330799859549318,7.697229444980621,13.629728712141514,0,0,0.5714285714285714,True,True,3.05,20.0,True,20m
184.0,3_satellites,20.0,3,0.4285714285714285,34.4321313216274,75.7459856389216,48.30446906204368,101.31832182978974,76.77827228617261,-24.54004954361713,3.9010053149291446,4.29756119155458,3.394703354686498,6.652018308639526,10.048639703541994,0,0,0.5714285714285714,True,True,3.066666666666667,20.0,True,20m
185.0,3_satellites,20.0,3,0.4285714285714285,36.29380696988871,79.45811085265953,48.29886598700623,101.41282024105423,76.87606297737213,-24.536757263682105,4.168220000607627,4.003140950309379,2.568358081259898,7.624764379113913,7.197472453117371,0,0,0.5714285714285714,True,True,3.0833333333333335,20.0,True,20m
186.0,3_satellites,20.0,3,0.4285714285714285,35.11089182110105,78.74701227730492,48.293234744552414,100.9898201681168,76.45638058850432,-24.53343957961248,3.663636546581984,2.279265456965992,2.576155466160604,6.545271914452314,4.742578085511923,0,0,0.5714285714285714,True,True,3.1,20.0,True,20m
187.0,3_satellites,20.0,3,0.4285714285714285,31.61456896294957,74.05512737902048,48.2875766840903,102.47157873657466,77.94148120475302,-24.53009753182164,2.957924225500652,3.8090182287352423,3.2795632651874,7.2839217483997345,8.002810761332512,0,0,0.5714285714285714,True,True,3.1166666666666667,20.0,True,20m
188.0,3_satellites,20.0,3,0.4285714285714285,32.663652941615936,74.4041162267502,48.28192832788073,107.093333639254,82.56656682147566,-24.526766817778352,2.7451371736824512,2.679637667856046,1.2931159159966878,5.098318949341774,4.326093900948763,0,0,0.5714285714285714,True,True,3.1333333333333333,20.0,True,20m
189.0,3_satellites,20.0,3,0.4285714285714285,46.71262297135642,91.0800190879788,48.2763059407039,94.36274220729602,69.83926996330514,-24.52347224399088,0.6538762844034604,4.386692323854992,4.060253457299301,1.4755138866603374,7.749201405793428,0,0,0.5714285714285714,True,True,3.15,20.0,True,20m
190.0,3_satellites,20.0,3,0.4285714285714285,46.73767435204074,92.06478916487067,48.27064908594857,93.8516300859404,69.33149385261895,-24.52013623332145,2.643447089940309,4.335378925182989,2.233815916946956,5.137722805142403,7.658109296113253,0,0,0.5714285714285714,True,True,3.1666666666666665,20.0,True,20m
191.0,3_satellites,20.0,3,0.4285714285714285,47.04316123299905,91.9000894049365,48.26497290019211,97.83874416303225,73.32196066053977,-24.516783502492476,4.527886390686035,1.5303392420922006,3.959626239325319,8.72993228211999,3.231346409767866,0,0,0.5714285714285714,True,True,3.183333333333333,20.0,True,20m
192.0,3_satellites,20.0,3,0.4285714285714285,38.72768987521626,80.3773970375979,48.25925092352381,107.7874741803975,83.27408924554771,-24.513384934849785,6.1993409384574205,2.3965823421520844,4.313617144844362,11.498010881245136,4.841678697615862,0,0,0.7142857142857143,True,True,3.2,20.0,True,20m
193.0,3_satellites,20.0,3,0.4285714285714285,36.31805004391234,73.84709550652805,48.25352479916611,112.59127102037732,88.08128289479738,-24.509988125579937,2.581836965467249,3.5224119781383445,2.011636100177254,4.5927169397473335,6.143841944634914,0,0,0.5714285714285714,True,True,3.216666666666667,20.0,True,20m
194.0,3_satellites,20.0,3,0.4285714285714285,32.0907047723305,70.49659127185875,48.247828369763646,115.46331715389154,90.95669901197338,-24.506618141918157,5.305966443781342,2.96560038626194,4.514592453305211,10.033404476940632,6.288532204926014,0,0,0.5714285714285714,True,True,3.2333333333333334,20.0,True,20m
195.0,3_satellites,20.0,3,0.4285714285714285,37.05138653373678,78.73644593050803,48.24213646531314,108.5043606004554,84.00109804734724,-24.503262553108144,5.34172085193651,1.837939647159406,4.4940556191972325,10.27816241234541,4.612984210252762,0,0,0.5714285714285714,True,True,3.25,20.0,True,20m
196.0,3_satellites,20.0,3,0.4285714285714285,39.522548866188615,80.77187102061536,48.23641961662984,105.75018457273023,81.25030386148616,-24.49988071124409,8.033926362437862,5.343754655548504,3.891524817262377,14.412063278257849,11.93142094090581,0,0,0.5714285714285714,True,True,3.2666666666666666,20.0,True,20m
197.0,3_satellites,20.0,3,0.4285714285714285,35.55631759746372,75.04856030822252,48.23066010063934,110.0804171648558,85.58395653876906,-24.496460626086744,3.545729963374989,4.605184693953821,2.9060604657445634,6.710989460349083,7.972686596214771,0,0,0.5714285714285714,True,True,3.283333333333333,20.0,True,20m
198.0,3_satellites,20.0,3,0.4285714285714285,48.26814764665338,92.6136505035768,48.22497485719248,94.68274039196716,70.18962158642304,-24.49311880554413,4.759560264114823,6.431226431791272,3.915052717285497,11.481289815157652,9.696382973343134,0,0,0.5714285714285714,True,True,3.3,20.0,True,20m
199.0,3_satellites,20.0,3,0.4285714285714285,37.28515379553808,75.40606850742077,48.21916354189032,111.53938729320042,87.04974112363603,-24.489646169564395,4.138735888791936,4.5772131612258296,3.2602433040738106,7.295027755200863,9.099485352635384,0,0,0.5714285714285714,True,True,3.316666666666667,20.0,True,20m
200.0,3_satellites,20.0,3,0.4285714285714285,37.76205699054427,77.92127335737054,48.213417351835616,112.35031709469048,87.86407341182472,-24.48624368286576,2.822669913194009,5.58130228306566,3.320620322333915,5.992159694433212,8.771247416734695,0,0,0.5714285714285714,True,True,3.3333333333333335,20.0,True,20m
201.0,3_satellites,20.0,3,0.4285714285714285,49.17220110436941,92.5105646161627,48.20769041075118,98.1825148438575,73.69964805730874,-24.48286678654877,3.2330993562936783,5.551950087504728,3.317862815090588,7.613526772707701,7.767832912504673,0,0,0.5714285714285714,True,True,3.35,20.0,True,20m
202.0,3_satellites,20.0,3,0.4285714285714285,38.568086576718365,80.72572979848127,48.2018839028649,105.18406652867212,80.7046614037173,-24.479405124954823,1.212477414735726,4.882765891296523,4.178863645664284,3.017857253551483,7.106048732995987,0,0,0.5714285714285714,True,True,3.3666666666666667,20.0,True,20m
203.0,3_satellites,20.0,3,0.4285714285714285,47.56533757037072,90.0803785724653,48.196116049895934,98.91034032590206,74.43434959059546,-24.4759907353066,0.9731774548334736,4.091364750372512,3.636445504214082,2.0283668637275696,7.447394624352455,0,0,0.5714285714285714,True,True,3.3833333333333333,20.0,True,20m
204.0,3_satellites,20.0,3,0.4285714285714285,56.299277722163225,101.77400680945242,48.19035921402409,90.3605320223132,65.88794242550632,-24.472589596806884,3.150999655680997,7.426097964069673,4.782978758748088,4.356323152780533,11.155709698796272,0,0,0.5714285714285714,True,True,3.4,20.0,True,20m
205.0,3_satellites,20.0,3,0.4285714285714285,69.87114695518184,117.1194590908749,48.18460362325333,76.19148780984956,51.72229559436334,-24.469192215486224,4.4241247943469455,8.701059998678309,4.784469078161886,9.722953274846075,16.52642510458827,0,0,0.5714285714285714,True,True,3.4166666666666665,20.0,True,20m
206.0,3_satellites,20.0,3,0.4285714285714285,66.61750879764607,113.77875054077016,48.17878494379325,80.00968408654988,55.543956041771,-24.465728044778885,4.105596486479044,8.384368743747473,4.785959504544735,9.341727048158646,16.149284575134516,0,0,0.5714285714285714,True,True,3.433333333333333,20.0,True,20m
207.0,3_satellites,20.0,3,0.4285714285714285,59.331098064031366,105.8165945861588,48.17293446653305,85.52045383107586,61.0582184209041,-24.46223541017176,6.042634747390236,10.32324357171144,4.7874506413936615,7.990470960736275,14.802114564925432,0,0,0.5714285714285714,True,True,3.45,20.0,True,20m
208.0,3_satellites,20.0,3,0.4285714285714285,61.94166078052076,108.17048222953709,48.16710170149829,86.10638511286217,61.64761924344906,-24.458765869413117,5.753472050385816,10.035918599260706,4.7889433700059145,8.52070165425539,15.594305008649826,0,0,0.5714285714285714,True,True,3.466666666666667,20.0,True,20m
209.0,3_satellites,20.0,3,0.4285714285714285,62.517135735086846,106.84536531282995,48.16125705656669,92.58950473812604,68.13422378293447,-24.455280955191583,4.8653135278395245,7.882579713527646,3.8130087964236736,10.224043734371662,11.387403272092342,0,0,0.5714285714285714,True,True,3.4833333333333334,20.0,True,20m
210.0,3_satellites,20.0,3,0.4285714285714285,63.79834106230194,108.41070736323177,48.15540741944925,90.44860545658432,65.99680712321005,-24.45179833337427,5.013395337654012,8.945649119360107,4.438062089362314,11.352292463183405,15.73953940346837,0,0,0.5714285714285714,True,True,3.5,20.0,True,20m
211.0,3_satellites,20.0,3,0.4285714285714285,69.39888486903412,115.05181145786165,48.14956413656165,78.77828732792977,54.329961561474256,-24.44832576645552,6.448752659772124,9.835458373384816,4.052259900740215,15.133464090526104,21.571235224604607,1,0,0.5714285714285714,True,True,3.5166666666666666,20.0,True,20m
212.0,3_satellites,20.0,3,0.4285714285714285,60.03725082748989,102.0200588786224,48.14364254913541,95.98951866383544,71.54474707520868,-24.44477158862678,8.526608861982822,10.769370025822097,4.362095955227103,19.34026033803821,26.4112160243094,2,0,0.5714285714285714,True,True,3.533333333333333,20.0,True,20m
213.0,3_satellites,20.0,3,0.4285714285714285,48.17972937265656,91.20394077338898,48.13777023737503,106.18627907958432,81.74501874159982,-24.441260337984488,6.109367920884064,5.481107097651277,4.334973426801818,11.501894809305668,13.33956713974476,0,0,0.5714285714285714,True,True,3.55,20.0,True,20m
214.0,3_satellites,20.0,3,0.4285714285714285,47.93453996574164,87.12146162362764,48.13184093790083,113.2704330129933,88.83272298194589,-24.4377100310474,7.739934318299804,7.533959639923913,4.564979404743228,14.585353054106236,17.06058295816183,0,0,0.5714285714285714,True,True,3.566666666666667,20.0,True,20m
215.0,3_satellites,20.0,3,0.4285714285714285,53.75495597633171,91.17563442980315,48.125938630354895,109.9138772463996,85.47969025469243,-24.434186991707165,8.481062650680542,11.183002035000497,3.906727803072759,20.163245383650064,27.23221142962575,1,0,0.5714285714285714,True,True,3.5833333333333335,20.0,True,20m
216.0,3_satellites,20.0,3,0.4285714285714285,58.29184626383025,95.5747193239898,48.12005395536111,111.30581366656288,86.8751363100242,-24.430677356538663,9.242262613560472,8.968091146754366,4.634131209658725,19.03308231011033,20.877929471433163,2,0,0.5714285714285714,True,True,3.6,20.0,True,20m
217.0,3_satellites,20.0,3,0.4285714285714285,53.39277710335667,92.431553297313,48.11414642125118,111.25951855163126,86.83237073814492,-24.427147813486343,6.702323197786297,8.648444938872542,2.599245487047093,15.20039001107216,18.353015895932916,0,0,0.5714285714285714,True,True,3.6166666666666667,20.0,True,20m
218.0,3_satellites,20.0,3,0.4285714285714285,48.08093572764575,86.34831371170056,48.108208353607225,118.82402448839947,94.40043387502811,-24.423590613371346,5.138336963951588,6.905738439410925,2.824532428490264,11.120513912290336,14.966392993927002,0,0,0.5714285714285714,True,True,3.6333333333333333,20.0,True,20m
219.0,3_satellites,20.0,3,0.4285714285714285,37.14596842822292,74.73988869624233,48.10226704985663,129.08830867361831,104.66828240802629,-24.420026265592043,5.354876592223134,6.09061890787312,3.490835840148585,11.51923554763198,11.611947186291218,0,0,0.5714285714285714,True,True,3.65,20.0,True,20m
220.0,3_satellites,20.0,3,0.4285714285714285,48.32047115110089,86.53272051962036,48.09633570991754,121.35207691821732,96.93558795986308,-24.41648895835424,5.793282639767442,9.128195068665914,3.8373132443853786,13.53476456552744,16.587363056838512,0,0,0.5714285714285714,True,True,3.6666666666666665,20.0,True,20m
221.0,3_satellites,20.0,3,0.4285714285714285,57.71953804254661,101.30887065116404,48.09044814643456,105.16274213857186,80.74975122149006,-24.4129909170818,5.2285776228777,9.347832094345774,4.621318420661347,8.745513122528791,12.44694596901536,0,0,0.5714285714285714,True,True,3.683333333333333,20.0,True,20m
222.0,3_satellites,20.0,3,0.4285714285714285,67.06768010700691,113.49629457963492,48.08453719952368,94.95845602243158,70.54898345299543,-24.409472569436147,5.370192929037979,9.43922279455832,4.570756995252201,12.07290193811059,18.94592811539769,0,0,0.5714285714285714,True,True,3.7,20.0,True,20m
223.0,3_satellites,20.0,3,0.4285714285714285,63.01733158731264,109.12812788845366,48.078541118409646,97.58039662949778,73.17452350177699,-24.405873127720795,10.16407882954393,14.47409148301397,4.811404146254063,16.482652358710766,23.35977828502655,1,0,0.5714285714285714,True,True,3.716666666666667,20.0,True,20m
224.0,3_satellites,20.0,3,0.4285714285714285,40.2497428533211,83.25915021481077,48.07249657436426,119.58993832993214,95.18772359405556,-24.402214735876584,7.546256760933569,11.858107853680847,4.812906050256321,12.520303200930355,19.401527017354965,0,0,0.5714285714285714,True,True,3.7333333333333334,20.0,True,20m
225.0,3_satellites,20.0,3,0.4285714285714285,42.22912215616007,87.27690096261868,48.066530680847,119.3651869373104,94.96654135135992,-24.398645585950504,4.978765704802105,9.292455366147417,4.814409601369074,10.66250229999423,17.547824069857597,0,0,0.5714285714285714,True,True,3.75,20.0,True,20m
226.0,3_satellites,20.0,3,0.4285714285714285,37.566175854065456,78.54855264113351,48.06051784934274,132.6069769747164,108.2119511527038,-24.395025822012585,5.869164254516363,7.059030824473926,4.241827602365187,10.687372460961342,16.744124811142683,0,0,0.5714285714285714,True,True,3.7666666666666666,20.0,True,20m
227.0,3_satellites,20.0,3,0.4285714285714285,36.013080673693565,76.8826883188022,48.05448896841913,132.06454952269584,107.67314562923188,-24.391403893463973,3.970243198531015,8.253002409956284,4.817419556102583,7.140109125524759,15.045633550733328,0,0,0.5714285714285714,True,True,3.783333333333333,20.0,True,20m
228.0,3_satellites,20.0,3,0.4285714285714285,31.095562131000975,74.79729530711094,48.04849479736217,134.0281086699938,109.64030144459556,-24.387807225398248,2.999933828732797,4.854560461959669,3.612931412245546,4.795801058411598,11.624057807028294,0,0,0.7142857142857143,True,True,3.8,20.0,True,20m
229.0,3_satellites,20.0,3,0.4285714285714285,46.59278280645065,93.58774990029129,48.0425331725519,117.83328685953498,93.44903209288655,-24.384254766648425,5.726027438683169,7.244715679969106,4.57114556644644,11.048185251653194,17.949906818568707,0,0,0.5714285714285714,True,True,3.816666666666667,20.0,True,20m
230.0,3_satellites,20.0,3,0.4285714285714285,32.49869526973398,71.21432658625041,48.03641816806549,145.71077415407984,121.3302301014612,-24.38054405261865,2.745066941848823,3.664759685418435,2.649953425462757,5.618133947253227,6.56218409538269,0,0,0.5714285714285714,True,True,3.8333333333333335,20.0,True,20m
231.0,3_satellites,20.0,3,0.4285714285714285,36.695204360016525,82.02475081382747,48.03041756521339,130.34790335610523,105.97094713839029,-24.376956217714948,1.861654716942992,5.3981918618083,4.03525952569076,3.941292680799961,9.432477734982967,0,0,0.5714285714285714,True,True,3.85,20.0,True,20m
232.0,3_satellites,20.0,3,0.4285714285714285,42.02996719743988,59.95029608593606,48.02424228435874,160.23930650296688,135.8661147599024,-24.373191743064496,5.640736049839428,7.521942217435155,4.709353393742016,10.888970986008644,13.044287864118814,0,0,0.5714285714285714,True,True,3.8666666666666667,20.0,True,20m
233.0,3_satellites,20.0,3,0.4285714285714285,40.21926495357278,65.65565052761855,48.01821374317433,158.83811566031375,134.46853797869457,-24.369577681619177,3.839007698531662,4.925468281975815,4.148575613009078,8.159707855433226,8.889745015650988,0,0,0.5714285714285714,True,True,3.8833333333333333,20.0,True,20m
234.0,3_satellites,20.0,3,0.4285714285714285,39.40911649313133,65.37295298180086,48.01214480230116,160.44270799606014,136.07678255025203,-24.365925445808102,4.581670885639531,5.040812957499709,3.5240261246051108,10.49298821017146,8.958811186254025,0,0,0.5714285714285714,True,True,3.9,20.0,True,20m
235.0,3_satellites,20.0,3,0.4285714285714285,40.76460743296465,86.61152744772161,48.00617770548905,133.06163154725368,108.69925343565804,-24.362378111595632,2.257631362016712,3.853524183056184,3.142385364643165,5.288771472871304,8.09524317830801,0,0,0.5714285714285714,True,True,3.9166666666666665,20.0,True,20m
236.0,3_satellites,20.0,3,0.4285714285714285,36.588173412022265,79.43901306927275,48.00006440813316,142.1423566359707,117.7836728553362,-24.358683780634507,4.639182827302387,2.159255282155105,2.9770020118781497,8.35133645683527,3.9955027997493744,0,0,0.5714285714285714,True,True,3.933333333333333,20.0,True,20m
237.0,3_satellites,20.0,3,0.4285714285714285,44.9861892224604,91.16050386600304,47.99400897151418,129.16525297099787,104.81019946065672,-24.35505351034115,3.8100949557764183,5.630811575267996,2.5792059930307523,7.933707747608423,10.010844193398952,0,0,0.5714285714285714,True,True,3.95,20.0,True,20m
238.0,3_satellites,20.0,3,0.4285714285714285,34.49697142317476,76.28929269931982,47.9878552428158,147.6776409092805,123.3263199216624,-24.35132098761811,4.229233109525272,2.325002510632788,3.715193900678839,7.673086483031511,4.95105217397213,0,0,0.5714285714285714,True,True,3.966666666666667,20.0,True,20m
239.0,3_satellites,20.0,3,0.4285714285714285,34.511259942750684,62.08079473768602,47.981674650732565,166.75322704637918,142.4056610040628,-24.347566042316373,4.829321177410228,1.898700222905193,3.426713597561632,8.289656527340412,3.860747743397951,0,0,0.5714285714285714,True,True,3.9833333333333334,20.0,True,20m
240.0,3_satellites,20.0,3,0.4285714285714285,43.16229602751916,60.29977465303335,47.975510471514255,176.93172947894118,152.5878958205293,-24.34383365841188,4.82651375713093,5.05059811260019,2.9821846213723933,12.09957616776228,7.89040257781744,0,0,0.5714285714285714,True,True,4.0,20.0,True,20m
241.0,3_satellites,20.0,3,0.4285714285714285,35.84337443445821,54.05680504035273,47.9693945716128,177.38410615985754,153.04396334534562,-24.34014281451192,5.191691137850285,1.6950469048959869,3.9920854717493057,8.285804558545351,3.8357089795172215,0,0,0.5714285714285714,True,True,4.016666666666667,20.0,True,20m
242.0,3_satellites,20.0,3,0.4285714285714285,38.03420844605236,59.293310727382256,47.96326167421967,174.96303544792443,150.62658962924473,-24.33644581867969,4.324927353433201,0.9020859439458164,3.811039389244148,7.433978721499443,1.54580033197999,0,0,0.5714285714285714,True,True,4.033333333333333,20.0,True,20m
243.0,3_satellites,20.0,3,0.4285714285714285,33.59534225715859,62.88380257633392,47.95713369344802,170.2851240372386,145.9523689686204,-24.33275506861821,3.500321941184146,1.6021686659327574,2.250517397054604,6.171086747199297,3.081683848053217,0,0,0.5714285714285714,True,True,4.05,20.0,True,20m
244.0,3_satellites,20.0,3,0.4285714285714285,33.71037046945644,64.61500319183426,47.95096715981277,167.51818836705172,143.1891576651917,-24.329030701860034,2.745752729475498,5.016176596816097,3.374867338687181,5.117965579032898,11.353852443397043,0,0,0.7142857142857143,True,True,4.066666666666666,20.0,True,20m
245.0,3_satellites,20.0,3,0.4285714285714285,35.9667622468193,72.72718382068662,47.9448352414668,161.03163631610127,136.70629769489116,-24.325338621210108,1.8518188861863956,3.8303084538451264,2.472636440502746,3.245488341897726,7.151041179895401,0,0,0.5714285714285714,True,True,4.083333333333333,20.0,True,20m
246.0,3_satellites,20.0,3,0.4285714285714285,34.147786636016434,67.39044831517324,47.93863767705368,169.24833311397586,144.9267512817193,-24.321581832256555,2.789739677416427,2.368641630347286,1.47365859576634,5.367995776236057,3.670117501169443,0,0,0.5714285714285714,True,True,4.1,20.0,True,20m
247.0,3_satellites,20.0,3,0.4285714285714285,33.07020409591182,59.821480003199255,47.93242479344055,174.1944560162952,149.87664493788637,-24.317811078408823,3.1836917442934856,2.3667746292693272,1.755662962794304,5.83411168679595,4.272365178912878,0,0,0.7142857142857143,True,True,4.116666666666666,20.0,True,20m
248.0,3_satellites,20.0,3,0.4285714285714285,36.49096281605458,77.37894739198286,47.92629253822848,154.92688107422845,130.61275084816953,-24.31413022605892,2.9072363706571718,5.536999474146536,3.2024712152779102,5.103874396532774,11.840973921120169,0,0,0.5714285714285714,True,True,4.133333333333334,20.0,True,20m
249.0,3_satellites,20.0,3,0.4285714285714285,35.00326253552734,67.89669398377721,47.92004538678801,165.83758120448047,141.52725128061743,-24.31032992386304,3.223471629832472,4.897532295967851,2.7780589120728627,6.031844407320023,8.620573326945305,0,0,0.5714285714285714,True,True,4.15,20.0,True,20m
250.0,3_satellites,20.0,3,0.4285714285714285,33.831092122880285,69.31301671244036,47.91383908555247,162.3642316548235,138.057656663709,-24.306574991114505,4.222473457987819,3.912103709365641,3.656303221093757,6.510583270341158,8.875472761690617,0,0,0.5714285714285714,True,True,4.166666666666667,20.0,True,20m
251.0,3_satellites,20.0,3,0.4285714285714285,33.356138524673945,72.48604816029236,47.90763446969358,156.99320997440086,132.69038699496122,-24.30282297943964,3.1688897040273463,5.643276287508862,3.67204912006855,7.587043166160583,7.800002865493298,0,0,0.5714285714285714,True,True,4.183333333333334,20.0,True,20m
252.0,3_satellites,20.0,3,0.4285714285714285,35.20245656565509,75.71276912444084,47.901408889522266,154.89707860300197,130.59802440203984,-24.29905420096213,2.5447790942021777,6.104345243424177,4.051471732024636,5.695150703191757,8.531891874969006,0,0,0.5714285714285714,True,True,4.2,20.0,True,20m
253.0,3_satellites,20.0,3,0.4285714285714285,34.20758692306783,75.35569514337877,47.895163626146406,152.28440727478835,127.98913940331948,-24.295267871468862,2.7628165100302016,7.2373219451734,4.686201628829751,6.142232805490494,13.14256700500846,0,0,0.5714285714285714,True,True,4.216666666666667,20.0,True,20m
254.0,3_satellites,20.0,3,0.4285714285714285,36.23081673278037,77.42574119348879,47.88892890522915,156.25627310223436,131.9647842958646,-24.29148880636976,6.172689873725176,3.8634593156831607,3.4284575565585067,11.421162143349648,8.504174638539553,0,0,0.5714285714285714,True,True,4.233333333333333,20.0,True,20m
255.0,3_satellites,20.0,3,0.4285714285714285,43.67811131892044,87.92580311810244,47.88269251844809,144.4213628617277,120.1336432995492,-24.28771956217849,2.302690278738737,4.707063794668231,2.9084995282547816,4.931626293808222,6.217194013297558,0,0,0.5714285714285714,True,True,4.25,20.0,True,20m
256.0,3_satellites,20.0,3,0.4285714285714285,49.34089534773547,95.55748781512136,47.87645718971276,137.21887858697977,112.9349311157427,-24.28394747123707,5.3448351712099145,7.648708911878722,3.0046553670295646,11.61023709923029,13.865095477551222,0,0,0.5714285714285714,True,True,4.266666666666667,20.0,True,20m
257.0,3_satellites,20.0,3,0.4285714285714285,55.49644991585656,102.6390886076608,47.8701973567529,126.32941038575888,102.04925382412348,-24.280156561635398,8.887002933770418,13.259536631937538,4.862857380083629,16.713384576141834,23.730180099606518,1,0,0.5714285714285714,True,True,4.283333333333333,20.0,True,20m
258.0,3_satellites,20.0,3,0.4285714285714285,68.64617419765244,116.41328282194556,47.86394668637757,118.0695620286173,93.79318372532934,-24.27637830328796,8.010465837482895,12.093500878661873,4.599351767982755,20.10891530290246,27.129829693585634,1,0,0.5714285714285714,True,True,4.3,20.0,True,20m
259.0,3_satellites,20.0,3,0.4285714285714285,74.78528867418594,121.37330684412233,47.85766566262607,117.57587640075523,93.30331106092297,-24.272565339832298,8.252417711274964,12.59670482150146,4.833982375051294,15.219059590250254,21.35322305932641,1,0,0.5714285714285714,True,True,4.316666666666666,20.0,True,20m
260.0,3_satellites,20.0,3,0.4285714285714285,31.53254370235423,66.50717887011776,47.85117100805582,169.71856006014335,145.450023367315,-24.26853669282835,4.2711622624525,7.319577543863228,3.7801690734922886,9.774460028856993,16.812754712998867,0,0,0.7142857142857143,True,True,4.333333333333333,20.0,True,20m
261.0,3_satellites,20.0,3,0.4285714285714285,78.03241105811676,57.06978008332861,47.84465380322352,227.45971418760325,203.19522899092036,-24.264485196682926,11.39796601182648,13.179554299052272,4.363163998084409,24.55600067600608,22.1759374178946,1,0,0.5714285714285714,True,True,4.35,20.0,True,20m
262.0,3_satellites,20.0,3,0.4285714285714285,64.88308700005308,51.1337321018684,47.83838058636956,220.40209430129383,196.1414076686661,-24.260686632627767,10.741236782499724,9.210834787892445,4.588909024106605,25.13416311889887,18.096769373863932,0,0,0.7142857142857143,True,True,4.366666666666666,20.0,True,20m
263.0,3_satellites,20.0,3,0.4285714285714285,64.38157062001846,51.28259760247428,47.83204048656311,220.0172457975781,195.7604172348353,-24.25682856274284,9.4538365714252,10.757624561765365,3.8895396292209625,20.67187550291419,18.56491745635867,0,0,0.5714285714285714,True,True,4.383333333333334,20.0,True,20m
264.0,3_satellites,20.0,3,0.4285714285714285,54.07035649752636,46.92098222557267,47.8257330856883,215.37548312218027,191.12248307556445,-24.253000046615824,8.749105903719153,8.023259723825115,3.7847567860569273,21.13337029144168,14.08773709088564,0,0,0.5714285714285714,True,True,4.4,20.0,True,20m
265.0,3_satellites,20.0,3,0.4285714285714285,54.2067933987035,49.5061250547243,47.81937308990927,213.5149219766752,189.26579362436388,-24.24912835231132,9.76143493982298,11.596475873674663,4.424970390009029,18.08387554809451,23.11593111604452,1,0,0.5714285714285714,True,True,4.416666666666667,20.0,True,20m
266.0,3_satellites,20.0,3,0.4285714285714285,41.273177058468654,49.80626571898616,47.813058987166926,199.5878328463624,175.3425334768133,-24.24529936954912,6.183516723236868,8.468099537172488,4.876600608229637,10.176760155707598,17.210841804742813,0,0,0.5714285714285714,True,True,4.433333333333334,20.0,True,20m
267.0,3_satellites,20.0,3,0.4285714285714285,48.31777388137348,45.80463990313085,47.8066617292976,211.3695537741397,187.12816721864732,-24.24138655549237,6.49082115026457,7.92496236254062,4.028250638927732,14.681759260594845,13.808986112475395,0,0,0.5714285714285714,True,True,4.45,20.0,True,20m
268.0,3_satellites,20.0,3,0.4285714285714285,72.13800624009161,51.38992404480336,47.80020084051554,233.41399596394373,209.17658179039208,-24.237414173551656,9.055809630879336,11.339268751974616,4.87966186819332,16.860938113182783,20.376003198325638,1,0,0.5714285714285714,True,True,4.466666666666667,20.0,True,20m
269.0,3_satellites,20.0,3,0.4285714285714285,44.09186103743508,46.76678729086833,47.79389959732792,208.91863229935925,184.6850227577296,-24.23360954162968,7.886908931923764,10.169809421790498,4.8811928661806245,11.915230344980955,18.947199560701847,0,0,0.5714285714285714,True,True,4.483333333333333,20.0,True,20m
270.0,3_satellites,20.0,3,0.4285714285714285,31.166900876780065,53.75934075058574,47.78756087002321,197.51811344640643,173.28834795578808,-24.229765490618348,3.716557410678693,6.645218728376286,4.2364038420575,6.07155978679657,13.102823104709389,0,0,0.7142857142857143,True,True,4.5,20.0,True,20m
271.0,3_satellites,20.0,3,0.4285714285714285,31.051091363803582,67.00874340408089,47.78120455232316,180.34831578733247,156.1224079972106,-24.22590779012188,3.149574118533305,7.365070988024984,4.7014712409249375,6.139396294951439,11.128366734832523,0,0,0.5714285714285714,True,True,4.516666666666667,20.0,True,20m
272.0,3_satellites,20.0,3,0.375,29.108892933300844,54.764342889879934,30.89809375084902,175.7202826891955,164.32749936993355,-11.392783319261952,3.3971505905501544,8.978873170446604,5.58172257989645,6.346265282481909,14.5135369412601,0,0,0.625,True,True,4.533333333333333,20.0,True,20m
273.0,3_satellites,20.0,3,0.4285714285714285,35.80378693080157,47.80893720209026,47.76828292258893,203.88364359785865,179.66566256265645,-24.2179810352022,5.667972935097558,7.745031146598714,4.683719918664012,10.717113230377436,16.149929370731115,0,0,0.5714285714285714,True,True,4.55,20.0,True,20m
274.0,3_satellites,20.0,3,0.375,35.00220406511618,58.39855339647335,30.89580325843977,183.1979052481364,171.80548599205943,-11.392419256076977,3.614238018635661,7.253050857689232,4.702813748270273,7.484462577849626,14.99638883024454,0,0,0.625,True,True,4.566666666666666,20.0,True,20m
275.0,3_satellites,20.0,3,0.375,32.66967627813233,48.0390116382216,30.89463719651306,198.95813548006385,187.56592380508025,-11.3922116749836,3.50416864734143,6.113760675769299,4.379368575755507,7.562527187168598,11.437115229666231,0,0,0.5,True,True,4.583333333333333,20.0,True,20m
276.0,3_satellites,20.0,3,0.4285714285714285,35.45235965158318,57.42935478531516,47.74897405682243,199.9870177103884,175.7808264944749,-24.20619121591352,4.264017057738134,6.822742197662592,4.612184695899487,6.969723854213953,13.996730636805296,0,0,0.7142857142857143,True,True,4.6,20.0,True,20m
277.0,3_satellites,20.0,3,0.4285714285714285,35.02382617395763,54.34908509477716,47.74250047942744,201.42516767094236,177.22294038478205,-24.20222728616028,6.237699408084154,8.995997612497636,3.843621181590216,11.70441598445177,16.3358305208385,0,0,0.7142857142857143,True,True,4.616666666666666,20.0,True,20m
278.0,3_satellites,20.0,3,0.4285714285714285,36.19378973043032,55.50113872244287,47.73602744565384,203.1821101903976,178.9838435633543,-24.198266627043296,5.680595660848277,9.28872792742082,4.195734599871295,9.601843427866696,16.353817347437143,0,0,0.7142857142857143,True,True,4.633333333333334,20.0,True,20m
279.0,3_satellites,20.0,3,0.4285714285714285,28.756374415266848,62.14461565115968,47.72959285321418,195.6783056766668,171.48396017087555,-24.19434550579126,3.167642485882555,8.064179110207728,4.896536624325173,5.376402758061886,13.429597046226265,0,0,0.5714285714285714,True,True,4.65,20.0,True,20m
280.0,3_satellites,20.0,3,0.4285714285714285,29.93754676398432,73.18452357838154,47.72315411240917,184.31885860109188,160.12843559820791,-24.19042300288396,3.7897610839988505,8.115701041583504,4.898073913795607,9.382826026529074,16.494449071586132,0,0,0.5714285714285714,True,True,4.666666666666667,20.0,True,20m
281.0,3_satellites,20.0,3,0.4285714285714285,28.804648349969792,71.4514442356196,47.716651226991736,188.4318696031444,164.24543278928522,-24.18643681385916,2.0193756563322887,6.492439540901354,4.815738564623254,5.163706086575985,12.279455982148647,0,0,0.5714285714285714,True,True,4.683333333333334,20.0,True,20m
282.0,3_satellites,20.0,3,0.4285714285714285,29.06502323583538,73.33121634010008,47.7101479750596,185.15200369891872,160.96954846888784,-24.18245523003088,5.534525386456933,9.862094460853507,4.90115094983152,11.674359492957592,18.794238697737452,0,0,0.5714285714285714,True,True,4.7,20.0,True,20m
283.0,3_satellites,20.0,3,0.4285714285714285,41.102277953245775,87.81116019969816,47.70367988855742,172.8919897308302,148.71347881095917,-24.17851091987106,6.706200759325709,9.77499136435134,4.125443818313735,16.448325030505657,23.572332188487053,1,0,0.7142857142857143,True,True,4.716666666666667,20.0,True,20m
284.0,3_satellites,20.0,3,0.4285714285714285,29.149605772897623,70.84571320831984,47.69709284770396,194.6418839191852,170.4674382406269,-24.17444567855827,4.202316138361182,7.620978940810476,3.993694658790316,7.117109954357147,14.245247472077608,0,0,0.5714285714285714,True,True,4.733333333333333,20.0,True,20m
285.0,3_satellites,20.0,3,0.4285714285714285,29.354495547036898,68.31900492874574,47.69054375974874,198.87823818097604,174.70781525545183,-24.170422925524207,1.7698420940765314,6.369462050497532,4.636164255972419,4.335901744663715,11.46816860884428,0,0,0.5714285714285714,True,True,4.75,20.0,True,20m
286.0,3_satellites,20.0,3,0.4285714285714285,32.184695380103896,73.43295301878186,47.684012702732055,193.31019093307668,169.14376846290065,-24.16642247017603,1.9646926405174392,6.742909920002733,4.778217279485294,4.661925952881575,11.798322848975658,0,0,0.5714285714285714,True,True,4.766666666666667,20.0,True,20m
287.0,3_satellites,20.0,3,0.4285714285714285,37.24010922574684,44.65216049953404,47.6773528554458,226.88443709050625,202.72215355568363,-24.162283534822592,4.458573429180043,3.677973818566118,2.556791840387242,10.2253792360425,5.896628133952618,0,0,0.5714285714285714,True,True,4.783333333333333,20.0,True,20m
288.0,3_satellites,20.0,3,0.4285714285714285,31.275264766424637,66.32326057548343,47.67087283639112,208.991362131788,184.8330196087993,-24.15834252298868,1.7239873334765434,3.645644754703556,2.4025192936616286,3.303527098149061,5.529525656253099,0,0,0.5714285714285714,True,True,4.8,20.0,True,20m
289.0,3_satellites,20.0,3,0.4285714285714285,33.09396947915298,58.028769802681616,47.66426309473909,220.93800777870885,196.78374140770205,-24.1542663710068,2.526996284723282,2.8600535547094688,2.123836382691349,5.662274789065123,5.428709857165813,0,0,0.7142857142857143,True,True,4.816666666666666,20.0,True,20m
290.0,3_satellites,20.0,3,0.4285714285714285,31.934257357543306,50.96019821161204,47.65765625194912,228.74698819219748,204.5967911787388,-24.15019701345869,4.63730812338846,5.038756848978145,3.623164639941284,10.452034119516613,9.004179894924164,0,0,0.5714285714285714,True,True,4.833333333333333,20.0,True,20m
291.0,3_satellites,20.0,3,0.375,38.3095817580319,35.22580960389243,30.87574846859803,237.518177335757,226.12930468776295,-11.38887264799402,6.360494509339333,9.069602602627128,4.333840898703784,12.76631525158882,21.292462900280952,1,0,0.5,True,True,4.85,20.0,True,20m
292.0,3_satellites,20.0,3,0.375,53.90200321694183,43.29542450020643,30.874531334251976,251.48710918439556,240.0984786844705,-11.388630499925029,6.5382992890663445,10.389713101554662,6.075143622234464,12.604968760162592,18.457520257681608,0,0,0.625,True,True,4.866666666666666,20.0,True,20m
293.0,3_satellites,20.0,3,0.4285714285714285,34.59797754780717,69.2026463215594,47.63790896863885,218.0762927659543,193.938211711184,-24.13808105477028,3.0395472603184834,3.1856034531125,2.331996955509697,5.337844677269459,5.924502532929182,0,0,0.5714285714285714,True,True,4.883333333333334,20.0,True,20m
294.0,3_satellites,20.0,3,0.4285714285714285,32.02130820037463,72.65781482346756,47.631319621198266,211.30916427719927,187.1751276864028,-24.134036590796452,2.3626424095460345,5.397060795554093,3.980786742908614,5.107595756649971,12.277045901864769,0,0,0.5714285714285714,True,True,4.9,20.0,True,20m
295.0,3_satellites,20.0,3,0.4285714285714285,36.413513759802825,76.07363431943489,47.62469443607043,214.53799775212528,190.40803677462893,-24.129960977496356,2.119359635348831,4.62886183070285,2.98831318584936,4.062558814883232,8.283809565007687,0,0,0.5714285714285714,True,True,4.916666666666667,20.0,True,20m
296.0,3_satellites,20.0,3,0.4285714285714285,37.41731741701599,70.82678325918882,47.61803297184249,222.4411086350797,198.31526095164804,-24.125847683431655,3.446667315704482,4.1911760957113335,2.860424166811364,6.425516165792942,7.300650924444199,0,0,0.5714285714285714,True,True,4.933333333333334,20.0,True,20m
297.0,3_satellites,20.0,3,0.375,47.61236931981857,43.563815570196965,30.86846947184078,255.88081180146767,244.4933287683918,-11.38748303307588,5.246918640565127,6.662654167972505,4.309169540647417,13.980895787477492,11.69534983858466,0,0,0.625,True,True,4.95,20.0,True,20m
298.0,3_satellites,20.0,3,0.375,66.00680184606166,49.00776105185242,30.86721010903504,275.82165041359985,264.43444868462615,-11.387201728973707,13.689676834270358,13.82144447695464,5.850116663612425,25.755558595061306,34.28822319209576,2,0,0.5,True,True,4.966666666666667,20.0,True,20m
299.0,3_satellites,20.0,3,0.375,56.40382878839598,43.57981567853715,30.865984838427497,266.0639400286856,254.6769706245693,-11.386969404116286,12.919945237692446,15.26033627288416,5.516813642345369,30.641874074935917,39.17547055706382,3,0,0.5,True,True,4.983333333333333,20.0,True,20m
300.0,3_satellites,20.0,3,0.375,69.7333687508039,51.729578617864405,30.864743921598222,281.69885350057416,270.3121447720852,-11.386708728488998,13.234258389100432,16.316637177951634,5.313851616345346,26.521221924573183,35.05574393644929,2,0,0.625,True,True,5.0,20.0,True,20m
301.0,3_satellites,20.0,3,0.375,41.94121374954924,38.63255513058645,30.863541503329596,259.6730573527138,248.28655271485025,-11.386504637863538,10.468960797879843,10.644429008942096,5.805771507322788,21.89700236916542,30.4324600212276,2,0,0.625,True,True,5.016666666666667,20.0,True,20m
302.0,3_satellites,20.0,3,0.375,60.69005971316379,42.44127084163669,30.86227396098092,276.5975147076843,265.21129726774745,-11.386217439936845,12.460908321663736,14.733725369442254,3.960682032164186,29.89476003497839,38.43114337325096,2,0,0.5,True,True,5.033333333333333,20.0,True,20m
303.0,3_satellites,20.0,3,0.375,41.08346272117112,41.99172476239628,30.861063021410494,254.7956752232841,243.4096665994206,-11.386008623863518,8.006645876914263,13.15650321310386,5.957051042001694,23.12915502116084,31.66646886244416,2,0,0.5,True,True,5.05,20.0,True,20m
304.0,3_satellites,20.0,3,0.375,44.73458770463519,42.88737564329598,30.8598191414248,263.0028791555972,251.61712650895868,-11.385752646638537,7.129859179724008,11.07096226559952,5.986297254450619,11.784479532390831,20.322718400508165,1,0,0.5,True,True,5.066666666666666,20.0,True,20m
305.0,3_satellites,20.0,3,0.375,52.26045153182326,40.38373667151062,30.858541777371496,272.0972842456634,260.71181851439223,-11.385465731271154,16.47187624918297,21.57366780517623,5.909314164891839,49.20970807597041,57.74887816607952,3,1,0.5,True,True,5.083333333333333,20.0,True,20m
306.0,3_satellites,20.0,3,0.375,37.48119589103764,31.635880018061677,30.85730824633273,262.0636032194575,250.6783764531609,-11.385226766296595,13.950193714816123,18.335129844024777,5.192622277420014,40.64909404143691,49.18919341638684,2,0,0.5,True,True,5.1,20.0,True,20m
307.0,3_satellites,20.0,3,0.375,107.88389770235985,83.27441163860136,30.855975203555246,317.5018308340604,306.1169662894,-11.384864544660388,25.323730236385018,29.765191366896037,5.486141511704773,65.32556505128741,73.86658105626702,5,2,0.5,True,True,5.116666666666666,20.0,True,20m
308.0,3_satellites,20.0,3,0.375,47.459038807564426,37.28235978372675,30.85479243454277,273.2971423159478,261.91244803494504,-11.384694281002735,12.246401563752444,15.44058240763843,4.511697154957801,33.325769905000925,41.86772000789642,2,0,0.5,True,True,5.133333333333334,20.0,True,20m
309.0,3_satellites,20.0,3,0.375,38.373308571005545,38.518924315625256,30.85354902076186,265.0743792431347,253.6899285147165,-11.38445072841813,8.07652238337323,13.352318327408284,6.083971849642694,21.133525863289837,29.676400516182184,1,0,0.5,True,True,5.15,20.0,True,20m
310.0,3_satellites,20.0,3,0.375,55.49957370245422,46.572434608654405,30.852264826026072,280.04421777912603,268.6600592426892,-11.384158536436871,12.439458016306162,16.263759593013674,6.0654538734816015,25.64145028591156,34.18524819239974,3,0,0.625,True,True,5.166666666666667,20.0,True,20m
311.0,3_satellites,20.0,3,0.4285714285714285,46.09628453002874,90.05486706754527,47.51741931356849,223.2145243779334,199.15075969544176,-24.06376468249164,2.0321503297558854,6.363594082317182,4.805687242320606,3.8429503031075,9.885177232325075,0,0,0.5714285714285714,True,True,5.183333333333334,20.0,True,20m
312.0,3_satellites,20.0,3,0.375,33.44716584255627,44.90194475873335,30.84975592257513,254.0439206340131,242.66026533354133,-11.38365530047176,8.395556073635817,13.600630667526277,6.01022548833862,19.031716845929623,27.577369697391987,2,0,0.625,True,True,5.2,20.0,True,20m
313.0,3_satellites,20.0,3,0.375,45.71518423437719,38.19976065400322,30.84845746104453,275.1712321744161,263.7878856494792,-11.38334652493694,11.36401230795309,16.460375044494867,5.905187362339348,25.062165658921003,33.6087398417294,2,0,0.5,True,True,5.216666666666667,20.0,True,20m
314.0,3_satellites,20.0,3,0.375,52.561578661851165,42.5373221320918,30.847176058310232,281.35573902178453,269.9726765154532,-11.383062506331328,12.67305484553799,16.84033510228619,5.76084166765213,26.525127913802866,35.07262530177832,3,0,0.5,True,True,5.233333333333333,20.0,True,20m
315.0,3_satellites,20.0,3,0.375,39.3563699740334,40.68997695529386,30.84592219017007,272.7525620495322,261.36974945478016,-11.38281259475201,5.952732915990055,10.984969913493842,5.841384357307106,13.941506434231997,22.48992833122611,1,0,0.5,True,True,5.25,20.0,True,20m
316.0,3_satellites,20.0,3,0.375,27.909018143064923,38.23844500150613,30.844646241738552,262.63457059050074,251.25202874155568,-11.382541848945069,6.893381802365184,10.774507718160748,5.55483359657228,18.332017555832863,26.88136633485556,1,0,0.5,True,True,5.266666666666667,20.0,True,20m
317.0,3_satellites,20.0,3,0.375,26.262504492970315,40.4775714794183,30.8433663120376,262.821924961464,251.43965993388264,-11.382265027581354,7.612591472454369,10.437688416335732,5.508261993061751,19.894281454384327,28.44455425441265,1,0,0.625,True,True,5.283333333333333,20.0,True,20m
318.0,3_satellites,20.0,3,0.375,65.60559765417695,44.93860510700278,30.842018936754247,303.74029049891647,292.35838728991774,-11.381903208998722,13.916061417665333,17.314683893229812,4.908507160842419,34.34962685778737,42.900816697627306,3,0,0.5,True,True,5.3,20.0,True,20m
319.0,3_satellites,20.0,3,0.375,48.8804943606935,33.875743054154135,30.840744029762877,293.6019136132528,282.2202754604485,-11.381638152804328,12.965649597812444,15.989306869450957,5.706934429705143,34.46938670426607,43.02150124311447,2,0,0.625,True,True,5.316666666666666,20.0,True,20m
320.0,3_satellites,20.0,3,0.375,42.38155686325904,36.86386292976127,30.839473486430936,291.4439719306508,280.0625991049874,-11.38137282566339,10.355689206160603,9.570263026282191,5.586357488296926,19.73418752104044,22.7266239374876,1,0,0.625,True,True,5.333333333333333,20.0,True,20m
321.0,3_satellites,20.0,3,0.4285714285714285,28.39468235764762,70.82300117410358,47.449145145438834,253.6705030269728,229.64907653969695,-24.02142648727579,12.589891376239914,10.335921167262963,4.9616144342081885,25.92992689833045,18.93570764362812,0,0,0.5714285714285714,True,True,5.35,20.0,True,20m
322.0,3_satellites,20.0,3,0.4285714285714285,36.81027024383388,80.92745007354354,47.44228337456696,243.7035372398957,219.68635890290665,-24.01717833698908,9.443887611585003,7.19046909149204,4.963177048734257,19.239798452705145,12.246324129402636,0,0,0.5714285714285714,True,True,5.366666666666666,20.0,True,20m
323.0,3_satellites,20.0,3,0.375,57.43727324086284,41.85042653387241,30.835541095002625,304.46564382561604,293.0851880335309,-11.380455792085115,12.77321786992252,12.65842846222222,6.09126453474164,20.973073087632656,28.01192172989249,1,0,0.625,True,True,5.383333333333334,20.0,True,20m
324.0,3_satellites,20.0,3,0.375,37.10248959783764,31.20029885442348,30.834248332329445,288.66351305329715,277.2833336886755,-11.380179364621654,10.56444007717073,10.831441642250866,5.526748314965516,20.475857075303797,29.03257690742612,1,0,0.75,True,True,5.4,20.0,True,20m
325.0,3_satellites,20.0,3,0.4285714285714285,30.25088944299053,61.610741075641066,47.421523331835424,267.39068780544903,243.38643842654767,-24.004249378901363,9.093632738505091,4.392156363597938,4.701476374907153,15.679369866847992,7.880842309445143,0,0,0.7142857142857143,True,True,5.416666666666667,20.0,True,20m
326.0,3_satellites,20.0,3,0.375,62.89823176169037,44.27987528029092,30.83158948203632,309.6931478180708,298.3136152628697,-11.379532555201138,13.522201580461116,13.40519729629159,6.092829827684909,25.845437847077847,34.403992377221584,2,0,0.625,True,True,5.433333333333334,20.0,True,20m
327.0,3_satellites,20.0,3,0.4285714285714285,31.94725395628386,54.10954587360227,47.40763833303381,274.6623448982824,250.666741896266,-23.995603002016395,2.617425050586462,3.286038150744779,1.711495944964034,5.099612154066563,4.522460453212261,0,0,0.5714285714285714,True,True,5.45,20.0,True,20m
328.0,3_satellites,20.0,3,0.4285714285714285,30.699850414586564,63.91444669917348,47.40074765901126,266.41255929673963,242.42122570806487,-23.991333588674763,5.455642774168934,2.53791354490178,4.129085118749312,9.778585907071829,4.665739934891462,0,0,0.5714285714285714,True,True,5.466666666666667,20.0,True,20m
329.0,3_satellites,20.0,3,0.4285714285714285,36.847313444593006,71.7974530833038,47.393810844283806,264.0656468413799,240.0786215513207,-23.987025290059165,3.2616606732564315,3.0907549735690867,2.7278895899653435,6.001917354762554,5.956474643200636,0,0,0.5714285714285714,True,True,5.483333333333333,20.0,True,20m
330.0,3_satellites,20.0,3,0.4285714285714285,36.66295470985056,57.87133256330226,47.38680412164644,279.0625578756024,255.0799174543845,-23.98264042121789,2.485259761235544,3.655229152845485,3.346362679132393,6.355432346463203,6.994679220020771,0,0,0.7142857142857143,True,True,5.5,20.0,True,20m
331.0,3_satellites,20.0,3,0.4285714285714285,30.359498931273247,66.1762070550098,47.379895950441245,266.96711629762376,242.98875670481067,-23.97835959281309,2.292390159198216,4.334898178066526,2.6525819173880985,3.7406430914998055,8.802541863173246,0,0,0.5714285714285714,True,True,5.516666666666667,20.0,True,20m
332.0,3_satellites,20.0,3,0.4285714285714285,34.30344412666458,59.56802964661346,47.372885420175976,278.13234855774766,254.15837010615127,-23.973978451596395,2.240458065909998,3.500000781778778,3.092055967343705,5.754519622772932,7.171954929828644,0,0,0.7142857142857143,True,True,5.533333333333333,20.0,True,20m
333.0,3_satellites,20.0,3,0.4285714285714285,33.639207262971674,59.69993907248976,47.36591077769484,278.75813733695543,254.7885026614766,-23.96963467547883,2.170392401516437,3.062703903232302,1.567456270967211,3.80918338149786,5.58237436786294,0,0,0.5714285714285714,True,True,5.55,20.0,True,20m
334.0,3_satellites,20.0,3,0.4285714285714285,37.63416416378587,54.14221777916061,47.35889109579623,286.34251349536,262.3772652942347,-23.96524820112529,3.656589981700693,6.544399677642754,4.13933800054448,8.651349615305662,12.38898966088891,0,0,0.5714285714285714,True,True,5.566666666666666,20.0,True,20m
335.0,3_satellites,20.0,3,0.375,74.67097210013733,56.77758054298906,30.81958382640037,321.58210839553755,310.20544399209075,-11.376664403446796,10.144353098701686,14.68277648370713,5.391283657867461,20.72261233255267,29.28941608965397,3,0,0.5,True,True,5.583333333333333,20.0,True,20m
336.0,3_satellites,20.0,3,0.375,72.55147186562783,56.08861449688632,30.818239124578405,322.1616357373085,310.785295131528,-11.376340605780513,8.22602457460016,12.380815704818817,5.1758501646108925,20.68221287056804,26.24550087749958,2,0,0.5,True,True,5.6,20.0,True,20m
337.0,3_satellites,20.0,3,0.375,37.14761588247612,43.47513916527402,30.816931190957806,293.5346467464434,282.15857854686544,-11.376068199577958,4.683478608261794,7.4749992256984115,4.784999061841518,10.050269979983568,15.61209011822939,0,0,0.625,True,True,5.616666666666666,20.0,True,20m
338.0,3_satellites,20.0,3,0.375,64.29558154704752,54.25264638049386,30.81554293770093,318.3529439300431,306.9772502161045,-11.375693713938633,9.992578208446504,13.823419239372017,6.099103002808988,19.640739243477583,25.201076596975327,2,0,0.625,True,True,5.633333333333334,20.0,True,20m
339.0,3_satellites,20.0,3,0.375,37.62884936502186,50.30112865549093,30.81421936566817,290.6930863748228,279.3176794444631,-11.375406930359643,5.532262701541185,10.992491374257952,5.460228672716767,11.97642895206809,19.461856860667467,0,0,0.625,True,True,5.65,20.0,True,20m
340.0,3_satellites,20.0,3,0.4285714285714285,34.08387009479865,68.42716671704422,47.31682608411175,282.5094528993589,258.57041748502485,-23.939035414334057,1.1693769948823112,5.963195890188217,4.793818895305906,2.2795335836708546,10.511782068759205,0,0,0.5714285714285714,True,True,5.666666666666667,20.0,True,20m
341.0,3_satellites,20.0,3,0.375,37.65594489728986,50.420101978013285,30.811485613630133,287.17528748726403,275.8005639911693,-11.374723496094704,8.932486671954393,15.033162996172903,6.100676324218512,12.03356897085905,20.36224888265133,2,0,0.625,True,True,5.683333333333334,20.0,True,20m
342.0,3_satellites,20.0,3,0.375,40.44725744930842,41.37486691880339,30.810097691910517,302.3848165182149,291.01046148091416,-11.374355037300743,9.786989867221564,15.387356490828097,5.788652785588056,20.39864131435752,28.97184700146317,1,0,0.625,True,True,5.7,20.0,True,20m
343.0,3_satellites,20.0,3,0.375,53.42793906297588,46.4991827271374,30.80870769972102,313.1391981525906,301.7652095691327,-11.3739885834579,13.258118526544422,18.476911049336195,5.516191564965993,22.029760900884867,30.60387622565031,5,0,0.625,True,True,5.716666666666667,20.0,True,20m
344.0,3_satellites,20.0,3,0.375,56.59038586095142,44.89516862392676,30.807325609772395,322.31341546534566,310.9397858025445,-11.373629662801136,10.69084926880896,15.220161993056536,5.4011102663353086,21.403698965907097,29.97872596234083,3,0,0.5,True,True,5.733333333333333,20.0,True,20m
345.0,3_satellites,20.0,3,0.375,56.7682124217538,45.64890401597626,30.80594468278136,317.37811201527416,306.00483354702845,-11.3732784682457,12.248483445961028,17.537417407147586,6.1027693576179445,26.11891355738044,34.69485145807266,3,0,0.5,True,True,5.75,20.0,True,20m
346.0,3_satellites,20.0,3,0.375,71.95910347129323,56.094935091158455,30.804544118705955,326.96793565943096,315.59503257540763,-11.372903084023337,16.132013857364655,20.203609846066684,5.858983814250678,26.08920743688941,34.66605345532298,5,0,0.5,True,True,5.766666666666667,20.0,True,20m
347.0,3_satellites,20.0,3,0.375,50.05203678091861,43.19834814175333,30.803178176381355,306.5441833313614,295.1716071717061,-11.372576159655296,12.99631827697158,18.38578792847693,5.389469651505351,22.90467994660139,30.44396131485701,4,0,0.625,True,True,5.783333333333333,20.0,True,20m
348.0,3_satellites,20.0,3,0.375,56.830771281331,51.75408095050267,30.801801360381507,315.2227527804928,303.8505249015379,-11.372227878954902,9.62117007933557,14.349858785048127,5.569595428183675,16.10478677228093,22.350819282233715,3,0,0.625,True,True,5.8,20.0,True,20m
349.0,3_satellites,20.0,3,0.375,46.82165034548218,45.263921199819606,30.80041321007964,310.33577698638334,298.96390255603524,-11.3718744303481,8.549212904646993,13.045686600729823,5.960942321456969,14.395632050931454,21.876666340976957,1,0,0.5,True,True,5.816666666666666,20.0,True,20m
350.0,3_satellites,20.0,3,0.375,59.07212543412171,44.24673941215268,30.798991153241666,323.98625119797384,312.6147731276508,-11.371478070323064,11.56707954686135,15.964052950032055,5.533933156169951,24.306909445673227,32.887397795915604,3,0,0.5,True,True,5.833333333333333,20.0,True,20m
351.0,3_satellites,20.0,3,0.375,46.00898680052895,41.89099190442899,30.79761077029788,307.63622501475294,296.26508635560543,-11.371138659147505,8.335537555627525,13.581262154038996,5.245724598411471,13.91011231765151,22.491510178893805,1,0,0.625,True,True,5.85,20.0,True,20m
352.0,3_satellites,20.0,3,0.375,55.1639163202345,46.473448533144925,30.796198888833835,314.1042877314389,302.7335291180807,-11.370758613358191,10.891685816459358,14.716315865982324,6.106440712232143,18.325227979570627,26.90753396227956,3,0,0.625,True,True,5.866666666666666,20.0,True,20m
353.0,3_satellites,20.0,3,0.375,49.93496007642065,50.2701426754645,30.794808870995983,304.8651132138328,293.4947037473356,-11.370409466497165,7.431409120559692,11.926055809948592,5.962388126645237,15.900661654770374,23.379914816468958,1,0,0.5,True,True,5.883333333333334,20.0,True,20m
354.0,3_satellites,20.0,3,0.375,55.15374293200109,55.375345735547874,30.793393435426587,301.2638163917768,289.8937838085941,-11.370032583182706,9.545157168526202,14.034867081791162,5.958270371425897,22.645516097545624,30.124319531023502,2,0,0.5,True,True,5.9,20.0,True,20m
355.0,3_satellites,20.0,3,0.375,53.4770856206416,50.12323969725507,30.79197266607574,304.6180443987647,293.24839622014105,-11.369648178623663,10.79106940375641,15.429705793969331,6.108015925157815,21.787621583789587,29.265978012233973,2,0,0.5,True,True,5.916666666666667,20.0,True,20m
356.0,3_satellites,20.0,3,0.375,47.230271032355546,49.55081861272558,30.79057480782811,302.09095240016524,290.7216630327249,-11.36928936744033,5.420458382926881,9.49652289552614,5.546263518277556,11.12199828773737,17.857673656195402,0,0,0.5,True,True,5.933333333333334,20.0,True,20m
357.0,3_satellites,20.0,3,0.375,45.5797336474872,40.56723837055278,30.7891400270567,306.1230317586581,294.75413996686984,-11.368891791788258,6.01720246206969,11.520655278582126,5.503452816512436,10.075373124331236,16.501558668911457,0,0,0.625,True,True,5.95,20.0,True,20m
358.0,3_satellites,20.0,3,0.375,41.3883046737449,42.20232833611209,30.787727023547816,305.91497015382475,294.5464480630304,-11.368522090794327,5.589873020071536,11.108164560515434,5.518291540443897,8.768308214843273,17.313349723815918,0,0,0.625,True,True,5.966666666666667,20.0,True,20m
359.0,3_satellites,20.0,3,0.375,41.60384427925922,40.093840897311296,30.786294998660274,308.7859494609369,297.41781818319726,-11.368131277739622,7.444277777336538,12.738471169490367,6.110117360483855,19.342270374298096,27.930924091488123,1,0,0.5,True,True,5.983333333333333,20.0,True,20m
360.0,3_satellites,20.0,3,0.375,48.76926606179247,41.88990699037856,30.78485592728588,316.78055245794394,305.4128202952914,-11.367732162652544,8.122130025178194,13.161305104382336,5.855246144346893,17.097823813557625,25.687380608171225,1,0,0.5,True,True,6.0,20.0,True,20m
361.0,3_satellites,20.0,3,0.375,31.14164441367776,44.15232845219551,30.783452880686628,299.372747029666,288.00536656603794,-11.36738046362808,6.55660593137145,8.538863752037287,4.793473832309246,15.646756041795015,24.23722244054079,1,0,0.5,True,True,6.016666666666667,20.0,True,20m
362.0,3_satellites,20.0,3,0.375,60.92424097566653,47.165242230086335,30.781970461101945,326.51187258015943,315.14494223791905,-11.36693034224038,10.607325691729784,15.68235978623852,5.891398429404944,25.13433677703142,33.72570014372468,2,0,0.5,True,True,6.033333333333333,20.0,True,20m
363.0,3_satellites,20.0,3,0.375,47.90426287106431,38.89937776860272,30.780544732568984,322.2422100827069,310.87565741423333,-11.36655266847356,5.590638938359916,9.719530992675573,4.945401370991021,13.212660361081362,21.804928943514824,1,0,0.5,True,True,6.05,20.0,True,20m
364.0,3_satellites,20.0,3,0.375,42.59215530715782,41.63887535998701,30.779111077953058,315.255937929635,303.8897678122195,-11.36617011741555,4.441653658635914,8.9777494459413,5.352750151883811,9.519081976264715,18.11225451156497,0,0,0.5,True,True,6.066666666666666,20.0,True,20m
365.0,3_satellites,20.0,3,0.375,59.04657942841117,45.03171516765335,30.777637275848523,332.3853605974038,321.019623564062,-11.365737033341873,7.664641557261348,12.43569678394124,5.587855265010148,17.037596184760332,25.631668362766504,1,0,0.5,True,True,6.083333333333333,20.0,True,20m
366.0,3_satellites,20.0,3,0.375,50.9043836166755,41.83904426599696,30.7762011076108,324.51459741347844,313.1492458916149,-11.365351521863545,3.90918642282486,8.780091622844338,5.6878497088328,8.788399122655392,16.361803490668535,0,0,0.5,True,True,6.1,20.0,True,20m
367.0,3_satellites,20.0,3,0.375,47.71095627620394,38.97136904878462,30.77475025425351,326.06351161555614,314.6985614890352,-11.36495012652091,6.6841893517412245,9.61971790343523,5.41846437798813,12.40379447117448,17.92152166366577,0,0,0.5,True,True,6.116666666666666,20.0,True,20m
368.0,3_satellites,20.0,3,0.375,56.23715748515378,42.45879916612906,30.773282163964293,335.08873839281614,323.72420915236904,-11.364529240447098,7.257710866630077,10.41397709865123,5.198460729792714,14.488279409706593,20.004542473703623,1,0,0.625,True,True,6.133333333333334,20.0,True,20m
369.0,3_satellites,20.0,3,0.375,71.2827963509437,51.996679832202105,30.77179883010913,350.988963127015,339.6248698974154,-11.364093229599575,9.490621900651604,14.788617867976429,6.115373742301017,21.415080707520247,30.012757498770952,3,0,0.5,True,True,6.15,20.0,True,20m
370.0,3_satellites,20.0,3,0.375,63.62676106978404,46.880979648966935,30.770344403584684,343.52317381606315,332.1594799200944,-11.363693895968764,8.100413477048278,12.77386131696403,5.490968710742891,19.93808400630951,25.451422672718763,2,0,0.5,True,True,6.166666666666667,20.0,True,20m
371.0,3_satellites,20.0,3,0.375,51.82418712755618,45.18248509372788,30.768897171146897,329.08284022775894,317.7195331298594,-11.363307097899508,7.557602987624705,11.982312494888902,5.507957238703966,17.439860437065363,22.951739888638254,2,0,0.5,True,True,6.183333333333334,20.0,True,20m
372.0,3_satellites,20.0,3,0.375,50.300587945010285,40.8520759435531,30.76741926468429,332.2830155523003,320.9201324987368,-11.362883053563507,7.983027547597885,12.882831022143364,5.71760964859277,17.27578752487898,23.61380923911929,2,0,0.5,True,True,6.2,20.0,True,20m
373.0,3_satellites,20.0,3,0.375,50.92515167577917,41.31436299724037,30.76594414676501,335.2609013309854,323.8984381775241,-11.362463153461306,8.324234633240849,12.815571297425777,5.44150322675705,16.015304531902075,22.946613367646933,2,0,0.5,True,True,6.216666666666667,20.0,True,20m
374.0,3_satellites,20.0,3,0.375,42.735208562803415,45.03658947174238,30.764485071843243,324.0223128640005,312.6602463523326,-11.362066511667932,6.078343491535634,10.525167498737574,5.902119465637952,10.477525398135183,16.645866204053164,0,0,0.625,True,True,6.233333333333333,20.0,True,20m
375.0,3_satellites,20.0,3,0.375,47.089342991203885,43.204714761841736,30.762994466105656,331.2782481276178,319.916618081084,-11.361630046533833,8.131608987692744,12.545993630308658,5.5186298647895455,16.689133439213037,22.195174787193537,2,0,0.5,True,True,6.25,20.0,True,20m
376.0,3_satellites,20.0,3,0.375,38.54616565724168,45.10130500431645,30.761525063417903,319.4360537639843,308.0748298984306,-11.361223865553711,6.152373491320759,10.727797059342263,5.393796895164996,13.62706257775426,19.13164753466845,0,0,0.5,True,True,6.266666666666667,20.0,True,20m
377.0,3_satellites,20.0,3,0.375,34.97817101396118,49.50305341284987,30.760047426141828,310.39845434342976,299.03764486060413,-11.36080948282563,4.561495295260102,9.170986173674464,5.323702858295292,8.650243356823921,14.649548508226871,0,0,0.625,True,True,6.283333333333333,20.0,True,20m
378.0,3_satellites,20.0,3,0.375,41.35925401572054,43.99300589939618,30.758535896539343,323.268006667877,311.90765335825307,-11.360353309623918,9.2204802907072,13.048858885653315,6.104899730999023,17.915921919047832,26.521691780537367,2,0,0.5,True,True,6.3,20.0,True,20m
379.0,3_satellites,20.0,3,0.4285714285714285,38.95844665777606,80.00219032564505,47.03497752762336,290.03477454332017,266.2726552565249,-23.76211928679527,1.3021186435861247,6.293036174029112,4.990917530442987,2.7047859355807304,10.202383432537315,0,0,0.5714285714285714,True,True,6.316666666666666,20.0,True,20m
380.0,3_satellites,20.0,3,0.375,45.94460087175238,39.88379582682602,30.755526409562417,334.1932440958072,322.8337806547234,-11.359463441083731,9.476342021487651,13.386876677162943,6.022918398492038,18.476598735898733,27.084159530699253,2,0,0.5,True,True,6.333333333333333,20.0,True,20m
381.0,3_satellites,20.0,3,0.4285714285714285,32.92118396429794,69.96780018919539,47.02011716410647,298.5947185568869,274.8419929212756,-23.752725635611284,2.770667828087296,7.328041543385813,5.0136579647660255,6.556990340352058,13.40157164633274,0,0,0.5714285714285714,True,True,6.35,20.0,True,20m
382.0,3_satellites,20.0,3,0.4285714285714285,39.72780999981156,75.78252038548983,47.01268213829195,294.37885678264524,270.6308224409677,-23.748034341677567,4.685974507459572,7.696899973920414,4.267517240984099,10.248816717416048,17.196175191551447,0,0,0.7142857142857143,True,True,6.366666666666666,20.0,True,20m
383.0,3_satellites,20.0,3,0.4285714285714285,38.41652596704354,76.68674248396255,47.00526379879884,297.7243460154467,273.980993127984,-23.74335288746272,4.450371070099728,6.130764604146991,2.9276984642658914,8.970089182257652,13.049417521804571,0,0,0.5714285714285714,True,True,6.383333333333334,20.0,True,20m
384.0,3_satellites,20.0,3,0.4285714285714285,38.29454738932626,75.56273275027517,46.99780720613811,301.0254045035505,277.2867646844834,-23.73863981906709,4.041453710091965,6.131831648094313,3.1143756077757905,8.164197038859129,13.164159778505564,0,0,0.5714285714285714,True,True,6.4,20.0,True,20m
385.0,3_satellites,20.0,3,0.4285714285714285,38.61903435344001,73.21193668619004,46.99033334329748,304.2038311738152,280.46991956667506,-23.7339116071401,5.248244981148413,6.927875043558223,4.35598550098283,10.31813845038414,17.263120118528605,0,0,0.7142857142857143,True,True,6.416666666666667,20.0,True,20m
386.0,3_satellites,20.0,3,0.4285714285714285,43.33742135685572,79.05488102783548,46.982876465328864,298.66263544949123,274.93343100964813,-23.7292044398431,6.604488509041922,9.139445458139692,4.292564016367708,15.108358401805162,22.05254583060741,1,0,0.5714285714285714,True,True,6.433333333333334,20.0,True,20m
387.0,3_satellites,20.0,3,0.4285714285714285,46.58613622969738,85.4016319801754,46.97542302212993,291.4994873576778,267.77498542527223,-23.724501932405587,3.929715004882642,7.248686323208468,4.152455014309713,9.040410578250883,15.98380695283413,0,0,0.5714285714285714,True,True,6.45,20.0,True,20m
388.0,3_satellites,20.0,3,0.4285714285714285,42.805141147625264,81.28703251042877,46.96792519920971,296.2717194776913,272.55196367956535,-23.71975579812596,4.222664213074105,7.851064237632921,4.365148382527488,9.935457333922386,16.878060590475798,0,0,0.5714285714285714,True,True,6.466666666666667,20.0,True,20m
389.0,3_satellites,20.0,3,0.4285714285714285,42.73567273609207,76.64404478799426,46.96040382432763,304.4188942170013,280.7039061806108,-23.714988036390537,5.883851412683725,8.10069855515446,5.068970822330032,12.678408682346344,19.62021518498659,0,0,0.5714285714285714,True,True,6.483333333333333,20.0,True,20m
390.0,3_satellites,20.0,3,0.4285714285714285,49.03152101300156,85.38795927192656,46.95291750558408,298.8260504289537,275.1157887610551,-23.71026166789858,6.964178241257157,9.120281316872154,5.010361251022134,15.75204161554575,22.693052280694246,1,0,0.5714285714285714,True,True,6.5,20.0,True,20m
391.0,3_satellites,20.0,3,0.4285714285714285,40.488500687944594,74.44539894726022,46.94538374406648,305.34229043744705,281.6368090474923,-23.70548138995474,8.139921090432576,10.355690323348556,5.0721618964203765,15.658121813088655,22.598335165530443,1,0,0.5714285714285714,True,True,6.516666666666667,20.0,True,20m
392.0,3_satellites,20.0,3,0.4285714285714285,40.69382492134604,75.90811650378564,46.93787596674823,305.5100294731632,281.80929755334125,-23.70073191982192,4.197418419910329,6.282463507992881,4.633861827531031,7.657432481646538,14.596849597990513,0,0,0.7142857142857143,True,True,6.533333333333333,20.0,True,20m
393.0,3_satellites,20.0,3,0.4285714285714285,46.64841280610624,83.06307947820449,46.930348680735264,297.11965102780454,273.42367824793826,-23.69597277986628,8.622903639716762,11.062710501253603,4.850240536034107,19.421596013009548,26.360213816165924,1,0,0.7142857142857143,True,True,6.55,20.0,True,20m
394.0,3_satellites,20.0,3,0.4285714285714285,45.8910256942777,84.13566334784944,46.92282554683565,299.9608537753945,276.26964190720145,-23.69121186819308,5.034229813941887,6.839163662599666,4.282258451517139,9.917246200144293,16.85506709292531,0,0,0.7142857142857143,True,True,6.566666666666666,20.0,True,20m
395.0,3_satellites,20.0,3,0.4285714285714285,42.71345243350951,77.86798582107845,46.91525076925671,305.2152702260762,281.5288667835093,-23.686403442566927,8.15861787061606,10.137819267277209,4.859862783125469,18.710709918290377,25.64772889763117,1,0,0.7142857142857143,True,True,6.583333333333333,20.0,True,20m
396.0,3_satellites,20.0,3,0.4285714285714285,54.74057813020174,89.48840754933288,46.907706855587136,296.11314284824203,272.43151045918785,-23.681632389054187,10.633936305663417,12.649495022105318,4.824787646532059,25.093602761626244,32.029818903654814,2,0,0.7142857142857143,True,True,6.6,20.0,True,20m
397.0,3_satellites,20.0,3,0.4285714285714285,53.95094369192186,89.13582987662396,46.90013606410467,294.6450911414652,270.9682570923528,-23.67683404911241,10.256426358329398,13.49510111766202,3.998409000358411,25.247770879417654,32.18318735808134,2,0,0.7142857142857143,True,True,6.616666666666666,20.0,True,20m
398.0,3_satellites,20.0,3,0.4285714285714285,48.59633928294941,90.29323058091178,46.89259830071264,293.79430994690426,270.1222434980017,-23.672066448902516,5.265149322471449,8.284114982932806,4.049526087939739,11.696109749376774,18.63072992861271,0,0,0.5714285714285714,True,True,6.633333333333334,20.0,True,20m
399.0,3_satellites,20.0,3,0.4285714285714285,41.00165392618688,82.41723374281085,46.88499722423058,304.0552773293554,280.3880394039806,-23.66723792537482,4.199767471956355,6.992963894137314,3.9832386071128494,9.249267268925903,16.183085840195417,0,0,0.7142857142857143,True,True,6.65,20.0,True,20m
400.0,3_satellites,20.0,3,0.4285714285714285,29.2360687357246,68.49662702584713,46.8773844771964,316.3001388188381,292.6377446764732,-23.66239414236497,2.779716396970408,3.2046502083539963,2.947101498288768,5.928444802761078,8.008394371718168,0,0,0.7142857142857143,True,True,6.666666666666667,20.0,True,20m
401.0,3_satellites,20.0,3,0.4285714285714285,28.306039978896703,65.68296521185088,46.869768081196085,318.47145598647654,294.81389838475724,-23.657557601719304,3.215501562293087,2.526333658822945,2.590985211410693,6.88793033733964,5.21913218870759,0,0,0.5714285714285714,True,True,6.683333333333334,20.0,True,20m
402.0,3_satellites,20.0,3,0.4285714285714285,37.687430488701736,76.1478305900999,46.86215868693226,308.73558604731033,285.0828473512305,-23.65273869607984,2.391811255897794,7.444379771926573,5.052568516028779,3.778169732540846,11.742951955646276,0,0,0.5714285714285714,True,True,6.7,20.0,True,20m
403.0,3_satellites,20.0,3,0.4285714285714285,29.842170520275083,64.91277621363179,46.854507324252936,319.61845866702936,295.97059006389463,-23.647868603134725,2.292674397251436,6.107092060148716,4.506739716976881,4.1254020370543,11.22967864573002,0,0,0.5714285714285714,True,True,6.716666666666667,20.0,True,20m
404.0,3_satellites,20.0,3,0.4285714285714285,29.842440813222726,61.222282507844064,46.84686455629865,327.2133251616767,303.57031472890486,-23.64301043277186,0.3223667245890413,5.303802067680018,4.981435343090977,0.6615531109273434,8.944582846015692,0,0,0.5714285714285714,True,True,6.733333333333333,20.0,True,20m
405.0,3_satellites,20.0,3,0.375,49.29205533438184,40.12833490925058,30.71691035979722,356.9857414787787,345.6380162945923,-11.347725184186402,6.2906282232142985,10.527903173584493,5.698456155136228,11.67841712012887,18.955484062433243,0,0,0.5,True,True,6.75,20.0,True,20m
406.0,3_satellites,20.0,3,0.375,50.8732894918963,37.4566001270374,30.71532094942198,364.15971517988754,352.81249570553734,-11.347219474350196,10.681634774897248,11.749003479722887,4.673337794840336,21.916734717786312,30.5474255643785,1,0,0.625,True,True,6.766666666666667,20.0,True,20m
407.0,3_satellites,20.0,3,0.375,57.74471998907229,41.1492486018043,30.713717743655195,369.0316776364243,357.6849741007941,-11.34670353563024,9.705825751647351,11.825024458114058,5.351545270066708,24.696544032543898,33.328115954995155,1,0,0.625,True,True,6.783333333333333,20.0,True,20m
408.0,3_satellites,20.0,3,0.375,53.65185548483039,40.19151580308866,30.712132667961544,367.33638533786166,355.990176363801,-11.34620897406063,10.789393616374582,11.290908546652645,5.617450877092779,19.66005309671164,28.29250916093588,1,0,0.5,True,True,6.8,20.0,True,20m
409.0,3_satellites,20.0,3,0.375,68.1550773560112,50.83753402092421,30.71050165260699,374.9042319405421,363.5585615397505,-11.34567040079162,11.488678153138608,15.418494197074324,6.006289532408118,20.99656390026212,29.629897225648165,3,0,0.5,True,True,6.816666666666666,20.0,True,20m
410.0,3_satellites,20.0,3,0.375,43.90562971188528,40.95837968783344,30.70892646937532,350.6259124253585,339.28071412694857,-11.345198298409912,6.213018253445625,12.350045013707131,6.137026760261506,12.29750106856227,19.74993694201112,0,0,0.625,True,True,6.833333333333333,20.0,True,20m
411.0,3_satellites,20.0,3,0.4285714285714285,52.94137569398824,37.884554634004026,32.59891131041202,365.1992917720419,354.6266081084576,-10.572683663584256,5.12608311484967,9.607663620795522,4.567640275295291,12.656443487852812,22.60399541631341,1,0,0.5714285714285714,True,True,6.85,20.0,True,20m
412.0,3_satellites,20.0,3,0.375,36.549694583134816,31.33861715322153,30.70571506022125,353.3687327031542,342.0245623957707,-11.34417030738348,2.1761235306039453,5.92739482363686,4.636217042338103,3.774417817592621,11.318936605006456,0,0,0.625,True,True,6.866666666666666,20.0,True,20m
413.0,3_satellites,20.0,3,0.375,57.740934313586834,41.08016155919236,30.70407528489691,368.0886898999168,356.7450702935648,-11.343619606352036,5.8847735854797065,10.250956374686211,5.189543835818768,14.98568132519722,23.62254033237696,1,0,0.5,True,True,6.883333333333334,20.0,True,20m
414.0,3_satellites,20.0,3,0.375,33.91235270596668,39.49951066484142,30.70248719310297,341.40022742012826,330.0570862877613,-11.343141132366952,3.211703598499298,9.235916120465845,6.024212521966547,5.6777592077851295,14.315501932054758,0,0,0.625,True,True,6.9,20.0,True,20m
415.0,3_satellites,20.0,3,0.375,34.24105268729076,34.98347913920506,30.7008640635516,348.5744918720135,337.2318800692713,-11.34261180274217,3.796831890940666,7.550883159972727,5.165037806145847,5.462715804576874,14.101337686181068,0,0,0.5,True,True,6.916666666666667,20.0,True,20m
416.0,3_satellites,20.0,3,0.375,37.576472539403966,40.97289853682302,30.69923478096823,344.6086626883367,333.26657790849583,-11.342084779840889,5.708322611171752,11.651986812707037,5.9436642015352845,10.832745414227247,18.282198905944824,0,0,0.625,True,True,6.933333333333334,20.0,True,20m
417.0,3_satellites,20.0,3,0.4285714285714285,33.62512917726127,52.02121524683354,46.74676186581585,339.1536084422781,315.574277315393,-23.57933112688511,4.281605092542512,7.742626718644585,4.145919224513428,10.087977804243565,17.007236998528242,0,0,0.5714285714285714,True,True,6.95,20.0,True,20m
418.0,3_satellites,20.0,3,0.4285714285714285,37.21210827326127,67.67272906775389,46.73903505741123,326.9713164787748,303.3968874734864,-23.57442900528838,7.8494695244090895,12.144998932523388,5.014411438788686,20.04029208049178,26.958734679967165,1,0,0.7142857142857143,True,True,6.966666666666667,20.0,True,20m
419.0,3_satellites,20.0,3,0.375,50.08205279810558,36.87296999965999,30.694310076518803,365.6497184900772,354.3092647059583,-11.340453784118893,9.43782103806734,13.852624725550411,5.522269333712757,19.324917905032635,27.96705150231719,1,0,0.5,True,True,6.983333333333333,20.0,True,20m
420.0,3_satellites,20.0,3,0.4285714285714285,29.673311167817484,66.95049508607424,46.72351372411482,326.1740456131569,302.6095009662606,-23.56454464689631,4.564981730920928,9.015384379242148,4.755422387804304,11.289797145873308,18.206609588116407,0,0,0.5714285714285714,True,True,7.0,20.0,True,20m
421.0,3_satellites,20.0,3,0.375,39.623091154881074,59.35009908764034,30.691077593374736,324.310005425967,312.9705600015343,-11.33944542443271,5.102654497139156,9.062856788281351,3.960202291142196,13.25751381367445,20.704456005245447,1,0,0.625,True,True,7.016666666666667,20.0,True,20m
422.0,3_satellites,20.0,3,0.4285714285714285,31.23080743900212,71.61139268185299,46.7079499574541,320.5637209513553,297.0090911571412,-23.55462979421412,3.149466749812876,7.821575742747102,5.11946413559573,7.103080783039331,12.620398830622436,0,0,0.5714285714285714,True,True,7.033333333333333,20.0,True,20m
423.0,3_satellites,20.0,3,0.4285714285714285,38.73474246486222,75.38794724679227,46.70013111503765,319.72129336043747,296.17165061101616,-23.54964274942131,6.802244331155505,10.94639153033495,4.591300198010036,16.044088412076235,22.95844422653317,1,0,0.5714285714285714,True,True,7.05,20.0,True,20m
424.0,3_satellites,20.0,3,0.375,22.924184121768405,37.72109714970133,30.68613076169352,350.0294335479353,338.6916315467475,-11.33780200118781,11.691810518037528,10.465357981156558,5.416656024754047,24.44403201714158,24.42711854726076,1,0,0.625,True,True,7.066666666666666,20.0,True,20m
425.0,3_satellites,20.0,3,0.4285714285714285,29.20395785552681,65.51046767861845,46.68448226469487,332.4605204184022,308.9208696394475,-23.53965077895469,2.637662699712174,5.847426389477083,3.656512554202761,5.487930979579687,8.599570967257023,0,0,0.5714285714285714,True,True,7.083333333333333,20.0,True,20m
426.0,3_satellites,20.0,3,0.4285714285714285,60.406192270318144,92.0695782678586,46.67679033109077,336.9969774410317,313.4622105201944,-23.534766920837285,30.59733006677457,28.40028641160045,5.128287406904357,70.34000147879124,63.42808172851801,4,1,0.5714285714285714,True,True,7.1,20.0,True,20m
427.0,3_satellites,20.0,3,0.5,34.276097695498805,73.34294277105062,47.06908527746992,324.6340358421058,302.72344278430006,-21.910593057805727,3.860071192185084,1.757050254692634,2.262433728824059,5.987067859619856,2.9774536043405533,0,0,0.5,True,True,7.116666666666666,20.0,True,20m
428.0,3_satellites,20.0,3,0.375,65.6811544102555,50.36915698696564,30.67941321104537,377.5285103144864,366.19299729077056,-11.335513023715803,14.593899943400174,18.187481824308637,5.948767241556197,25.72912598401308,34.37913117185235,4,0,0.625,True,True,7.133333333333334,20.0,True,20m
429.0,3_satellites,20.0,3,0.4285714285714285,38.29969582608991,78.76907637475523,46.65312245292639,321.5739645845081,298.054317616281,-23.51964696822705,3.304872853947537,5.506379331329039,3.4209044192518507,6.951296824961901,8.365234639495611,0,0,0.5714285714285714,True,True,7.15,20.0,True,20m
430.0,3_satellites,20.0,3,0.4285714285714285,27.09730148665035,63.47647888215857,46.645236010905776,338.2981302192635,314.7835373199733,-23.51459289929022,7.69299328699708,5.333177818251508,4.969841559018407,17.66962867975235,10.76101317256689,0,0,0.5714285714285714,True,True,7.166666666666667,20.0,True,20m
431.0,3_satellites,20.0,3,0.4285714285714285,28.139677381608514,60.83844354134127,46.63733180433905,336.4913444759538,312.9818076055521,-23.509536870401632,5.032938933798245,3.1288267374038696,4.236631429621151,9.340955268591642,6.270217590034008,0,0,0.7142857142857143,True,True,7.183333333333334,20.0,True,20m
432.0,3_satellites,20.0,3,0.4285714285714285,29.638353628014062,69.72554015883962,46.629470018666055,325.09294019064134,301.58841367794446,-23.504526512696884,3.0022632916058813,4.878884507609265,2.4977669742490565,5.947553414851427,8.552336174994707,0,0,0.5714285714285714,True,True,7.2,20.0,True,20m
433.0,3_satellites,20.0,3,0.4285714285714285,30.139066179851124,60.21610039506306,46.621528885236856,335.86001335960225,312.36057949911424,-23.49943386048801,3.02521394139954,2.1143636644950936,1.1295484176703865,5.34945959597826,3.484755009412765,0,0,0.5714285714285714,True,True,7.216666666666667,20.0,True,20m
434.0,3_satellites,20.0,3,0.375,70.07619586811607,51.27203610269643,30.669326951284013,383.7635302921458,372.4314234067277,-11.33210688541817,13.97057106718421,14.555788144934922,5.367390715051442,26.8826466165483,35.537879671901464,2,0,0.625,True,True,7.233333333333333,20.0,True,20m
435.0,3_satellites,20.0,3,0.4285714285714285,31.27696316224748,64.63529784498138,46.60571267540986,328.8501256714928,305.3607989278988,-23.48932674359395,2.2903212750596658,4.919988580048084,3.523393333490406,4.232724774628878,10.327385429292915,0,0,0.5714285714285714,True,True,7.25,20.0,True,20m
436.0,3_satellites,20.0,3,0.4285714285714285,24.685775022997863,66.41007401012075,46.59782137156588,322.0825634956439,298.5982749720504,-23.48428852359353,2.686877357640437,5.723167292773724,4.093810868582556,5.645406808704138,13.403282277286053,0,0,0.5714285714285714,True,True,7.266666666666667,20.0,True,20m
437.0,3_satellites,20.0,3,0.4285714285714285,25.89345658071517,57.233440131331214,46.58984849200206,336.19506269380537,312.71589044284934,-23.479172250956022,3.0000350076173032,4.384479797844376,2.426120818725654,5.720579329878092,7.386740554124117,0,0,0.5714285714285714,True,True,7.283333333333333,20.0,True,20m
438.0,3_satellites,20.0,3,0.4285714285714285,31.980938736474982,59.22284154542088,46.58187570111049,335.173157342154,311.69908990803737,-23.47406743411659,5.11640765996916,8.322477473744325,3.944134990551642,12.020911462605,18.92290784791112,0,0,0.7142857142857143,True,True,7.3,20.0,True,20m
439.0,3_satellites,20.0,3,0.4285714285714285,32.02273305604928,64.03601957217614,46.57395240033037,333.2827579949004,309.8137530835908,-23.469004911309582,1.9117982776037283,5.784936918744019,4.74294638261199,4.72145064920187,11.362110402435064,0,0,0.5714285714285714,True,True,7.316666666666666,20.0,True,20m
440.0,3_satellites,20.0,3,0.4285714285714285,34.13125681096144,66.40307126926037,46.56598904379533,333.82431361953627,310.36040490255715,-23.46390871697912,1.5610556011753425,5.841087293412004,4.5515528496887,3.4080486819148064,11.06603840738535,0,0,0.5714285714285714,True,True,7.333333333333333,20.0,True,20m
441.0,3_satellites,20.0,3,0.4285714285714285,29.55581515897584,64.42236082763351,46.55802300493372,332.6567760807842,309.1979675077169,-23.458808573067245,1.9615123899919649,6.439983216247389,4.707365680485964,3.4122830405831337,11.56292560696602,0,0,0.5714285714285714,True,True,7.35,20.0,True,20m
442.0,3_satellites,20.0,3,0.4285714285714285,32.8870908720371,68.34324933558845,46.550047318332645,329.47576474382,306.0220605073732,-23.45370423644681,1.5269513252590383,6.396223011825766,4.869271686566727,3.2386486418545246,10.531135972589254,0,0,0.5714285714285714,True,True,7.366666666666666,20.0,True,20m
443.0,3_satellites,20.0,3,0.4285714285714285,31.55234176417706,67.2247455696995,46.54205904409729,331.38978660949533,307.9412005677239,-23.44858604177142,2.2244990233864104,4.522588636726141,3.806304976876293,4.435972690582275,8.847486738115549,0,0,0.5714285714285714,True,True,7.383333333333334,20.0,True,20m
444.0,3_satellites,20.0,3,0.4285714285714285,26.32451739046178,61.57907471362829,46.53405983575821,334.7391868941828,311.2957307899261,-23.44345610425665,1.891812595405749,3.9265070238283695,2.9389052726328373,3.8076489455997935,7.336901091039181,0,0,0.5714285714285714,True,True,7.4,20.0,True,20m
445.0,3_satellites,20.0,3,0.4285714285714285,34.146903835022776,72.62364581778328,46.52607325635852,328.4497524407474,305.01140212084863,-23.438350319898746,2.1820162077035223,5.097627685006176,3.986503436629261,4.688678286969662,9.460581317543983,0,0,0.5714285714285714,True,True,7.416666666666667,20.0,True,20m
446.0,3_satellites,20.0,3,0.4285714285714285,26.707058703216862,60.41558397975821,46.5180296395179,342.50073824303803,319.0675587045279,-23.433179538510103,1.5870230591722898,4.366258133202791,3.2219277444694723,3.0895690098404884,6.124956592917442,0,0,0.5714285714285714,True,True,7.433333333333334,20.0,True,20m
447.0,3_satellites,20.0,3,0.4285714285714285,28.74084326894271,67.89878287570332,46.51002346129263,333.31064959299687,309.8825925491732,-23.428057043823685,0.8015870095363685,5.7982282564044,4.996641246868031,1.4175047390162945,9.943172801285982,0,0,0.5714285714285714,True,True,7.45,20.0,True,20m
448.0,3_satellites,20.0,3,0.4285714285714285,25.01240013545029,65.78456902295582,46.50199733676895,336.553335566961,313.1304258091585,-23.422909757802472,1.895003788705383,4.531038366258144,3.838399438453572,4.470972865819931,8.350623577833176,0,0,0.5714285714285714,True,True,7.466666666666667,20.0,True,20m
449.0,3_satellites,20.0,3,0.4285714285714285,25.186891907825824,63.011578546931,46.493942258089305,342.194414394181,318.77667612653147,-23.417738267649558,2.650840795465878,3.365797518087285,3.1801406735820428,6.259604401886463,6.920361619442701,0,0,0.5714285714285714,True,True,7.483333333333333,20.0,True,20m
450.0,3_satellites,20.0,3,0.4285714285714285,29.588118320766636,65.27757405977108,46.485873450850704,341.90632617510994,318.49376468633795,-23.412561488771985,2.303522235580853,5.606579449027777,4.443453549806561,4.7692621648311615,11.022766325622795,0,0,0.5714285714285714,True,True,7.5,20.0,True,20m
451.0,3_satellites,20.0,3,0.4285714285714285,36.403910936196766,77.60873125932204,46.47784051161826,330.6967163230468,307.2892932676227,-23.407423055424037,4.135975795664957,8.584710638970137,5.13806467716183,7.41995258629322,15.992170695215464,0,0,0.5714285714285714,True,True,7.516666666666667,20.0,True,20m
452.0,3_satellites,20.0,3,0.375,39.504384569175606,36.24000878806455,30.638314718242206,365.5418572295376,354.22046441028334,-11.3213928192543,8.679290912579745,13.882282263599336,6.031073706690222,17.477917719632387,25.52982994541526,2,0,0.5,True,True,7.533333333333333,20.0,True,20m
453.0,3_satellites,20.0,3,0.4285714285714285,28.049588310804257,64.60130420580595,46.461664951347736,340.82906258754355,317.4320382395188,-23.397024348024782,2.1366054697760517,6.028563975755658,4.598375901579857,3.848418455570936,11.279143545776606,0,0,0.5714285714285714,True,True,7.55,20.0,True,20m
454.0,3_satellites,20.0,3,0.375,61.13160615797011,46.94108749967585,30.63477054177431,384.0474567451014,372.72734060723167,-11.320116137869718,12.22453214460984,16.004765453748405,6.160393678117544,23.464543145149943,32.13706849142909,3,0,0.625,True,True,7.566666666666666,20.0,True,20m
455.0,3_satellites,20.0,3,0.4285714285714285,33.11871255864991,68.34495840520708,46.44546821268672,337.2798128472876,313.8931878831807,-23.38662496410689,3.661230464598962,6.763356976211071,4.564644993948085,7.608702555298805,13.233940858393908,0,0,0.5714285714285714,True,True,7.583333333333333,20.0,True,20m
456.0,3_satellites,20.0,3,0.375,33.019157211866826,43.73316693409852,30.631274332747967,352.0774147545216,340.7585026473532,-11.318912107168444,7.088031450752169,11.164016472175716,5.864862013142556,13.757812470197678,22.43206113949418,1,0,0.5,True,True,7.6,20.0,True,20m
457.0,3_satellites,20.0,3,0.4285714285714285,35.08798457512647,63.288832455438,46.42922144927178,346.0883440090057,322.71216690968714,-23.376177099318568,2.257865410298109,4.66102500845279,3.837813951075077,4.349207565188408,8.834720615297556,0,0,0.7142857142857143,True,True,7.616666666666666,20.0,True,20m
458.0,3_satellites,20.0,3,0.375,66.31318011283275,52.17464365596251,30.62768518657938,387.3219905333345,376.0043997475028,-11.317590785831726,10.930461497511716,14.277521135285497,5.731055237818509,22.785578157752752,31.461536049842834,3,0,0.625,True,True,7.633333333333334,20.0,True,20m
459.0,3_satellites,20.0,3,0.375,89.37757469404679,67.76074862282977,30.625870118793888,407.6813785996787,396.364467980061,-11.31691061961766,15.289119073189797,19.317734397482127,5.912538971286267,36.9602217040956,45.63703463226557,3,0,0.5,True,True,7.65,20.0,True,20m
460.0,3_satellites,20.0,3,0.375,66.36104367704968,52.06591375324508,30.62411710711663,386.7679109067363,375.45159996937934,-11.316310937356944,11.334306376986206,15.111983475275338,6.163588694296777,21.551687639206648,26.9356412217021,3,0,0.625,True,True,7.666666666666667,20.0,True,20m
461.0,3_satellites,20.0,3,0.4285714285714285,35.01443977230242,67.21305113803089,46.39667841671665,340.7840862034215,317.42882200793895,-23.35526419548256,0.4037122087819235,5.223492671336446,4.819780462554523,0.9827879816293716,9.1391022503376,0,0,0.5714285714285714,True,True,7.683333333333334,20.0,True,20m
462.0,3_satellites,20.0,3,0.4285714285714285,35.98613066606864,74.11900523321727,46.38853946773663,329.9694272132268,306.6193862417982,-23.3500409714286,2.664626665945564,7.754390083253384,5.08976341730782,5.062127117067576,12.8708469979465,0,0,0.5714285714285714,True,True,7.7,20.0,True,20m
463.0,3_satellites,20.0,3,0.4285714285714285,41.64195140175372,83.60126020628712,46.38040460580148,322.4110307608461,299.06620923955313,-23.344821521292943,1.104097225836345,6.1233692014856,5.019271975649255,1.645360454916954,9.639733865857124,0,0,0.5714285714285714,True,True,7.716666666666667,20.0,True,20m
464.0,3_satellites,20.0,3,0.4285714285714285,41.16371672392422,84.17359782747067,46.3722373631585,321.3447905997562,298.0052218637766,-23.339568735979583,3.2602240847689763,8.010537904820271,5.189790265368564,5.299466788768768,13.173152577131988,0,0,0.5714285714285714,True,True,7.733333333333333,20.0,True,20m
465.0,3_satellites,20.0,3,0.4285714285714285,42.07207745676354,85.12596718745294,46.36404814376411,320.75234852250736,297.4180490337969,-23.334299488710485,1.9977643202458109,6.527351065937962,4.968891544533627,5.045303143560886,12.92312104254961,0,0,0.5714285714285714,True,True,7.75,20.0,True,20m
466.0,3_satellites,20.0,3,0.4285714285714285,36.6570721441509,76.63241275053929,46.35581564186393,330.3080726054564,306.9790847863918,-23.328987819064597,1.6725450796740395,5.1417065640645365,4.178527149238756,3.372818026691675,9.359603192657232,0,0,0.5714285714285714,True,True,7.766666666666667,20.0,True,20m
467.0,3_satellites,20.0,3,0.4285714285714285,41.18988974544902,77.59140266128493,46.34759114407077,330.8714375335173,307.54774812441326,-23.32368940910402,2.443743928202561,6.025734185108116,4.348030474569116,4.166822861880064,11.04448701068759,0,0,0.7142857142857143,True,True,7.783333333333333,20.0,True,20m
468.0,3_satellites,20.0,3,0.4285714285714285,37.21799687554452,71.28937429954895,46.33936206768838,339.1836593224881,315.865276684916,-23.31838263757209,2.6385359380926405,4.191847505314009,3.86250673873084,6.643932145088911,8.168829496949911,0,0,0.7142857142857143,True,True,7.8,20.0,True,20m
469.0,3_satellites,20.0,3,0.4285714285714285,41.94941026045108,76.16255504705065,46.331141312086686,335.1696985797925,311.8566068628855,-23.313091716907024,3.604632047138044,6.187559293849128,4.789416784154517,6.46456815302372,12.220782555639744,0,0,0.7142857142857143,True,True,7.816666666666666,20.0,True,20m
470.0,3_satellites,20.0,3,0.4285714285714285,37.94265998184907,71.29470688567947,46.32290009599177,339.64455365209574,316.33677562035734,-23.307778031738398,3.4458439270300523,6.755157365330628,4.078257655990975,7.523920182138681,14.399032063782215,0,0,0.7142857142857143,True,True,7.833333333333333,20.0,True,20m
471.0,3_satellites,20.0,3,0.375,45.590942143818985,40.67432426294836,30.60426181016226,368.9453360340879,357.63621538731303,-11.309120646774886,7.602113514672965,11.257772179320456,6.052096489351243,11.015930403023958,19.44080755859613,0,0,0.625,True,True,7.85,20.0,True,20m
472.0,3_satellites,20.0,3,0.4285714285714285,40.88733009989643,74.67807150485713,46.30640700037338,334.3431965879625,311.04604374500803,-23.29715284295446,5.489804903843573,8.360160883516073,4.50530934546675,11.983405020087956,18.856813110411167,0,0,0.7142857142857143,True,True,7.866666666666666,20.0,True,20m
473.0,3_satellites,20.0,3,0.4285714285714285,36.53517238775997,68.33293910754928,46.29813522041196,343.7838541764992,320.4920400819006,-23.29181409459858,2.687829015510423,4.7691800354846885,3.995881721909557,5.955116841942072,10.044145606458189,0,0,0.7142857142857143,True,True,7.883333333333334,20.0,True,20m
474.0,3_satellites,20.0,3,0.4285714285714285,45.08140704456184,79.45705842083942,46.289878208980525,339.09382531249304,315.8073236257373,-23.28650168675574,4.2267889353845804,5.869236826896668,4.6766920158905645,9.241432271897793,12.424034778028728,0,0,0.5714285714285714,True,True,7.9,20.0,True,20m
475.0,3_satellites,20.0,3,0.4285714285714285,49.07811627156688,81.18234650870272,46.28158433237392,333.6698525814415,310.3887010651484,-23.281151516293107,7.967220727354288,10.469207460858993,4.877006541405406,18.123884681612253,24.994733527302746,1,0,0.7142857142857143,True,True,7.916666666666667,20.0,True,20m
476.0,3_satellites,20.0,3,0.4285714285714285,36.2892590053785,69.10898416737147,46.27328829050258,342.5323278647662,319.2565351799326,-23.27579268483362,4.744384886963027,7.788979107780116,4.335508512599128,8.668450761586428,15.538449309766293,0,0,0.7142857142857143,True,True,7.933333333333334,20.0,True,20m
477.0,3_satellites,20.0,3,0.4285714285714285,44.11810165952424,73.90619477557416,46.26498140549457,342.4861936047323,319.2157599555126,-23.270433649219683,7.390754779002496,9.330140842390913,4.98007664510182,13.140070360153912,20.00921167433262,1,0,0.5714285714285714,True,True,7.95,20.0,True,20m
478.0,3_satellites,20.0,3,0.375,81.8673853386374,63.97521121504682,30.591336980467148,399.2888306866513,387.98452234115456,-11.304308345496736,18.045032914727926,21.815086824353784,6.173183945473284,25.442648459225893,32.18069173023105,5,0,0.625,True,True,7.966666666666667,20.0,True,20m
479.0,3_satellites,20.0,3,0.375,54.18625577723992,44.48957002250622,30.58951312423374,377.2817427216556,365.9780846552418,-11.303658066413789,12.843207804951817,17.324363082647324,6.054225065279752,21.35097062215209,28.76725774258375,3,0,0.5,True,True,7.983333333333333,20.0,True,20m
480.0,3_satellites,20.0,3,0.375,45.42425959878512,52.99247354118914,30.587680070378912,356.95031779335267,345.647316051708,-11.303001741644664,11.560628510080278,16.303839299827814,6.031376112252474,23.461091075092558,30.87682607769966,3,0,0.625,True,True,8.0,20.0,True,20m
481.0,3_satellites,20.0,3,0.375,33.72180169351927,49.18830337281472,30.585833798123115,353.0529057555448,341.75058335915514,-11.302322396389684,5.761157815344632,9.87892303057015,5.79448099154979,10.173989858478308,16.038183633238077,0,0,0.5,True,True,8.016666666666667,20.0,True,20m
482.0,3_satellites,20.0,3,0.375,34.19061568126924,54.52545449221634,30.58397606726756,345.53165698204435,334.2300208638306,-11.301636118213764,5.081015264149755,11.06342268595472,5.9824074218049645,14.68632223457098,22.100950334221125,1,0,0.625,True,True,8.033333333333333,20.0,True,20m
483.0,3_satellites,20.0,3,0.375,38.40271685908724,62.39599103458228,30.58212192850664,345.56779397659227,334.2668415994096,-11.30095237718274,3.942034354433417,6.057337500154972,3.7308577382937074,8.006171010434628,13.38105109706521,0,0,0.5,True,True,8.05,20.0,True,20m
484.0,3_satellites,20.0,3,0.375,40.8813143520753,45.39776930242652,30.58021245725215,373.948119394244,362.6479170783831,-11.300202315860927,6.71510806819424,11.06013134168461,5.922354380600154,11.668415751308205,18.94509168714285,0,0,0.5,True,True,8.066666666666666,20.0,True,20m
485.0,3_satellites,20.0,3,0.375,39.18243083494556,58.345116582601854,30.57836206996704,357.4637349985903,346.1642038980856,-11.299531100504735,5.119779118336737,8.575149743352085,4.893959433306009,11.324904769659042,18.73786393925548,0,0,0.625,True,True,8.083333333333334,20.0,True,20m
486.0,3_satellites,20.0,3,0.375,50.48188824955487,46.0837900866605,30.576441997797243,387.4685462750502,376.1697761073964,-11.2987701676538,8.346944769378752,11.98217172594741,6.045991885475814,13.276373356580734,21.976131178438663,1,0,0.625,True,True,8.1,20.0,True,20m
487.0,3_satellites,20.0,3,0.375,39.63090607573864,47.97717429154677,30.57458043083865,369.32744176879055,358.0293545172772,-11.29808725151338,4.830396413337439,8.498936031479388,5.701274184510112,8.14698963239789,16.505677923560143,0,0,0.5,True,True,8.116666666666667,20.0,True,20m
488.0,3_satellites,20.0,3,0.375,40.31163532988808,50.644493821332766,30.572691986014025,370.07098265110966,358.7736070092499,-11.297375641859787,5.808454337529838,9.793342308141291,5.959491088055074,9.615889981389046,16.601611725986004,0,0,0.5,True,True,8.133333333333333,20.0,True,20m
489.0,3_satellites,20.0,3,0.375,43.46538431787405,43.97054967714414,30.57078884137436,387.7707187452381,376.4740776225103,-11.296641122727864,7.84695582697168,9.408348834142087,4.972540678922087,12.136582020670176,20.83886740356684,1,0,0.625,True,True,8.15,20.0,True,20m
490.0,3_satellites,20.0,3,0.375,40.45234053998882,47.26033376177052,30.56890053795072,382.3469895293815,371.0510561119283,-11.29593341745317,5.3224329627119005,8.912509328685701,5.646316907834262,8.336522720754147,17.0396482758224,0,0,0.5,True,True,8.166666666666666,20.0,True,20m
491.0,3_satellites,20.0,3,0.375,39.18933760447581,51.81254668390476,30.567009793509843,374.6427926371728,363.347568946093,-11.295223691079798,4.944121513981372,9.164952374994757,5.0530551937408745,11.850635964423418,20.554602690041065,1,0,0.5,True,True,8.183333333333334,20.0,True,20m
492.0,3_satellites,20.0,3,0.375,55.28023524990797,44.68965568394501,30.56506562650725,402.20795583026415,390.9135090348015,-11.294446795462704,10.278075458016248,15.278032113797964,5.832280460279435,27.969570215791464,36.67437380179763,2,0,0.5,True,True,8.2,20.0,True,20m
493.0,3_satellites,20.0,3,0.375,61.50311219359078,49.97269243312521,30.56315850819401,410.3653630636082,399.0716462851949,-11.29371677841334,11.127699724864216,13.562952128238976,4.963076015468687,21.031284168362617,29.73692550510168,2,0,0.625,True,True,8.216666666666667,20.0,True,20m
494.0,3_satellites,20.0,3,0.375,46.52886960596707,41.14148891613455,30.56126400352801,399.75281731129616,388.45981038333554,-11.29300692796062,7.054525030776858,9.472968267742544,4.836832051631063,12.156582545489073,20.863064143806696,1,0,0.625,True,True,8.233333333333333,20.0,True,20m
495.0,3_satellites,20.0,3,0.4285714285714285,33.17639277956424,66.13925068670318,46.11408882028094,369.4565701757688,346.2836603124834,-23.17290986328544,1.865377699158021,3.3749650541160787,1.5095873549580574,3.185870625078678,5.525414757430553,0,0,0.5714285714285714,True,True,8.25,20.0,True,20m
496.0,3_satellites,20.0,3,0.4285714285714285,30.056643340586685,60.01374517225177,46.105601235823286,375.91915596433887,352.7517487197317,-23.167407244607148,1.2275729913796698,5.122310967849834,4.172485048749617,2.5584953762590885,8.590791191905737,0,0,0.5714285714285714,True,True,8.266666666666667,20.0,True,20m
497.0,3_satellites,20.0,3,0.4285714285714285,31.707200284304616,60.13594173693858,46.09712772301518,375.9448759335306,352.78295705899285,-23.161918874537776,3.923397199915988,1.7169834737266814,2.640623896781887,6.255558017641306,3.200770393013954,0,0,0.5714285714285714,True,True,8.283333333333333,20.0,True,20m
498.0,3_satellites,20.0,3,0.4285714285714285,27.826469206808195,56.10198532755332,46.08864193623939,379.67657527110913,356.52015528192,-23.156419989189143,2.7977941233132566,2.8042353072336743,2.584701410893883,6.055866979062557,6.524200636893511,0,0,0.5714285714285714,True,True,8.3,20.0,True,20m
499.0,3_satellites,20.0,3,0.375,34.11811430217502,40.07258986281053,30.55166963794984,395.10020619412745,383.81086796749526,-11.289338226632196,4.924474236089736,6.126149377785623,4.737245558295399,7.560453180223703,14.854591373354197,0,0,0.5,True,True,8.316666666666666,20.0,True,20m
500.0,3_satellites,20.0,3,0.4285714285714285,32.95587197003968,64.5767398882205,46.07165024370087,381.7019557042871,358.55653626419274,-23.145419440094315,4.470678208661931,2.2636268165494715,3.3797249836581096,8.478221233934164,5.011377941817045,0,0,0.5714285714285714,True,True,8.333333333333334,20.0,True,20m
501.0,3_satellites,20.0,3,0.4285714285714285,33.258715000547355,59.43909226797171,46.063114115658166,389.0891564656546,365.94927753012377,-23.139878935530877,4.068896974303892,2.819522433515106,3.952922970056534,9.356391787528992,6.855424426496029,0,0,0.5714285714285714,True,True,8.35,20.0,True,20m
502.0,3_satellites,20.0,3,0.4285714285714285,33.431036857462466,65.08066893870577,46.0546137807158,381.7432460849077,358.6088682327382,-23.134377852169507,2.971955014126641,4.221438678247588,2.3832732811570168,5.087486010044813,7.539438661187887,0,0,0.5714285714285714,True,True,8.366666666666667,20.0,True,20m
503.0,3_satellites,20.0,3,0.4285714285714285,34.20584954469048,50.81015965812183,46.04602768150159,396.7862040375065,373.6574141910136,-23.128789846492907,3.5022022293082307,4.003692569477217,3.804125386157206,8.147228669375181,7.3507070653140545,0,0,0.5714285714285714,True,True,8.383333333333333,20.0,True,20m
504.0,3_satellites,20.0,3,0.375,37.48584554145673,41.81419460053165,30.54196395263711,401.6614840843416,390.3759037220275,-11.28558036231408,3.9048058786429465,6.338504552375525,4.861600029282272,9.365301933139564,12.361542731523514,0,0,0.625,True,True,8.4,20.0,True,20m
505.0,3_satellites,20.0,3,0.4285714285714285,31.1606680592429,64.6715705057287,46.02899246950123,385.03525112561226,361.9174858317327,-23.117765293879582,3.8341446556150913,2.225047717136996,2.159615759870836,7.077757943421602,4.159637421369553,0,0,0.7142857142857143,True,True,8.416666666666666,20.0,True,20m
506.0,3_satellites,20.0,3,0.4285714285714285,30.763941741548084,62.07113602225427,46.020423138807566,386.3089131286653,363.1967103614585,-23.11220276720684,2.729432641395501,3.5997904453958784,2.255550845393113,3.8792683221399775,7.197042655199766,0,0,0.5714285714285714,True,True,8.433333333333334,20.0,True,20m
507.0,3_satellites,20.0,3,0.4285714285714285,31.11564511388116,60.11978206094508,46.01184886462226,389.8128259641976,366.7061893411609,-23.10663662303665,3.3824990253363336,1.9934259642447745,2.56627261106457,7.2453297190368176,4.293574418872595,0,0,0.7142857142857143,True,True,8.45,20.0,True,20m
508.0,3_satellites,20.0,3,0.4285714285714285,27.992028810520708,57.86885335603866,46.003277049563,390.2840196134985,367.182945921246,-23.101073692252555,3.1954471080430915,2.0818129368126392,1.608920591218131,5.34088085219264,4.40800728276372,0,0,0.5714285714285714,True,True,8.466666666666667,20.0,True,20m
509.0,3_satellites,20.0,3,0.4285714285714285,35.212913880431145,62.71650374218115,45.99467923547462,391.3308798143051,368.2353854456276,-23.095494368677464,2.8367533705064227,3.0573972138975347,1.5521770540092672,4.423060413450003,5.852323871105909,0,0,0.5714285714285714,True,True,8.483333333333333,20.0,True,20m
510.0,3_satellites,20.0,3,0.375,28.575882933371016,44.54438831816957,30.53020964476246,394.5051282996188,383.2241236000656,-11.28100469955325,2.3308654660359025,3.8594148880802095,2.1611153692938387,3.983270462602377,6.163336481899023,0,0,0.625,True,True,8.5,20.0,True,20m
511.0,3_satellites,20.0,3,0.375,34.7450441925624,43.42723215563376,30.52822375442432,400.3092592309194,389.0290423521212,-11.280216878798171,1.975399253424257,7.111698766704649,5.313671234063804,3.2457701340317726,11.966418989002705,0,0,0.625,True,True,8.516666666666667,20.0,True,20m
512.0,3_satellites,20.0,3,0.375,33.927110752647074,51.27683204162489,30.526258287136447,390.61043694467287,379.3309801142454,-11.279456830427478,3.357020295690745,6.817094638943672,4.294276935514063,6.259376242756844,14.980855576694012,0,0,0.5,True,True,8.533333333333333,20.0,True,20m
513.0,3_satellites,20.0,3,0.375,34.083851480653735,58.364759289493904,30.524292838625342,377.7651679153026,366.48647159821456,-11.278696317088077,3.081850292161107,4.799965872429311,4.266342512331903,7.743449252098799,9.68464234098792,0,0,0.5,True,True,8.55,20.0,True,20m
514.0,3_satellites,20.0,3,0.375,50.81491221485618,43.0987815933974,30.5222525926246,416.6610415470025,405.3831980999602,-11.2778434470423,6.276049991138279,10.373067926615477,5.850418905727565,11.05079859495163,19.773927699774504,0,0,0.5,True,True,8.566666666666666,20.0,True,20m
515.0,3_satellites,20.0,3,0.375,35.10090022623382,40.22006938514657,30.5202781212072,402.63391114333257,391.3568306254419,-11.27708051789068,7.252481276169419,12.336424542125314,5.918414215091616,19.578752119094133,28.302711855620142,1,0,0.5,True,True,8.583333333333334,20.0,True,20m
516.0,3_satellites,20.0,3,0.4285714285714285,34.315679438679695,74.53727086430393,45.93438706724675,375.9221721140728,352.865815536537,-23.056356577535723,3.4513130156057223,4.51322299401675,3.988809346620525,6.454922445118427,11.895886201411486,0,0,0.7142857142857143,True,True,8.6,20.0,True,20m
517.0,3_satellites,20.0,3,0.375,31.795805710512663,40.39532113081339,30.51629256941426,400.1539445661382,388.8784375313972,-11.275507034740995,8.488303033169359,11.858520784880966,5.358793609775603,20.22312417253852,28.948737002909184,1,0,0.5,True,True,8.616666666666667,20.0,True,20m
518.0,3_satellites,20.0,3,0.375,49.78603308727309,37.27771707967083,30.514261110411365,424.2202666861496,412.9455934198268,-11.27467326632285,10.333050168585032,14.122474336531011,4.629540520720184,24.964873261749744,33.6913086026907,3,0,0.5,True,True,8.633333333333333,20.0,True,20m
519.0,3_satellites,20.0,3,0.375,40.818151670227095,37.38212607252103,30.512269972414543,413.46788705531947,402.1939917222309,-11.273895333088548,8.086342900525779,12.2698108041659,5.018290753941983,18.59128461033106,27.31854408606887,1,0,0.5,True,True,8.65,20.0,True,20m
520.0,3_satellites,20.0,3,0.375,38.81470145493345,42.46642424206989,30.51027442039618,411.2522487220736,399.9791373724054,-11.273111349668229,6.073014413006604,8.73590416368097,4.735022314824164,13.25138071551919,18.551852613687515,0,0,0.625,True,True,8.666666666666666,20.0,True,20m
521.0,3_satellites,20.0,3,0.375,49.72944131655511,40.16419059156458,30.50823811473964,422.1827930838221,410.9105129499149,-11.272280133907143,8.905727426987141,12.73014992568642,5.702087340410799,23.35877090319991,32.087676320225,2,0,0.5,True,True,8.683333333333334,20.0,True,20m
522.0,3_satellites,20.0,3,0.375,59.97271050843449,44.44515429310721,30.506210480397804,434.52857184299137,423.25711264786776,-11.271459195123612,10.58524876786396,12.61627026926726,4.475998355541378,20.033830367028717,28.763557113707066,2,0,0.625,True,True,8.7,20.0,True,20m
523.0,3_satellites,20.0,3,0.375,68.12930670128887,51.80011266585771,30.50418219104365,440.8785585472403,429.6079158991993,-11.270642648040962,11.670452840160578,14.281728826928884,5.057200034148991,23.10272504761815,31.833272103220224,2,0,0.625,True,True,8.716666666666667,20.0,True,20m
524.0,3_satellites,20.0,3,0.4285714285714285,33.414525004638044,69.0432000294237,45.8648476509821,386.5067505466876,363.49562971144775,-23.011120835239808,1.2788580762488502,6.160832103341818,5.263310666063002,2.058360643684864,9.450086757540705,0,0,0.5714285714285714,True,True,8.733333333333333,20.0,True,20m
525.0,3_satellites,20.0,3,0.375,59.19533614018746,44.50652086826415,30.500133331156057,435.91521295410047,424.6461860813115,-11.26902687278897,14.225411152932791,16.964538724161685,5.18694327166304,30.85935513302684,39.59154720231891,2,0,0.625,True,True,8.75,20.0,True,20m
526.0,3_satellites,20.0,3,0.4285714285714285,35.95397981412946,75.07496740553664,45.84740328134657,384.5622076509487,361.5624332203743,-22.999774430574405,0.8333135981644902,4.9123417511582375,4.356689640453884,1.3667658008635044,8.822870254516602,0,0,0.5714285714285714,True,True,8.766666666666667,20.0,True,20m
527.0,3_satellites,20.0,3,0.375,72.08072034616848,54.931599887387726,30.49605817424243,445.6376991074193,434.370318566369,-11.267380541050272,14.043290410656482,16.369903387501836,5.45369318081066,22.620116151869297,31.35394455865025,2,0,0.625,True,True,8.783333333333333,20.0,True,20m
528.0,3_satellites,20.0,3,0.4285714285714285,35.17160202413986,74.01308017045965,45.82989433369465,382.8214539207428,359.8330820788074,-22.98837184193536,3.341717350695814,6.476681815194232,3.5649874875588075,7.001301605254412,12.299161784350872,0,0,0.5714285714285714,True,True,8.8,20.0,True,20m
529.0,3_satellites,20.0,3,0.4285714285714285,38.91996537740393,81.0156246436828,45.82116282891349,374.86552028652886,351.8828250493217,-22.98269523720711,2.3496698508305207,7.314686109444925,5.197336272469589,5.130064107477665,13.271307174116371,0,0,0.5714285714285714,True,True,8.816666666666666,20.0,True,20m
530.0,3_satellites,20.0,3,0.375,102.55061169273476,79.17204300498129,30.489887699946667,472.71011500958303,461.4452561265355,-11.26485888304751,20.04919828521088,23.198187921661884,5.601534813642502,43.1218106597662,51.85809272900224,4,1,0.625,True,True,8.833333333333334,20.0,True,20m
531.0,3_satellites,20.0,3,0.375,51.954435920882,42.07796795390284,30.48790147408236,431.3501405962328,420.0860296530912,-11.264110943141588,7.564293702133,11.312316236551853,6.201510264072567,12.859059989452362,18.14449927583337,0,0,0.625,True,True,8.85,20.0,True,20m
532.0,3_satellites,20.0,3,0.375,65.66636408971753,51.42029611481328,30.485830750561792,440.039441973356,428.776182030963,-11.26325994239295,13.590120147913694,16.563395814038813,5.427709123119712,20.20205544680357,27.562517642974854,3,0,0.625,True,True,8.866666666666667,20.0,True,20m
533.0,3_satellites,20.0,3,0.375,42.16001180362893,44.271468057292736,30.483808894049552,417.774277093692,406.5118061587754,-11.262470934916564,6.9803974707610905,9.429025048855692,5.32955760974437,13.435070518404244,13.768224075436592,0,0,0.625,True,True,8.883333333333333,20.0,True,20m
534.0,3_satellites,20.0,3,0.375,40.30401135316788,47.70559365767227,30.481753159986734,412.6355410439488,401.3738972688921,-11.261643775056656,5.656057977583259,9.402854712679982,6.203117252793163,12.710872810333967,17.992232277989388,0,0,0.625,True,True,8.9,20.0,True,20m
535.0,3_satellites,20.0,3,0.375,63.48336515303368,52.95984309723639,30.479653797212062,438.05316672200576,426.7924059782535,-11.260760743752256,10.261120405513791,13.95947089139372,6.1556168221868575,18.61488113552332,27.35524543374777,3,0,0.625,True,True,8.916666666666666,20.0,True,20m
536.0,3_satellites,20.0,3,0.4285714285714285,32.85327434650208,65.68103212488373,45.75949805071044,398.7526075776017,375.8101273207964,-22.94248025680531,3.518215893634728,5.940354078475918,4.508120430899518,6.277180928736925,12.854168556630611,0,0,0.7142857142857143,True,True,8.933333333333334,20.0,True,20m
537.0,3_satellites,20.0,3,0.4285714285714285,32.09355334814361,64.37610786602541,45.750666728994375,396.7089574434172,373.7722383836066,-22.936719059810518,2.229006641677448,5.547187557177884,3.7471274392945424,4.234142757952213,10.274906769394876,0,0,0.5714285714285714,True,True,8.95,20.0,True,20m
538.0,3_satellites,20.0,3,0.4285714285714285,33.556807208662136,58.94130701695933,45.741790834575056,403.9862487879656,381.05532975164846,-22.930919036317164,4.686300313898495,6.825401043253286,5.31094691157341,8.374982308596373,14.48026080057025,0,0,0.5714285714285714,True,True,8.966666666666667,20.0,True,20m
539.0,3_satellites,20.0,3,0.4285714285714285,29.057875977877888,61.98412327901695,45.73297471358481,399.2459116607081,376.32073562287775,-22.92517603783034,2.992373490439994,2.3202206130538667,0.8945839548749583,4.590954605489969,4.261417489498854,0,0,0.5714285714285714,True,True,8.983333333333333,20.0,True,20m
540.0,3_satellites,20.0,3,0.4285714285714285,32.74705575271762,53.66725681425131,45.72407263098757,409.4870599513159,386.56770805788665,-22.919351893429223,2.7869638396160945,3.363864426101957,2.892054628048624,6.253327511250973,7.47174122557044,0,0,0.7142857142857143,True,True,9.0,20.0,True,20m
541.0,3_satellites,20.0,3,0.375,45.82687919370561,40.87250166444432,30.46718719525079,425.8578200430583,414.6021397856359,-11.255680257422457,6.656527964398265,10.24860451510176,6.0549987512640655,8.94026305899024,15.236338917165996,0,0,0.625,True,True,9.016666666666667,20.0,True,20m
542.0,3_satellites,20.0,3,0.375,46.48756370308216,40.62760065395949,30.4650942905864,425.674502651787,414.4196820099911,-11.254820641795902,5.880918322596699,9.979708183091134,5.827223342843354,10.89908355847001,19.645139541476965,0,0,0.5,True,True,9.033333333333333,20.0,True,20m
543.0,3_satellites,20.0,3,0.375,62.2636421816467,49.5125911107054,30.46297602617399,438.7791937474392,427.52525939454426,-11.253934352894872,12.437898010481147,15.71433654334396,5.741246320772916,27.061941791325808,35.80880739912391,3,0,0.625,True,True,9.05,20.0,True,20m
544.0,3_satellites,20.0,3,0.375,44.48606925695034,39.71119860806564,30.46089877412858,427.9815642245515,416.72846724246506,-11.253096982086449,7.121908870991319,9.046142000239342,4.616886672563851,11.4240476898849,20.17172547057271,1,0,0.625,True,True,9.066666666666666,20.0,True,20m
545.0,3_satellites,20.0,3,0.375,51.84345682879241,45.403664272214506,30.458786250856573,430.3939440183877,419.1417217721949,-11.2522222461929,7.262871967628598,10.771256440784782,5.975074412766844,11.007500372827051,19.70567966252565,0,0,0.625,True,True,9.083333333333334,20.0,True,20m
546.0,3_satellites,20.0,3,0.375,49.92513195844397,41.38005814517095,30.456680409114444,430.3396759581037,419.0883237734892,-11.251352184614577,5.476047439966351,7.344458908308297,4.0843360805884,9.01238127425313,17.761675130575895,0,0,0.5,True,True,9.1,20.0,True,20m
547.0,3_satellites,20.0,3,0.375,44.122934821419946,43.66017000782354,30.454581681765827,422.8399581009583,411.5894607526616,-11.250497348296731,6.0754016446881,6.645821211393923,5.101541606709361,9.223338980227709,16.94374479725957,0,0,0.5,True,True,9.116666666666667,20.0,True,20m
548.0,3_satellites,20.0,3,0.375,55.81354456683052,42.962509694087615,30.452442287957467,434.7832882608379,423.53369564639416,-11.249592614443714,5.281687101349235,8.889804692473263,5.01219725003466,12.404128652065992,21.155036460608244,1,0,0.5,True,True,9.133333333333333,20.0,True,20m
549.0,3_satellites,20.0,3,0.4285714285714285,42.19806460239264,54.149561452855366,45.643895513241866,413.18461734934857,390.317637255517,-22.86698009383156,1.1949119397572108,5.871570119368179,4.676658179610968,2.095593135803938,9.929050043225288,0,0,0.5714285714285714,True,True,9.15,20.0,True,20m
550.0,3_satellites,20.0,3,0.4285714285714285,46.92836521362405,60.84894228698046,45.63494386996096,408.3311928093314,385.4700602357519,-22.86113257357954,6.196469386241266,9.408347404428891,4.251948584935495,11.808554541319609,18.61359766870737,0,0,0.7142857142857143,True,True,9.166666666666666,20.0,True,20m
551.0,3_satellites,20.0,3,0.4285714285714285,33.29922455227035,51.30410356255236,45.6259968283921,405.5782780737702,382.7229931890705,-22.8552848846997,3.923653340765408,8.34575112589768,4.862469378326621,7.47098882496357,16.36215215548873,0,0,0.5714285714285714,True,True,9.183333333333334,20.0,True,20m
552.0,3_satellites,20.0,3,0.4285714285714285,36.3810277902036,43.423662224910494,45.61701154224868,415.5978720703754,392.7484735019957,-22.84939856837974,4.074075479592596,6.799129954938378,4.604245697281191,8.885470550507307,12.81905172020197,0,0,0.5714285714285714,True,True,9.2,20.0,True,20m
553.0,3_satellites,20.0,3,0.4285714285714285,30.25845980390139,54.50660839340879,45.60808342339949,406.7702938573447,383.9267154400869,-22.84357841725779,3.013214211910963,4.08339940703341,4.001677173588957,7.1009301990270615,7.923247262835503,0,0,0.5714285714285714,True,True,9.216666666666667,20.0,True,20m
554.0,3_satellites,20.0,3,0.375,131.31062443375873,107.0146589117453,30.43958613871172,496.3347937209821,485.0906125860168,-11.244181134965288,18.619951616507024,20.99147528130561,5.399169246200472,33.39334260672331,42.14907280728221,3,0,0.625,True,True,9.233333333333333,20.0,True,20m
555.0,3_satellites,20.0,3,0.4285714285714285,36.4748095098403,61.91681625001448,45.59009628463639,403.261881087916,380.4300636657377,-22.83181742217829,2.356524247676134,6.335913074868066,4.5464918193008215,4.232252910733223,11.03279447555542,0,0,0.5714285714285714,True,True,9.25,20.0,True,20m
556.0,3_satellites,20.0,3,0.4285714285714285,34.605206659931774,59.853012023377815,45.581092164196384,401.50607747254855,378.6801523914813,-22.82592508106728,1.617789886891842,6.557775399514607,4.939985512622765,2.930404894053936,11.837768267840149,0,0,0.5714285714285714,True,True,9.266666666666667,20.0,True,20m
557.0,3_satellites,20.0,3,0.375,51.30205168123915,36.84092931753105,30.4332275469806,436.678143494201,425.4365473233888,-11.241596170812215,9.483955538831651,9.579002432059497,4.58192137023434,16.110672425478697,24.868821896612644,1,0,0.625,True,True,9.283333333333333,20.0,True,20m
558.0,3_satellites,20.0,3,0.4285714285714285,25.371723761500466,47.6177151362254,45.56307646565619,413.6666039291037,390.8524763692873,-22.814127559816427,7.517991276723998,5.535621861261981,5.197209512548787,17.35031444206834,10.552480898797512,0,0,0.7142857142857143,True,True,9.3,20.0,True,20m
559.0,3_satellites,20.0,3,0.4285714285714285,23.175478151876405,57.73568582783163,45.554076155971046,405.16733181914384,382.3590815972772,-22.80825022186661,5.536225035786629,4.952619001801525,4.067825126328638,12.755702517926691,10.89407080039382,0,0,0.5714285714285714,True,True,9.316666666666666,20.0,True,20m
560.0,3_satellites,20.0,3,0.4285714285714285,27.61229786865881,61.68930519253098,45.5450382625148,404.9417282094108,382.1393922010821,-22.80233600832878,5.756159024047,5.180869134409087,3.79442812236292,11.67913268879056,12.148074131458998,0,0,0.5714285714285714,True,True,9.333333333333334,20.0,True,20m
561.0,3_satellites,20.0,3,0.4285714285714285,30.230151718861137,64.07293345352514,45.53599041759101,406.28303064609776,383.4866177156361,-22.796412930461656,3.661061259252684,3.699887201189995,3.651658731911864,8.009660366922617,9.435389120131733,0,0,0.5714285714285714,True,True,9.35,20.0,True,20m
562.0,3_satellites,20.0,3,0.4285714285714285,32.99938603502605,70.7384812808027,45.52695622889808,400.5402571716528,377.7497517213041,-22.79050545034869,4.73983859377248,3.71920433267951,4.156785490789583,11.36089926585555,8.123357020318508,0,0,0.5714285714285714,True,True,9.366666666666667,20.0,True,20m
563.0,3_satellites,20.0,3,0.4285714285714285,32.183167470564186,67.13620687773408,45.51787133644032,405.40724855961736,382.6226996837564,-22.78454887586099,2.689812071089233,2.89425565302372,1.4486736575407642,4.959408767521381,5.28873884677887,0,0,0.5714285714285714,True,True,9.383333333333333,20.0,True,20m
564.0,3_satellites,20.0,3,0.375,84.47831352116079,63.11035035372269,30.418019316908737,469.9279908924513,458.6928194862479,-11.235171406203447,15.434013121761382,18.51121022552252,5.561730810441077,29.895506490021944,38.6592483446002,3,0,0.625,True,True,9.4,20.0,True,20m
565.0,3_satellites,20.0,3,0.4285714285714285,32.010033190227134,62.14472249688048,45.49969786572191,413.55267954293646,390.780045075049,-22.77263446788743,3.404760559222528,2.874538265700852,3.613669413541044,7.600826099514961,6.993831321597099,0,0,0.5714285714285714,True,True,9.416666666666666,20.0,True,20m
566.0,3_satellites,20.0,3,0.4285714285714285,37.04139326025691,66.57096054328527,45.49060650833752,411.42233228440585,388.6556532566679,-22.76667902773795,6.223008157419307,6.568706717342138,4.156472122030599,10.681767225265505,16.15984382480383,0,0,0.5714285714285714,True,True,9.433333333333334,20.0,True,20m
567.0,3_satellites,20.0,3,0.4285714285714285,37.31783939989355,69.32607468604373,45.48151825602236,409.1217994811821,386.36107258670046,-22.76072689448165,5.474228664168289,5.876616932451725,4.100106957767691,9.662335649132729,13.88893660157919,0,0,0.5714285714285714,True,True,9.45,20.0,True,20m
568.0,3_satellites,20.0,3,0.375,47.81723289626211,43.246135526022215,30.409311847389716,442.3542105086405,431.12268226780486,-11.231528240835589,9.551053968723863,12.439097033813596,5.376318723428994,15.51937010884285,24.286300417035815,1,0,0.625,True,True,9.466666666666667,20.0,True,20m
569.0,3_satellites,20.0,3,0.375,41.84338324373099,42.085280519992594,30.40712276030224,436.50635031860594,425.2757439534337,-11.230606365172209,9.25818336335942,12.192847288679332,5.423874966800213,14.76474680379033,23.532472793012857,1,0,0.625,True,True,9.483333333333333,20.0,True,20m
570.0,3_satellites,20.0,3,0.375,59.29248293687965,48.23200479572041,30.40490072653248,453.79639035642833,442.5667468552774,-11.229643501150916,12.681210808455944,15.27284596906975,5.173343720380217,21.74374888837337,30.5122665129602,2,0,0.625,True,True,9.5,20.0,True,20m
571.0,3_satellites,20.0,3,0.4285714285714285,41.35634810037987,79.79468964372165,45.44507581105833,399.98236898254953,377.2455207980336,-22.736848184515964,3.66696499394519,5.210174134267228,2.6832430974713395,6.228952996432781,9.39916631951928,0,0,0.5714285714285714,True,True,9.516666666666667,20.0,True,20m
572.0,3_satellites,20.0,3,0.375,76.41555550308078,59.790959910315145,30.4004597939962,461.1052895284737,449.8775553342014,-11.227734194272273,16.863989221397787,19.81800670782104,5.446034568361938,29.202605452388525,37.9727082028985,4,0,0.625,True,True,9.533333333333333,20.0,True,20m
573.0,3_satellites,20.0,3,0.375,62.30404249293463,49.623469325003946,30.39826927401434,455.0769341740171,443.8501188463957,-11.226815327621352,11.330074814613909,13.26660246681422,5.827374268788844,18.52440144494176,27.295296512544155,2,0,0.625,True,True,9.55,20.0,True,20m
574.0,3_satellites,20.0,3,0.375,54.25543590938952,46.951891470645066,30.396059898831265,441.0882586218967,429.8623768227688,-11.225881799127931,7.725559446495026,12.161708526778966,5.519025629386306,13.563150133937595,22.33483686298132,1,0,0.5,True,True,9.566666666666666,20.0,True,20m
575.0,3_satellites,20.0,3,0.375,58.363440031624016,47.82356724206141,30.39383379094488,450.7412335110557,439.51630880386006,-11.224924707195669,10.103443049825728,12.809129391331226,5.200504849199206,16.43517231568694,25.20765046030283,1,0,0.625,True,True,9.583333333333334,20.0,True,20m
576.0,3_satellites,20.0,3,0.375,57.08435752418401,51.34556160791152,30.39161341876425,443.065747833935,431.84176618865854,-11.223981645276467,11.091875797137618,14.82172383274883,6.225600332953036,17.42489143833518,26.19815992936492,2,0,0.625,True,True,9.6,20.0,True,20m
577.0,3_satellites,20.0,3,0.4285714285714285,34.5546308557067,61.035748973486136,45.39003468358528,418.1843758911296,395.4836703757953,-22.70070551533422,3.017398715019226,3.6368920419897353,2.7326656026499614,5.6119407676160336,7.155766554176807,0,0,0.5714285714285714,True,True,9.616666666666667,20.0,True,20m
578.0,3_satellites,20.0,3,0.375,60.09943518499888,48.36539448941078,30.38714319454904,452.7907398398696,441.5686836444362,-11.222056195433424,10.149084830656648,13.750641378108412,6.099175053182989,18.483708314597607,27.258554998785257,2,0,0.625,True,True,9.633333333333333,20.0,True,20m
579.0,3_satellites,20.0,3,0.375,43.75700772162795,70.22711551074782,30.38498240336895,398.6099566521848,387.388761473065,-11.221195179119718,4.927068728487939,7.966620364226401,5.510338926222175,8.894284378737211,13.13806251809001,0,0,0.625,True,True,9.65,20.0,True,20m
580.0,3_satellites,20.0,3,0.375,43.65485115934271,53.16417381744648,30.38270275380298,428.5230384478464,417.3028558572317,-11.220182590614684,6.547253844328225,11.067158209625632,6.180049818474799,12.24426505342126,19.600363679230213,0,0,0.5,True,True,9.666666666666666,20.0,True,20m
581.0,3_satellites,20.0,3,0.375,40.999837771114656,49.59552593246367,30.38045119587117,427.46689731783806,416.2476868540574,-11.219210463780655,8.429317049216479,14.272883089259269,5.843566040042788,16.16789887472987,23.52335763350129,2,0,0.625,True,True,9.683333333333334,20.0,True,20m
582.0,3_satellites,20.0,3,0.375,48.57345397999232,47.93253218004649,30.37819215064294,441.9310959549165,430.7128709679776,-11.218224986938878,10.457387138158085,13.453488760627806,5.497448736801744,18.952931497246027,27.730931356549263,2,0,0.625,True,True,9.7,20.0,True,20m
583.0,3_satellites,20.0,3,0.375,65.07914365247984,53.06896791654251,30.37591781626755,462.2223928695661,451.0051695236933,-11.217223345872751,14.0135334325023,16.096768121235073,5.677072530146688,23.089000772684813,31.867785025388,3,0,0.625,True,True,9.716666666666667,20.0,True,20m
584.0,3_satellites,20.0,3,0.375,59.63580680796831,47.987432612540246,30.37366451648205,458.3964986439081,447.1802454896249,-11.216253154283208,9.413560492452234,13.170495812781157,6.0783230983652174,19.250981729477644,28.030550997704268,2,0,0.5,True,True,9.733333333333333,20.0,True,20m
585.0,3_satellites,20.0,3,0.4285714285714285,34.69918408033801,67.86978561265668,45.31625707024848,418.2403517951486,395.5880987822711,-22.65225301287751,1.6224091351032257,4.057810959007059,2.8596851229667664,2.994691133499145,7.820763498544693,0,0,0.5714285714285714,True,True,9.75,20.0,True,20m
586.0,3_satellites,20.0,3,0.375,69.63314111282156,54.56856378168486,30.369129475198168,468.25411071548734,457.03982847641566,-11.21428223907168,10.898752097040417,13.712155174463987,5.318475508131087,18.04288510605693,26.82402190566063,2,0,0.625,True,True,9.766666666666667,20.0,True,20m
587.0,3_satellites,20.0,3,0.375,63.240758601727954,51.45016438066047,30.366871638715416,461.4930741311773,450.2797614231197,-11.213312708057572,10.372458693571389,13.127512223552912,5.261056613642722,17.527411699295044,26.30933278426528,2,0,0.625,True,True,9.783333333333333,20.0,True,20m
588.0,3_satellites,20.0,3,0.375,55.33964734987379,49.91379275553299,30.364610942311828,449.0436338881952,437.8312901876209,-11.212343700574309,8.718200435861945,11.621754046529531,5.410485787317157,12.40796409919858,19.99846253544092,0,0,0.625,True,True,9.8,20.0,True,20m
589.0,3_satellites,20.0,3,0.375,73.20552570334786,57.277409183136335,30.362312574509517,474.1047679023898,462.89344419075815,-11.211323711631678,11.314023546874523,13.720418346580118,5.351750194560736,16.72345530986786,23.422003518790007,3,0,0.625,True,True,9.816666666666666,20.0,True,20m
590.0,3_satellites,20.0,3,0.4285714285714285,40.15718349246488,62.47526891654661,45.26980948987632,427.6660048880846,405.04430652003657,-22.621698368048044,4.045419370489461,4.337842897645065,3.846654483250209,9.232867617160082,10.304087720811369,0,0,0.5714285714285714,True,True,9.833333333333334,20.0,True,20m
591.0,3_satellites,20.0,3,0.375,80.83944357754203,64.44813720819596,30.357735652245196,475.0214869176819,463.812159482166,-11.209327435515943,16.245521211531013,19.445438792463392,5.709640311077237,22.77205515652895,28.75299122929573,5,0,0.625,True,True,9.85,20.0,True,20m
592.0,3_satellites,20.0,3,0.375,78.95054421422195,62.05991745367393,30.355452523797204,475.36223064064046,464.1538962190388,-11.208334421601649,15.975581476930529,18.53249153541401,5.2001520320773125,23.509043645113707,31.54984794929624,4,0,0.625,True,True,9.866666666666667,20.0,True,20m
593.0,3_satellites,20.0,3,0.375,56.341503627766464,47.380376406913136,30.353187559654334,455.42778030363473,444.2204107227776,-11.207369580857176,11.063448997214437,13.504853762220591,5.315301170106977,16.529849722981453,25.316459614783525,2,0,0.625,True,True,9.883333333333333,20.0,True,20m
594.0,3_satellites,20.0,3,0.4285714285714285,36.61149514043011,68.31114097369434,45.23255642306136,418.2268566476975,395.6296563662213,-22.597200281476205,3.0626077332666943,4.508329089730978,2.5127025805413723,4.899593010544777,8.580375712364912,0,0,0.5714285714285714,True,True,9.9,20.0,True,20m
595.0,3_satellites,20.0,3,0.375,67.42000168038999,53.83156055987856,30.34857967236731,466.5591984312367,455.3538520260991,-11.20534640513756,13.731202231254429,15.505747446790338,5.981436832342297,21.422735553234816,30.210901897400618,3,0,0.625,True,True,9.916666666666666,20.0,True,20m
596.0,3_satellites,20.0,3,0.375,45.5933262442017,45.58849073438613,30.34630461563407,443.2715235535943,432.06714708373175,-11.204376469862495,8.680042503867298,10.677384845912457,5.75828354107216,11.589036472141744,19.431907258927826,0,0,0.625,True,True,9.933333333333334,20.0,True,20m
597.0,3_satellites,20.0,3,0.375,79.3543032051581,62.30375989120477,30.34395356418836,471.9852230024625,460.7819129793953,-11.203310023067218,14.906878555193543,17.624592706095427,5.233006654772908,22.06041995063424,30.318280398845676,4,0,0.625,True,True,9.95,20.0,True,20m
598.0,3_satellites,20.0,3,0.375,42.63811988017777,45.251142372975146,30.34168864994469,437.45360023876094,426.2512423944402,-11.202357844320716,6.679657319560647,9.352998054586353,5.1895575718954206,10.862035911530256,17.530339546501637,0,0,0.625,True,True,9.966666666666667,20.0,True,20m
599.0,3_satellites,20.0,3,0.375,43.5858841518633,42.127621795265576,30.33936460542091,441.897220924944,430.6958885936046,-11.201332331339415,7.805931866168976,11.411977609619498,5.975858285091817,13.185789685696363,18.681097522377968,0,0,0.5,True,True,9.983333333333333,20.0,True,20m
600.0,3_satellites,20.0,3,0.375,44.409530279020046,41.49442175099068,30.337045124103707,445.9386085833955,434.738296810144,-11.200311773251542,7.747383791022003,10.074976749252528,5.426589012611657,11.48360290378332,20.27565604075789,1,0,0.625,True,True,10.0,20.0,True,20m
601.0,3_satellites,20.0,3,0.375,43.11692631544077,36.47111158009935,30.334719629936345,449.18787756413866,437.988591675358,-11.19928588878065,5.263998672366142,8.992060612887144,4.678722718730569,11.132033169269562,19.924860637634996,0,0,0.5,True,True,10.016666666666667,20.0,True,20m
602.0,3_satellites,20.0,3,0.375,58.16295812341149,45.97724403768658,30.33237325397999,455.2837152348092,444.0854747502992,-11.198240484509938,10.61895686527714,13.6917467340827,5.592712786514312,19.41614980995655,28.209749918431044,2,0,0.625,True,True,10.033333333333333,20.0,True,20m
603.0,3_satellites,20.0,3,0.375,48.31927461696493,41.31833768951565,30.33005207645839,445.17287673761473,433.9756489055142,-11.19722783210051,10.253154084086418,13.994765349663794,6.217648325487971,18.60766113922,27.402035884559155,2,0,0.5,True,True,10.05,20.0,True,20m
604.0,3_satellites,20.0,3,0.375,44.23997123160274,41.5639681939885,30.32772572531012,441.8954673284444,430.6992591773863,-11.196208151058102,6.94446010235697,10.451866681221873,6.029179611708969,10.37015212327242,19.10809251666069,0,0,0.625,True,True,10.066666666666666,20.0,True,20m
605.0,3_satellites,20.0,3,0.375,64.09386432001025,49.36754032454855,30.32536242696324,462.2041475964378,451.00900468466847,-11.195142911769324,9.305334207601843,12.343968903645871,5.561333908699453,14.000226564705372,22.14487648010254,1,0,0.625,True,True,10.083333333333334,20.0,True,20m
606.0,3_satellites,20.0,3,0.375,50.4614071120028,42.66092853193447,30.32303214708647,450.82227671252986,439.6281493954506,-11.194127317079278,8.280549763701856,12.780539521481842,5.649806503672153,12.242984671145678,19.582197178155184,0,0,0.625,True,True,10.1,20.0,True,20m
607.0,3_satellites,20.0,3,0.375,29.505177127023288,48.88922038827221,30.320727699537965,418.17848204388594,406.98533905921175,-11.193142984674182,2.3527980418875813,8.080390898045152,5.727592856157571,5.107281386852264,12.668227776885033,0,0,0.625,True,True,10.116666666666667,20.0,True,20m
608.0,3_satellites,20.0,3,0.375,49.420666986458656,40.34549971608865,30.31833495694137,446.5912191593664,435.39917167763866,-11.192047481727684,4.965990514028817,10.234483970794829,5.268493456766009,7.680912062525749,15.992382053285835,0,0,0.625,True,True,10.133333333333333,20.0,True,20m
609.0,3_satellites,20.0,3,0.375,37.53754292132079,37.59418700818674,30.31599357495066,439.20220542135246,428.0111832165322,-11.191022204820229,4.642422076314688,9.870183552615345,5.373209566809237,9.505115684121847,15.546066150069237,0,0,0.625,True,True,10.15,20.0,True,20m
610.0,3_satellites,20.0,3,0.375,39.54098130143744,36.742825517024855,30.31363599286773,443.6943276860084,432.50435346909967,-11.189974216908697,2.287068221252412,7.242733161430806,5.296630471944809,5.949963986873627,11.13030206784606,0,0,0.625,True,True,10.166666666666666,20.0,True,20m
611.0,3_satellites,20.0,3,0.375,31.007532021413983,44.88273907806276,30.3112921274523,427.5036828770691,416.3147309805651,-11.188951896503966,2.018857389688492,6.944475679658353,4.9256182899698615,4.577699691057205,11.91360367462039,0,0,0.625,True,True,10.183333333333334,20.0,True,20m
612.0,3_satellites,20.0,3,0.4285714285714285,37.614261138347,46.82871493345634,45.0630197842272,436.4277627984894,413.94232087085135,-22.48544192763808,5.004030986023801,8.566693644970655,4.470902723925454,9.289600547403095,16.03776716813445,0,0,0.7142857142857143,True,True,10.2,20.0,True,20m
613.0,3_satellites,20.0,3,0.4285714285714285,41.9300421595996,45.53130831036229,45.05351339796894,439.1811113615034,416.7019483430114,-22.479163018491988,3.752074829169682,7.141781508390393,4.298937816172838,7.79589231684804,14.543123468756676,0,0,0.7142857142857143,True,True,10.216666666666667,20.0,True,20m
614.0,3_satellites,20.0,3,0.4285714285714285,33.5815118361359,43.89073080278896,45.04403040484129,433.3901309818254,410.917220413061,-22.472910568764405,2.640091369194644,6.19814506811755,4.468276111142976,4.368721194565296,11.115019295364618,0,0,0.7142857142857143,True,True,10.233333333333333,20.0,True,20m
615.0,3_satellites,20.0,3,0.4285714285714285,38.06259959063716,43.8810278236639,45.03449713986924,435.4846341005217,413.01802049242514,-22.46661360809651,4.490397406475885,9.511678102293184,5.021280695817301,8.852795541286469,15.96355353295803,0,0,0.5714285714285714,True,True,10.25,20.0,True,20m
616.0,3_satellites,20.0,3,0.375,36.0255380000456,35.2180130712414,30.299400229137603,437.7514823495096,426.5678433202016,-11.183639029307985,1.355208849068731,7.554610369727015,6.199401520658284,2.586174614727497,10.919527519494295,0,0,0.625,True,True,10.266666666666667,20.0,True,20m
617.0,3_satellites,20.0,3,0.375,30.377230769051103,36.23666700242454,30.29702053865187,429.36929526448887,418.18671250350224,-11.182582760986634,1.7504895003512502,7.607034644111991,5.856545143760741,4.382331725209951,11.998712364584208,0,0,0.625,True,True,10.283333333333333,20.0,True,20m
618.0,3_satellites,20.0,3,0.375,38.17656612635607,33.2717837007503,30.29461600252348,438.58900713601554,427.4075110402333,-11.181496095782222,3.258244157768786,8.550379757769406,5.901827852241695,7.739835135638714,16.54573519155383,0,0,0.625,True,True,10.3,20.0,True,20m
619.0,3_satellites,20.0,3,0.4285714285714285,28.96212067133445,47.33256026987245,44.99640219179954,423.4156715901772,400.9742010448067,-22.441470545370464,0.9747148911867825,5.8290514307362695,4.854336539549487,1.8578769080340864,10.364825617522,0,0,0.5714285714285714,True,True,10.316666666666666,20.0,True,20m
620.0,3_satellites,20.0,3,0.375,34.41843616555588,37.88446494978795,30.28983327927053,431.2556637297093,420.0762995745162,-11.17936415519307,2.71018589893356,8.652209774591029,5.942023875657469,6.17981219664216,14.987237855792046,0,0,0.625,True,True,10.333333333333334,20.0,True,20m
621.0,3_satellites,20.0,3,0.375,24.717339473615628,46.20692543257144,30.28745231935093,411.01639845859086,399.8380830914839,-11.17831536710696,2.148376995697617,6.2004127679392695,4.356429255567491,4.83576624840498,11.619810983538628,0,0,0.625,True,True,10.35,20.0,True,20m
622.0,3_satellites,20.0,3,0.375,45.9070060739922,33.171382688317884,30.284998590900763,442.90009903933975,431.7229237723713,-11.177175266968447,6.513254219200462,11.921985946595669,6.250218178611249,16.928341701626778,25.737290181219574,1,0,0.5,True,True,10.366666666666667,20.0,True,20m
623.0,3_satellites,20.0,3,0.4285714285714285,22.062646740662192,45.90923095051271,44.95814284175148,420.5903223075029,398.1741260900079,-22.41619621749504,2.7026565532599176,8.086397974618844,5.383741421358926,6.181128140538931,14.70415921881795,0,0,0.5714285714285714,True,True,10.383333333333333,20.0,True,20m
624.0,3_satellites,20.0,3,0.4285714285714285,22.63203611173504,42.86609989020991,44.94854139955439,419.321731667152,396.91188484283487,-22.40984682431713,3.7986990538026606,9.252115878675664,5.453416824873004,6.591376092284918,15.720919474959372,0,0,0.5714285714285714,True,True,10.4,20.0,True,20m
625.0,3_satellites,20.0,3,0.4285714285714285,21.718404877261936,52.112467964520334,44.93897187845892,413.5607056132934,391.1571730600035,-22.40353255328989,2.927593556897981,6.9924633502960205,4.922223256102631,5.585570905357599,14.11663842573762,0,0,0.5714285714285714,True,True,10.416666666666666,20.0,True,20m
626.0,3_satellites,20.0,3,0.375,24.89898217489629,35.63304629029034,30.275362343554544,419.5365045182342,408.36363892652525,-11.172865591708955,3.2505927705205977,8.249297234229743,5.391955626662821,8.038799598813057,15.34412544220686,0,0,0.625,True,True,10.433333333333334,20.0,True,20m
627.0,3_satellites,20.0,3,0.4285714285714285,22.236517352527866,54.20546408205039,44.91975596530772,413.3485518942242,390.9577213666737,-22.39083052755052,2.3315647734063014,7.522414870560169,5.190850097153868,6.2452430464327335,14.784342102706432,0,0,0.5714285714285714,True,True,10.45,20.0,True,20m
628.0,3_satellites,20.0,3,0.375,88.88745141984828,66.04950746003209,30.270429079196088,476.5037492365158,465.3331729057159,-11.170576330799918,13.709246885962784,17.56509685749188,5.938234439585358,32.249875377863646,41.06337303295732,3,0,0.5,True,True,10.466666666666667,20.0,True,20m
629.0,3_satellites,20.0,3,0.375,68.60481477836991,49.05633227573332,30.26801450913116,461.7798160851447,450.61031216418615,-11.169503920958562,11.43429298279807,15.789447234012188,5.602927471045405,26.51898002624512,35.3332362100482,2,0,0.5,True,True,10.483333333333333,20.0,True,20m
630.0,3_satellites,20.0,3,0.4285714285714285,23.96944515279806,60.02194745792583,44.89087458974981,409.8011201765925,387.42938352678846,-22.371736649804063,2.849431283771992,8.210552936153752,5.361121652381761,5.709142465144396,14.260281406342983,0,0,0.5714285714285714,True,True,10.5,20.0,True,20m
631.0,3_satellites,20.0,3,0.375,75.54673616851419,54.78048573361719,30.26312394302655,466.439657496402,455.2723722781536,-11.167285218248423,13.224573471117765,18.335147195030004,5.952416276559234,29.93104463070631,38.74681122228503,3,0,0.5,True,True,10.516666666666667,20.0,True,20m
632.0,3_satellites,20.0,3,0.375,41.14962907538238,31.65113028855324,30.26071240780654,435.91821905064745,424.7519961020111,-11.166222948636404,7.83853275468573,13.633593869861215,5.874190757982433,14.931379452347755,23.747904550284147,1,0,0.625,True,True,10.533333333333333,20.0,True,20m
633.0,3_satellites,20.0,3,0.375,63.1807066011485,42.940200962125225,30.25823616922187,457.3066834789181,446.1416054044992,-11.16507807441883,11.029355802107602,15.497468068730086,5.495612235739827,22.681904453784227,31.49918170273304,2,0,0.5,True,True,10.55,20.0,True,20m
634.0,3_satellites,20.0,3,0.375,49.40731616071669,32.09196190454882,30.255795274384315,445.7145509956875,434.55056935586407,-11.16398163982342,8.666571391746402,14.0812536617741,6.256632976233959,20.037179097533222,28.855211935937405,1,0,0.5,True,True,10.566666666666666,20.0,True,20m
635.0,3_satellites,20.0,3,0.4285714285714285,26.566149725090085,40.352173055120105,44.842491937217765,425.6905895801063,403.3508942663048,-22.339695313801545,2.40597019557442,7.610999702342919,5.205029506768499,4.749659098684788,13.915426649153233,0,0,0.5714285714285714,True,True,10.583333333333334,20.0,True,20m
636.0,3_satellites,20.0,3,0.4285714285714285,31.25794981898021,38.169732615712405,44.83278465044301,428.398808807772,406.0655451574395,-22.33326365033253,2.5716053753026893,6.634559976203101,4.68109596361007,4.488807216286659,12.276692677289248,0,0,0.5714285714285714,True,True,10.6,20.0,True,20m
637.0,3_satellites,20.0,3,0.4285714285714285,29.886655516186483,43.61953581725224,44.82309104861406,422.8644808632816,400.5376288749789,-22.32685198830273,4.433626441018922,8.771023031856332,5.11595594989402,8.914091169834137,15.638748724013569,0,0,0.5714285714285714,True,True,10.616666666666667,20.0,True,20m
638.0,3_satellites,20.0,3,0.4285714285714285,31.151435141323507,45.46213985803437,44.81338404246908,421.10052903457336,398.7801037250777,-22.320425309495647,4.0393715138946265,8.183360498930726,5.0780346010412485,7.160710707306862,14.757340114563704,0,0,0.7142857142857143,True,True,10.633333333333333,20.0,True,20m
639.0,3_satellites,20.0,3,0.375,100.3681735109644,78.34701014551042,30.24341638254684,479.4625924780255,468.30428138072034,-11.15831109730516,16.786033092066646,20.491371360141784,6.259301427286118,29.42058703675866,38.24236847087741,4,0,0.625,True,True,10.65,20.0,True,20m
640.0,3_satellites,20.0,3,0.4285714285714285,25.66325829034713,57.42403583625795,44.7939965795207,408.7651600639424,386.4575560510261,-22.307604012916272,1.83105919989092,6.4832872067179,4.65222800682698,4.299196191132069,11.021011274307966,0,0,0.5714285714285714,True,True,10.666666666666666,20.0,True,20m
641.0,3_satellites,20.0,3,0.375,81.61172175440629,61.152752217220346,30.23847017007597,466.2772020318028,455.1211340696193,-11.156067962183556,15.647780501749368,19.352363031823188,6.260371066629887,24.190268717706203,33.01355106011033,5,0,0.625,True,True,10.683333333333334,20.0,True,20m
642.0,3_satellites,20.0,3,0.375,43.4350092074545,38.40596142521003,30.23603217151704,437.2370858044104,426.0820936600984,-11.154992144312018,5.627632349263877,9.406933158636091,4.96978786541149,10.206451922655106,19.03048577532172,0,0,0.5,True,True,10.7,20.0,True,20m
643.0,3_satellites,20.0,3,0.375,54.00736562218125,41.00706468715276,30.23352485234474,444.4296692433274,433.2758369748057,-11.153832268521684,7.312506867107004,10.7566806236282,5.79883291060105,12.361598804593086,19.516424749046564,0,0,0.5,True,True,10.716666666666667,20.0,True,20m
644.0,3_satellites,20.0,3,0.375,61.05385917537392,44.528657142984414,30.23102176134416,451.423798643648,440.271120072757,-11.152678570890942,7.715027804486453,11.66069787973538,4.787956526968628,17.857117533683777,26.6826437227428,1,0,0.5,True,True,10.733333333333333,20.0,True,20m
645.0,3_satellites,20.0,3,0.375,60.04084540444093,43.55464760505145,30.22852244995907,450.1885888021152,439.0370550519008,-11.151533750214355,10.545328539330512,13.371831362135708,4.960240127984434,22.608407337218523,31.434680730104446,2,0,0.5,True,True,10.75,20.0,True,20m
646.0,3_satellites,20.0,3,0.375,46.96838721343639,39.710867542394055,30.226039015722098,437.0042389130924,425.8538278140106,-11.150411099081794,7.216514394618571,10.16893276013434,5.3765945211052895,11.824245877563952,20.651265114545826,1,0,0.5,True,True,10.766666666666667,20.0,True,20m
647.0,3_satellites,20.0,3,0.375,66.97191532673514,49.92805749450212,30.223506092714857,453.094272885857,441.9450452540784,-11.149227631778558,11.58570383861661,14.65487924637273,5.630435392726213,23.095841135829687,31.92360309883952,2,0,0.625,True,True,10.783333333333333,20.0,True,20m
648.0,3_satellites,20.0,3,0.375,57.82449093255866,42.971116953974885,30.221002518849552,444.9718455416335,433.8237611172599,-11.148084424373565,11.127288555726407,14.473494339734316,5.908375814557076,22.87923216447234,31.707740515470505,2,0,0.625,True,True,10.8,20.0,True,20m
649.0,3_satellites,20.0,3,0.375,57.78511572067587,42.90951041354458,30.218486651617035,445.6381820045039,434.4912545789948,-11.146927425509148,11.126160726882516,15.078093318734318,5.24003321910277,26.06352050229907,34.89277207478881,2,0,0.5,True,True,10.816666666666666,20.0,True,20m
650.0,3_satellites,20.0,3,0.375,50.29383748303732,38.79003352778889,30.21597552286017,440.9696778918321,429.8238992920817,-11.145778599750372,10.603340478148311,14.58116058073938,4.82028433540836,27.46528406441212,36.29528031125665,2,0,0.5,True,True,10.833333333333334,20.0,True,20m
651.0,3_satellites,20.0,3,0.375,46.23175377781725,38.793631296288304,30.213462616026128,433.68123187115486,422.5366039675168,-11.144627903638082,12.075463626533748,13.21333631221205,5.233879160135984,27.34878089651465,36.179519794881344,2,0,0.5,True,True,10.85,20.0,True,20m
652.0,3_satellites,20.0,3,0.375,52.406995682419385,45.20942522443094,30.21092990296165,435.64684462610256,424.5033860939709,-11.143458532131715,10.039374093525112,13.526113622356206,6.052549269516021,18.166801117360592,26.998278092592955,2,0,0.625,True,True,10.866666666666667,20.0,True,20m
653.0,3_satellites,20.0,3,0.375,58.25174492993152,43.984158502142094,30.20839109501141,446.0646173674457,434.9223405969107,-11.142276770534975,9.80185024952516,12.201917341910304,5.334865392651409,15.481789160519838,24.31400702148676,1,0,0.625,True,True,10.883333333333333,20.0,True,20m
654.0,3_satellites,20.0,3,0.375,43.41172624513575,41.01494488538946,30.205876793617687,431.2508679652029,420.10973334413234,-11.141134621070591,9.079900649376214,11.698523069731891,5.186249738559127,17.838726118206978,26.6716862693429,1,0,0.625,True,True,10.9,20.0,True,20m
655.0,3_satellites,20.0,3,0.375,49.86241398444638,41.53390586351048,30.203329121711786,439.3518147926024,428.21186565580416,-11.13994913679818,11.902130753733218,13.220935166347772,4.964039533864707,22.465559266507626,31.299258790910244,2,0,0.625,True,True,10.916666666666666,20.0,True,20m
656.0,3_satellites,20.0,3,0.375,35.14768140115404,37.67777348409795,30.20080167981697,427.2832962859562,416.14450236331726,-11.138793922638968,9.18569104000926,10.93656631698832,4.156675567384809,20.40038171038032,29.234822239726785,1,0,0.5,True,True,10.933333333333334,20.0,True,20m
657.0,3_satellites,20.0,3,0.4285714285714285,46.88048883087388,89.30774207799902,44.62751114568028,380.4362177809919,358.2389742392268,-22.19724354176509,3.632070973515511,4.200947478413582,3.879248628658908,7.321607533842325,11.217530503869057,0,0,0.5714285714285714,True,True,10.95,20.0,True,20m
658.0,3_satellites,20.0,3,0.375,59.93966382304344,45.18273894589547,30.195667946036085,449.30980942233526,438.1734198635601,-11.136389558775136,12.548590226564556,15.864531571045518,5.887200140859932,27.896635081619024,36.73254758492112,3,0,0.625,True,True,10.966666666666667,20.0,True,20m
659.0,3_satellites,20.0,3,0.4285714285714285,40.0642581552317,79.29728577151803,44.60771698941687,395.0757974078065,372.89170913314496,-22.18408827466152,3.541953820735216,4.259708648813622,4.211961806884834,8.865505125373602,8.852911930531263,0,0,0.5714285714285714,True,True,10.983333333333333,20.0,True,20m
660.0,3_satellites,20.0,3,0.4285714285714285,31.249438551357308,67.72174855611075,44.59780338213157,404.817338407388,382.6398458745941,-22.177492532793963,5.502132400338139,4.398708399917398,3.852416894797768,12.875904578715565,7.110218565911055,0,0,0.5714285714285714,True,True,11.0,20.0,True,20m
661.0,3_satellites,20.0,3,0.375,42.01810274097407,37.861862026200335,30.18801786796129,436.5795719033875,425.4467131087057,-11.132858794681797,10.732301608659329,10.715691395103931,4.983348498120904,15.880453549325466,24.71857636794448,1,0,0.5,True,True,11.016666666666667,20.0,True,20m
662.0,3_satellites,20.0,3,0.4285714285714285,30.369074006074424,65.37509297923094,44.57799084660747,404.8571170164825,382.6927863181735,-22.164330698309016,6.648490105888674,7.444762057491711,5.103580089019878,15.354164961725472,14.766254600137472,0,0,0.5714285714285714,True,True,11.033333333333333,20.0,True,20m
663.0,3_satellites,20.0,3,0.4285714285714285,31.99332478914213,67.5230090972636,44.56807764754878,406.8317028095773,384.6739553678343,-22.157747441743027,3.76531566466604,5.618503731276308,4.660308695265225,8.391977783292532,11.773933872580528,0,0,0.5714285714285714,True,True,11.05,20.0,True,20m
664.0,3_satellites,20.0,3,0.4285714285714285,30.718271904547574,70.51338649772707,44.55817633791544,402.3267666781946,380.1755910247717,-22.15117565342291,6.396243247602667,7.0560588256589005,4.711339229451759,14.426753375679256,15.358723677694798,0,0,0.5714285714285714,True,True,11.066666666666666,20.0,True,20m
665.0,3_satellites,20.0,3,0.375,41.06691583212706,38.93120763797906,30.177722528922583,441.00834812766846,429.8802784812274,-11.128069646441077,8.919805658981204,12.031397157814354,5.779130486305803,22.18926597759128,31.03032212331891,1,0,0.625,True,True,11.083333333333334,20.0,True,20m
666.0,3_satellites,20.0,3,0.375,80.05823896393662,59.28450669457458,30.17508830320048,476.33962844948303,465.212828184924,-11.126800264558996,16.051970159634948,18.78179747192189,5.30833174707368,36.94132422283292,45.78310875222087,3,0,0.625,True,True,11.1,20.0,True,20m
667.0,3_satellites,20.0,3,0.375,61.85184788841738,47.4365398611757,30.17252406045561,459.7720227549424,448.6463993319405,-11.125623423001969,11.31745717022568,15.397091402672231,5.307502859272063,28.10012684762478,36.94264288619161,3,0,0.5,True,True,11.116666666666667,20.0,True,20m
668.0,3_satellites,20.0,3,0.375,42.67992465903093,37.68523744454994,30.16995704960608,447.5154740886231,436.3910314514092,-11.12444263721386,6.280566997360438,9.721859285607934,4.642612125258893,12.856181107461452,21.699429657310247,1,0,0.5,True,True,11.133333333333333,20.0,True,20m
669.0,3_satellites,20.0,3,0.375,38.765745940151966,66.27415995802902,30.167418544557147,406.4368412944519,395.3135365266278,-11.123304767824097,3.578159691300243,4.728237963747233,4.228860541246831,5.433624319732189,10.579947654157875,0,0,0.5,True,True,11.15,20.0,True,20m
670.0,3_satellites,20.0,3,0.375,36.72132301895199,62.352609711429686,30.16480966532077,411.2567892781871,400.1347105129869,-11.122078765200172,5.445770254358649,7.492350725922733,5.383248984348029,9.213330194354056,15.52098536118865,0,0,0.625,True,True,11.166666666666666,20.0,True,20m
671.0,3_satellites,20.0,3,0.375,40.46610279802786,68.12096356913335,30.162216972061643,406.3597550655941,395.2388823965614,-11.120872669032735,4.5860401703976095,5.830533511005342,5.065442529972643,6.88710380718112,12.631457019597292,0,0,0.5,True,True,11.183333333333334,20.0,True,20m
672.0,3_satellites,20.0,3,0.375,52.43336329235153,43.1924114708015,30.15954079801255,458.31680746945216,447.19724613098407,-11.119561338468088,5.823576402850449,10.4259202638641,5.4453129414469,13.043733417987823,19.873860221356157,0,0,0.5,True,True,11.2,20.0,True,20m
673.0,3_satellites,20.0,3,0.375,30.195965513035485,50.47431643149872,30.15697676112452,430.12156373835273,419.00316684884007,-11.118396889512669,3.602867559529841,4.350191668141633,4.203848954755813,7.870092645287514,11.833084899932146,0,0,0.625,True,True,11.216666666666667,20.0,True,20m
674.0,3_satellites,20.0,3,0.4285714285714285,38.92208288571768,65.3190230278882,44.45841867096094,430.3894774387125,408.304640269297,-22.084837169415493,3.863920133560896,2.527761033070939,1.9958123681800704,5.4589466862380505,5.065795596688986,0,0,0.5714285714285714,True,True,11.233333333333333,20.0,True,20m
675.0,3_satellites,20.0,3,0.375,34.447982439743484,58.28219835648122,30.151748675367188,422.5515239629362,411.43557293483,-11.115951028106224,3.437630546279252,4.828583218157291,4.58800040371716,5.983489822596312,10.8842697404325,0,0,0.625,True,True,11.25,20.0,True,20m
676.0,3_satellites,20.0,3,0.375,35.984890935899095,44.80295731568935,30.149094782862363,442.9628278381144,431.84814687980935,-11.11468095830503,3.625109131447971,8.220639054197818,5.392122354824096,7.087593100965023,15.936660848557947,0,0,0.625,True,True,11.266666666666667,20.0,True,20m
677.0,3_satellites,20.0,3,0.375,41.90192810161566,45.70003077567792,30.14645679186173,446.9227426361082,435.8093084824067,-11.11343415370152,6.444049037061632,10.841388660948724,5.573395146522671,11.299450393766165,20.149241369217638,1,0,0.5,True,True,11.283333333333333,20.0,True,20m
678.0,3_satellites,20.0,3,0.375,49.52914374571012,51.04375788171533,30.143818361914096,449.5984620498244,438.4862730761157,-11.112188973708726,7.580412873998284,11.6853827429004,5.86592908622697,12.31776299327612,18.29395363107324,0,0,0.5,True,True,11.3,20.0,True,20m
679.0,3_satellites,20.0,3,0.375,47.40243146067923,50.30787509873476,30.14118217385954,447.71751858712,436.6065699412909,-11.110948645829126,9.06467219395563,12.943693914916366,6.067000628449023,14.476618569344282,21.14968951791525,1,0,0.5,True,True,11.316666666666666,20.0,True,20m
680.0,3_satellites,20.0,3,0.375,41.84973581324778,51.58233050625618,30.13855514321381,441.80051357215433,430.6907935456097,-11.109720026544608,6.357638479210436,10.424108798149971,5.90476323151961,8.844723869115114,16.978088177740574,0,0,0.625,True,True,11.333333333333334,20.0,True,20m
681.0,3_satellites,20.0,3,0.375,37.40484359702717,54.63667884934296,30.13592341685476,434.5354797074719,423.4269912398357,-11.10848846763622,3.847748828586191,8.376046007499099,6.233015439007431,8.026380509138107,15.313757181167604,0,0,0.625,True,True,11.35,20.0,True,20m
682.0,3_satellites,20.0,3,0.375,34.430571023412206,54.99240851556572,30.133277741903854,425.8020604486668,414.69481767722215,-11.107242771444646,3.878980416338891,9.451007476542143,5.572027060203254,7.177636474370956,14.464290957897902,0,0,0.625,True,True,11.366666666666667,20.0,True,20m
683.0,3_satellites,20.0,3,0.375,42.27459471578881,48.95401827345523,30.130602233446133,443.9817141472095,432.8757539186935,-11.105960228515984,5.916168273426592,10.708861282095311,6.022171980701387,10.95889875292778,18.244827833026648,0,0,0.625,True,True,11.383333333333333,20.0,True,20m
684.0,3_satellites,20.0,3,0.375,45.0351129934038,60.04600843996927,30.127964751676235,435.2469918365006,424.14226375482025,-11.104728081680378,5.251819541677833,8.692000911105424,5.1917515941895545,10.815625444054604,18.100832670927048,0,0,0.5,True,True,11.4,20.0,True,20m
685.0,3_satellites,20.0,3,0.375,42.60511799440639,58.4541493812888,30.12530106147853,433.6252393767172,422.5217720261343,-11.103467350582946,6.461239043157548,10.20197999663651,5.493196540046483,15.85214553400874,23.136627197265625,1,0,0.5,True,True,11.416666666666666,20.0,True,20m
686.0,3_satellites,20.0,3,0.375,42.477344373960655,53.82849544534111,30.1226248163771,438.4563232288713,427.3541313026163,-11.102191926255044,8.230470116250217,12.579937716480345,6.102808488998562,14.814605288207533,22.09835932776332,1,0,0.5,True,True,11.433333333333334,20.0,True,20m
687.0,3_satellites,20.0,3,0.375,36.804215963283696,55.26673225747947,30.119968185811462,429.570239412613,418.46929691174665,-11.10094250086638,5.988590052817017,11.64260325441137,5.654013201594353,13.408953856676815,20.691984962671995,1,0,0.625,True,True,11.45,20.0,True,20m
688.0,3_satellites,20.0,3,0.375,41.23945388920468,51.97866462623514,30.11728556171401,442.2314878850443,431.1318276353538,-11.099660249690544,6.812112441752106,10.018950219266117,5.805136600043625,9.830990057438612,18.14411061629653,0,0,0.625,True,True,11.466666666666667,20.0,True,20m
689.0,3_satellites,20.0,3,0.375,37.38845658602507,48.00266031958029,30.114606043716577,441.650962386679,430.55257545395983,-11.098386932719166,5.569643101654947,9.804939503781496,5.839814363978803,8.694236606359482,15.30002985149622,0,0,0.625,True,True,11.483333333333333,20.0,True,20m
690.0,3_satellites,20.0,3,0.375,39.10427952562296,45.09810843884687,30.111917918021238,447.7145204959607,436.6174159142557,-11.097104581705024,6.68890568614006,11.214861921966076,5.446954351849854,13.199873700737951,18.27948450297117,0,0,0.625,True,True,11.5,20.0,True,20m
691.0,3_satellites,20.0,3,0.375,52.2118406880341,48.05755446634486,30.109212862668727,460.94042024207823,449.8446156317196,-11.09580461035864,11.818664038088173,15.510599001310766,6.281141465064138,22.919917188584805,31.77977568656206,3,0,0.5,True,True,11.516666666666667,20.0,True,20m
692.0,3_satellites,20.0,3,0.375,40.86697369454623,45.132195742224525,30.10653987990248,448.8990524166527,437.8045074985271,-11.09454491812562,5.070090067572892,10.760623180307448,6.041373084299266,10.477436367422342,19.338009603321552,0,0,0.625,True,True,11.533333333333333,20.0,True,20m
693.0,3_satellites,20.0,3,0.4285714285714285,41.93830508965836,72.2773925317475,44.26678366775791,425.4979043836189,403.5406878174782,-21.95721656614063,0.6980278832571847,5.620428574936731,4.95946955042226,1.4293999932706356,10.230997797101736,0,0,0.5714285714285714,True,True,11.55,20.0,True,20m
694.0,3_satellites,20.0,3,0.375,42.14388820841159,53.71559124346874,30.10116097886568,438.7743439327691,427.6823494411942,-11.091994491574894,3.8695358335971832,9.634862979874017,5.765327146276832,6.509100463241339,13.787021946161984,0,0,0.625,True,True,11.566666666666666,20.0,True,20m
695.0,3_satellites,20.0,3,0.375,54.16416231128347,53.60458500656839,30.098436034646102,454.7796972534715,443.6890193518004,-11.090677901671086,6.9008075525052845,11.91894745733589,5.798859823960811,14.763952996581793,22.041138973087072,1,0,0.625,True,True,11.583333333333334,20.0,True,20m
696.0,3_satellites,20.0,3,0.4285714285714285,41.25212622674496,64.1266218688608,44.23621842638202,439.5136816901216,417.5768607998693,-21.93682089025225,3.216586733503001,8.532058471547705,5.315471738044705,7.81005971506238,14.478040724992752,0,0,0.5714285714285714,True,True,11.6,20.0,True,20m
697.0,3_satellites,20.0,3,0.4285714285714285,40.42109324809592,66.92926386844533,44.22603412276999,436.1857650268882,414.2557320767566,-21.93003295013159,2.998625125735998,8.414840727512326,5.416215601776328,6.541377980262041,13.3248409666121,0,0,0.5714285714285714,True,True,11.616666666666667,20.0,True,20m
698.0,3_satellites,20.0,3,0.4285714285714285,38.046628042873365,64.17734909901472,44.21583326839013,440.1684146115096,418.24518856913545,-21.923226042374097,3.013878880334752,8.351829202047416,5.337950321712664,6.365990079939365,13.556939341127872,0,0,0.5714285714285714,True,True,11.633333333333333,20.0,True,20m
699.0,3_satellites,20.0,3,0.4285714285714285,29.90919224589314,53.71212524494096,44.20561064991868,446.4660874590169,424.5496892560495,-21.9163982029674,5.6478823992822855,11.226332441504512,5.578450042222228,9.961574655026196,19.339248303323984,0,0,0.5714285714285714,True,True,11.65,20.0,True,20m
700.0,3_satellites,20.0,3,0.375,73.06923344668705,55.67851480879735,30.08483432787704,491.4096804215163,480.32553036838647,-11.08415005312986,10.3841163655743,14.066911357454956,6.2918133763596416,17.550506085157394,26.38551881536841,3,0,0.625,True,True,11.666666666666666,20.0,True,20m
701.0,3_satellites,20.0,3,0.4285714285714285,39.107048755769554,48.65023751495777,44.18513825502012,458.3515453557754,436.4488223087812,-21.902723046994254,3.579091150313616,7.968936898346458,4.847806473927839,6.725027788430452,15.784061145037413,0,0,0.5714285714285714,True,True,11.683333333333334,20.0,True,20m
702.0,3_satellites,20.0,3,0.4285714285714285,29.10293606700452,50.78280794839526,44.1749400305662,453.2233862605714,431.3274583531461,-21.89592790742529,2.2931713280933246,7.675637765122311,5.382466437028987,4.616837330162525,14.004480846226215,0,0,0.5714285714285714,True,True,11.7,20.0,True,20m
703.0,3_satellites,20.0,3,0.4285714285714285,37.4706164381821,39.38658564307061,44.16465959101265,468.8122092551872,446.92316229597856,-21.889046959208656,2.0121361948549747,5.253010545990297,4.1101836775030405,3.896709050983191,10.138932477682827,0,0,0.5714285714285714,True,True,11.716666666666667,20.0,True,20m
704.0,3_satellites,20.0,3,0.375,28.132116503727307,43.70203344006152,30.073967526210865,453.9891627101612,442.9101709407553,-11.078991769405944,0.7134959334507585,5.632082418072969,4.91858648462221,1.0607640221714971,8.469946634024382,0,0,0.625,True,True,11.733333333333333,20.0,True,20m
705.0,3_satellites,20.0,3,0.375,43.60834186500228,39.43277318323648,30.07119748217709,475.1013426183914,464.0237020071161,-11.077640611275342,4.036165646277368,9.339016377925873,5.859590260311961,8.663413520902395,16.72736530005932,0,0,0.625,True,True,11.75,20.0,True,20m
706.0,3_satellites,20.0,3,0.4285714285714285,35.57592806885037,64.48906544434516,44.13394432357936,449.05281627520463,427.184243658269,-21.86857261693564,3.857192382748638,8.781990357807704,4.926597813942602,7.227133836597204,16.62807722389698,0,0,0.5714285714285714,True,True,11.766666666666667,20.0,True,20m
707.0,3_satellites,20.0,3,0.4285714285714285,31.56460639529969,51.450183302054526,44.12364851588241,462.9185207549984,441.05683794571127,-21.86168280928712,2.620242881987776,7.94885415477412,5.328611272786345,5.849346645176411,12.72577117010951,0,0,0.5714285714285714,True,True,11.783333333333333,20.0,True,20m
708.0,3_satellites,20.0,3,0.4285714285714285,29.12015560921284,57.26712988587037,44.113396338364375,456.6848878797056,434.8300426268139,-21.85484525289172,1.616478227611099,6.451034025954349,5.255382659179824,3.91378066316247,9.687845211476088,0,0,0.5714285714285714,True,True,11.8,20.0,True,20m
709.0,3_satellites,20.0,3,0.4285714285714285,29.371291980593163,62.202725651482936,44.10312145601198,455.3766323772989,433.5286431564869,-21.847989220812,1.9449675498264176,7.36826832432832,5.423300774501903,4.451956491917372,11.156301029026508,0,0,0.5714285714285714,True,True,11.816666666666666,20.0,True,20m
710.0,3_satellites,20.0,3,0.4285714285714285,25.913265677639156,52.12251210094056,44.09280182776308,464.090271834236,442.24918752370144,-21.8410843105346,4.339814602264336,9.51575073546597,5.596809671925647,8.509644255042076,14.252898145467045,0,0,0.5714285714285714,True,True,11.833333333333334,20.0,True,20m
711.0,3_satellites,20.0,3,0.375,51.76195340890027,39.88206934300893,30.054641723510013,492.3955047289464,481.325841685386,-11.069663043560354,9.641978057101367,13.40688009839505,5.936052837409079,18.87334832549095,27.74735078588128,2,0,0.5,True,True,11.85,20.0,True,20m
712.0,3_satellites,20.0,3,0.375,50.184345280842216,43.131697786166015,30.051881668749413,492.1070883862759,481.03874965080473,-11.068338735471116,7.674307050183415,10.83170707570389,5.210401946213096,15.557978242635729,24.432679917663336,1,0,0.5,True,True,11.866666666666667,20.0,True,20m
713.0,3_satellites,20.0,3,0.375,44.1134427195412,41.82435705916747,30.0491135643774,486.1419418169525,475.0749327348237,-11.067009082128834,6.618167950306088,9.70458873640746,5.366622351575643,11.148767098784448,20.024168264120817,1,0,0.5,True,True,11.883333333333333,20.0,True,20m
714.0,3_satellites,20.0,3,0.375,77.45710508251928,59.22221909509904,30.046291522010907,515.4133024551754,504.34769027471737,-11.06561218045806,11.481553999707105,15.017390858847648,6.157284524757415,22.15336524695158,31.029460292309523,3,0,0.625,True,True,11.9,20.0,True,20m
715.0,3_satellites,20.0,3,0.4285714285714285,29.901370722344005,56.52279705953607,44.04120759922903,465.8429361645088,444.0363262216222,-21.80660994288661,1.3390734743859087,6.109502289976392,5.180444484842675,3.253364071249962,12.141247026622295,0,0,0.5714285714285714,True,True,11.916666666666666,20.0,True,20m
716.0,3_satellites,20.0,3,0.375,73.14197236130414,53.711976916810805,30.040718763942635,511.9903797704703,500.9274623625623,-11.062917407908005,13.962940413039178,17.174949870444834,5.104277461301535,34.38888054713607,43.2663736268878,3,0,0.5,True,True,11.933333333333334,20.0,True,20m
717.0,3_satellites,20.0,3,0.4285714285714285,28.674313472248883,66.37850585712268,44.0205604924106,453.2906031200421,431.49778002335415,-21.792823096687982,4.601370459688561,9.788799528564724,5.60849249416164,7.400760140269995,15.377908572554588,0,0,0.5714285714285714,True,True,11.95,20.0,True,20m
718.0,3_satellites,20.0,3,0.4285714285714285,30.189276373077625,61.82465779170774,44.0101727659914,460.51045139103,438.7245821074629,-21.78586928356708,3.28207364571946,8.354097274265119,5.493117576731103,7.739802218973637,12.261318936944008,0,0,0.5714285714285714,True,True,11.966666666666667,20.0,True,20m
719.0,3_satellites,20.0,3,0.4285714285714285,29.063716809495705,63.13333668441876,43.99981650862456,458.5190233566197,436.7400761753793,-21.778947181240312,3.149728852723326,8.115178930972304,5.386575186891215,5.741852935403585,12.141344867646694,0,0,0.5714285714285714,True,True,11.983333333333333,20.0,True,20m
720.0,3_satellites,20.0,3,0.4285714285714285,34.023744813739064,71.206627306815,43.989462083688935,451.8454164250876,430.07338467412967,-21.77203175095792,3.320348935467856,8.321855955890246,5.422664347503867,6.690942510962486,14.400447897613049,0,0,0.5714285714285714,True,True,12.0,20.0,True,20m
721.0,3_satellites,20.0,3,0.375,34.5438168385987,46.69221733837404,30.026781725156717,472.9244178111436,461.868203877485,-11.056213933658626,3.705902862828225,8.952989519573748,6.090319914277643,9.178804852068424,18.059774611145254,0,0,0.5,True,True,12.016666666666667,20.0,True,20m
722.0,3_satellites,20.0,3,0.375,36.24164378240277,47.18941506596861,30.023961271380795,471.4177974282945,460.3629554242508,-11.054842004043678,7.39197656000033,12.724801691249011,5.488872616086155,12.681446086615324,19.93854795023799,0,0,0.625,True,True,12.033333333333333,20.0,True,20m
723.0,3_satellites,20.0,3,0.375,35.482765402200066,55.189399215281824,30.021162792929303,459.653764219403,448.6002690248305,-11.05349519457252,4.886674710083753,10.202286230865866,6.158829111605883,12.966196652501822,21.848553471267223,1,0,0.5,True,True,12.05,20.0,True,20m
724.0,3_satellites,20.0,3,0.4285714285714285,37.79982838503468,74.5057595922815,43.947879520555226,447.4091711788179,425.6649535384303,-21.74421764038766,3.629547200564827,8.828429051807948,5.6201763690582345,6.144792959094048,12.771211739629509,0,0,0.5714285714285714,True,True,12.066666666666666,20.0,True,20m
725.0,3_satellites,20.0,3,0.4285714285714285,32.4782722197677,61.717325739408814,43.93741773576212,462.60406619853575,440.866865262585,-21.73720093595074,2.473867883107492,8.095713685133628,5.621845802026136,4.21925450488925,13.683422740548847,0,0,0.5714285714285714,True,True,12.083333333333334,20.0,True,20m
726.0,3_satellites,20.0,3,0.4285714285714285,36.347173445798,49.53192719275097,43.92694037817636,477.0234330387804,455.293262951193,-21.7301700875874,3.93134241444724,8.949066956128393,5.207528502813408,7.385723572224379,15.841470211744308,0,0,0.5714285714285714,True,True,12.1,20.0,True,20m
727.0,3_satellites,20.0,3,0.4285714285714285,33.17784464392809,50.5396052925057,43.91653130250258,475.98317668892895,454.259969080422,-21.723207608506925,2.0970047557992597,6.940715248031276,4.843710492232016,4.055087611079216,13.21487257629633,0,0,0.5714285714285714,True,True,12.116666666666667,20.0,True,20m
728.0,3_satellites,20.0,3,0.375,61.25547787399688,47.75715465538339,30.006964272373217,504.1150130906132,493.0684770847549,-11.046536005858286,7.973430953919887,12.90223222738132,5.742896930780262,14.310040175914764,23.19583736732602,1,0,0.625,True,True,12.133333333333333,20.0,True,20m
729.0,3_satellites,20.0,3,0.4285714285714285,36.84070265599461,47.01852484171218,43.89562384036636,481.4998470945701,459.7906416935962,-21.70920540097381,2.7336856366268227,8.136691187109266,5.403005550482443,5.351413976401091,13.69397209212184,0,0,0.5714285714285714,True,True,12.15,20.0,True,20m
730.0,3_satellites,20.0,3,0.4285714285714285,33.62504292320829,53.55836934858351,43.885192196641135,476.0879888704927,454.3857567475749,-21.702232122917792,2.5898387730121613,8.22002935303109,5.630190580018929,4.853285223245621,14.334102045744658,0,0,0.5714285714285714,True,True,12.166666666666666,20.0,True,20m
731.0,3_satellites,20.0,3,0.4285714285714285,32.95832257846261,58.64475906741912,43.87475199983243,471.2319703484519,449.53672133472696,-21.69524901372489,1.7977185462202343,7.429059183491128,5.631340637270894,3.7195818051695824,13.2037310898304,0,0,0.5714285714285714,True,True,12.183333333333334,20.0,True,20m
732.0,3_satellites,20.0,3,0.4285714285714285,33.31316052738732,49.64521103497708,43.86425307622878,481.6728084778788,459.9846016795816,-21.688206798297188,2.7698337265423367,7.439777686127594,5.04769573786429,5.182186640799046,14.63735642656684,0,0,0.5714285714285714,True,True,12.2,20.0,True,20m
733.0,3_satellites,20.0,3,0.4285714285714285,30.66392732321153,55.944158172058025,43.85380510822673,475.048210105148,453.3669903041701,-21.681219800977885,2.246403199753591,6.579011117241213,5.28033782435315,3.5651278905570507,13.055937983095646,0,0,0.5714285714285714,True,True,12.216666666666667,20.0,True,20m
734.0,3_satellites,20.0,3,0.4285714285714285,28.75948651393801,62.441083519773365,43.84335038435457,465.3737157766521,443.6994875579223,-21.67422821872981,3.4746491850486825,6.885746769607067,4.889617424458265,5.517350770533085,14.4792117215693,0,0,0.5714285714285714,True,True,12.233333333333333,20.0,True,20m
735.0,3_satellites,20.0,3,0.375,46.07322931242796,40.37601419822824,29.98700954508118,496.0794886193301,485.0426904435818,-11.036798175748231,6.3043621503748,11.771646093577148,6.310371041763574,15.327203430235386,24.21780115365982,1,0,0.5,True,True,12.25,20.0,True,20m
736.0,3_satellites,20.0,3,0.375,28.532946798152025,43.60486968063108,29.9841672365118,474.497735438383,463.46230732343474,-11.035428114948274,3.2717544506303966,9.379253848921508,6.107499398291111,7.730145763605833,16.62142986059189,0,0,0.625,True,True,12.266666666666667,20.0,True,20m
737.0,3_satellites,20.0,3,0.4285714285714285,40.62958817197347,78.73929205795275,43.81188030134551,452.3110457692753,430.65788267865554,-21.653163090619785,3.443923171077456,8.09793493790286,4.831984926547323,8.344961728900671,17.31845712289214,0,0,0.5714285714285714,True,True,12.283333333333333,20.0,True,20m
738.0,3_satellites,20.0,3,0.375,37.90829493241376,59.99547852015685,29.978433951062144,462.4882086603197,451.4555764408116,-11.03263221950806,3.268212671391666,8.400620677042753,5.784263531211764,8.855001915246248,17.747649420052767,0,0,0.625,True,True,12.3,20.0,True,20m
739.0,3_satellites,20.0,3,0.375,36.59865862950527,51.18882018981322,29.975536563657627,475.4720587151862,464.4408614747368,-11.031197240449444,5.498598861973733,9.458239110652356,4.802666326053441,12.70980478450656,21.603131540119648,1,0,0.5,True,True,12.316666666666666,20.0,True,20m
740.0,3_satellites,20.0,3,0.375,32.69006054181295,35.9616198700592,29.972632875323125,488.1912124356576,477.16145665766487,-11.029755777992705,6.506217994727194,10.876160472165791,5.602231019642204,17.700132381170988,26.5941394418478,1,0,0.5,True,True,12.333333333333334,20.0,True,20m
741.0,3_satellites,20.0,3,0.375,31.378496394977407,48.01536816806112,29.96976045809614,478.2445316485165,467.2161719362307,-11.028359712285749,4.943753083236516,9.23839825252071,5.137637437786907,10.896735951304436,19.791422706097364,0,0,0.5,True,True,12.35,20.0,True,20m
742.0,3_satellites,20.0,3,0.375,34.702357557086074,52.68207546707536,29.96687097306082,477.7327988661417,466.70585635043767,-11.026942515704036,2.757807677146048,7.387826259247959,5.087049224879593,4.807944588363171,12.11681094393134,0,0,0.625,True,True,12.366666666666667,20.0,True,20m
743.0,3_satellites,20.0,3,0.375,46.071237501291805,41.98581449769176,29.96393694938116,501.3173204407641,490.29184987617606,-11.025470564588034,7.543709530495107,11.660079088062048,5.541975717060268,16.811876006424427,25.7079144641757,1,0,0.5,True,True,12.383333333333333,20.0,True,20m
744.0,3_satellites,20.0,3,0.375,35.58163495895144,52.90576424519036,29.961069005356475,477.437429192761,466.4133434883106,-11.024085704450384,1.9838479277677836,6.21369938692078,4.506131186150014,3.830693811178208,10.502616226673126,0,0,0.625,True,True,12.4,20.0,True,20m
745.0,3_satellites,20.0,3,0.4285714285714285,39.555464387574055,76.10603665904634,43.7275205452668,463.67917899420814,442.08256703614967,-21.596611958058475,1.817116680422,4.40329264796206,3.6375393888780048,3.775687135756016,8.724845953285694,0,0,0.5714285714285714,True,True,12.416666666666666,20.0,True,20m
746.0,3_satellites,20.0,3,0.4285714285714285,37.70557309115083,76.78495792704665,43.71696036056287,462.63453931725246,441.0450058991241,-21.58953341812833,3.514438319419112,4.316283269120114,4.212976522211518,7.4625404961407185,11.527934793382885,0,0,0.5714285714285714,True,True,12.433333333333334,20.0,True,20m
747.0,3_satellites,20.0,3,0.4285714285714285,39.5817056646664,76.99403105357831,43.70636729272105,464.3963673774251,442.8139402980012,-21.58242707942395,3.4405667893588543,3.0299553935016905,3.5048129010413374,7.553294416517019,7.816059853881597,0,0,0.5714285714285714,True,True,12.45,20.0,True,20m
748.0,3_satellites,20.0,3,0.4285714285714285,33.739043305364575,68.46015334217145,43.69574449808317,471.86700585218887,450.2917136534223,-21.57529219876659,2.188227820077113,6.310014517711742,4.544182578367846,4.192696306854487,13.208733327686788,0,0,0.5714285714285714,True,True,12.466666666666667,20.0,True,20m
749.0,3_satellites,20.0,3,0.375,35.32559160312898,58.06967680740153,29.94650344625963,473.0879465212605,462.0710367794333,-11.016909741827137,4.67602287279442,7.773294101003557,4.07129823230207,9.935155596584082,18.835247833281755,0,0,0.5,True,True,12.483333333333333,20.0,True,20m
750.0,3_satellites,20.0,3,0.375,29.800804766136608,41.58972112648642,29.943555602688804,489.8218654557709,478.8064302846547,-11.015435171116224,6.598571493756026,9.54274195805192,4.264050835277885,15.436570521444082,24.33733329921961,1,0,0.5,True,True,12.5,20.0,True,20m
751.0,3_satellites,20.0,3,0.375,33.12250217484288,52.149018712702215,29.94063736250777,478.9584027777143,467.94439942443074,-11.014003353283556,4.558193365111947,7.286761217750609,3.591453584842384,8.703003652393818,17.604437682777643,0,0,0.5,True,True,12.516666666666667,20.0,True,20m
752.0,3_satellites,20.0,3,0.375,33.28849475017541,45.453422639682,29.93768664973856,488.3017151015904,477.28918167102864,-11.012533430561746,6.351011745631695,10.66282111639157,5.154581528622657,15.391965303570032,24.294069528579712,1,0,0.5,True,True,12.533333333333333,20.0,True,20m
753.0,3_satellites,20.0,3,0.375,38.78081074856097,39.98711378878507,29.934731144750987,502.3414070087752,491.3303489020778,-11.011058106697362,9.789563671220094,12.98561550443992,5.851669955067337,18.20891918987036,27.111692257225517,2,0,0.625,True,True,12.55,20.0,True,20m
754.0,3_satellites,20.0,3,0.375,34.016205050978165,39.93934288916272,29.9317954140535,496.3512735424626,485.3416645618764,-11.009608980586163,5.212631637230516,9.05749057000503,4.971734634134919,9.531592544168234,18.435034301131964,0,0,0.5,True,True,12.566666666666666,20.0,True,20m
755.0,3_satellites,20.0,3,0.375,42.209002470913696,42.20631623237109,29.928837949299314,506.6121238435982,495.6039870696963,-11.008136773901924,7.282794918864965,10.712873728945851,5.324602719396353,12.780368003994226,21.684476412832737,1,0,0.5,True,True,12.583333333333334,20.0,True,20m
756.0,3_satellites,20.0,3,0.375,52.84103541377473,46.40693901791303,29.925875561254248,515.892952152866,504.8862931635807,-11.006658989285256,9.081466568633914,12.184577375184745,5.761330293957144,14.268488958477974,23.173263382166624,1,0,0.625,True,True,12.6,20.0,True,20m
757.0,3_satellites,20.0,3,0.375,48.16557249141214,42.6577828510266,29.922918273667868,515.3221129031895,504.3169199284074,-11.005192974782062,10.513065669685602,14.009552309755236,6.155571002978832,15.024220541119576,22.528914477676157,1,0,0.625,True,True,12.616666666666667,20.0,True,20m
758.0,3_satellites,20.0,3,0.375,43.29934436856076,44.97272835679192,29.91996731109888,510.0456169905378,499.04188011578685,-11.003736874750928,10.646633677650245,14.129074789583685,6.142390490975231,18.488695442676544,27.39480541646481,2,0,0.625,True,True,12.633333333333333,20.0,True,20m
759.0,3_satellites,20.0,3,0.375,45.18216811748541,43.942734687611335,29.917000519366447,516.2076409481643,505.20538123832233,-11.002259709842008,9.750260110478848,13.005250747315586,5.915805098135024,17.553813081234694,26.460588175803423,1,0,0.625,True,True,12.65,20.0,True,20m
760.0,3_satellites,20.0,3,0.375,38.19923472676747,48.69373956368904,29.914052077791,503.4830610922904,492.48225186899566,-11.000809223294766,4.811623304150999,9.233177112881094,5.422130506951362,6.966924086213112,15.607302196323872,0,0,0.625,True,True,12.666666666666666,20.0,True,20m
761.0,3_satellites,20.0,3,0.375,39.98876716828668,45.08494003839748,29.911069167945392,512.1778394897823,501.1785208526965,-10.999318637085764,8.144939281977713,11.753421573434023,5.980656030122191,13.910861421376469,22.81896603479981,1,0,0.5,True,True,12.683333333333334,20.0,True,20m
762.0,3_satellites,20.0,3,0.375,40.3166766546415,49.70313629978473,29.908100388281564,506.630324298234,495.6324768650625,-10.997847433171444,6.327384538482875,10.271904674824327,5.937894173897803,9.77975085005164,18.688518274575472,0,0,0.5,True,True,12.7,20.0,True,20m
763.0,3_satellites,20.0,3,0.375,36.33619784395739,54.51359620464484,29.905134461519115,497.3239196605313,486.32753763289713,-10.996382027634183,2.6914182459004223,7.431170192081481,5.216263269074261,6.581342786550522,13.170751694589852,0,0,0.625,True,True,12.716666666666667,20.0,True,20m
764.0,3_satellites,20.0,3,0.375,43.72697306779457,45.3574088268038,29.902123880820856,518.3176894251837,507.32282849305744,-10.9948609321263,8.064496899023652,10.399416163098069,5.359324392396957,15.11613129451871,24.026223059743643,1,0,0.625,True,True,12.733333333333333,20.0,True,20m
765.0,3_satellites,20.0,3,0.4285714285714285,37.25730457000977,72.48392189436181,43.51447315548396,489.7359598968608,468.2823674631522,-21.453592433708536,2.7234558830303803,4.910642746835947,3.5327772572636604,5.491336643695831,10.023442938923836,0,0,0.5714285714285714,True,True,12.75,20.0,True,20m
766.0,3_satellites,20.0,3,0.375,39.10459231217827,43.32573320884178,29.896146948463223,519.4396368031585,508.44775312538536,-10.991883677773105,5.785777605138719,7.432483386714011,4.973110127728432,8.668445132672787,15.766171991825104,0,0,0.625,True,True,12.766666666666667,20.0,True,20m
767.0,3_satellites,20.0,3,0.4285714285714285,38.19683784673384,71.86289118875895,43.49300014134655,495.67513082548055,474.2359707837305,-21.43916004175003,2.581369792244264,3.1206382709954466,2.466391839087009,4.845485806465149,6.65926518291235,0,0,0.5714285714285714,True,True,12.783333333333333,20.0,True,20m
768.0,3_satellites,20.0,3,0.4285714285714285,44.883784330904206,82.81635505722224,43.48228650213081,487.2903438802712,465.8583714498637,-21.43197243040754,2.698481604989086,3.421760177505868,1.5010831387979644,5.42345317453146,4.686787191778421,0,0,0.5714285714285714,True,True,12.8,20.0,True,20m
769.0,3_satellites,20.0,3,0.4285714285714285,36.00779580247221,69.46144702119066,43.471494866092414,499.5752522489483,478.1505495313712,-21.42470271757708,2.878564852156809,3.4930745725120818,3.515454714319536,7.761690828949213,7.0665143430233,0,0,0.7142857142857143,True,True,12.816666666666666,20.0,True,20m
770.0,3_satellites,20.0,3,0.4285714285714285,35.712794662137114,65.3040495189508,43.46071789049246,506.9612084368547,485.54375709662565,-21.41745134022904,4.215859040085759,2.7950332340385238,2.3445428056376323,5.897915754467249,5.681876294314861,0,0,0.5714285714285714,True,True,12.833333333333334,20.0,True,20m
771.0,3_satellites,20.0,3,0.4285714285714285,38.95412134253292,74.72896804467226,43.44997950257237,497.178250711266,475.7680063877157,-21.410244323550277,3.745573819215809,3.194687729435308,2.077466587402991,5.613051190972328,6.58763037994504,0,0,0.5714285714285714,True,True,12.85,20.0,True,20m
772.0,3_satellites,20.0,3,0.4285714285714285,35.87307916938742,70.71751943977205,43.43919566316583,497.7638780601,476.3608887643563,-21.40298929574368,3.502391964197159,4.007335660180876,3.090804981866053,6.721679117530584,7.842073764652014,0,0,0.5714285714285714,True,True,12.866666666666667,20.0,True,20m
773.0,3_satellites,20.0,3,0.375,36.17047815324945,57.808710955189525,29.87510657638117,505.5072902611452,494.5259005837504,-10.981389677394816,4.6697822930291295,2.7418942037038505,3.731731711421162,9.183882120996714,7.44608573615551,0,0,0.5,True,True,12.883333333333333,20.0,True,20m
774.0,3_satellites,20.0,3,0.375,41.12993215824911,37.82846631719693,29.8720361732807,532.7774600751658,521.7976420168144,-10.979818058351384,4.59577943990007,7.937001009471714,5.71528892731294,7.744023751467466,14.596187371760609,0,0,0.5,True,True,12.9,20.0,True,20m
775.0,3_satellites,20.0,3,0.375,33.09735289232505,39.32419403186612,29.869019089958314,524.1434422010326,513.1651263897231,-10.978315811309471,1.788577497471124,5.800978874322027,4.151104316115379,3.6567102260887614,8.95770812407136,0,0,0.625,True,True,12.916666666666666,20.0,True,20m
776.0,3_satellites,20.0,3,0.375,33.773245749326094,44.72707096173625,29.86599145039793,521.4680580213544,510.4912547614691,-10.976803259885289,1.999365666881204,5.290479749441147,3.708164865151048,3.88928447291255,8.372008927166462,0,0,0.625,True,True,12.933333333333334,20.0,True,20m
777.0,3_satellites,20.0,3,0.375,46.285654384524,40.883491865566775,29.8629263553648,540.9410668917619,529.9658209943549,-10.975245897407037,5.710434675216675,9.32862967485562,5.510221073869616,9.204031642526388,18.12265751883388,0,0,0.5,True,True,12.95,20.0,True,20m
778.0,3_satellites,20.0,3,0.375,35.43966865666043,45.03848825617081,29.859905462489312,525.5266281682397,514.5528813974296,-10.973746770810068,1.3479311116971076,7.038770413957536,5.690839302260429,3.6536692939698696,10.12178250402212,0,0,0.625,True,True,12.966666666666667,20.0,True,20m
779.0,3_satellites,20.0,3,0.375,44.97843769550191,43.28084708208231,29.856838656959496,539.9882151875858,529.0160227019556,-10.972192485630105,6.005783528555185,10.754563579335809,5.590742555912584,13.80092963948846,22.72085754573345,1,0,0.5,True,True,12.983333333333333,20.0,True,20m
780.0,3_satellites,20.0,3,0.375,33.79049248578557,52.93918793913264,29.85382043923996,520.8583525299254,509.887651178771,-10.970701351154332,3.736585983540863,7.171226815320551,4.075838558841497,8.630207397043705,13.981125567108393,0,0,0.625,True,True,13.0,20.0,True,20m
781.0,3_satellites,20.0,3,0.375,46.40829160289479,43.00135496651454,29.850727528692,546.1920060978397,535.2228885352872,-10.96911756255247,7.721595653798431,11.799191406462342,5.793825102970004,14.087356317788364,23.00858312472701,1,0,0.5,True,True,13.016666666666667,20.0,True,20m
782.0,3_satellites,20.0,3,0.375,39.56271680744632,41.50251671328516,29.847676833203465,540.895099986621,529.9275108795681,-10.967589107052843,5.508614849764854,10.279404323082415,5.235114734619856,9.908915270119904,18.83079109340906,0,0,0.625,True,True,13.033333333333333,20.0,True,20m
783.0,3_satellites,20.0,3,0.375,41.41055681787402,46.84826947201818,29.84461916525816,540.7482294148022,529.7821749064115,-10.966054508390698,4.524419790133834,9.005628994200379,6.251125039998442,8.876616559922695,16.0862257219851,0,0,0.625,True,True,13.05,20.0,True,20m
784.0,3_satellites,20.0,3,0.375,36.45445477561608,42.89304576260055,29.841553495447723,543.3680018455133,532.4034908513868,-10.9645109941265,3.86538597708568,8.877502105664462,5.022421236149967,5.51043700799346,14.207063939422367,0,0,0.625,True,True,13.066666666666666,20.0,True,20m
785.0,3_satellites,20.0,3,0.375,56.32447734589129,47.08300018184718,29.838452956043067,564.1907894853296,553.2278623597851,-10.962927125544413,8.279957931488752,11.916538102086632,6.3197101461701095,11.96473454684019,19.95807370916009,0,0,0.625,True,True,13.083333333333334,20.0,True,20m
786.0,3_satellites,20.0,3,0.375,42.74224826048993,47.28370336919563,29.835401614252675,548.8533682541702,537.891960484459,-10.961407769711172,4.318129976745695,8.554664539173245,6.078825858887285,8.687405116856098,15.89460426941514,0,0,0.5,True,True,13.1,20.0,True,20m
787.0,3_satellites,20.0,3,0.375,40.45204390157579,46.18498811966678,29.83232466945952,548.8239285939019,537.8640716241052,-10.959856969796649,5.2701795771718025,7.550347045529634,6.27949098451063,9.775537956506014,16.876369580626488,0,0,0.5,True,True,13.116666666666667,20.0,True,20m
788.0,3_satellites,20.0,3,0.375,36.291319380687504,47.45418916374279,29.82924683736908,544.2433296578934,533.2850204487289,-10.95830920916444,3.665967400651425,7.298319813795388,4.950952305924147,7.289341401308775,14.49493157863617,0,0,0.625,True,True,13.133333333333333,20.0,True,20m
789.0,3_satellites,20.0,3,0.375,39.88135705364997,44.31706505392912,29.826146472571256,551.127510110347,540.1707750721193,-10.956735038227636,4.0931897619739175,9.096997688058764,5.828831584658474,8.089836921542883,14.297824006527662,0,0,0.625,True,True,13.15,20.0,True,20m
790.0,3_satellites,20.0,3,0.375,32.34813602231577,39.60738939147634,29.82305602177401,548.0819254204798,537.1267503945973,-10.955175025882568,4.339168278034776,8.33828905923292,4.601916521787643,9.13038981333375,16.334364537149668,0,0,0.625,True,True,13.166666666666666,20.0,True,20m
791.0,3_satellites,20.0,3,0.375,33.50948594236108,38.46217077036079,29.81995689740549,552.6152677045992,541.6616616766912,-10.953606027907997,3.376249055378139,8.673471399117261,5.535728582646698,7.340734578669071,14.543902091681955,0,0,0.625,True,True,13.183333333333334,20.0,True,20m
792.0,3_satellites,20.0,3,0.375,40.163889243242096,40.0782072136264,29.81684692393205,557.2435863914999,546.2915594506243,-10.952026940875612,3.929208401124925,9.219585196580738,5.542728043161333,8.013481989502907,15.215838454663754,0,0,0.625,True,True,13.2,20.0,True,20m
793.0,3_satellites,20.0,3,0.375,31.98675282649598,41.09263243380105,29.81375549047354,551.2829783703629,540.3325062096837,-10.950472160679167,2.978052267804742,7.3320423238910735,5.2918530334718525,6.339409075677395,13.540957756340504,0,0,0.625,True,True,13.216666666666667,20.0,True,20m
794.0,3_satellites,20.0,3,0.375,34.50697583024083,52.35389548239637,29.810658990802317,538.6194318739812,527.6705154605228,-10.948916413458392,2.760560104623437,8.6435591802001,5.882999075576663,4.864892944693565,12.114203203469517,0,0,0.625,True,True,13.233333333333333,20.0,True,20m
795.0,3_satellites,20.0,3,0.375,46.505727977096825,40.72684525602652,29.807507729813757,566.8789751390922,555.9316846184255,-10.947290520666684,8.388596097007394,12.229224739130586,6.151638236362487,13.939228665083649,22.8694628700614,1,0,0.5,True,True,13.25,20.0,True,20m
796.0,3_satellites,20.0,3,0.375,74.13604538100041,58.08959375844452,29.804356071536123,592.2197300147756,581.2740607233115,-10.945669291464014,17.61546076554805,20.571187102701515,5.648197303060442,29.18641312047839,38.11728220060468,5,0,0.625,True,True,13.266666666666667,20.0,True,20m
797.0,3_satellites,20.0,3,0.375,79.79483377736422,62.42033148334832,29.801223622027216,588.630585539765,577.6865098072606,-10.944075732504416,20.373023457359523,24.29204336181283,6.073639678303152,36.84228429198265,45.77378886565566,5,0,0.5,True,True,13.283333333333333,20.0,True,20m
798.0,3_satellites,20.0,3,0.4285714285714285,37.00644223304622,68.94889195314434,43.15633588836139,529.4675086526948,508.25496840967327,-21.21254024302158,11.413242681218046,16.78917109966278,5.375928418444736,20.953302908688784,30.66082540154457,2,0,0.5714285714285714,True,True,13.3,20.0,True,20m
799.0,3_satellites,20.0,3,0.375,65.63920436813751,52.90887209664667,29.794989591619437,581.2885338264299,570.3476082815084,-10.94092554492147,13.88463754253462,17.533665782772005,6.344035516027361,22.16861891001463,29.62511181458831,4,0,0.625,True,True,13.316666666666666,20.0,True,20m
800.0,3_satellites,20.0,3,0.375,54.51419298790218,53.23100521162023,29.79187846942139,567.738634524396,556.7992698910743,-10.939364633321702,11.75644929939881,15.68407277856022,6.065644113812596,19.153739601373672,24.10584308579564,4,0,0.5,True,True,13.333333333333334,20.0,True,20m
801.0,3_satellites,20.0,3,0.375,46.44434502951452,45.47348007433252,29.78874389847189,566.3998485682398,555.4620761643059,-10.937772403933876,8.908260151278228,13.063717349432409,6.011135614011437,15.738603375852108,20.68961350992322,1,0,0.5,True,True,13.35,20.0,True,20m
802.0,3_satellites,20.0,3,0.375,49.95771144286375,47.46502972514016,29.78559726209811,570.5549850133107,559.6188151279854,-10.936169885325285,11.665499373339117,15.11704643862322,6.149085398297757,20.5396983101964,29.474379554390907,3,0,0.625,True,True,13.366666666666667,20.0,True,20m
803.0,3_satellites,20.0,3,0.375,42.114153794955,44.81676724878879,29.78246458055585,565.8116301813013,554.8770463933353,-10.934583787966062,5.370618655346334,9.795516477432102,5.568977768067271,10.113680697977545,17.70802193135023,0,0,0.5,True,True,13.383333333333333,20.0,True,20m
804.0,3_satellites,20.0,3,0.375,52.09950288926101,45.782304485831126,29.779297620927952,578.5119810993841,567.5790213940899,-10.932959705294252,8.463214793708175,12.636244763620198,5.821045197080821,17.406107503920794,26.34205188602209,1,0,0.5,True,True,13.4,20.0,True,20m
805.0,3_satellites,20.0,3,0.375,51.91319945099441,51.04768078185228,29.776150024007904,574.7917680902158,563.8604042479666,-10.931363842249198,9.393567793536931,12.185147278010843,5.491645536851138,14.086333230137823,22.72186639904976,1,0,0.625,True,True,13.416666666666666,20.0,True,20m
806.0,3_satellites,20.0,3,0.375,45.17421850642056,49.92428287011006,29.773003835432892,569.2477568710414,558.3179878044938,-10.929769066547578,6.565686486195773,9.275064466521144,5.410285085905343,10.503277372568846,19.11413262039423,0,0,0.625,True,True,13.433333333333334,20.0,True,20m
807.0,3_satellites,20.0,3,0.375,61.32373572939248,52.989921808063,29.76981364401069,587.6064742657943,576.6783517987229,-10.928122467071375,10.758539935108274,12.74425114132464,5.692747463006526,16.12822088599205,24.358262050896883,2,0,0.625,True,True,13.45,20.0,True,20m
808.0,3_satellites,20.0,3,0.375,50.45008114654701,42.06222850027429,29.76664688264664,585.4099097776689,574.4834006028466,-10.926509174822286,9.485611639451236,12.229217492509632,5.446193262003362,15.32862589135766,24.267089407891035,1,0,0.625,True,True,13.466666666666667,20.0,True,20m
809.0,3_satellites,20.0,3,0.375,61.399264123405885,47.14434498693998,29.763458909441905,593.499650195921,582.5747789616985,-10.924871234222564,11.689415044151248,15.24629605282098,6.260309065692127,21.640265461057425,30.579355221241716,3,0,0.625,True,True,13.483333333333333,20.0,True,20m
810.0,3_satellites,20.0,3,0.375,36.70881063437934,47.06880518739332,29.760329419757376,564.3093491355576,553.3860410551209,-10.92330808043664,4.096708028577268,8.177400486078113,4.921245601493865,7.972175840288401,16.911894150078297,0,0,0.5,True,True,13.5,20.0,True,20m
811.0,3_satellites,20.0,3,0.375,41.61332842024142,39.72947886385755,29.75712864268374,576.2916293955592,565.3699712102411,-10.921658185318051,6.505508397240192,10.797597512602806,5.426577208098024,12.985616337507963,21.925958905369043,1,0,0.5,True,True,13.516666666666667,20.0,True,20m
812.0,3_satellites,20.0,3,0.375,39.44308207182316,62.58904414277279,29.75398907831202,545.044458804394,534.1243696246477,-10.920089179746356,2.199360311497003,6.591176038607955,4.391815727110952,3.78391233086586,11.540003795176744,0,0,0.625,True,True,13.533333333333333,20.0,True,20m
813.0,3_satellites,20.0,3,0.375,33.16918223418449,35.56415800382884,29.75076072336864,573.2864533414561,562.3680460973113,-10.91840724414476,4.4811335895210505,9.736614644061774,5.719443910289556,9.571389827877285,18.512979455292225,0,0,0.625,True,True,13.55,20.0,True,20m
814.0,3_satellites,20.0,3,0.375,31.88384266198113,44.10931122285735,29.747580079314545,566.4598999640806,555.5431091974175,-10.916790766663098,3.1106944950297475,9.070784171577545,5.960089676547796,6.137918744236231,15.0801296569407,0,0,0.625,True,True,13.566666666666666,20.0,True,20m
815.0,3_satellites,20.0,3,0.375,29.106649459223707,44.35731592176347,29.74438725241579,564.5711397691774,553.6559804531374,-10.91515931603999,1.7522940789349375,7.255187022965401,5.502892944030464,4.391036290675402,11.57458744943142,0,0,0.625,True,True,13.583333333333334,20.0,True,20m
816.0,3_satellites,20.0,3,0.375,27.21365988053002,34.83044619819063,29.741173712562563,573.9158172442939,563.0023125499968,-10.913504694297105,3.027563399169594,9.3804720104672,6.352908611297607,5.663762796670198,12.89486465230584,0,0,0.625,True,True,13.6,20.0,True,20m
817.0,3_satellites,20.0,3,0.375,42.29505845940072,56.38654648965704,29.73798085649545,563.0254880943464,552.113606316189,-10.911881778157408,7.55432255147025,10.153409594204277,5.309221286326647,12.888930197805166,21.8329984433949,1,0,0.625,True,True,13.616666666666667,20.0,True,20m
818.0,3_satellites,20.0,3,0.375,29.75671713018387,35.409126639575945,29.73475578873376,578.8698831849842,567.9596687905981,-10.910214394386117,2.469247992150485,8.741221773903817,6.271973781753331,5.087220545858145,14.031906053423882,0,0,0.625,True,True,13.633333333333333,20.0,True,20m
819.0,3_satellites,20.0,3,0.375,30.027400176520523,35.62956559148107,29.731541086626248,580.897308816949,569.9887432568065,-10.908565560142506,2.065914603881538,7.867953937035054,5.802039333153516,4.832855101674795,11.297375116497278,0,0,0.625,True,True,13.65,20.0,True,20m
820.0,3_satellites,20.0,3,0.375,37.08276380832292,49.75600297855803,29.728334182815527,574.3621090177778,563.4551780916357,-10.90693092614208,3.894705581944436,8.148739648517221,4.95245604403317,5.363558355718851,14.025867205113173,0,0,0.625,True,True,13.666666666666666,20.0,True,20m
821.0,3_satellites,20.0,3,0.375,32.54178763365638,34.00859727497769,29.725091676941336,589.3519910853488,578.4467391226116,-10.905251962737225,4.943553242366761,11.280980687588452,6.337427445221692,10.22184681147337,17.400426741689444,0,0,0.625,True,True,13.683333333333334,20.0,True,20m
822.0,3_satellites,20.0,3,0.375,36.67731970549006,27.447066783107765,29.72185699074841,601.3937529941503,590.4901717085966,-10.903581285553742,2.058957656379789,8.414986156392843,6.356028500013053,3.6930124200880527,11.87717168033123,0,0,0.625,True,True,13.7,20.0,True,20m
823.0,3_satellites,20.0,3,0.4285714285714285,34.8545047765712,66.1011703991289,42.8795006138232,569.8559368092156,548.8302594692171,-21.025677339998424,2.605410200676748,7.176804162029709,4.571393961352961,6.132077258080244,12.673416763544084,0,0,0.5714285714285714,True,True,13.716666666666667,20.0,True,20m
824.0,3_satellites,20.0,3,0.375,31.579931478577755,52.42895839174169,29.71543360635077,576.239630857358,565.3393170863822,-10.9003137709758,1.8695534048601985,4.48751640599221,2.6179630011320114,3.0228748992085457,6.700644128024578,0,0,0.625,True,True,13.733333333333333,20.0,True,20m
825.0,3_satellites,20.0,3,0.375,29.513258131303928,39.664243422610646,29.7121761800491,594.2637329737481,583.3651090505417,-10.8986239232064,6.162958038970828,7.997165208682418,4.964895999059081,13.48261396959424,22.43159743025899,1,0,0.625,True,True,13.75,20.0,True,20m
826.0,3_satellites,20.0,3,0.4285714285714285,32.74362658267128,62.13689737084773,42.84592667229913,583.7777420158775,562.7747633892479,-21.00297862662956,1.11064202817423,4.951636680534908,3.8409946523606777,2.85566695034504,8.37939690425992,0,0,0.5714285714285714,True,True,13.766666666666667,20.0,True,20m
827.0,3_satellites,20.0,3,0.375,28.013637793357034,45.63696444955967,29.70569251387976,590.2965269923056,579.4012319542622,-10.8952950380434,1.4268918768502772,6.837322074919939,5.410430198069662,2.3270104937255383,11.364121578633783,0,0,0.625,True,True,13.783333333333333,20.0,True,20m
828.0,3_satellites,20.0,3,0.375,32.97809918687206,55.63891168481905,29.70245722812914,586.0071908684304,575.1135510722333,-10.89363979619702,2.1773805473931134,4.298014857340604,4.552502827718854,5.677584856748581,9.319731269031765,0,0,0.625,True,True,13.8,20.0,True,20m
829.0,3_satellites,20.0,3,0.4285714285714285,33.16150529189269,65.82876714851227,42.81231347941279,585.1390993373768,564.1588416417912,-20.98025769558558,1.88152831739613,7.558933863682406,5.677405546286276,3.579424794763326,12.816770870238544,0,0,0.5714285714285714,True,True,13.816666666666666,20.0,True,20m
830.0,3_satellites,20.0,3,0.375,38.5243130371686,42.12375689009929,29.6959066061476,612.3352416542577,601.4450025391493,-10.890239115108445,5.029298564884812,8.665696485899389,5.062656549271196,8.987789418548346,17.939816426485777,0,0,0.5,True,True,13.833333333333334,20.0,True,20m
831.0,3_satellites,20.0,3,0.4285714285714285,29.193923331311144,55.98652275595241,42.78984635460039,598.3337711720686,577.3687175716159,-20.96505360045273,2.180130352931364,6.827394872903824,4.652609745306628,4.962191477417946,11.495390448719265,0,0,0.5714285714285714,True,True,13.85,20.0,True,20m
832.0,3_satellites,20.0,3,0.4285714285714285,30.470300167551983,61.39156463570389,42.7786276715699,595.7821267872934,574.8246541606674,-20.957472626625982,1.0050204039684365,6.152516255953482,5.147495851985046,1.8176526948809624,10.389845743775368,0,0,0.5714285714285714,True,True,13.866666666666667,20.0,True,20m
833.0,3_satellites,20.0,3,0.4285714285714285,35.987366096621976,68.71356966951214,42.76739827910605,594.4076174082084,573.457733598224,-20.949883809984385,1.518946337912764,6.634679603257349,5.115733265344586,3.530467715114355,10.10817739740014,0,0,0.5714285714285714,True,True,13.883333333333333,20.0,True,20m
834.0,3_satellites,20.0,3,0.4285714285714285,30.76505425108149,60.46712341120797,42.7561338895145,602.9931262618898,582.0508704627015,-20.942255799188278,0.6283485623342651,6.114804678729603,5.486456116395337,1.3256137110292912,10.959113627672195,0,0,0.5714285714285714,True,True,13.9,20.0,True,20m
835.0,3_satellites,20.0,3,0.4285714285714285,38.34991424161761,72.84676260911056,42.74490980288345,594.4431403140999,573.5084647197971,-20.934675594302803,1.033189586762871,4.820291917771101,3.78710233100823,2.4817871563136578,7.819921117275953,0,0,0.5714285714285714,True,True,13.916666666666666,20.0,True,20m
836.0,3_satellites,20.0,3,0.375,32.130967182079864,50.75708078940711,29.67628160353791,609.6360775315852,598.7559538204557,-10.8801237111295,1.671848963946104,6.093540548346937,4.630170027725399,3.203834567219019,10.3442978002131,0,0,0.625,True,True,13.933333333333334,20.0,True,20m
837.0,3_satellites,20.0,3,0.375,94.80970254857452,74.34691091431299,29.672897193201468,676.2303044898777,665.3520015345257,-10.878302955351955,19.313821248710155,21.816660712007437,5.22960516391322,36.86600582301617,45.822263687849045,4,0,0.625,True,True,13.95,20.0,True,20m
838.0,3_satellites,20.0,3,0.375,51.06963182098864,42.83364775132991,29.669656817874525,645.0801113620404,634.2034468584242,-10.876664503616212,8.709996556397527,11.537589189596474,5.555180642288178,16.62190806120634,25.578772712498903,1,0,0.625,True,True,13.966666666666667,20.0,True,20m
839.0,3_satellites,20.0,3,0.375,73.8472437434709,55.79767364086475,29.66633007993433,667.4081759546344,656.5332554789059,-10.874920475728572,13.99639386869967,16.4601840833202,5.2028846349567175,28.19178942218423,37.149254228919744,3,0,0.625,True,True,13.983333333333333,20.0,True,20m
840.0,3_satellites,20.0,3,0.4285714285714285,32.37618854370291,62.356228972518615,42.68852969216657,616.3392645889282,595.4427495245156,-20.8965150644126,1.2160444360758578,5.10200033975499,3.885955903679133,2.618095599114895,9.169797468930485,0,0,0.5714285714285714,True,True,14.0,20.0,True,20m
841.0,3_satellites,20.0,3,0.375,66.04208897712071,49.20556822246338,29.65973209060397,668.2229710113331,657.3514622845258,-10.871508726807292,12.388293924275786,14.990663523320109,5.332429504022002,26.42738512530923,35.38605501130223,3,0,0.625,True,True,14.016666666666667,20.0,True,20m
842.0,3_satellites,20.0,3,0.4285714285714285,31.913157961219287,62.72454337495925,42.66596881312494,618.8692534618531,597.9880055493245,-20.88124791252858,0.5051828968737807,5.676676302083901,5.1714934052101205,0.9973624795675278,10.04332360997796,0,0,0.5714285714285714,True,True,14.033333333333333,20.0,True,20m
843.0,3_satellites,20.0,3,0.4285714285714285,29.25113296733176,66.88101941021446,42.65470558839628,616.7530709134473,595.8794374584398,-20.873633455007507,1.7846200977052962,5.481815191784075,4.128700957234416,2.9413381032645702,11.347992170602083,0,0,0.5714285714285714,True,True,14.05,20.0,True,20m
844.0,3_satellites,20.0,3,0.4285714285714285,32.15231325528794,61.00047057516032,42.643368789826575,626.4260886075408,605.5601400529479,-20.865948554592933,1.186191935624395,6.882947203836271,5.696755268211875,2.9003060162067413,11.112145323306322,0,0,0.5714285714285714,True,True,14.066666666666666,20.0,True,20m
845.0,3_satellites,20.0,3,0.4285714285714285,28.842196562521984,66.7921983544544,42.63210819110781,620.3084369841101,599.450099429789,-20.85833755432111,2.1821180108402456,6.020528027521713,4.270189223544938,3.362821791321039,12.74562156572938,0,0,0.5714285714285714,True,True,14.083333333333334,20.0,True,20m
846.0,3_satellites,20.0,3,0.4285714285714285,30.061881387205915,69.84964380820914,42.62080880730573,621.2004599125387,600.3497676057933,-20.850692306745373,6.076685488756214,7.008500416896173,5.049263856240681,12.027748599648476,17.46908001601696,0,0,0.5714285714285714,True,True,14.1,20.0,True,20m
847.0,3_satellites,20.0,3,0.4285714285714285,27.464928704273326,61.01385681125457,42.60945375142829,629.2528589268186,608.4098666758051,-20.84299225101347,2.997846574123417,5.442693988659552,5.126517730099814,6.070899873971939,12.105190604925156,0,0,0.5714285714285714,True,True,14.116666666666667,20.0,True,20m
848.0,3_satellites,20.0,3,0.4285714285714285,18.44553625374069,56.9424086675912,42.59814531935992,632.7088131120797,611.873477880248,-20.835335231831777,8.76276977413467,8.668115511004414,4.477395038519587,21.330246429890398,14.814402606338264,0,0,0.5714285714285714,True,True,14.133333333333333,20.0,True,20m
849.0,3_satellites,20.0,3,0.4285714285714285,32.2140577822031,73.2681805598905,42.58684909115279,622.7159925546646,601.8882900889572,-20.82770246570737,8.624184282762664,8.312220665493182,4.692589802933591,19.13821602612734,16.46937669813633,0,0,0.7142857142857143,True,True,14.15,20.0,True,20m
850.0,3_satellites,20.0,3,0.4285714285714285,37.012311552635545,78.75554315610637,42.57552599119427,621.4831339256422,600.6630936811526,-20.82004024448952,9.122919078916311,8.229955759963818,4.72473646913256,18.94469517096877,16.37394681200385,0,0,0.7142857142857143,True,True,14.166666666666666,20.0,True,20m
851.0,3_satellites,20.0,3,0.4285714285714285,29.20003056657892,70.50994737423841,42.5641627690416,627.5950197920334,606.7826837556491,-20.81233603638429,10.899957844189236,10.137666652777366,4.59611532038876,24.091480907052755,17.903125535696745,0,0,0.7142857142857143,True,True,14.183333333333334,20.0,True,20m
852.0,3_satellites,20.0,3,0.4285714285714285,45.02767548952882,87.0757524483604,42.55285153592555,616.9930103527142,596.1883189969196,-20.804691355794603,10.31732511680041,9.451662970972912,4.701534987560341,19.504702888429165,20.08786503225565,1,0,0.7142857142857143,True,True,14.2,20.0,True,20m
853.0,3_satellites,20.0,3,0.4285714285714285,36.55438715139885,78.52448523970375,42.5414769410324,625.6445586916178,604.8475804732097,-20.79697821840807,14.833550583571196,13.242602300963233,5.42887162736484,31.434616718441248,24.923890233039856,2,0,0.7142857142857143,True,True,14.216666666666667,20.0,True,20m
854.0,3_satellites,20.0,3,0.4285714285714285,30.53904689498952,68.02779905588109,42.530052694878925,634.0247986953734,613.235573911361,-20.78922478401239,5.609154847051416,5.903867435242448,4.667810337884085,11.357405692338943,14.70807222276926,0,0,0.5714285714285714,True,True,14.233333333333333,20.0,True,20m
855.0,3_satellites,20.0,3,0.4285714285714285,29.000560074086767,66.64475485798685,42.51867623126335,637.2110252197408,616.4295090294617,-20.78151619027915,6.237756261868136,6.383089401892254,4.747455527739866,12.527787178754808,15.614192847162483,0,0,0.5714285714285714,True,True,14.25,20.0,True,20m
856.0,3_satellites,20.0,3,0.4285714285714285,36.640748508166176,73.86340330930258,42.507296842840944,632.8936302998568,612.1198187588122,-20.77381154104455,2.860790790723903,4.303617741912603,3.7762875854969034,5.82506150752306,10.941353101283312,0,0,0.5714285714285714,True,True,14.266666666666667,20.0,True,20m
857.0,3_satellites,20.0,3,0.4285714285714285,37.49058299518491,75.5743639220685,42.49591858099808,633.5118606231254,612.7457567817559,-20.7661038413695,4.517329255385058,4.8903187688972265,4.0227412938007285,8.648986123502254,12.598509024828672,0,0,0.5714285714285714,True,True,14.283333333333333,20.0,True,20m
858.0,3_satellites,20.0,3,0.4285714285714285,29.597263326677844,67.16342772518944,42.48451177441088,639.7082719978472,618.9499057523362,-20.75836624551096,5.238672499677965,5.728901248425245,3.929557009467057,9.41759779676795,14.395124986767769,0,0,0.5714285714285714,True,True,14.3,20.0,True,20m
859.0,3_satellites,20.0,3,0.375,71.41440328554059,51.33692754447948,29.599521169298164,702.9461417389548,692.1059672714733,-10.84017446748146,16.69701494090259,19.06026361277327,3.934923322405666,43.94658448174596,52.91596970334649,3,1,0.5,True,True,14.316666666666666,20.0,True,20m
860.0,3_satellites,20.0,3,0.4285714285714285,32.17227799157479,67.5662238548569,42.46169088140056,640.7830237283281,620.0401259267353,-20.74289780159279,3.305320150618042,6.422444961965084,4.202021491846868,5.2847203351557255,13.975299511104822,0,0,0.5714285714285714,True,True,14.333333333333334,20.0,True,20m
861.0,3_satellites,20.0,3,0.375,96.90038851398644,75.69801722208501,29.592718872093684,718.435056789016,707.5984546717638,-10.836602117252257,20.34825184708461,23.669860421679918,6.068000004161149,39.63421142846346,48.604765355587006,5,0,0.625,True,True,14.35,20.0,True,20m
862.0,3_satellites,20.0,3,0.375,75.58690755811077,58.95223780737781,29.58935257069757,697.999820597115,687.1649588526938,-10.834861744421232,17.007330732420087,20.38052978552878,6.120399856008589,30.713293075561523,39.68443504720926,5,0,0.625,True,True,14.366666666666667,20.0,True,20m
863.0,3_satellites,20.0,3,0.4285714285714285,31.95200212763381,68.72035943130274,42.42742443769063,644.6799663179784,623.9602955245759,-20.71967079340243,4.170699502740588,5.855828560356583,3.6733538833047663,6.938506580889225,13.109743308275938,0,0,0.5714285714285714,True,True,14.383333333333333,20.0,True,20m
864.0,3_satellites,20.0,3,0.375,74.86297288341451,55.50256823161247,29.58256251572539,710.3700418605071,699.5387347512225,-10.83130710928458,15.630276653449982,16.768497181590647,4.733793114311993,38.64705138653517,47.61936517432332,3,0,0.5,True,True,14.4,20.0,True,20m
865.0,3_satellites,20.0,3,0.375,93.33055490097946,72.29083297566312,29.57914160022828,725.1719391380346,714.3424359469338,-10.829503191100798,16.28376116603613,17.707079676445574,4.448543643113226,39.45996308326721,48.432857505977154,3,0,0.5,True,True,14.416666666666666,20.0,True,20m
866.0,3_satellites,20.0,3,0.375,80.94200663475308,62.87970491885512,29.575742726874733,712.5436959841026,701.7159617065435,-10.827734277559102,14.755797578021884,17.56791036762297,5.562551401555538,31.23990242555737,40.21337928250432,3,0,0.625,True,True,14.433333333333334,20.0,True,20m
867.0,3_satellites,20.0,3,0.375,84.06586319916919,65.31557152025,29.57233241582425,720.6776659559586,709.8517202392276,-10.825945716730985,12.455024088732898,14.863856443669649,5.160079376306385,27.00351072475314,35.97756923735142,3,0,0.625,True,True,14.45,20.0,True,20m
868.0,3_satellites,20.0,3,0.375,86.51137202337516,67.4701052291417,29.568905146119857,717.9544532667032,707.1303073224151,-10.824145944288148,16.778237528167665,19.74249224504456,5.716308373492211,35.55666159465909,44.5313018001616,3,0,0.625,True,True,14.466666666666667,20.0,True,20m
869.0,3_satellites,20.0,3,0.375,74.68837864302348,58.52211669964115,29.565502552198677,710.3725983618322,699.5502250162003,-10.822373345631831,12.727845997083932,15.526838860474529,5.551852741744369,27.364451959729195,36.33967290446162,3,0,0.625,True,True,14.483333333333333,20.0,True,20m
870.0,3_satellites,20.0,3,0.375,92.3108287859724,72.66641199365671,29.562053095953736,721.626431004516,710.8058833112559,-10.820547693260096,15.824294872116296,19.05292160110548,5.982292948290706,31.75636887922883,40.73216697573662,4,0,0.625,True,True,14.5,20.0,True,20m
871.0,3_satellites,20.0,3,0.375,86.56767656347724,69.09684396444057,29.55863088716888,714.6408019948692,703.8220433159031,-10.818758678966104,17.018619185779244,19.97473956272006,5.71059177769348,29.100200034677982,38.07657685503364,5,0,0.625,True,True,14.516666666666667,20.0,True,20m
872.0,3_satellites,20.0,3,0.375,79.32498167668956,63.34712101410278,29.555196830718156,703.0760335931693,692.2590735385811,-10.816960054588208,17.449149149935693,21.136793016456068,6.320821223314852,27.58598011732101,35.573269572108984,5,0,0.5,True,True,14.533333333333333,20.0,True,20m
873.0,3_satellites,20.0,3,0.375,80.06684500413141,62.317108204071566,29.551763121429,708.082084270704,697.2669301437589,-10.815154126945004,14.823351731989533,18.010115046519786,5.935185658745468,31.53559936210513,40.51313354820013,4,0,0.5,True,True,14.55,20.0,True,20m
874.0,3_satellites,20.0,3,0.4285714285714285,74.75583985944435,55.71522646019522,31.232066386427416,708.0646633098161,698.072202091545,-9.992461218271046,15.334548312638487,15.738485213901315,4.71293042493718,29.508714415133,39.76104330644012,2,0,0.5714285714285714,True,True,14.566666666666666,20.0,True,20m
875.0,3_satellites,20.0,3,0.375,89.47969854278206,70.56389286302084,29.54486137234221,714.0649463324356,703.2534272439992,-10.811519088436398,19.000355466734614,22.431130371056497,6.188460800331086,28.29206628352404,37.27075091376901,5,0,0.625,True,True,14.583333333333334,20.0,True,20m
876.0,3_satellites,20.0,3,0.4285714285714285,86.93583401510479,65.67208133698394,31.22339468494734,719.5579856755922,709.5696518063562,-9.988333869236044,18.23079913961036,18.3723880680544,4.974923025284495,32.52736126631498,42.78045362979174,3,0,0.5714285714285714,True,True,14.6,20.0,True,20m
877.0,3_satellites,20.0,3,0.4285714285714285,84.1895527277785,62.73446994399799,31.219060325570343,716.8346665500678,706.8483897968104,-9.98627675325747,17.103612480419024,17.243960397051914,4.975988729191678,27.64688785001636,37.90036056563258,3,0,0.5714285714285714,True,True,14.616666666666667,20.0,True,20m
878.0,3_satellites,20.0,3,0.4285714285714285,66.36036810873293,48.36541565621056,31.214740079077316,701.8163619614129,691.8321221907353,-9.984239770677618,12.995512514242105,13.853512018386809,4.258164944925478,22.639450926333662,32.89330507442355,2,0,0.5714285714285714,True,True,14.633333333333333,20.0,True,20m
879.0,3_satellites,20.0,3,0.375,70.02342378725518,57.66164058785027,29.53105740362998,693.9350832284617,683.1308093355498,-10.804273892911963,15.813615060411394,20.273734237533063,6.385462052654475,30.00347885489464,37.13264579325914,5,0,0.5,True,True,14.65,20.0,True,20m
880.0,3_satellites,20.0,3,0.375,89.7034425366763,74.59153394477292,29.52756637358525,703.3963236463193,692.5939024011973,-10.802421245121993,21.66380116110668,26.12353867664933,6.385973206255585,45.75465198233724,52.8829420208931,4,1,0.5,True,True,14.666666666666666,20.0,True,20m
881.0,3_satellites,20.0,3,0.375,73.29792989305092,57.929063260261415,29.524111920236034,698.4045991457886,687.6039908088287,-10.80060833695984,16.973200300242752,20.70582829136401,6.277856278698891,25.17746689170599,32.30488737300038,5,0,0.5,True,True,14.683333333333334,20.0,True,20m
882.0,3_satellites,20.0,3,0.375,76.6967354920948,59.64766023606162,29.520632434964966,701.1383809450826,690.3396112008793,-10.798769744203357,16.43465633969754,20.05836700135842,6.386998693924397,23.30632769316435,31.501913763582703,5,0,0.625,True,True,14.7,20.0,True,20m
883.0,3_satellites,20.0,3,0.375,81.42044023375311,63.71379273071626,29.517145712999667,705.8207619132047,695.0238349077549,-10.796927005449788,18.909839458297935,22.778764540329576,6.142009525094181,29.73426579684019,36.85993538796902,5,0,0.5,True,True,14.716666666666667,20.0,True,20m
884.0,3_satellites,20.0,3,0.375,85.57383466097518,71.65649891850892,29.51365562239238,698.6845760956494,687.8894871837739,-10.795088911875496,26.050411253701892,30.508629026357085,6.388022106140852,53.17160436883569,60.29639336466789,6,2,0.5,True,True,14.733333333333333,20.0,True,20m
885.0,3_satellites,20.0,3,0.375,68.26917519347151,55.33371504842938,29.51019183709798,696.5129268694908,685.7196562760638,-10.793270593426996,16.457428205292672,20.91526693152264,6.388535106554627,27.90496582537889,35.02888472378254,5,0,0.5,True,True,14.75,20.0,True,20m
886.0,3_satellites,20.0,3,0.375,83.83249281925919,69.24844757714733,29.50667925742133,702.7321317759914,691.9407261032569,-10.791405672734529,23.721303661819547,28.178760681301355,6.389045683201402,42.0552594512701,49.17829649150372,5,0,0.5,True,True,14.766666666666667,20.0,True,20m
887.0,3_satellites,20.0,3,0.4285714285714285,37.98729335931989,70.94736513594358,42.1510801185957,646.8429625962123,626.3108329371668,-20.53212965904549,5.472093545964786,10.344188701361418,5.412331024983099,11.782059401273727,18.257821545004845,0,0,0.5714285714285714,True,True,14.783333333333333,20.0,True,20m
888.0,3_satellites,20.0,3,0.375,48.64605680790228,41.79223213068137,29.499727851011,686.3292847093738,675.5415276535014,-10.787757055872476,12.621904376428574,16.73558707535267,5.89839261258021,23.419151581823822,32.40525243058801,4,0,0.5,True,True,14.8,20.0,True,20m
889.0,3_satellites,20.0,3,0.375,46.39370801736329,47.72129143213144,29.496236506625195,678.4777388584517,667.6918175186021,-10.785921339849663,9.39359611272812,14.20352555718273,6.036971719935536,18.67059225216508,25.791001614183187,2,0,0.625,True,True,14.816666666666666,20.0,True,20m
890.0,3_satellites,20.0,3,0.4285714285714285,59.2756469358571,88.46189457948064,42.11626530098959,639.3233757247676,618.8148908666315,-20.50848485813617,14.8632688415902,18.98421062848397,5.3064960198743005,37.011348590254784,43.484009608626366,4,0,0.7142857142857143,True,True,14.833333333333334,20.0,True,20m
891.0,3_satellites,20.0,3,0.375,52.94625796074887,50.05560466958618,29.4892037769404,685.7109194882314,674.9287247530926,-10.782194735138772,13.223707567434758,17.67926320526749,6.391604114789516,24.02317926287651,31.141826316714287,3,0,0.5,True,True,14.85,20.0,True,20m
892.0,3_satellites,20.0,3,0.4285714285714285,29.154151582238995,59.58146020875743,42.09302170895021,664.3562994100034,643.8636260150168,-20.492673394986586,1.7596523990588528,6.496397276542017,5.175919471042497,3.627636287361384,13.182049598544836,0,0,0.5714285714285714,True,True,14.866666666666667,20.0,True,20m
893.0,3_satellites,20.0,3,0.375,43.24766724130425,41.77152471876814,29.48218279106811,686.6340394677242,675.855557592249,-10.778481875475109,6.5274888589046896,10.250384425744414,5.288824803661555,12.623597338795662,21.612511176615957,1,0,0.5,True,True,14.883333333333333,20.0,True,20m
894.0,3_satellites,20.0,3,0.375,48.86076143925338,45.303049037445895,29.478655128838263,691.0925280958675,680.315917583833,-10.776610512034496,6.415997209958732,9.523940649349242,5.88076993310824,12.259694561362268,19.170993458479643,0,0,0.625,True,True,14.9,20.0,True,20m
895.0,3_satellites,20.0,3,0.375,41.147747208735545,40.888539678512274,29.47512994631373,687.3824131146255,676.6076667093674,-10.774746405258044,5.83116346038878,10.876088211778551,5.878925382625312,14.222937665879726,23.212971575558186,1,0,0.5,True,True,14.916666666666666,20.0,True,20m
896.0,3_satellites,20.0,3,0.375,56.02264604560625,45.86204269879187,29.471577145932034,698.714197359482,687.9413486718017,-10.772848687680266,8.212216053623706,12.1988243306987,6.027296242304146,15.572094433009624,24.562684796750546,1,0,0.5,True,True,14.933333333333334,20.0,True,20m
897.0,3_satellites,20.0,3,0.375,38.855357393007495,38.41429425212192,29.468059969165665,684.8374004301246,674.0664030174481,-10.77099741267648,6.90961632411927,9.907609224319458,5.2254458675161,12.34397630766034,21.335127662867308,1,0,0.5,True,True,14.95,20.0,True,20m
898.0,3_satellites,20.0,3,0.375,38.016470077547424,39.36820372760506,29.46452220082409,684.4398903623483,673.6707678313282,-10.769122531020002,5.731022282037884,9.018320569302889,4.25430516153574,11.892572458833456,20.88428042456508,1,0,0.5,True,True,14.966666666666667,20.0,True,20m
899.0,3_satellites,20.0,3,0.375,42.064090898314056,41.31911699382175,29.4609702595821,685.9611903944592,675.1939555563603,-10.767234838098943,7.285004002507776,11.062530149705708,5.579158992972225,13.396434620022774,22.388697177171707,1,0,0.5,True,True,14.983333333333333,20.0,True,20m
900.0,3_satellites,50.0,3,0.375,34.76289519416749,88.17229575593872,73.64365860673003,669.4584075624505,642.5448834928902,-26.913524069560253,2.8078395831398666,17.15347931580618,14.345639732666314,6.769016083329916,29.251066360622644,2,0,0.625,True,True,15.0,50.0,True,50m
901.0,3_satellites,50.0,3,0.375,35.81091356258193,76.76321343066921,73.63473015216735,675.887470244418,648.9787174839348,-26.90875276048314,3.6377505701966575,19.629517803434283,15.991767233237624,6.23737870529294,28.903164394199848,3,0,0.625,True,True,15.016666666666667,50.0,True,50m
902.0,3_satellites,50.0,3,0.375,33.64802147980158,77.40394923640467,73.62584636495116,675.5981565337681,648.6941194829474,-26.90403705082076,2.897917882539332,17.869417230132967,14.971499347593635,4.498034041374922,26.98285262286663,3,0,0.625,True,True,15.033333333333333,50.0,True,50m
903.0,3_satellites,50.0,3,0.375,32.545911192489044,88.78412028587236,73.61697486862295,667.0108220586113,640.1114731394878,-26.899348919123558,2.082224887330085,17.711232158821076,15.629007271490991,4.772062003612518,25.47199408710003,3,0,0.625,True,True,15.05,50.0,True,50m
904.0,3_satellites,50.0,3,0.375,31.527085307142155,90.71260926107492,73.60807090016338,666.4205814693902,639.5259596092155,-26.89462186017465,1.8212253972887995,16.965614825021476,15.144389427732676,3.050191964954138,25.185357879847288,2,0,0.625,True,True,15.066666666666666,50.0,True,50m
905.0,3_satellites,50.0,3,0.375,30.590608212036127,82.103311256479,73.59912368433119,673.2969112006415,646.4070657772445,-26.88984542339699,3.1797404140234,17.351516958791763,14.171776544768363,4.374029163271189,26.657083053141832,3,0,0.625,True,True,15.083333333333334,50.0,True,50m
906.0,3_satellites,50.0,3,0.375,28.287811003839124,63.59022760573964,73.59015246322348,688.5684254035176,661.6833857503791,-26.885039653138502,1.5820838827639818,17.580212198663503,15.99812831589952,3.179873839020729,25.976009670645,4,0,0.625,True,True,15.1,50.0,True,50m
907.0,3_satellites,50.0,3,0.375,36.293885712311024,59.284063976596805,73.58118662013085,694.5769047413869,667.696650281635,-26.88025445975188,4.058265538420528,18.632480231579397,14.574214693158863,9.492505922913551,28.698434095829725,3,0,0.625,True,True,15.116666666666667,50.0,True,50m
908.0,3_satellites,50.0,3,0.375,30.539071651721407,71.58739513174133,73.57227400176707,684.5332080141078,657.6576669824158,-26.875541031692023,1.6723366561345756,17.67300754180178,16.000670885667205,4.287802051752806,25.31684933975339,3,0,0.625,True,True,15.133333333333333,50.0,True,50m
909.0,3_satellites,50.0,3,0.375,29.276316957263266,83.17014502029333,73.56334678251615,678.0295600221642,651.1587448490867,-26.87081517307752,2.042335967998952,16.363931487780064,14.321595519781113,3.731323402374983,24.077433869242668,2,0,0.625,True,True,15.15,50.0,True,50m
910.0,3_satellites,50.0,3,0.375,31.572448721310543,84.17255812856365,73.55437326250842,679.5525198130165,652.6864837339476,-26.866036079068863,1.6265461794100702,16.709728280082345,15.083182100672277,3.0159115865826607,25.083875495940447,2,0,0.625,True,True,15.166666666666666,50.0,True,50m
911.0,3_satellites,50.0,3,0.375,27.085975209792974,78.48523846033986,73.54538088100978,684.8177279229253,657.9564923016346,-26.86123562129069,1.906608389224857,16.746979797724634,14.840371408499776,2.9478444792330265,25.90616512671113,3,0,0.625,True,True,15.183333333333334,50.0,True,50m
912.0,3_satellites,50.0,3,0.4285714285714285,33.84968183668859,119.9676153884037,104.64808846597616,676.1499283407899,625.3156399641761,-50.83428837661381,1.737319174089602,13.416649206408431,12.23497659872685,3.430227290838957,22.927625596523285,2,0,0.5714285714285714,True,True,15.2,50.0,True,50m
913.0,3_satellites,50.0,3,0.4285714285714285,33.34864067285435,84.97063785709508,104.61852810290104,704.3697675002417,653.5556790057353,-50.814088494506336,3.119463846087456,17.23284336552024,14.113379519432783,7.220962449908256,28.09570499137044,3,0,0.5714285714285714,True,True,15.216666666666667,50.0,True,50m
914.0,3_satellites,50.0,3,0.4285714285714285,27.44042765836745,113.59215975981282,104.58924545825,684.6416032305382,633.847377731318,-50.79422549922015,2.335784890822002,17.065594670495816,14.729809779673817,4.223920475691557,28.01196297630668,3,0,0.5714285714285714,True,True,15.233333333333333,50.0,True,50m
915.0,3_satellites,50.0,3,0.4285714285714285,25.357039774864795,98.62074786889356,104.55974371476172,697.5650284279657,646.7909205343104,-50.77410789365524,4.083231896694217,18.925620350454533,14.842388453760318,7.785391561686993,33.02562092989683,3,0,0.5714285714285714,True,True,15.25,50.0,True,50m
916.0,3_satellites,50.0,3,0.4285714285714285,47.08638942543251,71.10376497838715,104.53016887861322,722.274477209652,671.5205745316531,-50.753902677998894,6.196741852377143,20.437052933765308,14.240311081388167,14.888482008129358,32.04858924075961,5,0,0.5714285714285714,True,True,15.266666666666667,50.0,True,50m
917.0,3_satellites,50.0,3,0.4285714285714285,36.58975837474848,84.57195373486101,104.50078586833207,711.0662554339089,660.3323231763437,-50.73393225756513,1.903520273842982,16.23897935929043,14.335459085447448,4.613335274159908,26.24089850485325,3,0,0.5714285714285714,True,True,15.283333333333333,50.0,True,50m
918.0,3_satellites,50.0,3,0.4285714285714285,26.059137105073123,110.55926804446618,104.47142903864176,689.5125758648286,638.7985659278402,-50.71400993698842,1.4796437009104662,15.523091434368066,14.0434477334576,3.065249990671873,25.96171522513032,2,0,0.5714285714285714,True,True,15.3,50.0,True,50m
919.0,3_satellites,50.0,3,0.4285714285714285,32.46409868053372,121.7651672318914,104.44199422824336,680.3814993659165,629.6875068040252,-50.693992561891264,1.1162901701671737,13.749502031398672,12.633211861231498,2.14486476033926,23.159141786396503,2,0,0.5714285714285714,True,True,15.316666666666666,50.0,True,50m
920.0,3_satellites,50.0,3,0.4285714285714285,29.471573283009032,117.02823002315444,104.41246956042254,684.4460409141004,633.7721645787301,-50.67387633537032,1.1527828159076827,14.159796874970198,13.19501411861607,2.2735328935086727,23.860295575112104,2,0,0.5714285714285714,True,True,15.333333333333334,50.0,True,50m
921.0,3_satellites,50.0,3,0.4285714285714285,27.04170331744308,112.53158661689642,104.3829312960424,690.7215013651978,640.0677515343265,-50.65374983087133,1.9005708593342985,15.856283137840885,14.436825667640992,3.955952558666468,28.101294815540317,2,0,0.5714285714285714,True,True,15.35,50.0,True,50m
922.0,3_satellites,50.0,3,0.4285714285714285,28.49987716156163,97.62245709994524,104.35332911575308,703.422987910789,652.7894364826867,-50.63355142810224,1.213351458311081,15.60913373529911,14.39578227698803,3.12313936278224,27.27734173834324,2,0,0.5714285714285714,True,True,15.366666666666667,50.0,True,50m
923.0,3_satellites,50.0,3,0.4285714285714285,34.03597342327285,127.61545337679438,104.32391941782888,681.4274337691495,630.8138411704583,-50.613592598691184,2.3491929253297195,13.579766659864358,12.18823994430048,3.950564067810774,25.53770500794053,2,0,0.5714285714285714,True,True,15.383333333333333,50.0,True,50m
924.0,3_satellites,50.0,3,0.4285714285714285,27.678777096418106,106.77212510806288,104.29423459216125,698.8961364104887,648.3028163886066,-50.59332002188205,2.0251395643821786,16.904384368764504,14.879244804382324,4.186903282999992,27.96811857819557,3,0,0.5714285714285714,True,True,15.4,50.0,True,50m
925.0,3_satellites,50.0,3,0.4285714285714285,39.269654118575055,136.5862567240255,104.2648311377469,676.5477071199506,625.9743433888658,-50.57336373108478,2.2429145516029427,12.958461746573448,11.211789853338685,4.183372758328915,23.805826153606176,2,0,0.5714285714285714,True,True,15.416666666666666,50.0,True,50m
926.0,3_satellites,50.0,3,0.4285714285714285,32.148093961556214,128.74859982204146,104.2352043494823,684.3694053786836,633.8162434985534,-50.55316188013023,4.070203782192299,12.955724050956112,9.99972793566329,7.13586961850524,26.0157479532063,2,0,0.5714285714285714,True,True,15.433333333333334,50.0,True,50m
927.0,3_satellites,50.0,3,0.4285714285714285,25.034632020897444,106.7575736024864,104.20543372530231,705.411557068769,654.878734197984,-50.53282287078491,1.5134959199598856,16.405014062566416,14.89151814260653,2.6896793879568577,27.7755803540349,2,0,0.5714285714285714,True,True,15.45,50.0,True,50m
928.0,3_satellites,50.0,3,0.4285714285714285,24.567995541010728,108.11785673271194,104.17581266947708,703.9182093126283,653.4055661924732,-50.51264312015508,1.3482808460082327,15.333150562963317,13.984869716955084,2.935083333402872,25.198106471449137,2,0,0.5714285714285714,True,True,15.466666666666667,50.0,True,50m
929.0,3_satellites,50.0,3,0.4285714285714285,30.562797279316623,121.08837576992464,104.14623620750744,697.9719571289976,647.4794381710846,-50.49251895791304,1.3653487845190937,15.3357110890959,13.970362304576806,2.7961095198988914,24.89170423522592,2,0,0.5714285714285714,True,True,15.483333333333333,50.0,True,50m
930.0,3_satellites,50.0,3,0.375,36.30678214310404,74.8379854025524,73.37262695725799,718.05213081172,691.2833484477807,-26.76878236393929,4.843391678761691,17.17731157084927,12.498359630815685,6.915132574737072,29.29703676328063,1,0,0.625,True,True,15.5,50.0,True,50m
931.0,3_satellites,50.0,3,0.375,36.68194274447914,84.51598610349225,73.36345750067301,711.0255937433582,684.2617135766375,-26.763880166720696,3.17166555672884,18.815597391221672,15.643931834492832,9.05763017386198,31.58169024437666,3,0,0.625,True,True,15.516666666666667,50.0,True,50m
932.0,3_satellites,50.0,3,0.375,30.29159391154684,79.72568858597974,73.35425625235324,712.0385988836824,685.2796630426841,-26.758935840998333,2.705109605565667,17.91914171120152,15.214032105635852,7.969562090933323,30.49494667351246,3,0,0.625,True,True,15.533333333333333,50.0,True,50m
933.0,3_satellites,50.0,3,0.375,34.53877947504904,77.50524481415839,73.34503518374254,716.4358703453228,689.6818943335769,-26.753976011745863,4.444639889057726,17.51209561340511,13.067455724347385,6.654870875179768,29.18157210573554,3,0,0.625,True,True,15.55,50.0,True,50m
934.0,3_satellites,50.0,3,0.375,34.903138887455924,83.10084530715795,73.33582722707968,713.4264406664232,686.677398953359,-26.74904171306423,4.65797067200765,18.612588664516807,13.954617992509156,8.790425319224596,31.318444304168224,3,0,0.625,True,True,15.566666666666666,50.0,True,50m
935.0,3_satellites,50.0,3,0.4285714285714285,29.17233371109188,112.98592430620596,103.96796055574669,710.4800680759682,660.1090705663958,-50.37099750957248,1.5771534400326863,14.371228907257318,12.794075467224632,2.357959780842066,23.074154425412416,2,0,0.5714285714285714,True,True,15.583333333333334,50.0,True,50m
936.0,3_satellites,50.0,3,0.4285714285714285,34.58717213065095,124.66142673265624,103.93825445587926,703.8999531142838,653.5491771422846,-50.35077597199916,1.5236121245792933,15.231238680226465,14.43356278538704,3.2294343262910843,25.585230618715286,2,0,0.5714285714285714,True,True,15.6,50.0,True,50m
937.0,3_satellites,50.0,3,0.4285714285714285,52.83152580755496,148.5773918049881,103.9085833737808,687.3091557769006,636.978550557504,-50.3306052193966,3.0619103695665086,11.870484516556774,9.170394386031798,5.911373917013407,20.198141906410456,1,0,0.5714285714285714,True,True,15.616666666666667,50.0,True,50m
938.0,3_satellites,50.0,3,0.4285714285714285,41.27667527308771,129.1676136262265,103.8786621372374,705.590412237163,655.2802550638652,-50.31015717329785,1.8761562859373435,13.23321477270552,11.357058486768178,4.589275103062391,21.78255857899785,1,0,0.5714285714285714,True,True,15.633333333333333,50.0,True,50m
939.0,3_satellites,50.0,3,0.4285714285714285,44.22016916406808,76.08256462186539,103.84858626341374,750.404389466409,700.1148646008094,-50.28952486559968,5.069647052990539,17.134761859263694,12.065114806273154,9.47804993391037,28.96255610510707,2,0,0.5714285714285714,True,True,15.65,50.0,True,50m
940.0,3_satellites,50.0,3,0.375,28.420737656627505,73.18512015265166,73.28030102662701,730.1240809832341,703.4049067695332,-26.719174213700853,2.4976734397932887,15.82708727568388,13.329413835890591,5.146003849804401,21.98115610331297,3,0,0.625,True,True,15.666666666666666,50.0,True,50m
941.0,3_satellites,50.0,3,0.375,56.23663507393254,120.1039500299068,73.27112279670055,699.3920601090467,672.6777339094917,-26.71432619955499,7.59728122362867,16.09527550637722,10.569860519375652,13.422374218702316,35.95955688133836,2,0,0.5,True,True,15.683333333333334,50.0,True,50m
942.0,3_satellites,50.0,3,0.375,28.146808234180547,78.19952105180231,73.26172195725101,730.8704776176729,704.1612961249834,-26.70918149268948,2.359376784414053,17.233856831677258,14.874480047263203,3.9695373699069023,25.56734409183264,4,0,0.625,True,True,15.7,50.0,True,50m
943.0,3_satellites,50.0,3,0.4285714285714285,32.04264045460735,88.25109275759371,103.72930858960385,747.3219894987993,697.1137679211523,-50.20822157764701,2.952552486211061,17.629430689449823,14.67687820323876,7.277961652725935,28.52655339986086,3,0,0.5714285714285714,True,True,15.716666666666667,50.0,True,50m
944.0,3_satellites,50.0,3,0.375,29.266501872460637,79.98916413836248,73.24309612757452,737.2323271129623,710.5331772141236,-26.69914989883864,1.7836525095626712,16.594226181972772,14.8105736724101,4.0448979660868645,23.061402540653944,3,0,0.625,True,True,15.733333333333333,50.0,True,50m
945.0,3_satellites,50.0,3,0.375,26.523321179597797,77.19380668408635,73.23376048201347,740.1931212513605,713.4990066557161,-26.69411459564435,2.242006985936314,17.818318979348987,15.576311993412672,4.651911079883575,24.647169575095177,3,0,0.625,True,True,15.75,50.0,True,50m
946.0,3_satellites,50.0,3,0.375,30.32219866327337,65.61580451374668,73.22439058391551,750.7143984606398,724.0253614311788,-26.68903702946102,2.577068609651178,17.445023726206273,14.867955116555096,6.260775055736303,25.50750469788909,3,0,0.625,True,True,15.766666666666667,50.0,True,50m
947.0,3_satellites,50.0,3,0.375,24.065128187682934,78.84845611802466,73.21508648608894,742.4110255224526,715.7269739146745,-26.684051607778088,1.0729071865789592,16.191762392409146,15.118855205830188,2.081735849380493,24.312563087791204,3,0,0.625,True,True,15.783333333333333,50.0,True,50m
948.0,3_satellites,50.0,3,0.375,30.500285092100818,83.0327383937819,73.20572799736829,743.214599166017,716.5355921796103,-26.67900698640676,1.8228581668809056,16.674899836070836,14.85204166918993,3.283395916223526,25.829629119485617,2,0,0.625,True,True,15.8,50.0,True,50m
949.0,3_satellites,50.0,3,0.375,33.50793367160453,87.14494592926225,73.19636544741661,742.8137898922956,716.1398279446971,-26.673961947598517,1.7918895580805838,17.20023673027754,15.408347172196954,3.660963784903288,26.208480585366488,2,0,0.625,True,True,15.816666666666666,50.0,True,50m
950.0,3_satellites,50.0,3,0.375,32.79306226073624,82.19683002403175,73.18697331325333,748.1909553860628,721.5220736613512,-26.668881724711586,2.9145298288203776,17.110075675416738,14.19554584659636,4.687623307108879,27.236423023045063,2,0,0.625,True,True,15.833333333333334,50.0,True,50m
951.0,3_satellites,50.0,3,0.375,30.22139842673364,87.4185962754739,73.17760609006694,743.779600583644,717.1157616473404,-26.66383893630359,1.3626560983248055,16.615930438041687,15.253274339716882,3.777328673750162,26.327411208301783,3,0,0.625,True,True,15.85,50.0,True,50m
952.0,3_satellites,50.0,3,0.4285714285714285,30.27483655831582,121.15633796039432,103.459944974742,738.2821244272576,688.2575850740993,-50.02453935315828,0.5567445664533547,14.851432578372105,14.29468801191875,1.0760071277618408,24.67540338262916,2,0,0.5714285714285714,True,True,15.866666666666667,50.0,True,50m
953.0,3_satellites,50.0,3,0.4285714285714285,33.78495251027365,123.79236973377394,103.4299215179858,737.7181348359576,687.7140797179808,-50.0040551179768,0.6028641488935266,15.27512472921184,14.672260580318314,1.3911884352564812,25.38387398794293,2,0,0.5714285714285714,True,True,15.883333333333333,50.0,True,50m
954.0,3_satellites,50.0,3,0.375,31.390846827192934,85.24392825896926,73.1493698009239,749.6494190155672,723.0008408729254,-26.64857814264178,1.4455590276047587,17.085857306141406,15.640298278536648,3.5791845619678497,26.13309436291456,2,0,0.625,True,True,15.9,50.0,True,50m
955.0,3_satellites,50.0,3,0.375,29.39749164746413,80.58073262950809,73.13992903944575,750.189005340244,723.5455401777849,-26.64346516245905,2.22659008204937,17.001658006105572,14.775067924056202,4.608965713530779,25.1018769107759,3,0,0.625,True,True,15.916666666666666,50.0,True,50m
956.0,3_satellites,50.0,3,0.375,27.320146092326205,78.6158540742979,73.13048547675297,749.3657314695304,722.727376295461,-26.63835517406937,1.7295029778033495,17.453444997780025,15.723942019976676,3.3798430897295475,25.936296556144956,2,0,0.625,True,True,15.933333333333334,50.0,True,50m
957.0,3_satellites,50.0,3,0.375,28.76959542796424,77.6595151482094,73.12103208112504,747.9543477859389,721.3211102403029,-26.633237545636007,2.5574039462953806,16.748888182919472,14.191484236624092,4.440508421510458,26.99823008477688,2,0,0.625,True,True,15.95,50.0,True,50m
958.0,3_satellites,50.0,3,0.375,31.33799389766177,78.70458033109686,73.11156961691631,748.6756403739141,722.0475246086996,-26.62811576521449,1.837666098959744,16.889442328363657,15.051776229403911,3.964441806077957,26.5234269797802,2,0,0.625,True,True,15.966666666666667,50.0,True,50m
959.0,3_satellites,50.0,3,0.375,31.081217204242552,73.64051651258158,73.1020815236353,752.4708538672926,725.847886221197,-26.622967646095617,2.1644952171482146,18.229426230303943,16.06493101315573,4.030632998794317,26.590880926698446,4,0,0.625,True,True,15.983333333333333,50.0,True,50m
960.0,3_satellites,50.0,3,0.375,28.14662583886689,69.1847591983038,73.09259355118098,751.7863333196999,725.1685114723967,-26.61782184730316,1.6724661942571402,17.32741462532431,15.654948431067169,4.307319704443216,24.705675538629293,4,0,0.625,True,True,16.0,50.0,True,50m
961.0,3_satellites,50.0,3,0.375,33.78433346836392,67.36312631884668,73.08308308914876,753.463055797341,726.8503957571554,-26.61266004018557,3.5156639660708606,19.123845836147662,15.608181870076804,8.156063307076693,28.00985498726368,4,0,0.625,True,True,16.016666666666666,50.0,True,50m
962.0,3_satellites,50.0,3,0.375,36.78965932967901,60.819099293452105,73.07356505508668,757.2925414311443,730.685054370333,-26.60748706081131,3.1416021483018994,18.017548767849803,14.875946619547904,6.159594248980284,25.711605709046125,4,0,0.625,True,True,16.033333333333335,50.0,True,50m
963.0,3_satellites,50.0,3,0.375,31.90591479549433,69.92221014824405,73.06408080319338,750.1910232010356,723.5886570943811,-26.602366106654472,2.2953086174093187,17.210881273262203,14.915572655852884,4.4146510772407055,26.97993566840887,2,0,0.625,True,True,16.05,50.0,True,50m
964.0,3_satellites,50.0,3,0.375,29.163409268491797,70.8981441392147,73.05456128431862,747.612491235141,721.015283984678,-26.59720725046293,2.1631315792910755,17.44637728156522,15.283245702274144,4.050782382488251,24.33701780438423,3,0,0.625,True,True,16.066666666666666,50.0,True,50m
965.0,3_satellites,50.0,3,0.375,28.556627735353903,69.56417880989925,73.04502912554094,746.484877314667,719.8928435644098,-26.5920337502572,3.0857683434151117,15.902652263641356,12.816883920226246,5.246225040405989,24.48856772109866,1,0,0.625,True,True,16.083333333333332,50.0,True,50m
966.0,3_satellites,50.0,3,0.375,33.359841528312664,67.97490337537711,73.03547100466209,746.9027741735921,720.3159351057895,-26.586839067802543,4.048231158871204,17.461519669741392,13.413288510870188,6.7871552892029285,29.35619500651956,3,0,0.625,True,True,16.1,50.0,True,50m
967.0,3_satellites,50.0,3,0.375,34.0051056007422,65.80181552274112,73.02591014107445,746.437414443546,719.8557707262073,-26.581643717338693,4.64076008182019,16.975565472152084,12.334805390331894,7.676464032381773,26.00338640809059,3,0,0.625,True,True,16.116666666666667,50.0,True,50m
968.0,3_satellites,50.0,3,0.375,33.59555376945785,63.81331776855046,73.01634093388778,748.4998103969602,721.9233666396171,-26.5764437573431,3.3867995175533,17.836089376360178,14.449289858806878,5.193691927939653,27.765224386006597,3,0,0.625,True,True,16.133333333333333,50.0,True,50m
969.0,3_satellites,50.0,3,0.375,32.861819641686886,78.45135429449081,73.0068012164577,737.9002634947958,711.3289736976767,-26.571289797119107,2.370279863476753,17.21080528339371,14.840525419916958,3.7373526133596897,26.310128327459097,2,0,0.625,True,True,16.15,50.0,True,50m
970.0,3_satellites,50.0,3,0.375,31.74760455046389,76.48369993351986,72.9972126809411,736.3347926405061,709.7687168267419,-26.5660758137642,2.4490157896652818,17.329105796758085,14.880090007092804,3.914288241416216,26.297765038907528,3,0,0.625,True,True,16.166666666666668,50.0,True,50m
971.0,3_satellites,50.0,3,0.375,28.95384578424073,77.48807893816038,72.98762436852726,734.5915310501623,708.0306640222053,-26.560867027956988,2.952615383081138,16.592913166154176,13.640297783073038,4.884134247899056,27.459396846592423,2,0,0.625,True,True,16.183333333333334,50.0,True,50m
972.0,3_satellites,50.0,3,0.375,32.40165492679155,70.38481967442384,72.97798989463554,735.2976801777089,708.7420723674904,-26.55560781021848,2.7629802832379937,17.90043793618679,15.137457652948797,4.24737211689353,26.5853342525661,3,0,0.625,True,True,16.2,50.0,True,50m
973.0,3_satellites,50.0,3,0.375,31.847263937894716,79.72652486049945,72.96839668557656,730.3782700935391,703.8278636071575,-26.550406486381576,3.068889368791133,17.284671739675105,14.215782370883971,4.877627871930599,27.45537091046572,2,0,0.625,True,True,16.216666666666665,50.0,True,50m
974.0,3_satellites,50.0,3,0.375,28.251480188141816,76.2525829466214,72.95876133325869,728.6419306604843,702.0967750000153,-26.545155660468936,2.9348569503054023,17.89107026765123,14.956213317345828,4.698858819901943,27.2778435125947,3,0,0.625,True,True,16.233333333333334,50.0,True,50m
975.0,3_satellites,50.0,3,0.375,34.22045070373776,80.27985133833184,72.94912484808215,724.380289667754,697.8403805082354,-26.53990915951863,2.382544652558863,17.318577692843974,14.93603304028511,5.52298142015934,28.103201735764745,2,0,0.625,True,True,16.25,50.0,True,50m
976.0,3_satellites,50.0,3,0.375,29.84596016093621,80.58216803917294,72.93947829883837,721.6781800622786,695.1435254721425,-26.53465459013603,2.121106221806258,16.783375333994627,14.662269112188367,3.769492700695992,25.489581488072872,2,0,0.625,True,True,16.266666666666666,50.0,True,50m
977.0,3_satellites,50.0,3,0.375,32.17053707165224,86.5911087554978,72.92982046832874,717.0648139374583,690.5354170300781,-26.52939690738026,3.122191985603422,17.60492173442617,14.482729748822749,4.578438840806484,26.908948108553886,3,0,0.625,True,True,16.283333333333335,50.0,True,50m
978.0,3_satellites,50.0,3,0.375,28.51526179777292,66.22315751087532,72.9200951213284,732.7096999429666,706.1856507253211,-26.524049217645484,2.327414644882083,18.06551597546786,15.738101330585778,4.991522122174501,29.16299150139093,4,0,0.625,True,True,16.3,50.0,True,50m
979.0,3_satellites,50.0,3,0.375,29.997656047272464,84.89156974515473,72.91044941038221,718.8116144819908,692.2927955226838,-26.51881895930694,2.094472305383533,17.20367743819952,15.109205132815989,4.457435060292482,26.49638296291232,2,0,0.625,True,True,16.316666666666666,50.0,True,50m
980.0,3_satellites,50.0,3,0.375,31.503958637051888,81.88779065568599,72.9007371057082,721.8917518506703,695.378247103599,-26.51350474707124,1.8657083655707536,16.67535477411002,14.809646408539264,4.233744289726019,25.484156109392643,3,0,0.625,True,True,16.333333333333332,50.0,True,50m
981.0,3_satellites,50.0,3,0.375,30.987171127865416,74.22866004571019,72.8909972318633,728.7123169643394,702.204151579515,-26.508165384824338,3.968470007646829,18.17787097254768,14.209400964900851,6.498836610466242,29.08644851669669,3,0,0.625,True,True,16.35,50.0,True,50m
982.0,3_satellites,50.0,3,0.375,32.732307904089936,85.92725175926947,72.88130190631757,721.2403011268132,694.7374127119787,-26.5028884148345,2.6522111566737294,17.306990371551365,14.654779214877635,4.616373833268881,25.79107228294015,2,0,0.625,True,True,16.366666666666667,50.0,True,50m
983.0,3_satellites,50.0,3,0.375,32.20239785447079,76.53437568190091,72.87154085419178,728.8051575292809,702.3076276779133,-26.49752985136763,2.143159790430218,17.469521208666265,15.326361418236049,4.321407668292522,26.0408777333796,2,0,0.625,True,True,16.383333333333333,50.0,True,50m
984.0,3_satellites,50.0,3,0.375,29.42727637841501,80.38007620808192,72.86181075984439,726.772660764984,700.2804425785936,-26.49221818639046,1.041135863866657,16.9725064993836,15.931370635516942,2.3944934643805027,25.230184227228165,2,0,0.625,True,True,16.4,50.0,True,50m
985.0,3_satellites,50.0,3,0.375,31.44683481000222,86.84285197806967,72.85206547471185,723.5695268632045,697.0826287019806,-26.48689816122385,2.607837916351855,17.87103028781712,15.263192371465266,3.85338582098484,26.38229664415121,3,0,0.625,True,True,16.416666666666668,50.0,True,50m
986.0,3_satellites,50.0,3,0.375,30.72703381352772,81.14475906259082,72.8422858542176,727.9387103451963,701.4571763511426,-26.48153399405373,2.0571849611587822,17.58965175738558,15.5324667962268,3.670764110982418,26.264437817037106,2,0,0.625,True,True,16.433333333333334,50.0,True,50m
987.0,3_satellites,50.0,3,0.375,29.92804619969423,85.27618911985769,72.83252764333577,726.8956626049335,700.4194602993742,-26.47620230555924,1.1959357243031263,15.265656974632291,14.069721250329168,2.91660537943244,22.18232594802976,2,0,0.625,True,True,16.45,50.0,True,50m
988.0,3_satellites,50.0,3,0.375,31.50894984549793,84.55785264831228,72.82273424380577,730.3209995588176,703.8501622924506,-26.47083726636697,1.6994843054562807,16.44387896358967,14.744394658133388,3.10160155966878,23.744393281638622,2,0,0.625,True,True,16.466666666666665,50.0,True,50m
989.0,3_satellites,50.0,3,0.375,32.734854922580766,75.36559891833836,72.81290717583475,741.8089789778687,715.3435441808713,-26.46543479699744,4.499469978734851,18.64784292737022,14.14837294863537,8.671640489250422,31.268912564963102,2,0,0.625,True,True,16.483333333333334,50.0,True,50m
990.0,3_satellites,50.0,3,0.375,29.479028681934288,79.1617755109468,72.80311920748085,742.3935016974781,715.9334164348868,-26.46008526259129,2.3138875016011298,18.417307153344154,16.103419651743025,4.44218098372221,27.08053877204657,4,0,0.625,True,True,16.5,50.0,True,50m
991.0,3_satellites,50.0,3,0.375,33.27943289685934,78.95151687777594,72.79329919159905,746.0880877803064,719.6333843968464,-26.45470338346001,3.177549003623426,19.253285374492407,16.07573637086898,6.31957607716322,28.254036370664835,4,0,0.625,True,True,16.516666666666666,50.0,True,50m
992.0,3_satellites,50.0,3,0.4285714285714285,29.635451923929963,78.6681954466934,57.54550028510821,744.9489224536372,725.5384909186383,-19.410431534998903,4.14887929388455,15.95612707255142,12.630652142954723,7.5684934221208096,25.585897862911224,3,0,0.5714285714285714,True,True,16.533333333333335,50.0,True,50m
993.0,3_satellites,50.0,3,0.5,36.98441224847632,94.2696615608354,67.84348354915184,748.9890268234702,740.2569859137633,-8.732040909706939,2.4170857133964696,7.620288363347451,6.251197714358568,4.443415306508541,14.54752130806446,0,0,0.5,True,True,16.55,50.0,True,50m
994.0,3_satellites,50.0,3,0.5,49.02462451486566,108.34123171254534,73.16399615106134,755.4054591474544,735.6854175838819,-19.72004156357252,6.792704711978634,16.71721241933604,9.924507707357408,13.513698369264604,33.308958400040865,2,0,0.5,True,True,16.566666666666666,50.0,True,50m
995.0,3_satellites,50.0,3,0.375,27.408534620578912,80.95925391039727,72.75397530295166,758.2385104556901,731.8053457691632,-26.43316468652688,1.8085494576953351,17.572238605003804,15.763689147308469,4.419067546725273,26.42630222067237,4,0,0.625,True,True,16.583333333333332,50.0,True,50m
996.0,3_satellites,50.0,3,0.4285714285714285,30.872582994540807,114.83406738550975,102.12514787407484,757.7414783203247,708.6293915941295,-49.11208672619523,1.2581829013569017,16.430028868040868,15.171845966683966,1.947019200772047,27.850118171423677,2,0,0.5714285714285714,True,True,16.6,50.0,True,50m
997.0,3_satellites,50.0,3,0.375,35.91016562836275,70.92622663942726,72.73420533428379,776.6718797894309,750.2495839321485,-26.422295857282396,3.890160164330154,18.73966267053038,14.849502506200224,8.534621071070433,29.88714748620987,3,0,0.625,True,True,16.616666666666667,50.0,True,50m
998.0,3_satellites,50.0,3,0.375,35.21026032943347,70.1040800595669,72.72432212777258,780.5341986513204,754.1173261428755,-26.41687250844484,4.018499807454646,18.86927993129939,14.850780123844745,8.517587210983038,28.749782729893923,4,0,0.625,True,True,16.633333333333333,50.0,True,50m
999.0,3_satellites,50.0,3,0.375,31.170502361803887,80.69299643389172,72.71446597829495,774.5447983677942,748.1333092626753,-26.411489105118903,2.5102594872005284,18.51219017058611,16.00193068338558,5.316113855689764,27.92519573122263,3,0,0.625,True,True,16.65,50.0,True,50m
1000.0,3_satellites,50.0,3,0.375,29.883767910627597,84.08181587199395,72.70457504704966,775.6871231012783,749.2810548019074,-26.406068299370872,2.5455629266798496,18.661287310998887,16.115724384319037,4.117385219782591,27.39941704273224,4,0,0.625,True,True,16.666666666666668,50.0,True,50m
1001.0,3_satellites,50.0,3,0.375,29.363144635279152,80.64567513205604,72.69465625520547,781.9953777159341,755.5947635707632,-26.400614145170834,1.927944099996239,17.466786450706422,15.538842350710183,4.525016162544489,27.13643172755837,2,0,0.625,True,True,16.683333333333334,50.0,True,50m
1002.0,3_satellites,50.0,3,0.375,29.18383419782313,83.6707934380613,72.68474718800252,783.3296026330001,756.9344236341,-26.395178998900175,2.467446483206004,16.142925716470927,13.675479233264925,3.812392972409725,26.424971044063568,2,0,0.625,True,True,16.7,50.0,True,50m
1003.0,3_satellites,50.0,3,0.375,32.075339377235814,78.78551515381145,72.67479729347487,791.2600222384123,764.8703235467548,-26.38969869165749,3.389984605833888,16.03604549728334,12.646060891449451,5.247295890003443,27.611107517033812,1,0,0.625,True,True,16.716666666666665,50.0,True,50m
1004.0,3_satellites,50.0,3,0.375,30.04335646706912,85.2254405734618,72.66487455787411,785.6052863389722,759.2210245195764,-26.38426181939576,0.8707323600538075,16.843375673517585,15.972643313463776,1.77989462018013,25.612786568701267,2,0,0.625,True,True,16.733333333333334,50.0,True,50m
1005.0,3_satellites,50.0,3,0.375,31.68914475461378,83.375804069571,72.65491251180936,792.4785587425382,766.0997788626946,-26.37877987984359,2.63601547293365,17.376727807801217,14.740712334867569,3.9784582145512095,24.580637868493795,3,0,0.625,True,True,16.75,50.0,True,50m
1006.0,3_satellites,50.0,3,0.375,30.38254771615368,82.3228570475388,72.64494935846432,794.7486164163356,768.3753163770036,-26.37330003933198,1.6946949805133045,17.42359350528568,15.728898524772376,3.499681580811739,26.05005364492536,3,0,0.625,True,True,16.766666666666666,50.0,True,50m
1007.0,3_satellites,50.0,3,0.375,30.65437930957865,82.5359055919961,72.63497733597674,796.5566549010964,770.1888395313009,-26.36781536979549,2.6077070790342987,17.509135129861534,14.901428050827237,4.218812488019466,26.837160866707563,2,0,0.625,True,True,16.783333333333335,50.0,True,50m
1008.0,3_satellites,50.0,3,0.375,29.50898879571184,86.1528711248836,72.62500769693919,796.2913792219654,769.9290399997212,-26.362339222244145,2.4544713366776705,16.956885299645364,14.502413962967694,3.7656906843185434,24.826559234410524,3,0,0.625,True,True,16.8,50.0,True,50m
1009.0,3_satellites,50.0,3,0.375,29.080241356584068,82.96647628675574,72.61500942844314,801.098429744144,774.7415997797947,-26.356829964349345,2.1494215265847743,16.473226956557482,14.323805429972708,4.110592860728502,26.731235459446907,2,0,0.625,True,True,16.816666666666666,50.0,True,50m
1010.0,3_satellites,50.0,3,0.375,32.42297969249401,79.89866259910575,72.60498762351034,805.6120766539159,779.2607745827866,-26.35130207112934,2.3352484456263483,18.01195264654234,15.676704200915992,3.921436473727226,26.54321962967515,3,0,0.625,True,True,16.833333333333332,50.0,True,50m
1011.0,3_satellites,50.0,3,0.375,30.26403337610021,83.65349178674992,72.59499006607638,804.2324772046198,777.886669878201,-26.34580732641882,2.0021226215176284,17.324933806899935,15.322811185382308,4.352225478738546,24.39485152810812,3,0,0.625,True,True,16.85,50.0,True,50m
1012.0,3_satellites,50.0,3,0.375,32.38366272927354,86.39230849409446,72.58497224312117,804.4957991744726,778.1555057089637,-26.34029346550892,1.7059030658565462,17.579853960312903,15.873950894456357,4.526122651994228,24.827781479805708,3,0,0.625,True,True,16.866666666666667,50.0,True,50m
1013.0,3_satellites,50.0,3,0.375,28.30393531408672,79.30339521948886,72.57493001212039,811.0483602047104,784.7136113423214,-26.33474886238901,1.80747545324266,16.752554073929787,14.945078620687127,4.866606917232275,27.491808906197548,3,0,0.625,True,True,16.883333333333333,50.0,True,50m
1014.0,3_satellites,50.0,3,0.375,29.943790234056845,88.23235069614869,72.56490754497611,805.2070848989871,778.8778416958199,-26.329243203167152,1.85916047077626,16.581353988032788,14.722193517256528,3.5210503935813904,23.642071273177866,2,0,0.625,True,True,16.9,50.0,True,50m
1015.0,3_satellites,50.0,3,0.375,32.14316005137366,82.63490440279266,72.55483419280675,809.9340654312997,783.6103905427535,-26.32367488854618,1.2700029299594462,17.303773272782564,16.033770342823118,3.0868141688406467,25.25798979774117,4,0,0.625,True,True,16.916666666666668,50.0,True,50m
1016.0,3_satellites,50.0,3,0.375,29.03998221740749,82.19517894907102,72.54477459251468,809.6269073358991,783.3087785748786,-26.31812876102049,1.0383210252039137,16.894038429949433,15.85571740474552,2.1560842245817184,24.78468420729041,3,0,0.625,True,True,16.933333333333334,50.0,True,50m
1017.0,3_satellites,50.0,3,0.4285714285714285,29.798780980133436,84.45065887547774,77.72508117907066,811.1870963854677,791.964786589014,-19.222309796453715,2.0422252400645187,11.662188228751932,9.958720273737397,4.822071429342032,26.68679489567876,2,0,0.5714285714285714,True,True,16.95,50.0,True,50m
1018.0,3_satellites,50.0,3,0.375,31.214156740448544,89.244290869526,72.52463164811905,805.3747149710174,779.0676847462701,-26.307030224747336,2.977602827828377,18.27964764321223,15.302044815383852,7.499817885458469,27.821760017424825,3,0,0.625,True,True,16.966666666666665,50.0,True,50m
1019.0,3_satellites,50.0,3,0.375,30.203924065383635,84.21284567428815,72.51452656056773,804.0189538088058,777.7175120215425,-26.301441787263343,1.474226547870785,17.10380631685257,15.629579768981785,3.142595674842596,24.70255048573017,3,0,0.625,True,True,16.983333333333334,50.0,True,50m
1020.0,3_satellites,50.0,3,0.375,24.576681798991444,82.95523449918731,72.5044386528516,802.9879455070712,776.6920702835085,-26.29587522356269,2.947922050021589,14.305452873464674,11.357530823443083,7.408596854656935,25.43785696476698,3,0,0.625,True,True,17.0,50.0,True,50m
1021.0,3_satellites,50.0,3,0.375,27.16833504567188,81.08959514074267,72.49431179901572,802.251288561981,775.9610123641785,-26.29027619780254,3.19480721373111,15.173331830184908,12.03603859944269,4.198551472276449,26.228379897773262,2,0,0.625,True,True,17.016666666666666,50.0,True,50m
1022.0,3_satellites,50.0,3,0.375,29.289163070636786,79.61162231732305,72.48417253704628,800.4560002514401,774.1713310146635,-26.284669236776608,1.912872299551964,17.511852579191327,15.598980279639363,4.237145721912384,25.40948810428381,3,0,0.625,True,True,17.033333333333335,50.0,True,50m
1023.0,3_satellites,50.0,3,0.375,27.965322204146226,79.32262752861655,72.47404242534594,798.083898217162,771.8048257083344,-26.27907250882754,1.3564749476499856,17.09302258025855,15.736547632608564,2.4626346565783024,25.099086802452803,2,0,0.625,True,True,17.05,50.0,True,50m
1024.0,3_satellites,50.0,3,0.375,28.707934601560915,81.14117192370573,72.46390296722913,794.6926914465218,768.4192202263706,-26.27347122015124,1.503747916314751,16.84173459513113,15.337986678816378,3.462359007447958,26.09992518648505,3,0,0.625,True,True,17.066666666666666,50.0,True,50m
1025.0,3_satellites,50.0,3,0.375,28.46678684813453,74.65638809144802,72.45372954017144,796.4985696967185,770.2307367638768,-26.267832932841657,2.005421653855592,17.47767415922135,15.47225250536576,3.590551882982254,24.681252170354128,3,0,0.625,True,True,17.083333333333332,50.0,True,50m
1026.0,3_satellites,50.0,3,0.375,26.258818162154466,75.42177161110443,72.44357477628174,795.002253865148,768.740032774588,-26.262221090559933,0.6469099689275026,16.612630219198763,15.96572025027126,0.9770332127809525,24.630254842340943,2,0,0.625,True,True,17.1,50.0,True,50m
1027.0,3_satellites,50.0,3,0.375,31.97578023910113,71.40630475864629,72.4333797266234,796.0982550354241,769.8416862052901,-26.25656883013403,3.07589398836717,17.919412383809686,14.843518395442516,5.238198593258858,26.41717790439725,3,0,0.625,True,True,17.116666666666667,50.0,True,50m
1028.0,3_satellites,50.0,3,0.375,34.49504243574089,74.6334266299945,72.42319946846811,791.7677946044704,765.5168544308895,-26.250940173580943,2.739181261043996,18.583621747326102,15.84444048628211,5.368319611996412,25.784795198589563,3,0,0.625,True,True,17.133333333333333,50.0,True,50m
1029.0,3_satellites,50.0,3,0.375,30.838474964888533,69.77386914176977,72.41300916396621,791.2121806609928,764.9668841693014,-26.24529649169142,1.2755792196840048,16.840003678109497,15.564424458425492,2.115730609744787,24.43735631927848,2,0,0.625,True,True,17.15,50.0,True,50m
1030.0,3_satellites,50.0,3,0.375,31.91952905549616,68.67678841424456,72.40280418613123,786.9591393556581,760.7194932353622,-26.2396461202959,2.186230889521539,17.967478489503264,15.781247599981723,5.631474249064922,28.275680016726252,3,0,0.625,True,True,17.166666666666668,50.0,True,50m
1031.0,3_satellites,50.0,3,0.375,30.59395461521373,66.86744269488393,72.39259413274695,781.6472905626473,755.4132986625657,-26.233991900081605,2.8316705599427223,16.234600462950766,13.402929903008044,5.13688400387764,25.02552362903953,2,0,0.625,True,True,17.183333333333334,50.0,True,50m
1032.0,3_satellites,50.0,3,0.4285714285714285,27.53758585915939,100.9209091170964,101.01033689904165,767.8756109334109,719.5277975616132,-48.34781337179777,0.9665411109370844,15.83130320161581,14.864762090678726,2.234192542731762,26.314325865358114,2,0,0.5714285714285714,True,True,17.2,50.0,True,50m
1033.0,3_satellites,50.0,3,0.4285714285714285,26.6418649026326,108.77601400145218,100.97918486708922,757.6108269857123,709.2843698959051,-48.32645708980715,2.2516271732747555,16.23746700904199,13.985839835767235,5.058788817375898,26.11785026267171,3,0,0.5714285714285714,True,True,17.216666666666665,50.0,True,50m
1034.0,3_satellites,50.0,3,0.4285714285714285,26.68561305375633,109.89464945629388,100.94799506725464,750.6925012002724,702.3874431318205,-48.3050580684519,0.9540840967425278,15.24349646855678,14.289412371814253,2.053962256759405,24.924472715705637,2,0,0.5714285714285714,True,True,17.233333333333334,50.0,True,50m
1035.0,3_satellites,50.0,3,0.4285714285714285,26.46220227948158,97.33586842368574,100.91672342627128,754.9798968338454,706.6963266379619,-48.2835701958835,1.132114860096148,16.275599769183568,15.14348490908742,2.3234455846250057,28.54127076640725,2,0,0.5714285714285714,True,True,17.25,50.0,True,50m
1036.0,3_satellites,50.0,3,0.4285714285714285,27.08428503237424,101.87412105773848,100.88551193443276,745.5410441924076,697.278882330694,-48.2621618617136,2.4558888748288155,16.406977804643766,13.951088929814953,4.311752431094647,29.257402539253235,2,0,0.5714285714285714,True,True,17.266666666666666,50.0,True,50m
1037.0,3_satellites,50.0,3,0.375,33.63913359576478,67.09441667417406,72.33114985768151,745.891184638892,719.691227410734,-26.19995722815804,2.5724144796840847,16.129954976029694,13.55754049634561,4.271583758294582,25.70908710360527,2,0,0.625,True,True,17.283333333333335,50.0,True,50m
1038.0,3_satellites,50.0,3,0.4285714285714285,25.651545222547323,100.3450215057182,100.82306041057,733.8356975554402,685.6163947879694,-48.21930276747082,1.1500667285706316,15.786307711154222,14.63624098258359,2.200682684779167,27.745420534163717,2,0,0.5714285714285714,True,True,17.3,50.0,True,50m
1039.0,3_satellites,50.0,3,0.4285714285714285,27.38464602792112,99.83341231989972,100.79180853867896,728.7686497272525,680.57079645108,-48.19785327617251,1.42895427771977,15.770589791770492,14.341635514050722,3.0917103737592697,26.212743870913982,2,0,0.5714285714285714,True,True,17.316666666666666,50.0,True,50m
1040.0,3_satellites,50.0,3,0.4285714285714285,25.79292131857631,101.15670676109602,100.76058464813826,721.076926640791,672.9004978943035,-48.176428746487545,2.412517324090004,16.628088997410877,14.43344865047506,5.8603812381625175,25.969959873706102,3,0,0.5714285714285714,True,True,17.333333333333332,50.0,True,50m
1041.0,3_satellites,50.0,3,0.4285714285714285,24.49886743722914,105.49989376412132,100.72935902230996,714.1203962903226,665.9653873160283,-48.15500897429422,1.1938304374260562,15.528611953237228,14.334781515811173,2.7188200876116757,25.21640034392476,2,0,0.5714285714285714,True,True,17.35,50.0,True,50m
1042.0,3_satellites,50.0,3,0.4285714285714285,26.045319055453227,93.87104551375069,100.69804188621748,717.2148084262292,669.0813211720725,-48.13348725415665,1.4870837128588132,14.34139687408294,12.868277237351451,2.934971157461405,23.3389480561018,2,0,0.5714285714285714,True,True,17.366666666666667,50.0,True,50m
1043.0,3_satellites,50.0,3,0.4285714285714285,26.87731467994701,103.78768207176182,100.66678254840006,705.0230491079031,656.9109966630366,-48.11205244486655,0.8024614570396287,15.861582381384713,15.059120924345084,1.87896578386426,26.4784804135561,2,0,0.5714285714285714,True,True,17.383333333333333,50.0,True,50m
1044.0,3_satellites,50.0,3,0.4285714285714285,28.59730170747189,96.37647823729796,100.63545711871868,707.6393500861038,659.5488184685364,-48.09053161756742,1.6038894248860225,16.333587093544857,14.739468466490507,4.167513687163591,26.167147610336546,2,0,0.5714285714285714,True,True,17.4,50.0,True,50m
1045.0,3_satellites,50.0,3,0.4285714285714285,28.143222025729564,95.31621757495822,100.6041522470472,704.7774664403574,656.7084269753788,-48.06903946497869,1.7123375364712303,16.86534899952156,15.153011463050332,3.27281229570508,27.79096945002675,2,0,0.5714285714285714,True,True,17.416666666666668,50.0,True,50m
1046.0,3_satellites,50.0,3,0.4285714285714285,33.3777322202202,116.0660657062928,108.95611671070498,694.9043940798166,641.9646495391468,-52.93974454066984,4.301269291234868,18.20349604583212,13.902226754597256,7.305949918925762,31.542251721024517,1,0,0.5714285714285714,True,True,17.433333333333334,50.0,True,50m
1047.0,3_satellites,50.0,3,0.4285714285714285,30.83348179113384,101.5426679293776,108.95593174389953,703.0803967173894,650.1389780945855,-52.94141862280389,1.8939028068312576,17.621202317199536,15.72729951036828,4.1873044446110725,33.36938636749983,1,0,0.5714285714285714,True,True,17.45,50.0,True,50m
1048.0,3_satellites,50.0,3,0.5,29.74519782327041,247.7079830199184,233.0830996292709,678.4990489950849,529.462034270645,-149.03701472443993,2.035128859182199,9.076722526922822,7.212154782687624,3.3336117155849934,18.59803619235754,0,0,0.5,True,True,17.466666666666665,50.0,True,50m
1049.0,3_satellites,50.0,3,0.5,28.826371637728272,245.9106851811452,233.02611588655867,676.8185790269587,527.8223349098837,-148.99624411707498,2.528584655374289,7.718042144551873,5.355517975365122,4.136426143348217,16.109055269509554,0,0,0.5,True,True,17.483333333333334,50.0,True,50m
1050.0,3_satellites,50.0,3,0.4285714285714285,26.39170302669761,95.04111654325789,100.4474183557992,687.298878867348,639.3374521425391,-47.96142672480892,2.5006995163857937,17.797126902533428,15.296427386147636,5.574463423341513,29.05212587863207,3,0,0.5714285714285714,True,True,17.5,50.0,True,50m
1051.0,3_satellites,50.0,3,0.5,29.00041341040285,246.0537473857472,232.9115590244459,670.7574164221545,521.8431435672733,-148.91427285488123,1.6159156306336324,9.898223953942455,8.439345374082526,3.0725664645433426,20.546809997409586,1,0,0.5,True,True,17.516666666666666,50.0,True,50m
1052.0,3_satellites,50.0,3,0.5,27.08284776435279,232.3418513442476,232.85376923295135,677.6478175905115,528.7749799322056,-148.8728376583059,1.818185487762093,8.963782528415322,7.298108857125044,2.7669267170131207,18.62605420872569,0,0,0.5,True,True,17.533333333333335,50.0,True,50m
1053.0,3_satellites,50.0,3,0.5,29.48679117355449,240.69125967241337,232.7960752878377,669.986527058665,521.1549525727861,-148.83157448587897,1.6922751870006325,10.265831808249157,8.721535996223489,3.1064574606716637,21.44486228004098,1,0,0.5,True,True,17.55,50.0,True,50m
1054.0,3_satellites,50.0,3,0.5,30.850530731601115,245.98582663402297,232.7381433288232,663.4941100881894,514.7039931523736,-148.79011693581572,2.064251837631067,7.771847968300183,5.851035874336958,3.766788974404335,16.602816842496395,0,0,0.5,True,True,17.566666666666666,50.0,True,50m
1055.0,3_satellites,50.0,3,0.4285714285714285,29.33077078031149,103.86627295029402,100.29041552339464,668.3741244570595,620.520507239064,-47.85361721799541,1.1891037443918842,14.698738309953894,13.673019620456866,2.382110331207514,25.249994572252035,2,0,0.5714285714285714,True,True,17.583333333333332,50.0,True,50m
1056.0,3_satellites,50.0,3,0.375,27.554371069209616,67.31085457172512,72.13432202623467,671.9385486981338,645.8479300709918,-26.09061862714202,2.660684327594936,16.817247084807605,14.156562757212669,5.629633869975805,24.611686643213037,2,0,0.625,True,True,17.6,50.0,True,50m
1057.0,3_satellites,50.0,3,0.375,32.27244100815595,76.39950001276064,72.12387966280649,661.2555011915887,635.1706843467158,-26.08481684487288,3.456084988079965,16.550533451605588,13.094448463525625,4.890039004385471,27.192421168088917,2,0,0.625,True,True,17.616666666666667,50.0,True,50m
1058.0,3_satellites,50.0,3,0.375,30.974560325974227,64.80265246390204,72.11338395333941,666.9107946062736,640.8318455611682,-26.07894904510545,2.4202197901904583,17.66181330801919,15.241593517828733,3.484811592847109,25.256499271839857,3,0,0.625,True,True,17.633333333333333,50.0,True,50m
1059.0,3_satellites,50.0,3,0.375,32.34850124336971,66.04926966312232,72.10290679174256,660.8926569185606,634.8195448094085,-26.07311210915213,3.36463907873258,17.522408065386117,14.157768986653537,4.78262572735548,26.02963918074965,3,0,0.625,True,True,17.65,50.0,True,50m
1060.0,3_satellites,50.0,3,0.375,30.095800723096332,71.54311386919645,72.09244070171806,651.8751218932216,625.8078300933623,-26.06729179985928,1.8353850576095283,15.973350268322974,14.137965210713446,3.679502341896296,23.987849913537502,2,0,0.625,True,True,17.666666666666668,50.0,True,50m
1061.0,3_satellites,50.0,3,0.4285714285714285,37.03928632893255,94.23973153324084,108.94988119845029,657.8074923493692,604.8446206082217,-52.96287174114752,2.8198549433478286,18.46901420823165,15.649159264883824,4.386491544544697,33.71225192397833,1,0,0.5714285714285714,True,True,17.683333333333334,50.0,True,50m
1062.0,3_satellites,50.0,3,0.375,33.191715360714205,61.386632742495856,72.07140824843911,648.5165667677285,622.4610224097855,-26.05554435794295,1.7919963747262957,17.055676586925983,15.263680212199688,3.435533046722412,24.852104865014557,2,0,0.625,True,True,17.7,50.0,True,50m
1063.0,3_satellites,50.0,3,0.4285714285714285,25.289439992150136,96.47209391198145,100.03848181563296,634.3144287686263,586.6339121461396,-47.68051662248672,1.1796302646398544,14.989942627293724,13.81031236265387,2.715131815522909,25.35683857277036,2,0,0.5714285714285714,True,True,17.716666666666665,50.0,True,50m
1064.0,3_satellites,50.0,3,0.4285714285714285,27.66672436395789,92.21494348392385,100.00691385026155,633.9188101391957,586.2599974981551,-47.65881264104053,1.2286628559231758,15.529510622045825,14.464889712099518,2.802206888794899,25.12814716622233,2,0,0.5714285714285714,True,True,17.733333333333334,50.0,True,50m
1065.0,3_satellites,50.0,3,0.4285714285714285,27.157950236765885,101.72007639872632,99.97539559903912,621.3493108310281,573.7121378977691,-47.63717293325897,1.071567317204816,15.03818521967956,14.051831661590509,2.259155720472336,24.68530871346593,2,0,0.5714285714285714,True,True,17.75,50.0,True,50m
1066.0,3_satellites,50.0,3,0.4285714285714285,27.47496688961519,92.65547086565005,99.94377919714805,620.824585275589,573.2091616540984,-47.61542362149066,2.2011562043002675,15.329749939697129,13.128593735396862,3.483168538659811,24.817114297300577,2,0,0.5714285714285714,True,True,17.766666666666666,50.0,True,50m
1067.0,3_satellites,50.0,3,0.4285714285714285,28.420851238231283,97.74449788331154,99.9122081521881,611.9270025393384,564.3332682705793,-47.593734268759135,1.8034946572567736,16.83675350514906,15.033258847892284,4.3541101068258286,27.38001447170973,3,0,0.5714285714285714,True,True,17.783333333333335,50.0,True,50m
1068.0,3_satellites,50.0,3,0.4285714285714285,28.160526806157687,100.713240805611,99.880626066087,604.3683914195957,556.7963588910891,-47.57203252850661,1.58325263059565,16.578517530645644,14.995264900049992,3.7872875928878784,26.88100964576006,2,0,0.5714285714285714,True,True,17.8,50.0,True,50m
1069.0,3_satellites,50.0,3,0.5,27.11853779004042,238.77082978217405,231.8425846704665,594.4523115606767,446.30457267526464,-148.14773888541202,1.6422488664587338,10.723529805118838,9.15565588635703,2.89274949580431,22.613130889832973,1,0,0.5,True,True,17.816666666666666,50.0,True,50m
1070.0,3_satellites,50.0,3,0.5,32.45191028292418,248.69938865935916,231.7813039364532,583.3694163449153,435.2656514601663,-148.103764884749,0.973487572123607,9.483411006008586,8.579630359386405,1.7583997435867786,20.238476157188416,1,0,0.5,True,True,17.833333333333332,50.0,True,50m
1071.0,3_satellites,50.0,3,0.5,27.797280475088723,240.11499492914345,231.71955859523123,581.6941844724957,433.6348273799448,-148.059357092551,0.5951436441391706,9.889892305557929,9.359779369086027,1.008159939199686,21.609838601201773,1,0,0.5,True,True,17.85,50.0,True,50m
1072.0,3_satellites,50.0,3,0.5,29.561319174482687,229.40049059481464,231.65754731360764,583.6140533877274,435.5993170815094,-148.01473630621797,1.844569062193235,8.382797770823041,6.5985744651407,2.990319691598416,17.825160287320614,0,0,0.5,True,True,17.866666666666667,50.0,True,50m
1073.0,3_satellites,50.0,3,0.4285714285714285,29.59275821805681,94.63753612293212,99.7223568960112,578.2270835091144,530.7638790516372,-47.46320445747722,1.9051177985966208,16.981605325958558,15.076487527361936,3.907120358198881,27.66314295679331,2,0,0.5714285714285714,True,True,17.883333333333333,50.0,True,50m
1074.0,3_satellites,50.0,3,0.4285714285714285,28.776391624040222,95.20194170517908,99.69066967189356,573.5173037152633,526.0758876789366,-47.4414160363267,1.0904471783765726,16.27183863360967,15.181391455233095,1.867991987615824,27.17866101115942,2,0,0.5714285714285714,True,True,17.9,50.0,True,50m
1075.0,3_satellites,50.0,3,0.5,30.47949133352151,230.4003931679725,231.4706688445053,564.5422174374637,416.66183429498494,-147.88038314247876,3.4677431353678307,12.448018098250031,8.9802749628822,6.072484634816647,26.96213025227189,1,0,0.6666666666666666,True,True,17.916666666666668,50.0,True,50m
1076.0,3_satellites,50.0,3,0.4285714285714285,23.93643703810208,101.34806138351738,99.6273026569902,548.6198246981389,501.2219712992555,-47.397853398883456,1.7058991406645094,15.446146430181605,14.088522824325732,3.546468149870634,24.59223010390997,2,0,0.5714285714285714,True,True,17.933333333333334,50.0,True,50m
1077.0,3_satellites,50.0,3,0.4285714285714285,37.65885520273089,125.69702629250024,99.5956594067994,524.4811217077137,477.1049803804773,-47.37614132723638,2.0882617735436986,13.818365747375148,11.730103973831447,5.3804963156580925,23.52970936521888,2,0,0.5714285714285714,True,True,17.95,50.0,True,50m
1078.0,3_satellites,50.0,3,0.4285714285714285,31.255712725593803,113.93885740373788,99.56386441290653,526.3831106249605,479.0288654957623,-47.35424512919826,1.094271534787757,15.25812542917473,14.163853894386971,2.5809919126331806,27.40788670256734,2,0,0.5714285714285714,True,True,17.966666666666665,50.0,True,50m
1079.0,3_satellites,50.0,3,0.5,32.2710933751435,244.02196906164627,231.2187782180937,522.0691594853494,374.3699227932197,-147.69923669212966,0.0749366786330938,9.448381026585896,9.400783663615584,0.1390617489814758,20.96138310804963,1,0,0.5,True,True,17.983333333333334,50.0,True,50m
1080.0,3_satellites,50.0,3,0.5,26.527651962184468,231.29501532706135,231.1550617553556,523.5824476712223,375.9291334751412,-147.6533141960811,0.6289136353880167,9.125312509015204,8.496398873627186,1.025385819375515,20.0705980733037,1,0,0.6666666666666666,True,True,18.0,50.0,True,50m
1081.0,3_satellites,50.0,3,0.4285714285714285,28.39720027624924,85.39139483069576,99.46846030757156,526.6828521631896,479.3942983363023,-47.28855382688738,1.5162937864661217,16.57213360177619,15.055839815310067,3.2031810581684117,28.13388860225677,2,0,0.5714285714285714,True,True,18.016666666666666,50.0,True,50m
1082.0,3_satellites,50.0,3,0.4285714285714285,26.66886511050962,101.75486497650763,99.43674376604628,503.2163060185522,455.9495377430266,-47.26676827552558,1.03019442781806,16.19363257555025,15.16343814773219,1.7234843596816063,27.069631192833185,2,0,0.5714285714285714,True,True,18.033333333333335,50.0,True,50m
1083.0,3_satellites,50.0,3,0.4285714285714285,27.794646467244107,103.34069343695676,99.40494767009804,495.4739045969023,448.2290105827124,-47.24489401418992,1.3140926297221864,15.976725740624326,14.66263311090214,2.457528378814459,28.187841814011332,2,0,0.5714285714285714,True,True,18.05,50.0,True,50m
1084.0,3_satellites,50.0,3,0.4285714285714285,29.48387943847577,95.69726986648492,99.37309726698076,493.94187285517967,446.7189124925377,-47.22296036264197,1.813939980630364,17.12464181067688,15.310701830046517,2.6496499218046665,28.585243579000235,2,0,0.5714285714285714,True,True,18.066666666666666,50.0,True,50m
1085.0,3_satellites,50.0,3,0.4285714285714285,26.124580928521507,107.58008592386037,99.34134878233776,476.6561378238525,429.4549947272559,-47.20114309659664,0.9302872978150843,15.443194047680922,14.512906749865838,1.564640186727047,26.93854089826345,2,0,0.5714285714285714,True,True,18.083333333333332,50.0,True,50m
1086.0,3_satellites,50.0,3,0.4285714285714285,27.91248574756377,108.3690277517523,99.30951765452144,470.1496324655814,422.9703934323524,-47.17923903322907,0.971516439957278,14.919857289109911,13.948340849152633,2.258673775941133,26.52596538513899,2,0,0.5714285714285714,True,True,18.1,50.0,True,50m
1087.0,3_satellites,50.0,3,0.4285714285714285,27.62768526781754,98.51122240924204,99.27761992213804,468.2869647137853,421.1297002789841,-47.15726443480122,1.131404419030462,16.460403385971272,15.328998966940812,2.4175515174865723,28.071395359933376,2,0,0.5714285714285714,True,True,18.116666666666667,50.0,True,50m
1088.0,3_satellites,50.0,3,0.4285714285714285,26.146598211099576,106.26505730144584,99.24581177730124,453.8692065731547,406.7338147081233,-47.13539186503141,0.9618069987211908,14.833094409001726,13.871287410280534,2.562895189970732,25.19868567958474,2,0,0.5714285714285714,True,True,18.133333333333333,50.0,True,50m
1089.0,3_satellites,50.0,3,0.4285714285714285,29.56601312543209,99.84098125637082,99.2138956161824,450.4753135394529,403.3619058880563,-47.113407651396585,0.7649365668850285,15.451334537672144,14.686397970787116,1.385797597467899,26.06406155973673,2,0,0.5714285714285714,True,True,18.15,50.0,True,50m
1090.0,3_satellites,50.0,3,0.4285714285714285,25.907958353182508,98.82980194252616,99.18202972614316,445.2791260523776,398.1876513424276,-47.09147470994998,1.0833516961761884,15.301657559616226,14.218305863440037,1.7319176457822325,25.44686866179109,2,0,0.5714285714285714,True,True,18.166666666666668,50.0,True,50m
1091.0,3_satellites,50.0,3,0.4285714285714285,32.86628233361549,87.25245848575396,99.15007586832738,447.3422673065042,400.2728165589543,-47.06945074754992,1.5317056993288654,16.717685295534984,15.18597959620612,3.672858040779829,27.361992679536343,2,0,0.5714285714285714,True,True,18.183333333333334,50.0,True,50m
1092.0,3_satellites,50.0,3,0.5,27.80336970309169,241.6800649240482,230.37587232968585,422.73958637608047,275.64770512508403,-147.09188125099644,0.5671752020716667,9.48738198975722,8.955186263968548,1.0308781042695043,20.93311066180468,1,0,0.6666666666666666,True,True,18.2,50.0,True,50m
1093.0,3_satellites,50.0,3,0.375,34.22194526789652,60.74882042180322,71.74074378532458,436.1787343215972,410.3083315455446,-25.87040277605263,2.703936736099422,17.113045383710414,14.409108647610992,3.9217131957411766,26.63141328841448,2,0,0.625,True,True,18.216666666666665,50.0,True,50m
1094.0,3_satellites,50.0,3,0.375,41.33848249847099,56.43692178132066,71.72990063555189,433.9211370151648,408.0568434149948,-25.86429360016996,2.6783376396633685,17.84655208978802,15.168214450124651,6.697513148188591,29.408180195838213,3,0,0.625,True,True,18.233333333333334,50.0,True,50m
1095.0,3_satellites,50.0,3,0.375,32.416556697990764,62.55032723186944,71.71909054963135,418.73226699803297,392.874033829344,-25.85823316868897,2.4167828406207263,17.45794549677521,15.041162656154484,4.314477745443583,25.273789260536432,3,0,0.625,True,True,18.25,50.0,True,50m
1096.0,3_satellites,50.0,3,0.375,32.41758173025623,65.45097897765301,71.70825284841439,411.2768268512503,385.42468405282506,-25.852142798425238,2.802883639000356,17.66000489005819,14.857121251057832,5.1392833814024925,27.851888727396727,2,0,0.625,True,True,18.266666666666666,50.0,True,50m
1097.0,3_satellites,50.0,3,0.375,31.76892417221581,61.7802202987511,71.69739778433349,406.71468848567525,380.8686579017833,-25.846030583892,1.6881545213982465,16.429169703274965,14.74101518187672,3.734267294406891,26.44783801585436,3,0,0.625,True,True,18.283333333333335,50.0,True,50m
1098.0,3_satellites,50.0,3,0.375,33.769699141027296,64.4506474182341,71.68653288138972,399.5194876492101,373.679568520514,-25.839919128696067,2.20590440928936,17.880522075574845,15.674617666285483,5.614144943654537,28.328676890581846,3,0,0.625,True,True,18.3,50.0,True,50m
1099.0,3_satellites,50.0,3,0.375,35.60354954111024,59.96378011772765,71.675650197231,395.5476769079282,369.7138920462596,-25.83378486166856,2.588251265697181,16.898901912849396,14.310650647152215,4.191264808177948,24.81076913699508,3,0,0.625,True,True,18.316666666666666,50.0,True,50m
1100.0,3_satellites,50.0,3,0.375,38.80001912075035,53.76096698709678,71.66475359575331,394.9017446833865,369.0741065466894,-25.82763813669709,2.67491834051907,17.41550872568041,14.74059038516134,5.203649114817381,27.920101173222065,2,0,0.625,True,True,18.333333333333332,50.0,True,50m
1101.0,3_satellites,50.0,3,0.4285714285714285,33.08079279947618,99.45299341708804,108.8843276224305,381.7758799503399,328.7856056910438,-52.99027425929603,1.6969045523021902,17.765773468783923,16.068868916481733,3.102955412119627,33.31257847324014,1,0,0.5714285714285714,True,True,18.35,50.0,True,50m
1102.0,3_satellites,50.0,3,0.4285714285714285,47.740153944143394,82.79036064061657,108.88161459947533,390.841199023079,337.85104522285457,-52.99015380022445,2.8745271526277065,18.87776108565075,16.003233933023044,4.4002554304897785,34.61365409940481,1,0,0.5714285714285714,True,True,18.366666666666667,50.0,True,50m
1103.0,3_satellites,50.0,3,0.4285714285714285,43.313432738838415,81.73985057772354,108.87892489609332,383.5335711096277,330.54347357965446,-52.99009752997324,3.625069733176912,19.010481023362704,15.385411290185791,5.735311780124903,34.28557447716594,1,0,0.5714285714285714,True,True,18.383333333333333,50.0,True,50m
1104.0,3_satellites,50.0,3,0.4285714285714285,41.02233440109302,89.51656508323154,108.87623926510048,376.2382608097034,323.24820253981005,-52.99005826989338,2.680890922567674,18.4406284461064,15.759737523538726,4.385552052408457,33.805077999830246,1,0,0.5714285714285714,True,True,18.4,50.0,True,50m
1105.0,3_satellites,50.0,3,0.4285714285714285,38.52952597868803,87.7361631646535,108.87343669811604,376.10129894479246,323.11138115829635,-52.98991778649611,1.2531091033348016,16.905582952712262,15.65247384937746,2.588429428637028,31.464125525206327,1,0,0.5714285714285714,True,True,18.416666666666668,50.0,True,50m
1106.0,3_satellites,50.0,3,0.4285714285714285,39.576929121907554,86.90659496739265,108.8706135556301,375.75619569973406,322.76643280282275,-52.98976289691132,1.5944137669035368,17.125998248479195,15.53158448157566,2.574758917093277,31.210384778678417,1,0,0.5714285714285714,True,True,18.433333333333334,50.0,True,50m
1107.0,3_satellites,50.0,3,0.375,34.20058214915364,57.223552250489085,71.58832079345926,370.5853810222506,344.80080445174235,-25.78457657050825,1.683385178912431,17.05303167970851,15.36964650079608,4.046120893210173,24.007156282663345,3,0,0.625,True,True,18.45,50.0,True,50m
1108.0,3_satellites,50.0,3,0.4285714285714285,37.53624576995599,92.52890188750818,108.86485502809838,372.3737598220472,319.3843689549894,-52.98939086705781,2.0980569209371294,16.789822316595487,14.691765395658356,3.5953396409749985,30.53045286238193,1,0,0.5714285714285714,True,True,18.466666666666665,50.0,True,50m
1109.0,3_satellites,50.0,3,0.375,34.45929019361919,62.35013110787284,71.56640122676443,366.2003032332561,340.4280838919842,-25.772219341271864,1.861348528880626,17.19221524009481,15.330866711214185,3.780340168625116,26.505335185676813,2,0,0.625,True,True,18.483333333333334,50.0,True,50m
1110.0,3_satellites,50.0,3,0.375,44.48592709661989,51.16228745968995,71.55538588366431,376.2581991130838,350.4922235822839,-25.76597553079989,2.002531808800996,17.477397099602968,15.474865290801972,3.6025196835398674,26.22007254883647,2,0,0.625,True,True,18.5,50.0,True,50m
1111.0,3_satellites,50.0,3,0.4285714285714285,31.312678998111508,83.54744097737694,98.51034114517688,364.50016857928415,317.87129759767043,-46.62887098161372,1.1615460036056382,14.659916122044836,13.498370118439198,2.095506377518177,25.56311408057809,2,0,0.5714285714285714,True,True,18.516666666666666,50.0,True,50m
1112.0,3_satellites,50.0,3,0.4285714285714285,35.10769937811455,76.3498167016203,98.4782180981351,370.75883229779936,324.1521118654194,-46.60672043237997,2.1706997768155167,16.718511332890817,14.554341640855585,5.192394051700831,26.47799614071846,3,0,0.5714285714285714,True,True,18.533333333333335,50.0,True,50m
1113.0,3_satellites,50.0,3,0.5,35.825205415671384,208.17327137777212,228.93859847549533,370.9616401628121,224.9084162353249,-146.05322392748724,0.8442030251026154,10.693561571960648,9.849358546858031,1.335287094116211,23.147842820733786,1,0,0.5,True,True,18.55,50.0,True,50m
1114.0,3_satellites,50.0,3,0.4285714285714285,32.77099994570317,79.52102767649335,98.41399021564918,369.679458583056,323.1169917321391,-46.56246685091685,1.0527530434940542,16.456356909126043,15.40360386563199,2.2173019647598267,28.11659537255764,2,0,0.5714285714285714,True,True,18.566666666666666,50.0,True,50m
1115.0,3_satellites,50.0,3,0.4285714285714285,38.06264801165842,72.96930739441527,98.38183549506394,376.7208064048605,330.1805150989756,-46.54029130588492,1.193494068192584,16.75275587875928,15.559261810566698,2.677847590297461,28.35056597366929,2,0,0.5714285714285714,True,True,18.583333333333332,50.0,True,50m
1116.0,3_satellites,50.0,3,0.4285714285714285,27.42023982171085,87.52601244792044,98.34975748442665,366.86599269127504,320.3477756511323,-46.51821704014276,0.6988907009363174,16.244765300835883,15.545874599899564,1.195082999765873,27.497844602912664,2,0,0.5714285714285714,True,True,18.6,50.0,True,50m
1117.0,3_satellites,50.0,3,0.375,33.90246926798218,63.190647458649785,71.47830323454566,371.1404229857965,345.417957817854,-25.72246516794246,1.0522322026081383,16.044156643096358,14.99192444048822,1.949380163103342,24.681819301098585,3,0,0.625,True,True,18.616666666666667,50.0,True,50m
1118.0,3_satellites,50.0,3,0.4285714285714285,41.72545401841891,85.74634292980481,108.83288973937776,385.6358940883835,332.6506846814654,-52.9852094069181,1.814028452549662,16.9517712986895,15.13774284613984,3.0475365333259106,30.838823292404413,1,0,0.5714285714285714,True,True,18.633333333333333,50.0,True,50m
1119.0,3_satellites,50.0,3,0.4285714285714285,32.37737529999989,78.30012455178483,98.25321550596452,378.4132816451224,331.9616298406344,-46.451651804488,1.4262246042490003,17.086205626704864,15.659981022455865,2.773586418479681,28.80750178545713,2,0,0.5714285714285714,True,True,18.65,50.0,True,50m
1120.0,3_satellites,50.0,3,0.4285714285714285,28.726535304869422,93.10072698266792,98.22107235519516,368.72458453212784,322.2950606664255,-46.42952386570232,1.298325460936342,15.334661063339029,14.036335602402689,2.080906800925732,25.12174694240093,2,0,0.5714285714285714,True,True,18.666666666666668,50.0,True,50m
1121.0,3_satellites,50.0,3,0.4285714285714285,28.685784596826498,89.73735368887746,98.18885592759234,372.3620043948509,325.9546980189239,-46.40730637592702,2.881678808480501,16.839615107114827,14.088025082434926,6.284870713949204,26.205650717020035,3,0,0.5714285714285714,True,True,18.683333333333334,50.0,True,50m
1122.0,3_satellites,50.0,3,0.4285714285714285,31.23534189177678,96.36266076103632,98.15663945348254,370.7397140181369,324.3546082899818,-46.38510572815511,6.908526500953095,20.455933970000064,13.547407469046968,16.79922339692712,32.380121845752,4,0,0.5714285714285714,True,True,18.7,50.0,True,50m
1123.0,3_satellites,50.0,3,0.5,35.087552855081135,74.55699809741643,96.57857733755289,392.09454388321626,351.1620906235714,-40.93245325964489,0.4179512759049733,12.795273118341962,12.37732184243699,0.8298665098845959,29.0186808668077,2,0,0.6666666666666666,True,True,18.716666666666665,50.0,True,50m
1124.0,3_satellites,50.0,3,0.4285714285714285,26.49167015889892,101.03916090021498,98.09220543151356,377.37446205904826,331.0337717136552,-46.34069034539306,1.0757874798561846,16.259062509451592,15.183275029595409,1.848034955561161,27.520102325826883,2,0,0.5714285714285714,True,True,18.733333333333334,50.0,True,50m
1125.0,3_satellites,50.0,3,0.4285714285714285,27.425025720055327,88.47905869021592,98.05989471665602,391.546526877348,345.22814489061574,-46.31838198673222,1.0096436409013612,16.28163054851549,15.27198690761413,2.379605196416378,27.198422957211733,2,0,0.5714285714285714,True,True,18.75,50.0,True,50m
1126.0,3_satellites,50.0,3,0.4285714285714285,28.534645763645347,84.65038522310842,98.02762224805426,397.3821224990926,351.0860045187952,-46.296117980297424,1.5311375372111795,15.38846728471773,14.18899859807321,2.7824950516223907,27.177677147090435,2,0,0.5714285714285714,True,True,18.766666666666666,50.0,True,50m
1127.0,3_satellites,50.0,3,0.5,29.56203816184205,219.6818605608061,227.9286687117661,400.84274333201904,255.52105779590323,-145.3216855361158,1.023713706061244,10.666067196056249,9.642353489995005,1.8722633607685568,22.67461435869336,1,0,0.5,True,True,18.783333333333335,50.0,True,50m
1128.0,3_satellites,50.0,3,0.375,32.44683373331951,61.12838151559488,71.35613294500664,409.4144917905762,383.7611802466414,-25.65331154393482,1.9854336329735816,16.604228454176337,14.618794821202757,2.7700317427515984,25.123059581965208,2,0,0.625,True,True,18.8,50.0,True,50m
1129.0,3_satellites,50.0,3,0.375,31.693865547749795,61.64406042582638,71.34497187464562,413.83839922607535,388.1914121122018,-25.646987113873536,2.086752913892269,16.65125735523179,14.564504441339524,4.184973232448101,26.92829053848982,2,0,0.625,True,True,18.816666666666666,50.0,True,50m
1130.0,3_satellites,50.0,3,0.375,32.026916697012844,65.52175763604959,71.33380266209936,418.9274804296579,393.2868200820105,-25.64066034764744,1.2301560966297984,17.255706692114472,16.025550595484674,2.8482732325792317,25.19584671407938,3,0,0.625,True,True,18.833333333333332,50.0,True,50m
1131.0,3_satellites,50.0,3,0.375,32.731460123603064,60.09201262492559,71.32260826483838,426.0181910695845,400.3838881570695,-25.63430291251501,2.3451730138622224,16.723706108517945,14.378533094655722,3.3953944370150566,26.14049195870757,2,0,0.625,True,True,18.85,50.0,True,50m
1132.0,3_satellites,50.0,3,0.375,37.26248902247836,53.40297028709719,71.31139836816061,435.21041795244514,409.5824874880077,-25.62793046443744,3.042484140023589,16.123821428976953,13.081337288953364,5.022518869489431,25.05904970318079,2,0,0.625,True,True,18.866666666666667,50.0,True,50m
1133.0,3_satellites,50.0,3,0.375,37.59296954118667,56.66828079053458,71.30020155335919,442.9870564238444,417.36547429689386,-25.62158212695056,2.271101385820657,16.629121283069253,14.358019897248596,4.5089126117527485,27.25577837228775,3,0,0.625,True,True,18.883333333333333,50.0,True,50m
1134.0,3_satellites,50.0,3,0.375,32.34326304968122,61.44887329012346,71.28900262705945,442.7603412912336,417.1451023533067,-25.615238937926847,2.2279391400516038,16.45790184289217,14.229962702840568,3.340908020734787,26.08865929767489,2,0,0.625,True,True,18.9,50.0,True,50m
1135.0,3_satellites,50.0,3,0.4285714285714285,30.76719394627755,80.37350218585799,97.73670108865184,447.48585150417495,401.39042516397615,-46.0954263401988,1.0039409574653422,16.472930765577726,15.468989808112385,2.232282731682062,27.44242837280035,2,0,0.5714285714285714,True,True,18.916666666666668,50.0,True,50m
1136.0,3_satellites,50.0,3,0.375,42.13831908871687,49.74783855558901,71.26650800912743,461.35111341697353,435.7486716477341,-25.60244176923942,2.3091386589221656,17.698076211381704,15.388937552459538,4.744500022381544,25.750794257968664,3,0,0.625,True,True,18.933333333333334,50.0,True,50m
1137.0,3_satellites,50.0,3,0.375,40.47479437839502,54.0419487310468,71.25527798123073,460.46264694723214,434.8665746443364,-25.59607230289572,1.9596296935342248,17.363636057358235,15.40400636382401,3.305674709379673,26.056056957691908,2,0,0.625,True,True,18.95,50.0,True,50m
1138.0,3_satellites,50.0,3,0.375,36.94045629922231,55.32219739940025,71.24403074500088,460.8504326472383,435.260743923113,-25.589688724125267,2.447714786976576,18.727847256232053,16.280132469255477,4.549482397735119,27.07514626532793,4,0,0.625,True,True,18.966666666666665,50.0,True,50m
1139.0,3_satellites,50.0,3,0.375,39.15353346185271,53.49615232980117,71.23276499887393,465.81792575444257,440.2346419713638,-25.58328378307874,2.4276495100930333,18.26788461394608,15.840235103853049,5.969750568270683,28.72187951207161,3,0,0.625,True,True,18.983333333333334,50.0,True,50m
1140.0,3_satellites,50.0,3,0.375,35.2625382160216,60.41519488978809,71.22151324343642,461.5620550049282,435.9851511233895,-25.57690388153867,2.812110461294651,17.584197978954762,14.772087517660111,5.051234398037195,27.80423315241933,3,0,0.625,True,True,19.0,50.0,True,50m
1141.0,3_satellites,50.0,3,0.375,34.54034478952661,54.83949526752522,71.21022618934224,468.5346748829018,442.9641942359348,-25.57048064696704,1.5461448258720338,16.70828711753711,15.162142291665075,3.5163119584321976,24.95352097228169,3,0,0.625,True,True,19.016666666666666,50.0,True,50m
1142.0,3_satellites,50.0,3,0.375,36.32335983987658,52.62968467082193,71.19892830195727,472.5187022141253,446.9546497832884,-25.56405243083691,1.3950012605637312,17.267519950401038,15.872518689837309,3.840471908450127,26.23968539386988,4,0,0.625,True,True,19.033333333333335,50.0,True,50m
1143.0,3_satellites,50.0,3,0.375,34.0720448842971,57.15971248476505,71.18764180971237,473.0590390598459,447.5013957524399,-25.55764330740601,1.1883120597340169,16.566335217561573,15.378023157827556,1.6647978872060776,24.300423737615347,3,0,0.625,True,True,19.05,50.0,True,50m
1144.0,3_satellites,50.0,3,0.375,34.45168621822058,57.37452654964703,71.17633297547434,477.6884121764486,452.13720062126526,-25.55121155518333,1.1956217950209975,17.254992622882128,16.05937082786113,3.47996586561203,26.23642016947269,3,0,0.625,True,True,19.066666666666666,50.0,True,50m
1145.0,3_satellites,50.0,3,0.375,34.88929917268477,59.17054767428976,71.1650172810174,478.6840185732655,453.13924183485193,-25.54477673841359,1.4259885651990771,17.057782631367445,15.631794066168368,4.042380500584841,26.79969282448292,3,0,0.625,True,True,19.083333333333332,50.0,True,50m
1146.0,3_satellites,50.0,3,0.4285714285714285,29.22339412251257,81.8813241324595,97.3800321279527,476.1041756572254,430.2549132275296,-45.84926242969584,0.8174012910042491,15.682405967797552,14.865004676793305,1.5589657686650753,26.691416900604963,2,0,0.5714285714285714,True,True,19.1,50.0,True,50m
1147.0,3_satellites,50.0,3,0.4285714285714285,28.179261573685363,84.18294394852887,97.34755344235258,475.5975861633167,429.7707417926894,-45.82684437062727,1.0722174192113536,16.766914971704995,15.69469755249364,2.4870181269943714,28.108370158821344,2,0,0.5714285714285714,True,True,19.116666666666667,50.0,True,50m
1148.0,3_satellites,50.0,3,0.4285714285714285,35.07741307738426,78.20715876760524,97.3150177140216,482.4354835228467,436.6311186565583,-45.80436486628844,0.9227799012192658,15.695764498519043,14.77298459729978,1.9907938204705715,25.868095107376572,2,0,0.5714285714285714,True,True,19.133333333333333,50.0,True,50m
1149.0,3_satellites,50.0,3,0.4285714285714285,38.717502845026736,68.02243227528982,97.2824770186382,489.22685937774224,443.4449817903558,-45.78187758738642,2.0064965475882803,17.04624674416014,15.03975019657186,4.649175625294447,27.469346594065428,3,0,0.5714285714285714,True,True,19.15,50.0,True,50m
1150.0,3_satellites,50.0,3,0.4285714285714285,29.886986868882254,83.80548432752929,97.25002108986804,478.4788389098802,432.71933865228624,-45.75950025759397,0.6941644426967416,15.381065204207388,14.686900761510644,1.2701473534107208,26.20092494040728,2,0,0.5714285714285714,True,True,19.166666666666668,50.0,True,50m
1151.0,3_satellites,50.0,3,0.4285714285714285,32.26300706389498,81.43414013664498,97.21747950371032,480.8323504032128,435.095327523413,-45.73702287979984,1.051932004945619,16.369787241199187,15.317855236253568,2.727909319102764,26.965758487582207,2,0,0.5714285714285714,True,True,19.183333333333334,50.0,True,50m
1152.0,3_satellites,50.0,3,0.4285714285714285,30.09890158282654,82.30125403561217,97.18494799342524,477.11753565601487,431.40297475018326,-45.7145609058316,2.14354856684804,17.09560496785811,14.95205640101007,5.262139938771725,27.235621873289347,3,0,0.5714285714285714,True,True,19.2,50.0,True,50m
1153.0,3_satellites,50.0,3,0.4285714285714285,33.49988420552821,78.80962329793991,97.15238403693826,481.0447349732807,435.3526716898205,-45.692063283460186,1.2620744364602223,15.890716665557452,14.62864222909723,2.7892146930098534,25.891116496175528,2,0,0.5714285714285714,True,True,19.216666666666665,50.0,True,50m
1154.0,3_satellites,50.0,3,0.5,28.6258631971826,228.8602307579839,225.86259978929164,463.9291984209022,320.1082054820712,-143.820992938831,0.2302372530102729,10.579644097015262,10.349406844004989,0.4570616409182548,23.273914583027363,1,0,0.5,True,True,19.233333333333334,50.0,True,50m
1155.0,3_satellites,50.0,3,0.4285714285714285,33.21282844162689,81.94190174892356,97.08725597939012,474.3323896444899,428.6853018766632,-45.64708776782675,1.4661788833992822,17.08246516968523,15.616286286285945,3.3171461522579198,28.27755508571863,2,0,0.5714285714285714,True,True,19.25,50.0,True,50m
1156.0,3_satellites,50.0,3,0.4285714285714285,33.63391570556874,80.40879017150702,97.05467941879914,475.4035047937083,429.77892109915,-45.62458369455828,1.046769917011261,15.814885308699948,14.768115391688688,1.633573681116104,27.63592553511262,2,0,0.5714285714285714,True,True,19.266666666666666,50.0,True,50m
1157.0,3_satellites,50.0,3,0.4285714285714285,34.58039061151881,75.3384479877806,97.02207622801404,475.5577794960787,429.9557257493668,-45.602053746711874,0.6709344493491309,16.223219666097844,15.552285216748714,1.3264019414782524,27.34459232166409,2,0,0.5714285714285714,True,True,19.283333333333335,50.0,True,50m
1158.0,3_satellites,50.0,3,0.4285714285714285,30.606058380098887,80.6099245932632,96.98950625548954,467.0201371855623,421.4405702518656,-45.57956693369675,1.8765515770230972,16.149166165185825,14.272614588162728,3.390387412160635,26.24447640031576,2,0,0.5714285714285714,True,True,19.3,50.0,True,50m
1159.0,3_satellites,50.0,3,0.375,38.86257479898139,51.29409950724389,71.00554879537614,472.08864016559215,446.6347406557068,-25.45389950988533,1.3808180415071547,17.684977705124766,16.30415966361761,2.918177634477616,26.012299239635468,3,0,0.625,True,True,19.316666666666666,50.0,True,50m
1160.0,3_satellites,50.0,3,0.375,34.47761793619402,56.49828083935524,70.9941067339018,466.2202459958067,440.7728648688518,-25.44738112695489,1.3583647175692022,16.413186982274055,15.054822264704852,2.3329308182001114,25.10284942016005,3,0,0.625,True,True,19.333333333333332,50.0,True,50m
1161.0,3_satellites,50.0,3,0.375,33.75605831101392,60.679425710765685,70.98264002273997,462.0459779348722,436.6051362763984,-25.4408416584738,1.7528133541345596,17.73917082697153,15.986357472836971,3.644557733088732,26.291077326983213,3,0,0.625,True,True,19.35,50.0,True,50m
1162.0,3_satellites,50.0,3,0.375,20.94590138190322,70.29606947025202,70.97120321921308,448.8173157231112,423.3829781487213,-25.434337574389986,2.1551574342884123,14.976212402805686,12.821054968517274,5.663210969418287,24.648560781031847,2,0,0.625,True,True,19.366666666666667,50.0,True,50m
1164.0,3_satellites,50.0,3,0.4285714285714285,27.032793776603597,97.0260426329186,96.79379664824742,447.6158888852117,402.1715038860441,-45.4443849991676,2.2192998081445694,14.083146782858032,12.834745002644402,4.604393996298313,24.23506368324161,2,0,0.5714285714285714,True,True,19.4,50.0,True,50m
1165.0,3_satellites,50.0,3,0.4285714285714285,40.88575334111799,84.1956324959772,108.61607370903114,469.1923229097006,416.2736431339939,-52.91867977570666,2.5613162395145213,18.49260030793292,15.9312840684184,4.268789574503899,33.99237151816487,1,0,0.5714285714285714,True,True,19.416666666666668,50.0,True,50m
1166.0,3_satellites,50.0,3,0.375,38.59856849796779,55.45244286476459,70.92513821210999,461.6400497275781,436.2320643964785,-25.407985331099667,1.401803179178387,16.832972758449614,15.431169579271227,2.604068711400032,24.96331537142396,3,0,0.625,True,True,19.433333333333334,50.0,True,50m
1167.0,3_satellites,50.0,3,0.4285714285714285,39.10912714378381,89.1231352354424,108.60432018710732,461.1464169834979,408.2323417665314,-52.91407521696647,2.747273632458278,18.77899474118437,16.031721108726092,3.7699650786817074,34.208528239279985,1,0,0.5714285714285714,True,True,19.45,50.0,True,50m
1168.0,3_satellites,50.0,3,0.375,44.09691686241547,41.82306615679531,70.90204914327123,467.0491748575651,441.6544103035785,-25.39476455398659,1.3306588903069496,16.959046045783907,15.628387155476958,2.731411073356867,25.7769467830658,2,0,0.625,True,True,19.466666666666665,50.0,True,50m
1169.0,3_satellites,50.0,3,0.375,37.90526578973755,51.8598475769272,70.89053258817908,458.01662807126297,432.6284288051169,-25.38819926614605,1.524495543912053,16.051227421034127,14.526731877122074,3.564744934439659,23.16324615478516,2,0,0.625,True,True,19.483333333333334,50.0,True,50m
1170.0,3_satellites,50.0,3,0.375,45.649247500815,39.20373358678916,70.87894686309622,465.9558795847889,440.5743297988324,-25.38154978595651,1.706550821196288,17.697557650040835,15.991006828844547,3.956823699176312,26.468117747455835,4,0,0.625,True,True,19.5,50.0,True,50m
1171.0,3_satellites,50.0,3,0.375,34.47087572969593,63.31159927829484,70.86744329964013,447.4132004017889,422.0381861601949,-25.375014241593988,2.026557662524283,16.889284217264503,14.86272655474022,5.070396035909653,27.849263463169336,3,0,0.625,True,True,19.516666666666666,50.0,True,50m
1172.0,3_satellites,50.0,3,0.375,37.543922225720735,51.9056015083838,70.85584522720576,451.5931373250376,426.224779354506,-25.368357970531637,2.126725106034428,16.430034140124917,14.30330903409049,4.322040043771267,23.726679679006335,2,0,0.625,True,True,19.533333333333335,50.0,True,50m
1173.0,3_satellites,50.0,3,0.375,42.18433000209211,46.017217992696814,70.84424541835251,454.6788873707741,429.317179923541,-25.361707447233076,3.075322911143303,17.446866624988616,14.371543713845313,5.258711125701666,24.273891910910606,4,0,0.625,True,True,19.55,50.0,True,50m
1174.0,3_satellites,50.0,3,0.375,40.22199960067461,52.67794640742788,70.83266846201221,447.7407545389641,422.3856628449586,-25.355091694005463,2.938634891528636,17.5464866659604,14.607851774431763,4.745867166668177,27.527134340256453,2,0,0.625,True,True,19.566666666666666,50.0,True,50m
1175.0,3_satellites,50.0,3,0.375,46.09845519981816,42.921937024609775,70.82104299492359,451.2995117909275,425.95109527136657,-25.348416519560946,2.6212436547502875,18.94351974874735,16.32227609399706,5.573570996522903,30.96967713534832,4,0,0.625,True,True,19.583333333333332,50.0,True,50m
1176.0,3_satellites,50.0,3,0.375,43.47438486050882,43.64014708040314,70.80943629218936,446.815407585988,421.473634181116,-25.3417734048719,2.928982971701771,19.24035096494481,16.31136799324304,6.104696676135063,28.51225797086954,5,0,0.625,True,True,19.6,50.0,True,50m
1177.0,3_satellites,50.0,3,0.375,43.04543317615852,45.40077595609881,70.79782720759253,438.69091319329874,413.3557861011405,-25.335127092158245,1.2566438792273402,16.667903304100037,15.411259424872696,2.5411016531288624,24.86859707534313,3,0,0.625,True,True,19.616666666666667,50.0,True,50m
1178.0,3_satellites,50.0,3,0.375,47.78305093404308,44.03574048863919,70.78618276684486,440.7720235213479,415.4435749739675,-25.32844854738039,3.1901997276581824,17.83382816100493,14.643628433346748,6.535897932946682,29.32032810524106,2,0,0.625,True,True,19.633333333333333,50.0,True,50m
1179.0,3_satellites,50.0,3,0.5,43.11764615138276,190.0539729323743,223.8119844697381,438.6406774410757,296.3138161490667,-142.32686129200897,0.6932107253621022,11.342470250402888,10.649259525040785,1.083552002906799,24.496465634554625,1,0,0.5,True,True,19.65,50.0,True,50m
1180.0,3_satellites,50.0,3,0.4285714285714285,33.82563464912673,74.35345786973804,96.27011278766288,426.3679070002616,381.2855684920875,-45.08233850817402,0.8664445924971785,15.646631627742734,14.780187035245556,2.008555456995964,26.33920580521226,2,0,0.5714285714285714,True,True,19.666666666666668,50.0,True,50m
1181.0,3_satellites,50.0,3,0.375,38.34720356724246,51.63734697172758,70.75126184058622,425.7758043587681,400.467352643911,-25.308451714857085,0.852037088945508,16.49776686914265,15.645729780197144,1.879753302782774,24.951264422386885,3,0,0.625,True,True,19.683333333333334,50.0,True,50m
1182.0,3_satellites,50.0,3,0.375,42.05177323411906,50.572517924091045,70.73958267406876,424.8561169614761,399.5543682542955,-25.301748707180597,1.2463579438626766,17.27867428585887,16.032316341996193,2.6277787759900093,25.915847342461348,3,0,0.625,True,True,19.7,50.0,True,50m
1183.0,3_satellites,50.0,3,0.375,36.24656114865384,54.27873957728078,70.72792085266784,418.2664017694434,392.9713309711285,-25.295070798314896,1.553659923840314,15.827266339678316,14.273606415838003,3.483310416340828,23.896832775324583,1,0,0.625,True,True,19.716666666666665,50.0,True,50m
1184.0,3_satellites,50.0,3,0.4285714285714285,40.32131593453411,68.92631862599652,96.13869756172458,418.4145449570127,373.4231202184855,-44.99142473852714,1.545717259070703,17.00487016833254,15.45915290926184,2.8035807833075523,28.2138638868928,2,0,0.5714285714285714,True,True,19.733333333333334,50.0,True,50m
1185.0,3_satellites,50.0,3,0.4285714285714285,52.14222391382102,54.13454915104328,96.10575875184196,426.100226861357,381.13162226995627,-44.96860459140072,2.3010958129806176,17.66928773426584,15.36819192128522,4.938077289611101,28.56707403808832,2,0,0.5714285714285714,True,True,19.75,50.0,True,50m
1186.0,3_satellites,50.0,3,0.375,38.731150920968,51.52405693667965,70.69280565496332,411.481117724843,386.2062059257097,-25.27491179913329,2.87448225915432,18.346861766651276,15.472379507496951,4.624053716659546,26.13665832951665,3,0,0.625,True,True,19.766666666666666,50.0,True,50m
1187.0,3_satellites,50.0,3,0.4285714285714285,36.56812680039106,71.98333585571288,96.04005236440278,406.7404580309214,361.8172753293149,-44.92318270160655,2.43382364405053,16.971088916595495,14.537265272544962,5.442443683743477,27.95559385418892,3,0,0.5714285714285714,True,True,19.783333333333335,50.0,True,50m
1188.0,3_satellites,50.0,3,0.4285714285714285,34.34490582926672,72.95450335217348,96.00715812820836,401.8173464961969,356.9169218825202,-44.90042461367671,1.1681320060576712,16.878950340407236,15.710818334349565,2.9213638305664062,29.23080343008041,2,0,0.5714285714285714,True,True,19.8,50.0,True,50m
1189.0,3_satellites,50.0,3,0.4285714285714285,38.89169674699808,70.470415803133,95.97421441920665,399.5851155551625,354.70749627029653,-44.877619284866,1.235989425331354,16.91353196118559,15.677542535854238,2.9771210700273514,28.03649735078216,2,0,0.5714285714285714,True,True,19.816666666666666,50.0,True,50m
1190.0,3_satellites,50.0,3,0.4285714285714285,44.42852611292884,64.34165491111708,95.94124408779024,401.6477737564143,356.79298560379345,-44.85478815262087,1.3709710293582509,16.69715578481555,15.3261847554573,3.1503849998116493,27.547134421765804,2,0,0.5714285714285714,True,True,19.833333333333332,50.0,True,50m
1191.0,3_satellites,50.0,3,0.4285714285714285,34.41897369112946,72.22734778416621,95.90836190842568,391.2362686598497,346.404216257178,-44.83205240267171,0.6609222159854004,15.320562135960374,14.659639919974977,1.4899811521172523,26.798698533326387,2,0,0.5714285714285714,True,True,19.85,50.0,True,50m
1192.0,3_satellites,50.0,3,0.4285714285714285,32.11820867473478,79.23291843499459,95.8754385647394,381.427996310729,336.6187169217201,-44.80927938900891,2.842625208199024,14.606601855584554,13.087416762752191,5.764601249247789,26.06672941148281,2,0,0.5714285714285714,True,True,19.866666666666667,50.0,True,50m
1193.0,3_satellites,50.0,3,0.4285714285714285,52.882214049680485,55.413674446716456,95.8423414834604,395.5690079451117,350.7826918661076,-44.78631607900411,2.014831424291645,17.95929597477828,15.944464550486632,3.8987708315253258,30.21525236219168,2,0,0.5714285714285714,True,True,19.883333333333333,50.0,True,50m
1194.0,3_satellites,50.0,3,0.4285714285714285,32.87412893239918,77.45330806151061,95.80949197068188,373.039145226286,328.2755149291838,-44.76363029710217,1.314822793006897,16.341345743409224,15.026522950402327,2.9004018642008305,26.802514743059877,2,0,0.5714285714285714,True,True,19.9,50.0,True,50m
1195.0,3_satellites,50.0,3,0.4285714285714285,39.33933244101389,68.48694972021342,95.776474440883,377.34526488734537,332.60450924474776,-44.740755642597605,1.3007892348936625,16.63883927943451,15.338050044540848,3.314225744456053,27.194505736231804,2,0,0.5714285714285714,True,True,19.916666666666668,50.0,True,50m
1196.0,3_satellites,50.0,3,0.375,37.39637243851589,55.43623382640814,70.57519752972533,369.8018524752583,344.59452166848126,-25.20733080677701,2.4745580879971385,17.746050174813718,15.27149208681658,4.146635435521603,24.925523307174444,3,0,0.625,True,True,19.933333333333334,50.0,True,50m
1197.0,3_satellites,50.0,3,0.375,34.95896303862355,50.16581790414082,70.56338534950201,367.4260756540491,342.22554518137514,-25.20053047267396,0.8364648376591504,17.094317975919694,16.257853138260543,2.46129297837615,27.50783731415868,3,0,0.625,True,True,19.95,50.0,True,50m
1198.0,3_satellites,50.0,3,0.375,44.20807396760269,45.60053083819718,70.5515435191921,368.7573503702129,343.56364952900816,-25.19370084120476,1.3232388701289892,16.309385074768215,14.986146204639226,2.452895548194647,25.98522644490004,3,0,0.625,True,True,19.966666666666665,50.0,True,50m
1199.0,3_satellites,50.0,3,0.375,50.44363685852205,38.56829345254403,70.5396832047628,372.6560966753712,347.4692378267639,-25.186858848607244,3.3364848932251334,19.6623293873854,16.325844494160265,8.162160143256187,27.980405177921057,5,0,0.625,True,True,19.983333333333334,50.0,True,50m
1200.0,3_satellites,50.0,3,0.375,26.455756411563684,63.67866742449362,70.52793325337842,349.32876423000687,324.1486113188784,-25.18015291112846,2.3677168171852827,14.913060440681877,12.922507808543742,6.538007717579603,24.7479668147862,3,0,0.625,True,True,20.0,50.0,True,50m
1201.0,3_satellites,50.0,3,0.4285714285714285,28.694307723921263,80.1125967505601,95.5784786412831,350.9624232774491,306.3587175724513,-44.603705704997765,0.93551058907594,16.390697299901927,15.455186710825988,2.123318277299404,27.31382719799876,2,0,0.5714285714285714,True,True,20.016666666666666,50.0,True,50m
1202.0,3_satellites,50.0,3,0.4285714285714285,34.165792400174105,74.91672343791109,95.54541058565638,352.9500978689043,308.3693028261184,-44.58079504278595,1.2024521492421627,16.176267264676945,14.973815115434784,2.0521343126893044,28.238123700022697,2,0,0.5714285714285714,True,True,20.033333333333335,50.0,True,50m
1203.0,3_satellites,50.0,3,0.4285714285714285,42.01978264484232,66.0668422106138,95.51231519111032,357.7738855650802,313.21602903490725,-44.55785653017296,0.7738937144832951,16.08726541591542,15.313371701432128,1.802734173834324,26.791595980525017,2,0,0.5714285714285714,True,True,20.05,50.0,True,50m
1204.0,3_satellites,50.0,3,0.4285714285714285,38.99523418394667,68.80181322353697,95.47926827305832,354.0512709403108,309.5162927664261,-44.53497817388467,0.8380115676139083,16.69969053832548,15.861678970711573,1.301295030862093,28.370806835591797,2,0,0.5714285714285714,True,True,20.066666666666666,50.0,True,50m
1205.0,3_satellites,50.0,3,0.4285714285714285,33.0379193577747,79.64847113233218,95.44625243868808,346.9657617162933,302.45362610413093,-44.51213561216235,0.899592394807509,15.867221514029165,14.967629119221654,1.348929300904274,26.679580077528957,2,0,0.5714285714285714,True,True,20.083333333333332,50.0,True,50m
1206.0,3_satellites,50.0,3,0.4285714285714285,35.30271549474912,72.66584373172452,95.41315602707816,349.4279820894554,304.9387814606065,-44.48920062884884,0.9733595097703592,15.864583033536162,14.891223523765802,1.419749926775694,26.555301908403635,2,0,0.5714285714285714,True,True,20.1,50.0,True,50m
1207.0,3_satellites,50.0,3,0.4285714285714285,34.091397957390605,75.73645869535673,95.38008059163376,347.09281701705265,302.62651860474824,-44.46629841230441,1.8733843357435291,16.60277515703014,15.264055990747044,4.626261446624994,26.522695537656546,2,0,0.5714285714285714,True,True,20.116666666666667,50.0,True,50m
1208.0,3_satellites,50.0,3,0.4285714285714285,28.56992703962509,76.88708673312546,95.34701477589203,345.3477340217991,300.904332073924,-44.44340194787509,1.3661064904715334,15.225072211452892,13.85896572098136,3.130086950957775,27.462625492364168,2,0,0.5714285714285714,True,True,20.133333333333333,50.0,True,50m
1209.0,3_satellites,50.0,3,0.4285714285714285,38.22442643665143,71.00376045677332,95.31385952710916,348.7174740075632,304.29705503057045,-44.42041897699278,1.195584921964577,16.384029211742536,15.18844428977796,2.166492260992527,28.62732371687889,2,0,0.5714285714285714,True,True,20.15,50.0,True,50m
1210.0,3_satellites,50.0,3,0.4285714285714285,31.09025390906704,74.59233645846469,95.2807838657009,344.25980721856547,299.86228848519994,-44.39751873336553,0.7259862832725048,15.770159893802234,15.044173610529729,1.3089959546923635,27.672503139823675,2,0,0.5714285714285714,True,True,20.166666666666668,50.0,True,50m
1211.0,3_satellites,50.0,3,0.4285714285714285,30.063329008863924,77.40577423138902,95.24767846029874,343.5275413153188,299.1529504152017,-44.37459090011703,2.412278037518263,13.969713430851698,11.557435393333437,5.695526998490095,26.710979867726564,2,0,0.5714285714285714,True,True,20.183333333333334,50.0,True,50m
1212.0,3_satellites,50.0,3,0.4285714285714285,38.74591307023144,71.73560468361462,95.21449507616072,344.1838716840726,299.8322859843121,-44.351585699760506,1.2310534832733018,16.462923030235938,15.231869546962637,2.4574079401791096,28.06509418040514,2,0,0.5714285714285714,True,True,20.2,50.0,True,50m
1213.0,3_satellites,50.0,3,0.4285714285714285,38.36885396386689,67.94437190488334,95.18136353007884,345.1552473943918,300.82662038210907,-44.32862701228271,1.3653764346880572,15.339600800403527,14.124200246695962,2.6177799440920357,25.13075678050518,2,0,0.5714285714285714,True,True,20.216666666666665,50.0,True,50m
1214.0,3_satellites,50.0,3,0.4285714285714285,37.69313255677362,67.26473335112081,95.14822271184175,343.03402607743243,298.72836036147896,-44.30566571595347,0.6697715089789459,16.03950556633728,15.369734057358333,1.3439450673758984,26.939698077738285,2,0,0.5714285714285714,True,True,20.233333333333334,50.0,True,50m
1215.0,3_satellites,50.0,3,0.4285714285714285,25.11223622169561,115.85968541076652,95.11529958730836,311.58110869114205,267.2981461019777,-44.2829625891643,8.059684062110525,18.78511542081833,12.243316353963952,16.356594555079937,38.571325585246086,4,0,0.5714285714285714,True,True,20.25,50.0,True,50m
1216.0,3_satellites,50.0,3,0.4285714285714285,49.459882223195066,56.76765721518834,95.08185399744112,353.15299845881106,308.8933428568239,-44.25965560198716,1.6769174970686436,17.58004269855363,15.903125201484986,2.836584649980068,29.476473338902,2,0,0.5714285714285714,True,True,20.266666666666666,50.0,True,50m
1217.0,3_satellites,50.0,3,0.4285714285714285,34.96166471664155,72.38811937346168,95.04877634415934,342.32814825404404,298.0913756269288,-44.236772627115215,2.2632612261388982,16.95292103184121,14.689659805702313,4.263698350638151,29.060862343758345,2,0,0.5714285714285714,True,True,20.283333333333335,50.0,True,50m
1218.0,3_satellites,50.0,3,0.4285714285714285,27.43148023480181,84.87894173238195,95.01567786157938,332.3430094101485,288.1291435415335,-44.21386586861502,0.1393544407827513,16.14286703509944,16.003512594316685,0.3154731392860412,27.781638626009222,2,0,0.5714285714285714,True,True,20.3,50.0,True,50m
1219.0,3_satellites,50.0,3,0.4285714285714285,41.8526489246961,63.22166896064094,94.98241140805897,347.97345739856445,303.7826890788176,-44.19076831974684,1.5908026450446673,17.540536258369684,15.949733613325018,2.9257594645023346,30.28707066178322,2,0,0.5714285714285714,True,True,20.316666666666666,50.0,True,50m
1220.0,3_satellites,50.0,3,0.4285714285714285,48.381112558611,53.67904049671292,94.94920472913722,356.99291664002914,312.8251771597269,-44.16773948030226,1.789517166359084,16.54683099154915,14.757313825190067,3.3410706631839275,28.29497635737061,2,0,0.5714285714285714,True,True,20.333333333333332,50.0,True,50m
1221.0,3_satellites,50.0,3,0.4285714285714285,38.654955815160655,69.94106737150095,94.91608228756016,347.5964926954987,303.45167419695434,-44.14481849854434,0.654601261551891,16.51801953624402,15.863418274692126,1.6509169042110443,27.81478974968195,2,0,0.5714285714285714,True,True,20.35,50.0,True,50m
1222.0,3_satellites,50.0,3,0.4285714285714285,39.9233899263519,64.20806893087946,94.8828981193384,353.56264709777963,309.4408336337776,-44.12181346400206,1.4659056817846638,16.27281575916069,14.806910077376026,2.738220289349556,26.73876565694809,2,0,0.5714285714285714,True,True,20.366666666666667,50.0,True,50m
1223.0,3_satellites,50.0,3,0.4285714285714285,34.44767826383967,70.16771276655462,94.84974227194012,352.39579815284,308.2969478139485,-44.09885033889145,0.6766712181270123,16.362301367201976,15.685630149074964,1.5618692860007286,28.19205579161644,2,0,0.5714285714285714,True,True,20.383333333333333,50.0,True,50m
1224.0,3_satellites,50.0,3,0.375,48.395942314642745,37.41581112578865,70.24097074985154,368.8135533411957,343.7990399873785,-25.014513353817165,0.9822498359717428,16.754655243828893,15.77240540785715,1.8633347190916536,24.792874362319708,3,0,0.625,True,True,20.4,50.0,True,50m
1225.0,3_satellites,50.0,3,0.4285714285714285,36.5058067101186,70.70752618574771,94.78335629000672,360.7622041773736,316.70936208457204,-44.05284209280154,1.233650805162532,15.429725173860788,14.196074368698255,2.15417667850852,27.417120695114136,2,0,0.5714285714285714,True,True,20.416666666666668,50.0,True,50m
1226.0,3_satellites,50.0,3,0.4285714285714285,36.42644495682124,71.59954645709344,94.7501504964005,364.4569744091458,320.4271445544811,-44.02982985466468,1.030878325658185,17.099636793668783,16.068758468010596,2.038661539554596,29.12653869390488,2,0,0.5714285714285714,True,True,20.433333333333334,50.0,True,50m
1227.0,3_satellites,50.0,3,0.4285714285714285,40.69088058788513,66.26810657110158,94.71691935313102,371.0392244795386,327.0324384177417,-44.0067860617969,0.6235137267836502,15.493380034076315,14.869866307292666,1.672271303832531,26.56740872561932,2,0,0.5714285714285714,True,True,20.45,50.0,True,50m
1228.0,3_satellites,50.0,3,0.4285714285714285,36.43370235205031,68.84748940139559,94.68373167955096,372.4356861344637,328.4518953724743,-43.983790761989326,0.919912020542792,16.814472806773015,15.894560786230224,1.6734893396496773,28.415532931685448,2,0,0.5714285714285714,True,True,20.466666666666665,50.0,True,50m
1229.0,3_satellites,50.0,3,0.4285714285714285,48.59362064600111,53.50865172799621,94.65044865480324,389.0264173017983,345.0657287732153,-43.96068852858298,1.5145977240587984,17.59456824298416,16.07997051892536,3.122277397662401,30.39116320759058,2,0,0.5714285714285714,True,True,20.483333333333334,50.0,True,50m
1230.0,3_satellites,50.0,3,0.4285714285714285,41.46630094097587,62.804344840236375,94.61725658102304,387.39955410531786,343.4618547168959,-43.93769938842195,0.6159941112356526,16.423945323697158,15.807951212461504,1.080394558608532,27.8577165491879,2,0,0.5714285714285714,True,True,20.5,50.0,True,50m
1231.0,3_satellites,50.0,3,0.5,32.68410725040852,208.17332975931,219.12720772017624,376.5986310099885,237.69767646097768,-138.9009545490108,0.87975196292003,11.958264430363974,11.078512467443945,1.4950059652328491,25.466246888041496,1,0,0.5,True,True,20.516666666666666,50.0,True,50m
1232.0,3_satellites,50.0,3,0.4285714285714285,40.51733284395865,63.74698848443052,94.55077958560652,395.4511153716341,351.55949723676974,-43.89161813486436,0.6469671561249665,16.061209085264377,15.41424192913941,1.4643870890140531,26.92918125167489,2,0,0.5714285714285714,True,True,20.533333333333335,50.0,True,50m
1233.0,3_satellites,50.0,3,0.4285714285714285,45.71625345163184,56.662131620508994,94.51749907546534,403.61687561514185,359.7483442665134,-43.86853134862844,1.285030601280076,17.002421148121357,15.717390546841282,3.096039816737175,28.33524300903082,2,0,0.5714285714285714,True,True,20.55,50.0,True,50m
1234.0,3_satellites,50.0,3,0.4285714285714285,35.866123195450484,70.20576313969815,94.48428554329456,398.4408512013809,354.5953188778052,-43.845532323575696,0.5097105013472694,16.444542779454164,15.934832278106894,1.0772892870008943,27.92853443324566,2,0,0.5714285714285714,True,True,20.566666666666666,50.0,True,50m
1235.0,3_satellites,50.0,3,0.4285714285714285,41.24781871389793,63.38081056976591,94.45098709944575,410.3668267074013,366.54439602533296,-43.82243068206839,0.5536482238343784,16.60575481025236,16.05210658641798,1.0865296609699726,28.85021747648716,2,0,0.5714285714285714,True,True,20.583333333333332,50.0,True,50m
1236.0,3_satellites,50.0,3,0.4285714285714285,48.44921987677693,55.313092006795536,94.41766974594329,424.01954924621566,380.2202372670012,-43.79931197921451,1.44999597966671,17.147642801914895,15.697646822248188,3.079470932483673,29.295343585312366,2,0,0.5714285714285714,True,True,20.6,50.0,True,50m
1237.0,3_satellites,50.0,3,0.375,41.917037637932594,48.62380367332695,70.08349603725132,421.0976347992742,396.17426214550255,-24.92337265377165,1.4484238410368562,16.683239553123713,15.234815712086856,3.3464856296777725,26.173135992139574,3,0,0.625,True,True,20.616666666666667,50.0,True,50m
1238.0,3_satellites,50.0,3,0.4285714285714285,40.55654588235411,62.14622983373884,94.35113809582954,426.920125336686,383.1669300175822,-43.75319531910378,0.8653851885880742,16.442107506096363,15.576722317508288,1.989075157791376,27.46337578818202,2,0,0.5714285714285714,True,True,20.633333333333333,50.0,True,50m
1239.0,3_satellites,50.0,3,0.4285714285714285,47.18830037503109,56.29117503251305,94.31779980579968,437.8708861453678,394.1408237119725,-43.73006243339535,0.6407178938388824,16.75014469985451,16.109426806015627,1.2775407694280148,29.07073724642396,2,0,0.5714285714285714,True,True,20.65,50.0,True,50m
1240.0,3_satellites,50.0,3,0.4285714285714285,46.46911321904601,57.99424926168305,94.2844961573836,440.9769512260871,397.2699814003419,-43.70696982574515,2.1456837856343816,17.31732161130224,15.17292815127543,4.648331169039011,31.32716243714094,2,0,0.5714285714285714,True,True,20.666666666666668,50.0,True,50m
1241.0,3_satellites,50.0,3,0.4285714285714285,45.02073163028307,58.46253947385839,94.2511841638985,445.1415512009958,401.4576817643663,-43.68386943662955,1.239806605769055,16.456125073667085,15.266610876790114,2.4979739151895046,28.23080065846443,2,0,0.5714285714285714,True,True,20.683333333333334,50.0,True,50m
1242.0,3_satellites,50.0,3,0.4285714285714285,51.13352330012624,53.15986462284104,94.21782200063636,454.2326313615713,410.5719137768899,-43.66071758468138,1.784892774586167,16.650977495525563,15.073013305131878,4.322305344045162,26.667443931102756,2,0,0.5714285714285714,True,True,20.7,50.0,True,50m
1243.0,3_satellites,50.0,3,0.4285714285714285,56.14262885360145,45.3233892194294,94.18446188075455,467.2403193968382,423.6027544355733,-43.6375649612649,1.1707169083612303,16.94762451042022,15.776907602058987,1.9493107348680496,28.518242947757244,2,0,0.5714285714285714,True,True,20.716666666666665,50.0,True,50m
1244.0,3_satellites,50.0,3,0.4285714285714285,41.38484248631693,62.210374117752906,94.1511856621456,460.5402124362199,416.9256931173378,-43.61451931888212,1.700439625020538,16.931949563856637,15.231509938836098,4.054799683392048,27.44768385961652,2,0,0.5714285714285714,True,True,20.733333333333334,50.0,True,50m
1245.0,3_satellites,50.0,3,0.4285714285714285,41.22673118157591,63.96151392566954,94.11783038035156,466.537572868637,422.9461887491365,-43.5913841195005,1.1413070825593812,16.967531323965108,15.826224241405724,2.9534280970692635,28.09241573512554,2,0,0.5714285714285714,True,True,20.75,50.0,True,50m
1246.0,3_satellites,50.0,3,0.4285714285714285,40.68573322530234,62.14101089206453,94.08446746601857,475.14266626141534,431.5744280677688,-43.56823819364661,1.0846542284957,16.47039390408567,15.38573967558997,2.156570225954056,27.92086013779044,2,0,0.5714285714285714,True,True,20.766666666666666,50.0,True,50m
1247.0,3_satellites,50.0,3,0.4285714285714285,44.06472078947307,60.744397645219486,94.05107658647474,482.1365624018008,438.5914943787869,-43.54506802301387,2.182569118482726,15.687978378896204,14.701823656580276,4.515725947916508,27.824831001460552,2,0,0.5714285714285714,True,True,20.783333333333335,50.0,True,50m
1248.0,3_satellites,50.0,3,0.4285714285714285,47.82314356661782,56.96363068039473,94.01766360122365,492.746995941358,449.2251183664264,-43.52187757493164,1.5099714760269438,17.10299869786416,15.593027221837216,4.016179367899895,27.815262399613857,2,0,0.5714285714285714,True,True,20.8,50.0,True,50m
1249.0,3_satellites,50.0,3,0.4285714285714285,46.865637563595705,57.40089795320408,93.98427097362318,500.5137706370382,457.01506006867896,-43.49871056835923,1.045508962124586,16.600418198321545,15.55490923619696,2.645926713943481,27.44007422402501,2,0,0.5714285714285714,True,True,20.816666666666666,50.0,True,50m
1250.0,3_satellites,50.0,3,0.4285714285714285,49.91220527538758,53.54941732115282,93.9508492230856,508.9714915460384,465.4959793050802,-43.47551224095821,1.5580298198120934,16.873886425048113,15.31585660523602,3.5898531302809715,27.957581035792828,2,0,0.5714285714285714,True,True,20.833333333333332,50.0,True,50m
1251.0,3_satellites,50.0,3,0.4285714285714285,50.99293933014882,52.18691587156537,93.9174281088455,515.4769197179122,472.0246012980221,-43.452318419890105,1.515356194227934,17.297670180244104,15.782313986016172,3.3535469360649586,28.576145261526108,2,0,0.5714285714285714,True,True,20.85,50.0,True,50m
1252.0,3_satellites,50.0,3,0.4285714285714285,44.59735237016498,60.79405705203833,93.88403625840373,517.4017636187734,473.9726001094968,-43.42916350927664,0.9765524470380376,16.32279152636017,15.346239079322132,1.7429367266595364,27.340642038732767,2,0,0.5714285714285714,True,True,20.866666666666667,50.0,True,50m
1253.0,3_satellites,50.0,3,0.4285714285714285,65.04130246187586,36.92198727881568,93.85049472386416,542.8302024995738,499.4243666311806,-43.40583586839324,3.316492657044104,19.46649509029729,16.150002433253185,6.445627953857184,33.05807390809059,3,0,0.5714285714285714,True,True,20.883333333333333,50.0,True,50m
1254.0,3_satellites,50.0,3,0.4285714285714285,42.79332603776195,60.0611368957199,93.81716177017644,529.3168451384987,485.93409195434106,-43.38275318415765,1.5011097831385476,17.06675477751664,15.56564499437809,2.7638104520738125,29.607123732566837,2,0,0.5714285714285714,True,True,20.9,50.0,True,50m
1255.0,3_satellites,50.0,3,0.4285714285714285,43.82911323918457,57.46755065751403,93.78371240824404,538.8666627187874,495.5071299717017,-43.35953274708572,1.478685846818345,16.58220599591732,15.103520149098976,3.050978731364012,27.55189983546734,2,0,0.5714285714285714,True,True,20.916666666666668,50.0,True,50m
1256.0,3_satellites,50.0,3,0.4285714285714285,51.88243838464619,50.60998836756698,93.75020781565428,548.8783027614372,505.5420426675466,-43.33626009389059,0.8760739053998675,16.05561935422676,15.179545448826891,1.5639757066965103,26.829773232340813,2,0,0.5714285714285714,True,True,20.933333333333334,50.0,True,50m
1257.0,3_satellites,50.0,3,0.4285714285714285,46.82813077950309,57.28386855616121,93.71675273383116,547.7408505766915,504.4277999973955,-43.31305057929603,1.7714348653597491,17.35469666229827,15.58326179693852,3.9402762092649937,29.31566490605473,2,0,0.5714285714285714,True,True,20.95,50.0,True,50m
1258.0,3_satellites,50.0,3,0.4285714285714285,77.70976729105136,22.81209124785885,93.68313499072296,579.6378778595159,536.3482368894621,-43.289640970053824,3.1182725120868,18.757095847278837,15.638823335192033,7.727763392031193,30.108068961650133,3,0,0.5714285714285714,True,True,20.966666666666665,50.0,True,50m
1259.0,3_satellites,50.0,3,0.375,39.582074921679386,45.46598235240918,69.81347212068877,553.0470346004437,528.2804902968255,-24.76654430361816,1.2559761349111795,17.34698570193723,16.09100956702605,2.987452693283558,26.071570191532373,3,0,0.625,True,True,20.983333333333334,50.0,True,50m
1260.0,3_satellites,50.0,3,0.375,52.59712592687458,39.95184345154614,69.8010630688968,567.7160567857773,542.9567575472788,-24.759299238498443,2.3899374678730965,16.742942632641643,14.353005164768549,3.9800212644040585,24.796806685626507,2,0,0.625,True,True,21.0,50.0,True,50m
1261.0,3_satellites,50.0,3,0.375,63.90599675117734,30.69677637855864,69.78863647752226,584.9510341468559,560.198996248501,-24.75203789835496,2.595516617409885,17.922652762848884,15.327136145439,5.314937997609377,26.254821117967367,3,0,0.625,True,True,21.016666666666666,50.0,True,50m
1262.0,3_satellites,50.0,3,0.375,51.82562632724416,36.59088497320472,69.77627250212065,582.76601266625,558.0211518062841,-24.74486085996591,1.68376010004431,17.54193977545947,15.858179675415158,3.1128002256155014,26.306731835007668,3,0,0.625,True,True,21.033333333333335,50.0,True,50m
1263.0,3_satellites,50.0,3,0.375,60.26048487540292,32.02252616409616,69.76384428278813,597.7387246338337,573.0011192486548,-24.73760538517888,2.545988870318979,17.851016563363373,15.305027693044394,5.396410424262285,26.570026129484177,5,0,0.625,True,True,21.05,50.0,True,50m
1264.0,3_satellites,50.0,3,0.375,52.877654592083125,35.66867044151437,69.7514452324813,605.506651026399,580.7762551688467,-24.730395857552367,2.6505070896819234,18.308063722215596,15.65755663253367,5.695463821291924,27.153821520507336,3,0,0.625,True,True,21.066666666666666,50.0,True,50m
1265.0,3_satellites,50.0,3,0.4285714285714285,55.5598183594192,26.581890391301084,59.46084399643871,617.2978240268598,596.8408318754174,-20.456992151442364,1.2658472758318695,16.411559909049952,15.145712633218084,2.4779736511409283,23.970591388642788,3,0,0.5714285714285714,True,True,21.083333333333332,50.0,True,50m
1266.0,3_satellites,50.0,3,0.375,63.898796097472655,29.667549930805748,69.72656398041454,631.32840314753,606.6125283138081,-24.715874833721955,2.8793483641929924,17.636170362588018,14.756821998395026,6.143829815089703,27.84915652498603,4,0,0.625,True,True,21.1,50.0,True,50m
1267.0,3_satellites,50.0,3,0.375,64.31164513110332,31.310245637968837,69.71411553122155,641.0138699042267,616.3052510458187,-24.70861885840793,3.908858110196888,19.03264721110463,15.123789100907745,6.114868082106113,27.84622099250555,4,0,0.625,True,True,21.116666666666667,50.0,True,50m
1268.0,3_satellites,50.0,3,0.375,64.43443395973415,30.20611983908407,69.701667217463,653.3755061579899,628.67414556026,-24.701360597729945,2.640186721459031,18.23955623107031,15.59936950961128,4.010797426104546,26.85656565055251,4,0,0.625,True,True,21.133333333333333,50.0,True,50m
1269.0,3_satellites,50.0,3,0.375,57.25042531261542,31.234467102313555,69.68923190555417,658.6148850995419,633.9207626990194,-24.694122400522478,0.5784568316303194,16.59501273650676,16.01655590487644,1.0197832770645618,27.01153690367937,3,0,0.625,True,True,21.15,50.0,True,50m
1270.0,3_satellites,50.0,3,0.375,60.71586248641288,33.134427057266265,69.67675341209431,672.1164299206499,647.4295887124044,-24.68684120824548,2.715200970415026,18.608788256067783,15.893587285652757,6.159618884325028,29.0065447203815,3,0,0.625,True,True,21.166666666666668,50.0,True,50m
1271.0,3_satellites,50.0,3,0.375,49.792543177275256,37.79323183506109,69.66431134393521,673.2894743703356,648.6098702174011,-24.67960415293453,1.0709590096957982,16.373434672597796,15.302475662901998,1.8519804440438747,24.32294663786888,3,0,0.625,True,True,21.183333333333334,50.0,True,50m
1272.0,3_satellites,50.0,3,0.375,58.9439233332643,30.90304311457326,69.65180196541192,688.2620275571982,663.5897400616522,-24.672287495546016,1.3806692343205214,17.146998347248882,15.76632911292836,2.9791503064334397,26.691429786384106,3,0,0.625,True,True,21.2,50.0,True,50m
1273.0,3_satellites,50.0,3,0.375,63.52873093516496,33.08550488872539,69.63929942664561,699.6485156883408,674.9835282079574,-24.664987480383388,1.9607226881198585,17.846936190966517,15.886213502846658,4.621645912528038,27.47029235586524,3,0,0.625,True,True,21.216666666666665,50.0,True,50m
1274.0,3_satellites,50.0,3,0.375,56.57704288214914,34.851108740161614,69.62681437153084,705.0136475296035,680.3559338024464,-24.657713727157105,1.9601493636146188,17.82344752829522,15.8632981646806,3.4720055237412453,26.06279670447111,3,0,0.625,True,True,21.233333333333334,50.0,True,50m
1275.0,3_satellites,50.0,3,0.375,56.29576384170587,33.89929900497281,69.61430652472153,713.3784216217982,688.7280079271745,-24.65041369462369,2.4903405751101677,17.049927949905396,14.559587374795228,4.520252283662558,24.280777797102928,3,0,0.625,True,True,21.25,50.0,True,50m
1276.0,3_satellites,50.0,3,0.375,60.36415351497893,32.624405441650985,69.60178274603257,724.9295488962272,700.28645249077,-24.643096405457182,1.2183468649163842,16.52397928899154,15.305632424075156,2.604846779257059,24.40888062492013,3,0,0.625,True,True,21.266666666666666,50.0,True,50m
1277.0,3_satellites,50.0,3,0.375,67.36578871223422,28.979022838035878,69.58923374639768,736.360069734592,711.7243140595417,-24.63575567505029,3.00895182415843,18.64437573589385,15.635423911735415,5.872068624943495,28.722987171262503,5,0,0.625,True,True,21.283333333333335,50.0,True,50m
1278.0,3_satellites,50.0,3,0.375,56.18373853525512,31.15971787777864,69.5767308399528,732.8474139316612,708.218939168157,-24.628474763504187,1.58069398580119,17.205827686470002,15.625133700668812,4.021233718842268,25.23918253183365,4,0,0.625,True,True,21.3,50.0,True,50m
1279.0,3_satellites,50.0,3,0.375,64.51306943347863,31.681617149227662,69.56417088072075,744.4596405934097,719.8385128589622,-24.621127734447555,2.6670144125819206,16.813359912484884,14.146345499902964,4.638398468494415,24.984456427395344,2,0,0.625,True,True,21.316666666666666,50.0,True,50m
1280.0,3_satellites,50.0,3,0.375,58.39486139238965,32.16076467774805,69.55163515907991,745.0354275403345,720.4216114577056,-24.613816082628887,2.1775090410374105,17.790675178170204,15.613166137132794,4.701747592538595,27.026799581944942,4,0,0.625,True,True,21.333333333333332,50.0,True,50m
1281.0,3_satellites,50.0,3,0.375,57.01058859522285,32.61428026947586,69.53908086341302,748.8255049673377,724.219020474361,-24.606484492976733,1.0503450697287915,17.305079167708755,16.254734097979963,2.796150665730238,26.70438642054796,3,0,0.625,True,True,21.35,50.0,True,50m
1282.0,3_satellites,50.0,3,0.375,60.694084006133046,29.693376127933742,69.52650086521426,758.0118888197985,733.4127627027111,-24.599126117087398,1.884388298261911,17.73092868551612,15.846540387254208,4.264377001672983,25.77033305168152,5,0,0.625,True,True,21.366666666666667,50.0,True,50m
1283.0,3_satellites,50.0,3,0.375,56.80914911389697,31.799379017222517,69.5139411258423,760.9810962659842,736.3893011428725,-24.59179512311175,1.1887768716551363,16.87169172335416,15.682914851699024,3.308868743479252,26.16313881054521,3,0,0.625,True,True,21.383333333333333,50.0,True,50m
1284.0,3_satellites,50.0,3,0.375,62.67993200365736,29.36183106134515,69.50134221391752,772.8514124707406,748.2669919728557,-24.58442049788482,1.8368695378303528,17.1078709657304,15.271001427900046,4.885651990771294,27.74047322198749,3,0,0.625,True,True,21.4,50.0,True,50m
1285.0,3_satellites,50.0,3,0.375,59.52374089849465,30.631978223361628,69.48875087029872,776.0822976683489,751.5052320719789,-24.577065596370065,2.668584622908384,19.11049449816346,16.441909875255078,5.013124518096447,30.188160743564367,4,0,0.625,True,True,21.416666666666668,50.0,True,50m
1286.0,3_satellites,50.0,3,0.375,61.402565926460575,31.537943710713677,69.47614842777692,782.4548240415953,757.8851286104593,-24.569695431135983,2.6755516519770026,18.30097644403577,15.625424792058766,4.613936062902212,26.589159179478884,4,0,0.625,True,True,21.433333333333334,50.0,True,50m
1287.0,3_satellites,50.0,3,0.375,59.406973664457645,33.81640480137675,69.46354756797659,785.5770732150605,761.014741577715,-24.56233163734555,2.705955690238625,17.99347364436835,15.287517954129726,5.72999606654048,28.58646070957184,3,0,0.625,True,True,21.45,50.0,True,50m
1288.0,3_satellites,50.0,3,0.375,61.01094121690644,30.06759028647101,69.45092282676667,791.593927780027,767.0389853386649,-24.554942441362076,2.181357828900218,18.626408175565302,16.445050346665084,3.7994782142341137,27.938637875020504,3,0,0.625,True,True,21.466666666666665,50.0,True,50m
1289.0,3_satellites,50.0,3,0.375,62.2656522137374,29.87430463166967,69.43829644038104,797.229479141109,772.6819245806328,-24.54755456047621,1.8516214191913605,17.627143560908735,15.775522141717374,4.047493655234575,26.905044499784708,3,0,0.625,True,True,21.483333333333334,50.0,True,50m
1290.0,3_satellites,50.0,3,0.375,61.87108265398562,30.903626081611403,69.4256616713503,801.7309889565487,777.1908254854402,-24.540163471108485,2.000000956468284,17.704312272835523,15.70431131636724,3.77960991486907,26.63770005106926,3,0,0.625,True,True,21.5,50.0,True,50m
1291.0,3_satellites,50.0,3,0.375,64.80322498517538,25.48469905410893,69.41300892939668,810.8963417387257,786.3635907112736,-24.53275102745215,1.4441508390009403,17.695718600880355,16.251567761879414,2.747329458594322,26.192380908876657,3,0,0.625,True,True,21.516666666666666,50.0,True,50m
1292.0,3_satellites,50.0,3,0.375,61.87420288658187,30.57085778940725,69.40036695264733,808.4683695818284,783.9430088503783,-24.525360731450064,2.5194465960375965,17.774563550017774,15.255116953980178,4.568934328854084,27.20886503905058,4,0,0.625,True,True,21.533333333333335,50.0,True,50m
1293.0,3_satellites,50.0,3,0.375,59.59036312346291,33.83253812784452,69.38771462452914,808.4516747555406,783.933714207374,-24.51796054816657,3.633246057201177,17.596169196534902,13.962923139333723,7.814879886806011,30.67457615584135,4,0,0.625,True,True,21.55,50.0,True,50m
1294.0,3_satellites,50.0,3,0.375,64.53802380514624,28.01569855712813,69.37503136650157,818.1631546882039,793.6526318392523,-24.51052284895161,2.1163225681521,17.140828972682357,15.024506404530255,4.728543754667044,27.58877108991146,3,0,0.625,True,True,21.566666666666666,50.0,True,50m
1295.0,3_satellites,50.0,3,0.375,60.56630058221452,32.051256247460415,69.36236892866849,814.8126806267325,790.3095624513007,-24.503118175431723,1.9406107235699888,16.55824197921902,14.61763125564903,3.3443766199052334,26.20513066276908,3,0,0.625,True,True,21.583333333333332,50.0,True,50m
1296.0,3_satellites,50.0,3,0.375,60.72216461129463,29.59702139595282,69.349679235869,817.5862688504219,793.0905844262919,-24.49568442412999,2.111613200511784,16.91198869794607,14.800375497434288,3.4213275723159318,25.819991029798985,3,0,0.625,True,True,21.6,50.0,True,50m
1297.0,3_satellites,50.0,3,0.375,65.43314826657137,24.617947256580745,69.33696843855165,822.9395393817929,798.4513117663744,-24.48822761541851,1.657192672137171,18.087365585844964,16.430172913707793,3.25824361294508,28.00745525583625,3,0,0.625,True,True,21.616666666666667,50.0,True,50m
1298.0,3_satellites,50.0,3,0.375,62.33918985794303,29.347470284115264,69.32427580648206,818.1472709770018,793.666470586624,-24.480800390377794,1.402842947281897,17.834874916821718,16.43203196953982,2.552817016839981,26.829694747924805,3,0,0.625,True,True,21.633333333333333,50.0,True,50m
1299.0,3_satellites,50.0,3,0.375,66.25954554948099,28.2184575599034,69.31155360659687,821.8659628257396,797.3926239808309,-24.473338844908767,2.295512581244111,18.752018922939897,16.456506341695786,3.744737211614847,29.926889784634117,4,0,0.625,True,True,21.65,50.0,True,50m
1300.0,3_satellites,50.0,3,0.375,59.62124271493716,31.38965955804291,69.29885313130562,815.8325443400107,791.3666354417282,-24.465908898282464,1.4139459966681898,17.366195834241807,15.952249837573618,3.059465859085321,25.491983238607645,3,0,0.625,True,True,21.666666666666668,50.0,True,50m
1301.0,3_satellites,50.0,3,0.375,64.53855565681368,27.55280758892692,69.28611061141177,819.297037091455,794.8386079018911,-24.458429189563844,1.7094975365325809,17.55075800884515,15.84126047231257,4.592845220118761,25.686186239123344,5,0,0.625,True,True,21.683333333333334,50.0,True,50m
1302.0,3_satellites,50.0,3,0.375,64.76681777791534,31.44006455915282,69.27337685979876,817.8015485559253,793.3505815075614,-24.45096704836385,2.739456887356937,17.14430744946003,14.404850562103093,5.175904456526041,28.04029463231564,3,0,0.625,True,True,21.7,50.0,True,50m
1303.0,3_satellites,50.0,3,0.375,65.51262971013352,27.62328682179845,69.2606273623755,820.3555109088915,795.912023557523,-24.443487351368503,1.1861611460335553,17.465149939991534,16.27898879395798,3.4066587053239346,26.352014169096947,3,0,0.625,True,True,21.716666666666665,50.0,True,50m
1304.0,3_satellites,50.0,3,0.375,58.17299656069509,32.32293307966592,69.24789281482623,813.8341204486353,789.3980860951849,-24.436034353450395,2.754054103512317,17.040690348483622,14.286636244971303,4.466693837195635,26.78684222698212,4,0,0.625,True,True,21.733333333333334,50.0,True,50m
1305.0,3_satellites,50.0,3,0.375,63.40881964704014,28.932516919978152,69.2351149087724,818.0780105527771,793.6494815902788,-24.428528962498262,1.5205845274031162,17.983300673775375,16.46271614637226,3.3618315495550632,28.02138812839985,4,0,0.625,True,True,21.75,50.0,True,50m
1306.0,3_satellites,50.0,3,0.375,61.32953288392719,28.252488012355776,69.22235176573659,817.3579329278181,792.9368880923547,-24.421044835463363,1.1642623650841415,17.198949654120952,16.03468728903681,3.247809551656246,26.395639967173334,3,0,0.625,True,True,21.766666666666666,50.0,True,50m
1307.0,3_satellites,50.0,3,0.375,66.86339941369206,28.276210009048665,69.20955815607466,818.133766532055,793.7202370098428,-24.41352952221223,1.554483319632709,17.62526537757367,16.07078205794096,3.981448955833912,26.84837019816041,3,0,0.625,True,True,21.783333333333335,50.0,True,50m
1308.0,3_satellites,50.0,3,0.375,57.949368761546936,29.60626308528741,69.1967915077046,806.9645425506241,782.558489854831,-24.40605269579305,0.9401635192334652,17.40597481559962,16.465811296366155,1.6111960038542747,27.044402703642845,3,0,0.625,True,True,21.8,50.0,True,50m
1309.0,3_satellites,50.0,3,0.375,66.89655850098579,25.706934331206657,69.18397267255759,811.4056171521414,787.0071049631636,-24.39851218897786,1.4938072329387069,17.593983538914472,16.100176305975765,3.927686162292957,25.8582776337862,4,0,0.625,True,True,21.816666666666666,50.0,True,50m
1310.0,3_satellites,50.0,3,0.375,70.36554249679826,26.17547640435147,69.17115602840018,810.0673310870234,785.6763484503124,-24.390982636710987,2.71484320377931,19.07989903027192,16.365055826492608,5.279428772628307,28.147843569517136,5,0,0.625,True,True,21.833333333333332,50.0,True,50m
1311.0,3_satellites,50.0,3,0.375,59.42599929136237,30.27443385223292,69.15837789366506,797.7471049075853,773.3636026180585,-24.383502289526746,0.7148449723608792,16.98825542582199,16.27341045346111,1.1116606146097183,26.28505800664425,3,0,0.625,True,True,21.85,50.0,True,50m
1312.0,3_satellites,50.0,3,0.375,58.85562597374305,27.73908253034356,69.14555617130446,794.4629704065019,770.0869988031116,-24.37597160339033,0.5276720221154392,16.37034630170092,15.84267427958548,1.2942293621599674,25.52975581586361,3,0,0.625,True,True,21.866666666666667,50.0,True,50m
1313.0,3_satellites,50.0,3,0.375,63.3930627420856,26.197552556344352,69.13271226010187,792.1865722110039,767.8181523470536,-24.36841986395029,2.3859875346533954,17.540002083871514,15.154014549218118,4.044088572263718,26.913978938013315,3,0,0.625,True,True,21.883333333333333,50.0,True,50m
1314.0,3_satellites,50.0,3,0.375,63.5634661632736,28.631559262209343,69.11987666286292,786.2310366688923,761.8701545127868,-24.360882156105504,1.5423303912393749,17.799645835068077,16.257315443828702,3.627207670360804,26.49758292734623,3,0,0.625,True,True,21.9,50.0,True,50m
1315.0,3_satellites,50.0,3,0.375,64.31202783624852,27.07533830587584,69.10702659190332,782.3751108786719,758.0217811657114,-24.35332971296043,1.6710864990018308,17.54313004342839,15.87204354442656,3.032033964991569,25.902894385159016,3,0,0.625,True,True,21.916666666666668,50.0,True,50m
1316.0,3_satellites,50.0,3,0.375,70.97011108258587,26.777737071002523,69.09415503371066,782.1642736317203,757.8185192578499,-24.34575437387048,1.856609158217907,18.24742857180536,16.39081941358745,4.195008207112551,27.3798404969275,3,0,0.625,True,True,21.933333333333334,50.0,True,50m
1317.0,3_satellites,50.0,3,0.375,64.99433385989317,27.8404599493185,69.08130778386534,771.8165703091558,747.4783552647766,-24.33821504437924,1.4930569124408066,17.888323003891855,16.39526609145105,3.7163878865540023,27.05702705681324,3,0,0.625,True,True,21.95,50.0,True,50m
1318.0,3_satellites,50.0,3,0.375,60.49113424250014,33.90416928566545,69.06845487467723,761.1094226278457,736.778750982955,-24.330671644890685,1.834644662681967,16.337992255110294,14.503347592428328,3.674464996904135,26.54676490277052,3,0,0.625,True,True,21.966666666666665,50.0,True,50m
1319.0,3_satellites,50.0,3,0.375,73.33298262407182,27.96572998115717,69.05553202054443,763.3414010496791,739.0183544709813,-24.323046578697813,2.140863317064941,18.617958767339587,16.477095450274646,3.746825754642487,27.70903036370873,4,0,0.625,True,True,21.983333333333334,50.0,True,50m
1320.0,3_satellites,50.0,3,0.4285714285714285,50.69117525986342,47.97721748212288,91.59590092845312,739.4857722234769,697.6468456712438,-41.83892655223315,0.8142130518598216,16.86056180138673,16.04634874952691,1.436497863382101,28.647680349648,2,0,0.5714285714285714,True,True,22.0,50.0,True,50m
1321.0,3_satellites,50.0,3,0.375,76.10572318038973,26.144520724706474,69.02973875407075,751.142481209178,726.8346107371127,-24.307870472065247,1.4024694771505892,17.88160646893084,16.47913699178025,2.37295188754797,27.5558739900589,3,0,0.625,True,True,22.016666666666666,50.0,True,50m
1322.0,3_satellites,50.0,3,0.375,66.80636050888201,24.852241329437504,69.01685550164173,736.4657393881922,712.1654319863164,-24.300307401875784,1.83584418008104,17.12910102820024,15.2932568481192,3.017389602959156,25.89158485457301,3,0,0.625,True,True,22.033333333333335,50.0,True,50m
1323.0,3_satellites,50.0,3,0.375,73.36739624625393,23.049516838087744,69.0039233056302,735.6220685486988,711.3293838529553,-24.29268469574356,2.084817265160382,16.776258321944624,14.691441056784242,4.302937213331461,25.093935001641512,5,0,0.625,True,True,22.05,50.0,True,50m
1324.0,3_satellites,50.0,3,0.375,66.01325133758148,31.24271050308608,68.99102025392125,722.5737166367666,698.2886072342402,-24.28510940252636,2.421130925882608,17.176145617384464,14.755014691501856,4.825013540685177,27.700135938823223,3,0,0.625,True,True,22.066666666666666,50.0,True,50m
1325.0,3_satellites,50.0,3,0.4285714285714285,61.91913122120037,38.82165689217325,91.42652563942076,716.55522611772,674.8342202747722,-41.72100584294788,1.019020096531936,16.042865441845997,15.02384534531406,2.174096766859293,27.41355560719967,2,0,0.5714285714285714,True,True,22.083333333333332,50.0,True,50m
1326.0,3_satellites,50.0,3,0.4285714285714285,80.84688134874501,21.16679578369432,91.3925541692134,724.4458548105076,682.748541068641,-41.69731374186665,3.230409807392529,16.06074622645974,13.686630905206714,5.537398517131805,24.70723184943199,2,0,0.5714285714285714,True,True,22.1,50.0,True,50m
1327.0,3_satellites,50.0,3,0.4285714285714285,64.65980108786731,37.89037422122864,91.35872503023091,706.8855488119517,665.2117520538923,-41.67379675805944,1.2785715822662629,17.100747145712376,15.822175563446113,2.990727234631777,28.27140422165394,2,0,0.5714285714285714,True,True,22.116666666666667,50.0,True,50m
1328.0,3_satellites,50.0,3,0.4285714285714285,59.99571365175981,39.75105243388855,91.32484949716664,697.3170995624042,655.6668819220353,-41.650217640368965,1.3682594943259443,16.369083469467505,15.00082397514156,2.099451143294573,27.33104140684009,2,0,0.5714285714285714,True,True,22.133333333333333,50.0,True,50m
1329.0,3_satellites,50.0,3,0.4285714285714285,56.650229118470286,42.31483362234892,91.29095620618668,689.9034885202784,648.2768646519833,-41.62662386829516,1.1055278123489447,16.206511043012142,15.100983230663198,2.2649611979722977,28.06896731629968,2,0,0.5714285714285714,True,True,22.15,50.0,True,50m
1330.0,3_satellites,50.0,3,0.4285714285714285,59.69863296338138,38.40902043244322,91.25703980768104,687.3515794128854,645.7485808189058,-41.60299859397958,1.706403762102127,16.849223440779106,15.14281967867698,3.745766829699278,27.35734437406063,2,0,0.5714285714285714,True,True,22.166666666666668,50.0,True,50m
1331.0,3_satellites,50.0,3,0.4285714285714285,69.78825825818853,29.76809474147409,91.2230668964654,688.1219203353847,646.5426004491356,-41.579319886249095,2.211597232946328,15.658606816083193,13.447009583136865,4.807061120867729,26.125963896512985,2,0,0.5714285714285714,True,True,22.183333333333334,50.0,True,50m
1332.0,3_satellites,50.0,3,0.375,77.0337965659725,30.590132249626095,68.887272467819,687.900278213364,663.6763054913529,-24.223972722011126,3.766829838044941,18.228255136869848,14.461425298824906,7.817112218588591,30.69585770741105,3,0,0.625,True,True,22.2,50.0,True,50m
1333.0,3_satellites,50.0,3,0.4285714285714285,59.39154606236343,38.58853166548055,91.15527112452304,671.2896605820623,629.7575340454642,-41.53212653659807,0.7644277470452445,16.760403275489807,15.995975528444562,1.769297793507576,28.50283435359597,2,0,0.5714285714285714,True,True,22.216666666666665,50.0,True,50m
1334.0,3_satellites,50.0,3,0.4285714285714285,69.69982634151027,28.649244192817555,91.12128906089032,673.4017781421014,631.8933408826014,-41.508437259500056,2.3059943025665626,17.509499157113687,15.203504854547123,4.8599482253193855,29.53448735550046,2,0,0.5714285714285714,True,True,22.233333333333334,50.0,True,50m
1335.0,3_satellites,50.0,3,0.4285714285714285,69.30810956171818,29.76008061639527,91.08736130276546,667.0058317488129,625.5210237555817,-41.48480799323113,0.7882295224283423,16.799992371350527,16.011762848922185,1.520599290728569,28.971402559429407,2,0,0.5714285714285714,True,True,22.25,50.0,True,50m
1336.0,3_satellites,50.0,3,0.4285714285714285,72.2412042790743,26.91481523348715,91.05341186667091,665.3667107444446,623.9055552158187,-41.46115552862591,1.6850893327168055,16.36299687783633,14.677907545119524,2.517449487000704,26.95918909460306,2,0,0.5714285714285714,True,True,22.266666666666666,50.0,True,50m
1337.0,3_satellites,50.0,3,0.4285714285714285,67.86610156243417,28.23029448456856,91.0194985692699,658.1351233835388,616.6975822580673,-41.43754112547151,1.0217070345367705,17.184592981423652,16.16288594688688,2.4165935069322586,28.83084106817841,2,0,0.5714285714285714,True,True,22.283333333333335,50.0,True,50m
1338.0,3_satellites,50.0,3,0.4285714285714285,65.61307976084382,32.422027527273805,90.98555896015748,652.408483206483,610.9945773263399,-41.41390588014304,0.7913866239999022,16.775084686066425,15.98369806206652,1.6982414275407791,28.232611816376448,2,0,0.5714285714285714,True,True,22.3,50.0,True,50m
1339.0,3_satellites,50.0,3,0.4285714285714285,68.04476036306468,32.10597509908173,90.95159088611184,647.7062844070172,606.3160446683543,-41.3902397386629,0.4526014136416571,16.85740410323654,16.40480268959488,1.0763157531619072,28.78069046512246,2,0,0.5714285714285714,True,True,22.316666666666666,50.0,True,50m
1340.0,3_satellites,50.0,3,0.4285714285714285,69.05918500291556,28.81434725780665,90.91763677893994,642.6190390973603,601.2524567218553,-41.36658237550501,1.1269390540463584,16.671974274728978,15.54503522068262,2.0677848048508167,28.687302745878696,2,0,0.5714285714285714,True,True,22.333333333333332,50.0,True,50m
1341.0,3_satellites,50.0,3,0.4285714285714285,67.21959757417497,30.721164418980344,90.88369457449616,637.11728608634,595.7743464176839,-41.34293966865607,0.5518978248749461,16.216962009136164,15.66506418426122,1.006188504397869,27.517050348222256,2,0,0.5714285714285714,True,True,22.35,50.0,True,50m
1342.0,3_satellites,50.0,3,0.375,76.95469192985944,26.87900647034841,68.7568795909144,639.9895605249217,615.8425242367136,-24.147036288208028,2.2024173005484045,17.26902943663299,15.066612136084586,4.082784947007895,26.96587674692273,4,0,0.625,True,True,22.366666666666667,50.0,True,50m
1343.0,3_satellites,50.0,3,0.4285714285714285,69.987581717239,28.766855927478566,90.81576286969144,633.9079502326948,592.6123458290103,-41.29560440368448,1.564944338053465,16.775069833334005,15.550709703138896,3.4878818914294243,28.05735016986728,2,0,0.5714285714285714,True,True,22.383333333333333,50.0,True,50m
1344.0,3_satellites,50.0,3,0.4285714285714285,68.63640052026035,29.10168690590668,90.78179939251238,631.028691119473,589.7567494172481,-41.27194170222492,1.5604942212147372,17.94756545126438,16.387071230049646,2.6988207511603832,30.293824199587107,2,0,0.5714285714285714,True,True,22.4,50.0,True,50m
1345.0,3_satellites,50.0,3,0.4285714285714285,73.20124754066174,23.90604673629144,90.74782367314072,631.6997392003223,590.4514824655622,-41.24825673476005,0.8003377153405121,16.333908786731108,15.533571071390597,1.8371485732495785,27.327633380889893,2,0,0.5714285714285714,True,True,22.416666666666668,50.0,True,50m
1346.0,3_satellites,50.0,3,0.4285714285714285,67.66261676797812,30.94325514110439,90.7138694893541,624.3286901578304,583.1040810809448,-41.2246090768856,1.3829104698130064,16.35230626538396,14.969395795570952,1.9204877577722077,27.23790082708001,2,0,0.5714285714285714,True,True,22.433333333333334,50.0,True,50m
1347.0,3_satellites,50.0,3,0.5,66.06835163067515,150.1327647570322,206.7544338530431,618.9771339207525,489.1785888931016,-129.7985450276509,2.139500784377257,12.507466526081163,10.367965741703909,3.304210845381021,25.40106252580881,1,0,0.5,True,True,22.45,50.0,True,50m
1348.0,3_satellites,50.0,3,0.375,89.05500297224471,26.816231572046423,68.67820564129421,638.8637483873968,614.7632307773691,-24.100517610027623,3.407850176561624,18.293283315375447,14.885433138813823,5.790636200457811,29.923415269702677,5,0,0.625,True,True,22.466666666666665,50.0,True,50m
1349.0,3_satellites,50.0,3,0.5,76.84995665777772,138.80818585487324,206.51910115066644,625.3198740171608,495.69506786295136,-129.62480615420947,2.28941254876554,11.010140420868993,8.720727872103453,4.200014550238848,22.9747222289443,1,0,0.5,True,True,22.483333333333334,50.0,True,50m
1350.0,3_satellites,50.0,3,0.4285714285714285,69.57965374816665,29.102519679554455,90.57800866156374,619.0031406424459,577.873212845938,-41.1299277965079,0.9659750328532288,17.4167112936931,16.45073626083987,2.332041852176189,29.49626925960183,2,0,0.5714285714285714,True,True,22.5,50.0,True,50m
1351.0,3_satellites,50.0,3,0.4285714285714285,69.94839602599338,25.783902245575227,90.54406209208028,617.077846662481,575.9715788067562,-41.10626785572481,0.2636769126568521,16.578643953693764,16.314967041036912,0.5515932738780975,28.701534897089005,2,0,0.5714285714285714,True,True,22.516666666666666,50.0,True,50m
1352.0,3_satellites,50.0,3,0.375,61.45437447268991,24.71539599189122,68.62570117652659,606.4149961152,582.3454810167868,-24.06951509841315,2.8413114212453365,15.805486691184342,13.26547216810286,6.31825852766633,25.60827714577317,2,0,0.625,True,True,22.533333333333335,50.0,True,50m
1353.0,3_satellites,50.0,3,0.375,110.4410343984889,50.01925039829098,68.61240309427087,643.2311210500081,619.1695585238872,-24.06156252612095,6.6981986705213785,20.67337294435129,13.975174273829907,12.473234754055738,35.36091985180974,4,0,0.625,True,True,22.55,50.0,True,50m
1354.0,3_satellites,50.0,3,0.375,83.27919780811202,29.161983228714625,68.59930573667692,621.8232349603667,597.7693781307285,-24.05385682963822,1.917831489816308,17.43626892566681,15.5184374358505,5.127191461622715,28.01529324054718,3,0,0.625,True,True,22.566666666666666,50.0,True,50m
1355.0,3_satellites,50.0,3,0.375,88.51905527583862,32.68497436541702,68.58610762017297,624.3318206380665,600.2857861865965,-24.04603445146995,3.0867290450260043,18.03011782607064,14.943388781044632,5.3996392376720905,28.288150284439325,3,0,0.625,True,True,22.583333333333332,50.0,True,50m
1356.0,3_satellites,50.0,3,0.375,85.36361052410335,28.00843372915294,68.57292714920226,621.7320496991113,597.6938167881144,-24.03823291099684,1.3248292338103056,16.840650530997664,15.515821297187358,2.998755555599928,26.411047160625458,3,0,0.625,True,True,22.6,50.0,True,50m
1357.0,3_satellites,50.0,3,0.5,50.71670937247954,164.69142595687453,205.57200505682687,590.1898549657773,461.2641372281073,-128.92571773766997,1.5589886400848627,14.17443921851615,12.615450578431288,2.939268633723259,30.27497686445713,2,0,0.5,True,True,22.616666666666667,50.0,True,50m
1358.0,3_satellites,50.0,3,0.5,58.14893442183583,158.56805655908326,205.4526961996299,593.494715421352,464.6571292766183,-128.8375861447337,1.198703719303012,12.989132129276792,11.79042840997378,2.273136083036661,27.0329085662961,1,0,0.5,True,True,22.633333333333333,50.0,True,50m
1359.0,3_satellites,50.0,3,0.375,56.39284647221817,27.07918030209997,68.53338108902577,593.1623083025966,569.1474495356177,-24.01485876697882,1.76554986089468,16.501675999257714,14.736126138363034,2.7477990351617336,28.070831462740895,3,0,0.625,True,True,22.65,50.0,True,50m
1360.0,3_satellites,50.0,3,0.375,81.98108715479685,31.7694897355568,68.52009025050438,609.3238236300738,585.3168823394171,-24.00694129065664,3.996481543406844,18.680919805075973,14.68443826166913,7.0261032953858376,29.91663710027933,5,0,0.625,True,True,22.666666666666668,50.0,True,50m
1361.0,3_satellites,50.0,3,0.375,95.11162399869528,34.172582769425134,68.50682299588654,619.189769457554,595.1907198890921,-23.999049568461945,2.666890691500157,18.878366947174072,16.211476255673915,6.619579274207354,29.510512329638004,4,0,0.625,True,True,22.683333333333334,50.0,True,50m
1362.0,3_satellites,50.0,3,0.4285714285714285,71.26697636437196,50.386513879023525,106.33865090544823,596.5843389865324,544.9132734953984,-51.67106549113407,1.1531458140483923,15.990511526486705,14.837365712438311,1.8618391826748848,29.60822432860732,1,0,0.5714285714285714,True,True,22.7,50.0,True,50m
1363.0,3_satellites,50.0,3,0.375,66.46273500610468,26.10655583901796,68.48040596111697,590.0343698933834,566.0509302731806,-23.98343962020283,2.1229992085136478,17.278670837637037,15.15567162912339,5.417174931615591,26.60661694407463,4,0,0.625,True,True,22.716666666666665,50.0,True,50m
1364.0,3_satellites,50.0,3,0.375,72.88519840546347,25.422138119459724,68.46713722017849,595.4677255982066,571.4921662024751,-23.975559395731462,0.6931880647316575,17.215432297438383,16.522244232706726,1.4752120822668076,27.57843304052949,3,0,0.625,True,True,22.733333333333334,50.0,True,50m
1365.0,3_satellites,50.0,3,0.375,76.86363047136216,22.587479261063372,68.45385974658583,594.4993005536587,570.5316260787912,-23.96767447486752,1.760550086852163,16.859411268960685,15.09886118210852,3.6654761247336864,25.01493100449443,4,0,0.625,True,True,22.75,50.0,True,50m
1366.0,3_satellites,50.0,3,0.375,75.07960932362273,24.99219673609768,68.44059112279561,588.7900060594002,564.8301983549087,-23.95980770449148,2.272850865032524,17.41036069765687,15.137509832624346,4.218391939997673,25.27827430516481,3,0,0.625,True,True,22.766666666666666,50.0,True,50m
1367.0,3_satellites,50.0,3,0.375,74.44559080342123,27.6176962728,68.42732261070205,588.9204746919496,564.9685369649103,-23.951937727039308,2.6515767332166438,15.397507728543133,12.74593099532649,4.650018356740475,26.677031587809324,3,0,0.625,True,True,22.783333333333335,50.0,True,50m
1368.0,3_satellites,50.0,3,0.375,77.61179828772265,27.40703393497228,68.41401992155541,587.7504328260032,563.8063968971283,-23.944035928875,2.331817106809467,16.730767245404422,14.398950138594955,4.057728908956051,24.642108384519812,4,0,0.625,True,True,22.8,50.0,True,50m
1369.0,3_satellites,50.0,3,0.375,79.36032918216726,24.86802328711935,68.40071486257726,588.0594670459669,564.1233340972332,-23.93613294873376,1.3261815551668406,17.46075538918376,16.13457383401692,3.013055104762316,27.755791146308184,3,0,0.625,True,True,22.816666666666666,50.0,True,50m
1370.0,3_satellites,50.0,3,0.375,80.45628848244012,28.58375925330281,68.38740788929883,585.5984273219964,561.6701944870506,-23.92823283494579,2.6297334479168057,17.78313074912876,15.153397301211951,3.750253956764936,26.112177714705467,3,0,0.625,True,True,22.833333333333332,50.0,True,50m
1371.0,3_satellites,50.0,3,0.375,78.97019877543251,27.29039910584665,68.37410332668064,582.671900755887,558.7515654015363,-23.920335354350755,1.9088262035511436,15.962079046294091,14.05325284274295,4.790489017963409,23.50937218591571,2,0,0.625,True,True,22.85,50.0,True,50m
1372.0,3_satellites,50.0,3,0.375,81.7453121795333,28.74479573012532,68.36077376392552,579.4075555511484,555.495141021819,-23.912414529329453,2.273215160705149,16.899418574757874,14.626203414052725,4.4496210142970085,24.33860082924366,2,0,0.625,True,True,22.866666666666667,50.0,True,50m
1373.0,3_satellites,50.0,3,0.375,80.41691450795969,24.14203786160872,68.34744831524196,577.9058624746991,554.0013633369457,-23.90449913775342,1.2830125824548304,16.86822699010372,15.585214407648891,2.8482303842902184,26.09393524378538,3,0,0.625,True,True,22.883333333333333,50.0,True,50m
1374.0,3_satellites,50.0,3,0.375,79.82545188308394,26.843955613658764,68.33411453619082,574.5666604100473,550.6700784074593,-23.896582002588048,2.287699226755649,17.00375113962218,14.716051912866533,4.5628998801112175,24.278545327484608,3,0,0.625,True,True,22.9,50.0,True,50m
1375.0,3_satellites,50.0,3,0.375,75.52439631933424,26.84612320542177,68.32078402459865,568.8926273845667,545.0039569536158,-23.888670430950924,1.907476978376508,17.078402425162494,15.170925446785986,3.3473736196756363,25.40127970278263,3,0,0.625,True,True,22.916666666666668,50.0,True,50m
1376.0,3_satellites,50.0,3,0.375,79.47357002648083,26.04560629652583,68.30742303561887,567.9499912657839,544.0692680925896,-23.88072317319427,1.898796334862709,16.572339365258813,14.673543030396104,3.211793288588524,24.816188290715218,3,0,0.625,True,True,22.933333333333334,50.0,True,50m
1377.0,3_satellites,50.0,3,0.375,79.77466272958854,26.44712132558171,68.29406562185834,562.7311061272217,538.8583217115587,-23.872784415662977,1.7854134240187705,16.37311926437542,14.587705840356648,3.791494477540255,23.837755288928747,4,0,0.625,True,True,22.95,50.0,True,50m
1378.0,3_satellites,50.0,3,0.375,76.9822339302868,25.579865762091483,68.2807021220205,555.1694636946089,531.3046178315254,-23.864845863083477,1.4252903736196458,17.256604220718145,15.8313138470985,2.0441022105515003,25.925922855734825,3,0,0.625,True,True,22.966666666666665,50.0,True,50m
1379.0,3_satellites,50.0,3,0.375,82.17074782021892,28.17895086222383,68.26731523923655,554.4432093427023,530.5863306767258,-23.856878665976524,1.718114406336099,16.678413250949234,14.960298844613137,3.916044045239687,24.785348050296307,2,0,0.625,True,True,22.983333333333334,50.0,True,50m
1380.0,3_satellites,50.0,3,0.375,74.7554208497563,26.732442665796075,68.2539540822318,542.9015353039283,519.0525873088003,-23.84894799512801,2.5857335082255304,16.664852536749095,14.079119028523564,4.696488376706839,27.594637975096703,3,0,0.625,True,True,23.0,50.0,True,50m
1381.0,3_satellites,50.0,3,0.375,76.77455918169248,25.796584501549063,68.24055976901607,538.7137768636906,514.8727985542636,-23.840978309426987,1.8749430272728205,16.26885183248669,14.393908805213869,3.65233401581645,26.55084527283907,3,0,0.625,True,True,23.016666666666666,50.0,True,50m
1382.0,3_satellites,50.0,3,0.375,78.75136489097729,27.03370178370619,68.2271530411202,531.8807817795519,508.04778071053954,-23.83300106901231,2.617240303196013,16.481171092018485,13.863930788822472,6.080776322633028,23.871177539229397,2,0,0.625,True,True,23.033333333333335,50.0,True,50m
1383.0,3_satellites,50.0,3,0.375,83.24179609392456,28.98200219746625,68.21373947326593,529.5142176842241,505.6892032290492,-23.825014455174937,2.1221341490745544,16.426854839082807,14.304720690008253,3.622201956808567,24.92413295432925,2,0,0.625,True,True,23.05,50.0,True,50m
1384.0,3_satellites,50.0,3,0.375,86.33545358081997,29.668254202445063,68.20031781190455,528.3777175952074,504.56069450187726,-23.817023093330132,2.5996796865947545,17.31875011557713,14.719070428982375,4.891534365713596,25.892074778676037,4,0,0.625,True,True,23.066666666666666,50.0,True,50m
1385.0,3_satellites,50.0,3,0.375,76.83129217366664,24.768921583981268,68.18691955219697,516.9488505241858,493.1397831932423,-23.80906733094349,2.112144524231553,17.269364445004612,15.15721992077306,3.541917286813259,24.87785082310438,5,0,0.625,True,True,23.083333333333332,50.0,True,50m
1386.0,3_satellites,50.0,3,0.375,78.32945022994343,26.886353467981277,68.17349218251762,513.2214408852453,489.4203651294478,-23.801075755797516,1.89373124204576,17.36975449603051,15.47602325398475,4.732004068791866,27.632288549095392,3,0,0.625,True,True,23.1,50.0,True,50m
1387.0,3_satellites,50.0,3,0.375,79.78654279523965,25.404327458530837,68.16004893015244,509.4221529794776,485.6290821271842,-23.7930708522934,1.833328327164054,18.3039924222976,16.470664095133543,3.682193074375391,28.815780714154243,4,0,0.625,True,True,23.116666666666667,50.0,True,50m
1388.0,3_satellites,50.0,3,0.375,79.8528906503871,29.46731819624525,68.14661261162273,501.30461226160935,477.519535681924,-23.78507657968538,1.476305858232081,17.91761536616832,16.44130950793624,3.677528727799654,26.8691024184227,4,0,0.625,True,True,23.133333333333333,50.0,True,50m
1389.0,3_satellites,50.0,3,0.375,77.35718879328857,27.189113270839023,68.13317078136959,497.03332966399546,473.2562507930236,-23.77707887097188,1.50364210922271,17.717953986488283,16.214311877265573,4.127753783017397,27.629232477396727,3,0,0.625,True,True,23.15,50.0,True,50m
1390.0,3_satellites,50.0,3,0.375,87.9670704482383,30.023303837377423,68.11968617386937,498.089840282527,474.3208097244881,-23.76903055803893,1.2385770184919238,17.761849815957248,16.523272797465324,3.262310966849327,27.57106202840805,3,0,0.625,True,True,23.166666666666668,50.0,True,50m
1391.0,3_satellites,50.0,3,0.375,83.47764812710511,28.7542527471772,68.10623585237772,490.8589906038857,467.0979594878609,-23.761031116024757,0.8631587121635675,17.38858115300536,16.525422440841794,2.074906077235937,26.81984147056937,3,0,0.625,True,True,23.183333333333334,50.0,True,50m
1392.0,3_satellites,50.0,3,0.375,88.87596640265456,28.918488046971564,68.09274908139068,487.7728628495845,464.0198745935223,-23.752988256062167,1.6668746210634708,17.484172344207764,15.817297723144293,3.807177744805813,25.861322671175003,5,0,0.625,True,True,23.2,50.0,True,50m
1393.0,3_satellites,50.0,3,0.375,87.150973444138,28.820968034097884,68.0792783258099,482.0264251424472,458.2814552467066,-23.74496989574061,0.773081183899194,17.275354887358844,16.50227370345965,1.8246021270751955,28.60174860060215,3,0,0.625,True,True,23.216666666666665,50.0,True,50m
1394.0,3_satellites,50.0,3,0.375,88.99681170661998,33.272381005247915,68.0657917784838,477.4018255380258,453.664888932482,-23.73693660554386,2.0091226482763886,17.912801949772984,15.903679301496595,4.470380384474993,28.6369904614985,3,0,0.625,True,True,23.233333333333334,50.0,True,50m
1395.0,3_satellites,50.0,3,0.375,77.4354114137569,30.160999858036003,68.0523273268433,461.82820795169687,438.0992693929768,-23.728938558720078,2.028110248502344,17.15850639389828,15.130396145395936,3.180070210248232,26.083426158875227,3,0,0.625,True,True,23.25,50.0,True,50m
1396.0,3_satellites,50.0,3,0.375,86.18023451961804,30.99162918972368,68.03880873516141,466.48665970500207,442.7657917420846,-23.720867962917453,1.665256914217025,16.93043724494055,15.265180330723524,4.125887461006641,27.029574871063232,3,0,0.625,True,True,23.266666666666666,50.0,True,50m
1397.0,3_satellites,50.0,3,0.375,79.37769241231753,31.5341533434684,68.0253195502111,455.3808498567046,431.6680037139309,-23.71284614277363,3.658072733785957,17.207265390548855,14.060109244659545,8.837857756763697,31.741875767707825,3,0,0.625,True,True,23.283333333333335,50.0,True,50m
1398.0,3_satellites,50.0,3,0.375,105.15527938920788,40.22037905258812,68.01173247165183,39.732096253060405,16.027399120404453,-23.70469713265595,2.942206410225481,18.907070880755786,15.9648644705303,7.422674618661404,30.453673608601093,5,0,0.625,True,True,23.3,50.0,True,50m
1399.0,3_satellites,50.0,3,0.375,78.48080581657595,29.69730626748798,67.99828419783005,11.162339681644855,-12.53439679557112,-23.69673647721598,2.375970639288425,17.362326397094876,14.98635575780645,5.282352577894926,28.187022626399997,3,0,0.625,True,True,23.316666666666666,50.0,True,50m
1400.0,3_satellites,50.0,3,0.375,86.27477948706557,29.951110944577675,67.9847425892391,13.870877335354768,-9.817773196785422,-23.68865053214019,1.7478130804374814,15.480296262074262,13.73248318163678,3.86313945800066,24.75883277505636,3,0,0.625,True,True,23.333333333333332,50.0,True,50m
1401.0,3_satellites,50.0,3,0.375,103.38883144919588,41.3787528472496,67.97115683847802,20.657320342843605,-3.0232012724443087,-23.680521615287912,1.7334015457890928,17.622327625285834,15.88892607949674,3.169661372900009,26.57611295580864,3,0,0.625,True,True,23.35,50.0,True,50m
1402.0,3_satellites,50.0,3,0.375,101.11642558517202,40.73096584950936,67.95762144806957,11.105448199557951,-12.56701048782868,-23.67245868738663,2.1225247024558485,17.939038719516248,15.8165140170604,3.7484937980771065,26.65412334352732,3,0,0.625,True,True,23.366666666666667,50.0,True,50m
1403.0,3_satellites,50.0,3,0.375,103.13805944087224,39.806541358323805,67.94406748958303,8.347163875097449,-15.317208209746688,-23.66437208484414,0.9835196761414408,17.543593037407845,16.560073361266404,1.8969281502068045,28.4554640352726,3,0,0.625,True,True,23.383333333333333,50.0,True,50m
1404.0,3_satellites,50.0,3,0.375,80.42647106666612,32.6383294428144,67.93057298080888,-17.676744387639406,-41.33311750720016,-23.65637311956076,2.1141722653992474,16.333771964069456,14.219599698670208,3.430468298494816,25.986162062734365,3,0,0.625,True,True,23.4,50.0,True,50m
1405.0,3_satellites,50.0,3,0.375,94.04345863124104,34.47774236341856,67.91697180527765,-9.541161867600998,-33.18939628991966,-23.64823442231866,1.120140093844384,17.020274945069104,15.90013485122472,2.854426976293325,25.761000510305166,3,0,0.625,True,True,23.416666666666668,50.0,True,50m
1406.0,3_satellites,50.0,3,0.375,89.07569510146286,32.95283003938979,67.90341654957227,-18.839707946236963,-42.47986944354797,-23.64016149731101,2.3712837151251733,16.231547919567674,13.8602642044425,4.897410497069359,27.80429457873106,3,0,0.625,True,True,23.433333333333334,50.0,True,50m
1407.0,3_satellites,50.0,3,0.375,128.38002855788957,65.8350653545847,67.8897326771711,2.8753970203951407,-20.75653645323362,-23.63193347362876,7.064201540779322,20.034514717757705,14.128160601947457,15.18779245018959,38.09498002752662,3,0,0.625,True,True,23.45,50.0,True,50m
1408.0,3_satellites,50.0,3,0.375,101.84289762373147,39.7018355796174,67.87621445551873,-21.30835674971052,-44.932268533132856,-23.62391178342234,1.9052205793559551,17.554461751133204,15.649241171777248,4.778573974967003,26.46518246084452,5,0,0.625,True,True,23.466666666666665,50.0,True,50m
1409.0,3_satellites,50.0,3,0.375,72.52363196112613,24.637546550929063,67.86270176007655,-52.34532853602533,-75.96123175079539,-23.615903214770064,3.53982494212687,16.073745942208916,13.111892809625717,7.552108112722635,30.459913559257984,3,0,0.625,True,True,23.483333333333334,50.0,True,50m
1410.0,3_satellites,50.0,3,0.375,114.81115753289436,52.962579711587175,67.84898886083056,-22.814651967551512,-46.42230100951606,-23.60764904196455,3.122019647154957,18.21361441258341,15.091594765428454,5.558752026408911,26.360902778804306,3,0,0.625,True,True,23.5,50.0,True,50m
1411.0,3_satellites,50.0,3,0.375,83.55248507859687,31.168014252402173,67.83546831774771,-55.49270574202932,-79.09234197772942,-23.599636235700103,2.02279166970402,14.787912643048912,12.765120973344892,4.959791157394648,22.89718136936426,3,0,0.625,True,True,23.516666666666666,50.0,True,50m
1412.0,3_satellites,50.0,3,0.375,115.71685055637508,52.17811064838422,67.82176181577606,-36.570798880442105,-60.16219538714321,-23.591396506701106,2.919212320353836,18.90223555173725,15.983023231383411,5.336105294525623,27.338680021464825,5,0,0.625,True,True,23.533333333333335,50.0,True,50m
1413.0,3_satellites,50.0,3,0.375,92.86451643292352,36.2087496473681,67.80820391613676,-61.298680025747146,-84.88202655741537,-23.583346531668223,1.5097877932712436,16.09319095686078,14.583403163589535,3.250266600400209,23.870654091238976,3,0,0.625,True,True,23.55,50.0,True,50m
1414.0,3_satellites,50.0,3,0.375,111.27522448105108,47.58215234054241,67.79452060443874,-52.94615485301128,-76.52129658886162,-23.575141735850337,2.0661222669295967,18.63664768449962,16.570525417570025,4.315645858645439,29.34538685902953,4,0,0.625,True,True,23.566666666666666,50.0,True,50m
1415.0,3_satellites,50.0,3,0.375,73.4534833961497,21.586275872648063,67.78098550893323,-88.7129341368306,-112.28006001761104,-23.56712588078044,2.0913410829380155,15.724008427001536,13.63266734406352,4.940551552921534,28.482982236891985,3,0,0.625,True,True,23.583333333333332,50.0,True,50m
1416.0,3_satellites,50.0,3,0.4285714285714285,98.75563425219346,17.03400808737856,88.33082477001676,-74.98545049063064,-114.54731061772648,-39.56186012709584,1.1486834404723985,17.01679430955223,15.868110869079828,2.357825066894293,28.729610830545425,2,0,0.5714285714285714,True,True,23.6,50.0,True,50m
1417.0,3_satellites,50.0,3,0.4285714285714285,86.47809144313163,14.495914639153938,88.29672064955703,-92.50978674214656,-132.04784731679032,-39.538060574643765,1.6433201730251312,17.89674006083182,16.25341988780669,3.7786960303783417,29.558880623430014,2,0,0.5714285714285714,True,True,23.616666666666667,50.0,True,50m
1418.0,3_satellites,50.0,3,0.4285714285714285,103.0699291561855,18.08087417361905,88.26249281922063,-88.27840561082245,-127.7925223709857,-39.51411676016325,2.3113783464900086,18.444888298532792,16.133509952042782,4.107273779809475,30.95622629672289,2,0,0.5714285714285714,True,True,23.633333333333333,50.0,True,50m
1419.0,3_satellites,50.0,3,0.375,126.70532589513697,64.64732408824482,67.72620590180244,-79.1164425085224,-102.65075769058288,-23.534315182060496,7.325950032565743,22.85843029571697,15.532480263151228,15.885218098759651,38.79592817276716,6,0,0.625,True,True,23.65,50.0,True,50m
1420.0,3_satellites,50.0,3,0.375,125.54576662990635,63.69324786802702,67.71254083050728,-90.4213672883018,-113.94751878884654,-23.526151500544728,5.995219105388969,18.37051350949332,13.134662255644798,10.033030569553375,32.94402252882719,2,0,0.625,True,True,23.666666666666668,50.0,True,50m
1421.0,3_satellites,50.0,3,0.375,109.64066710624516,50.14216988602868,67.69889918946375,-111.30485533023422,-134.82288036654683,-23.518025036312608,3.549913926050067,17.508078163024038,14.205553419422358,7.688951756805181,30.60022149607539,3,0,0.625,True,True,23.683333333333334,50.0,True,50m
1422.0,3_satellites,50.0,3,0.4285714285714285,115.70349481694996,40.95113152963403,105.140889537464,-113.38601632873214,-164.3177963516701,-50.93178002293796,1.743842999850001,18.505736434566124,16.76189343471612,3.997845865786076,34.38445445150137,3,0,0.5714285714285714,True,True,23.7,50.0,True,50m
1423.0,3_satellites,50.0,3,0.4285714285714285,100.70466513010342,48.86758908600049,63.12062272006056,-134.49239773890616,-159.50668948051023,-25.01429174160407,2.5860199023570334,16.28161778088127,13.695597878524236,6.474228199571371,23.015739295631647,2,0,0.5714285714285714,True,True,23.716666666666665,50.0,True,50m
1424.0,3_satellites,50.0,3,0.375,102.8677405510613,41.90700373906088,67.65780386258704,-144.3523006341679,-167.84575968605537,-23.49345905188747,3.1429579807445407,18.60217045387253,15.459212473127993,8.091475065797567,26.80359584838152,4,0,0.625,True,True,23.733333333333334,50.0,True,50m
1425.0,3_satellites,50.0,3,0.375,98.89749644701725,38.94715424862481,67.64410281285747,-152.56754246638863,-176.05281317070614,-23.485270704317514,1.1581939877942204,17.67321661207825,16.51502262428403,3.098249953240156,26.945674553513527,3,0,0.625,True,True,23.75,50.0,True,50m
1426.0,3_satellites,50.0,3,0.375,96.46655533586082,35.80904294341568,67.6303809254289,-163.2041894382194,-186.68125325220277,-23.47706381398333,1.718980501871556,18.28784223692492,16.56886173505336,3.1319429203867912,27.943001843988892,4,0,0.625,True,True,23.766666666666666,50.0,True,50m
1427.0,3_satellites,50.0,3,0.375,99.83767766833358,39.2027334444413,67.6166423666089,-171.85776540831833,-195.3266034999189,-23.46883809160056,1.929013489279896,18.5117569277063,16.582743438426405,3.452129367738962,30.443095684051517,3,0,0.625,True,True,23.783333333333335,50.0,True,50m
1428.0,3_satellites,50.0,3,0.375,105.47873595778528,42.593720213124485,67.60288932057725,-176.41105658376108,-199.8716521719424,-23.46059558818132,0.9963495451956988,17.471859467681497,16.4755099224858,2.3135308362543583,28.56842078641057,3,0,0.625,True,True,23.8,50.0,True,50m
1429.0,3_satellites,50.0,3,0.375,100.69771323347818,40.46030598831697,67.58915399035907,-191.36786326659652,-214.82024717801,-23.45238391141348,2.0237788911908865,17.62730451207608,15.603525620885192,4.638766311109066,25.953417975455523,5,0,0.625,True,True,23.816666666666666,50.0,True,50m
1430.0,3_satellites,50.0,3,0.375,113.51568662285416,51.0315315592229,67.5753636318753,-187.38029535842324,-210.8243999925012,-23.44410463407792,3.71681735292077,18.37779646087438,14.660979107953608,5.618854630738497,28.091045647859573,3,0,0.625,True,True,23.833333333333332,50.0,True,50m
1431.0,3_satellites,50.0,3,0.375,100.0603539703007,40.57997004942387,67.56164164695667,-206.64325304365173,-230.0791651876991,-23.435912144047364,1.211015715263784,17.351763020735234,16.14074730547145,2.623775221407413,29.20593396946788,3,0,0.625,True,True,23.85,50.0,True,50m
1432.0,3_satellites,50.0,3,0.375,102.21196029042922,40.91464240322628,67.54785868762472,-214.2574367682777,-237.68508802791027,-23.42765125963257,1.9739791485480964,17.926254399120808,15.952275250572711,3.9797259382903576,27.523516930639744,3,0,0.625,True,True,23.866666666666667,50.0,True,50m
1433.0,3_satellites,50.0,3,0.375,104.19914348701562,42.34016328433136,67.53407746404632,-219.53573593664171,-242.9551282216732,-23.41939228503142,1.8176763467490675,18.406006672419608,16.58833032567054,2.9918892607092857,30.02049082145095,3,0,0.625,True,True,23.883333333333333,50.0,True,50m
1434.0,3_satellites,50.0,3,0.375,99.43158044167556,39.25314372146096,67.52030242707471,-232.21938516575693,-255.6305331331867,-23.41114796742977,1.877963505219668,18.135298092849556,16.257334587629884,3.9803181514143935,27.699352122843266,5,0,0.625,True,True,23.9,50.0,True,50m
1435.0,3_satellites,50.0,3,0.375,106.02495086273186,43.04595092569541,67.50649045678314,-233.21119136349824,-256.61404898335195,-23.402857619853705,2.223299744538963,18.81348468642682,16.590184941887856,3.647860173135996,30.689000714570284,3,0,0.625,True,True,23.916666666666668,50.0,True,50m
1436.0,3_satellites,50.0,3,0.375,110.76278223156008,47.19409975475816,67.49268162190994,-237.117936998596,-260.5125100884897,-23.39457308989373,2.036161250900477,17.933065795339644,15.896904544439169,3.5571635216474533,30.60457229986787,3,0,0.625,True,True,23.933333333333334,50.0,True,50m
1437.0,3_satellites,50.0,3,0.375,102.3734312134307,39.92392767625383,67.47889053004756,-250.1744923426175,-273.5608121610339,-23.386319818416386,1.3272634046152234,17.919299986213446,16.592036581598222,3.219738863408565,28.4856084510684,3,0,0.625,True,True,23.95,50.0,True,50m
1438.0,3_satellites,50.0,3,0.4285714285714285,101.3792950386584,42.875715167458125,104.7794033417206,-258.9236925928807,-309.6283582723243,-50.70466567944362,1.6515883377620153,18.13203546032309,16.48044712256108,2.486941624432802,32.656380258500576,2,0,0.5714285714285714,True,True,23.966666666666665,50.0,True,50m
1439.0,3_satellites,50.0,3,0.4285714285714285,103.8973881676984,38.99478522541355,104.75615154970114,-261.24460239518794,-311.93458678249993,-50.689984387312,3.095468733991896,18.783839184258664,15.68837045026677,5.6764994114637375,33.926013328135014,1,0,0.5714285714285714,True,True,23.983333333333334,50.0,True,50m
1440.0,3_satellites,50.0,3,0.375,101.36898692724914,40.27435785628944,67.43741756274419,-271.82373642608565,-295.1851881318294,-23.36145170574377,2.45081029785797,18.391868664417416,15.941058366559446,4.404463466256857,27.58056240528822,4,0,0.625,True,True,24.0,50.0,True,50m
1441.0,3_satellites,50.0,3,0.375,93.65557183772776,32.43264457004226,67.42359966230543,-282.2624501811795,-305.61562363640195,-23.353173455222475,0.6436924580484629,17.213016639463603,16.56932418141514,1.3870810642838478,27.385953925549984,3,0,0.625,True,True,24.016666666666666,50.0,True,50m
1442.0,3_satellites,50.0,3,0.4285714285714285,102.98875707442018,40.18645331017069,104.68607429840934,-282.8055907306592,-333.4513287784792,-50.645738047819975,2.110542637429067,17.63747157688652,15.52692893945745,3.390042368322611,31.574960570782423,1,0,0.5714285714285714,True,True,24.033333333333335,50.0,True,50m
1443.0,3_satellites,50.0,3,0.4285714285714285,94.76049634987945,43.739111988026096,104.66261702286724,-294.7818864221191,-345.4128231650541,-50.63093674293498,1.724006778959717,17.57406786084175,15.850061081882034,3.5616841316223145,32.94835983589292,2,0,0.5714285714285714,True,True,24.05,50.0,True,50m
1444.0,3_satellites,50.0,3,0.4285714285714285,107.1286560123168,38.87719383681567,104.6389562336211,-287.1038963147854,-337.7198352286224,-50.615938913837,1.6344078071415424,17.684573256543704,16.05016544940216,2.49615241587162,31.74229369685054,1,0,0.5714285714285714,True,True,24.066666666666666,50.0,True,50m
1445.0,3_satellites,50.0,3,0.4285714285714285,103.0225585673166,41.58846609635451,104.6153382982494,-297.3685356579074,-347.96954891361713,-50.60101325570975,1.2284880626414505,17.437894374132156,16.209406311490707,2.2931212037801743,31.740286253392696,2,0,0.5714285714285714,True,True,24.083333333333332,50.0,True,50m
1446.0,3_satellites,50.0,3,0.4285714285714285,103.05096307878657,41.45087234404906,104.59160832189984,-297.9371394442696,-348.52313515829286,-50.58599571402328,2.29394094645977,18.3066440038383,16.01270305737853,3.567870333790779,32.78758706152439,1,0,0.5714285714285714,True,True,24.1,50.0,True,50m
1447.0,3_satellites,50.0,3,0.4285714285714285,106.19165327246336,38.93489365230303,104.5677875679266,-299.798740623088,-350.369644595482,-50.57090397239392,1.3233271768050534,17.47842213883996,16.155094962034905,2.3807666189968586,31.74690363928676,2,0,0.5714285714285714,True,True,24.116666666666667,50.0,True,50m
1448.0,3_satellites,50.0,3,0.4285714285714285,92.80476603896692,48.84586270207424,104.5440225124069,-311.84456977317745,-362.4004697580666,-50.55589998488915,2.630167872778007,19.51553365056004,16.88536577778203,4.219579059630632,35.05347053334117,3,0,0.5714285714285714,True,True,24.133333333333333,50.0,True,50m
1449.0,3_satellites,50.0,3,0.4285714285714285,91.42036430337065,45.54962471365429,104.5200727426073,-317.5591330208609,-368.0998574633813,-50.5407244425204,2.1838939216520106,17.49900588127119,15.315111959619182,3.879473343491554,31.24594969674945,1,0,0.5714285714285714,True,True,24.15,50.0,True,50m
1450.0,3_satellites,50.0,3,0.4285714285714285,90.87554163628396,46.457147382180125,104.49607638894574,-318.06091784913497,-368.5864368305739,-50.52551898143895,0.9803232955081124,17.28315662805523,16.30283333254712,1.545646507292986,31.325916778296232,2,0,0.5714285714285714,True,True,24.166666666666668,50.0,True,50m
1451.0,3_satellites,50.0,3,0.375,101.37783980327367,40.82084470418791,67.28476971348312,-313.078853012904,-336.3486498842562,-23.269796871352185,2.081717744935304,17.076812095940113,14.99509435100481,4.940722573548555,25.35307546705008,4,0,0.625,True,True,24.183333333333334,50.0,True,50m
1452.0,3_satellites,50.0,3,0.375,92.60787324502826,33.12138977779577,67.2708626820246,-320.78274126822055,-344.044194400194,-23.261453131973383,2.00618230458349,17.8315860517323,15.825403747148812,4.068972762674093,27.323135875165462,4,0,0.625,True,True,24.2,50.0,True,50m
1453.0,3_satellites,50.0,3,0.375,110.08492401154476,46.56292427217146,67.25689646910676,-309.4453486088535,-332.6983767045284,-23.25302809567489,0.6610538642853498,16.762261621654034,16.101207757368684,1.9531082287430763,28.12204574793577,3,0,0.625,True,True,24.216666666666665,50.0,True,50m
1454.0,3_satellites,50.0,3,0.4285714285714285,93.82124420403748,44.0634534390674,104.39933224879036,-326.4597643374514,-376.9239040935497,-50.46413975609829,2.5680324052061354,17.789829392518318,15.22179698731218,4.060119841247797,31.91081466898322,1,0,0.5714285714285714,True,True,24.233333333333334,50.0,True,50m
1455.0,3_satellites,50.0,3,0.5,94.23540244536233,35.45558097276835,75.03645990898504,-325.32447890997724,-350.4471052291547,-25.12262631917747,1.1856105048209429,16.154327639689047,14.968717134868106,2.615820087492466,29.107892114669085,3,0,0.6666666666666666,True,True,24.25,50.0,True,50m
1456.0,3_satellites,50.0,3,0.4285714285714285,90.11711206537676,48.69249101125672,104.35058784252614,-335.29876206175663,-385.73196364251726,-50.433201580760624,3.868432271693434,19.11738091494356,15.248948643250126,6.571505729109049,34.24313038960099,2,0,0.5714285714285714,True,True,24.266666666666666,50.0,True,50m
1457.0,3_satellites,50.0,3,0.4285714285714285,96.7823097996822,38.95473941636569,104.32601633040618,-329.5764499391113,-379.9940114482597,-50.41756150914841,1.6506448893674783,17.51415145982589,15.863506570458412,3.8006149753928185,30.890555422753096,1,0,0.5714285714285714,True,True,24.283333333333335,50.0,True,50m
1458.0,3_satellites,50.0,3,0.4285714285714285,96.90299556960062,46.38398273290306,104.30150290231906,-332.5749083706787,-382.9769019727992,-50.40199360212051,1.3345971001046044,18.16569532879761,16.83109822869301,2.6419013515114784,33.249588169157505,3,0,0.5714285714285714,True,True,24.3,50.0,True,50m
1459.0,3_satellites,50.0,3,0.4285714285714285,123.32053142484268,35.9141929377727,104.27666195241385,-306.7838562323199,-357.16996867016,-50.38611243784004,3.012027655861208,15.59249915129372,12.728873049574238,5.953697796911001,28.43768125027418,3,0,0.5714285714285714,True,True,24.316666666666666,50.0,True,50m
1460.0,3_satellites,50.0,3,0.4285714285714285,107.20954906564656,35.681184477657425,104.2520531071672,-321.049860984466,-371.4203703517532,-50.37050936728713,2.3408495938139304,17.986063065805606,15.645213471991676,3.681993044912815,32.37247518077493,3,0,0.5714285714285714,True,True,24.333333333333332,50.0,True,50m
1461.0,3_satellites,50.0,3,0.4285714285714285,94.82408870088123,47.727004575372746,104.22739531516076,-336.9930599035625,-387.3479299547365,-50.35487005117403,3.3882260269352367,20.308271207447564,16.920045180512325,6.51444086432457,36.83626337349415,4,0,0.5714285714285714,True,True,24.35,50.0,True,50m
1462.0,3_satellites,50.0,3,0.4285714285714285,107.69572595178349,34.93701175673022,104.20242370702596,-323.34865622836764,-373.6875843078434,-50.33892807947575,0.96603005698749,17.217470952442714,16.251440895455225,1.8827494122087955,30.91484263166785,2,0,0.5714285714285714,True,True,24.366666666666667,50.0,True,50m
1463.0,3_satellites,50.0,3,0.4285714285714285,103.24133448983714,40.50266715562593,104.1775617414006,-329.9846032523302,-380.3077226063561,-50.32311935402589,0.5968013384512493,17.048191080135958,16.45138974168471,1.407513402402401,31.2647755779326,3,0,0.5714285714285714,True,True,24.383333333333333,50.0,True,50m
1464.0,3_satellites,50.0,3,0.4285714285714285,102.96053814009952,40.83727464782326,104.15257172555565,-329.70861612457634,-380.0158215720496,-50.30720544747328,2.491038673690387,18.55461481266788,16.063576138977492,3.8549753092229366,33.0989068262279,1,0,0.5714285714285714,True,True,24.4,50.0,True,50m
1465.0,3_satellites,50.0,3,0.375,103.28044794556712,41.55812816298357,67.08924432965873,-330.492306144092,-353.64450963338186,-23.152203489289832,2.800915024243295,19.065665578003973,16.264750553760678,5.7340235859155655,29.44030474871397,5,0,0.625,True,True,24.416666666666668,50.0,True,50m
1466.0,3_satellites,50.0,3,0.375,105.60963598920009,43.16207334516103,67.0752308192308,-328.3531707324551,-351.49693496575725,-23.143764233302136,1.4161489610560238,16.108001839369535,14.691852878313512,4.045100871473551,28.10192677006125,3,0,0.625,True,True,24.433333333333334,50.0,True,50m
1467.0,3_satellites,50.0,3,0.375,105.9728259499267,44.220796360904615,67.06120313404007,-330.3956070657155,-353.5309263711289,-23.13531930541336,1.6155096013098955,17.781347531825304,16.16583793051541,4.112251471728087,26.75750232487917,4,0,0.625,True,True,24.45,50.0,True,50m
1468.0,3_satellites,50.0,3,0.375,103.4672459287178,41.78233150333919,67.04717408782611,-332.6523826418985,-355.7792592407652,-23.12687659886666,2.9242624710313976,19.544539233203977,16.62027676217258,5.660778280347586,30.399219494313,5,0,0.625,True,True,24.466666666666665,50.0,True,50m
1469.0,3_satellites,50.0,3,0.375,108.64597989534066,45.30823055594767,67.03312860173597,-328.0282157710794,-351.1466250213425,-23.11840925026314,1.2275330270640552,17.344162514898926,16.11662948783487,2.6055466160178185,27.749989718198776,3,0,0.625,True,True,24.483333333333334,50.0,True,50m
1470.0,3_satellites,50.0,3,0.375,93.19578748504932,36.28171882472179,67.01912607978988,-339.8282504189982,-362.93825675546657,-23.11000633646836,1.911966796964407,16.972210225183517,15.06024342821911,4.0657292529940605,26.98805149272084,3,0,0.625,True,True,24.5,50.0,True,50m
1471.0,3_satellites,50.0,3,0.4285714285714285,108.35256393341166,36.317225011614745,103.97566351251318,-325.4910984041168,-375.68547376821823,-50.19437536410141,0.896129483623164,17.772764408694847,16.87663492507168,2.183039825409651,32.505055353045464,3,0,0.5714285714285714,True,True,24.516666666666666,50.0,True,50m
1472.0,3_satellites,50.0,3,0.4285714285714285,103.67268697004614,37.9179309442896,103.9501390263762,-330.5485709893094,-380.7266620569447,-50.17809106763531,2.189978614449501,18.6016650205212,16.4116864060717,3.386543184518814,33.2280913554132,3,0,0.5714285714285714,True,True,24.533333333333335,50.0,True,50m
1473.0,3_satellites,50.0,3,0.4285714285714285,98.89174772651974,44.5250098963084,103.92457884154244,-338.93032423139465,-389.092109607844,-50.16178537644936,2.260326859674284,18.032408499291964,15.772081639617682,4.2848267033696175,32.632972203195095,2,0,0.5714285714285714,True,True,24.55,50.0,True,50m
1474.0,3_satellites,50.0,3,0.4285714285714285,95.24860770730136,41.42808212220817,103.89887163753076,-340.89142066620724,-391.036782927954,-50.145362261746754,2.1233794715787684,17.78278794033187,15.6594084687531,3.3734442554414272,31.652317132800817,1,0,0.5714285714285714,True,True,24.566666666666666,50.0,True,50m
1475.0,3_satellites,50.0,3,0.4285714285714285,94.90816127042623,41.19262827528063,103.8731018123494,-339.8454530958316,-389.9743436306612,-50.12889053482962,1.6005862094461918,17.47530740552715,15.874721196080957,3.7753360085189342,30.77941869944334,2,0,0.5714285714285714,True,True,24.583333333333332,50.0,True,50m
1476.0,3_satellites,50.0,3,0.4285714285714285,98.84624868187584,42.21954283871683,103.847257520486,-342.9257239420314,-393.0380823392342,-50.1123583972028,2.9783249593206813,18.643153553562502,15.664828594241824,4.657925810664892,33.21524962037802,1,0,0.5714285714285714,True,True,24.6,50.0,True,50m
1477.0,3_satellites,50.0,3,0.375,97.08311798277006,36.45241450711613,66.92060873140741,-341.9093866993498,-364.9600202806211,-23.050633581271317,2.796412386931479,18.75397706124932,15.957564674317837,6.479189783334732,28.48543081060052,5,0,0.625,True,True,24.616666666666667,50.0,True,50m
1478.0,3_satellites,50.0,3,0.4285714285714285,96.67058847222128,41.23078998859111,103.79536268572411,-344.89815392740974,-394.97731782449927,-50.07916389708953,1.8199227755623204,17.856152901159867,16.036230125597545,2.8926959857344627,31.63662388175726,1,0,0.5714285714285714,True,True,24.633333333333333,50.0,True,50m
1479.0,3_satellites,50.0,3,0.375,101.92894530277086,39.33572018435587,66.89239552439044,-339.42153405742835,-362.45514853408616,-23.033614476657817,2.181582886725664,18.152310648933053,15.970727762207389,5.754280172288418,27.950735181570053,5,0,0.625,True,True,24.65,50.0,True,50m
1480.0,3_satellites,50.0,3,0.375,83.85884759720479,29.72901813669132,66.87833530996375,-353.3965987313779,-376.421769341947,-23.02517061056915,2.2904209280386567,16.983779485337436,14.69335855729878,3.955813217908144,26.87978468835354,4,0,0.625,True,True,24.666666666666668,50.0,True,50m
1481.0,3_satellites,50.0,3,0.4285714285714285,89.94574665633169,43.03525592282772,103.71701680724198,-351.04845960946534,-401.0774825508704,-50.029022941405,2.669531848281622,17.741123988160066,15.071592139878444,4.241166595369577,31.712810985744,1,0,0.5714285714285714,True,True,24.683333333333334,50.0,True,50m
1482.0,3_satellites,50.0,3,0.4285714285714285,98.9851023943418,37.03526331859145,103.69068734333514,-346.147053418454,-396.1591811599648,-50.01212774151082,1.3568322977849416,18.3333895696061,16.976557271821157,2.3094399832189083,33.114422131329775,3,0,0.5714285714285714,True,True,24.7,50.0,True,50m
1483.0,3_satellites,50.0,3,0.4285714285714285,94.58256014202053,37.98930777770666,103.66437457791096,-352.069962979927,-402.0652409703365,-49.99527799040942,1.8501075931957789,16.96765857455986,15.11755098136408,3.1577982753515244,30.84263690561056,1,0,0.5714285714285714,True,True,24.716666666666665,50.0,True,50m
1484.0,3_satellites,50.0,3,0.4285714285714285,97.1310783287103,36.56701781897133,103.63794957473148,-354.19701915471273,-404.1753510493037,-49.97833189459101,0.4458977734403951,17.4278685956129,16.981970822172507,0.7210226394236088,31.52372995018959,3,0,0.5714285714285714,True,True,24.733333333333334,50.0,True,50m
1485.0,3_satellites,50.0,3,0.4285714285714285,86.56345840765228,44.505256192577896,103.61154012637591,-365.650677284218,-415.6121083134239,-49.96143102920587,2.2327735056834563,19.21745248245341,16.98467897676996,3.8366912342607975,34.63824037462473,3,0,0.5714285714285714,True,True,24.75,50.0,True,50m
1486.0,3_satellites,50.0,3,0.4285714285714285,92.63856183715706,40.32625564691626,103.58495311019722,-364.18131030767296,-414.12566964965697,-49.94435934198401,0.8002117568893092,17.78759994570698,16.987388188817672,1.5031349919736383,32.30350311845541,3,0,0.5714285714285714,True,True,24.766666666666666,50.0,True,50m
1487.0,3_satellites,50.0,3,0.4285714285714285,94.29838899049456,39.21731174272746,103.55831951343512,-367.0611137902335,-416.9883792535707,-49.92726546333722,1.1922507621347904,17.31618600764445,16.12393524550966,2.682369377464056,31.67627888172865,2,0,0.5714285714285714,True,True,24.783333333333335,50.0,True,50m
1488.0,3_satellites,50.0,3,0.4285714285714285,90.6089482920692,39.81462211124839,103.5316297396725,-374.4504264608268,-424.3605695302009,-49.9101430693741,1.2941272551459926,17.47443459076541,16.180307335619414,2.1875319816172123,31.21917926520109,2,0,0.5714285714285714,True,True,24.8,50.0,True,50m
1489.0,3_satellites,50.0,3,0.4285714285714285,87.22578208672677,40.36702478965356,103.5048682729546,-380.4701068701098,-430.3630748418888,-49.892967971779,1.9694255547864097,18.062199057212897,16.09277350242649,3.1124242432415485,32.401392716914415,2,0,0.5714285714285714,True,True,24.816666666666666,50.0,True,50m
1490.0,3_satellites,50.0,3,0.4285714285714285,95.61307480604074,37.57778278497155,103.47799226038248,-377.0161050875658,-426.8917902783753,-49.87568519080952,1.288791207862752,18.287030265267408,16.998239057404653,2.368911236524582,33.16440253704786,3,0,0.5714285714285714,True,True,24.833333333333332,50.0,True,50m
1491.0,3_satellites,50.0,3,0.4285714285714285,80.61431598383092,50.6704200609695,103.45117960579934,-395.81182047113657,-445.6703266706484,-49.858506199511794,2.8309696625385965,19.25598185083696,16.42501218829836,4.472916908562183,34.36701915413141,3,0,0.5714285714285714,True,True,24.85,50.0,True,50m
1492.0,3_satellites,50.0,3,0.4285714285714285,97.42153640487756,38.87276526677547,103.42409027058537,-385.1968717299607,-435.0379166591338,-49.841044929173165,1.051890593022108,18.01092871597835,16.95903812295624,1.8037167899310589,32.276307214051485,3,0,0.5714285714285714,True,True,24.866666666666667,50.0,True,50m
1493.0,3_satellites,50.0,3,0.4285714285714285,86.61652773215324,46.898677355474256,103.39711009414,-399.84790296507055,-449.6716361460638,-49.82373318099326,0.9335065239242144,17.496190425008535,16.56268390108432,2.136886540800333,31.92907653748989,3,0,0.5714285714285714,True,True,24.883333333333333,50.0,True,50m
1494.0,3_satellites,50.0,3,0.4285714285714285,85.16027261517493,43.58759273274679,103.36995550891702,-403.8315716648272,-453.637838090395,-49.8062664255678,1.4107469341584615,17.495850112821376,16.085103178662912,2.1869128569960594,31.381052393466238,2,0,0.5714285714285714,True,True,24.9,50.0,True,50m
1495.0,3_satellites,50.0,3,0.4285714285714285,92.9157663059255,43.491853405466095,103.3427400413357,-405.3024630960203,-455.0912058526263,-49.788742756605984,2.226015032402106,17.711660483053752,15.485645450651646,3.4947090931236744,31.62484323233366,1,0,0.5714285714285714,True,True,24.916666666666668,50.0,True,50m
1496.0,3_satellites,50.0,3,0.4285714285714285,98.28856477925342,37.61481616172628,103.3154219955242,-402.032804642442,-451.80394766890737,-49.77114302646538,1.6487354316881724,16.311316812677042,14.66258138098887,2.724968548864126,30.148304663598537,3,0,0.5714285714285714,True,True,24.933333333333334,50.0,True,50m
1497.0,3_satellites,50.0,3,0.4285714285714285,103.94417220308094,34.21705524468067,103.2880351658543,-403.4259864651444,-453.1794824641933,-49.75349599904894,0.8762666928981032,16.889230542417085,16.01296384951898,2.208801481872797,30.980555199086663,2,0,0.5714285714285714,True,True,24.95,50.0,True,50m
1498.0,3_satellites,50.0,3,0.4285714285714285,97.583080345569,38.50928980765662,103.26066582143196,-415.0957903492061,-464.8316836196415,-49.73589327043544,0.611039759857314,17.631029875150748,17.019990115293435,1.126174494624138,31.878122106194496,3,0,0.5714285714285714,True,True,24.966666666666665,50.0,True,50m
1499.0,3_satellites,50.0,3,0.4285714285714285,90.14735222951894,42.557319168375486,103.23322502594446,-424.9673175388131,-474.68555868709177,-49.71824114827865,1.862365652940103,18.42452982547028,16.562164172530174,3.440065745264292,33.12917084246874,3,0,0.5714285714285714,True,True,24.983333333333334,50.0,True,50m
1500.0,3_satellites,100.0,3,0.5,87.28529243311424,73.70383458460064,146.0055135017504,-430.3806698112977,-477.7481239077313,-47.36745409643362,2.2696259394288063,34.131570138037205,31.8619441986084,5.144627459347248,57.69741109758616,4,2,0.6666666666666666,True,True,25.0,100.0,True,100m
1501.0,3_satellites,100.0,3,0.4285714285714285,93.28639752862696,128.3870076712485,206.3565594319965,-432.1253777630809,-531.4913045277644,-99.3659267646836,2.8057423420250416,36.813235454793485,34.007493112768444,4.495528850704432,66.0569985024631,7,1,0.5714285714285714,True,True,25.016666666666666,100.0,True,100m
1502.0,3_satellites,100.0,3,0.4285714285714285,93.5405172518373,128.1881473906993,206.301182586522,-438.1330700239612,-537.4633002171149,-99.33023019315374,0.9238293506205082,34.17750102547662,33.253671674856115,2.1108735725283623,62.25271539390087,5,1,0.5714285714285714,True,True,25.033333333333335,100.0,True,100m
1503.0,3_satellites,100.0,3,0.4285714285714285,97.51166650539336,121.36426776505184,206.24554670892584,-437.26453959115565,-536.5588621582352,-99.29432256707958,0.5917483546904155,34.65900017427547,34.06725181958505,1.0483870841562748,62.60405556485057,6,1,0.5714285714285714,True,True,25.05,100.0,True,100m
1504.0,3_satellites,100.0,3,0.5,101.60162952754098,55.9180145952283,145.62181582549422,-439.879987818769,-486.97338750549454,-47.09339968672555,0.4968214053660631,32.75428183438877,32.25746042902271,0.9959055446088314,56.97933604940772,3,2,0.6666666666666666,True,True,25.066666666666666,100.0,True,100m
1505.0,3_satellites,100.0,3,0.4285714285714285,94.03853972629676,125.6564766690482,206.13409359260305,-451.9635152605424,-551.1859663155359,-99.22245105499354,1.9084860714418548,34.8169688662248,32.90848279478295,2.9548649713397026,62.51361210644245,6,1,0.5714285714285714,True,True,25.083333333333332,100.0,True,100m
1506.0,3_satellites,100.0,3,0.4285714285714285,94.770808117107,124.65910718889636,206.07812079876743,-450.6381953318123,-549.8245217349016,-99.18632640308932,1.7056254116552216,35.42166366800666,33.71603825635144,3.860003173351288,64.27437729761004,6,1,0.5714285714285714,True,True,25.1,100.0,True,100m
1507.0,3_satellites,100.0,3,0.4285714285714285,93.90598514631162,124.31290544902346,206.02199156020453,-453.6426751101094,-552.7927699191067,-99.15009480899732,1.0519760958850384,35.14108540969236,34.08910931380732,1.8210302330553527,63.364717565476894,6,1,0.5714285714285714,True,True,25.116666666666667,100.0,True,100m
1508.0,3_satellites,100.0,3,0.4285714285714285,98.07233954152107,119.99531822760898,205.96569304080023,-451.5163996870082,-550.6301227673574,-99.1137230803492,2.257195788302592,35.13239329734019,32.8751975090376,3.8248287849128246,63.16531275212765,7,1,0.5714285714285714,True,True,25.133333333333333,100.0,True,100m
1509.0,3_satellites,100.0,3,0.4285714285714285,93.33212302115165,124.17366185612975,205.90932678609613,-454.7836994463708,-553.8610422159973,-99.07734276962653,1.8514657957213263,35.03977754818542,33.18831175246409,2.8195722736418247,62.780189637094736,6,1,0.5714285714285714,True,True,25.15,100.0,True,100m
1510.0,3_satellites,100.0,3,0.4285714285714285,100.14629334187494,115.19861198228868,205.85267815591604,-446.9247591286115,-545.965462550124,-99.04070342151248,1.0292857150946344,33.532096789351534,32.5028110742569,2.148603793233633,60.45913888514042,6,1,0.5714285714285714,True,True,25.166666666666668,100.0,True,100m
1511.0,3_satellites,100.0,3,0.4285714285714285,83.30258616150024,136.35038618281925,205.7962377431053,-463.4130648022376,-562.4174062898494,-99.00434148761178,1.2054772414267063,35.036273874874624,33.83079663344792,1.878656219691038,62.96255435049534,6,1,0.5714285714285714,True,True,25.183333333333334,100.0,True,100m
1512.0,3_satellites,100.0,3,0.4285714285714285,84.74078352259109,135.89262498113015,205.73940879437689,-460.1237123888387,-559.091320562152,-98.96760817331324,2.628036720412118,36.11136238276959,33.483325662357466,5.634480100125074,65.10455108806491,7,1,0.5714285714285714,True,True,25.2,100.0,True,100m
1513.0,3_satellites,100.0,3,0.4285714285714285,96.58605103273725,120.18127509164836,205.68224838029133,-446.3368833609503,-545.267459196736,-98.93057583578576,1.4478727376886775,34.34114298118012,32.89327024349144,2.771182022988796,61.61709004640579,6,1,0.5714285714285714,True,True,25.216666666666665,100.0,True,100m
1514.0,3_satellites,100.0,3,0.4285714285714285,90.3735027136689,127.0010670750968,205.6251990553694,-448.03106877390354,-546.9247884080407,-98.8937196341372,1.7144140233950955,35.75144184061459,34.037027817219496,3.742792524397373,64.40607576817274,6,1,0.5714285714285714,True,True,25.233333333333334,100.0,True,100m
1515.0,3_satellites,100.0,3,0.375,93.45287669643402,47.09703374286292,132.76039674431587,-442.1415044797092,-487.5896830095755,-45.44817852986631,1.7632663524709642,35.08624612912536,33.32297977665439,3.199803933501244,57.660552226006985,6,1,0.625,True,True,25.25,100.0,True,100m
1516.0,3_satellites,100.0,3,0.4285714285714285,86.48913582792481,133.25372342171354,205.51059396903617,-446.78978210584125,-545.6093900150594,-98.81960790921812,2.1385631108922616,35.6336547365146,33.495091625622344,3.2382412180304527,63.64026016741991,6,1,0.5714285714285714,True,True,25.266666666666666,100.0,True,100m
1517.0,3_satellites,100.0,3,0.4285714285714285,81.54368855285686,137.31440908014642,205.45307117241876,-447.3951342041514,-546.177536144424,-98.78240194027262,1.3943173550069332,35.51391202637127,34.11959467136434,2.1145155653357506,63.6259675770998,6,1,0.5714285714285714,True,True,25.283333333333335,100.0,True,100m
1518.0,3_satellites,100.0,3,0.4285714285714285,86.58903740488161,132.80033599358228,205.3953232767017,-441.92346613541207,-540.6684584568488,-98.74499232143675,3.212580759078264,35.76648125158889,32.55390049251063,5.032590307295322,63.937018163502216,7,1,0.5714285714285714,True,True,25.3,100.0,True,100m
1519.0,3_satellites,100.0,3,0.4285714285714285,86.69192601114177,130.26199162937138,205.3374363454451,-435.5577292266005,-534.2652263326305,-98.70749710603002,0.9530948554830893,35.07618337816426,34.123088522681165,1.434399839490652,62.93900448456407,6,1,0.5714285714285714,True,True,25.316666666666666,100.0,True,100m
1520.0,3_satellites,100.0,3,0.375,84.65683237877364,55.40409960728046,132.61682992981446,-434.6361121785109,-479.9973378856825,-45.36122570717157,2.758945634122938,34.457054207567126,31.698108573444188,5.619173668324947,53.834380462765694,6,1,0.625,True,True,25.333333333333332,100.0,True,100m
1521.0,3_satellites,100.0,3,0.375,75.96599352331098,64.81855746050972,132.5881219023453,-437.56282566737855,-482.9066837735487,-45.34385810617016,2.2226146664470434,34.782192521262914,32.55957785481587,5.621024508029223,54.03144370019436,6,1,0.625,True,True,25.35,100.0,True,100m
1522.0,3_satellites,100.0,3,0.375,84.50068712073157,58.34104391678699,132.55930768547145,-431.6407049813982,-476.96707035427727,-45.32636537287908,2.237117073033005,34.54720452334732,32.31008745031431,4.802496924996376,53.831382997334,6,1,0.625,True,True,25.366666666666667,100.0,True,100m
1523.0,3_satellites,100.0,3,0.4285714285714285,63.530842643596806,159.92360120360098,205.10494462136708,-448.9689279059863,-547.5259279966486,-98.55700009066236,2.770757650158235,36.701774830264704,33.93101718010647,4.0181555561721325,65.50868787616491,7,1,0.5714285714285714,True,True,25.383333333333333,100.0,True,100m
1524.0,3_satellites,100.0,3,0.5,85.12664725469274,71.54755148976156,122.73329918869788,-426.0737115339281,-419.4667857206073,6.6069258133208,1.797724340731899,23.23286259298523,21.43513825225333,2.96843471378088,46.20008196681738,3,0,0.5,True,True,25.4,100.0,True,100m
1525.0,3_satellites,100.0,3,0.5,75.90686869560173,74.01144713927654,122.72526189612572,-430.4819477629202,-423.8547827463647,6.62716501655558,2.0976976367334523,24.6458653503408,22.548167713607352,3.025456350296736,48.81583114340901,3,0,0.5,True,True,25.416666666666668,100.0,True,100m
1526.0,3_satellites,100.0,3,0.5,80.14167863800796,69.45222117668847,122.71717379614826,-425.6141893318887,-418.9667370567728,6.6474522751158815,1.9172522568454344,24.7421540611734,22.824901804327965,3.158864971250296,48.954260397702456,3,0,0.5,True,True,25.433333333333334,100.0,True,100m
1527.0,3_satellites,100.0,3,0.4285714285714285,91.99570939306795,78.22767777264504,155.6265498466916,-412.45969203779447,-451.168965653868,-38.70927361607357,2.1959008212600435,21.18613813444972,18.99023731318968,4.38989158347249,44.72594473138452,4,0,0.5714285714285714,True,True,25.45,100.0,True,100m
1528.0,3_satellites,100.0,3,0.375,85.75167728253449,55.27228815750328,132.38641222653564,-411.5358030448414,-456.7573151685701,-45.22151212372876,1.5053158961236477,33.47952961269766,31.974213716574013,3.864515140652657,56.714876774698496,6,2,0.625,True,True,25.466666666666665,100.0,True,100m
1529.0,3_satellites,100.0,3,0.375,87.9100963161668,53.79306593244651,132.3575320504964,-409.22057938206353,-454.4245634495064,-45.20398406744289,1.0243880613707006,34.27214769134298,33.24775962997228,2.435539580881596,57.65572611615062,6,2,0.625,True,True,25.483333333333334,100.0,True,100m
1530.0,3_satellites,100.0,3,0.375,85.42524161091909,57.35387656512404,132.3286583024513,-409.1280917794908,-454.31456467662616,-45.18647289713533,2.2866765200160444,35.35583076952025,33.06915424950421,5.687151603400707,56.66476990282536,6,1,0.625,True,True,25.5,100.0,True,100m
1531.0,3_satellites,100.0,3,0.4285714285714285,81.46703446149813,135.60695447711356,204.63230792443144,-409.25198023787016,-507.5021440628796,-98.2501638250094,2.594540395374809,34.6525670029223,32.05802660754749,4.738449443131685,61.82633662223816,7,1,0.5714285714285714,True,True,25.516666666666666,100.0,True,100m
1532.0,3_satellites,100.0,3,0.5,89.82569966250672,63.95464383867552,142.83480914666518,-399.50007544441456,-444.5916992535778,-45.09162380916325,0.6807062979787588,32.2375714921703,31.55686519419153,1.2185868695378304,57.00011808052659,3,2,0.6666666666666666,True,True,25.533333333333335,100.0,True,100m
1533.0,3_satellites,100.0,3,0.4285714285714285,77.58007264179913,142.59655456759324,204.51289551844704,-410.3862808700616,-508.55888802577545,-98.17260715571388,1.2604818807116576,35.49263108841011,34.23214920769845,2.28239506483078,63.73537674173713,6,1,0.5714285714285714,True,True,25.55,100.0,True,100m
1534.0,3_satellites,100.0,3,0.4285714285714285,80.08675981389545,138.071026999667,204.4528627328979,-402.8590137850556,-500.9925758350024,-98.13356204994676,1.997644951300961,36.23532305764301,34.237678106342045,3.2349347695708275,64.68397641554475,6,1,0.5714285714285714,True,True,25.566666666666666,100.0,True,100m
1535.0,3_satellites,100.0,3,0.4285714285714285,87.75482314375405,126.53220753026916,204.39260963998728,-392.7694851247702,-490.86381389253,-98.09432876775976,0.877908606082201,34.44244406798056,33.56453546189836,1.7104039192199707,61.54357318580151,6,1,0.5714285714285714,True,True,25.583333333333332,100.0,True,100m
1536.0,3_satellites,100.0,3,0.5,83.83723895005907,69.0152850410886,142.4220662234212,-392.9562623923807,-437.7497570473216,-44.7934946549409,0.4264266521980365,32.80413577146828,32.37770911927024,1.026349440217018,58.54316274449229,3,2,0.6666666666666666,True,True,25.6,100.0,True,100m
1537.0,3_satellites,100.0,3,0.5,82.38616810612497,71.19018754126165,142.31830357533732,-395.7141798923784,-440.4326591135129,-44.71847922113449,1.6284517621000607,33.80376093772551,32.17530917562544,3.85788656771183,58.23366374149919,3,2,0.6666666666666666,True,True,25.616666666666667,100.0,True,100m
1538.0,3_satellites,100.0,3,0.5,85.61857268586482,65.93349318887144,142.2142418077963,-393.007678994344,-437.650877879981,-44.64319888563705,1.1435004994273186,32.808538024003305,31.66503752457599,2.2590646892786026,57.02227187156677,3,2,0.6666666666666666,True,True,25.633333333333333,100.0,True,100m
1539.0,3_satellites,100.0,3,0.4285714285714285,80.50104757419045,136.6769159643507,204.1508349609051,-397.524341388614,-495.4614090053449,-97.937067616731,0.947472594678402,35.21281844750047,34.265345852822065,1.7864834740757942,63.215319998562336,6,1,0.5714285714285714,True,True,25.65,100.0,True,100m
1540.0,3_satellites,100.0,3,0.4285714285714285,86.44187927813344,129.5283131393514,204.08991619032363,-391.48440470575576,-489.3817723478924,-97.89736764213666,1.3938944994338922,34.74551521241665,33.35162071298276,2.736573483794928,62.37774799019098,6,1,0.5714285714285714,True,True,25.666666666666668,100.0,True,100m
1541.0,3_satellites,100.0,3,0.4285714285714285,71.48654843286988,145.0503066606905,204.0290630813477,-403.17126173272027,-501.0290760596931,-97.85781432697286,2.5149425151092664,36.1253750265709,33.61043251146163,3.691799644380808,64.05880473926663,7,1,0.5714285714285714,True,True,25.683333333333334,100.0,True,100m
1542.0,3_satellites,100.0,3,0.4285714285714285,75.29753858633079,140.3854051972688,203.96788184827733,-401.33123953301686,-499.14917399970807,-97.8179344666912,1.8131691164204051,35.4494140041726,33.63624488775219,3.053627859801054,62.849576853215694,6,1,0.5714285714285714,True,True,25.7,100.0,True,100m
1543.0,3_satellites,100.0,3,0.5,79.54233320434052,71.00828015190295,141.690698655362,-397.3910370995737,-441.6551693623517,-44.26413226277805,0.9556565197805564,33.16627088934183,32.21061436956128,1.7938579581677914,59.74770298600197,3,2,0.6666666666666666,True,True,25.716666666666665,100.0,True,100m
1544.0,3_satellites,100.0,3,0.5,85.18322918782924,65.05525907369261,141.58524156423812,-398.22794941228494,-442.4156234985029,-44.187674086217896,2.0561600141227245,33.15010721671084,31.09394720258812,4.503925338387489,56.729545559734106,4,2,0.6666666666666666,True,True,25.733333333333334,100.0,True,100m
1545.0,3_satellites,100.0,3,0.4285714285714285,66.95089078252012,150.3128886296195,203.78369786696015,-415.6522225277504,-513.3501540265217,-97.69793149877135,2.815429775310414,35.8492508046329,33.03382102932249,4.418151661753655,63.18215961009264,7,1,0.5714285714285714,True,True,25.75,100.0,True,100m
1546.0,3_satellites,100.0,3,0.4285714285714285,84.87243563795823,130.92338289418134,203.7218203500722,-406.9387165479223,-504.596197644556,-97.65748109663366,2.198796690574714,34.090394421879736,31.89159773130502,5.613114703446627,62.12973213940859,5,1,0.5714285714285714,True,True,25.766666666666666,100.0,True,100m
1547.0,3_satellites,100.0,3,0.375,75.83205988862196,63.20504340053535,131.8357480370408,-412.9777147394663,-457.86470202514346,-44.88698728567721,2.3337207343429327,35.01556435460225,32.681843620259315,6.295315656810999,58.421637676656246,6,1,0.625,True,True,25.783333333333335,100.0,True,100m
1548.0,3_satellites,100.0,3,0.375,69.01632678210741,72.53858616438231,131.8066772660788,-420.6881006347561,-465.5574277221432,-44.86932708738709,1.849219055380672,34.42794962134212,32.57873056596145,2.8334780260920525,54.75348465144634,6,1,0.625,True,True,25.8,100.0,True,100m
1549.0,3_satellites,100.0,3,0.375,75.47422779854354,63.381132703335226,131.7775130832593,-416.02789732185846,-460.87944911146445,-44.85155178960599,1.5366214346140623,34.55016876291484,33.013547328300774,2.8208122551441197,55.99526767805219,6,1,0.625,True,True,25.816666666666666,100.0,True,100m
1550.0,3_satellites,100.0,3,0.375,65.82433867048184,74.55895288688708,131.74841982531066,-424.6757735750877,-469.50965411581865,-44.833880540731,2.264403898268938,34.90485309669748,32.64044919842854,5.807976763695478,57.01861519366503,6,1,0.625,True,True,25.833333333333332,100.0,True,100m
1551.0,3_satellites,100.0,3,0.375,81.66151362216824,55.63790240901793,131.71918723840605,-414.5479620237541,-459.3639887452521,-44.81602672149796,2.4637037571519613,34.533091933932155,32.069388176780194,5.9327394142746925,58.27155374735594,6,1,0.625,True,True,25.85,100.0,True,100m
1552.0,3_satellites,100.0,3,0.375,71.79709132397385,67.96486005573668,131.69007524695976,-425.7984068847439,-470.596749513166,-44.79834262842206,2.182409819215536,34.71224586060271,32.52983604138717,4.935287326574326,56.871402360498905,6,1,0.625,True,True,25.866666666666667,100.0,True,100m
1553.0,3_satellites,100.0,3,0.375,80.03112351827833,57.26720801272626,131.66086443710836,-420.2960362658897,-465.0765613644096,-44.78052509851983,2.3670986820943654,34.907085123006254,32.53998644091189,4.95080104470253,58.512363493442535,6,2,0.625,True,True,25.883333333333333,100.0,True,100m
1554.0,3_satellites,100.0,3,0.375,66.99314755045641,72.44494981844187,131.6317359252264,-432.48624339595176,-477.2490801793961,-44.76283678344436,2.545591947622597,35.16306294687092,32.617470999248326,5.556254796683788,56.82366815209389,6,1,0.625,True,True,25.9,100.0,True,100m
1555.0,3_satellites,100.0,3,0.375,70.17087624769451,71.03691626627521,131.6025335921283,-434.30721439779865,-479.0522615919882,-44.74504719418962,1.7709956555627286,35.16098511964083,33.3899894640781,3.260397147387266,58.04499759525061,6,2,0.625,True,True,25.916666666666668,100.0,True,100m
1556.0,3_satellites,100.0,3,0.375,71.0560641759195,67.53938346635346,131.57331034437385,-434.027286198948,-478.754528334601,-44.727242135653,2.617966143414378,35.33822156582028,32.7202554224059,6.107689402997494,56.94497646391392,6,1,0.625,True,True,25.933333333333334,100.0,True,100m
1557.0,3_satellites,100.0,3,0.4285714285714285,74.47872257880816,142.53537410855898,203.0333428959653,-440.29128332170296,-537.499183850837,-97.207900529134,1.3959463015198708,34.35371278386031,32.95776648234044,3.219315364956856,61.860614486038685,5,1,0.5714285714285714,True,True,25.95,100.0,True,100m
1558.0,3_satellites,100.0,3,0.4285714285714285,88.52274042923136,123.75439636891664,202.96963674435196,-427.3975653253228,-524.5637137444343,-97.1661484191115,2.184761226177216,34.90930929620351,32.724548070026295,5.229489650577307,61.19520096853376,6,1,0.5714285714285714,True,True,25.966666666666665,100.0,True,100m
1559.0,3_satellites,100.0,3,0.4285714285714285,81.09622748981438,133.13859444160855,202.90614652245992,-437.7231959796147,-534.8478628612963,-97.12466688168166,0.7429204418190888,34.7360778243414,33.99315738252231,1.4802898354828358,61.66122696921229,6,1,0.5714285714285714,True,True,25.983333333333334,100.0,True,100m
1560.0,3_satellites,100.0,3,0.375,76.88200020458508,63.39177687843406,131.4563623813631,-444.58879336816335,-489.24478502314753,-44.65599165498418,1.601639290805906,32.91682272031903,31.315183429513127,3.064939826726913,52.56581840664148,6,1,0.625,True,True,26.0,100.0,True,100m
1561.0,3_satellites,100.0,3,0.4285714285714285,79.17067140870668,134.87775982197888,202.77852417564196,-447.5225936830647,-544.5637702696242,-97.04117658655952,1.5717561841011047,34.88473655230233,33.312980368201224,2.422881830483675,62.04272766038776,6,1,0.5714285714285714,True,True,26.016666666666666,100.0,True,100m
1562.0,3_satellites,100.0,3,0.4285714285714285,80.88564389530332,135.90779737266274,202.71452217802775,-451.6360280850341,-548.6353212907201,-96.99929320568594,3.2066748259322986,35.74943923364793,32.54276440771563,4.785219822078943,63.09949194267392,7,1,0.5714285714285714,True,True,26.033333333333335,100.0,True,100m
1563.0,3_satellites,100.0,3,0.375,81.58832038981275,57.63341162661429,131.36851603110574,-454.5418361113153,-499.1442863047132,-44.60245019339783,1.9445495465770364,33.37862067529932,31.43407112872228,3.139966819435358,52.527398843318224,6,1,0.625,True,True,26.05,100.0,True,100m
1564.0,3_satellites,100.0,3,0.4285714285714285,91.9614240839334,121.88029644909894,202.5858837522012,-454.8774059057194,-551.7924154156282,-96.91500950990876,1.1952727335904323,34.75605387240648,33.56078113881605,2.826167803257704,62.30634715408087,5,1,0.5714285714285714,True,True,26.066666666666666,100.0,True,100m
1565.0,3_satellites,100.0,3,0.375,78.0536284399164,61.78676803446685,131.30992718372374,-469.8725379483775,-514.4392960572997,-44.56675810892216,2.0370656144805253,34.44946970278397,32.41240408830345,3.7978318966925135,54.34448738023639,6,1,0.625,True,True,26.083333333333332,100.0,True,100m
1566.0,3_satellites,100.0,3,0.375,81.68064776703358,56.84961744344773,131.28059150645578,-469.8476520518432,-514.3965170523506,-44.54886500050748,1.524074569810182,34.49806096497923,32.97398639516905,3.5272819064557552,55.8210137039423,6,1,0.625,True,True,26.1,100.0,True,100m
1567.0,3_satellites,100.0,3,0.375,85.88508410150995,52.39379296462995,131.25124423649942,-471.17812208251127,-515.7090841871,-44.530962104588696,2.3499844134785235,35.042099464684725,32.6921150512062,6.0075545981526375,57.17175852507353,6,1,0.625,True,True,26.116666666666667,100.0,True,100m
1568.0,3_satellites,100.0,3,0.375,82.17363023750484,58.11160910210358,131.22193215655457,-476.1335294398691,-520.6466404080265,-44.51311096815744,1.0326343411579728,33.633199534378946,32.60056519322097,1.6394809633493423,54.386332772672176,6,1,0.625,True,True,26.133333333333333,100.0,True,100m
1569.0,3_satellites,100.0,3,0.375,95.11941346124938,42.63163786067189,131.19251520111575,-466.9629591914753,-511.45808858343815,-44.495129391962905,1.104134188964963,33.97978170821443,32.87564751924947,2.653051447123289,56.33974277228117,6,1,0.625,True,True,26.15,100.0,True,100m
1570.0,3_satellites,100.0,3,0.4285714285714285,85.59156961048129,82.62232583743213,155.6452374931555,-476.9293681376104,-515.6122419250797,-38.682873787469305,1.6836797946265765,22.055906079177344,20.37222628455077,2.756901066750288,48.13409420847893,4,0,0.5714285714285714,True,True,26.166666666666668,100.0,True,100m
1571.0,3_satellites,100.0,3,0.375,80.98663710101343,59.59506802420788,131.13385627830178,-479.2945396141547,-523.753957610663,-44.45941799650825,1.9674769365228717,33.681782389525324,31.714305453002453,3.2809439040720463,52.9647284373641,6,1,0.625,True,True,26.183333333333334,100.0,True,100m
1572.0,3_satellites,100.0,3,0.375,84.91255421498771,54.2745807642056,131.10444604053154,-479.13860942161193,-523.5800769664162,-44.441467544804254,2.036794887389988,34.24879606254399,32.212001175154,4.672641813755035,54.27464987710118,6,1,0.625,True,True,26.2,100.0,True,100m
1573.0,3_satellites,100.0,3,0.375,85.3601268104547,53.33550185380841,131.0750520390908,-478.2438656863218,-522.6674061315412,-44.42354044521937,1.8473445675335824,34.1362119903788,32.288867422845215,4.275180459022522,54.789294455200434,6,1,0.625,True,True,26.216666666666665,100.0,True,100m
1574.0,3_satellites,100.0,3,0.4285714285714285,71.4142133526756,97.77392777602772,165.82218770980538,-489.3020102489348,-560.830641640166,-71.52863139123127,1.1900146843067236,35.27841842440622,34.0884037400995,2.97264888510108,60.13127768039704,5,2,0.5714285714285714,True,True,26.233333333333334,100.0,True,100m
1575.0,3_satellites,100.0,3,0.4285714285714285,75.15898741160917,94.01995326666804,165.753431680893,-486.47714468047536,-557.9574597480711,-71.48031506759571,2.5127435284001485,34.80853586856808,32.29579234016793,4.498195346444845,58.685205314308405,5,2,0.5714285714285714,True,True,26.25,100.0,True,100m
1576.0,3_satellites,100.0,3,0.375,81.44340918146223,57.12557426489696,130.98682472854944,-481.53958538526166,-525.9093256971155,-44.36974031185383,2.332806889899075,35.09178374148905,32.75897685158998,5.9327867813408375,54.911551266908646,6,3,0.625,True,True,26.266666666666666,100.0,True,100m
1577.0,3_satellites,100.0,3,0.375,73.81366246449033,65.47905138636807,130.95742785532772,-486.78311125817936,-531.1349470773586,-44.3518358191792,0.8418669546954334,33.5920101320371,32.75014317734167,1.759059865027666,55.41663250699639,6,1,0.625,True,True,26.283333333333335,100.0,True,100m
1578.0,3_satellites,100.0,3,0.375,72.39022402309003,67.24014961424892,130.9279891747822,-489.0033779924917,-533.3372576674584,-44.33387967496668,0.9698740965686738,33.46944815013558,32.4995740535669,1.6903795190155506,54.31771017611027,6,1,0.625,True,True,26.3,100.0,True,100m
1579.0,3_satellites,100.0,3,0.375,78.85620042054249,62.14322270691382,130.89849139835837,-484.52183083237713,-528.8376910174853,-44.31586018510819,2.1849256474524736,34.4584834757261,32.273557828273624,4.628219522535801,54.36725922301412,6,2,0.625,True,True,26.316666666666666,100.0,True,100m
1580.0,3_satellites,100.0,3,0.375,77.49948133422431,62.95912081461056,130.86902758288687,-485.1591913306012,-529.4570746786661,-44.29788334806494,1.2682674871757629,33.91903370432556,32.650766217149794,1.9706254042685032,54.60660243034363,6,1,0.625,True,True,26.333333333333332,100.0,True,100m
1581.0,3_satellites,100.0,3,0.375,82.38835683071666,59.35183080464211,130.83950278990767,-480.2410930874655,-524.5209403488752,-44.279847261409714,4.025005924981088,35.71808358095586,31.693077655974776,7.579262442886829,54.919693645089865,6,1,0.625,True,True,26.35,100.0,True,100m
1582.0,3_satellites,100.0,3,0.375,70.37672298628281,66.18594418293601,130.81008615464387,-488.03129353011616,-532.293218314878,-44.261924784761845,2.1236304198391736,32.99251112341881,30.868880703579634,4.505401317030191,56.12276507541537,5,2,0.625,True,True,26.366666666666667,100.0,True,100m
1583.0,3_satellites,100.0,3,0.4285714285714285,82.99435861180638,85.3884710007664,165.20353631289018,-478.4733787295351,-549.5672971854744,-71.09391845593939,1.9010352188987392,33.12266356391566,31.22162834501692,3.5656072050333023,56.90726205706597,5,2,0.5714285714285714,True,True,26.383333333333333,100.0,True,100m
1584.0,3_satellites,100.0,3,0.375,73.16958916203484,66.21037635818787,130.75103477687534,-487.6616744062353,-531.8875415721449,-44.22586716590956,1.5503293038345871,34.59681198513135,33.046482681296766,4.346347980201244,56.081139255315065,6,1,0.625,True,True,26.4,100.0,True,100m
1585.0,3_satellites,100.0,3,0.375,78.10533794794942,60.83116490109878,130.72148728407333,-483.5681162511931,-527.7759238331151,-44.20780758192205,1.2056400044821205,33.83563606673852,32.6299960622564,3.3232565000653267,55.13956797495484,6,2,0.625,True,True,26.416666666666668,100.0,True,100m
1586.0,3_satellites,100.0,3,0.375,81.2656190460684,57.128119559949496,130.69192608454514,-478.53696413094553,-522.7267051813668,-44.18974105042128,1.2576192943379283,33.319862314965576,32.06224302062765,2.4160305820405483,54.13240968063474,6,1,0.625,True,True,26.433333333333334,100.0,True,100m
1587.0,3_satellites,100.0,3,0.375,89.03691583242765,50.671060005385336,130.662330337033,-475.12968100864737,-519.3013191570398,-44.17163814839239,1.8845926015637813,33.32813392113894,31.44354131957516,3.607165653258562,52.735864259302616,6,1,0.625,True,True,26.45,100.0,True,100m
1588.0,3_satellites,100.0,3,0.375,81.08673699600809,58.16112438907416,130.63280225077855,-479.88135716418685,-524.034982849856,-44.15362568566911,0.879485035315156,33.94195770146325,33.062472666148096,2.5523884668946266,55.659436482936144,6,2,0.625,True,True,26.466666666666665,100.0,True,100m
1589.0,3_satellites,100.0,3,0.375,87.91185945198427,52.41153791262317,130.60318514205724,-473.5427058824547,-517.6782129473537,-44.135507064899,2.354822783730924,34.06308055995032,31.7082577762194,3.874866239726544,53.29019982367754,6,1,0.625,True,True,26.483333333333334,100.0,True,100m
1590.0,3_satellites,100.0,3,0.375,85.2463728003506,55.14092599693765,130.57360604054986,-474.7502265129162,-518.8676671174233,-44.11744060450707,1.7658823332749307,34.74678631545976,32.98090398218483,4.933847218751907,55.9487214460969,6,1,0.625,True,True,26.5,100.0,True,100m
1591.0,3_satellites,100.0,3,0.375,89.40248153389697,50.14432780210039,130.54398159310614,-472.18399929551856,-516.2833183673316,-44.099319071813056,1.5208274354226887,34.71541099343449,33.1945835580118,3.971924226731062,56.00668121129274,6,1,0.625,True,True,26.516666666666666,100.0,True,100m
1592.0,3_satellites,100.0,3,0.375,88.73707636313699,47.80143797841682,130.51436444553565,-468.77028575766,-512.8514985011565,-44.08121274349645,2.576516020577401,33.67156459251419,31.095048571936783,5.354234740138054,52.826096065342426,6,1,0.625,True,True,26.533333333333335,100.0,True,100m
1593.0,3_satellites,100.0,3,0.5,85.30904481334433,74.49166505930258,122.21615949698668,-479.7123411942316,-471.7408624215083,7.971478772723231,2.6115869687249265,25.86344362857441,23.251856659849484,5.196307957172394,51.31505516543984,3,1,0.5,True,True,26.55,100.0,True,100m
1594.0,3_satellites,100.0,3,0.375,76.62856729344456,65.28181762230986,130.45517186688198,-483.8421435037185,-527.8872160448653,-44.04507254114685,2.9062427734024823,33.16556622926146,30.259323455858976,5.661261450499296,51.76018922775984,6,2,0.625,True,True,26.566666666666666,100.0,True,100m
1595.0,3_satellites,100.0,3,0.4285714285714285,89.40689880996095,122.6917768094834,200.52185921412936,-473.93010678806655,-569.4893974325391,-95.55929064447258,1.47754095228655,36.05609916629536,34.57855821400881,2.510260157287121,63.65500462800264,6,1,0.5714285714285714,True,True,26.583333333333332,100.0,True,100m
1596.0,3_satellites,100.0,3,0.4285714285714285,92.08699504689734,119.57660815784423,200.4529226563,-472.74411680148006,-568.2579569067044,-95.51384010522436,1.7829174000237669,36.25889240524599,34.47597500522222,2.784307163208723,63.92300336062908,6,1,0.5714285714285714,True,True,26.6,100.0,True,100m
1597.0,3_satellites,100.0,3,0.375,90.47834322335314,46.159132453195774,130.366097451707,-472.201632643759,-516.1921682494058,-43.99053560564676,1.6757748178206384,34.72094545233995,33.04517063451931,4.056517090648413,57.27606846019626,6,1,0.625,True,True,26.616666666666667,100.0,True,100m
1598.0,3_satellites,100.0,3,0.4285714285714285,93.10561553442471,119.60385798386456,200.3146971971569,-474.785434198625,-570.2081409227109,-95.42270672408586,1.6532068901828356,34.74655532890132,33.093348438718486,3.519137550145388,61.01974730938673,6,1,0.5714285714285714,True,True,26.633333333333333,100.0,True,100m
1599.0,3_satellites,100.0,3,0.375,72.60176023956491,71.29459733798475,130.3068134982352,-490.4179128278397,-534.372248456947,-43.95433562910733,4.019899901933968,33.88618518458679,29.866285282652825,6.90720472484827,53.89390496909618,6,2,0.625,True,True,26.65,100.0,True,100m
1600.0,3_satellites,100.0,3,0.4285714285714285,91.16993422546996,123.8491081028874,200.17593791677257,-479.4969423853106,-574.8281441309292,-95.3312017456186,1.4991576155381543,35.93033274476017,34.43117512922202,3.10049295052886,62.968848787248135,6,1,0.5714285714285714,True,True,26.666666666666668,100.0,True,100m
1601.0,3_satellites,100.0,3,0.375,93.26844481893836,43.70634134405635,130.24725267531375,-476.66582884803705,-520.5836272709414,-43.91779842290436,3.4261114890687168,36.48294137325138,33.05682988418266,8.259916130453348,61.09061849862337,6,1,0.625,True,True,26.683333333333334,100.0,True,100m
1602.0,3_satellites,100.0,3,0.4285714285714285,104.02075784987125,25.021354747891653,107.69747352278856,-473.88080846924686,-508.0749783042792,-34.19416983503231,2.3536582025034085,34.73613493463823,32.38247673213482,5.628823909908533,53.123423252254725,5,1,0.5714285714285714,True,True,26.7,100.0,True,100m
1603.0,3_satellites,100.0,3,0.375,93.34047567429688,41.47036526889589,130.1877601344113,-477.98169965482657,-521.8630729623809,-43.88137330755433,5.852511279284954,36.32834438886493,30.47583310957998,16.560997903347015,61.63955570757389,6,1,0.625,True,True,26.716666666666665,100.0,True,100m
1604.0,3_satellites,100.0,3,0.375,82.48912752789194,58.13153538466056,130.1580688098517,-492.7116803886525,-536.5749171258386,-43.86323673718613,4.057479405775666,36.824358619283885,32.76687921350822,9.335335735231638,59.03311571851373,6,2,0.625,True,True,26.733333333333334,100.0,True,100m
1605.0,3_satellites,100.0,3,0.375,90.31275305109088,48.44488782840431,130.1282720497155,-490.8061474917172,-534.6511055953647,-43.84495810364752,2.26157292816788,34.68815446551889,32.42658153735101,4.091576207429171,55.524886928498745,6,1,0.625,True,True,26.75,100.0,True,100m
1606.0,3_satellites,100.0,3,0.375,100.26719412791412,38.64972035699662,130.09844514158465,-488.8787218261987,-532.7053761608878,-43.82665433468907,1.4802657668478787,34.60411056317389,33.12384479632601,4.0576518550515175,56.54380248859525,6,1,0.625,True,True,26.766666666666666,100.0,True,100m
1607.0,3_satellites,100.0,3,0.375,90.86210286742184,48.89707663497653,130.068701847518,-498.4765000916369,-542.2849662344858,-43.80846614284883,1.1695573274046185,34.25432822806761,33.08477090066299,3.429360080510378,55.83076829463244,6,2,0.625,True,True,26.783333333333335,100.0,True,100m
1608.0,3_satellites,100.0,3,0.375,91.78769839636324,46.94388485430979,130.03887913612996,-496.7272830590757,-540.5174715102274,-43.79018845115172,2.6682458729483187,35.6389840641059,32.97073819115758,7.171299733221531,59.54901485517621,6,1,0.625,True,True,26.8,100.0,True,100m
1609.0,3_satellites,100.0,3,0.375,90.25897813481734,47.742181332971256,130.00907913605818,-497.3140782698727,-541.0860098141089,-43.77193154423628,1.2782082380726931,34.69931901572272,33.42111077765003,2.4958885312080383,56.58106257766485,6,2,0.625,True,True,26.816666666666666,100.0,True,100m
1610.0,3_satellites,100.0,3,0.375,90.44722281097005,52.79060830744519,129.9792548074957,-499.802744643304,-543.556403488247,-43.75365884494301,2.228356712963432,34.708642687648535,32.4802859746851,4.796053424477577,54.751051027327776,6,2,0.625,True,True,26.833333333333332,100.0,True,100m
1611.0,3_satellites,100.0,3,0.4285714285714285,91.63896648556984,120.21801217634622,199.40199179925816,-496.41389577503855,-591.2338866449043,-94.8199908698657,1.297945556363889,34.5092757546476,33.211330198283704,3.208413414657116,61.30267462134361,4,1,0.5714285714285714,True,True,26.85,100.0,True,100m
1612.0,3_satellites,100.0,3,0.375,97.38674108545476,46.98940241465454,129.91952207169976,-492.7243790391515,-536.4413967248025,-43.71701768565106,3.001509721390903,35.288086659274995,32.28657693788409,4.68729867041111,55.396760411560535,6,2,0.625,True,True,26.866666666666667,100.0,True,100m
1613.0,3_satellites,100.0,3,0.375,100.3212273332332,35.924453281797696,129.88964142917877,-486.7684442491689,-530.4671205875151,-43.69867633834616,2.626161061692983,34.671292836312205,32.04513177461922,5.300696175545454,61.05342661589384,6,2,0.625,True,True,26.883333333333333,100.0,True,100m
1614.0,3_satellites,100.0,3,0.375,88.50843527990625,51.69961696268205,129.85983508162295,-494.70302391071095,-538.38346764848,-43.680443737769,2.5369198163971305,33.227859989739954,30.690940173342824,3.17188598588109,53.89138839021325,6,1,0.625,True,True,26.9,100.0,True,100m
1615.0,3_satellites,100.0,3,0.375,89.02980965879978,47.50795961533594,129.82994616152197,-490.6510977313028,-534.3132028805878,-43.66210514928503,1.339306396432221,34.234536208212376,32.895229811780155,3.203191999346018,56.95268151164055,6,2,0.625,True,True,26.916666666666668,100.0,True,100m
1616.0,3_satellites,100.0,3,0.375,91.92828692678778,45.88972808480637,129.80003078472632,-485.5537342357891,-529.1974823880914,-43.64374815230235,1.9623209941200912,35.448867911007255,33.486546916887164,4.562346510589123,59.46135830506682,6,2,0.625,True,True,26.933333333333334,100.0,True,100m
1617.0,3_satellites,100.0,3,0.375,96.63260928321048,41.63098209009077,129.7701078073398,-480.8758922429426,-524.5012690990543,-43.6253768561117,0.7561116358265281,34.16275251517072,33.406640879344195,1.3791746087372303,56.57139714062214,6,2,0.625,True,True,26.95,100.0,True,100m
1618.0,3_satellites,100.0,3,0.375,97.47083080929023,39.44531708133689,129.7401785650482,-474.9080930960684,-518.515102624367,-43.60700952829865,2.089907073415816,33.91710398811847,31.82719691470265,5.330184526741505,56.08682074397802,6,1,0.625,True,True,26.966666666666665,100.0,True,100m
1619.0,3_satellites,100.0,3,0.375,96.74679538424176,41.50928276641408,129.7102576412872,-472.7310462682049,-516.3197004059444,-43.588654137739525,1.673254216555506,34.51290016574785,32.839645949192345,4.678518619388342,57.94936968758702,6,1,0.625,True,True,26.983333333333334,100.0,True,100m
1620.0,3_satellites,100.0,3,0.375,93.80873880774617,46.36422481407934,129.68033214674708,-473.2220609134583,-516.792363328686,-43.57030241522767,2.7939500375650823,34.551558057777584,31.7576080202125,7.22161677852273,57.18205589056015,6,1,0.625,True,True,27.0,100.0,True,100m
1621.0,3_satellites,100.0,3,0.4285714285714285,73.90296297850325,92.1209733034912,162.5927423104121,-484.1673040294798,-553.4251053446524,-69.25780131517257,1.3538478421313422,34.642273486192735,33.2884256440614,2.550028081983328,61.3617098107934,5,2,0.5714285714285714,True,True,27.016666666666666,100.0,True,100m
1622.0,3_satellites,100.0,3,0.4285714285714285,85.64041691784523,123.39882210662296,198.6105592807673,-472.0093807211574,-566.305480911689,-94.29610019053156,0.5872165209480694,34.583976635975496,33.99676011502743,1.4877806641161442,60.97272649779916,4,1,0.5714285714285714,True,True,27.033333333333335,100.0,True,100m
1623.0,3_satellites,100.0,3,0.375,83.78622542045406,58.24487045118335,129.59051768245735,-472.0304650095841,-515.5456778924747,-43.51521288289064,2.9927136274054646,34.149093275889754,31.15637964848429,5.084745746105909,52.371422093361616,6,2,0.625,True,True,27.05,100.0,True,100m
1624.0,3_satellites,100.0,3,0.375,78.87428842886716,61.64566394495829,129.56056038712364,-470.1540241899572,-513.650860918642,-43.4968367286848,2.5171115319244564,34.55994270648807,32.04283117456362,5.918754860758781,54.63719659298658,6,2,0.625,True,True,27.066666666666666,100.0,True,100m
1625.0,3_satellites,100.0,3,0.375,87.84076684697557,52.68909483776591,129.53051959356773,-459.3018551847729,-502.78021668607465,-43.47836150130172,2.875604866538197,35.63637449638918,32.760769629850984,5.978276155889034,57.40453064441681,6,1,0.625,True,True,27.083333333333332,100.0,True,100m
1626.0,3_satellites,100.0,3,0.375,73.79239882228075,66.04252826122838,129.50059869115103,-467.1860534277999,-510.6460909196926,-43.46003749189271,2.293021224439144,34.72391451569274,32.4308932912536,3.483311709016561,55.568068876862526,6,1,0.625,True,True,27.1,100.0,True,100m
1627.0,3_satellites,100.0,3,0.375,76.30780619081848,63.7198550208624,129.47058234227393,-461.6307304585724,-505.0723278368988,-43.44159737832638,1.7452088808640838,33.995264750439674,32.25005586957559,4.5999207347631454,56.92452586814761,6,1,0.625,True,True,27.116666666666667,100.0,True,100m
1628.0,3_satellites,100.0,3,0.4285714285714285,85.23781182923014,126.77708250345208,198.17148881527496,-451.3683580066337,-545.3733613868136,-94.00500338017991,1.794429149478674,34.43840377777815,32.643974628299475,4.320853628218174,59.96187073364854,6,1,0.5714285714285714,True,True,27.133333333333333,100.0,True,100m
1629.0,3_satellites,100.0,3,0.4285714285714285,85.15181236008007,126.44993079154176,198.0977779100689,-444.7751763510242,-538.7312771218608,-93.95610077083654,1.7902346604636736,34.93350259693606,33.143267936472384,3.8124906606972218,60.8713985979557,6,1,0.5714285714285714,True,True,27.15,100.0,True,100m
1630.0,3_satellites,100.0,3,0.375,87.65797700201882,50.919600481160224,129.38044928406703,-437.7187625092716,-481.1049636971417,-43.38620118787014,3.569154565688222,35.4929927252233,31.92383815953508,8.948882143944502,57.36918397992849,6,1,0.625,True,True,27.166666666666668,100.0,True,100m
1631.0,3_satellites,100.0,3,0.4285714285714285,80.9769103920277,126.39163487874748,197.9499021298549,-434.4228483117839,-528.280825292399,-93.85797698061504,0.8295879938772747,34.74057206990464,33.91098407602736,1.5958493165671823,60.82019052654505,6,1,0.5714285714285714,True,True,27.183333333333334,100.0,True,100m
1632.0,3_satellites,100.0,3,0.4285714285714285,78.4426376143355,133.67750629006846,197.87588493352771,-434.533162722271,-528.3420444557235,-93.80888173345244,2.7959535473159383,36.07088405266404,33.2749305053481,4.783251006156206,63.140727914869785,7,1,0.5714285714285714,True,True,27.2,100.0,True,100m
1633.0,3_satellites,100.0,3,0.4285714285714285,81.55794005138259,126.43091911685794,197.80150599204305,-422.87440633357903,-516.6338812739262,-93.75947494034722,1.113484515675477,34.88551102951169,33.77202651383622,2.510400753468275,60.74114661291242,6,1,0.5714285714285714,True,True,27.216666666666665,100.0,True,100m
1634.0,3_satellites,100.0,3,0.4285714285714285,76.93423476300153,131.59542570155733,197.7271405909061,-419.1575106342008,-512.8676374436809,-93.71012680948012,2.5414056181907654,36.41735696579729,33.875951347606524,4.505925688892603,63.00330390036106,7,1,0.5714285714285714,True,True,27.233333333333334,100.0,True,100m
1635.0,3_satellites,100.0,3,0.375,72.52402440741126,66.9032154537619,129.2302396453869,-419.2041991461925,-462.4981857550908,-43.29398660889831,2.295608616899699,34.29547334415838,31.99986472725868,3.862366259098053,55.00866362452507,6,1,0.625,True,True,27.25,100.0,True,100m
1636.0,3_satellites,100.0,3,0.375,98.04098303329894,37.79130492912251,129.2000233209831,-392.4298158659704,-435.7051463548687,-43.27533048889825,2.423432988114655,35.940115636680275,33.51668264856562,6.176398552954197,59.955078568309546,6,2,0.625,True,True,27.266666666666666,100.0,True,100m
1637.0,3_satellites,100.0,3,0.375,86.26807398080257,52.23541305464798,129.17000139921066,-397.9027834442451,-441.159712236854,-43.2569287926089,1.2984913531690836,33.18241530889645,31.88392395572737,2.4449261128902435,54.11509945616126,6,1,0.625,True,True,27.283333333333335,100.0,True,100m
1638.0,3_satellites,100.0,3,0.375,78.71405005522523,59.008507530364064,129.13992587770326,-395.4192333214356,-438.6577069851001,-43.23847366366442,1.872029153164476,35.39169381791726,33.51966466475278,4.001807492226362,58.52759267017245,6,2,0.625,True,True,27.3,100.0,True,100m
1639.0,3_satellites,100.0,3,0.375,84.47167439198265,52.38305925031325,129.1097834431152,-384.5958871392152,-427.8158175494493,-43.21993041023416,1.69578024931252,34.002568832132965,32.306788582820445,3.3683171682059765,55.09472186490893,6,1,0.625,True,True,27.316666666666666,100.0,True,100m
1640.0,3_satellites,100.0,3,0.375,89.7268700454064,47.04211006130537,129.0796454346688,-373.0441962445162,-416.24559001533055,-43.20139377081432,1.684167951811105,33.466465413570404,31.7822974617593,2.602537963539362,59.198290422558784,6,2,0.625,True,True,27.333333333333332,100.0,True,100m
1641.0,3_satellites,100.0,3,0.375,81.93884194817299,55.83726611887921,129.04954773837505,-373.2559249733541,-416.4388492488352,-43.18292427548107,1.4662702004425228,34.81945656705648,33.353186366613954,3.9155945032835007,56.822121664881706,6,2,0.625,True,True,27.35,100.0,True,100m
1642.0,3_satellites,100.0,3,0.375,85.63571874717886,49.786082555986845,129.0193859598577,-362.3356874860533,-405.50006016310033,-43.16437267704703,1.560490374919027,34.16088526044041,32.60039488552138,3.5385314151644707,56.09332988783717,6,2,0.625,True,True,27.366666666666667,100.0,True,100m
1643.0,3_satellites,100.0,3,0.375,88.3483715832942,49.85164614298333,128.98922185316394,-356.4466254815612,-399.59245346840015,-43.14582798683898,2.575807328335941,34.107220261357725,31.531412933021784,4.376347437500954,53.96714660897851,6,1,0.625,True,True,27.383333333333333,100.0,True,100m
1644.0,3_satellites,100.0,3,0.375,75.2524402395884,61.2307482710933,128.95913909576558,-359.09081282968526,-402.21819253746247,-43.12737970777721,0.858332677744329,32.781247628387064,31.92291495064273,1.8182187527418137,56.025422777980566,6,2,0.625,True,True,27.4,100.0,True,100m
1645.0,3_satellites,100.0,3,0.375,81.59615490204784,58.685646137176064,128.92893727975846,-349.26332169816817,-392.3721205366107,-43.10879883844251,1.6874625445343554,33.77230006083846,32.084837516304106,3.614339929074049,55.80387358367443,6,2,0.625,True,True,27.416666666666668,100.0,True,100m
1646.0,3_satellites,100.0,3,0.375,83.89854369047188,53.2329599981969,128.89874919240333,-342.5415931957534,-385.63182251353777,-43.09022931778435,1.4571952456608417,33.02103255549446,31.563837309833616,3.076824400573969,55.500401843339205,6,2,0.625,True,True,27.433333333333334,100.0,True,100m
1647.0,3_satellites,100.0,3,0.375,95.91840880352906,43.95097681683406,128.86847589462698,-327.7192096888747,-370.7907871909625,-43.07157750208779,5.158537518233061,37.41971778450534,32.26118026627228,12.375861875712872,60.9844246506691,6,1,0.625,True,True,27.45,100.0,True,100m
1648.0,3_satellites,100.0,3,0.375,102.06754311391995,45.49589332674024,128.83826354923903,-316.7760817383424,-359.8290735224612,-43.05299178411877,4.2307664467953146,37.22721464280039,32.99644819600508,10.555862847715616,58.07878145948053,6,3,0.625,True,True,27.466666666666665,100.0,True,100m
1649.0,3_satellites,100.0,3,0.4285714285714285,86.31010042272193,125.48927668508118,196.59485236154143,-323.20134583366536,-416.1588863148122,-92.95754048114684,2.847051269241742,37.732318482228685,34.885267212986946,4.78119507804513,65.54972158744931,7,1,0.5714285714285714,True,True,27.483333333333334,100.0,True,100m
1650.0,3_satellites,100.0,3,0.4285714285714285,90.27348167465954,117.07308730078644,196.51819733095493,-307.4435909198881,-400.3500936211597,-92.90650270127162,2.5085507663232938,35.973575519131764,33.46502475280847,6.340913906693459,62.91769175603986,5,2,0.5714285714285714,True,True,27.5,100.0,True,100m
1651.0,3_satellites,100.0,3,0.4285714285714285,112.06636836088369,95.65545497774372,196.44127496342628,-285.2524268209648,-378.1076370761318,-92.8552102551671,3.2444485378052508,35.75548274176462,32.51103420395936,6.5384523048996925,61.260921895504,7,1,0.5714285714285714,True,True,27.516666666666666,100.0,True,100m
1652.0,3_satellites,100.0,3,0.4285714285714285,73.39730684926944,135.81564029095264,196.36486203547403,-308.7664919043922,-401.57103592420873,-92.80454401981656,5.85291608103684,37.51170686259866,31.658790781561816,13.091200288385153,66.61803833767772,4,3,0.5714285714285714,True,True,27.533333333333335,100.0,True,100m
1653.0,3_satellites,100.0,3,0.5,90.29293476125824,49.78417664902609,128.69342474150355,-289.778944867267,-324.4354786122413,-34.656533744974354,2.816843131557107,36.145735371237,33.328892239679895,5.503361612558365,66.58794032782316,3,3,0.6666666666666666,True,True,27.55,100.0,True,100m
1654.0,3_satellites,100.0,3,0.4285714285714285,75.44166782486073,135.35768778758637,196.2107967802456,-295.6266167236908,-388.328593818238,-92.70197709454716,3.6738106752080575,33.91954481122749,30.245734136019436,8.671842109411955,58.69390276819468,7,1,0.5714285714285714,True,True,27.566666666666666,100.0,True,100m
1655.0,3_satellites,100.0,3,0.4285714285714285,98.25268880260988,109.35049237963108,196.1332782681712,-265.3541470147617,-358.0043805111811,-92.65023349641945,2.0923003405332565,34.68103595237647,32.58873561184321,3.831842456012964,60.33813862875104,5,2,0.5714285714285714,True,True,27.583333333333332,100.0,True,100m
1656.0,3_satellites,100.0,3,0.4285714285714285,100.64280480865122,106.87020131797236,196.05585553887715,-252.6844666525119,-345.28312324067554,-92.59865658816364,1.0053702598171574,34.02082542117153,33.015455161354375,2.2802073433995247,59.00573435053229,5,1,0.5714285714285714,True,True,27.6,100.0,True,100m
1657.0,3_satellites,100.0,3,0.4285714285714285,89.06202506959117,57.82688210364918,131.78816305933927,-257.15213204120505,-294.43120214563595,-37.2790701044309,1.7775350564292498,29.790555874684028,28.013020818254777,3.8510151021182537,60.05235743895173,3,2,0.5714285714285714,True,True,27.616666666666667,100.0,True,100m
1658.0,3_satellites,100.0,3,0.375,94.87568491091264,44.48808439209561,128.5357843210788,-247.16366146726332,-290.030590072485,-42.86692860522163,1.7582212234847248,33.5656292415224,31.80740801803768,3.2001733891665936,55.59621265903115,6,2,0.625,True,True,27.633333333333333,100.0,True,100m
1659.0,3_satellites,100.0,3,0.375,95.06093981190222,42.43477030816861,128.50546049494437,-236.95588952763325,-279.8041455630636,-42.848256035430325,2.2653729557059705,34.741015690378845,32.475642734672874,3.772289481014013,56.15386798605323,6,1,0.625,True,True,27.65,100.0,True,100m
1660.0,3_satellites,100.0,3,0.375,95.38067879482058,41.63512202336623,128.4751436881857,-229.08881132494184,-271.9183972880558,-42.829585963114,1.3593744961544871,34.19815625902265,32.838781762868166,2.737534388899803,55.96884175390005,6,1,0.625,True,True,27.666666666666668,100.0,True,100m
1661.0,3_satellites,100.0,3,0.375,89.61095604132646,48.79540471178476,128.44485047993115,-226.65365146553896,-269.464603273596,-42.81095180805701,1.904333809390664,33.643622325733304,31.73928851634264,4.474929865449667,55.85846370086074,6,3,0.625,True,True,27.683333333333334,100.0,True,100m
1662.0,3_satellites,100.0,3,0.375,96.57040518682204,41.642388879513184,128.4144628967432,-215.75149358008844,-258.5437038604862,-42.79221028039774,1.640342510305345,35.195182805880904,33.55484029557556,3.82096441462636,58.563424445688725,6,2,0.625,True,True,27.7,100.0,True,100m
1663.0,3_satellites,100.0,3,0.375,99.95973296443366,38.61845895655011,128.38409191706526,-207.42082421825677,-250.19431434000649,-42.77349012174975,1.5878751892596483,34.717125705908984,33.129250516649336,3.13622484728694,57.2187362536788,6,1,0.625,True,True,27.716666666666665,100.0,True,100m
1664.0,3_satellites,100.0,3,0.375,98.32642514426244,37.565181014544585,128.3537389454122,-200.85277444225665,-243.607565636569,-42.75479119431239,1.4288886622525752,33.35401010885835,31.92512144660577,3.7279083020985126,54.572349175810814,6,1,0.625,True,True,27.733333333333334,100.0,True,100m
1665.0,3_satellites,100.0,3,0.375,89.08504467336317,48.110307118788526,128.3234119885675,-203.7325362615615,-246.46867249624543,-42.736136234683926,1.4973103371448817,33.74960470199585,32.25229436485097,2.4400262013077736,54.73791840672493,6,1,0.625,True,True,27.75,100.0,True,100m
1666.0,3_satellites,100.0,3,0.375,96.01345282009926,41.31522917237905,128.29299398120085,-193.90616841373847,-236.6235362622387,-42.71736784850023,1.180588738527149,33.90436718426645,32.7237784457393,1.927151519805193,56.036464501172304,6,1,0.625,True,True,27.766666666666666,100.0,True,100m
1667.0,3_satellites,100.0,3,0.375,101.0050981277464,40.96589423193351,128.26258014517103,-185.9307626269353,-228.6293731988373,-42.69861057190198,1.5242848386988044,34.217605974990875,32.69332113629207,2.3829561434686184,55.56859961152077,6,1,0.625,True,True,27.783333333333335,100.0,True,100m
1668.0,3_satellites,100.0,3,0.375,99.79975213384688,41.09659045611346,128.2321856756327,-177.97382365290397,-220.6537019879968,-42.67987833509287,1.5813889424316585,33.6578034455888,32.07641450315714,2.49653684347868,54.43085356429219,6,1,0.625,True,True,27.8,100.0,True,100m
1669.0,3_satellites,100.0,3,0.375,96.18876146397744,42.008023892662926,128.2017893043962,-173.20578421337157,-215.86693299043503,-42.66114877706346,1.149268020410091,33.785063709598035,32.635795689187944,2.5106614120304585,55.6342311501503,6,2,0.625,True,True,27.816666666666666,100.0,True,100m
1670.0,3_satellites,100.0,3,0.375,98.66619564758534,39.69569446778911,128.17135351030444,-164.65759872732656,-207.2999741616155,-42.64237543428894,1.4630446787923574,34.25107794255018,32.788033263757825,3.692919686436653,56.15362201631069,6,2,0.625,True,True,27.833333333333332,100.0,True,100m
1671.0,3_satellites,100.0,3,0.375,98.29397653473372,40.78214464613027,128.14091989310958,-155.36932605393017,-197.9929380172549,-42.62361196332469,1.8551795603707435,35.11124582029879,33.25606625992805,4.5963421650230885,57.1600444689393,6,3,0.625,True,True,27.85,100.0,True,100m
1672.0,3_satellites,100.0,3,0.375,109.84511692547416,30.549141888928983,128.11042511433325,-140.10580492000815,-182.7105735363872,-42.60476861637903,1.4167707124724984,33.941658176481724,32.524887464009225,2.9320780485868454,55.75417360290885,6,1,0.625,True,True,27.866666666666667,100.0,True,100m
1673.0,3_satellites,100.0,3,0.375,113.38408843264556,30.409672329089123,128.07995371479385,-132.11249036657512,-174.6984561313487,-42.58596576477362,3.38986430875957,34.682734936941415,31.292870628181845,5.028422303497791,53.91388726234436,6,2,0.625,True,True,27.883333333333333,100.0,True,100m
1674.0,3_satellites,100.0,3,0.375,96.7338445969514,39.56186353678774,128.0495830902857,-136.76638577175495,-179.33366849386002,-42.56728272210506,0.9453948810696602,33.024647345766425,32.079252464696765,1.7014908455312252,55.36325390636921,6,1,0.625,True,True,27.9,100.0,True,100m
1675.0,3_satellites,100.0,3,0.375,100.34988746954065,38.48115888500842,128.01909151281552,-127.48323976938887,-170.0317035773466,-42.54846380795773,2.4488814561627805,34.41895223362371,31.970070777460933,5.501800172030926,55.62763252854347,6,1,0.625,True,True,27.916666666666668,100.0,True,100m
1676.0,3_satellites,100.0,3,0.375,103.98844391881276,34.13650503780338,127.98859711389456,-117.72382454869692,-160.25346146147783,-42.529636912780944,0.6971319559961557,33.65700814174488,32.959876185748726,1.4323158413171768,56.15881868079305,6,2,0.625,True,True,27.933333333333334,100.0,True,100m
1677.0,3_satellites,100.0,3,0.375,104.906960773387,35.4411615912823,127.95810495483728,-111.78488077456592,-154.2957022327652,-42.51082145819926,1.9187200418673456,34.33009782107547,32.411377779208124,4.289988588541746,57.3728374093771,6,2,0.625,True,True,27.95,100.0,True,100m
1678.0,3_satellites,100.0,3,0.375,105.38518104982178,34.64281314441653,127.9276082476116,-104.06510682583988,-146.55710799926007,-42.49200117342018,1.4457866265438497,33.35644454415888,31.910657917615023,2.55494799092412,54.747458051890135,6,1,0.625,True,True,27.966666666666665,100.0,True,100m
1679.0,3_satellites,100.0,3,0.375,104.82157255145756,35.041697411018106,127.89710106094998,-99.16533447465952,-141.63850980557345,-42.47317533091392,1.056619634386152,33.99874984845519,32.94213021406904,1.9001735374331477,56.04847176000476,6,2,0.625,True,True,27.983333333333334,100.0,True,100m
1680.0,3_satellites,100.0,3,0.375,107.32736131986896,32.57011345641793,127.8665683454448,-90.45372485441716,-132.9080461438862,-42.45432128946904,2.0776035329326987,34.42840138450265,32.35079785156995,4.829241909086704,55.59638310968876,6,1,0.625,True,True,28.0,100.0,True,100m
1681.0,3_satellites,100.0,3,0.375,110.48698754825156,28.37694383738871,127.83602356269024,-81.34007024467047,-123.77552499711342,-42.43545475244295,2.0249747447669506,35.05606717476621,33.03109242999926,4.954327501356602,57.87333799526096,6,1,0.625,True,True,28.016666666666666,100.0,True,100m
1682.0,3_satellites,100.0,3,0.375,106.37940385032672,32.41324621450911,127.80550992859908,-81.4530370931989,-123.86966850941025,-42.41663141621133,2.0352074401453137,34.91588820889592,32.88068076875061,3.683411419391632,56.73097753897309,6,1,0.625,True,True,28.033333333333335,100.0,True,100m
1683.0,3_satellites,100.0,3,0.375,109.46405591307077,31.630879515232827,127.77496358270902,-73.53304855940205,-115.93081231717464,-42.39776375777258,1.3053577113896608,33.417621784843504,32.112264073453844,1.849651005119085,56.220617447048426,6,2,0.625,True,True,28.05,100.0,True,100m
1684.0,3_satellites,100.0,3,0.375,109.01129593049224,30.49212405950905,127.744399076921,-67.25973467001917,-109.63862460547428,-42.37888993545511,2.571337084285915,35.827021499630064,33.25568441534415,6.349144574254751,58.84304697811604,6,2,0.625,True,True,28.066666666666666,100.0,True,100m
1685.0,3_satellites,100.0,3,0.375,108.87260258817324,30.54510391877464,127.7138427681734,-60.31333209303342,-102.6733526207302,-42.3600205276968,1.9577043973840773,34.668361604679376,32.7106572072953,5.083653256297112,56.4018130004406,6,1,0.625,True,True,28.083333333333332,100.0,True,100m
1686.0,3_satellites,100.0,3,0.375,112.90650971185488,29.06790787109937,127.68325767591811,-52.9549353137769,-95.29605348734178,-42.34111817356488,2.03970990749076,34.765653984155506,32.725944076664746,4.945194534957409,55.83643642812967,6,2,0.625,True,True,28.1,100.0,True,100m
1687.0,3_satellites,100.0,3,0.375,111.07380481219415,31.58799003453273,127.65268221827672,-48.35816231636705,-90.68040075559472,-42.32223843922768,1.5521400710567832,34.88638733141124,33.33424726035446,2.955241948366165,57.91849165037274,6,2,0.625,True,True,28.116666666666667,100.0,True,100m
1688.0,3_satellites,100.0,3,0.375,112.19572264336752,29.695030455407256,127.62209409679808,-40.88653396127464,-83.18987032176987,-42.30333636049524,1.633340117987245,32.74022346129641,31.106883343309164,4.137919399887323,53.02424809336662,6,1,0.625,True,True,28.133333333333333,100.0,True,100m
1689.0,3_satellites,100.0,3,0.375,106.1572569790996,32.98156490403512,127.59152173279249,-37.31766406822757,-79.60212784662286,-42.28446377839529,2.7625508406199515,33.07651822641492,30.313967385794967,5.251883070915937,51.92197781801224,6,1,0.625,True,True,28.15,100.0,True,100m
1690.0,3_satellites,100.0,3,0.4285714285714285,106.32345002525156,60.90189050140432,155.70584772748956,-30.48556182898196,-69.06296152830382,-38.57739969932186,1.411854866359915,23.237547931926592,21.825693065566675,3.0478647872805595,50.03477685153484,3,1,0.5714285714285714,True,True,28.166666666666668,100.0,True,100m
1691.0,3_satellites,100.0,3,0.4285714285714285,110.0525097200294,96.72297048933734,193.25738102877685,-19.89167924182472,-110.62052825156108,-90.72884900973636,2.6760971461023604,35.50336061364838,32.82726346754602,5.128294765949249,60.89822728186846,7,1,0.5714285714285714,True,True,28.183333333333334,100.0,True,100m
1692.0,3_satellites,100.0,3,0.4285714285714285,114.412997300769,91.90842228318506,193.1748297860416,-11.661164429033036,-102.33467073961516,-90.67350631058213,1.22667433694005,35.11304101347923,33.88636667653918,1.8871033005416396,60.51188402622938,5,1,0.5714285714285714,True,True,28.2,100.0,True,100m
1693.0,3_satellites,100.0,3,0.375,110.64158843493249,31.48752033156889,127.46900726904836,-8.359967016644447,-50.568690566794174,-42.20872355014973,2.0416217888705432,34.15511875646189,32.113496967591345,4.0904817171394825,55.042490568012,6,2,0.625,True,True,28.216666666666665,100.0,True,100m
1694.0,3_satellites,100.0,3,0.4285714285714285,117.1087763492493,90.67380271993038,193.00938777307115,2.32154290307038,-88.24105897430344,-90.56260187737382,0.5477429596441132,35.42081327789596,34.87307031825185,0.797684796154499,60.82107799500227,5,1,0.5714285714285714,True,True,28.233333333333334,100.0,True,100m
1695.0,3_satellites,100.0,3,0.375,116.90105900515697,25.69903031296301,127.40766704199704,8.384078517913382,-33.78669183903291,-42.17077035694629,2.294812744483352,34.624812128487974,32.32999938400462,5.7229332365095615,55.40022562816739,6,2,0.625,True,True,28.25,100.0,True,100m
1696.0,3_satellites,100.0,3,0.4285714285714285,117.11852094312862,91.11360366148212,192.84339187844157,13.427381644219428,-77.02391659055611,-90.45129823477554,1.6366708523460798,36.08991784974933,34.45324699740325,2.7313004098832607,61.64243092387915,6,1,0.5714285714285714,True,True,28.266666666666666,100.0,True,100m
1697.0,3_satellites,100.0,3,0.4285714285714285,112.10733511886984,95.9133408547286,192.76023757267384,13.9817312496584,-76.41381966021463,-90.39555090987302,1.447616461132254,35.309357242924825,33.86174078179257,3.195021290332079,60.36405871063471,6,1,0.5714285714285714,True,True,28.283333333333335,100.0,True,100m
1698.0,3_satellites,100.0,3,0.4285714285714285,116.42587263948084,92.15528442930196,192.67685455302487,20.306196741605092,-70.0334012527792,-90.33959799438428,1.521324070436614,36.19436620867678,34.67304213824017,2.379640430212021,62.10832841694355,6,1,0.5714285714285714,True,True,28.3,100.0,True,100m
1699.0,3_satellites,100.0,3,0.375,112.6922478284062,30.416277716173564,127.28496062135224,21.64523912611291,-20.44963662467898,-42.094875750791886,3.0589602352119982,33.98748601926491,30.92852578405291,5.438387360423803,53.06658215820789,6,1,0.625,True,True,28.316666666666666,100.0,True,100m
1700.0,3_satellites,100.0,3,0.375,124.96553332491364,17.21391658472906,127.25419100344024,35.528952106421,-6.546837456699452,-42.07578956312045,0.882111837156117,34.440620557405055,33.55850872024894,1.8453625068068504,57.65625619143248,6,2,0.625,True,True,28.333333333333332,100.0,True,100m
1701.0,3_satellites,100.0,3,0.375,101.0948075774399,44.93520650193866,127.22360446074542,16.78519851918633,-25.27174936498307,-42.0569478841694,3.163145279046148,32.751863977406174,29.588718698360022,5.7180205546319485,52.36289425194264,6,3,0.625,True,True,28.35,100.0,True,100m
1702.0,3_satellites,100.0,3,0.4285714285714285,113.80301238148878,93.12105205332536,192.3420772719614,30.597892862520155,-59.517049868499576,-90.11494273101974,0.8365168204264981,35.32630419837577,34.48978737794927,2.0042593479156494,60.24824188277125,5,1,0.5714285714285714,True,True,28.366666666666667,100.0,True,100m
1703.0,3_satellites,100.0,3,0.375,85.01601305612209,56.64519221069691,127.16219071068475,8.541934804868589,-33.4770439395158,-42.01897874438439,5.677336720749736,35.71124589629471,30.033909175544977,13.991504587233068,57.70923627540469,6,2,0.625,True,True,28.383333333333333,100.0,True,100m
1704.0,3_satellites,100.0,3,0.4285714285714285,109.52974496459284,98.58243946105752,192.173922156434,28.043164560730958,-61.95890155252192,-90.00206611325288,1.7389912227434772,36.425167258296696,34.68617603555322,3.964040655642748,61.90102157741785,6,1,0.5714285714285714,True,True,28.4,100.0,True,100m
1705.0,3_satellites,100.0,3,0.375,97.34365429885484,42.73887519350816,127.10064625995048,17.840129159714206,-24.14069466782727,-41.98082382754147,1.9835876375436785,34.16046446049586,32.17687682295218,4.351646468043327,56.86707537993789,6,1,0.625,True,True,28.416666666666668,100.0,True,100m
1706.0,3_satellites,100.0,3,0.375,104.43533035534018,32.62956998359286,127.06983692593349,25.800011890514437,-16.161703101792675,-41.96171499230711,2.999210745561868,35.138410788960755,32.13920004339889,7.697499040514231,58.19541143998504,6,1,0.625,True,True,28.433333333333334,100.0,True,100m
1707.0,3_satellites,100.0,3,0.375,110.2033363818816,28.60030211421609,127.0390514575118,28.523819283005167,-13.4188086845991,-41.94262796760427,1.9168703584000468,34.721182961482555,32.80431260308251,4.324883673340082,56.08631013706327,6,2,0.625,True,True,28.45,100.0,True,100m
1708.0,3_satellites,100.0,3,0.375,109.03868593100728,30.59357644627278,127.008276463003,28.625078607104232,-13.298489625624288,-41.92356823272852,1.2574415276758373,34.5093154986389,33.25187397096306,2.932161308825016,57.2479213476181,6,2,0.625,True,True,28.466666666666665,100.0,True,100m
1709.0,3_satellites,100.0,3,0.375,106.230701428283,31.830951204688134,126.97748860574134,31.284629072652308,-10.619872580075356,-41.90450165272766,3.262686819303781,36.54373255604878,33.281045736745,5.652945917099714,60.16924291104078,6,2,0.625,True,True,28.483333333333334,100.0,True,100m
1710.0,3_satellites,100.0,3,0.4285714285714285,97.88335366443276,107.14881979288602,191.66600828860047,28.322478866573217,-61.33840478492944,-89.66088365150266,4.488348138119493,37.04297304472753,32.55462490660803,10.750899132341146,61.905118994414806,7,1,0.5714285714285714,True,True,28.5,100.0,True,100m
1711.0,3_satellites,100.0,3,0.4285714285714285,126.60870840590738,81.84535165917318,191.580690297728,48.63938731637905,-40.96402061142356,-89.6034079278026,4.428121391151633,33.75706945625799,30.04562052605408,11.77789457142353,59.29784791916609,4,2,0.5714285714285714,True,True,28.516666666666666,100.0,True,100m
1712.0,3_satellites,100.0,3,0.4285714285714285,116.81301456284189,88.31871106946996,191.49542838106163,45.55893077353473,-43.987195856573365,-89.54612663010809,1.2975375929049082,35.55259509970035,34.25505750679544,2.16507363691926,60.71592719480395,5,1,0.5714285714285714,True,True,28.533333333333335,100.0,True,100m
1713.0,3_satellites,100.0,3,0.4285714285714285,105.29256411730556,99.53476089497198,191.4101314684112,38.799252955270205,-50.68957729098377,-89.48883024625397,1.4967710609946931,36.69280823852335,35.19603717752865,2.8649559132754803,62.7182535789907,5,2,0.5714285714285714,True,True,28.55,100.0,True,100m
1714.0,3_satellites,100.0,3,0.375,121.39202347277804,17.59560540316162,126.82335542413304,53.83410386164174,12.025175750059663,-41.80892811158208,2.065784694626928,34.609213350340724,32.5434286557138,4.545742020010948,59.37907708436251,6,2,0.625,True,True,28.566666666666666,100.0,True,100m
1715.0,3_satellites,100.0,3,0.375,106.8728047055712,37.64554595394034,126.79260714249908,40.596546914640506,-1.1933749146210348,-41.78992182926154,3.281986913178116,32.83060770016164,29.54862078698352,6.263048510998488,51.991739846766,5,2,0.625,True,True,28.583333333333332,100.0,True,100m
1716.0,3_satellites,100.0,3,0.4285714285714285,102.89232981872432,104.54692909066604,191.15316027926517,41.92173037620431,-47.39429300462303,-89.31602338082735,2.14490044862032,36.04216944053769,33.89726899191737,4.0011501759290695,61.76713899895549,5,1,0.5714285714285714,True,True,28.6,100.0,True,100m
1717.0,3_satellites,100.0,3,0.4285714285714285,94.4078498727106,107.99979838475188,191.06714409236423,44.386718263979134,-44.87146082890509,-89.25817909288423,6.3147610282259325,38.55285498127341,32.23809395304748,15.33425560221076,63.82532323151827,7,2,0.5714285714285714,True,True,28.616666666666667,100.0,True,100m
1718.0,3_satellites,100.0,3,0.4285714285714285,111.9089661099459,92.79428692356436,190.98096773177693,56.99751958693047,-32.20260169318459,-89.20012128011507,1.5705525444022246,35.864108465611935,34.29355592120971,2.839969675987959,60.82011095061898,6,1,0.5714285714285714,True,True,28.633333333333333,100.0,True,100m
1719.0,3_satellites,100.0,3,0.375,98.40729725462695,39.158716405922426,126.66919425287315,50.06729604065743,8.353880870373862,-41.71341517028357,1.310822291765362,33.52495837863535,32.214136086869985,2.8582227490842342,55.43734353035688,6,2,0.625,True,True,28.65,100.0,True,100m
1720.0,3_satellites,100.0,3,0.375,104.7920100212188,31.7139828917831,126.6382622395143,62.47001245348475,20.77580638266833,-41.69420607081642,2.570551314856857,35.248284889850765,32.67773357499391,6.664439223706722,59.30951330810785,6,1,0.625,True,True,28.666666666666668,100.0,True,100m
1721.0,3_satellites,100.0,3,0.4285714285714285,111.59066543791234,94.13225696845451,190.72191352430133,68.55306934633441,-20.472702107097984,-89.0257714534324,2.1345426328480244,35.76323659771255,33.628693964864524,3.221242856234312,61.07360111176968,6,1,0.5714285714285714,True,True,28.683333333333334,100.0,True,100m
1722.0,3_satellites,100.0,3,0.4285714285714285,106.75680881350895,95.58576940139147,190.6352513404489,72.72309282330647,-16.244347578844575,-88.96744040215106,2.4300061416413103,37.73437943735293,35.30437329571162,5.0696882754564285,63.7375365011394,6,2,0.5714285714285714,True,True,28.7,100.0,True,100m
1723.0,3_satellites,100.0,3,0.4285714285714285,104.26166327042051,99.00485246501452,190.5485411949805,72.12372438826142,-16.785346663935968,-88.90907105219739,0.8397748007306031,36.14990537081446,35.31013057008386,1.4317433163523674,61.52001976594329,5,2,0.5714285714285714,True,True,28.716666666666665,100.0,True,100m
1724.0,3_satellites,100.0,3,0.4285714285714285,110.06664812917946,95.20742488925576,190.46161124477297,79.31428076297315,-9.536228749450055,-88.85050951242322,2.370153695877109,36.626989527472425,34.25683583159532,3.447572335600853,62.23498064279556,7,1,0.5714285714285714,True,True,28.733333333333334,100.0,True,100m
1725.0,3_satellites,100.0,3,0.4285714285714285,111.17795482729149,92.13449554582614,190.37453229709735,84.0518515859989,-4.739997799061037,-88.79184938505995,1.2467433586716652,36.22801893364106,34.981275574969395,1.7957789413630962,61.51222789287567,5,2,0.5714285714285714,True,True,28.75,100.0,True,100m
1726.0,3_satellites,100.0,3,0.4285714285714285,100.08145125792194,103.33317176763114,190.28747118974536,79.81188947065077,-8.921367390871552,-88.73325686152232,1.7563661145312446,36.46352466142604,34.70715854689479,3.1943767368793488,61.67675675451756,6,1,0.5714285714285714,True,True,28.766666666666666,100.0,True,100m
1727.0,3_satellites,100.0,3,0.4285714285714285,95.2212891035971,109.37769726566188,190.20023676232208,79.67285631822554,-9.001657461850588,-88.67451378007613,1.071330444089004,35.206407562430414,34.135077118341414,2.351040441542864,59.64428505301476,5,1,0.5714285714285714,True,True,28.783333333333335,100.0,True,100m
1728.0,3_satellites,100.0,3,0.4285714285714285,100.81392799947696,99.74080403159256,190.1126667049639,88.08264789087278,-0.5328213517004883,-88.61546924257327,0.4994438774883747,35.1343175944473,34.63487371695893,0.9934407360851764,59.57711341232061,5,2,0.5714285714285714,True,True,28.8,100.0,True,100m
1729.0,3_satellites,100.0,3,0.375,104.79235747147314,31.730433694355785,126.3599747811075,96.78654048264676,55.26503428257737,-41.5215062000694,1.4720659386366606,33.26273264642805,31.790666707791388,2.3491860814392567,56.78383618593216,6,2,0.625,True,True,28.816666666666666,100.0,True,100m
1730.0,3_satellites,100.0,3,0.375,95.45630826667092,41.55940951104952,126.32904585620815,94.25334800638046,52.75101368064754,-41.502334325732924,2.8692279239185154,35.23923111194745,32.37000318802893,4.549687381833792,56.6750245206058,6,1,0.625,True,True,28.833333333333332,100.0,True,100m
1731.0,3_satellites,100.0,3,0.5,102.52234151253349,33.627467757107205,117.7830657337744,106.31931260244092,80.00457976414778,-26.31473283829314,0.8981549025823673,33.631508783747755,32.733353881165385,2.054739706218242,62.04581160843372,3,2,0.6666666666666666,True,True,28.85,100.0,True,100m
1732.0,3_satellites,100.0,3,0.4285714285714285,97.96925875773388,105.1865614738086,189.7615878827353,110.10793883414078,21.729085655495744,-88.37885317864504,2.279104176376547,36.86230985341327,34.58320567703673,3.7507558837533,62.21096445247531,7,1,0.5714285714285714,True,True,28.866666666666667,100.0,True,100m
1733.0,3_satellites,100.0,3,0.4285714285714285,103.72026756150484,96.83639097392916,189.67337131489197,121.72214692769148,33.40281049445214,-88.31933643323934,0.6720797105559281,35.63367133694036,34.961591626384426,1.0996353924274445,60.48903896287084,5,2,0.5714285714285714,True,True,28.883333333333333,100.0,True,100m
1734.0,3_satellites,100.0,3,0.5,97.60600282390229,35.99056055199194,117.33652182226668,123.93387058249785,97.96611436768174,-25.96775621481609,0.4580314165602128,33.34417641535401,32.8861449987938,0.7457915507256985,62.16884120553732,3,2,0.6666666666666666,True,True,28.9,100.0,True,100m
1735.0,3_satellites,100.0,3,0.4285714285714285,94.76204766710164,107.20073950865742,189.4968195243828,126.75066779363053,38.55035360345381,-88.2003141901767,1.5356655881873198,35.67950291665537,34.14383732846805,3.038301717489958,60.31339323520661,5,1,0.5714285714285714,True,True,28.916666666666668,100.0,True,100m
1736.0,3_satellites,100.0,3,0.5,111.35240912968244,27.10095337332693,117.0376528756554,148.52732320375964,122.7920866839982,-25.735236519761443,1.9454908035695555,34.24842833541334,32.30293753184378,4.547159112989903,62.14970969408751,4,2,0.6666666666666666,True,True,28.933333333333334,100.0,True,100m
1737.0,3_satellites,100.0,3,0.4285714285714285,81.00198414138362,123.27176515501309,189.31979319779057,127.98595820668616,39.90499322136,-88.08096498532615,2.268136987728732,36.85340797156096,34.585270983832224,3.2431327290833,62.29037349671125,7,1,0.5714285714285714,True,True,28.95,100.0,True,100m
1738.0,3_satellites,100.0,3,0.4285714285714285,85.33808324705686,116.39538025938462,189.23090834640584,139.5760199835165,51.55505828687291,-88.02096169664358,1.7521746626922063,36.271235294640064,34.51906063194786,3.6725421994924554,61.029732290655375,6,1,0.5714285714285714,True,True,28.966666666666665,100.0,True,100m
1739.0,3_satellites,100.0,3,0.4285714285714285,95.6439424170081,103.05945240458686,189.14183069647,156.74294445243302,68.78215267952757,-87.96079177290545,1.0405941802476133,35.41388999564307,34.37329581539546,2.526182767003774,59.59162376821041,5,2,0.5714285714285714,True,True,28.983333333333334,100.0,True,100m
1740.0,3_satellites,100.0,3,0.4285714285714285,85.29473213239312,116.97550417092692,189.05293688950363,151.67450004972733,63.77364426405202,-87.9008557856753,1.3658649905451707,35.958293688616585,34.59242869807141,2.1206558495759964,60.72531351819634,5,1,0.5714285714285714,True,True,29.0,100.0,True,100m
1741.0,3_satellites,100.0,3,0.4285714285714285,91.95617209857342,108.82118398850037,188.96365316866505,161.4032237203885,73.56267127391975,-87.84055244646875,1.2203067828501974,36.08965959878905,34.869352815938846,2.962570983916521,60.69932530075312,5,2,0.5714285714285714,True,True,29.016666666666666,100.0,True,100m
1742.0,3_satellites,100.0,3,0.375,79.31955025612164,55.61951282857392,125.95697510828124,159.04438107246696,117.77315681736704,-41.27122425509992,2.8891533352434635,35.06292600836605,32.173772673122585,5.61868317425251,55.97210202366114,6,1,0.625,True,True,29.033333333333335,100.0,True,100m
1743.0,3_satellites,100.0,3,0.4285714285714285,92.86281010378028,107.98654732692758,188.7848811831173,176.77587064567143,89.0560187154127,-87.71985193025873,0.2798206492194107,35.47901778189199,35.19919713267258,0.6164468191564083,59.88994710147381,5,2,0.5714285714285714,True,True,29.05,100.0,True,100m
1744.0,3_satellites,100.0,3,0.4285714285714285,78.49004593085203,119.50926491460446,188.695362355507,174.84421398925758,87.1847570045435,-87.65945698471408,2.6932428143918514,36.315098541123525,33.621855726731674,5.94690066576004,60.6965559348464,6,1,0.5714285714285714,True,True,29.066666666666666,100.0,True,100m
1745.0,3_satellites,100.0,3,0.4285714285714285,88.73961951222489,111.06829406013084,188.6056145390372,184.8534788215704,97.25467520370049,-87.59880361786989,1.2254904136061668,35.405179767736364,34.1796893541302,1.905659306794405,59.95875110477209,5,2,0.5714285714285714,True,True,29.083333333333332,100.0,True,100m
1746.0,3_satellites,100.0,3,0.4285714285714285,84.19949843441779,113.46235961711648,188.51576607563248,188.68874078059883,101.15061469534848,-87.53812608525035,1.244713523558208,36.43756770502244,35.19285418146423,2.1830925196409225,61.345361053943634,5,2,0.5714285714285714,True,True,29.1,100.0,True,100m
1747.0,3_satellites,100.0,3,0.4285714285714285,83.73288927754975,114.18553549144336,188.42579184792567,191.6183209884616,104.14097699658548,-87.47734399187615,2.307315381509917,36.85734604937689,34.55003066786698,5.352057583630085,61.642010532319546,6,2,0.5714285714285714,True,True,29.116666666666667,100.0,True,100m
1748.0,3_satellites,100.0,3,0.375,86.24088343766952,47.4550749504484,125.77043811799304,197.8304619920968,156.67526961836964,-41.15519237372715,1.3289474016055465,33.4655626565218,32.13661525491625,2.462734367698431,56.052185229957104,6,2,0.625,True,True,29.133333333333333,100.0,True,100m
1749.0,3_satellites,100.0,3,0.375,86.14332695775896,47.10905556712463,125.73931289630076,202.8887280654749,161.7529028509338,-41.13582521454112,1.330437868833542,33.83109210524708,32.50065423641354,2.683951787650585,58.66785909608007,6,2,0.625,True,True,29.15,100.0,True,100m
1750.0,3_satellites,100.0,3,0.375,70.06901427997137,66.82418013539261,125.70827512728134,196.54678571398844,155.4302158040594,-41.11656990992904,2.1744526443071663,34.14914491819218,31.97469227388501,5.883085008710623,56.059939697384834,6,3,0.625,True,True,29.166666666666668,100.0,True,100m
1751.0,3_satellites,100.0,3,0.4285714285714285,98.07109861522778,99.79640526943103,188.06447216105624,226.83512126186423,139.60202886424273,-87.2330923976215,2.113299661449024,36.40807733312249,34.294777671673465,4.889054857194424,60.83591778948903,5,1,0.5714285714285714,True,True,29.183333333333334,100.0,True,100m
1752.0,3_satellites,100.0,3,0.4285714285714285,96.30443103383014,100.8258970546734,187.9738625739491,230.17744829448583,143.00560710313502,-87.17184119135084,1.9139715896121088,36.18596946554525,34.27199787593314,4.151039052754641,60.40484098345041,5,2,0.5714285714285714,True,True,29.2,100.0,True,100m
1753.0,3_satellites,100.0,3,0.4285714285714285,78.97987568064016,121.01141430593178,187.88334762695325,223.87316010700448,136.76243025397892,-87.11072985302556,1.771012248205287,37.253973878387896,35.48296163018261,3.1520778462290764,62.910147186368704,5,2,0.5714285714285714,True,True,29.216666666666665,100.0,True,100m
1754.0,3_satellites,100.0,3,0.375,85.01470564297932,48.70448297126402,125.58360664295634,234.16140164374295,193.12249057392893,-41.03891106981405,1.5193908531218767,34.143594909925014,32.62420405680314,3.755068749189377,58.008076932281256,6,2,0.625,True,True,29.233333333333334,100.0,True,100m
1755.0,3_satellites,100.0,3,0.375,80.93120791966032,52.4240055462141,125.55245951218868,240.4551894072032,199.43565990993056,-41.01952949727263,2.2738565239124,35.48124874336645,33.20739221945405,6.4670900367200375,58.56817212328315,6,2,0.625,True,True,29.25,100.0,True,100m
1756.0,3_satellites,100.0,3,0.4285714285714285,78.83664410545228,119.60347481397358,187.6103182111268,245.09997518189036,158.1739098250119,-86.92606535687844,0.9927415624260902,35.85273514794452,34.85999358551843,1.4269660599529743,60.35133807361126,5,2,0.5714285714285714,True,True,29.266666666666666,100.0,True,100m
1757.0,3_satellites,100.0,3,0.375,87.37328213933478,44.87861473289954,125.4900603470689,256.2425083564059,215.26186471179943,-40.98064364460646,2.372548809275031,35.443908436689526,33.071359627414495,6.275003883987665,59.06353285908699,6,2,0.625,True,True,29.283333333333335,100.0,True,100m
1758.0,3_satellites,100.0,3,0.375,78.8623647360839,54.2218274802125,125.4589053736473,257.57498478312374,216.6137201618465,-40.96126462127725,3.801989044528455,36.68723174883053,32.88524270430207,9.449979547411203,57.54977995157242,6,1,0.625,True,True,29.3,100.0,True,100m
1759.0,3_satellites,100.0,3,0.375,85.69825868266368,45.52195866886388,125.42767747548346,269.4713434417836,228.52955916279015,-40.9417842789934,2.3878927468322217,36.07352840900421,33.68563566217199,5.4206883162260056,61.11732232943177,6,2,0.625,True,True,29.316666666666666,100.0,True,100m
1760.0,3_satellites,100.0,3,0.375,62.60594151820338,72.79295819835035,125.39659028517742,254.9125391243141,213.9900437686988,-40.92249535561527,1.3614124609157443,34.864581257570535,33.50316879665479,3.6712200716137886,57.99592587351799,6,2,0.625,True,True,29.333333333333332,100.0,True,100m
1761.0,3_satellites,100.0,3,0.375,83.54725278818995,50.28929004268721,125.36526649988264,274.5237452738637,233.6208412887043,-40.90290398515941,1.181972371879965,34.507690097671,33.32571772579104,2.5099526569247246,59.75377540662885,6,2,0.625,True,True,29.35,100.0,True,100m
1762.0,3_satellites,100.0,3,0.375,74.11754871757472,60.47336875644032,125.33408073578482,272.25060008368285,231.36709958779343,-40.88350049588939,2.881196773145348,36.401055256370455,33.51985848322511,5.612467896193266,58.58846461772919,6,3,0.625,True,True,29.366666666666667,100.0,True,100m
1763.0,3_satellites,100.0,3,0.375,74.74279372709879,58.08689149165379,125.30284148633709,278.1545030196708,237.29047777079103,-40.86402524887976,3.63420484540984,35.67054079659283,32.03633595118299,6.931963015347719,55.6603246666491,6,1,0.625,True,True,29.383333333333333,100.0,True,100m
1764.0,3_satellites,100.0,3,0.375,73.41065144884242,60.13388856128615,125.27162077635388,283.8572739697047,243.0127042807832,-40.84456968892152,3.4242573715746403,35.38976527284831,31.965507901273668,9.090482160449028,55.77551630884409,5,3,0.625,True,True,29.4,100.0,True,100m
1765.0,3_satellites,100.0,3,0.375,76.40937542963682,55.146657558499726,125.24035256323504,287.9255874313046,247.10052394248208,-40.825063488822565,1.7899507824331522,33.91539825126529,32.125447468832135,3.789136882871389,56.28517459332943,6,1,0.625,True,True,29.416666666666668,100.0,True,100m
1766.0,3_satellites,100.0,3,0.375,71.11619682013426,61.22926576174531,125.20912268993092,289.83487757703284,249.02926724626013,-40.80561033077271,2.381153355818242,36.07551199058071,33.694358634762466,5.982480052858591,59.23444040119648,6,2,0.625,True,True,29.433333333333334,100.0,True,100m
1767.0,3_satellites,100.0,3,0.4285714285714285,69.82978288929976,129.60062978373674,186.59961413054043,290.9321943106714,204.69029854325703,-86.24189576741432,1.523624396217721,36.73056926525065,35.20694486903293,2.330713588744402,61.62077026441693,5,2,0.5714285714285714,True,True,29.45,100.0,True,100m
1768.0,3_satellites,100.0,3,0.375,72.70482958428313,59.08983974821992,125.14659563784944,300.62269136242367,259.8560753993207,-40.76661596310299,0.8993220189586282,33.60238293604925,32.703060917090625,1.648231916129589,56.56740644201636,6,2,0.625,True,True,29.466666666666665,100.0,True,100m
1769.0,3_satellites,100.0,3,0.375,68.71808184211488,66.42223697185095,125.11534771108114,302.868468399385,262.1213218588392,-40.74714654054577,1.5571904703974724,34.19400137476623,32.63681090436876,2.9111614897847176,57.93155290186405,6,2,0.625,True,True,29.483333333333334,100.0,True,100m
1770.0,3_satellites,100.0,3,0.375,60.95602473530769,73.02019899452588,125.08408405577144,303.50268861600165,262.77501769261494,-40.72767092338671,3.006885254289955,36.228024737443775,33.22113948315382,6.379800993949175,58.20045415312052,6,2,0.625,True,True,29.5,100.0,True,100m
1771.0,3_satellites,100.0,3,0.4285714285714285,65.48041547031156,133.03599660661317,186.2282322087093,311.6571950557619,225.6669354402232,-85.99025961553872,2.420276272509779,36.6029363828046,34.18266011029482,5.985998950898647,60.60596776381135,5,2,0.5714285714285714,True,True,29.516666666666666,100.0,True,100m
1772.0,3_satellites,100.0,3,0.4285714285714285,68.74923719790101,126.3099259338055,186.13499418536705,320.5139272884241,234.5868933492596,-85.92703393916449,0.414541087512459,35.72533946803638,35.31079838052392,0.7101261205971241,59.81637382879853,5,2,0.5714285714285714,True,True,29.533333333333335,100.0,True,100m
1773.0,3_satellites,100.0,3,0.375,74.24683589238629,58.81967051525826,124.99012947361176,329.13524451094816,288.466227957366,-40.66901655358214,2.995197425596416,36.246846951544285,33.25164952594787,6.588075153529644,60.48965680971742,6,2,0.625,True,True,29.55,100.0,True,100m
1774.0,3_satellites,100.0,3,0.375,70.87390675069722,61.61165993096139,124.95884603800324,333.68079510625614,293.0312859204876,-40.64950918576858,1.0897982688620689,34.61583253368735,33.526034264825284,2.681599471718073,59.12442064657807,6,2,0.625,True,True,29.566666666666666,100.0,True,100m
1775.0,3_satellites,100.0,3,0.375,68.15188000961498,65.51406253412812,124.92754928430604,337.15288581740856,296.522893543322,-40.62999227408659,1.8677888996899128,34.312485724221915,32.444696824532,3.968415278941393,56.51910845935345,6,2,0.625,True,True,29.583333333333332,100.0,True,100m
1776.0,3_satellites,100.0,3,0.4285714285714285,80.09186430709465,118.95933280627594,185.76091913307485,353.67476513496365,268.00140881227503,-85.67335632268862,2.9746403688830987,38.174811460609945,35.20017109172685,4.29935409873724,63.77336945384741,7,2,0.5714285714285714,True,True,29.6,100.0,True,100m
1777.0,3_satellites,100.0,3,0.375,82.49586563027617,46.63612234397007,124.86483364128216,359.5536159655226,318.9628112883643,-40.5908046771583,1.8149164197966456,34.116852041333914,32.30193562153727,3.167388767004013,61.35077999159694,6,2,0.625,True,True,29.616666666666667,100.0,True,100m
1778.0,3_satellites,100.0,3,0.375,58.83831794279917,78.1924374797178,124.83364272152564,340.71586115729457,300.14443239605293,-40.571428761241634,2.8129414110444486,32.422971279360354,29.610029868315905,6.105674136430025,55.48990483954549,6,2,0.625,True,True,29.633333333333333,100.0,True,100m
1779.0,3_satellites,100.0,3,0.375,75.08315885152359,58.31835191207408,124.80219944392842,360.6692073300253,320.1174629160585,-40.55174441396673,2.057988652959466,35.01712374249473,32.959135089535266,4.632243983447552,59.695338636636734,6,2,0.625,True,True,29.65,100.0,True,100m
1780.0,3_satellites,100.0,3,0.375,65.44436961156913,67.51775674479416,124.77090895889994,359.16670669820303,318.63446057759853,-40.5322461206045,1.115839255042374,34.28434228664264,33.16850303160027,1.9019387401640413,57.528355814516544,6,2,0.625,True,True,29.666666666666668,100.0,True,100m
1781.0,3_satellites,100.0,3,0.375,71.00799645740244,62.1051475214792,124.73953162136064,368.0452762924261,327.5326325086845,-40.51264378374157,1.485331512056291,34.21250058244914,32.72716907039285,2.646407637745142,56.93239700049162,6,2,0.625,True,True,29.683333333333334,100.0,True,100m
1782.0,3_satellites,100.0,3,0.375,77.98026620557901,54.36619336527889,124.7081486598931,377.7828511973949,337.2898206420387,-40.49303055535614,0.7560591357760131,34.27900447510183,33.522945339325815,1.5109205953776836,59.750454034656286,6,2,0.625,True,True,29.7,100.0,True,100m
1783.0,3_satellites,100.0,3,0.375,80.16257858659417,47.896158255612,124.67677216749736,385.4625749109301,344.989142348155,-40.47343256277509,1.6176775097846985,33.02960640704259,31.41192889725789,4.515795353800058,58.91285463795066,6,2,0.625,True,True,29.716666666666665,100.0,True,100m
1784.0,3_satellites,100.0,3,0.375,64.87998516596817,69.66046032820279,124.64548558053698,376.2753385200977,335.8213788902201,-40.4539596298776,0.8528225929476321,33.93466812884435,33.08184553589672,2.0143350400030613,58.0459996946156,6,2,0.625,True,True,29.733333333333334,100.0,True,100m
1785.0,3_satellites,100.0,3,0.375,68.30164376887704,64.3912437901899,124.61408630380838,383.81529935541175,343.3809569481457,-40.43434240726606,2.300649281125516,35.58956918399781,33.288919902872294,3.775262266397476,58.644475758075714,6,2,0.625,True,True,29.75,100.0,True,100m
1786.0,3_satellites,100.0,3,0.4285714285714285,77.28751178543777,117.16397950907762,184.81684049007023,395.6082838645288,310.57557763619235,-85.03270622833645,0.6454937175980636,36.31823962713991,35.672745909541845,1.0354230180382729,60.39451306313276,5,2,0.5714285714285714,True,True,29.766666666666666,100.0,True,100m
1787.0,3_satellites,100.0,3,0.375,57.643225788976586,83.14878040132763,124.55140077584424,378.8995691529408,338.5043128765791,-40.39525627636175,3.728796573355794,33.45596499275416,29.727168419398367,6.7718475721776485,53.64077292010188,6,3,0.625,True,True,29.783333333333335,100.0,True,100m
1788.0,3_satellites,100.0,3,0.375,75.4133962580351,56.83403571312218,124.51989526401688,400.870481809103,360.4949727765824,-40.3755090325206,2.758144764695317,35.38823714479804,32.630092380102724,7.08806448802352,57.71225710213184,6,1,0.625,True,True,29.8,100.0,True,100m
1789.0,3_satellites,100.0,3,0.375,83.18875433038401,50.056764317544726,124.4884689499343,408.71752601965295,368.3616628495396,-40.355863170113366,1.7333120703697205,35.45571810612455,33.72240603575483,2.8327278792858124,61.1506221331656,6,2,0.625,True,True,29.816666666666666,100.0,True,100m
1790.0,3_satellites,100.0,3,0.4285714285714285,78.14879974900906,86.76543433281357,155.76811886132964,411.0574559194574,372.5986425846916,-38.45881333476586,1.4231771156191826,22.443482484668493,21.096587800021684,2.411156866699457,49.7868758328259,3,0,0.5714285714285714,True,True,29.833333333333332,100.0,True,100m
1791.0,3_satellites,100.0,3,0.4285714285714285,75.45778456559734,89.16648902779863,155.76884698797218,411.4918949154819,373.0343673202897,-38.457527595192175,0.8777566482978207,22.991150335541796,22.11339368724397,2.1881575770676136,50.163660649210215,3,1,0.5714285714285714,True,True,29.85,100.0,True,100m
1792.0,3_satellites,100.0,3,0.375,77.51000704425876,55.38207234862339,124.39426690163288,418.348301280257,378.0512522506819,-40.297049029575135,1.5333016705699265,34.36979063227773,32.8364889617078,2.4588806703686714,57.43784973397851,6,2,0.625,True,True,29.866666666666667,100.0,True,100m
1793.0,3_satellites,100.0,3,0.375,79.01696667062647,52.04994895753232,124.36283968820112,423.8678702627563,383.5904588171164,-40.27741144563993,1.8753043287433684,33.0780956572853,31.20279132854193,4.621646851301193,54.01343120262027,6,1,0.625,True,True,29.883333333333333,100.0,True,100m
1794.0,3_satellites,100.0,3,0.375,81.70251506988627,48.67880655520973,124.331400159445,427.5929225895042,387.3351583530796,-40.25776423642464,0.8495804974809289,33.03355371952057,32.18397322203964,1.7101531997323036,57.36456029489637,6,2,0.625,True,True,29.9,100.0,True,100m
1795.0,3_satellites,100.0,3,0.375,75.62053741601648,55.54426936650875,124.2999986376851,424.6415233331701,384.4033562184628,-40.23816711470732,1.9258076408877969,32.582766238134354,30.65695859724656,4.95919182151556,53.425650376826525,6,1,0.625,True,True,29.916666666666668,100.0,True,100m
1796.0,3_satellites,100.0,3,0.375,82.82645316338322,49.35266153746911,124.26850940331484,428.9922521270313,388.7737780561866,-40.21847407084471,3.1346430657431483,36.80830215988681,33.67365909414366,6.298231389373541,64.55205134674907,6,2,0.625,True,True,29.933333333333334,100.0,True,100m
1797.0,3_satellites,100.0,3,0.375,82.7499037939965,48.909801563887214,124.23707566481173,431.6917925476624,391.4929584352621,-40.198834112400334,1.762000580318272,33.32399003114551,31.56198945082724,3.60714215412736,54.79997014254332,6,2,0.625,True,True,29.95,100.0,True,100m
1798.0,3_satellites,100.0,3,0.375,75.48459873370084,57.52699320021532,124.20565957543384,425.4314322395635,385.2522024519896,-40.17922978757389,1.1555331530980766,33.76683003315702,32.611296880058944,2.0062531493604183,56.73744970932603,6,2,0.625,True,True,29.966666666666665,100.0,True,100m
1799.0,3_satellites,100.0,3,0.375,81.4071563732015,50.35476906704416,124.1741650928184,429.90392236139513,389.7443932246284,-40.15952913676671,1.7905555027537048,34.839477345347404,33.0489218425937,3.680176481604576,57.95562245324254,6,2,0.625,True,True,29.983333333333334,100.0,True,100m
1800.0,3_satellites,100.0,3,0.375,75.77214793647249,56.14170487863249,124.14273242386535,424.8783898590429,384.7384847638373,-40.13990509520556,1.6048556054010987,34.3979282900691,32.793072684668005,3.2115292623639107,57.01692748069763,6,2,0.625,True,True,30.0,100.0,True,100m
1801.0,3_satellites,100.0,3,0.375,82.02393346984249,49.14012216405028,124.11122904601208,428.57124969983647,388.4510539073721,-40.12019579246436,1.9368566372431812,34.22181027987972,32.28495364263654,4.356390170753002,58.08314220234752,6,1,0.625,True,True,30.016666666666666,100.0,True,100m
1802.0,3_satellites,100.0,3,0.375,78.9879137884476,53.017820301806765,124.0797721847394,425.0771983887199,384.976652398979,-40.10054598974085,0.9246473275125028,34.295886925421655,33.37123959790915,1.5912793949246409,58.10462636128068,6,2,0.625,True,True,30.033333333333335,100.0,True,100m
1803.0,3_satellites,100.0,3,0.375,81.13106007299407,49.31454009692127,124.04827960848624,425.4926472547365,385.41179494388575,-40.08085231085073,0.9100487250834703,34.46166344359517,33.5516147185117,2.692182168364525,58.67291495576501,6,2,0.625,True,True,30.05,100.0,True,100m
1804.0,3_satellites,100.0,3,0.375,69.90400822022208,62.18359743041959,124.01685137024096,411.8313525848465,371.7701086573121,-40.06124392753446,0.7183308312669396,34.07830167608336,33.35997084481642,1.3832230865955353,58.6118941642344,6,2,0.625,True,True,30.066666666666666,100.0,True,100m
1805.0,3_satellites,100.0,3,0.375,70.91086443614181,59.90979004810416,123.98534609989812,411.7782790105885,371.7367367436298,-40.041542266958686,1.0078607234172523,34.11222101235762,33.10436028894037,2.3713107369840145,58.16980420798063,6,2,0.625,True,True,30.083333333333332,100.0,True,100m
1806.0,3_satellites,100.0,3,0.375,81.88953258104628,49.27067281872682,123.95379379058572,419.5379561286011,379.5161756012069,-40.021780527394185,1.5957493497990072,33.394343157764524,31.79859380796552,3.081947151571512,55.425106432288885,6,2,0.625,True,True,30.1,100.0,True,100m
1807.0,3_satellites,100.0,3,0.375,73.7227222701391,58.64065488627036,123.9223273303951,413.8594043937971,373.8572721873192,-40.00213220647794,1.527186204213649,33.74111292976886,32.21392672555521,2.564948797225952,55.95318238064647,6,2,0.625,True,True,30.116666666666667,100.0,True,100m
1808.0,3_satellites,100.0,3,0.375,84.2421817215339,48.28783716122725,123.8907611074798,420.3301234077818,380.34776513838005,-39.98235826940174,1.5802405718714,33.79396526608616,32.21372469421476,2.6314303390681744,56.07417642697692,6,2,0.625,True,True,30.133333333333333,100.0,True,100m
1809.0,3_satellites,100.0,3,0.375,78.92518949203132,52.67470424239814,123.8592635659564,418.1052824978825,378.1426079638952,-39.9626745339873,1.2420542775653305,34.91174047160894,33.66968619404361,2.7143726497888565,59.374864757061005,6,2,0.625,True,True,30.15,100.0,True,100m
1810.0,3_satellites,100.0,3,0.375,87.3422317402393,42.7805512218244,123.8276978825416,427.3265808973935,387.3836796201906,-39.94290127720285,1.109297371469438,34.261466113850474,33.15216874238104,2.8670345470309258,58.17264053598046,6,2,0.625,True,True,30.166666666666668,100.0,True,100m
1811.0,3_satellites,100.0,3,0.375,69.3733113084872,62.34070702279303,123.79625182808024,414.9246687763064,375.0013799942712,-39.92328878203523,1.376553999260068,34.533720318228006,33.15716631896794,2.156732641160488,57.90868154913187,6,2,0.625,True,True,30.183333333333334,100.0,True,100m
1812.0,3_satellites,100.0,3,0.375,76.81799888814874,53.03058727042095,123.76467512795824,424.4385012920269,384.5349944169345,-39.90350687509232,1.462154663167894,34.28057347936556,32.81841881619766,3.3466939479112625,57.4977607280016,6,2,0.625,True,True,30.2,100.0,True,100m
1813.0,3_satellites,100.0,3,0.375,73.91434594441264,57.25985227766623,123.73313921938212,422.3800677101241,382.4962824099127,-39.8837853002114,2.173408235423267,35.924109892454,33.75070165703073,3.538852173835039,60.47973800078034,6,2,0.625,True,True,30.216666666666665,100.0,True,100m
1814.0,3_satellites,100.0,3,0.375,72.31060214137392,57.7439078086931,123.70160370520496,425.7564561944213,385.8924029412801,-39.86405325314115,1.191250919830054,33.191845597699285,32.00059467786923,2.7849321626126766,55.81056805327535,6,2,0.625,True,True,30.233333333333334,100.0,True,100m
1815.0,3_satellites,100.0,3,0.375,76.91418148579436,52.90908519053109,123.6700174343643,432.2094944367954,392.3652252409417,-39.84426919585371,1.397243317682296,34.734421129804105,33.33717781212181,3.883590567857027,59.54013892635703,6,2,0.625,True,True,30.25,100.0,True,100m
1816.0,3_satellites,100.0,3,0.375,68.3827494504092,62.61427092303558,123.63849218421204,426.5555376804367,386.7309747800774,-39.8245629003593,1.836953674443066,34.95118296146393,33.11422928702086,4.963155038654804,58.80847667530179,6,2,0.625,True,True,30.266666666666666,100.0,True,100m
1817.0,3_satellites,100.0,3,0.375,70.13463402340129,61.07040914540452,123.6069153937666,433.34682414928,393.5420345199672,-39.80478962931272,2.916963131632656,32.877955213654786,29.96099208202213,4.871185004711151,53.75738287717104,6,1,0.625,True,True,30.283333333333335,100.0,True,100m
1818.0,3_satellites,100.0,3,0.375,67.78485947264294,64.71414309417234,123.575353078107,431.845816331949,392.0607801494925,-39.78503618245651,1.8572167824022472,34.16069870907813,32.303481926675886,3.437846202403307,56.32483436912298,6,2,0.625,True,True,30.3,100.0,True,100m
1819.0,3_satellites,100.0,3,0.375,74.36277607831224,54.9827830389222,123.5437186223074,442.9437126991119,403.17851402976,-39.76519866935189,2.290153020527214,35.33380920998752,33.04365618946031,4.524052403867245,59.27961618453264,6,2,0.625,True,True,30.316666666666666,100.0,True,100m
1820.0,3_satellites,100.0,3,0.375,67.48206415740133,64.80033422544095,123.51217341064104,440.9350499028026,401.1895821155842,-39.74546778721839,2.346049363259226,33.174911378417164,30.828862015157934,4.948337577283382,53.7132522687316,6,1,0.625,True,True,30.333333333333332,100.0,True,100m
1821.0,3_satellites,100.0,3,0.375,80.6431412153831,47.92898453231192,123.4805046094299,458.5934695863966,418.8678871382101,-39.72558244818657,1.987297323998064,34.36854869592935,32.381251371931285,4.608413819223642,57.919721975922585,6,2,0.625,True,True,30.35,100.0,True,100m
1822.0,3_satellites,100.0,3,0.375,59.64469879716653,74.89788005326473,123.44901132164073,441.1229378186733,401.4170091065066,-39.70592871216661,2.3557676384225488,34.872081763111055,32.516314124688506,4.997361522167921,56.81603978201747,6,3,0.625,True,True,30.366666666666667,100.0,True,100m
1823.0,3_satellites,100.0,3,0.375,61.02458637331969,70.40446255632125,123.41738173334666,447.0281894033517,407.3420899943965,-39.68609940895516,2.3057486545294523,34.41385181481019,32.108103160280734,4.265078283846378,55.99025719240308,6,2,0.625,True,True,30.383333333333333,100.0,True,100m
1824.0,3_satellites,100.0,3,0.375,59.57819867191058,72.48363282832615,123.38577318207136,449.2579145976228,409.5916175281814,-39.66629706944138,1.4140446139499545,35.03161609219387,33.61757147824392,2.8713521994650364,59.73602044582367,6,2,0.625,True,True,30.4,100.0,True,100m
1825.0,3_satellites,100.0,3,0.375,66.6445250676008,63.81214086296867,123.35411020076842,457.7293650930835,418.0829373662287,-39.64642772685482,1.0515251397155223,34.08510438259691,33.03357924288139,2.6715608537197117,58.6229767985642,6,2,0.625,True,True,30.416666666666668,100.0,True,100m
1826.0,3_satellites,100.0,3,0.375,65.21089374167126,65.95478477686034,123.32247728284308,457.29364959627793,417.6670449749476,-39.62660462133033,1.827825257088989,35.3941766708158,33.56635141372681,3.855278644710779,61.06015422940254,6,2,0.625,True,True,30.433333333333334,100.0,True,100m
1827.0,3_satellites,100.0,3,0.375,66.07823670440754,63.73409223309482,123.29083615799507,459.7803507319614,420.1735866040064,-39.606764127955046,1.8727721581235528,35.63946566171944,33.76669350359589,3.942250147461891,62.680681109428406,6,2,0.625,True,True,30.45,100.0,True,100m
1828.0,3_satellites,100.0,3,0.375,64.0510553258114,67.0589911311873,123.25920644418524,455.9628513583651,416.3759077857569,-39.58694357260828,2.331237505655736,34.09125566622242,31.760018160566688,3.869586098939181,55.46792168915272,6,2,0.625,True,True,30.466666666666665,100.0,True,100m
1829.0,3_satellites,100.0,3,0.375,64.79596669057193,65.65642143409185,123.22754768494131,458.4741873760384,418.90709734819296,-39.56709002784538,1.8932874482125044,35.632851977832615,33.73956452962011,4.0154666639864445,61.05098695680499,6,2,0.625,True,True,30.483333333333334,100.0,True,100m
1830.0,3_satellites,100.0,3,0.375,61.95828921876859,69.34972215381427,123.19590969759273,456.8421407012593,417.2948776448044,-39.54726305645494,1.5983279794454577,34.25403970154002,32.655711722094566,3.077613916248083,57.39144903048873,6,2,0.625,True,True,30.5,100.0,True,100m
1831.0,3_satellites,100.0,3,0.375,65.24581747391231,65.01814966621707,123.16423733834928,461.2565712338887,421.7291816031354,-39.52738963075325,0.7063649063929915,34.38099529501051,33.67463038861752,1.4691526517271996,59.999280631542206,6,2,0.625,True,True,30.516666666666666,100.0,True,100m
1832.0,3_satellites,100.0,3,0.375,63.42214987402168,69.20116410495145,123.13257457935654,458.566925776511,419.0593810399008,-39.50754473661027,2.525571640580893,35.860126516316086,33.33455487573519,5.002038285136223,60.80371053889394,6,2,0.625,True,True,30.533333333333335,100.0,True,100m
1833.0,3_satellites,100.0,3,0.375,68.40368563609677,60.73803878158749,123.10088543282131,464.4264790730306,424.93882922252567,-39.487649850504965,1.7938222461380064,33.31198802217841,31.518165776040405,4.976951852440834,55.43833399936557,6,1,0.625,True,True,30.55,100.0,True,100m
1834.0,3_satellites,100.0,3,0.375,65.16587092611948,64.64507453396564,123.06922841999702,463.1264680183861,423.6586601682346,-39.46780785015147,1.4107920210808516,34.11282466631383,32.702032645232975,2.508136887103319,57.05407065153122,6,2,0.625,True,True,30.566666666666666,100.0,True,100m
1835.0,3_satellites,100.0,3,0.375,66.98789530710572,63.49333042461328,123.03753654198484,462.6711409726491,423.223214316749,-39.44792665590006,1.3300722632557154,35.105736987665296,33.77566472440958,2.3723178654909134,60.57562476396561,6,2,0.625,True,True,30.583333333333332,100.0,True,100m
1836.0,3_satellites,100.0,3,0.375,73.02764482354979,56.133631270390914,123.0058235752598,467.0649915069508,427.6369772201241,-39.42801428682668,1.703599900007248,34.94211539439857,33.23851549439132,5.167853433638811,58.39552431181073,6,3,0.625,True,True,30.6,100.0,True,100m
1837.0,3_satellites,100.0,3,0.375,61.65922080255402,69.96033001080069,122.9741866423878,454.5992452145424,415.191035247239,-39.40820996730338,2.295215189922601,35.074107276275754,32.77889208635315,3.5564701296389103,57.85606013610959,6,2,0.625,True,True,30.616666666666667,100.0,True,100m
1838.0,3_satellites,100.0,3,0.375,71.89171444287236,57.96477743530125,122.94244530108826,461.6147188427472,422.226455626133,-39.38826321661412,1.836127642542124,35.40769540099427,33.57156775845215,5.062998693436384,60.21895105391741,6,2,0.625,True,True,30.633333333333333,100.0,True,100m
1839.0,3_satellites,100.0,3,0.375,72.82132311147313,56.62351352760212,122.9107344745781,457.97815462583526,418.6097875856197,-39.36836704021562,2.252628483343869,34.84324048180133,32.59061199845746,3.305655252188444,57.50789263471961,6,2,0.625,True,True,30.65,100.0,True,100m
1840.0,3_satellites,100.0,3,0.375,70.88203919813807,58.605024077742605,122.87904637193051,456.11972932281645,416.7712365842477,-39.34849273856878,1.9571737116202712,35.738388585392386,33.781214873772115,3.7549717240035534,61.63303764536977,6,2,0.625,True,True,30.666666666666668,100.0,True,100m
1841.0,3_satellites,100.0,3,0.375,71.42652129595247,60.00928205372849,122.84733268321897,451.73252105691785,412.40392313335553,-39.32859792356231,1.0387189635075629,34.6463811788708,33.607662215363234,2.6061867997050285,59.81774074211717,6,2,0.625,True,True,30.683333333333334,100.0,True,100m
1842.0,3_satellites,100.0,3,0.375,77.13653101738174,52.91608041769248,122.81558775986916,453.7780504420773,414.4693902101694,-39.30866023190788,1.0757486266084015,34.70162113197148,33.62587250536308,2.783104743808508,59.6447615660727,6,2,0.625,True,True,30.7,100.0,True,100m
1843.0,3_satellites,100.0,3,0.375,70.18153764309157,61.4179935511681,122.78390363172812,443.54847782678206,404.2596750854976,-39.288802741284485,1.3336110874079168,33.03435381082818,31.700742723420262,3.1476950719952583,57.37735276296735,6,2,0.625,True,True,30.716666666666665,100.0,True,100m
1844.0,3_satellites,100.0,3,0.375,84.80203199565261,46.771088076191866,122.75210135930436,451.5037568531585,412.2349588630256,-39.268797990132896,1.5421106307767332,34.0207510846667,32.478640453889966,3.055671509355306,57.22849328070879,6,2,0.625,True,True,30.733333333333334,100.0,True,100m
1845.0,3_satellites,100.0,3,0.375,89.44642032822317,38.21865474934609,122.72033725979882,452.6711494129586,413.4223068226416,-39.248842590317054,4.0069078942760825,35.52779452409595,31.52088662981987,8.208479344844818,63.36691087111831,6,2,0.625,True,True,30.75,100.0,True,100m
1846.0,3_satellites,100.0,3,0.375,70.76907843521589,61.21884954510994,122.68869631386248,430.5679485469239,391.3389017629083,-39.22904678401562,1.4968622587621212,34.41313619213179,32.916273933369666,2.774487536400557,57.976756293326616,6,2,0.625,True,True,30.766666666666666,100.0,True,100m
1847.0,3_satellites,100.0,3,0.375,68.07568656099127,66.63414709336558,122.65697617798963,420.4757048453129,381.2665571586288,-39.20914768668416,2.7092485795728862,32.704696813132614,29.995448233559728,4.760530710220337,54.19584114849568,6,2,0.625,True,True,30.783333333333335,100.0,True,100m
1848.0,3_satellites,100.0,3,0.375,84.10257476895656,44.08628902331184,122.62512750952432,431.40511891706586,392.2160275899236,-39.18909132714231,2.436455311253667,35.33897318225354,32.90251787099987,6.74768752232194,59.65515553206205,6,2,0.625,True,True,30.8,100.0,True,100m
1849.0,3_satellites,100.0,3,0.375,92.53250589512476,34.74174086057679,122.59332759062204,434.5358980836104,395.3668013909172,-39.16909669269319,3.1719825910404325,36.28232092177496,33.11033833073452,8.355725020170212,61.917940869927406,6,2,0.625,True,True,30.816666666666666,100.0,True,100m
1850.0,3_satellites,100.0,3,0.375,84.9213608106839,44.295171559707896,122.5616025105712,422.3482461376752,383.199046945953,-39.14919919172223,2.8781437850557268,35.46908309403807,32.59093930898234,7.422298736870289,59.19249705225229,6,1,0.625,True,True,30.833333333333332,100.0,True,100m
1851.0,3_satellites,100.0,3,0.375,82.85155639056624,45.98953983962628,122.52985330461772,416.94840470615407,377.8191387339451,-39.12926597220894,0.4663740545511246,33.79632033593953,33.3299462813884,0.8488586954772472,58.25815032795072,6,2,0.625,True,True,30.85,100.0,True,100m
1852.0,3_satellites,100.0,3,0.375,73.58268556961659,56.81225683213103,122.49812855064076,401.5342299849956,362.4248607918375,-39.1093691931581,1.6115343431010842,32.972751484718174,31.36121714161709,3.284695830196142,55.72578980773688,6,2,0.625,True,True,30.866666666666667,100.0,True,100m
1853.0,3_satellites,100.0,3,0.375,83.45311770075988,46.13222194301687,122.4662883703782,400.5812915216405,361.4919565673278,-39.08933495431273,1.7101012482307851,34.92187729617581,33.21177604794502,4.390693910419941,59.232515167444944,6,2,0.625,True,True,30.883333333333333,100.0,True,100m
1854.0,3_satellites,100.0,3,0.375,82.0517986524903,48.01023031432221,122.4345134298213,394.0861584594946,355.0167830259442,-39.06937543355042,1.5275891213677824,34.92626596009359,33.398676838725805,3.254749272018671,58.34961134195328,6,2,0.625,True,True,30.9,100.0,True,100m
1855.0,3_satellites,100.0,3,0.375,79.05303196514073,51.81506047101808,122.40273457764856,384.84366933163057,345.7942531490092,-39.04941618262137,1.416266529355198,34.854078620672226,33.43781209131703,2.501807931810617,59.15326218307018,6,2,0.625,True,True,30.916666666666668,100.0,True,100m
1856.0,3_satellites,100.0,3,0.375,82.14971816570511,47.104717259245696,122.37092046796856,379.0304018604354,340.0009917246509,-39.02941013578453,1.4574181619100273,35.16648630844429,33.709068146534264,2.7542114816606045,60.286592453718185,6,2,0.625,True,True,30.933333333333334,100.0,True,100m
1857.0,3_satellites,100.0,3,0.375,83.45073595837384,46.43408268149989,122.33911110708657,372.25758982061126,333.24817634517086,-39.0094134754404,1.7456628787331283,34.5967211285606,32.851058249827474,2.6191348917782307,57.74742654711008,6,2,0.625,True,True,30.95,100.0,True,100m
1858.0,3_satellites,100.0,3,0.375,85.04873930080005,43.02002943403347,122.30729742219958,364.52563262127774,325.53622559057703,-38.989407030700704,1.011540999636054,34.3534320294857,33.34189102984965,2.5919359400868416,59.31045885756612,6,2,0.625,True,True,30.966666666666665,100.0,True,100m
1859.0,3_satellites,100.0,3,0.375,85.66857255791555,44.3473565041603,122.27548385800203,355.97217859360177,317.002772882145,-38.96940571145677,2.8507351456210017,33.74576353561133,30.89502838999033,5.013117108494043,54.54007546976209,5,2,0.625,True,True,30.983333333333334,100.0,True,100m
1860.0,3_satellites,100.0,3,0.375,84.00167215167944,45.46954549684061,122.24366615815738,345.0562382605236,306.1068345919376,-38.949403668586,1.747216430027038,35.10475989989936,33.357543469872326,4.58161261305213,60.357496984303,6,2,0.625,True,True,31.0,100.0,True,100m
1861.0,3_satellites,100.0,3,0.375,83.85844960996343,46.699569987637794,122.2118531040026,334.81281653203183,295.8834180617863,-38.92939847024553,2.230562368407845,34.305998848285526,32.07543647987768,5.3491503074765205,59.061246909201145,5,2,0.625,True,True,31.016666666666666,100.0,True,100m
1862.0,3_satellites,100.0,3,0.375,88.55908529277237,41.86046510272743,122.17998473519688,327.24435366729654,288.3350138931118,-38.90933977418473,3.035423231776804,33.88919935235754,30.853776120580733,4.95323222130537,54.16502122581005,6,1,0.625,True,True,31.033333333333335,100.0,True,100m
1863.0,3_satellites,100.0,3,0.375,85.97053810398162,43.98145057633222,122.14816023712736,315.5461646572223,276.656836450396,-38.88932820682635,1.86642989795655,34.823059633839875,32.956629735883325,4.093100763857365,57.73079305887222,6,2,0.625,True,True,31.05,100.0,True,100m
1864.0,3_satellites,100.0,3,0.375,93.8507415769248,36.046305546303486,122.11628098570814,311.7922131561951,272.9229656684089,-38.8692474877862,2.1876748739741743,32.81110629858449,30.62343142461032,5.6276698261499405,53.60324862226844,6,1,0.625,True,True,31.066666666666666,100.0,True,100m
1865.0,3_satellites,100.0,3,0.375,95.40847657033584,40.39613747234732,122.08440953514553,294.1066700500179,255.25747249043823,-38.84919755957967,5.193487219046801,38.36915505025536,33.17566783120856,13.563131108880045,72.71360048651695,6,2,0.625,True,True,31.083333333333332,100.0,True,100m
1866.0,3_satellites,100.0,3,0.375,96.61974008245508,31.0393433911393,122.05255997011405,293.75880139648666,254.92965925007863,-38.829142146408,3.112081816419959,34.574510724749416,31.462428908329457,6.90451954305172,55.97455270960927,6,2,0.625,True,True,31.1,100.0,True,100m
1867.0,3_satellites,100.0,3,0.375,94.0760954539449,35.18481127296099,122.02072212943422,277.52465371506764,238.7155387597198,-38.80911495534784,1.259084672667086,32.7088266145438,31.44974194187671,3.4020718038082123,57.06377061456442,6,2,0.625,True,True,31.116666666666667,100.0,True,100m
1868.0,3_satellites,100.0,3,0.375,73.38999294102031,61.38232336190729,121.98894932131022,249.5963983310821,210.80720951805796,-38.78918881302417,2.3340107165277004,34.89684260683134,32.56283189030364,5.905941411852837,57.49087229371071,6,3,0.625,True,True,31.133333333333333,100.0,True,100m
1869.0,3_satellites,100.0,3,0.375,75.9955720616505,59.50055145858601,121.95706390228948,241.77519818275,203.0060888844696,-38.76910929828037,2.8522098385728896,34.3588903369382,31.506680498365316,4.917963191866875,56.98912758752704,6,3,0.625,True,True,31.15,100.0,True,100m
1870.0,3_satellites,100.0,3,0.375,104.043456734603,24.327236373556573,121.92504417035197,258.5271148508422,219.77826150521173,-38.74885334563049,1.503427289891988,34.11110124690458,32.607673957012594,3.141286116093397,58.92316763103008,6,2,0.625,True,True,31.166666666666668,100.0,True,100m
1871.0,3_satellites,100.0,3,0.375,91.34238626479076,37.9835711184697,121.89322396874591,241.1606140593339,202.43175720285365,-38.72885685648026,1.3563510477542875,34.01367503358051,32.657323985826224,3.9862968027591705,59.75546509027481,6,2,0.625,True,True,31.183333333333334,100.0,True,100m
1872.0,3_satellites,100.0,3,0.375,93.97120634931235,35.6590196486316,121.8613234827448,233.55249736104972,194.8437376927827,-38.70875966826705,1.371710490435362,35.12581785861403,33.754107368178666,2.6669051945209503,60.61959403008223,6,2,0.625,True,True,31.2,100.0,True,100m
1873.0,3_satellites,100.0,3,0.375,105.42496483937433,23.86571103522658,121.82937866089412,232.4731439922648,193.78453971229465,-38.68860427997012,1.013092810753733,34.176487899851054,33.16339508909732,2.6504833325743675,59.2103191241622,6,2,0.625,True,True,31.216666666666665,100.0,True,100m
1874.0,3_satellites,100.0,3,0.375,96.53758411194276,34.14192162364437,121.7975256639239,217.09859532388344,178.430026515091,-38.66856880879246,1.934935066383332,34.135755869559944,32.20082080317661,3.180967077612877,56.59336234256625,6,2,0.625,True,True,31.233333333333334,100.0,True,100m
1875.0,3_satellites,100.0,3,0.375,96.47398621221984,35.53674245229449,121.76562231920184,209.1141616072992,170.46568967845425,-38.648471928845,1.2930937204509974,34.315436786040664,33.022343065589666,3.51052962616086,57.79423012956977,6,2,0.625,True,True,31.25,100.0,True,100m
1876.0,3_satellites,100.0,3,0.375,98.4406510559376,31.744016488845983,121.73369550238442,201.4285356892337,162.80018690747966,-38.62834878175408,2.2600704706273973,34.97253365395591,32.71246318332851,5.701873425394297,59.939526341855526,6,2,0.625,True,True,31.266666666666666,100.0,True,100m
1877.0,3_satellites,100.0,3,0.375,92.93528134543864,35.908041670269874,121.70180690395094,188.01720464119964,149.408933356168,-38.608271285031634,1.76035368302837,34.6510513164103,32.89069763338193,3.766278635710478,60.110799346119165,6,2,0.625,True,True,31.283333333333335,100.0,True,100m
1878.0,3_satellites,100.0,3,0.375,96.07069926382364,35.06725108412453,121.6698799937323,179.77027600526665,141.18213141383694,-38.58814459142971,1.3139423094689846,35.1064642444253,33.79252193495631,2.510160580277443,61.11845199018717,6,2,0.625,True,True,31.3,100.0,True,100m
1879.0,3_satellites,100.0,3,0.375,96.28832910679508,36.74776157351055,121.63795529039244,170.80313724579568,132.2351114630955,-38.568025782700175,2.2235034378245477,34.171227605082095,31.947724167257547,4.127992462366819,58.10624824091792,6,2,0.625,True,True,31.316666666666666,100.0,True,100m
1880.0,3_satellites,100.0,3,0.375,105.47769023131492,24.829691979615507,121.60597983211017,170.37916490737638,131.8313250310937,-38.547839876282666,2.1287920619361103,35.173449103720486,33.044657041784376,5.073124643415213,59.41245450079441,6,2,0.625,True,True,31.333333333333332,100.0,True,100m
1881.0,3_satellites,100.0,3,0.375,98.32427741638712,28.99689920367692,121.57407207274817,159.73568444119007,121.20793851719526,-38.527745923994814,3.46906166523695,36.53921632701531,33.07015466177836,7.728154737502336,62.93974308669567,6,2,0.625,True,True,31.35,100.0,True,100m
1882.0,3_satellites,100.0,3,0.375,87.68235834213735,42.26347934294259,121.54220505238418,141.93947239356717,103.43178013891458,-38.5076922546526,1.818928170017898,33.99331537494436,32.17438720492646,3.281777355819941,56.48775874450803,6,2,0.625,True,True,31.366666666666667,100.0,True,100m
1883.0,3_satellites,100.0,3,0.375,101.87234540924796,26.6178738955126,121.51019104660736,143.94999369351137,105.4625315926657,-38.48746210084565,1.810672300402075,34.740680140443146,32.93000784004107,4.2906857542693615,59.17538398876786,6,2,0.625,True,True,31.383333333333333,100.0,True,100m
1884.0,3_satellites,100.0,3,0.375,97.4990492579842,29.31227760911247,121.47825970666146,136.0780689806312,97.61072943410028,-38.46733954653091,2.801556743681431,35.230269140098244,32.42871239641681,5.851975332945585,61.241539135575294,6,2,0.625,True,True,31.4,100.0,True,100m
1885.0,3_satellites,100.0,3,0.375,87.99456805025144,40.43555570320893,121.44635660976864,122.61734275992234,84.17009089800408,-38.44725186191826,2.779500992503017,35.395802999380976,32.61630200687796,7.917577035725117,62.67332345992327,6,2,0.625,True,True,31.416666666666668,100.0,True,100m
1886.0,3_satellites,100.0,3,0.4285714285714285,102.16908739377511,23.597995780181098,96.75162146223946,123.59249048208538,96.00941251173828,-27.58307797034709,1.7749855603490556,34.26234800900732,32.48736244865826,4.139584671705961,56.68159129098058,5,2,0.5714285714285714,True,True,31.433333333333334,100.0,True,100m
1887.0,3_satellites,100.0,3,0.375,107.89736419645776,24.212178598807807,121.38236549460618,121.2892318255104,82.88239894701115,-38.40683287849926,2.752579846419394,34.404718736652285,31.65213889023289,6.340025663375855,56.17695450782776,5,2,0.625,True,True,31.45,100.0,True,100m
1888.0,3_satellites,100.0,3,0.375,99.09597030985844,29.15646309061115,121.3504372286978,111.39144727290858,73.00472995847058,-38.386717314438,1.2355939536355436,34.18701861379668,32.95142466016114,2.384302906692028,59.935496747493744,6,2,0.625,True,True,31.466666666666665,100.0,True,100m
1889.0,3_satellites,100.0,3,0.375,99.05309207017976,33.05045864408484,121.31847160758952,105.45190226125402,67.08534774597815,-38.366554515275865,1.309745424427092,34.26325050415471,32.95350507972762,2.668655015528202,58.7987867295742,6,2,0.625,True,True,31.483333333333334,100.0,True,100m
1890.0,3_satellites,100.0,3,0.375,112.84306462818088,20.837553279964705,121.28644815127672,109.22226752754092,70.87596101402656,-38.34630651351435,4.056344659533352,33.34361891821027,29.28727425867692,8.288102641701698,55.83594894036651,5,2,0.625,True,True,31.5,100.0,True,100m
1891.0,3_satellites,100.0,3,0.375,85.58886443780874,43.22024147885415,121.2545773455958,89.58618946713011,51.25991188954177,-38.32627757758834,2.6050271266140044,35.395348347723484,32.79032122110948,5.679117903113365,60.21874156594277,6,1,0.625,True,True,31.516666666666666,100.0,True,100m
1892.0,3_satellites,100.0,3,0.375,102.55336489203722,26.41888160694921,121.22253055852714,97.58104003124669,59.27503796973425,-38.30600206151244,1.4996186550706625,33.578625094145536,32.079006439074874,2.538712978363037,58.05886187031865,6,2,0.625,True,True,31.533333333333335,100.0,True,100m
1893.0,3_satellites,100.0,3,0.375,91.377485396393,39.73406096809545,121.1906009429464,81.77622083469147,43.49033304763146,-38.28588778706001,1.9281196929514408,33.95102444058284,32.0229047476314,3.0757079608738422,56.37267083674669,6,2,0.625,True,True,31.55,100.0,True,100m
1894.0,3_satellites,100.0,3,0.375,86.97677392191136,43.31155386409235,121.1586245137742,75.492242646933,37.226525425638464,-38.26571722129453,2.1665267278440297,34.99748899554834,32.83096226770431,3.375731356441974,58.38592331856489,6,2,0.625,True,True,31.566666666666666,100.0,True,100m
1895.0,3_satellites,100.0,3,0.375,93.769893139932,34.8459886412959,121.1266040435044,75.81738760135299,37.57190649006623,-38.245481111286765,1.4153110752813518,33.14325811481103,31.72794703952968,3.690145909786224,57.41515150293708,6,2,0.625,True,True,31.583333333333332,100.0,True,100m
1896.0,3_satellites,100.0,3,0.375,87.09700041478683,45.93497620725347,121.09464146365504,65.79402710916813,27.56869892866527,-38.225328180502856,3.0856688050553203,34.80274311359972,31.7170743085444,6.616457030177116,56.2550043053925,6,2,0.625,True,True,31.6,100.0,True,100m
1897.0,3_satellites,100.0,3,0.375,89.06646380581088,39.9287491646032,121.06262278985362,63.49617259200964,25.291070979634544,-38.20510161237509,1.585948821157217,34.96607330348343,33.38012448232621,3.902177002280951,59.61660682410002,6,2,0.625,True,True,31.616666666666667,100.0,True,100m
1898.0,3_satellites,100.0,3,0.375,90.05245727510285,38.026558945680414,121.03060904904602,61.83748777223581,23.652605092867397,-38.184882679368414,1.905965720769018,35.08790688449517,33.18194116372615,4.10601631551981,60.88595496490598,6,2,0.625,True,True,31.633333333333333,100.0,True,100m
1899.0,3_satellites,100.0,3,0.375,91.47204992596674,41.55987601784135,120.998624750826,51.22759216959028,13.062906392236508,-38.164685777353775,3.8930639196187258,32.535108767449856,28.64204484783113,11.48378835618496,57.01498096436262,5,2,0.625,True,True,31.65,100.0,True,100m
1900.0,3_satellites,100.0,3,0.375,81.79821510400822,46.91703732228545,120.9666260538938,43.78020753949342,5.635705847178421,-38.144501692315,1.5663989023305476,34.426666635554284,32.860267733223736,2.9644211754202843,58.55154449120164,6,2,0.625,True,True,31.666666666666668,100.0,True,100m
1901.0,3_satellites,100.0,3,0.375,94.64742799601684,31.55880554821968,120.93454961391676,48.651490541139125,10.527291839998885,-38.12419870114024,1.877622566651553,34.37055237637833,32.492929809726775,3.624105978757143,61.25304852426052,6,2,0.625,True,True,31.683333333333334,100.0,True,100m
1902.0,3_satellites,100.0,3,0.375,95.4233746413485,32.18754129071242,120.90253127321536,42.47703160050767,4.3730585710931535,-38.10397302941451,1.4023898430168629,33.51056669605896,32.108176853042096,3.519811231642961,58.482973143458366,6,2,0.625,True,True,31.7,100.0,True,100m
1903.0,3_satellites,100.0,3,0.375,87.33337447058895,40.186197425080536,120.87053692771312,32.752319748739026,-5.331465828413208,-38.08378557715224,0.8693734710104764,34.618687444366515,33.74931397335604,1.5061337426304815,61.03587284311652,6,2,0.625,True,True,31.716666666666665,100.0,True,100m
1904.0,3_satellites,100.0,3,0.4285714285714285,85.01792793040143,27.7384187114771,96.02574341075264,24.240757183473495,-2.902112004636899,-27.1428691881104,2.087045170366764,33.3336500408394,31.246604870472638,4.287680696696043,59.85241208598018,5,1,0.5714285714285714,True,True,31.733333333333334,100.0,True,100m
1905.0,3_satellites,100.0,3,0.375,75.64115080360311,51.20392425955202,120.80650493421346,15.294877569507818,-22.748484686700408,-38.04336225620823,3.948180825915188,36.37287284899503,32.42469202307984,10.159598153084517,62.40375019982457,6,2,0.625,True,True,31.75,100.0,True,100m
1906.0,3_satellites,100.0,3,0.375,95.09412677862755,31.23559336569524,120.7743765142599,23.177904327333064,-14.845096003953875,-38.02300033128694,3.53255733801052,36.11823928495869,32.58568194694817,7.855460245162249,61.39824520424008,6,1,0.625,True,True,31.766666666666666,100.0,True,100m
1907.0,3_satellites,100.0,3,0.375,83.42480621191679,42.23926026031789,120.74240038693074,10.57328116048247,-27.42954634137653,-38.002827501859,1.3619079343043268,33.79752037068829,32.43561243638396,3.20159712433815,59.51043901219964,6,2,0.625,True,True,31.783333333333335,100.0,True,100m
1908.0,3_satellites,100.0,3,0.375,87.01796913571499,41.40893688105525,120.71033691261216,7.029280983251316,-30.953273296727083,-37.9825542799784,1.4969479367136955,33.7786114779301,32.2816635412164,3.4320890456438065,58.53881826251745,6,2,0.625,True,True,31.8,100.0,True,100m
1909.0,3_satellites,100.0,3,0.375,76.2217209802236,51.20710142521046,120.67832398711772,-4.456093921858368,-42.4184441509278,-37.96235022906943,3.3778531686402857,36.62833511410281,33.250481945462525,6.637189514935017,61.94593816623092,6,2,0.625,True,True,31.816666666666666,100.0,True,100m
1910.0,3_satellites,100.0,3,0.375,84.99564612402501,42.23734499253713,120.64622991043312,-3.398165022821438,-41.34019961285268,-37.94203459003124,2.512437795288861,35.57908194186166,33.0666441465728,5.715730011463165,61.39479701593518,6,2,0.625,True,True,31.833333333333332,100.0,True,100m
1911.0,3_satellites,100.0,3,0.375,96.56028524282225,31.015061491287785,120.61412787737572,1.3774361177656602,-36.54426827921804,-37.9217043969837,2.1154051311314106,34.720316037070006,32.6049109059386,4.344405993819237,61.566898848861456,6,2,0.625,True,True,31.85,100.0,True,100m
1912.0,3_satellites,100.0,3,0.375,91.5721765612298,32.855094672243446,120.58207913746254,-5.626576876194524,-43.52803061345714,-37.90145373726261,2.4782722336240117,34.30844743270427,31.83017519908026,3.8942368067801,62.12995465099812,6,2,0.625,True,True,31.866666666666667,100.0,True,100m
1913.0,3_satellites,100.0,3,0.375,83.31273277778824,47.37341146615258,120.55006946378464,-18.91412552897581,-56.79537025026134,-37.88124472128554,2.445834972430021,33.60116654261947,31.15533157018945,5.9129135645926,56.40204856172204,5,2,0.625,True,True,31.883333333333333,100.0,True,100m
1914.0,3_satellites,100.0,3,0.375,83.48617316065487,42.91298007506803,120.51796790556844,-14.944345326551016,-52.80528396916351,-37.860938642612496,3.134987663011998,36.18902475759387,33.05403709458187,6.469922576099634,62.241218626499176,6,2,0.625,True,True,31.9,100.0,True,100m
1915.0,3_satellites,100.0,3,0.375,84.92924543177288,42.34703071290623,120.48589282292586,-16.468670495180938,-54.309320555642906,-37.84065006046197,1.8828850057907405,34.563539617694914,32.680654611904174,4.9290034882724285,60.07241174578667,6,2,0.625,True,True,31.916666666666668,100.0,True,100m
1916.0,3_satellites,100.0,3,0.375,81.69934893951029,46.80861085041513,120.45384064621672,-22.65399781672894,-60.47438607735117,-37.82038826062223,2.135477749630809,33.33210540097207,31.19662765134126,3.324578072875738,57.00755834579468,6,2,0.625,True,True,31.933333333333334,100.0,True,100m
1917.0,3_satellites,100.0,3,0.375,82.80628405882078,42.61877019630958,120.42172819066474,-18.47253907427067,-56.27260704519455,-37.80006797092388,3.708318803925067,37.38917428301647,33.680855479091406,6.194819018244743,63.06793131306768,6,3,0.625,True,True,31.95,100.0,True,100m
1918.0,3_satellites,100.0,3,0.375,65.98385740199308,60.90543814872645,120.38971424468237,-35.69855699752073,-73.478425519785,-37.77986852226427,4.044552266132087,36.46829768223688,32.42374541610479,9.936889346688986,61.49594660103321,6,1,0.625,True,True,31.966666666666665,100.0,True,100m
1919.0,3_satellites,100.0,3,0.375,80.47015260962074,44.315439604412994,120.35755920147574,-24.643532914898465,-62.40301058380144,-37.759477668902974,3.548690231051296,35.785651731770486,32.23696150071919,7.30362144112587,63.35847108438611,6,2,0.625,True,True,31.983333333333334,100.0,True,100m
1920.0,3_satellites,100.0,3,0.375,81.43250964998781,46.99999094128726,120.32547587295277,-27.669371394494608,-65.40855157733233,-37.73918018283773,0.3032883005216717,33.958802565932274,33.6555142654106,0.6230068802833557,60.30687126517296,6,2,0.625,True,True,32.0,100.0,True,100m
1921.0,3_satellites,100.0,3,0.375,76.29994422829883,50.52455823330904,120.29338311886649,-30.997545993835573,-68.71643122715675,-37.71888523332117,3.0695360712707043,35.74894569860771,32.67940962733701,5.621679700911045,59.22699211165309,6,2,0.625,True,True,32.016666666666666,100.0,True,100m
1922.0,3_satellites,100.0,3,0.375,77.46460119644051,49.72558916387796,120.26128563385068,-32.73338935091373,-70.4319589132144,-37.69856956230067,0.9940453991293908,34.2070980030112,33.213052603881806,1.681331388652325,58.83275786414743,6,2,0.625,True,True,32.03333333333333,100.0,True,100m
1923.0,3_satellites,100.0,3,0.375,82.00457545009081,44.15001665852354,120.22915254057762,-31.43590336699227,-69.11411930343462,-37.67821593644235,1.953308703377843,35.14135971805081,33.188051014672965,5.2830253802239895,59.7746192291379,6,2,0.625,True,True,32.05,100.0,True,100m
1924.0,3_satellites,100.0,3,0.375,85.19255393404792,42.06938184139676,120.19702857527012,-31.42446256054214,-69.0823368703408,-37.65787430979866,1.8477167873643336,34.16872831247747,32.321011525113136,3.708703849464655,57.86312685534358,6,2,0.625,True,True,32.06666666666667,100.0,True,100m
1925.0,3_satellites,100.0,3,0.4285714285714285,57.73472784524902,56.15334949207221,95.1752479933622,-56.130720802907085,-82.75756293853105,-26.626842135623967,3.4508485682308674,32.61624215011086,29.589035672268697,6.178527370095253,59.20339985191822,5,1,0.5714285714285714,True,True,32.083333333333336,100.0,True,100m
1926.0,3_satellites,100.0,3,0.4285714285714285,76.55947202176533,32.12692661808807,95.13456806483757,-39.720811385334976,-66.32290033641101,-26.602088951076038,1.2428380128528391,33.56127093466265,32.31843292180981,2.200247623026371,56.96720266714692,5,2,0.5714285714285714,True,True,32.1,100.0,True,100m
1927.0,3_satellites,100.0,3,0.375,85.23091853717578,42.05748447392308,120.10067367881403,-34.21655673763879,-71.81342841458887,-37.59687167695008,2.5456032236106694,34.32953373156488,31.78393050795421,5.655342858284712,59.6051655523479,6,2,0.625,True,True,32.11666666666667,100.0,True,100m
1928.0,3_satellites,100.0,3,0.375,81.77128330758345,42.54892729518464,120.06855334331442,-34.1364790507761,-71.71301873366038,-37.576539682884274,2.4764038641005754,35.13308134069666,32.65667747659609,4.871628295630217,62.18294971436262,6,2,0.625,True,True,32.13333333333333,100.0,True,100m
1929.0,3_satellites,100.0,3,0.375,74.10174706959363,51.85399585808625,120.03647267717452,-40.74482979140006,-78.30107879000566,-37.5562489986056,1.264417935162783,33.38418372254819,32.119765787385404,2.470694199204445,57.35329619795084,6,2,0.625,True,True,32.15,100.0,True,100m
1930.0,3_satellites,100.0,3,0.375,77.72395907680682,48.82314943971862,120.00432341698256,-38.23005513957305,-75.76593281691018,-37.53587767733713,0.4541018269956112,33.493061483372,33.03895965637639,1.2439159713685513,59.63628639653325,6,2,0.625,True,True,32.166666666666664,100.0,True,100m
1931.0,3_satellites,100.0,3,0.375,58.52088484356969,74.12490317041099,119.97228940780712,-55.03577958199868,-92.55143566737816,-37.51565608537949,2.758648828137666,34.33883810834959,31.58018928021193,6.574774492532015,56.0318466834724,6,3,0.625,True,True,32.18333333333333,100.0,True,100m
1932.0,3_satellites,100.0,3,0.4285714285714285,83.11271402257788,96.8123239532992,169.70478914031926,-31.396835609747413,-106.0756068343279,-74.67877122458049,2.0777866691350937,38.57874411770276,36.50095744856766,4.367055870592594,60.33708727732301,6,3,0.5714285714285714,True,True,32.2,100.0,True,100m
1933.0,3_satellites,100.0,3,0.375,68.1431998757908,60.512220346399744,119.90795534566595,-41.75846997661765,-79.23333647215709,-37.47486649553944,2.3236155905760825,33.55223322659731,31.228617636021227,4.623437561094761,58.32368619740009,6,3,0.625,True,True,32.21666666666667,100.0,True,100m
1934.0,3_satellites,100.0,3,0.4285714285714285,72.02850651584677,107.51379590299032,169.4822035304889,-37.24172792127854,-111.7667227657262,-74.52499484444765,1.3671670737011092,37.8792250007391,36.51205792703799,2.494918342679739,59.51225413382053,6,3,0.5714285714285714,True,True,32.233333333333334,100.0,True,100m
1935.0,3_satellites,100.0,3,0.4285714285714285,73.22554475766337,106.83628720955912,169.3707188301788,-34.48658360571367,-108.93452077909444,-74.44793717338075,1.9799190679831165,37.09753761759826,35.117618549615145,2.777307543903589,58.5125352256,6,2,0.5714285714285714,True,True,32.25,100.0,True,100m
1936.0,3_satellites,100.0,3,0.4285714285714285,77.4588547574608,100.53948151373028,169.2590635589343,-28.14012219520022,-102.51085404536518,-74.37073185016496,1.1610712419663156,37.44459234071629,36.28352109874998,2.748299773782492,58.83993325382471,6,3,0.5714285714285714,True,True,32.266666666666666,100.0,True,100m
1937.0,3_satellites,100.0,3,0.375,76.72896065369055,48.34746017880732,119.779307222671,-26.626215674553706,-64.01953913688229,-37.39332346232858,1.0237753530964255,34.40399747341871,33.38022212032229,3.007498476654291,59.51355125382543,6,2,0.625,True,True,32.28333333333333,100.0,True,100m
1938.0,3_satellites,100.0,3,0.375,80.11213647511609,44.23957365559421,119.74712981902996,-21.269992970456148,-58.642914467267296,-37.372921496811145,1.4616829785518348,34.38480385532603,32.92312087677419,3.600184317678213,59.38653982058168,6,2,0.625,True,True,32.3,100.0,True,100m
1939.0,3_satellites,100.0,3,0.375,74.63401222710847,50.10753141003096,119.714996144203,-23.985440338137447,-61.33801427527833,-37.35257393714089,1.6689275410026312,34.04422527458519,32.37529773358256,2.531709272414446,57.407411240041256,6,2,0.625,True,True,32.31666666666667,100.0,True,100m
1940.0,3_satellites,100.0,3,0.375,79.83621947539329,43.07655545723669,119.68280329885572,-13.885757052747994,-51.21791017061965,-37.332153117871655,1.93180508678779,34.73375332681462,32.80194824002683,4.175082925707102,58.55579886212945,6,2,0.625,True,True,32.333333333333336,100.0,True,100m
1941.0,3_satellites,100.0,3,0.375,81.40536950667797,41.49210297656513,119.6506306783292,-11.499553786724167,-48.81131005195044,-37.311756265226265,1.6827724068425596,33.98595059243962,32.30317818559706,3.6780845001339912,59.42318415269256,6,2,0.625,True,True,32.35,100.0,True,100m
1942.0,3_satellites,100.0,3,0.375,64.90805806092241,62.62217188468226,119.61853692498369,-23.124359391061404,-60.41582842619179,-37.29146903513038,2.075311272405088,34.80472995946184,32.72941868705675,3.764410682022572,59.10405967012048,6,2,0.625,True,True,32.36666666666667,100.0,True,100m
1943.0,3_satellites,100.0,3,0.375,64.19888836574124,62.31280311829039,119.58637206604394,-21.27069383170532,-58.54177323276124,-37.27107940105592,1.797838490922004,33.893258406315,32.095419915392995,3.7471040077507496,57.45156084373593,6,2,0.625,True,True,32.38333333333333,100.0,True,100m
1944.0,3_satellites,100.0,3,0.375,83.96709232669711,41.06850289741045,119.55411354368836,-1.3622207106062676,-38.61278708529734,-37.25056637469108,3.086193453054875,33.6750545790419,30.588861125987023,5.065833605825901,59.681300066411495,6,2,0.625,True,True,32.4,100.0,True,100m
1945.0,3_satellites,100.0,3,0.375,93.56851886459371,29.67635543648778,119.52187242412616,9.128233958090116,-28.101861548558645,-37.23009550664876,5.157469633501023,36.493849913124,31.33638027962297,10.432584542781116,66.865712441504,6,2,0.625,True,True,32.416666666666664,100.0,True,100m
1946.0,3_satellites,100.0,3,0.375,87.35403641513659,36.596980216683946,119.4897283187746,7.070819375653858,-30.1389139578246,-37.20973333347845,3.0350730177015066,34.472157024778426,31.43708400707692,6.125799089670181,61.68855842575431,6,2,0.625,True,True,32.43333333333333,100.0,True,100m
1947.0,3_satellites,100.0,3,0.375,91.25873192821562,31.25412625849024,119.45751930679604,10.642047219197158,-26.547250454055074,-37.18929767325224,5.641343131661415,36.92753771785647,31.28619458619505,9.88180585578084,69.89039973542094,6,2,0.625,True,True,32.45,100.0,True,100m
1948.0,3_satellites,100.0,3,0.375,106.97120770549132,22.904350225979428,119.42527190635283,28.246046151479213,-8.922757896856798,-37.168804048336014,5.713481123093516,35.146469661500305,29.43298853840679,11.24165092408657,64.3162207826972,6,2,0.625,True,True,32.46666666666667,100.0,True,100m
1949.0,3_satellites,100.0,3,0.375,77.88984548438229,45.356562678873885,119.39321788842209,12.791339856883306,-24.35721942282635,-37.14855927970966,3.423296630382538,33.132073951885104,29.708777321502566,4.516843684017658,56.27549782022834,5,2,0.625,True,True,32.483333333333334,100.0,True,100m
1950.0,3_satellites,100.0,3,0.375,76.47282399728019,46.97937407811949,119.36102428288702,12.393442623729063,-24.734701810447724,-37.12814443417679,3.258234556298703,34.008466275408864,30.75023171911016,7.417917303740978,62.70496751740575,6,2,0.625,True,True,32.5,100.0,True,100m
1951.0,3_satellites,100.0,3,0.375,62.613125970142185,63.20102276020945,119.32889415761716,5.443023831927927,-31.664783483577448,-37.107807315505376,2.720467858482152,35.08534810738638,32.36488024890423,7.16457512229681,60.5252756215632,6,2,0.625,True,True,32.516666666666666,100.0,True,100m
1952.0,3_satellites,100.0,3,0.375,58.6206147426171,66.84537849792153,119.29670889123037,6.0670065893302905,-31.020395602220606,-37.08740219155089,1.5443023131228983,34.99915100215003,33.45484868902713,2.8685034550726414,60.07435217872262,6,2,0.625,True,True,32.53333333333333,100.0,True,100m
1953.0,3_satellites,100.0,3,0.375,60.41811802140116,65.53029914639227,119.2645032910651,11.622154785053048,-25.444811246975043,-37.06696603202809,1.130962976720184,33.67815204989165,32.54718907317147,2.337896715849638,58.31684937700629,6,2,0.625,True,True,32.55,100.0,True,100m
1954.0,3_satellites,100.0,3,0.375,61.80081433508361,64.83917994721585,119.23229146755963,15.361415071148834,-21.68510724743678,-37.046522318585616,2.216208850964904,34.157427242957056,31.94121839199215,4.471325006335974,58.36352965608239,6,2,0.625,True,True,32.56666666666667,100.0,True,100m
1955.0,3_satellites,100.0,3,0.375,62.22647473079578,63.18062339414424,119.2000780486289,22.07941488867719,-14.946663125124472,-37.02607801380167,2.035235675983131,33.690334875602275,31.655099199619144,3.340391892939806,58.37536312639713,6,2,0.625,True,True,32.583333333333336,100.0,True,100m
1956.0,3_satellites,100.0,3,0.375,60.331746847228736,66.63693046185078,119.16786959220263,23.07200386298396,-13.93364294692842,-37.00564680991239,1.4728283970616758,34.25191056821495,32.77908217115328,3.071833997964859,58.799908477813005,6,2,0.625,True,True,32.6,100.0,True,100m
1957.0,3_satellites,100.0,3,0.375,57.96465729751839,69.1672664500414,119.13566422068712,25.739785060947263,-11.245429685974123,-36.985214746921386,1.3523302744142711,34.869303298182786,33.516973023768514,3.6776692382991314,62.84339798986912,6,2,0.625,True,True,32.61666666666667,100.0,True,100m
1958.0,3_satellites,100.0,3,0.375,61.31547120432392,65.30078587358196,119.10342831576035,33.783253835085254,-3.18148914985407,-36.96474298493933,1.4637344796210527,34.8356718858704,33.371937406249344,2.894287426024676,63.01462888345122,6,2,0.625,True,True,32.63333333333333,100.0,True,100m
1959.0,3_satellites,100.0,3,0.375,59.98139620150073,65.80062810368348,119.07121349332668,36.45524438361765,-0.4890512325718757,-36.94429561618952,1.4893091940321028,35.38843997381628,33.89913077978417,2.996522057801485,63.12698071449995,6,2,0.625,True,True,32.65,100.0,True,100m
1960.0,3_satellites,100.0,3,0.375,59.81412835560207,67.8943267849971,119.03899341688106,40.5472256647489,3.6233811862420495,-36.92384447850685,1.2646342613734305,34.9765960839577,33.71196182258427,3.3930747024714947,61.52252320200205,6,2,0.625,True,True,32.666666666666664,100.0,True,100m
1961.0,3_satellites,100.0,3,0.375,65.26292101503898,61.67792734804775,119.00673831621395,52.47662364460951,15.573276631027024,-36.90334701358249,2.510559538379312,36.41144689032808,33.90088735194877,5.232335712760687,62.337112698704,6,2,0.625,True,True,32.68333333333333,100.0,True,100m
1962.0,3_satellites,100.0,3,0.375,63.24476591924843,64.94090342117985,118.97452011648032,55.56437648026328,18.681478810031724,-36.88289767023156,1.251707587391138,34.84273385629058,33.59102626889944,3.3043974079191685,60.44114276766777,6,2,0.625,True,True,32.7,100.0,True,100m
1963.0,3_satellites,100.0,3,0.375,61.739406186812325,64.25082106638936,118.94228901721344,59.93915841485595,23.076727624921304,-36.86243078993465,1.6339614843018353,34.54427409404889,32.91031260974705,3.767436560243368,59.05974876135588,6,2,0.625,True,True,32.71666666666667,100.0,True,100m
1964.0,3_satellites,100.0,3,0.375,61.66335488003856,64.09991260337385,118.91005063521575,65.93282442021894,29.090868241094668,-36.84195617912427,2.3155386364087462,35.13831398775801,32.822775351349264,6.113913394510746,61.03806872665882,6,2,0.625,True,True,32.733333333333334,100.0,True,100m
1965.0,3_satellites,100.0,3,0.375,59.40070725123948,67.49484905857,118.87783571531804,68.0338695696736,31.212367232881547,-36.82150233679205,1.650175203103572,34.68470932962373,33.03453412652016,4.235922064632177,60.6103850454092,6,2,0.625,True,True,32.75,100.0,True,100m
1966.0,3_satellites,100.0,3,0.375,60.363520584159566,66.13987422045093,118.84558001238275,75.69005926854969,38.88904874269034,-36.80101052585935,2.075328107457608,34.12807522946969,32.05274712201208,3.732152827084065,57.010536409914494,6,2,0.625,True,True,32.766666666666666,100.0,True,100m
1967.0,3_satellites,100.0,3,0.375,56.84713719257408,69.95693982293444,118.81335437453424,78.38512796438198,41.60457918352602,-36.78054878085596,1.668260144535452,35.306432789657265,33.63817264512181,4.628634553402662,60.87579675391317,6,2,0.625,True,True,32.78333333333333,100.0,True,100m
1968.0,3_satellites,100.0,3,0.375,62.79227995858693,63.16971828530928,118.78108369734048,88.15785595884437,51.39782949937747,-36.76002645946689,1.1061495332978666,33.499950140248984,32.39380060695112,2.5644188299775124,59.69737579301,6,2,0.625,True,True,32.8,100.0,True,100m
1969.0,3_satellites,100.0,3,0.375,62.56026291387127,64.44704152401984,118.748828634271,91.3227835633102,54.58324890331337,-36.73953465999684,2.348415687214583,34.497879032976925,32.14946334576234,4.6264922097325325,57.824210189282894,6,2,0.625,True,True,32.81666666666667,100.0,True,100m
1970.0,3_satellites,100.0,3,0.375,57.86149398585447,68.0899871869759,118.7166080914812,94.93946024600092,58.22038850120584,-36.71907174479508,1.5614585769362748,34.53138375468552,32.969925177749246,4.451517950743437,59.31303999945521,6,2,0.625,True,True,32.833333333333336,100.0,True,100m
1971.0,3_satellites,100.0,3,0.375,53.09455557163683,72.74672728376244,118.68436856232384,95.7387916041738,59.04019477908916,-36.69859682508464,2.0516589186154306,34.34632715256885,32.294668233953416,4.414381600916386,58.72382352128625,6,2,0.625,True,True,32.85,100.0,True,100m
1972.0,3_satellites,100.0,3,0.375,53.27040365390047,73.70171181112147,118.65211544068714,100.02274110647734,63.34464223220383,-36.67809887427352,1.6472662594169378,35.27893079724163,33.63166453782469,3.054946418851614,61.17584650963545,6,2,0.625,True,True,32.86666666666667,100.0,True,100m
1973.0,3_satellites,100.0,3,0.375,57.9729530989732,68.04333874634185,118.6198306369943,110.1469828460284,73.48942051853656,-36.657562327491846,1.7578232451342046,34.88059604912996,33.12277280399576,4.061704680323601,60.95726541429758,6,2,0.625,True,True,32.88333333333333,100.0,True,100m
1974.0,3_satellites,100.0,3,0.375,59.698633505057785,65.81045607734023,118.58756897398634,118.76182721855116,82.12477913287532,-36.63704808567583,0.4246428664773702,33.507568762637675,33.082925896160305,0.8668003715574741,59.758534263819456,6,2,0.625,True,True,32.9,100.0,True,100m
1975.0,3_satellites,100.0,3,0.375,58.613518479168434,68.66870176578959,118.55530923908336,122.90735202278198,86.29080656537305,-36.61654545740893,1.062606306746602,34.49135360214859,33.42874729540199,2.429171174764633,62.72057104110718,6,2,0.625,True,True,32.916666666666664,100.0,True,100m
1976.0,3_satellites,100.0,3,0.375,54.57281710434575,71.41681906515984,118.52305554888072,126.41540458368743,89.81935715679383,-36.596047426893605,1.321779522113502,34.76256916625425,33.44078964414075,2.5924967154860497,60.48486268892884,6,2,0.625,True,True,32.93333333333333,100.0,True,100m
1977.0,3_satellites,100.0,3,0.375,56.256609299173846,69.55869776291865,118.49078272126548,134.33767478237658,97.76215345356592,-36.57552132881065,0.5150883966125548,33.5990711376071,33.08398274099454,1.4372166469693184,58.88933186233044,6,2,0.625,True,True,32.95,100.0,True,100m
1978.0,3_satellites,100.0,3,0.375,57.40902549196294,67.90339523390145,118.45850276117274,140.93723044193482,104.38224148816192,-36.55498895377289,0.7060947199352086,34.54913343070075,33.84303871076554,1.9725468046963213,60.91747245192528,6,2,0.625,True,True,32.96666666666667,100.0,True,100m
1979.0,3_satellites,100.0,3,0.375,60.93011988693786,64.27213757603863,118.42621173398096,150.1749981233372,113.64055751661824,-36.53444060671895,1.359632207080722,34.565839275252074,33.20620706817135,3.424182072281837,60.88840842992067,6,2,0.625,True,True,32.983333333333334,100.0,True,100m
1980.0,3_satellites,100.0,3,0.375,64.23222691015842,59.44385268960657,118.39391208387224,160.2540336435473,123.74014889481136,-36.51388474873593,1.1269991686567664,34.468499223701656,33.34150005504489,2.359839152544737,60.352130364626646,6,2,0.625,True,True,33.0,100.0,True,100m
1981.0,3_satellites,100.0,3,0.375,62.87952870572244,62.576957426193424,118.36164840145597,162.6517647982165,126.15839663398184,-36.49336816423467,1.324252238497138,34.029015781823546,32.70476354332641,3.040929149836302,59.06367053836584,6,2,0.625,True,True,33.016666666666666,100.0,True,100m
1982.0,3_satellites,100.0,3,0.375,57.909783157254985,66.20230023036832,118.32938217211668,164.7870011289165,128.314147260244,-36.4728538686725,2.259762353263796,34.07288525393233,31.81312290066853,3.524315144866705,56.83693385124207,6,2,0.625,True,True,33.03333333333333,100.0,True,100m
1983.0,3_satellites,100.0,3,0.375,59.64072246353621,66.62178901055587,118.29709173793653,169.70894707813457,133.2566396640878,-36.45230741404677,1.8448538254015148,35.222615502309054,33.37776167690754,4.359360288828611,59.81886591389775,6,2,0.625,True,True,33.05,100.0,True,100m
1984.0,3_satellites,100.0,3,0.375,61.65782551241008,64.5963387275946,118.26480291919869,175.5703741832955,139.1386180744135,-36.43175610888201,1.250378650147468,33.920158439315856,32.66977978916839,2.20837240293622,58.599591586738825,6,2,0.625,True,True,33.06666666666667,100.0,True,100m
1985.0,3_satellites,100.0,3,0.375,65.77278251932195,59.993128023422805,118.2324846725873,184.08247443827992,147.671297560103,-36.41117687817692,2.3844528789632022,34.75597880361602,32.371525924652815,4.233097426593304,57.72487174347043,6,2,0.625,True,True,33.083333333333336,100.0,True,100m
1986.0,3_satellites,100.0,3,0.375,59.48891009506095,65.9424119742684,118.20022407325934,185.2887854410179,148.89812189964232,-36.39066354137557,0.6329759219661355,34.16741490503773,33.534438983071595,1.019461527466774,59.94001416116953,6,2,0.625,True,True,33.1,100.0,True,100m
1987.0,3_satellites,100.0,3,0.375,71.74983991977824,51.47752129464358,118.1678696410859,201.2607690389269,164.89073771564364,-36.37003132328326,1.3659594603814185,34.15405857842416,32.78809911804274,2.904194619506597,60.00211952626705,6,2,0.625,True,True,33.11666666666667,100.0,True,100m
1988.0,3_satellites,100.0,3,0.375,69.777576580946,54.96510469210329,118.13558289660088,202.6512273624982,166.30174043920627,-36.34948692329192,0.5948347016237676,33.78402646491304,33.18919176328927,1.3160732574760914,60.14584518224001,6,2,0.625,True,True,33.13333333333333,100.0,True,100m
1989.0,3_satellites,100.0,3,0.375,71.28828927884112,51.49158585342994,118.1032685580426,211.05400105028664,174.72509213185867,-36.32890891842794,1.8270389749668536,33.471589690074325,31.64455071510747,4.259516682475805,57.53053721413016,6,2,0.625,True,True,33.15,100.0,True,100m
1990.0,3_satellites,100.0,3,0.375,69.8295857445199,53.97016404473473,118.07097827753005,214.44621889682367,178.13786324463914,-36.30835565218453,1.7472300603985786,34.14028366142884,32.39305360103026,3.5279570780694485,59.53972940146923,6,2,0.625,True,True,33.166666666666664,100.0,True,100m
1991.0,3_satellites,100.0,3,0.375,74.45391897141113,51.26128244359521,118.03866016232132,223.15555426798585,186.8677867393438,-36.28776752864204,1.251779132988304,33.87827723706141,32.62649810407311,2.811547663062811,60.3526945784688,6,2,0.625,True,True,33.18333333333333,100.0,True,100m
1992.0,3_satellites,100.0,3,0.375,68.3265530331647,55.72869647114454,118.0063750686646,224.5729475419289,188.3057231552895,-36.26722438663938,0.3575045820325613,33.76307805906981,33.40557347703725,0.7112084105610847,60.786792170256376,6,2,0.625,True,True,33.2,100.0,True,100m
1993.0,3_satellites,100.0,3,0.375,73.14545772176315,50.3914376003233,117.9740391550177,233.1945641464337,196.9479483242654,-36.24661582216825,1.5108488127589226,34.83049376215786,33.319644949398935,4.07931449636817,61.27802954614162,6,2,0.625,True,True,33.21666666666667,100.0,True,100m
1994.0,3_satellites,100.0,3,0.375,70.80608300261031,52.71822479352439,117.9417386553832,237.9953526307844,201.7693024278499,-36.22605020293449,1.4992696517147124,34.33686713408679,32.837597482372075,3.3758525252342224,59.65475105121732,6,2,0.625,True,True,33.233333333333334,100.0,True,100m
1995.0,3_satellites,100.0,3,0.375,75.90378566371493,47.2586192744745,117.90939790503452,248.60288271367332,212.39744751895785,-36.20543519471551,1.230132656171918,35.15978538617492,33.929652730003,2.4287382066249847,62.33210276067257,6,2,0.625,True,True,33.25,100.0,True,100m
1996.0,3_satellites,100.0,3,0.375,76.5814225955204,47.7805558638175,117.87708112774976,254.51562234137413,218.3307751888654,-36.18484715250875,1.069552117958665,34.88123224908486,33.811680131126195,2.7788659185171127,61.39289297536016,6,2,0.625,True,True,33.266666666666666,100.0,True,100m
1997.0,3_satellites,100.0,3,0.375,74.97831950915662,49.177613205517645,117.84477067874252,258.8799799011858,222.7157134485916,-36.164266452594205,0.633314625825733,34.32150991167873,33.688195285853,1.3175364062190056,60.702213410288095,6,2,0.625,True,True,33.28333333333333,100.0,True,100m
1998.0,3_satellites,100.0,3,0.375,81.8238148405526,42.31897448610595,117.81241883637728,268.206044266457,232.06241189633252,-36.14363237012447,0.8835586993955076,34.709561912342906,33.8260032129474,2.10766663774848,61.523184318095446,6,2,0.625,True,True,33.3,100.0,True,100m
1999.0,3_satellites,100.0,3,0.375,77.08639415390334,47.103422736661095,117.7801187642249,271.01660384043964,234.89354153646428,-36.12306230397536,1.52956585586071,33.60359773878008,32.07403188291937,2.998475071042776,57.53098635748029,6,2,0.625,True,True,33.31666666666667,100.0,True,100m
2000.0,3_satellites,100.0,3,0.375,80.11687593142321,44.4765790012192,117.7477801277914,280.8515244524522,244.7490825026472,-36.10244194980504,1.5179036473855376,34.751744330860674,33.23384068347514,4.237928602844477,60.294535391032696,6,2,0.625,True,True,33.333333333333336,100.0,True,100m
2001.0,3_satellites,100.0,3,0.375,78.48274630952321,46.72858970959638,117.71546298759009,282.2741955132353,246.19234732167507,-36.081848191560255,2.1050945352762938,34.41866275668144,32.31356822140515,5.991214986890554,59.15677456185222,5,2,0.625,True,True,33.35,100.0,True,100m
2002.0,3_satellites,100.0,3,0.375,76.8394278332988,46.99595148567665,117.68312983773032,285.1557812976648,249.09454228282337,-36.06123901484139,1.4672610298730433,35.22372941253707,33.756468382664025,3.607473060488701,62.4261640869081,6,2,0.625,True,True,33.36666666666667,100.0,True,100m
2003.0,3_satellites,100.0,3,0.375,92.07962508765264,33.198984643167066,117.65072921107937,299.0874693126682,263.04693190353294,-36.04053740913525,1.0688574728555975,33.849022563081235,32.78016509022564,2.579120352864265,61.639161728322506,6,2,0.625,True,True,33.38333333333333,100.0,True,100m
2004.0,3_satellites,100.0,3,0.375,60.74982188583207,63.58779791881953,117.61851741852652,286.0058916733688,249.98580434935496,-36.02008732401384,4.942875290755183,35.32111443113536,30.37823914038017,12.223519317805769,60.11279005929828,6,1,0.625,True,True,33.4,100.0,True,100m
2005.0,3_satellites,100.0,3,0.375,121.12358988033576,19.23425825674397,117.58595683505494,324.8640357297798,288.8648874032542,-35.999148326525585,7.351031859871,30.97825868986547,29.45063436636701,20.02895257994533,58.09124323353171,5,3,0.5,True,True,33.416666666666664,100.0,True,100m
2006.0,3_satellites,100.0,3,0.4285714285714285,84.98485803894903,83.2191500769087,161.23446767596036,312.2344928522104,243.43364264020383,-68.80085021200657,0.524311472262655,37.25640211094703,36.732090638684376,1.062115266919136,56.49910230189562,6,3,0.5714285714285714,True,True,33.43333333333333,100.0,True,100m
2007.0,3_satellites,100.0,3,0.4285714285714285,76.27924006756568,94.79619503254348,161.11708669386647,308.12603560185244,239.40697191122783,-68.71906369062458,1.5671616718173027,37.675670963312896,36.1085092914956,3.096966352313757,57.16578910499811,6,3,0.5714285714285714,True,True,33.45,100.0,True,100m
2008.0,3_satellites,100.0,3,0.4285714285714285,78.67579764967105,95.64080706790249,160.99955730745015,312.84094606523,244.20382473333456,-68.6371213318954,1.9520902665598048,37.61538937262127,35.66329910606146,2.732687957584858,57.43360650166869,6,3,0.5714285714285714,True,True,33.46666666666667,100.0,True,100m
2009.0,3_satellites,100.0,3,0.375,84.783593189644,40.0061855998352,117.45670614209884,326.0868889713548,290.1700944960053,-35.91679447534949,1.0776392631232738,34.783367436379194,33.70572817325592,2.618897918611765,60.96712852269411,6,2,0.625,True,True,33.483333333333334,100.0,True,100m
2010.0,3_satellites,100.0,3,0.375,87.0602672319267,39.50025155942518,117.4243422682446,332.0321703357411,296.1360342675493,-35.896136068191765,2.4509546821936965,34.82105871848762,32.370104036293924,4.535351149737835,58.53146073967218,6,3,0.625,True,True,33.5,100.0,True,100m
2011.0,3_satellites,100.0,3,0.375,83.11370905788182,42.66623855434731,117.39201577837328,333.3786126541741,297.50309792167906,-35.87551473249505,1.3840916869230568,33.93627783562988,32.552186148706824,2.941763874143362,58.533310018479824,6,2,0.625,True,True,33.516666666666666,100.0,True,100m
2012.0,3_satellites,100.0,3,0.375,91.728702491625,31.99477981620752,117.35961675540416,345.0707175078581,309.2159110365088,-35.85480647134938,1.377812106627971,34.19576201867312,32.81794991204515,2.9070663042366505,59.34076816216111,6,2,0.625,True,True,33.53333333333333,100.0,True,100m
2013.0,3_satellites,100.0,3,0.375,88.08022779671596,36.517021688031335,117.32727840383058,347.0864696362464,311.2522959385579,-35.83417369768847,1.6243787966668606,34.87044768361375,33.24606888694689,3.8830358646810055,59.967034105211496,6,2,0.625,True,True,33.55,100.0,True,100m
2014.0,3_satellites,100.0,3,0.375,80.3257186961965,44.31440907205874,117.29495028055544,349.80019914539986,313.9866416409316,-35.813557504468235,2.298164796549827,35.79698951821774,33.49882472166792,4.861523173749447,62.25200902298093,6,2,0.625,True,True,33.56666666666667,100.0,True,100m
2015.0,3_satellites,100.0,3,0.4285714285714285,84.07111736869506,85.26065180881146,160.17441298180975,358.45982405031594,290.3983223109135,-68.06150173940244,2.0787393546530177,37.947574401540415,35.8688350468874,3.780291970819235,57.49983563274145,6,3,0.5714285714285714,True,True,33.583333333333336,100.0,True,100m
2016.0,3_satellites,100.0,3,0.375,86.01060714195788,38.2867444073525,117.23020422740368,363.7376077690235,327.9654091976504,-35.77219857137311,2.5287203835323453,36.013582590501755,33.48486220696941,5.557729821652174,62.19346187263727,6,2,0.625,True,True,33.6,100.0,True,100m
2017.0,3_satellites,100.0,3,0.4285714285714285,100.56221508606492,68.49013932401944,159.93790554719942,382.2976613294036,314.40129117717754,-67.89637015222604,0.4734788052737713,36.64469606908305,36.17121726380928,0.9653614573180676,56.33115214854479,5,3,0.5714285714285714,True,True,33.61666666666667,100.0,True,100m
2018.0,3_satellites,100.0,3,0.4285714285714285,100.98815117567936,67.85850662515304,159.8196157888345,388.70462149907695,320.8908282433732,-67.81379325570379,1.945681304271732,36.41158432726349,34.46590302299176,4.710929214954376,56.89594437927008,5,3,0.5714285714285714,True,True,33.63333333333333,100.0,True,100m
2019.0,3_satellites,100.0,3,0.4285714285714285,86.10618026140043,83.47568850750537,159.70138853577598,381.4948498923667,313.76354099545125,-67.73130889691544,0.7276838267488139,36.55734728063856,35.829663453889744,1.897883117198944,57.382986932992935,4,3,0.5714285714285714,True,True,33.65,100.0,True,100m
2020.0,3_satellites,100.0,3,0.4285714285714285,88.29437731300655,80.98893369335326,159.58291520848553,389.1099824359285,321.4614045903724,-67.64857784555613,2.2258736129317964,37.76455408175077,35.538680468818974,3.3862391337752342,57.28135911375284,6,3,0.5714285714285714,True,True,33.666666666666664,100.0,True,100m
2021.0,3_satellites,100.0,3,0.4285714285714285,83.99639985310226,86.47571854390263,159.46447056291507,389.4388412411881,321.872956144649,-67.56588509653915,1.130269112863711,36.334195306790726,35.20392619392702,2.623400293290615,54.83253168687224,6,3,0.5714285714285714,True,True,33.68333333333333,100.0,True,100m
2022.0,3_satellites,100.0,3,0.4285714285714285,87.13932890274968,83.84455415862654,159.345871470223,396.37512375438655,328.8920783666952,-67.48304538769133,1.883946757763624,37.54513167217374,35.661184914410114,2.5999519005417824,56.93361008539796,6,3,0.5714285714285714,True,True,33.7,100.0,True,100m
2023.0,3_satellites,100.0,3,0.4285714285714285,86.16326349285362,83.4924047497535,159.22721075013348,402.932969762183,335.5328048446456,-67.40016491753744,1.0364543774298258,38.014387090291294,36.97793271286147,1.8414242304861543,57.28456223756075,6,3,0.5714285714285714,True,True,33.71666666666667,100.0,True,100m
2024.0,3_satellites,100.0,3,0.4285714285714285,86.33671608137891,83.46427047160928,159.10848795658185,408.5902269326456,341.2729960761605,-67.31723085648503,2.687105971255473,37.77092682783093,35.08382085657546,4.216714411973953,57.36357503011823,6,3,0.5714285714285714,True,True,33.733333333333334,100.0,True,100m
2025.0,3_satellites,100.0,3,0.4285714285714285,79.06701797685702,90.8872689375704,158.98976833575182,407.9550042733129,340.7206870087172,-67.23431726459575,2.6257676035165787,37.0450340158173,34.41926641230072,5.290133085101843,56.29735695570707,6,3,0.5714285714285714,True,True,33.75,100.0,True,100m
2026.0,3_satellites,100.0,3,0.4285714285714285,77.19843785097164,91.67621584640608,158.87091725689172,414.3914875112857,347.2402082658505,-67.1512792454352,2.025327529758215,37.43688726584826,35.41155973609005,3.290890347212553,56.67371157184243,6,3,0.5714285714285714,True,True,33.766666666666666,100.0,True,100m
2027.0,3_satellites,100.0,3,0.4285714285714285,87.94381265138551,84.16644465879959,158.75195819948956,423.5094996334129,356.4413780617216,-67.06812157169128,0.7203006478292602,37.42267915606499,36.702378508235725,1.0254095830023289,56.70782876387239,6,3,0.5714285714285714,True,True,33.78333333333333,100.0,True,100m
2028.0,3_satellites,100.0,3,0.4285714285714285,85.88747481315849,81.16147178521071,158.63292390710043,430.9104294390253,363.9255012735137,-66.98492816551169,2.228301201015711,37.042746445430176,34.814445244414465,3.364739015698433,56.09319989383221,5,3,0.5714285714285714,True,True,33.8,100.0,True,100m
2029.0,3_satellites,100.0,3,0.375,81.07428753546971,42.84212320079208,116.80945853534588,431.6652729568937,396.1618404000535,-35.503432556840266,1.3074640068225565,34.815202369354665,33.50773836253211,2.9517660327255726,60.0836979188025,6,2,0.625,True,True,33.81666666666667,100.0,True,100m
2030.0,3_satellites,100.0,3,0.375,79.2530231755617,42.89509414127352,116.77709183437824,436.36664455458265,400.8838931044195,-35.482751450163164,3.1758088781498373,34.03176091564819,30.855952037498355,5.416342634707689,55.551323521882296,6,2,0.625,True,True,33.833333333333336,100.0,True,100m
2031.0,3_satellites,100.0,3,0.375,86.97034635082638,36.193295105016745,116.74467971983668,447.55043215425377,412.08841503741496,-35.46201711683881,1.8548227516002955,35.326651002280414,33.47182825068012,3.8350853845477104,63.91626076027751,6,2,0.625,True,True,33.85,100.0,True,100m
2032.0,3_satellites,100.0,3,0.375,86.83927039654614,34.63147788606732,116.71230753342222,456.0462182478038,420.6048910719842,-35.44132717581954,0.8682396844960749,33.88678725017235,33.01854756567627,1.434772789478302,59.45731938630343,6,2,0.625,True,True,33.86666666666667,100.0,True,100m
2033.0,3_satellites,100.0,3,0.375,84.14948775509413,38.01888970004914,116.6799436338178,457.9827172299596,422.5620667123815,-35.42065051757817,0.8367204242385924,34.75042737741023,33.91370695317164,1.7602923102676868,62.18621063604951,6,2,0.625,True,True,33.88333333333333,100.0,True,100m
2034.0,3_satellites,100.0,3,0.375,77.63067097511976,46.54509341024752,116.64759140567632,458.636738915276,423.2367459327887,-35.39999298248728,2.202690261416137,34.96047868113965,32.75778841972351,3.261861737817526,59.101784989237785,6,2,0.625,True,True,33.9,100.0,True,100m
2035.0,3_satellites,100.0,3,0.375,75.90086657148241,50.95302948877888,116.61522305781578,462.5851073203977,427.2057960193849,-35.37931130101276,2.226359661668539,34.82574189035222,32.59938222868368,4.709959805011749,59.16840137168765,6,3,0.625,True,True,33.916666666666664,100.0,True,100m
2036.0,3_satellites,100.0,3,0.375,82.78740054729187,41.8923262165494,116.58280589570782,473.6786859109826,438.3201218060471,-35.35856410493551,2.0091592483222485,35.228993457742035,33.21983420941979,3.5719089284539223,60.750466018915176,6,2,0.625,True,True,33.93333333333333,100.0,True,100m
2037.0,3_satellites,100.0,3,0.375,78.5336977625277,44.10210774482454,116.55043973421282,473.6836104579367,438.3457297042589,-35.33788075367784,2.856596721801907,35.82951297983527,32.972916258033365,6.377422261983156,61.608874931931496,6,2,0.625,True,True,33.95,100.0,True,100m
2038.0,3_satellites,100.0,3,0.375,83.4934557550754,39.74028928675111,116.51803598675524,479.893534371417,444.57638538358407,-35.31714898783292,2.257886319886893,34.373173125088215,32.11528680520132,5.020437430590391,58.73414849862456,6,2,0.625,True,True,33.96666666666667,100.0,True,100m
2039.0,3_satellites,100.0,3,0.375,74.52970000341482,46.70992934548918,116.48570091320566,478.4199279237052,443.1234329260637,-35.2964949976415,1.4356030956842003,34.3467183848843,32.9111152892001,3.4116022624075413,60.40574308112264,6,2,0.625,True,True,33.983333333333334,100.0,True,100m
2040.0,3_satellites,100.0,3,0.375,85.46658302765093,35.87104076683092,116.4532577230598,490.4648090387624,455.1890926095682,-35.275716429194176,2.399208656977862,34.46982581401244,32.070617157034576,3.914911210536957,62.66926369443536,6,2,0.625,True,True,34.0,100.0,True,100m
2041.0,3_satellites,100.0,3,0.375,73.82217768147898,47.78628005021042,116.4209365063654,485.8349820829994,450.57990417053793,-35.2550779124615,0.9187725111842155,33.59014121256769,32.67136870138347,1.7594721391797066,60.29881411418319,6,2,0.625,True,True,34.016666666666666,100.0,True,100m
2042.0,3_satellites,100.0,3,0.4285714285714285,74.79158350988438,91.46243143458904,156.96067739519054,488.5414065500067,422.7260893415931,-65.8153172084136,1.5444670314235347,38.3872094186289,36.84274238720536,2.7642772309482098,57.310001865029335,6,3,0.5714285714285714,True,True,34.03333333333333,100.0,True,100m
2043.0,3_satellites,100.0,3,0.375,84.64071773891634,38.87448390490591,116.3561084031462,499.9031855510901,464.6896047996066,-35.21358075148345,1.7221210566349328,33.023256899323314,31.30113584268838,4.062829095870256,59.77815724164248,6,2,0.625,True,True,34.05,100.0,True,100m
2044.0,3_satellites,100.0,3,0.375,77.10608346851356,46.18168745674504,116.3237521376499,495.6040604011947,460.41116007305095,-35.192900328143764,1.037267821840942,34.63347366498783,33.59620584314689,2.6528871804475784,60.77188447862864,6,2,0.625,True,True,34.06666666666667,100.0,True,100m
2045.0,3_satellites,100.0,3,0.375,83.50935142232812,38.537548644781246,116.29132584272094,503.07635364979546,467.90422221985455,-35.17213142994092,2.036333647556603,36.004400114994496,33.96806646743789,5.227041941136122,63.67949751764536,6,2,0.625,True,True,34.083333333333336,100.0,True,100m
2046.0,3_satellites,100.0,3,0.4285714285714285,76.14056498274748,91.16172222976876,156.48057865407193,499.8431471095987,434.3640189885916,-65.47912812100714,3.082931999117136,40.2001180537045,37.11718605458736,4.606561627238989,61.11107447743416,6,3,0.5714285714285714,True,True,34.1,100.0,True,100m
2047.0,3_satellites,100.0,3,0.375,86.20241357196818,38.67540100316227,116.22652724339376,508.8403446649933,473.7096907990151,-35.130653865978275,1.6870036129839718,35.19963607285172,33.512632459867746,3.776335544884205,62.27371273934841,6,2,0.625,True,True,34.11666666666667,100.0,True,100m
2048.0,3_satellites,100.0,3,0.375,74.07480710174264,47.70932286211046,116.19419169326405,502.59550186558187,467.4855160702159,-35.109985795366015,0.9752885163761676,33.69328096229583,32.71799244591966,2.420938551425934,58.81360316649079,6,2,0.625,True,True,34.13333333333333,100.0,True,100m
2049.0,3_satellites,100.0,3,0.375,70.5431051526986,49.96045974556456,116.16181282643812,504.3179740485058,469.2287116252836,-35.08926242322218,2.287223308812827,33.10634660720825,30.819123298395425,4.763820417225361,57.69215778261423,6,2,0.625,True,True,34.15,100.0,True,100m
2050.0,3_satellites,100.0,3,0.375,78.07916657086943,44.47256113861306,116.12936621291834,508.2850244759282,473.2165568300613,-35.06846764586692,2.3723919452168047,36.166384286712855,33.79399234149605,5.5565966591238976,63.83865601569414,6,2,0.625,True,True,34.166666666666664,100.0,True,100m
2051.0,3_satellites,100.0,3,0.375,93.08904541695657,28.83584116180095,116.09690462092288,522.8462031048307,487.79856945938286,-35.04763364544783,2.418536523822695,35.89264518721029,33.4741086633876,6.503823082894087,63.439354594796896,6,2,0.625,True,True,34.18333333333333,100.0,True,100m
2052.0,3_satellites,100.0,3,0.4285714285714285,88.07945083044626,77.73690441586686,155.7583444668585,520.5140898088695,455.5411232385171,-64.97296657035236,2.3040119728871757,36.216028759522096,33.91201678663492,5.2115815207362175,56.647572819143534,5,3,0.5714285714285714,True,True,34.2,100.0,True,100m
2053.0,3_satellites,100.0,3,0.375,76.82973508547235,47.142311213956496,116.03217630631792,515.0371864367794,480.0309664449565,-35.00621999182289,1.9683061940595508,34.84983092034236,32.881524726282805,3.779046643525362,59.31368416547775,6,2,0.625,True,True,34.21666666666667,100.0,True,100m
2054.0,3_satellites,100.0,3,0.375,74.84953382841522,46.16905984220976,115.99977651023892,517.666472044452,482.6810085871496,-34.98546345730239,1.3915723483078182,34.251371106132865,32.85979875782505,3.205379258841276,62.032078098505735,6,2,0.625,True,True,34.233333333333334,100.0,True,100m
2055.0,3_satellites,100.0,3,0.375,76.60001469497044,45.10056911995413,115.96736429639994,523.0528640734947,488.0881737604558,-34.964690313038886,1.6758277714252472,33.31418253015727,31.63835475873202,3.508615534752608,57.86425593495369,6,2,0.625,True,True,34.25,100.0,True,100m
2056.0,3_satellites,100.0,3,0.375,78.70904967272047,42.84944346986743,115.93495149272576,529.330333362236,494.3864218962702,-34.94391146596587,1.4449741686694324,33.744389295578,32.29941512690857,2.3599072508513927,58.71841836348176,6,2,0.625,True,True,34.266666666666666,100.0,True,100m
2057.0,3_satellites,100.0,3,0.375,71.30517115069087,51.12869084613558,115.90257905164476,528.6156070747492,493.6924219963622,-34.92318507838695,1.0176067696884274,33.78716669185087,32.76955992216244,2.237370878458023,59.67275353893638,6,2,0.625,True,True,34.28333333333333,100.0,True,100m
2058.0,3_satellites,100.0,3,0.375,75.42326888294974,46.12981162360456,115.8701391525122,535.7404277633514,500.8380484951605,-34.90237926819083,2.4522567582316697,34.9501048582606,32.49784810002893,5.3012619614601135,59.957755763083696,6,2,0.625,True,True,34.3,100.0,True,100m
2059.0,3_satellites,100.0,3,0.375,78.8483216018718,42.19035795894844,115.83771411188415,544.5726209643925,509.6910369633664,-34.88158400102611,1.4443117268383503,34.25197775196284,32.80766602512449,3.172488909214735,60.11378847062588,6,2,0.625,True,True,34.31666666666667,100.0,True,100m
2060.0,3_satellites,100.0,3,0.375,74.30352863374871,47.29644895454408,115.8053305433412,545.444838152884,510.5840023333387,-34.86083581954534,0.9168136222288013,34.3454328449443,33.4286192227155,2.3771682642400265,61.524898540228605,6,2,0.625,True,True,34.333333333333336,100.0,True,100m
2061.0,3_satellites,100.0,3,0.375,85.6261970527013,34.316738857621075,115.77286842211232,561.6127036915698,526.7727149975128,-34.83998869405696,1.4519881857559085,33.720983289182186,32.26899510342628,3.91595333442092,62.10499182716012,6,2,0.625,True,True,34.35,100.0,True,100m
2062.0,3_satellites,100.0,3,0.4285714285714285,76.48783970655379,84.85752290383823,154.54991639986574,561.3896074088364,497.2643752564391,-64.1252321523973,1.1201532445847988,36.77792939596942,35.657776151384624,2.202840093523264,55.636344492435455,6,3,0.5714285714285714,True,True,34.36666666666667,100.0,True,100m
2063.0,3_satellites,100.0,3,0.4285714285714285,67.14083088424024,96.86592758654922,154.42886553859557,558.9064604482679,494.8661724846119,-64.040287963656,1.3585637637547083,37.23776382527181,35.8792000615171,2.834072098135948,55.15307007357478,6,3,0.5714285714285714,True,True,34.38333333333333,100.0,True,100m
2064.0,3_satellites,100.0,3,0.4285714285714285,70.91166503764035,92.83392840426902,154.30761624205894,567.5224896036477,503.5673486112376,-63.95514099241012,2.737108156617199,38.22944328827517,35.492335131657974,3.690838977694512,57.04930093884468,6,3,0.5714285714285714,True,True,34.4,100.0,True,100m
2065.0,3_satellites,100.0,3,0.4285714285714285,77.2634484659471,83.58064570713651,154.1862600013653,581.0376950521933,517.1678038189763,-63.86989123321701,0.9809053651988506,37.42606142269714,36.44515605749829,2.2935000099241734,57.738430850207806,6,3,0.5714285714285714,True,True,34.416666666666664,100.0,True,100m
2066.0,3_satellites,100.0,3,0.4285714285714285,64.61449601421275,99.11885766639094,154.0650599071985,575.5020273876756,511.7172052542634,-63.784822133412206,2.0344492915485586,38.33737089378493,36.30292160223637,3.914494026452303,56.7158277630806,6,3,0.5714285714285714,True,True,34.43333333333333,100.0,True,100m
2067.0,3_satellites,100.0,3,0.4285714285714285,65.18585355512799,98.09599150107756,153.9436898752235,583.6415003663067,519.9419338128754,-63.69956655343128,1.955596053706748,36.65591861467277,34.700322560966015,3.4690039344131947,56.02261469513178,5,3,0.5714285714285714,True,True,34.45,100.0,True,100m
2068.0,3_satellites,100.0,3,0.4285714285714285,53.41028423248386,112.24160429318732,153.82235659824647,580.8887891103648,517.274411377642,-63.6143777327228,2.5190080675695623,38.91483378357121,36.395825716001646,3.446003694087267,57.82705866545439,6,3,0.5714285714285714,True,True,34.46666666666667,100.0,True,100m
2069.0,3_satellites,100.0,3,0.4285714285714285,77.36297600823849,83.66988875409615,153.70061746435042,608.7303394439275,545.2015921485256,-63.5287472954019,0.5613000563212803,36.67537113917725,36.11407108285597,1.0139485523104668,57.10165896266699,6,3,0.5714285714285714,True,True,34.483333333333334,100.0,True,100m
2070.0,3_satellites,100.0,3,0.4285714285714285,66.92551547131832,94.36440846158044,153.57915970270125,608.8713917346853,545.4279534380399,-63.44343829664536,1.2013838003788675,38.21179803726928,37.01041423689042,2.447032645344734,57.523729264736176,6,3,0.5714285714285714,True,True,34.5,100.0,True,100m
2071.0,3_satellites,100.0,3,0.4285714285714285,53.94111167113721,109.87398994394904,153.45769530975687,605.0553222299965,541.697194815837,-63.358127414159526,1.1589828841388226,36.9894200047212,35.830437120582374,2.559562243521213,55.39024033769965,6,3,0.5714285714285714,True,True,34.516666666666666,100.0,True,100m
2072.0,3_satellites,100.0,3,0.4285714285714285,66.045976926972,94.65382354629487,153.33591386531083,624.8624923695924,561.5900126230608,-63.27247974653153,1.092988722026348,37.025608531598536,35.93261980957219,2.3229163214564323,57.37775782495737,5,3,0.5714285714285714,True,True,34.53333333333333,100.0,True,100m
2073.0,3_satellites,100.0,3,0.4285714285714285,68.3810778549609,91.24996042051109,153.21415670859378,634.714279244146,571.5274015132561,-63.18687773088993,0.9084025163735662,37.3579190873674,36.44951657099383,2.26968665421009,56.82925935834646,6,3,0.5714285714285714,True,True,34.55,100.0,True,100m
2074.0,3_satellites,100.0,3,0.4285714285714285,60.28436782402233,101.88997841362534,153.09252927608563,637.1469040684932,574.0455011474437,-63.1014029210495,1.6663837007113866,37.19433655483382,35.52795285412243,2.8523102924227715,56.46830639615655,6,3,0.5714285714285714,True,True,34.56666666666667,100.0,True,100m
2075.0,3_satellites,100.0,3,0.4285714285714285,62.10960269595753,101.29361855327912,152.9707419445899,646.572344804117,583.5565783576209,-63.01576644649617,2.3516080092106546,37.75666663316744,35.40505862395678,5.686252668499947,57.87779984995723,5,3,0.5714285714285714,True,True,34.583333333333336,100.0,True,100m
2076.0,3_satellites,100.0,3,0.4285714285714285,60.98844740831737,101.1230361663648,152.8488448623206,658.3664455620993,595.4364020381264,-62.93004352397293,2.1235978693834374,37.8597885796002,35.73619071021676,4.390432208776474,55.59792994335294,6,3,0.5714285714285714,True,True,34.6,100.0,True,100m
2077.0,3_satellites,100.0,3,0.4285714285714285,56.07407160371727,106.76554710296692,152.72698643775456,662.6713692262093,599.8270142719944,-62.84435495421496,2.930444037275655,39.71968876836555,36.7892447310899,5.533678188920021,58.5965594984591,6,3,0.5714285714285714,True,True,34.61666666666667,100.0,True,100m
2078.0,3_satellites,100.0,3,0.4285714285714285,59.91290006785356,100.5738601806683,152.60497542314494,677.1149055932062,614.3563963296821,-62.75850926352416,1.895076453153576,38.41095082355397,36.5158743704004,4.9355008862912655,57.84682432934642,6,3,0.5714285714285714,True,True,34.63333333333333,100.0,True,100m
2079.0,3_satellites,100.0,3,0.4285714285714285,60.85392431809954,99.42128496346244,152.48297932753658,686.5935037346998,623.9208259527885,-62.67267778191126,1.6124817074409552,36.16498462323632,34.55250291579536,3.065279718488455,54.97996986284852,5,3,0.5714285714285714,True,True,34.65,100.0,True,100m
2080.0,3_satellites,100.0,3,0.4285714285714285,63.28509469533847,97.12814969287908,152.3609147853184,697.8297990760208,635.2430147660451,-62.586784309975656,2.2613166426973685,38.22912039767419,35.96780375497682,4.6121245957911015,56.12799308821559,6,3,0.5714285714285714,True,True,34.666666666666664,100.0,True,100m
2081.0,3_satellites,100.0,3,0.4285714285714285,70.64217294035441,90.5123325940729,152.23879521536776,711.0509598091074,648.5501345895847,-62.50082521952277,2.4128946156374047,37.85493069621069,35.44203608057329,4.013126511126757,55.92925223708153,6,3,0.5714285714285714,True,True,34.68333333333333,100.0,True,100m
2082.0,3_satellites,100.0,3,0.4285714285714285,73.16728180287424,85.44560651340356,152.11661761613635,726.6393870158237,664.2245640467501,-62.41482296907361,0.8596093165022987,36.8301029961024,35.970493679600104,1.8190476708114147,56.26130564510822,6,3,0.5714285714285714,True,True,34.7,100.0,True,100m
2083.0,3_satellites,100.0,3,0.4285714285714285,73.06543417531375,88.51506186073252,151.99449595696268,731.7568853427675,669.4280122675939,-62.32887307517365,0.7902258618601731,37.823733664516894,37.03350780265672,1.0871919840574265,57.43073160201311,6,3,0.5714285714285714,True,True,34.71666666666667,100.0,True,100m
2084.0,3_satellites,100.0,3,0.4285714285714285,62.83199242467995,100.1895085938356,151.8723767077088,733.2428599945268,670.9999159888949,-62.2429440056319,1.3888689747878484,37.588969885238576,36.20010091045073,2.1594203300774097,55.94412365183234,6,3,0.5714285714285714,True,True,34.733333333333334,100.0,True,100m
2085.0,3_satellites,100.0,3,0.4285714285714285,72.19087446273447,89.3333473953552,151.75001158829846,750.9544960414433,688.7977406084589,-62.15675543298448,1.234288051724434,38.00573014255081,36.771442090826376,2.076549906283617,56.54004588723183,6,3,0.5714285714285714,True,True,34.75,100.0,True,100m
2086.0,3_satellites,100.0,3,0.4285714285714285,67.32530726923703,94.84893313470606,151.6277413416473,757.4158276298912,695.3451499351628,-62.07067769472837,2.502074299114091,38.53549329936504,36.03341900025095,3.473625596612692,56.72947945818305,6,3,0.5714285714285714,True,True,34.766666666666666,100.0,True,100m
2087.0,3_satellites,100.0,3,0.4285714285714285,69.77615530198632,91.11199053938805,151.50534635145564,767.7062268666233,705.7217576792507,-61.98446918737261,1.7231034726968832,38.89116884022951,37.16806536753263,2.7873579263687134,57.57540253922343,6,3,0.5714285714285714,True,True,34.78333333333333,100.0,True,100m
2088.0,3_satellites,100.0,3,0.4285714285714285,70.93486131509677,90.27840603297282,151.38294743027043,777.4103881415285,715.5121315262209,-61.89825661530767,1.815799292176962,38.0240658766457,36.20826658446874,3.032968271523714,56.57874639704824,6,3,0.5714285714285714,True,True,34.8,100.0,True,100m
2089.0,3_satellites,100.0,3,0.4285714285714285,75.45499860392933,84.15308548672647,151.26042485256576,792.5106711356972,730.6987427985191,-61.81192833717808,1.134686897375754,38.00170060247183,36.86701370509608,2.442844219505787,57.069236885756254,6,3,0.5714285714285714,True,True,34.81666666666667,100.0,True,100m
2090.0,3_satellites,100.0,3,0.4285714285714285,63.82101136169301,97.6038994068834,151.13803929314395,793.0540111761413,731.3282603912007,-61.7257507849406,1.7631788876439844,38.43318847779717,36.67000959015319,3.874231960624456,56.7363590374589,6,3,0.5714285714285714,True,True,34.833333333333336,100.0,True,100m
2091.0,3_satellites,100.0,3,0.375,74.63778748144833,45.60869787950097,114.80026966989432,810.7604728337625,776.5449696379485,-34.215503195813994,3.1979601001366973,36.11559523176402,32.91763513162732,6.332349795848131,61.77622544765472,6,2,0.625,True,True,34.85,100.0,True,100m
2092.0,3_satellites,100.0,3,0.4285714285714285,99.47260422995896,59.51716917688493,150.8926284767397,834.9664212007924,773.4137276817494,-61.55269351904303,3.5948574548321117,34.926249446081265,31.331391991249152,8.903656236827374,57.26558370515704,5,3,0.5714285714285714,True,True,34.86666666666667,100.0,True,100m
2093.0,3_satellites,100.0,3,0.4285714285714285,68.292913327739,93.76483736628634,150.7702604332375,823.0249087451499,761.558344058401,-61.46656468674894,2.308126363903284,38.75960090756416,36.45147454366088,3.0578659549355507,56.853499464690685,6,3,0.5714285714285714,True,True,34.88333333333333,100.0,True,100m
2094.0,3_satellites,100.0,3,0.4285714285714285,82.77324038710104,79.3662568976927,150.64748037270564,840.6240673882139,779.2440982097677,-61.37996917844623,0.7613296370421138,37.03758330749614,36.276253670454025,1.495563756674528,57.53628281503916,6,3,0.5714285714285714,True,True,34.9,100.0,True,100m
2095.0,3_satellites,100.0,3,0.4285714285714285,74.85436913413963,84.0218395190666,150.5247595905545,847.6208055523391,786.3273324412364,-61.293473111102685,2.580051868089608,37.679818368916,35.09976650082639,4.729310620576143,55.186595398932695,6,3,0.5714285714285714,True,True,34.916666666666664,100.0,True,100m
2096.0,3_satellites,100.0,3,0.4285714285714285,68.1534072131281,91.3859060502079,150.40205018654748,850.0445936228432,788.8376153986271,-61.20697822421607,3.155779266996043,38.41176435777119,35.25598509077515,5.97291612252593,56.1931898072362,6,3,0.5714285714285714,True,True,34.93333333333333,100.0,True,100m
2097.0,3_satellites,100.0,3,0.4285714285714285,65.85108865318385,92.19386043381093,150.27922156321998,858.5640024420907,797.4436347457138,-61.12036769637689,4.4734549559652805,40.18405063929303,35.710595683327746,11.495815973728895,61.14128942042589,6,3,0.5714285714285714,True,True,34.95,100.0,True,100m
2098.0,3_satellites,100.0,3,0.4285714285714285,66.39200569013414,96.79520915792844,150.15646049986637,863.4567030083342,802.4229023834636,-61.03380062487065,2.5615093191819533,38.90943328770144,36.34792396851948,5.655038733035326,57.06356847286224,6,3,0.5714285714285714,True,True,34.96666666666667,100.0,True,100m
2099.0,3_satellites,100.0,3,0.4285714285714285,99.21165822872442,61.24292228722016,150.03330659702524,895.9539113152882,835.0070991858854,-60.946812129402815,2.80914590294872,36.35435264238289,33.54520673943417,7.249049849808216,58.35770976915956,5,3,0.5714285714285714,True,True,34.983333333333334,100.0,True,100m
2100.0,3_satellites,500.0,3,0.375,90.81561851626977,484.678988894458,572.5466787620903,897.8945461248127,727.7499542838653,-170.14459184094733,2.0344991865567863,169.41277599800378,167.378276811447,6.0327068865299225,304.12106731906533,8,6,0.625,True,True,35.0,500.0,True,500m
2101.0,3_satellites,500.0,3,0.4285714285714285,106.15299491348836,647.5167548282124,748.9478169079873,915.6185313907235,611.7395806168322,-303.87895077389146,5.169556845511709,184.8960841851575,179.7265273396458,13.454029619693756,292.90705232694745,7,6,0.5714285714285714,True,True,35.016666666666666,500.0,True,500m
2102.0,3_satellites,500.0,3,0.375,101.21435939916974,472.2902076406011,572.2221027027907,922.2235587986568,752.2880237835489,-169.9355350151078,2.3983763908036053,171.14346023928374,168.74508384848014,4.886108562350273,309.22992616146803,8,6,0.625,True,True,35.03333333333333,500.0,True,500m
2103.0,3_satellites,500.0,3,0.375,92.20792338855664,481.64555938253926,572.0601415233813,921.6097334548092,751.7783244010745,-169.83140905373477,1.9494859362021089,171.18721518060192,169.23772924439982,4.59658108651638,309.0100248120725,8,6,0.625,True,True,35.05,500.0,True,500m
2104.0,3_satellites,500.0,3,0.375,88.08143296109215,486.4353966660133,571.8981296670172,922.8234342766012,753.0962529005312,-169.72718137607012,0.71581293316558,170.26852662023157,169.552713687066,1.715735100209713,307.37682216987014,8,6,0.625,True,True,35.06666666666667,500.0,True,500m
2105.0,3_satellites,500.0,3,0.375,90.3918141311359,483.2089089652141,571.7359206740374,934.1745024938984,764.5517932383513,-169.6227092555472,0.987956712488085,170.50620977580547,169.5182530633174,2.372292086482048,309.2025728523731,8,6,0.625,True,True,35.083333333333336,500.0,True,500m
2106.0,3_satellites,500.0,3,0.375,90.03460530411522,483.2145321839393,571.573771472058,941.912178744886,772.393865557032,-169.5183131878539,1.6260505807586014,170.5761493355967,168.9500987548381,4.110038474202156,309.91717207059264,8,6,0.625,True,True,35.1,500.0,True,500m
2107.0,3_satellites,500.0,3,0.375,93.5774193595371,479.1156426310858,571.4115152012597,949.055058525371,779.6412827697484,-169.41377575562262,3.197668024804443,171.79510114900768,168.59743312420323,7.524560172110796,308.7526815831661,8,6,0.625,True,True,35.11666666666667,500.0,True,500m
2108.0,3_satellites,500.0,3,0.375,104.82480425366956,466.91613711964624,571.2491072705178,963.040239679724,793.7312100938697,-169.30902958585432,3.03896328387782,171.5974909858778,168.558527702,5.732064876705408,310.62969148904085,8,6,0.625,True,True,35.13333333333333,500.0,True,500m
2109.0,3_satellites,500.0,3,0.375,96.00868565687637,476.2920047409807,571.0872139343234,961.7396399348404,792.5347490729771,-169.2048908618633,0.813525393139571,170.21605542302132,169.40253002988177,1.688656210899353,306.92241031304,8,6,0.625,True,True,35.15,500.0,True,500m
2110.0,3_satellites,500.0,3,0.375,92.48209262535217,480.3757215595942,570.9252140379969,964.5432705509492,795.4426727261083,-169.10059782484086,1.2794654220342636,169.03759218752384,167.75812676548958,3.415790643543005,305.67867479100823,8,6,0.625,True,True,35.166666666666664,500.0,True,500m
2111.0,3_satellites,500.0,3,0.375,84.60789114063923,489.2012877491455,570.7632921686054,964.1495943730048,795.1531847611396,-168.99640961186526,2.865981185808778,168.12807980319485,165.26209861738607,5.650108132511377,303.2014013901353,8,6,0.625,True,True,35.18333333333333,500.0,True,500m
2112.0,3_satellites,500.0,3,0.4285714285714285,95.97297621280612,650.7752953832997,742.1701153172052,976.48350681596,677.3904646781315,-299.09304213782866,2.710658531636,186.19716796332173,183.48650943168573,7.0393663719296455,293.0116541236639,7,6,0.5714285714285714,True,True,35.2,500.0,True,500m
2113.0,3_satellites,500.0,3,0.4285714285714285,95.37805585250368,650.3735071570159,741.5525886438185,982.4814959083376,683.8248892342169,-298.6566066741205,1.3517603373953275,187.24006047312704,185.8883001357317,2.3590842708945274,290.94530649855733,7,6,0.5714285714285714,True,True,35.21666666666667,500.0,True,500m
2114.0,3_satellites,500.0,3,0.4285714285714285,98.62916506609132,647.0982729244123,740.9350159188625,988.1086314929012,689.8885938691009,-298.2200376238003,3.001967209790434,186.09006635259303,183.0880991428026,6.705605566501617,290.62109680101275,7,6,0.5714285714285714,True,True,35.233333333333334,500.0,True,500m
2115.0,3_satellites,500.0,3,0.4285714285714285,102.51547269764158,641.1803168204215,740.3168754179967,999.4632156017702,701.6802645424514,-297.78295105931886,2.60208357285176,186.69052055158787,184.0884369787361,6.608583368360996,294.0264027789235,7,6,0.5714285714285714,True,True,35.25,500.0,True,500m
2116.0,3_satellites,500.0,3,0.4285714285714285,88.88840396838758,654.9452778396021,739.6992219726546,996.5914246766816,699.2449556180397,-297.3464690586419,2.547706692346505,189.15924601310067,186.61153932075416,5.480158295482397,290.4147682823241,7,6,0.5714285714285714,True,True,35.266666666666666,500.0,True,500m
2117.0,3_satellites,500.0,3,0.4285714285714285,91.6500451277744,651.9907128907903,739.0810830952267,999.2764572353146,702.3671435419659,-296.90931369334874,1.474113553762436,188.50154011377268,187.02742656001024,3.055441666394472,291.8259768523276,7,6,0.5714285714285714,True,True,35.28333333333333,500.0,True,500m
2118.0,3_satellites,500.0,3,0.4285714285714285,75.00445918333139,669.9278227091252,738.4633492177207,989.7476794787336,693.2749648951146,-296.4727145836191,2.590773130101817,189.54352862068583,186.952755490584,5.314805921167135,290.71184526756406,7,6,0.5714285714285714,True,True,35.3,500.0,True,500m
2119.0,3_satellites,500.0,3,0.4285714285714285,84.65357153101786,657.8012251812149,737.844313747883,1002.582566651143,706.5479172271206,-296.0346494240224,0.7375040889850685,187.81188974476285,187.0743856557778,1.1797415614128113,291.74236131459475,7,6,0.5714285714285714,True,True,35.31666666666667,500.0,True,500m
2120.0,3_satellites,500.0,3,0.4285714285714285,92.67527056011056,648.5110252428776,737.2251671162713,1013.457593756929,717.8610975929337,-295.5964961639953,1.0832711080355304,187.53769840353303,186.45442729549748,1.5057085566222668,291.02684112265706,7,6,0.5714285714285714,True,True,35.333333333333336,500.0,True,500m
2121.0,3_satellites,500.0,3,0.4285714285714285,89.42573234026874,651.7204838923315,736.6064122456338,1014.9441313454208,719.7853783202731,-295.1587530251478,0.7828523782747132,187.42706169454115,186.64420931626643,1.9199816174805164,292.763361800462,7,6,0.5714285714285714,True,True,35.35,500.0,True,500m
2122.0,3_satellites,500.0,3,0.4285714285714285,110.02391234693324,628.5013619300329,735.9863490333914,1031.0314701848258,736.3118700927938,-294.719600092032,3.68449276472841,184.2777530476451,180.59326028291667,8.482245221734047,291.9962855987251,7,6,0.5714285714285714,True,True,35.36666666666667,500.0,True,500m
2123.0,3_satellites,500.0,3,0.4285714285714285,79.00332428897946,661.1054332438131,735.3682631165988,1010.1674588179328,715.8847861941898,-294.2826726237431,1.178279885756118,188.50759511015244,187.32931522439637,2.816709451377392,292.83050514757633,7,6,0.5714285714285714,True,True,35.38333333333333,500.0,True,500m
2124.0,3_satellites,500.0,3,0.4285714285714285,102.4300730982922,635.3698834732314,734.7478669630809,1029.0391099595763,735.1959858671241,-293.8431240924522,3.458012038575752,185.88301833293264,182.42500629435693,8.66643289104104,294.31985352933407,7,6,0.5714285714285714,True,True,35.4,500.0,True,500m
2125.0,3_satellites,500.0,3,0.4285714285714285,89.81280174272159,647.9009757095316,734.1284806841551,1024.390633946443,730.9857985077032,-293.4048354387395,1.5210099395896708,188.6526233873197,187.13161344773,3.1230655387043957,291.3275810740888,7,6,0.5714285714285714,True,True,35.416666666666664,500.0,True,500m
2126.0,3_satellites,500.0,3,0.4285714285714285,81.16171580805688,656.7100135145232,733.5090080853524,1020.0534375961832,727.0870788105303,-292.9663587856529,1.6437789191092764,188.4537759556302,186.8099970365209,2.793985489755869,290.56599486991763,7,6,0.5714285714285714,True,True,35.43333333333333,500.0,True,500m
2127.0,3_satellites,500.0,3,0.4285714285714285,96.4172492892565,640.6858892448817,732.8885516550404,1033.1194110353797,740.5926712968651,-292.5267397385144,2.196127207151481,186.7106161388968,184.5144889317453,4.461420964449644,291.0264070890844,7,6,0.5714285714285714,True,True,35.45,500.0,True,500m
2128.0,3_satellites,500.0,3,0.4285714285714285,81.11054418619406,657.372137915734,732.2690166471172,1025.3319533238755,733.2437335525107,-292.08821977136483,2.3549081640584126,188.0896500061665,185.7347418421081,3.5672421604394917,290.3658314459026,7,6,0.5714285714285714,True,True,35.46666666666667,500.0,True,500m
2129.0,3_satellites,500.0,3,0.4285714285714285,85.26890153466623,651.2224969757503,731.648319661537,1034.7511628730397,743.1027124792712,-291.6484503937685,2.31437343784741,187.9812426013606,185.6668691635132,3.99879052489996,290.9720672033727,7,6,0.5714285714285714,True,True,35.483333333333334,500.0,True,500m
2130.0,3_satellites,500.0,3,0.4285714285714285,87.09498843150082,648.5500730730971,731.027749194098,1039.2561561140346,748.0473975794725,-291.2087585345621,3.0715484310473715,186.40032122230957,183.3287727912622,8.001914359629154,293.95581224933267,7,6,0.5714285714285714,True,True,35.5,500.0,True,500m
2131.0,3_satellites,500.0,3,0.4285714285714285,81.08264125051579,654.3601470294255,730.4070079828267,1045.6191890342843,754.8501627718098,-290.76902626247454,3.260250125080347,189.21400501153295,185.95375488645263,4.972842440009117,288.3498056977988,7,6,0.5714285714285714,True,True,35.516666666666666,500.0,True,500m
2132.0,3_satellites,500.0,3,0.4285714285714285,68.81949033492029,667.273757495262,729.7866086251538,1040.8966931662994,750.5671180213012,-290.3295751449982,3.019001306699855,189.3728258412864,186.3538245345865,4.629932772368193,289.2091742604971,7,6,0.5714285714285714,True,True,35.53333333333333,500.0,True,500m
2133.0,3_satellites,500.0,3,0.4285714285714285,87.51042526863151,645.9403003935145,729.1647197493439,1060.6727342021654,770.7842615937781,-289.88847260838736,1.0232989362307958,188.4878307309534,187.4645317947226,2.1366131119430065,292.20242277532816,7,6,0.5714285714285714,True,True,35.55,500.0,True,500m
2134.0,3_satellites,500.0,3,0.4285714285714285,79.07998408704876,653.6311065586508,728.5437209066739,1058.700484071817,769.2520989676835,-289.44838510413354,1.6746762384261404,188.83404859581165,187.1593723573855,2.2723017893731594,291.43714729323983,7,6,0.5714285714285714,True,True,35.56666666666667,500.0,True,500m
2135.0,3_satellites,500.0,3,0.4285714285714285,90.57348275641414,640.2218712226116,727.9217262291371,1074.4984704075937,785.4912694048984,-289.0072010026953,0.949906418898276,187.5833943001926,186.63348788129431,2.2310086488723755,292.20066955313087,7,6,0.5714285714285714,True,True,35.583333333333336,500.0,True,500m
2136.0,3_satellites,500.0,3,0.4285714285714285,80.55792660233591,651.6536240273367,727.3007506910612,1067.8784955812232,779.3114262404034,-288.5670693408198,1.5961978515344006,189.10852570884995,187.51232785731557,3.454719699919224,292.3652797229588,7,6,0.5714285714285714,True,True,35.6,500.0,True,500m
2137.0,3_satellites,500.0,3,0.4285714285714285,71.66268752607402,661.3894823175267,726.6794741205657,1066.1705651322948,778.0439336488076,-288.1266314834872,2.083091238779681,189.0489788012845,186.96588756250483,2.858267419040203,290.9264533035457,7,6,0.5714285714285714,True,True,35.61666666666667,500.0,True,500m
2138.0,3_satellites,500.0,3,0.4285714285714285,73.00437102620026,658.4702292936645,726.0574226174699,1072.0032275215694,784.3178464808259,-287.68538104074355,2.2999567879097804,189.83958410152368,187.5396273136139,3.99227636307478,292.00942132249475,7,6,0.5714285714285714,True,True,35.63333333333333,500.0,True,500m
2139.0,3_satellites,500.0,3,0.4285714285714285,74.90783832230542,655.6960023985649,725.4353516304338,1077.5927425921325,790.348685832792,-287.24405675934054,1.639057734715087,188.17987649089525,186.54081875618016,2.857354898005724,290.5110024660826,7,6,0.5714285714285714,True,True,35.65,500.0,True,500m
2140.0,3_satellites,500.0,3,0.4285714285714285,92.07479953887044,636.8121036838029,724.8125249562651,1093.2165939207916,806.414708751718,-286.80188516907367,0.8713261453168732,188.8348112787519,187.96348513343503,1.4793616570532322,293.45805901661515,7,6,0.5714285714285714,True,True,35.666666666666664,500.0,True,500m
2141.0,3_satellites,500.0,3,0.375,102.04948775399146,464.4251665909298,565.8998385800672,1106.0853744770504,940.2269321054616,-165.8584423715887,2.26871837861836,170.6701703253202,168.40145194670183,5.249958254396915,309.6995113417506,8,6,0.625,True,True,35.68333333333333,500.0,True,500m
2142.0,3_satellites,500.0,3,0.4285714285714285,100.47616379104656,626.5554546479603,723.5674189187198,1106.878491624413,820.9603234836508,-285.9181681407623,1.3263081604880946,187.62894049552932,186.30263233504124,2.846369955688715,291.70945616066456,7,6,0.5714285714285714,True,True,35.7,500.0,True,500m
2143.0,3_satellites,500.0,3,0.4285714285714285,100.70430711719222,625.3984281173788,722.9448919165231,1108.3458956698385,822.8696037519409,-285.4762919178976,1.3547373882361822,187.4548433774284,186.1001059891922,2.6125504933297634,292.2442790344357,7,6,0.5714285714285714,True,True,35.71666666666667,500.0,True,500m
2144.0,3_satellites,500.0,3,0.4285714285714285,83.10154297334716,644.3735864193568,722.3229575213223,1095.8856706745814,810.8505825712336,-285.0350881033478,1.219555197549718,188.1157411193209,186.8961859217712,2.3164740689098835,291.6176555939019,7,6,0.5714285714285714,True,True,35.733333333333334,500.0,True,500m
2145.0,3_satellites,500.0,3,0.375,99.715022238458,466.4868407683947,565.2517299486856,1109.7527942971496,944.3131119323426,-165.43968236480703,1.951197801157832,171.27621202915907,169.32501422800124,4.791837744414806,310.6752466596663,8,6,0.625,True,True,35.75,500.0,True,500m
2146.0,3_satellites,500.0,3,0.375,116.0069591984045,449.4303644210556,565.0892851219472,1120.9038212370558,955.5693499144968,-165.3344713225589,3.745967716444284,171.81093650357798,168.0649687871337,7.770373858511448,312.9719898104668,8,6,0.625,True,True,35.766666666666666,500.0,True,500m
2147.0,3_satellites,500.0,3,0.4285714285714285,86.9457641348731,637.6105477497224,720.4538562800385,1099.1273561973858,815.4195987298037,-283.70775746758204,1.439737772302968,188.5820580257901,187.1423202534872,2.238453209400177,291.4902982637286,7,6,0.5714285714285714,True,True,35.78333333333333,500.0,True,500m
2148.0,3_satellites,500.0,3,0.4285714285714285,91.05383988394496,633.4520953816838,719.8306294865508,1101.552573777847,818.2875499190923,-283.26502385875483,2.5558540459190096,189.8637525582952,187.3078985123762,3.837774816900492,292.0162837654352,7,6,0.5714285714285714,True,True,35.8,500.0,True,500m
2149.0,3_satellites,500.0,3,0.4285714285714285,97.48983684391123,625.4997559056055,719.2069701303949,1105.854170120352,823.0323162061763,-282.8218539141756,1.2476749042315145,187.76464606555444,186.5169711613229,3.1783576495945454,290.63836962357163,7,6,0.5714285714285714,True,True,35.81666666666667,500.0,True,500m
2150.0,3_satellites,500.0,3,0.375,86.63186073521103,481.3560699010467,564.4419540152253,1096.5934391848702,931.6770217764256,-164.91641740844454,2.314842655323446,170.02313847048208,167.70829581515864,4.82235299795866,305.8720645159483,8,6,0.625,True,True,35.833333333333336,500.0,True,500m
2151.0,3_satellites,500.0,3,0.4285714285714285,91.83013241221416,631.5013469031514,717.9602881024473,1102.905010635401,820.9688907143515,-281.9361199210492,1.8989331967064316,189.8696934719171,187.9707602752107,3.048375967890024,292.9993236362934,7,6,0.5714285714285714,True,True,35.85,500.0,True,500m
2152.0,3_satellites,500.0,3,0.4285714285714285,92.92178737463388,629.0520803173691,717.336478170794,1102.5403927433497,821.0476595627458,-281.49273318060364,1.6667800114623137,189.6104411951133,187.94366118365105,2.559442348778248,292.96503606811166,7,6,0.5714285714285714,True,True,35.86666666666667,500.0,True,500m
2153.0,3_satellites,500.0,3,0.4285714285714285,97.6633986710162,623.0222797710993,716.7123745006037,1106.5415766091355,825.4925564581997,-281.04902015093603,1.819398278636592,188.61164829401037,186.79225001537372,3.730395585298538,291.37561873719096,7,6,0.5714285714285714,True,True,35.88333333333333,500.0,True,500m
2154.0,3_satellites,500.0,3,0.4285714285714285,93.83993529340913,626.628878411554,716.0886644917922,1104.2250972768495,823.6194292170353,-280.6056680598142,0.7363798644925866,189.01254228715385,188.2761624226613,1.2869835011661053,293.9415287896991,7,6,0.5714285714285714,True,True,35.9,500.0,True,500m
2155.0,3_satellites,500.0,3,0.4285714285714285,93.81382359676616,626.0535020768027,715.4645664761589,1103.4004614796509,823.2385495795203,-280.1619119001306,1.6853141438748156,188.71978458176767,187.03447043789285,2.92717282474041,291.14820911735296,7,6,0.5714285714285714,True,True,35.916666666666664,500.0,True,500m
2156.0,3_satellites,500.0,3,0.4285714285714285,99.10592346855398,619.6025229194263,714.8401094696368,1109.331216557635,829.6134737343255,-279.7177428233092,1.7299150467983313,189.41203095444607,187.68211590764776,3.664679478853941,292.52683352679014,7,6,0.5714285714285714,True,True,35.93333333333333,500.0,True,500m
2157.0,3_satellites,500.0,3,0.375,106.4977297650472,457.7620068302857,563.3074920406012,1114.565245849206,950.3828759005048,-164.18236994870097,2.06308719329536,171.98511523893103,169.92202804563567,4.83430902659893,311.99003383517265,8,6,0.625,True,True,35.95,500.0,True,500m
2158.0,3_satellites,500.0,3,0.4285714285714285,103.54322326889478,614.0806048250963,713.5912657200313,1112.1066093634952,833.2772402514609,-278.8293691120343,1.269838989845344,187.51874018673385,186.2489011968885,2.521113410592079,292.8627912811935,7,6,0.5714285714285714,True,True,35.96666666666667,500.0,True,500m
2159.0,3_satellites,500.0,3,0.4285714285714285,107.9549131494416,607.4682909163263,712.9662872257172,1120.8006319733388,842.4160119682397,-278.3846200050991,1.3880211556596416,187.46880500550785,186.08078384984816,2.62268340960145,291.62081265076995,7,6,0.5714285714285714,True,True,35.983333333333334,500.0,True,500m
2160.0,3_satellites,500.0,3,0.4285714285714285,116.5709162178724,599.4137960896243,712.3415365956324,1125.9357753142606,847.9958130859428,-277.93996222831777,1.810129855360304,188.53973743532384,186.7296075799636,3.3776291348040104,290.9073995947838,7,6,0.5714285714285714,True,True,36.0,500.0,True,500m
2161.0,3_satellites,500.0,3,0.4285714285714285,105.50041851130857,611.1031394773049,711.7172589130382,1120.2576631137254,842.7617999602775,-277.4958631534479,1.3840910675270215,188.73041279241443,187.34632172488745,1.7885812260210514,292.5376966930926,7,6,0.5714285714285714,True,True,36.016666666666666,500.0,True,500m
2162.0,3_satellites,500.0,3,0.4285714285714285,110.46924598685158,604.1253653380934,711.0920058507965,1126.6507684981996,849.6000536277019,-277.0507148704977,2.484655381313392,190.9785483399672,188.49389295865384,4.112969946116209,294.7791569083929,7,6,0.5714285714285714,True,True,36.03333333333333,500.0,True,500m
2163.0,3_satellites,500.0,3,0.4285714285714285,108.09805459944144,606.29880932045,710.4670701974491,1127.88082456147,851.2749547191512,-276.60586984231884,2.645648227206298,189.63545851303,186.9898102858237,4.964379075914621,290.9711416065693,7,6,0.5714285714285714,True,True,36.05,500.0,True,500m
2164.0,3_satellites,500.0,3,0.4285714285714285,101.9380593641926,613.3831255719008,709.8424798718942,1121.7496484888006,845.5883736597212,-276.1612748290794,1.605600079787629,189.37783993088772,187.7722398511001,3.7063483968377113,294.2700567729771,7,6,0.5714285714285714,True,True,36.06666666666667,500.0,True,500m
2165.0,3_satellites,500.0,3,0.4285714285714285,105.13307461820868,607.936983497895,709.2168725997327,1128.581409614148,852.8657160830089,-275.7156935311391,2.155809431735958,189.16184540412252,187.0060359723866,3.48699589073658,291.20726020261645,7,6,0.5714285714285714,True,True,36.083333333333336,500.0,True,500m
2166.0,3_satellites,500.0,3,0.4285714285714285,106.26184840090676,607.2316609575471,708.5916615914712,1129.102351682366,853.831946382313,-275.27040530005286,1.5122750108795506,190.1014669106475,188.58919189976797,2.5566956773400307,294.7520565092564,7,6,0.5714285714285714,True,True,36.1,500.0,True,500m
2167.0,3_satellites,500.0,3,0.375,93.73579103804454,472.00251716502,561.6884311219094,1120.5587016473771,957.4241326327189,-163.13456901465827,3.0235121808946133,169.84172528842464,166.81821310753003,6.402898211032152,306.45141157880425,8,6,0.625,True,True,36.11666666666667,500.0,True,500m
2168.0,3_satellites,500.0,3,0.375,80.15858032339852,490.2848564331792,561.5268994236142,1109.7847857490624,946.754594283021,-163.0301914660414,4.783392110839486,170.56006803223863,165.77667592139915,11.523761089891195,304.9835989698768,7,6,0.625,True,True,36.13333333333333,500.0,True,500m
2169.0,3_satellites,500.0,3,0.375,111.08025636452896,451.09036546134814,561.3641844826528,1143.4880983960734,980.5637969323276,-162.9243014637459,1.843161679804325,171.69837119895965,169.85520951915532,4.67642430216074,311.6240096464753,8,6,0.625,True,True,36.15,500.0,True,500m
2170.0,3_satellites,500.0,3,0.375,112.17596259667772,449.8796441516156,561.2022750252756,1151.3710713656517,988.55165363423,-162.8194177314216,1.269521719776094,171.27907151030377,170.00954979052767,3.1104713156819344,311.45799573883414,8,6,0.625,True,True,36.166666666666664,500.0,True,500m
2171.0,3_satellites,500.0,3,0.375,116.36337866005792,445.3107556100448,561.0402963402166,1158.0858312584633,995.3713932467056,-162.7144380117578,1.0164971458725631,170.92393234279007,169.9074351969175,2.046285063028336,311.0143486894667,8,6,0.625,True,True,36.18333333333333,500.0,True,500m
2172.0,3_satellites,500.0,3,0.375,115.802536852147,446.16944123042487,560.8784497480144,1159.351093286455,996.7414876160684,-162.6096056703866,2.598548611626029,170.594413226936,167.99586461530998,4.712099067866802,307.5337028577924,8,6,0.625,True,True,36.2,500.0,True,500m
2173.0,3_satellites,500.0,3,0.375,123.21881283473654,438.31039303971016,560.7164102991854,1170.2458309650594,1007.7412988000978,-162.5045321649617,0.8997769928537309,171.11133792018518,170.21156092733145,1.5461817979812622,311.2753242664039,8,6,0.625,True,True,36.21666666666667,500.0,True,500m
2174.0,3_satellites,500.0,3,0.375,122.96495936558492,438.4269947073909,560.5545576316983,1175.3651806215632,1012.9655089086788,-162.39967171288447,1.2931116544641554,170.26968964282423,168.97657798836008,2.917189285159111,310.1774284951389,8,6,0.625,True,True,36.233333333333334,500.0,True,500m
2175.0,3_satellites,500.0,3,0.375,128.3109085697396,432.69455905024057,560.3925536850215,1184.2585474379875,1021.9639180710184,-162.29462936696905,3.0441415472887456,172.41314475471154,169.3690032074228,7.373719599097967,311.4933263324201,8,6,0.625,True,True,36.25,500.0,True,500m
2176.0,3_satellites,500.0,3,0.375,124.210083698205,437.145316172111,560.2308675119646,1188.8533180932309,1026.6633940281292,-162.18992406510165,2.946456576231867,167.99536008154973,165.04890350531787,5.438452914357185,305.3322786577046,8,6,0.625,True,True,36.266666666666666,500.0,True,500m
2177.0,3_satellites,500.0,3,0.375,119.61909709346727,442.1357581359306,560.0691071086763,1189.2294809131122,1027.1443171936212,-162.085163719491,1.2479122877120972,170.9209185121581,169.673006224446,3.02995153516531,311.1707517616451,8,6,0.625,True,True,36.28333333333333,500.0,True,500m
2178.0,3_satellites,500.0,3,0.375,126.76423783632724,434.2224774519408,559.9071370952978,1198.7061537352092,1036.7260581863288,-161.9800955488804,1.433991459198296,171.38782865088433,169.95383719168603,3.316479079425335,310.69168962165713,8,6,0.625,True,True,36.3,500.0,True,500m
2179.0,3_satellites,500.0,3,0.375,131.4725291650673,429.7404153660368,559.7452123044401,1208.9480069293313,1047.0729094485846,-161.87509748074672,2.24661968043074,171.60319552151486,169.35657584108412,5.623341962695122,316.5214181281626,8,6,0.625,True,True,36.31666666666667,500.0,True,500m
2180.0,3_satellites,500.0,3,0.375,126.11785237334732,434.6443773597722,559.5835796532647,1213.317553567685,1051.547155571958,-161.77039799572708,1.3796074581332505,169.6421683486551,168.26256089052185,2.844612419605255,308.09581814706326,8,6,0.625,True,True,36.333333333333336,500.0,True,500m
2181.0,3_satellites,500.0,3,0.375,137.14056473884878,423.50770145235794,559.4214849121929,1229.6028731337983,1067.9376841209955,-161.66518901280278,2.035442083142698,172.04545376542956,170.01001168228686,5.720380172133446,312.8850681334734,8,6,0.625,True,True,36.35,500.0,True,500m
2182.0,3_satellites,500.0,3,0.375,134.1336213348075,425.858716757062,559.2597847289006,1235.2316477398867,1073.6712481049358,-161.56039963495095,1.1719785346649587,170.60660354001448,169.43462500534952,2.6210214272141457,310.0976920798421,8,6,0.625,True,True,36.36666666666667,500.0,True,500m
2183.0,3_satellites,500.0,3,0.375,133.74635740713623,426.60227012702177,559.0980130169572,1241.59762853003,1080.142090854362,-161.4555376756682,1.467336740810424,171.72094421368092,170.2536074728705,3.5002306066453457,311.67939538508654,8,6,0.625,True,True,36.38333333333333,500.0,True,500m
2184.0,3_satellites,500.0,3,0.375,132.07292868851425,428.2797383372104,558.9362450498936,1247.908948063239,1086.5582674373434,-161.35068062589562,2.4462269344367087,171.84734107600525,169.40111414156854,5.673567488789558,312.49180556833744,8,6,0.625,True,True,36.4,500.0,True,500m
2185.0,3_satellites,500.0,3,0.375,139.43158201222627,420.3724894509721,558.7743093866818,1261.6407269154088,1100.3951406951992,-161.2455862202096,2.576451047789305,171.0684409677051,168.4919899199158,4.869697906076908,312.95285046473145,8,6,0.625,True,True,36.416666666666664,500.0,True,500m
2186.0,3_satellites,500.0,3,0.375,141.19636806630425,417.956691305417,558.612582580461,1272.1797972159377,1111.0391132620723,-161.14068395386516,1.2032349151559174,171.07719561411068,169.87396069895476,2.112275898456573,313.30606223642826,8,6,0.625,True,True,36.43333333333333,500.0,True,500m
2187.0,3_satellites,500.0,3,0.375,137.28206084611287,421.7454015134624,558.450899080847,1275.564520697869,1114.5286338004337,-161.03588689743538,1.896889662835747,170.81712848320603,168.9202388203703,4.7469775676727295,311.0370573885739,8,6,0.625,True,True,36.45,500.0,True,500m
2188.0,3_satellites,500.0,3,0.375,136.77240099995836,422.6236857282093,558.28915152993,1283.0376204764405,1122.106617276421,-160.9310032000194,2.048176292330026,171.65852410439402,169.610347812064,4.297026913613081,310.9063805229962,8,6,0.625,True,True,36.46666666666667,500.0,True,500m
2189.0,3_satellites,500.0,3,0.375,144.56063792340876,414.2897924010312,558.1272320470805,1299.6179969123643,1138.7921145148855,-160.8258823974786,2.712692429777235,170.43305328302085,167.72036085324362,5.635204773396254,309.3715478852391,8,6,0.625,True,True,36.483333333333334,500.0,True,500m
2190.0,3_satellites,500.0,3,0.375,143.90966406009298,414.9310823153427,557.9655620361709,1309.1385191151458,1148.4174907576314,-160.72102835751434,0.8841177150607109,170.63866310287267,169.75454538781196,2.320774469524622,311.2441867142916,8,6,0.625,True,True,36.5,500.0,True,500m
2191.0,3_satellites,500.0,3,0.375,142.81342592820778,415.84739718486645,557.8038578231693,1318.4255312520406,1157.809381987402,-160.61614926463858,1.1980603174306452,170.72796256793663,169.52990225050598,2.126496121287346,310.5023612640798,8,6,0.625,True,True,36.516666666666666,500.0,True,500m
2192.0,3_satellites,500.0,3,0.375,156.3874320838325,401.75743648104327,557.6418578260508,1340.8937509593366,1180.3828752276772,-160.51087573165933,3.094538004603237,171.8803597050719,168.78582170046866,5.50500425323844,316.95075530186296,8,6,0.625,True,True,36.53333333333333,500.0,True,500m
2193.0,3_satellites,500.0,3,0.375,147.79273134726012,410.4036705499274,557.4803225552025,1344.95732497555,1184.5511325732427,-160.40619240230717,2.2417136137373745,170.84266176447272,168.60094815073535,4.781179007142782,310.519060369581,8,6,0.625,True,True,36.55,500.0,True,500m
2194.0,3_satellites,500.0,3,0.375,140.88989122371314,417.2091362041165,557.318843091316,1351.173790254133,1190.8722832933347,-160.3015069607984,1.4835382653400302,171.76306451996788,170.27952625462785,2.4435305781662464,313.97296062111855,8,6,0.625,True,True,36.56666666666667,500.0,True,500m
2195.0,3_satellites,500.0,3,0.375,142.29458407528327,415.649158067117,557.1570393948653,1360.363109462782,1200.1666196867243,-160.19648977605743,8.995970086660236,177.38223308091983,168.3862629942596,23.923174880445004,318.017086673528,8,6,0.625,True,True,36.583333333333336,500.0,True,500m
2196.0,3_satellites,500.0,3,0.375,149.90841079679467,407.6655162528289,556.9952924470838,1382.0747510660494,1221.9833045598366,-160.09144650621283,1.918788952752948,172.03877002839,170.11998107563704,3.6934535317122936,315.3064025491476,8,6,0.625,True,True,36.6,500.0,True,500m
2197.0,3_satellites,500.0,3,0.375,139.06179338358982,419.24484966614847,556.8338892331129,1381.6029434439856,1221.6160900954312,-159.9868533485544,1.7487932350486517,171.946244711522,170.19745147647336,3.525912329554558,314.8327260836959,8,6,0.625,True,True,36.61666666666667,500.0,True,500m
2198.0,3_satellites,500.0,3,0.375,150.99769074242562,406.4504341616816,556.6718909330652,1399.839768767241,1239.9582102447555,-159.88155852248497,2.7862815991975367,170.93238981021568,168.14610821101817,4.897168073803186,312.0805503837764,8,6,0.625,True,True,36.63333333333333,500.0,True,500m
2199.0,3_satellites,500.0,3,0.375,141.19943003444385,416.4478993087213,556.5105217386716,1401.3120475420778,1241.5350994517785,-159.77694809029936,1.1361446264199913,170.79437788529322,169.65823325887322,2.304016694426537,313.2275581844151,8,6,0.625,True,True,36.65,500.0,True,500m
2200.0,3_satellites,500.0,3,0.375,147.04394647526553,409.8393833530153,556.3488105209678,1416.4453900131073,1256.7734961550234,-159.67189385808388,2.587660718243569,170.58672507386655,167.99906435562298,3.9446831606328487,314.46821050718427,8,6,0.625,True,True,36.666666666666664,500.0,True,500m
2201.0,3_satellites,500.0,3,0.375,148.1642921804268,408.70279781481634,556.187128352716,1428.7794029079005,1269.2124800931942,-159.56692281470623,2.041718357242644,172.3372371518053,170.29551879456267,3.630581766366959,315.4516452997923,8,6,0.625,True,True,36.68333333333333,500.0,True,500m
2202.0,3_satellites,500.0,3,0.375,158.87874801261896,399.2030925905737,556.0251591569184,1441.7908481568052,1282.329189844546,-159.46165831225926,5.143245514016599,169.69361994368955,164.55037442967296,12.717873122543097,304.89855344966054,8,6,0.625,True,True,36.7,500.0,True,500m
2203.0,3_satellites,500.0,3,0.375,139.6282380819574,418.24289996773206,555.8641657863875,1439.124858309538,1279.767495060098,-159.35736324944014,1.8129333034157755,170.4810196356848,168.668086332269,3.548102170228958,312.4979209564626,8,6,0.625,True,True,36.71666666666667,500.0,True,500m
2204.0,3_satellites,500.0,3,0.4285714285714285,148.85524720607225,539.7807417185682,684.768660013848,1454.6136018262457,1196.3613461873997,-258.252255638846,1.5922201674963747,187.884858591216,186.2926384237196,2.413603845983744,294.77331729978323,7,6,0.5714285714285714,True,True,36.733333333333334,500.0,True,500m
2205.0,3_satellites,500.0,3,0.375,149.10375118461062,407.3239825591352,555.5407324254819,1465.4133050535097,1306.2661063794123,-159.14719867409735,2.239031266886741,172.5435113743879,170.30448010750115,4.827779117971659,314.41314873844385,8,6,0.625,True,True,36.75,500.0,True,500m
2206.0,3_satellites,500.0,3,0.4285714285714285,141.03467891265578,547.8312635132704,683.5130888121511,1465.1718540012498,1207.8191747232809,-257.35267927796895,2.3155364165348664,190.1733890665429,187.85785265000803,3.2845313623547554,292.6744237691164,7,6,0.5714285714285714,True,True,36.766666666666666,500.0,True,500m
2207.0,3_satellites,500.0,3,0.4285714285714285,141.316254968003,545.2332962960122,682.884820664978,1476.110083084086,1219.2077592668286,-256.9023238172574,2.045551455978836,190.08327386954,188.0377224135612,3.0617147758603096,293.9356615357101,7,6,0.5714285714285714,True,True,36.78333333333333,500.0,True,500m
2208.0,3_satellites,500.0,3,0.4285714285714285,147.83239791616873,537.8941189700759,682.2565768328773,1490.817809565317,1234.3659561591292,-256.45185340618787,1.4667692737919944,190.81265426161036,189.34588498781835,3.1488249264657497,295.4128374941647,7,6,0.5714285714285714,True,True,36.8,500.0,True,500m
2209.0,3_satellites,500.0,3,0.4285714285714285,145.68862917223808,538.9035411759722,681.6284450817797,1499.5982873154792,1243.596791273709,-256.0014960417702,1.8290091838155476,190.1610500982829,188.3320409144674,4.181618865579367,300.2338363863528,7,6,0.5714285714285714,True,True,36.81666666666667,500.0,True,500m
2210.0,3_satellites,500.0,3,0.4285714285714285,144.49510283236927,541.804650158728,681.0005132427063,1505.9667896255053,1250.4155348080797,-255.5512548174256,2.276141084730625,190.0763308815658,187.8001897968352,3.938357945531607,292.29662691801786,7,6,0.5714285714285714,True,True,36.833333333333336,500.0,True,500m
2211.0,3_satellites,500.0,3,0.4285714285714285,151.77057932879418,533.8013548744934,680.3720618317093,1520.7458735702414,1265.6454793458056,-255.10039422443583,2.934913480388267,190.68568132924185,187.75076784885357,4.273539640009403,292.30106204003096,7,6,0.5714285714285714,True,True,36.85,500.0,True,500m
2212.0,3_satellites,500.0,3,0.4285714285714285,150.52793373358796,533.0494805050552,679.7436186473743,1529.582248098424,1274.9326995857475,-254.6495485126761,1.1830242473099912,190.2248847851796,189.0418605378696,1.591097820550203,294.72857362031937,7,6,0.5714285714285714,True,True,36.86666666666667,500.0,True,500m
2213.0,3_satellites,500.0,3,0.5,136.26079849819928,249.06028545439412,260.65495222424204,1524.2363695202162,1780.38149417971,256.14512465949383,0.8250543319930633,176.10023841634393,175.27518408435083,1.3779554516077042,339.123428914696,6,6,0.5,True,True,36.88333333333333,500.0,True,500m
2214.0,3_satellites,500.0,3,0.375,132.82807643395776,422.4525386909674,554.0873586393187,1530.114769647853,1371.911662485384,-158.20310716246922,3.842291679698974,172.7507965681143,168.90850488841534,7.969706263393164,311.27889124676585,8,6,0.625,True,True,36.9,500.0,True,500m
2215.0,3_satellites,500.0,3,0.375,150.1647128559346,405.1151934230825,553.9254847435343,1552.262056356119,1394.1643910181554,-158.0976653379637,2.7356978999450803,171.11056714644656,168.37486924650148,5.585326433181763,310.9358339868486,8,6,0.625,True,True,36.916666666666664,500.0,True,500m
2216.0,3_satellites,500.0,3,0.375,147.85369866308807,407.0466974656583,553.7641683984205,1561.041973080917,1403.0491637423895,-157.99280933852742,1.1889015776105225,170.74568874016404,169.55678716255352,2.79479168727994,312.3449576124549,8,6,0.625,True,True,36.93333333333333,500.0,True,500m
2217.0,3_satellites,500.0,3,0.375,149.92733213933798,405.1333913700743,553.6026091898963,1568.8079764336144,1410.920237142237,-157.88773929137733,2.5926286191679537,170.95492732571438,168.36229870654643,5.012228175997734,309.6195079423487,8,6,0.625,True,True,36.95,500.0,True,500m
2218.0,3_satellites,500.0,3,0.375,152.3548892486318,401.4967934901098,553.4411720193362,1578.7336023826492,1420.9508956450024,-157.78270673764678,2.953784952871501,171.58627937547865,168.63249442260712,5.733574841171503,316.3456446900964,8,6,0.625,True,True,36.96666666666667,500.0,True,500m
2219.0,3_satellites,500.0,3,0.375,150.09020280757497,403.9119839700562,553.2797628703944,1585.2465803309033,1427.5688147315889,-157.6777655993144,2.329864179249853,171.34961868543178,169.01975450618193,4.841196265071631,312.2694598436356,8,6,0.625,True,True,36.983333333333334,500.0,True,500m
2220.0,3_satellites,500.0,3,0.375,144.43902356082498,409.134109110928,553.1185307286934,1589.9481348822671,1432.3751778013414,-157.5729570809258,2.164921535179019,170.5481150727719,168.3831935375929,4.258144438266754,313.44226725772023,8,6,0.625,True,True,37.0,500.0,True,500m
2221.0,3_satellites,500.0,3,0.375,148.99893535698197,405.33856286292496,552.957082564469,1600.9227394141558,1443.4548491809917,-157.46789023316433,2.1255834358744323,168.62141499156132,166.4958315556869,4.917409397661686,309.35428342595696,7,6,0.625,True,True,37.016666666666666,500.0,True,500m
2222.0,3_satellites,500.0,3,0.375,148.27340116759447,405.002254884532,552.7956626179031,1606.1170145402743,1448.7541505053584,-157.3628640349159,1.8097197785973549,171.3039160729386,169.49419629434124,3.939974710345268,312.0348565801978,8,6,0.625,True,True,37.03333333333333,500.0,True,500m
2223.0,3_satellites,500.0,3,0.375,149.20689052471548,404.3592364537188,552.6342793550937,1611.746406145886,1454.4885581479673,-157.2578479979186,2.4211512664332986,172.76425177417696,170.34310050774366,5.313562113791704,316.6849535368383,8,6,0.625,True,True,37.05,500.0,True,500m
2224.0,3_satellites,500.0,3,0.375,140.98747972376546,411.9690808922368,552.473128808629,1614.280382869498,1457.1273105782043,-157.1530722912937,1.815372717566788,171.3727484345436,169.55737571697682,4.909303352236748,313.3073467537761,8,6,0.625,True,True,37.06666666666667,500.0,True,500m
2225.0,3_satellites,500.0,3,0.375,132.94230442843366,420.7830832075159,552.312003430165,1614.037308769184,1456.9889895547008,-157.04831921448317,1.2633851184509697,170.21437681512907,168.9509916966781,2.865049682557583,310.7924815863371,8,6,0.625,True,True,37.083333333333336,500.0,True,500m
2226.0,3_satellites,500.0,3,0.375,145.03434651133216,408.35858205247183,552.1503493865836,1627.845936820472,1470.9029935352207,-156.9429432852512,2.8864410291425884,170.69209572207183,167.80565469292924,6.253200545907021,311.62864906713367,8,6,0.625,True,True,37.1,500.0,True,500m
2227.0,3_satellites,500.0,3,0.375,144.97019468727814,407.9630895148126,551.9890355500833,1635.9471759902472,1479.10925075839,-156.83792523185707,2.0656795939430594,170.88211930077523,168.81643970683217,4.164226330816746,310.6446925699711,8,6,0.625,True,True,37.11666666666667,500.0,True,500m
2228.0,3_satellites,500.0,3,0.375,136.81714986224145,416.19954657393765,551.8279446525884,1636.8619284210786,1480.1287799104273,-156.7331485106513,2.1474199327640235,169.66028559254482,167.5128656597808,4.7972976341843605,308.13004852831364,8,6,0.625,True,True,37.13333333333333,500.0,True,500m
2229.0,3_satellites,500.0,3,0.375,137.2881882028437,414.9389822870983,551.6666425727124,1645.625534388846,1488.9974363397007,-156.62809804914536,2.0860639484599237,170.43044489435852,168.3443809458986,3.848507504910231,309.6352282464504,8,6,0.625,True,True,37.15,500.0,True,500m
2230.0,3_satellites,500.0,3,0.375,137.6537995183844,414.7410100823745,551.5053077843463,1654.9146419327665,1498.3916107514945,-156.52303118127202,2.696431312244385,172.5898625664413,169.8934312541969,5.050366833806038,314.7812728844583,8,6,0.625,True,True,37.166666666666664,500.0,True,500m
2231.0,3_satellites,500.0,3,0.4285714285714285,157.52157095161704,511.80561110809055,667.7990844714419,1680.4178066389152,1434.352799295719,-246.06500734319616,2.3952637000807693,188.8723133334092,186.4770496333284,5.988887995481491,292.0305069126189,7,6,0.5714285714285714,True,True,37.18333333333333,500.0,True,500m
2232.0,3_satellites,500.0,3,0.4285714285714285,137.91452148836365,531.7908126856372,667.1710715244013,1673.1968788401618,1427.5837667400972,-245.61311210006463,2.399827381862061,190.4578352022384,188.05800782037636,3.926546681672335,293.77118580788374,7,6,0.5714285714285714,True,True,37.2,500.0,True,500m
2233.0,3_satellites,500.0,3,0.4285714285714285,142.7010088555632,527.111855399053,666.5422133960059,1683.160788130254,1438.00060443737,-245.16018369288415,1.7068458167569978,190.35091327343667,188.6440674566797,3.699334636330605,296.1455372646451,7,6,0.5714285714285714,True,True,37.21666666666667,500.0,True,500m
2234.0,3_satellites,500.0,3,0.4285714285714285,122.79273665635816,548.4002848557961,665.914198043692,1675.623330664724,1430.9151951633887,-244.7081355013354,2.2022701778582165,189.89591911541564,187.6936489375574,3.5776129961013794,293.7431920990348,7,6,0.5714285714285714,True,True,37.233333333333334,500.0,True,500m
2235.0,3_satellites,500.0,3,0.4285714285714285,126.29374771494524,542.8507406650218,665.2851582298051,1688.3180825125692,1444.0631956626285,-244.2548868499407,2.297952141080584,191.96214234562856,189.664190204548,4.04613060131669,296.5655751824379,7,6,0.5714285714285714,True,True,37.25,500.0,True,500m
2236.0,3_satellites,500.0,3,0.4285714285714285,133.11260556572748,535.6894042246312,664.6561418646556,1702.0685249504374,1458.2669727626114,-243.801552187826,0.7179616444877216,190.4710295471762,189.75306790268849,1.8073071613907812,297.36383794248104,7,6,0.5714285714285714,True,True,37.266666666666666,500.0,True,500m
2237.0,3_satellites,500.0,3,0.375,144.54464265760495,406.541092542164,550.3766465350583,1718.8028611032305,1563.0153113694266,-155.78754973380387,2.5249441280029714,169.01664828602225,166.49170415801927,4.792953431606293,308.92864521220326,8,6,0.625,True,True,37.28333333333333,500.0,True,500m
2238.0,3_satellites,500.0,3,0.4285714285714285,143.73838205303562,268.3959544405716,411.0442220984061,1729.4520718968242,1635.865953460486,-93.5861184363382,3.0749678515962198,169.53387583685773,166.4589079852615,5.927670806646347,301.98346458375454,5,5,0.5714285714285714,True,True,37.3,500.0,True,500m
2239.0,3_satellites,500.0,3,0.4285714285714285,138.2632710034674,274.077693209593,410.8355221746361,1734.688865769676,1641.2307708128594,-93.4580949568167,0.9181447806102888,169.2487146774573,168.330569896847,1.6442949287593365,305.20151614397764,5,5,0.5714285714285714,True,True,37.31666666666667,500.0,True,500m
2240.0,3_satellites,500.0,3,0.4285714285714285,145.0286601097952,267.13027295122487,410.6265773534819,1747.8482292008953,1654.5184391252044,-93.32979007569088,1.1392589136958122,169.99158880912833,168.85232989543252,2.8286070711910725,305.8559495471418,5,5,0.5714285714285714,True,True,37.333333333333336,500.0,True,500m
2241.0,3_satellites,500.0,3,0.375,145.41183738413656,405.1464802850065,549.7320163961001,1754.0078621985715,1598.6405929638572,-155.36726923471429,3.899431105237454,169.58824646752328,165.68881536228582,6.926169656217098,307.8040559925139,8,6,0.625,True,True,37.35,500.0,True,500m
2242.0,3_satellites,500.0,3,0.4285714285714285,137.51053709554273,526.4498660260537,660.8833334966737,1760.4550258047727,1519.3738232776168,-241.08120252715597,1.279523517936468,190.6067629238325,189.327239405896,2.6328829526901245,297.8804468140006,7,6,0.5714285714285714,True,True,37.36666666666667,500.0,True,500m
2243.0,3_satellites,500.0,3,0.4285714285714285,147.62971222018518,516.3874010560176,660.2544428496689,1775.2148033897802,1534.5874569626696,-240.62734642711047,1.0149210409394331,189.54832406235596,188.5334030214165,2.2242834270000458,296.6294184103608,7,6,0.5714285714285714,True,True,37.38333333333333,500.0,True,500m
2244.0,3_satellites,500.0,3,0.4285714285714285,147.62587657503872,514.3916355133063,659.6255363619231,1787.7719459835373,1547.5984508245483,-240.1734951589888,0.6394654320819038,189.912317010441,189.27285157835908,1.575187761336565,298.4787006787956,7,6,0.5714285714285714,True,True,37.4,500.0,True,500m
2245.0,3_satellites,500.0,3,0.4285714285714285,115.56421524945402,548.6441697323776,658.9983421593131,1768.1936401479566,1528.4723317196836,-239.721308428273,4.149200326097863,193.19580236130528,189.0466020352074,8.782567389309406,299.61251071840525,7,6,0.5714285714285714,True,True,37.416666666666664,500.0,True,500m
2246.0,3_satellites,500.0,3,0.4285714285714285,136.3501727968796,526.6847475076887,658.3691176303224,1789.929201252599,1550.6623992694392,-239.26680198315967,2.0719907906438624,191.51856762064355,189.44657682999969,4.3679871968925,298.6969133429229,7,6,0.5714285714285714,True,True,37.43333333333333,500.0,True,500m
2247.0,3_satellites,500.0,3,0.4285714285714285,146.9537111080481,513.9698205395407,657.7399613192954,1809.7595373531888,1570.9471581351847,-238.81237921800405,1.6001903787255287,191.00184460356832,189.4016542248428,3.853539943695069,299.31079056859016,7,6,0.5714285714285714,True,True,37.45,500.0,True,500m
2248.0,3_satellites,500.0,3,0.4285714285714285,139.58868496963447,520.3743894008827,657.1117423505974,1815.0621737044112,1576.7033612918642,-238.35881241254697,2.2405416912266185,190.83782209615623,188.5972804049296,3.967609155923128,296.3749511167407,7,6,0.5714285714285714,True,True,37.46666666666667,500.0,True,500m
2249.0,3_satellites,500.0,3,0.375,153.85700401270194,395.2481764445748,548.4431561149738,1833.8613609689608,1679.3349459178055,-154.52641505115523,2.667707701679319,171.5001397258602,168.8324320241809,6.555872820317745,313.09343653544784,8,6,0.625,True,True,37.483333333333334,500.0,True,500m
2250.0,3_satellites,500.0,3,0.4285714285714285,147.50788685652932,511.75089756831136,655.8546988988816,1839.3811380185125,1601.9304288628905,-237.450709155622,1.571334875055722,191.57516493169325,190.00383005663755,3.9877291545271873,300.92360407859087,7,6,0.5714285714285714,True,True,37.5,500.0,True,500m
2251.0,3_satellites,500.0,3,0.4285714285714285,131.99939191451924,527.0158852909124,655.2268348835553,1837.3142787555364,1600.317007769277,-236.99727098625908,3.6561355095888888,192.4092313918684,188.75309588227952,8.688771422952414,301.16234835237265,7,6,0.5714285714285714,True,True,37.516666666666666,500.0,True,500m
2252.0,3_satellites,500.0,3,0.4285714285714285,115.43482957406228,543.7991005141657,654.5988625754969,1838.294600600957,1601.7509084049034,-236.5436921960536,8.31278823050005,194.19190151457275,185.8791132840727,21.381028324365616,306.24211115017533,7,6,0.5714285714285714,True,True,37.53333333333333,500.0,True,500m
2253.0,3_satellites,500.0,3,0.5,137.90937797587478,307.24111107471435,441.8909771201595,1857.6159013617548,1740.4127894370968,-117.20311192465806,2.11882290430367,196.23954903396464,194.120726129661,2.859519731253385,307.973805654794,5,5,0.6666666666666666,True,True,37.55,500.0,True,500m
2254.0,3_satellites,500.0,3,0.5,150.37935821692702,292.93217028217674,441.0941802129324,1876.7960645548744,1760.158490177679,-116.6375743771955,1.7190887151906888,195.0441575696071,193.3250688544164,3.064496234059334,306.4207978323102,5,5,0.6666666666666666,True,True,37.56666666666667,500.0,True,500m
2255.0,3_satellites,500.0,3,0.375,169.27351749164467,379.15156339965694,547.4770788189123,1894.774325303645,1740.878692090197,-153.89563321344735,4.738922850228846,167.88114656321704,163.1422237129882,12.74819952622056,305.7273098155856,7,6,0.625,True,True,37.583333333333336,500.0,True,500m
2256.0,3_satellites,500.0,3,0.375,148.79340688577332,398.9844379297294,547.3164820923013,1896.035432662654,1742.244412627824,-153.79102003483013,2.649380350485444,171.4248037142679,168.7754233637825,4.85084281116724,312.9423078149557,7,6,0.625,True,True,37.6,500.0,True,500m
2257.0,3_satellites,500.0,3,0.375,149.27254919344267,398.8560202387639,547.1555815543323,1904.7179381926496,1751.0319859307451,-153.6859522619045,1.6457406324334445,171.3941526063718,169.74841197393835,3.718908216804266,314.8716781511903,7,6,0.625,True,True,37.61666666666667,500.0,True,500m
2258.0,3_satellites,500.0,3,0.375,159.05830483701706,388.6970595361527,546.9945449900298,1917.5091861451865,1763.9285261880557,-153.58065995713082,1.140891064889729,170.02912966534495,168.88823860045522,2.4064485616981983,314.4602471962571,7,6,0.625,True,True,37.63333333333333,500.0,True,500m
2259.0,3_satellites,500.0,3,0.375,161.51813388394547,385.7440920941476,546.8335546862087,1926.952159655418,1773.4766816449087,-153.47547801050928,1.996102314442396,171.12748379586264,169.13138148142025,4.861092571169138,314.4323122613132,8,6,0.625,True,True,37.65,500.0,True,500m
2260.0,3_satellites,500.0,3,0.375,159.10981290758582,388.5027631311377,546.6727103140224,1935.163140793673,1781.7926848187076,-153.37045597496535,2.0714825284667318,171.42754552001134,169.3560629915446,4.862833067774773,314.75294471532106,7,6,0.625,True,True,37.666666666666664,500.0,True,500m
2261.0,3_satellites,500.0,3,0.375,158.96272392004,388.4200504352705,546.5119159535449,1943.1615390700176,1789.8961240175497,-153.26541505246814,1.7844199482351542,170.967035013251,169.18261506501585,4.300435233861208,313.948946069926,7,6,0.625,True,True,37.68333333333333,500.0,True,500m
2262.0,3_satellites,500.0,3,0.375,158.92678259662313,388.2159771292352,546.3510663761225,1953.961867709375,1800.8015363159354,-153.1603313934395,1.4432090427726507,170.49164570262656,169.0484366598539,2.6289904341101646,314.28334196284413,7,6,0.625,True,True,37.7,500.0,True,500m
2263.0,3_satellites,500.0,3,0.375,154.20705527712622,393.2905891401601,546.1903603795763,1956.842204656892,1803.786809126248,-153.0553955306441,1.4307256247848272,171.5354063040577,170.10468067927286,3.169356293976307,314.5641906484961,7,6,0.625,True,True,37.71666666666667,500.0,True,500m
2264.0,3_satellites,500.0,3,0.375,157.2854175324535,389.35709676906544,546.029497270334,1969.864923578573,1816.9146890434952,-152.95023453507815,2.1717762812040746,170.8414525478147,168.66967626661062,5.012348763644695,313.530518040061,7,6,0.625,True,True,37.733333333333334,500.0,True,500m
2265.0,3_satellites,500.0,3,0.375,160.66680165720453,386.141288182527,545.8686348865554,1981.797342638872,1828.9522656231345,-152.84507701573716,1.4668418765068054,170.03697988111526,168.57013800460845,2.92060973867774,313.5678736940026,7,6,0.625,True,True,37.75,500.0,True,500m
2266.0,3_satellites,500.0,3,0.375,157.65852787316203,389.0751696781204,545.7079584584457,1985.063183139236,1832.323080606348,-152.74010253288816,1.1741112004965544,170.72577119385824,169.55165999336168,2.6555556878447533,313.9548132158816,7,6,0.625,True,True,37.766666666666666,500.0,True,500m
2267.0,3_satellites,500.0,3,0.375,160.82521446428194,385.5505981253135,545.5471002298069,1995.747037508194,1843.1121153911672,-152.63492211702692,1.978340337984264,171.25549358595163,169.27715324796736,4.0501587726175785,314.8043063208461,7,6,0.625,True,True,37.78333333333333,500.0,True,500m
2268.0,3_satellites,500.0,3,0.375,155.2764950041385,391.06857216073024,545.3864914783065,2001.551941086384,1849.021933515424,-152.5300075709606,1.7114833486266434,171.69226904492825,169.9807856963016,3.3740282468497758,314.76100235804915,7,6,0.625,True,True,37.8,500.0,True,500m
2269.0,3_satellites,500.0,3,0.375,148.17884077412347,398.6108482972132,545.2259803674592,2003.488376818347,1851.063208069109,-152.42516874923786,0.6005917019210756,170.90680149849504,170.30620979657397,1.4532967582345009,315.2333667501807,7,6,0.625,True,True,37.81666666666667,500.0,True,500m
2270.0,3_satellites,500.0,3,0.4285714285714285,157.22740385860183,488.81504243165176,643.2970734475728,2022.442867545613,1794.0818646535502,-228.36100289206297,0.8808233993394035,190.4925817086228,189.61175830928343,2.1667504981160164,299.4740492478013,7,6,0.5714285714285714,True,True,37.833333333333336,500.0,True,500m
2271.0,3_satellites,500.0,3,0.375,151.20648032322978,394.5926312297615,544.9044822007938,2025.3578489372376,1873.1429303596765,-152.21491857756132,1.974645265378058,171.1394083769992,169.16476311162114,3.767292376607657,313.3241222091019,7,6,0.625,True,True,37.85,500.0,True,500m
2272.0,3_satellites,500.0,3,0.375,159.50779996051887,385.9846287835354,544.7436399206204,2040.5124964061963,1888.4028603562008,-152.1096360499953,1.643798834644258,171.12137455306947,169.4775757184252,3.440429210662842,315.5697239898145,7,6,0.625,True,True,37.86666666666667,500.0,True,500m
2273.0,3_satellites,500.0,3,0.4285714285714285,153.693330627278,490.3390012794143,641.4157974615363,2043.9739299356288,1816.977626146519,-226.9963037891096,1.1065010034612246,192.10863139480352,191.0021303913423,1.907625187188387,302.04943865537643,7,6,0.5714285714285714,True,True,37.88333333333333,500.0,True,500m
2274.0,3_satellites,500.0,3,0.4285714285714285,145.4596025949161,498.26196820202114,640.7890833387783,2045.6200851353228,1819.0784882241292,-226.54159691119344,2.23951579151409,190.75933713253056,188.51982134101647,3.898019522428513,297.7797463424504,7,6,0.5714285714285714,True,True,37.9,500.0,True,500m
2275.0,3_satellites,500.0,3,0.375,147.81761261523604,397.5949622933299,544.2620257911399,2056.591151989275,1904.7963629431972,-151.79478904607777,1.1937443614006042,170.64909009356052,169.4553457321599,2.3717509917914867,313.2650859467685,7,6,0.625,True,True,37.916666666666664,500.0,True,500m
2276.0,3_satellites,500.0,3,0.375,145.6782038564976,399.5401173372071,544.1014841955555,2062.1789152686606,1910.4891207530245,-151.68979451563632,0.7867818246595562,171.15209594881162,170.36531412415206,1.9930477030575275,314.8306658491492,7,6,0.625,True,True,37.93333333333333,500.0,True,500m
2277.0,3_satellites,500.0,3,0.375,151.40655197909865,393.5884879781738,543.9407350418506,2074.759837379013,1923.175280118841,-151.58455726017178,2.246857310179621,172.36087405355647,170.11401674337685,4.757311176508665,316.8036057949066,7,6,0.625,True,True,37.95,500.0,True,500m
2278.0,3_satellites,500.0,3,0.4285714285714285,153.73263703204373,487.0562458684429,638.2813737750367,2085.108579839247,1860.3878996896533,-224.72068014959336,1.430833029959883,191.7435024072017,190.3126693772418,2.612161938101053,304.7225038483739,7,6,0.5714285714285714,True,True,37.96666666666667,500.0,True,500m
2279.0,3_satellites,500.0,3,0.4285714285714285,139.1482795436245,501.0752023799637,637.6553576767986,2081.646337820514,1857.380233679964,-224.26610414054997,1.7179047715451037,192.8470760983016,191.12917132675648,2.8755570538342,303.26493817567825,7,6,0.5714285714285714,True,True,37.983333333333334,500.0,True,500m
2280.0,3_satellites,500.0,3,0.375,158.6673750147599,385.0982164971732,543.4589521096656,2104.0386498530947,1952.7694465118052,-151.2692033412893,1.946657260414213,170.8175029559061,168.87084569549188,4.21052423864603,314.7354217134416,7,6,0.625,True,True,38.0,500.0,True,500m
2281.0,3_satellites,500.0,3,0.4285714285714285,139.83144817770156,499.7145074017225,636.4024347537644,2096.4735580545243,1873.117900270648,-223.35565778387627,1.580866274024759,192.01479177176952,190.43392549774475,2.151363205164671,301.5469141378999,7,6,0.5714285714285714,True,True,38.016666666666666,500.0,True,500m
2282.0,3_satellites,500.0,3,0.4285714285714285,139.499081863612,500.2366499670149,635.7761895550912,2102.631472062753,1879.7310000596733,-222.9004720030796,2.3323809605623995,193.30666647266065,190.97428551209825,3.967061970382929,302.68996439501643,7,6,0.5714285714285714,True,True,38.03333333333333,500.0,True,500m
2283.0,3_satellites,500.0,3,0.4285714285714285,146.01601869943565,491.8879587534362,635.1495344403658,2112.4649094185665,1890.0201371995292,-222.44477221903708,1.5586115403899126,191.95570490668928,190.39709336629932,2.2689325772225857,301.77602557092905,7,6,0.5714285714285714,True,True,38.05,500.0,True,500m
2284.0,3_satellites,500.0,3,0.4285714285714285,145.09252239267792,492.0817927690591,634.5234259272728,2120.185516196273,1898.1960259853176,-221.9894902109552,0.7556279455976826,190.78502108795303,190.02939314235533,1.6751120761036873,302.35508965700865,7,6,0.5714285714285714,True,True,38.06666666666667,500.0,True,500m
2285.0,3_satellites,500.0,3,0.4285714285714285,124.09480183438755,514.3782880156567,633.8983186975479,2109.1167770431416,1887.581640775096,-221.5351362680456,1.2851270336125578,192.2010520281536,190.91592499454103,1.9301439262926576,302.63602164015174,7,6,0.5714285714285714,True,True,38.083333333333336,500.0,True,500m
2286.0,3_satellites,500.0,3,0.4285714285714285,141.6888537917293,493.664043025608,633.2715230562798,2132.254491375013,1911.1755943156536,-221.07889705935983,0.8970767488437039,192.17330855237583,191.27623180353217,1.370822750031948,303.80886175110936,7,6,0.5714285714285714,True,True,38.1,500.0,True,500m
2287.0,3_satellites,500.0,3,0.4285714285714285,129.479317130275,506.340912213458,632.6461897635892,2129.7041336865414,1909.0800645026409,-220.6240691839007,1.801156111593757,192.07267714930435,190.27152103771056,2.6574847511947155,301.381000444293,7,6,0.5714285714285714,True,True,38.11666666666667,500.0,True,500m
2288.0,3_satellites,500.0,3,0.375,141.06296760362784,401.8926691487076,542.1757749852608,2146.425902125278,1995.996562308656,-150.4293398166219,1.4525756696239114,171.19295180542397,169.74037613580003,3.034480720758438,316.48717584088445,7,6,0.625,True,True,38.13333333333333,500.0,True,500m
2289.0,3_satellites,500.0,3,0.375,139.4788514192927,403.2949469570711,542.0154517594057,2151.77723821222,2001.4528899230768,-150.32434828914256,1.147113177459687,170.13939867448062,168.99228549702093,1.9995916821062565,314.9307340681553,6,6,0.625,True,True,38.15,500.0,True,500m
2290.0,3_satellites,500.0,3,0.375,141.5302235832484,401.0382207144411,541.8550252704315,2158.85862107618,2008.6393887048969,-150.21923237128317,1.470779881812632,170.23890638444573,168.7681265026331,2.570330735296011,314.37002470344305,7,6,0.625,True,True,38.166666666666664,500.0,True,500m
2291.0,3_satellites,500.0,3,0.4285714285714285,139.01270777133897,493.7780590182319,630.1435566358608,2166.8470662393647,1948.0450299583224,-218.80203628104252,2.559314215821879,192.5785851324243,190.01927091660244,3.713981088250876,302.0083360336721,7,6,0.5714285714285714,True,True,38.18333333333333,500.0,True,500m
2292.0,3_satellites,500.0,3,0.375,141.79288661179615,400.1889687357707,541.5343148344185,2172.1179881902444,2022.1088928518725,-150.00909533837216,2.55208113277331,171.10493582533672,168.5528546925634,5.0430165864527225,312.822339437902,7,6,0.625,True,True,38.2,500.0,True,500m
2293.0,3_satellites,500.0,3,0.375,150.77051642540204,391.2314330880176,541.3739147824025,2181.814721262885,2031.9108501367452,-149.90387112613962,2.712443300988525,169.21494624996558,166.50250294897705,7.595695979893207,313.51161912828684,6,6,0.625,True,True,38.21666666666667,500.0,True,500m
2294.0,3_satellites,500.0,3,0.375,136.88137128248212,405.0537208214617,541.2138856827478,2178.446829847683,2028.6476746109345,-149.7991552367489,0.3552280045114457,170.41705942014232,170.06183141563088,0.6269552037119865,316.00969690829515,7,6,0.625,True,True,38.233333333333334,500.0,True,500m
2295.0,3_satellites,500.0,3,0.375,131.2744383443669,410.8978739933133,541.0537002185772,2179.481222227762,2029.786995324633,-149.694226903129,1.910686164163053,172.15147433802483,170.2407881738618,3.5964002199471,316.02964948117733,7,6,0.625,True,True,38.25,500.0,True,500m
2296.0,3_satellites,500.0,3,0.375,146.57976490719955,395.0747244994225,540.8930893856754,2196.0569550689843,2046.468211540605,-149.5887435283796,2.551852966658771,171.77340316399932,169.22155019734055,6.134327955543995,317.3530579432845,7,6,0.625,True,True,38.266666666666666,500.0,True,500m
2297.0,3_satellites,500.0,3,0.375,144.7472732432838,396.6435442726592,540.7329202736062,2197.676446843807,2048.192698488703,-149.48374835510367,1.3027070797979832,169.7106127543375,168.4079056745395,2.929051592946053,315.17960676550865,6,6,0.625,True,True,38.28333333333333,500.0,True,500m
2298.0,3_satellites,500.0,3,0.375,139.17108324816303,402.6256615099494,540.5728322067179,2195.264538849965,2045.8856949906756,-149.3788438592901,1.1887839077971876,171.63485170388594,170.44606779608876,2.3060395754873757,317.8038175702095,7,6,0.625,True,True,38.3,500.0,True,500m
2299.0,3_satellites,500.0,3,0.4285714285714285,148.28264899190717,444.02604371967465,591.6912765100454,2205.056245523776,2015.8690960005183,-189.1871495232574,1.755941348948649,190.29664206079076,188.5407007118421,3.510153628885746,327.057187538594,7,6,0.5714285714285714,True,True,38.31666666666667,500.0,True,500m
2300.0,3_satellites,500.0,3,0.4285714285714285,142.64348472587255,449.0187452524187,591.3908206506403,2205.8145992194072,2016.842494052496,-188.9721051669117,1.203108182975224,190.51028481338705,189.30717663041185,2.4860321655869484,328.4452909268439,7,6,0.5714285714285714,True,True,38.333333333333336,500.0,True,500m
2301.0,3_satellites,500.0,3,0.4285714285714285,144.63889347672136,446.83842358221057,591.0901886053839,2210.603483976471,2021.8466398603557,-188.75684411611587,2.697413420038564,190.50468590589503,187.8072724858565,5.731559358537197,325.6684509702027,7,6,0.5714285714285714,True,True,38.35,500.0,True,500m
2302.0,3_satellites,500.0,3,0.375,154.7580368911233,385.6857008668968,539.9317058010554,2220.0494363229086,2071.0913361630437,-148.95810015986535,2.7093690293841064,172.03939835494384,169.33002932555974,6.644016921520233,315.8541413657367,7,6,0.625,True,True,38.36666666666667,500.0,True,500m
2303.0,3_satellites,500.0,3,0.375,149.78021841359237,390.5771050168771,539.7717155622934,2219.183334305221,2070.3301529141127,-148.85318139110814,2.0027690045535564,172.376070918981,170.37330191442743,4.991129126399756,317.42042531073093,7,6,0.625,True,True,38.38333333333333,500.0,True,500m
2304.0,3_satellites,500.0,3,0.375,149.73618798971972,390.7610832367212,539.6115963790812,2216.0547493867,2067.3066376697407,-148.74811171695956,1.1109381336718798,170.74533582106233,169.63439768739045,2.472539994865656,315.8480999059975,7,6,0.625,True,True,38.4,500.0,True,500m
2305.0,3_satellites,500.0,3,0.375,150.44920955854957,390.1234811936229,539.4514634368757,2219.582219927396,2070.9392118986784,-148.64300802871776,2.7931895055808127,173.27721177088097,170.48402226530015,6.681245621293783,319.3086131438613,7,6,0.625,True,True,38.416666666666664,500.0,True,500m
2306.0,3_satellites,500.0,3,0.375,154.7884771144571,385.81049151746834,539.2912935425384,2222.880252238486,2074.342424305026,-148.53782793346,1.2968447813764217,170.2659304086119,168.96908562723547,3.018347606062889,313.45569755509496,7,6,0.625,True,True,38.43333333333333,500.0,True,500m
2307.0,3_satellites,500.0,3,0.375,142.88842107904662,397.7557153983348,539.1315422751064,2214.216159785261,2065.7830607152987,-148.43309906996228,0.7255848902277648,170.49450532440096,169.7689204341732,1.2243893928825855,314.9704891331494,7,6,0.625,True,True,38.45,500.0,True,500m
2308.0,3_satellites,500.0,3,0.5,144.19084186122998,341.91881456452626,296.9765241492686,2220.215568766936,2568.782226961692,348.56665819475575,3.3603000498066344,177.33183818683028,173.97153813702366,5.591398637741804,339.663141798228,6,6,0.5,True,True,38.46666666666667,500.0,True,500m
2309.0,3_satellites,500.0,3,0.5,156.30825946387492,347.9355816104898,297.6265778208649,2227.3410345117154,2576.882629551065,349.54159503934943,0.8942920919507742,175.03840737665692,174.14411528470615,1.7135887034237385,336.5319410264492,6,6,0.5,True,True,38.483333333333334,500.0,True,500m
2310.0,3_satellites,500.0,3,0.4285714285714285,161.46983216555827,459.9788226425375,618.286768116243,2230.236213399412,2020.0874749833356,-210.14873841607616,2.6222027194287096,192.89970811509664,190.2775053956679,3.544279713183641,303.4922485202551,7,6,0.5714285714285714,True,True,38.5,500.0,True,500m
2311.0,3_satellites,500.0,3,0.4285714285714285,139.96602114444946,481.22935527481695,617.6650226366424,2213.131727190672,2003.437460829213,-209.6942663614589,0.8947042226791382,191.63359289030944,190.7388886676303,2.108734145760536,304.49168721958995,7,6,0.5714285714285714,True,True,38.516666666666666,500.0,True,500m
2312.0,3_satellites,500.0,3,0.4285714285714285,154.7264806874157,464.7851030701773,617.0420796112614,2224.8930945729016,2015.6547299495285,-209.2383646233732,0.990804163472993,192.23331832193904,191.24251415846604,2.433605503290892,306.28122007101774,7,6,0.5714285714285714,True,True,38.53333333333333,500.0,True,500m
2313.0,3_satellites,500.0,3,0.4285714285714285,145.57340742685446,474.0383352956436,616.4204098884059,2215.1594243702107,2006.3758141087,-208.7836102615106,1.179669373269592,192.34328926088557,191.163619887616,3.004484593868256,305.2585723735392,7,6,0.5714285714285714,True,True,38.55,500.0,True,500m
2314.0,3_satellites,500.0,3,0.4285714285714285,136.03246927281702,483.73522383210735,615.7986493254882,2205.008498363354,1996.6798027190407,-208.32869564431303,1.157313188271863,191.2984048750784,190.1410916868065,2.295779302716255,303.6208592839539,7,6,0.5714285714285714,True,True,38.56666666666667,500.0,True,500m
2315.0,3_satellites,500.0,3,0.375,160.2895327045447,378.21892712738673,537.8512595517016,2224.77409695877,2077.182115687552,-147.59198127121817,1.8005645791999996,171.47230688016862,169.67174230096862,3.263491965830326,319.0037948563695,6,6,0.625,True,True,38.583333333333336,500.0,True,500m
2316.0,3_satellites,500.0,3,0.375,151.86334671545723,386.6977154593132,537.6915338154125,2214.583442359856,2067.096313006471,-147.48712935338517,2.294089908245951,171.12397940922529,168.82988950097933,5.026718493551016,317.4401775188744,6,6,0.625,True,True,38.6,500.0,True,500m
2317.0,3_satellites,500.0,3,0.375,154.49356923909255,384.9046080724131,537.5315786676875,2212.767619896619,2065.385622799148,-147.38199709747096,2.21204326255247,170.03639133414254,167.82434807159007,5.03269974142313,314.2657574415207,7,6,0.625,True,True,38.61666666666667,500.0,True,500m
2318.0,3_satellites,500.0,3,0.375,156.631700106408,382.2674289618527,537.371686937709,2212.1782375538533,2064.9013544960967,-147.27688305775655,2.410313289612532,170.7883847844787,168.37807149486616,4.168669044971466,312.9735940992832,7,6,0.625,True,True,38.63333333333333,500.0,True,500m
2319.0,3_satellites,500.0,3,0.375,148.40219193265665,389.87985276437735,537.212091372629,2206.085545372786,2058.913473070649,-147.1720723021367,1.9213791694492104,172.41981871658936,170.49843954714015,3.514269959181547,319.9487545453012,6,6,0.625,True,True,38.65,500.0,True,500m
2320.0,3_satellites,500.0,3,0.375,158.36311288208685,379.5189359172039,537.0520414175191,2211.7912896720686,2064.724545142748,-147.06674452932066,1.7076373840682209,170.99749601166695,169.28985862759873,2.9507477544248104,318.2404790632427,6,6,0.625,True,True,38.666666666666664,500.0,True,500m
2321.0,3_satellites,500.0,3,0.375,159.2768603493451,379.1285843520981,536.8922249737946,2212.397410542057,2065.435726612781,-146.96168392927666,1.1955921803601086,169.70991785870865,168.51432567834854,2.1012102663517,314.4065265581012,6,6,0.625,True,True,38.68333333333333,500.0,True,500m
2322.0,3_satellites,500.0,3,0.375,162.95206889175407,374.1923049428763,536.7323901460715,2219.418411320285,2072.561872606355,-146.85653871393015,2.992721751332283,173.49878191715106,170.50606016581878,6.448174394667149,322.9924586527049,6,6,0.625,True,True,38.7,500.0,True,500m
2323.0,3_satellites,500.0,3,0.375,164.66705524151055,372.8540051517639,536.5725952611768,2220.052883754672,2073.30141926997,-146.7514644847015,2.79792244033888,173.30521359527484,170.50729115493596,5.492322161793709,322.0731156691909,6,6,0.625,True,True,38.71666666666667,500.0,True,500m
2324.0,3_satellites,500.0,3,0.375,153.23675172802595,385.0948656303037,536.4130712275527,2209.8040930663715,2063.157369099901,-146.6467239664703,2.5464600161649287,170.73027125373483,168.1838112375699,5.739795800298452,313.0582028068602,7,6,0.625,True,True,38.733333333333334,500.0,True,500m
2325.0,3_satellites,500.0,3,0.375,157.73723538845107,379.5718165820309,536.2532831476017,2218.427238813735,2071.885657363581,-146.54158145015435,3.389306548051536,171.36952860513702,167.98022205708548,7.729814007878303,315.1719734556973,7,6,0.625,True,True,38.75,500.0,True,500m
2326.0,3_satellites,500.0,3,0.375,163.7573121503215,373.3089196933712,536.0935275291488,2224.043125286679,2077.6066801526504,-146.43644513402842,2.210456170141697,172.64350488316268,170.43304871302098,4.454938478767872,320.3610202521086,6,6,0.625,True,True,38.766666666666666,500.0,True,500m
2327.0,3_satellites,500.0,3,0.375,166.36798360724933,370.207236009354,535.9338030029099,2233.1109764631724,2086.7796145181837,-146.3313619449891,1.3342878720723093,171.6779988561757,170.34371098410338,3.632157169282437,318.2343050651252,6,6,0.625,True,True,38.78333333333333,500.0,True,500m
2328.0,3_satellites,500.0,3,0.375,168.73497302055125,367.6073848280438,535.7741056080248,2236.661536835626,2090.435244125778,-146.22629270984817,3.393005818128586,171.95047980174422,168.55747398361564,7.643224783241749,319.5320609398186,6,6,0.625,True,True,38.8,500.0,True,500m
2329.0,3_satellites,500.0,3,0.4285714285714285,150.25004557789964,459.9348861413289,606.4861087160842,2224.7862446302493,2023.2852371417632,-201.50100748848604,1.3318921774625778,192.43769944193107,191.1058072644685,2.2123826034367085,306.0393275208771,7,6,0.5714285714285714,True,True,38.81666666666667,500.0,True,500m
2330.0,3_satellites,500.0,3,0.375,164.7745768828519,371.32720242498107,535.4549911670337,2241.9954487833093,2095.979024957457,-146.01642382585214,2.881971353199333,171.39991697249934,168.5179456193,4.343481678515673,320.1028014421463,6,6,0.625,True,True,38.833333333333336,500.0,True,500m
2331.0,3_satellites,500.0,3,0.4285714285714285,152.76262708697217,455.9335293285688,605.2468618539818,2233.6233765571696,2033.0326930842716,-200.59068347289823,0.5943935939243862,192.53492710686157,191.9405335129372,1.24155180901289,307.29800928011537,7,6,0.5714285714285714,True,True,38.85,500.0,True,500m
2332.0,3_satellites,500.0,3,0.375,160.06507986473127,375.934954895728,535.1360086367089,2244.79099844176,2098.984377316943,-145.80662112481696,1.9858112055808304,171.82114196848124,169.8353307629004,4.909761413931847,318.3900609090924,6,6,0.625,True,True,38.86666666666667,500.0,True,500m
2333.0,3_satellites,500.0,3,0.375,166.2441465930175,369.5209020592226,534.9763395250309,2252.459163048549,2106.757673104328,-145.7014899442206,1.9587544980458915,170.77305019367486,168.81429569562897,4.493129953742027,314.882403280586,7,6,0.625,True,True,38.88333333333333,500.0,True,500m
2334.0,3_satellites,500.0,3,0.5,140.43146363744944,560.1782238786594,698.9609940754544,2236.015939872049,1960.950622259581,-275.0653176124679,1.5813108446697397,215.86586209448677,214.284551249817,3.5984293781220917,318.70648400112987,6,6,0.5,True,True,38.9,500.0,True,500m
2335.0,3_satellites,500.0,3,0.4285714285714285,151.90108686508907,454.0050337871073,602.7706541301944,2246.415102885211,2047.6445481720623,-198.77055471314884,0.6953425412731511,192.01979055521744,191.32444801394428,0.8848132863640785,308.81952702999115,7,6,0.5714285714285714,True,True,38.916666666666664,500.0,True,500m
2336.0,3_satellites,500.0,3,0.4285714285714285,158.22910426313305,446.83994122575433,602.1518337153447,2252.57908928672,2054.263730477855,-198.3153588088649,1.02726729160973,193.0105825130429,191.98331522143312,1.5695263743400574,307.9945060610771,7,6,0.5714285714285714,True,True,38.93333333333333,500.0,True,500m
2337.0,3_satellites,500.0,3,0.4285714285714285,160.92300778356253,443.0597165399859,601.5331653661858,2257.7190909282945,2059.8588874806405,-197.86020344765396,1.303544508559363,193.5332071190434,192.229662610484,2.3019925616681576,308.2502123042941,7,6,0.5714285714285714,True,True,38.95,500.0,True,500m
2338.0,3_satellites,500.0,3,0.375,169.85479629346275,365.06493843756766,534.1790349514495,2268.4990860288344,2123.3223660136705,-145.17672001516394,1.8633822994306684,172.059390548151,170.19600824872032,3.431777156889438,317.44841308519244,7,6,0.625,True,True,38.96666666666667,500.0,True,500m
2339.0,3_satellites,500.0,3,0.375,168.39647741677123,366.4020979387043,534.0197179587534,2269.1038991276223,2124.0320363163955,-145.07186281122677,1.6142891650088131,171.88589797588065,170.27160881087184,3.2847526855766773,319.9377944394946,6,6,0.625,True,True,38.983333333333334,500.0,True,500m
2340.0,3_satellites,500.0,3,0.375,165.30391365639255,369.2975163294207,533.860406801989,2272.467630208412,2127.5006058563367,-144.967024352075,1.733154882211238,171.28492728387937,169.55177240166813,3.2181272581219678,316.4097817093134,7,6,0.625,True,True,39.0,500.0,True,500m
2341.0,3_satellites,500.0,3,0.375,171.1345159556149,363.164316323256,533.7009422676298,2280.0424802684342,2135.1805128879782,-144.861967380456,2.349908836185932,171.81440772442147,169.46449888823554,4.611242566257715,320.32049560919404,6,6,0.625,True,True,39.016666666666666,500.0,True,500m
2342.0,3_satellites,500.0,3,0.375,167.8368785537076,366.6648796487075,533.5416984880397,2279.381444930076,2134.624279443174,-144.75716548690207,2.228996194433421,172.40035163844004,170.17135544400662,5.234873853623867,321.38291658088565,6,6,0.625,True,True,39.03333333333333,500.0,True,500m
2343.0,3_satellites,500.0,3,0.375,165.6089263982336,368.8371559177579,533.3824864115682,2280.679006746422,2136.026646940179,-144.6523598062431,1.1688115680590272,171.67255370132625,170.50374213326722,2.6264547370374203,319.5868061222136,6,6,0.625,True,True,39.05,500.0,True,500m
2344.0,3_satellites,500.0,3,0.375,157.50805890314743,376.6677916324833,533.2234052911706,2275.208316834114,2130.6606183956733,-144.54769843844088,1.6880521541461349,171.7749493792653,170.08689722511917,3.4314879588782787,317.7747642993927,6,6,0.625,True,True,39.06666666666667,500.0,True,500m
2345.0,3_satellites,500.0,3,0.375,164.57394446137846,369.4249236324463,533.064012318024,2284.129445168195,2139.686799194298,-144.44264597389702,1.0085782436653972,171.2997376951389,170.2911594514735,2.418654818087816,318.3708226121962,6,6,0.625,True,True,39.083333333333336,500.0,True,500m
2346.0,3_satellites,500.0,3,0.375,173.82422511920575,359.2423901481115,532.9045895470452,2289.9613246052545,2145.623799753464,-144.33752485179048,2.951700111385435,171.38837630674243,168.436676195357,6.66007175296545,318.5100399926305,6,6,0.625,True,True,39.1,500.0,True,500m
2347.0,3_satellites,500.0,3,0.375,173.9301424428635,359.25630892703737,532.7453858457357,2288.025130083356,2143.7924646885485,-144.23266539480755,2.04424183210358,172.01478952728212,169.97054769517854,4.699935790151358,319.3248246237636,6,6,0.625,True,True,39.11666666666667,500.0,True,500m
2348.0,3_satellites,500.0,3,0.375,171.31422445115103,361.8164189592835,532.586267885784,2288.118815343599,2143.9909337689714,-144.12788157462774,1.8418244528584184,171.33208400104195,169.49025954818353,3.862248905003071,316.5910865403712,6,6,0.625,True,True,39.13333333333333,500.0,True,500m
2349.0,3_satellites,500.0,3,0.375,179.66725658064576,353.4755652820291,532.4269059279621,2294.0426220622217,2150.0198234322065,-144.02279863001513,2.410949311219156,171.06317069241777,168.6522213811986,4.63707273080945,317.09816801920533,6,6,0.625,True,True,39.15,500.0,True,500m
2350.0,3_satellites,500.0,3,0.375,172.88234816526125,359.9380324529232,532.2679698036437,2289.399287335204,2145.4811300934966,-143.91815724170692,1.610681340098381,171.20584883354604,169.59516749344766,3.367599591612816,316.46515169367194,6,6,0.625,True,True,39.166666666666664,500.0,True,500m
2351.0,3_satellites,500.0,3,0.375,166.59910591502958,366.3292978579976,532.1089935909858,2285.815340874339,2142.0018592247725,-143.8134816495667,1.6823407150804996,170.82065235404298,169.13831163896248,3.7771145217120647,316.1024390757084,6,6,0.625,True,True,39.18333333333333,500.0,True,500m
2352.0,3_satellites,500.0,3,0.375,172.97931199364865,359.8477551151345,531.9497924604628,2288.977301570935,2145.2688066186106,-143.7084949523246,0.6813980559818447,170.53801988996565,169.8566218339838,1.1391258127987385,318.28161880373955,6,6,0.625,True,True,39.2,500.0,True,500m
2353.0,3_satellites,500.0,3,0.375,174.07529136478854,358.16419281334464,531.7907068967855,2287.1867293380924,2143.5830990855047,-143.60363025258766,1.3797690491192045,171.2615629788488,169.8817939297296,3.606753394007683,317.3213559910655,6,6,0.625,True,True,39.21666666666667,500.0,True,500m
2354.0,3_satellites,500.0,3,0.375,174.57309872116446,357.6740165241661,531.6316413977553,2285.330531365962,2141.831745254854,-143.49878611110807,1.4107002331875265,171.1075096288696,169.69680939568207,3.02542357519269,317.6401451602578,6,6,0.625,True,True,39.233333333333334,500.0,True,500m
2355.0,3_satellites,500.0,3,0.375,175.45401274526404,356.80309543406327,531.4726095718853,2284.042374263548,2140.6484247234857,-143.39394954006184,1.4403215455822649,170.28842325275764,168.84810170717537,3.332980800420046,315.99742147699,6,6,0.625,True,True,39.25,500.0,True,500m
2356.0,3_satellites,500.0,3,0.375,171.26401428005846,360.9226949510533,531.3136975829627,2278.393016040612,2135.1037774335778,-143.28923860703435,1.726152985356748,171.46930818958208,169.74315520422533,3.798894938081503,317.86050003394485,6,6,0.625,True,True,39.266666666666666,500.0,True,500m
2357.0,3_satellites,500.0,3,0.375,179.04213688668045,352.6831921122395,531.1545687933396,2280.013979776206,2136.829750458271,-143.18422931793475,1.5026637483388186,171.56787706818432,170.0652133198455,3.0335533022880554,317.7704185657203,6,6,0.625,True,True,39.28333333333333,500.0,True,500m
2358.0,3_satellites,500.0,3,0.375,174.6269648100547,357.47708074255894,530.9957152523343,2271.733267302535,2128.6537218389376,-143.07954546359724,1.4658603887073696,171.5273031005636,170.06144271185622,3.00126576423645,318.40914599597454,6,6,0.625,True,True,39.3,500.0,True,500m
2359.0,3_satellites,500.0,3,0.375,178.63569238062814,353.2124890471951,530.8367193105106,2271.675770970392,2128.701121473461,-142.97464949693085,1.29672915302217,171.05121755925938,169.7544884062372,2.911128107458353,318.3382103331387,6,6,0.625,True,True,39.31666666666667,500.0,True,500m
2360.0,3_satellites,500.0,3,0.375,173.86170704752897,358.0978262420909,530.677929372148,2262.8971337101243,2120.027146792592,-142.86998691753206,1.0223689931444824,171.24921791115776,170.22684891801327,2.1510687954723835,318.3810011446476,6,6,0.625,True,True,39.333333333333336,500.0,True,500m
2361.0,3_satellites,500.0,3,0.375,180.27465414117643,351.3361494867861,530.5188824288196,2263.317690801703,2120.552684511133,-142.76500629057,2.0786690190434456,171.9283716888167,169.84970266977325,4.610613692551851,318.38330010697246,6,6,0.625,True,True,39.35,500.0,True,500m
2362.0,3_satellites,500.0,3,0.375,182.26317131337225,349.59686924447084,530.3600087693015,2257.1258309471555,2114.4656460880924,-142.6601848590631,1.874476325232536,172.42404819466174,170.5495718694292,3.9448883458971977,321.9169389344752,6,6,0.625,True,True,39.36666666666667,500.0,True,500m
2363.0,3_satellites,500.0,3,0.375,177.14125454519848,354.5280058173278,530.2013036138399,2246.53705760018,2103.981516550411,-142.5555410497691,1.3551443498581648,170.76579086622223,169.41064651636407,2.32750154286623,319.463191062212,6,6,0.625,True,True,39.38333333333333,500.0,True,500m
2364.0,3_satellites,500.0,3,0.375,180.04379830726302,351.0502016173725,530.0424397164386,2243.511015168513,2101.0603336711906,-142.45068149732242,0.9144047284498812,170.5506317303516,169.63622700190172,1.8725314773619173,317.564007692039,6,6,0.625,True,True,39.4,500.0,True,500m
2365.0,3_satellites,500.0,3,0.375,181.5995061273128,350.0376974470128,529.8836142252364,2236.2771560902816,2093.9312929281764,-142.34586316210516,1.5650468431413174,172.1173890712671,170.55234222812578,3.077100995928049,321.098830409348,6,6,0.625,True,True,39.416666666666664,500.0,True,500m
2366.0,3_satellites,500.0,3,0.375,178.7798277958595,352.0398523087885,529.7249517044137,2228.0820578966614,2085.8408845441,-142.24117335256142,1.9353001927956937,170.7766356128268,168.8413354200311,4.373541943728924,321.068081792444,6,6,0.625,True,True,39.43333333333333,500.0,True,500m
2367.0,3_satellites,500.0,3,0.4285714285714285,196.0828260885581,376.6647116507309,571.4467091582821,2232.7830546335995,2058.0998241831808,-174.6832304504187,2.2363329753279686,192.58018289878964,190.34384992346168,4.297580648213625,330.3842220827937,6,6,0.5714285714285714,True,True,39.45,500.0,True,500m
2368.0,3_satellites,500.0,3,0.4285714285714285,196.9755128942886,375.1926323511736,571.1521896550723,2226.503932640919,2052.0318448233147,-174.47208781760446,3.51868422595518,192.9682943113148,189.44961008535964,6.612540356814861,331.20796966552734,6,6,0.5714285714285714,True,True,39.46666666666667,500.0,True,500m
2369.0,3_satellites,500.0,3,0.375,188.46724453924463,341.6142510716472,529.2485897349543,2209.723344657896,2067.796747736153,-141.92659692174266,1.4799008769914508,171.31084062345326,169.8309397464618,3.3864644169807434,319.64477292075753,6,6,0.625,True,True,39.483333333333334,500.0,True,500m
2370.0,3_satellites,500.0,3,0.375,182.84530025898985,348.1083474091475,529.090036385056,2194.6386542165937,2052.8166674548643,-141.82198676172948,1.179537667427212,171.5766403102316,170.39710264280438,2.9258895814418797,317.88557209819555,6,6,0.625,True,True,39.5,500.0,True,500m
2371.0,3_satellites,500.0,3,0.375,190.56833792992148,339.4841899956106,528.9312021438689,2188.494690490664,2046.7776914243905,-141.71699906627396,2.128017081413418,172.14698340091854,170.01896631950513,5.390947934240103,319.7523800879717,6,6,0.625,True,True,39.516666666666666,500.0,True,500m
2372.0,3_satellites,500.0,3,0.375,187.2615924795435,342.8935530763905,528.7726578930435,2175.931082132696,2034.3187484239288,-141.6123337087672,1.5099867125973103,170.84204689739272,169.3320601847954,3.183497864753008,316.8543596081436,6,6,0.625,True,True,39.53333333333333,500.0,True,500m
2373.0,3_satellites,500.0,3,0.4285714285714285,180.52143840620977,402.6559764752381,579.4050029903333,2157.3067965476853,1975.7974196934772,-181.50937685420783,1.224667503897633,192.9163661577872,191.69169865388957,2.38234044238925,310.1373708322644,7,6,0.5714285714285714,True,True,39.55,500.0,True,500m
2374.0,3_satellites,500.0,3,0.375,187.5657673465089,343.272359143699,528.4555079147257,2150.1552729381706,2008.752426877563,-141.40284606060754,0.886005210224539,170.97601534612477,170.09001013590023,2.1737930178642277,317.4454010091722,6,6,0.625,True,True,39.56666666666667,500.0,True,500m
2375.0,3_satellites,500.0,3,0.4285714285714285,188.52462226095008,392.59338649539785,578.1843147245932,2140.829095342208,1960.226143280992,-180.602952061216,1.7040712519415788,191.3281742621745,189.62410301023297,2.7725388780236244,310.4290095716715,6,6,0.5714285714285714,True,True,39.583333333333336,500.0,True,500m
2376.0,3_satellites,500.0,3,0.375,183.5359274183236,346.9585167576408,528.1385590820514,2123.969569128184,1982.7760902246323,-141.19347890355152,3.0994473532773554,172.80540225096047,169.7059548976831,7.071084078401327,319.5880930535495,6,6,0.625,True,True,39.6,500.0,True,500m
2377.0,3_satellites,500.0,3,0.375,194.54361930271597,333.955217653088,527.9798580897341,2122.797585661752,1981.7091343695636,-141.0884512921889,2.6665682732127607,172.59159053163603,169.92502225842327,6.486316092312336,324.4525545164943,6,6,0.625,True,True,39.61666666666667,500.0,True,500m
2378.0,3_satellites,500.0,3,0.375,188.62583046472452,340.193791792306,527.8214522500234,2101.0842223269037,1960.100383900739,-140.9838384261643,1.9686077474616468,171.6741026607342,169.70549491327256,5.539943389594555,318.60486464202404,6,6,0.625,True,True,39.63333333333333,500.0,True,500m
2379.0,3_satellites,500.0,3,0.4285714285714285,193.51673187308143,384.95047061135097,575.746815540929,2093.953958314604,1915.1622620946484,-178.79169621995538,0.395239566053663,193.42666039828745,193.03142083223375,0.9896742329001428,312.3762846775353,6,6,0.5714285714285714,True,True,39.65,500.0,True,500m
2380.0,3_satellites,500.0,3,0.4285714285714285,186.68971328008672,391.92468529979794,575.1383856138498,2076.5390483026704,1898.199661425444,-178.33938687722662,1.774403804647071,193.1667886099645,191.39238480531745,2.904888443648815,310.8832982182503,7,6,0.5714285714285714,True,True,39.666666666666664,500.0,True,500m
2381.0,3_satellites,500.0,3,0.4285714285714285,185.57898776717536,392.5084919027839,574.5301260329684,2066.660738442858,1888.7737324635011,-177.88700597935667,1.293511975556612,194.3242975744818,193.0307855989252,2.249568473547697,312.6805030331016,7,6,0.5714285714285714,True,True,39.68333333333333,500.0,True,500m
2382.0,3_satellites,500.0,3,0.4285714285714285,180.16894017104516,397.3490569906268,573.9222793215836,2052.644267596788,1875.209409159172,-177.4348584376155,1.3659110361976283,194.1756890937686,192.80977805757095,2.2416164986789227,312.08951865136623,7,6,0.5714285714285714,True,True,39.7,500.0,True,500m
2383.0,3_satellites,500.0,3,0.4285714285714285,185.71012403147105,390.8301427737576,573.3140903430387,2048.5565624748497,1871.5743548268565,-176.98220764799316,1.740601159632206,193.8420061139124,192.10140495428016,2.345218624919653,311.18429724127054,7,6,0.5714285714285714,True,True,39.71666666666667,500.0,True,500m
2384.0,3_satellites,500.0,3,0.375,196.16139422670204,331.8185143611431,526.870952764583,2051.4715443977893,1911.11624315998,-140.35530123780973,1.6627893382683396,171.05169487232342,169.38890553405508,3.932039715349674,318.5956978835165,6,6,0.625,True,True,39.733333333333334,500.0,True,500m
2385.0,3_satellites,500.0,3,0.375,192.4258275672845,335.78107869019385,526.7127712753946,2040.612559440759,1900.3618383485816,-140.2507210921774,0.630467526614666,170.1722687482834,169.54180122166872,1.458755899220705,317.86031026765704,6,6,0.625,True,True,39.75,500.0,True,500m
2386.0,3_satellites,500.0,3,0.375,194.73073091587307,333.1133119351743,526.5543950977606,2034.604271908224,1894.4583475230452,-140.14592438517866,1.9430380589328704,172.31575286015868,170.3727148012258,3.934412624686957,320.5679280012846,6,6,0.625,True,True,39.766666666666666,500.0,True,500m
2387.0,3_satellites,500.0,3,0.375,186.7450846177265,341.0575328620487,526.3963479088787,2021.8768446522568,1881.83538791239,-140.04145673986727,0.8684515031054616,170.6683282419108,169.79987673880532,1.9058478586375716,318.1113303117454,6,6,0.625,True,True,39.78333333333333,500.0,True,500m
2388.0,3_satellites,500.0,3,0.375,195.62865203792276,332.3452391964814,526.2379248689649,2020.10629931674,1880.1697615796493,-139.9365377370907,1.2459017373621464,171.6008732211776,170.35497148381546,3.347014535218477,322.210989639163,6,6,0.625,True,True,39.8,500.0,True,500m
2389.0,3_satellites,500.0,3,0.375,194.3814277496816,332.6333573155594,526.0797434598646,2012.628925717317,1872.797053536313,-139.8318721810042,2.376449704170227,172.5708694648929,170.19441976072267,5.139539770781994,323.203370437026,6,6,0.625,True,True,39.81666666666667,500.0,True,500m
2390.0,3_satellites,500.0,3,0.375,198.84100899598164,328.028570464743,525.9214859937117,2010.1306908742752,1870.4035988164808,-139.7270920577946,1.9928128067404032,171.30009146407247,169.30727865733206,3.941049709916115,320.98711328580976,6,6,0.625,True,True,39.833333333333336,500.0,True,500m
2391.0,3_satellites,500.0,3,0.375,192.24065812212731,335.16469609147555,525.7634661931179,2000.6437299776453,1861.021132284225,-139.62259769342063,2.005018807947636,172.45609750179574,170.4510786938481,4.453089766204357,320.7541363723576,6,6,0.625,True,True,39.85,500.0,True,500m
2392.0,3_satellites,500.0,3,0.4285714285714285,194.0665761918307,376.3296221921063,567.8558696338042,1997.169439794859,1824.254533988658,-172.91490580620098,2.031412608921528,194.7693143572126,192.73790174829108,3.069170229136944,312.80767776444554,7,6,0.5714285714285714,True,True,39.86666666666667,500.0,True,500m
2393.0,3_satellites,500.0,3,0.4285714285714285,182.7182957965126,387.400036275614,567.2510424091657,1982.9440349509464,1810.480309163556,-172.46372578739056,1.0966866154755863,193.4703685997852,192.37368198430963,2.600162234157324,314.4378282800317,6,6,0.5714285714285714,True,True,39.88333333333333,500.0,True,500m
2394.0,3_satellites,500.0,3,0.4285714285714285,201.2560954638899,367.8257928310817,566.645634895772,1993.075555790229,1821.0638962260512,-172.01165956417776,0.7313852123916149,193.6048676286425,192.87348241625088,1.327768873423338,314.4103252403438,6,6,0.5714285714285714,True,True,39.9,500.0,True,500m
2395.0,3_satellites,500.0,3,0.4285714285714285,187.98670273145248,381.0787589661337,566.0416184625162,1981.5897512497272,1810.0288840642568,-171.56086718547044,0.903912106262786,194.0406064332596,193.1366943269968,1.8314340077340605,315.36010981723666,6,6,0.5714285714285714,True,True,39.916666666666664,500.0,True,500m
2396.0,3_satellites,500.0,3,0.375,206.39606733594215,319.27112271058195,524.9728543736653,1994.857495612313,1855.7584731566355,-139.0990224556774,2.6769550531171262,171.4830742650665,168.8061192119494,6.461804389953613,320.14797654375434,6,6,0.625,True,True,39.93333333333333,500.0,True,500m
2397.0,3_satellites,500.0,3,0.375,192.5086308891789,333.86440969975433,524.8151577244865,1979.6225465644773,1840.6277764850097,-138.9947700794678,1.9361242055892944,172.30540047446266,170.36927626887336,4.749529086053371,320.5850111730397,6,6,0.625,True,True,39.95,500.0,True,500m
2398.0,3_satellites,500.0,3,0.4285714285714285,205.4721280357687,361.0428200134072,564.2290257463175,1987.0377432927617,1816.8310622602996,-170.20668103246226,0.9351562964064736,194.3479797925268,193.41282349612032,1.6426410600543022,315.5711379349232,6,6,0.5714285714285714,True,True,39.96666666666667,500.0,True,500m
2399.0,3_satellites,500.0,3,0.4285714285714285,192.69660795706457,373.6769042170084,563.6261210589714,1974.5495425408512,1804.7933272137063,-169.7562153271449,2.10300038382411,195.09974966836828,192.99674928454417,3.3542169332504272,313.6502194106579,7,6,0.5714285714285714,True,True,39.983333333333334,500.0,True,500m
2400.0,3_satellites,500.0,3,0.375,205.690001938693,320.08482271272794,524.3410602313546,1984.521186258784,1845.840581984596,-138.68060427418754,1.8593241414055228,171.37056966871023,169.5112455273047,4.158513225615025,319.680968593806,6,6,0.625,True,True,40.0,500.0,True,500m
2401.0,3_satellites,500.0,3,0.375,197.0589086348217,328.27996602552486,524.183380630725,1976.4381679841415,1837.8619240372343,-138.5762439469072,1.823672289494425,171.36916543962434,169.54549315012991,3.720363851636648,318.74154175817966,6,6,0.625,True,True,40.016666666666666,500.0,True,500m
2402.0,3_satellites,500.0,3,0.375,179.11683233471504,346.6187542983888,524.0260383527615,1962.0661284008395,1823.5939184417157,-138.47220995912403,2.195409160107374,168.7261259057559,166.53071674564853,4.487948797643185,316.9041336588561,6,6,0.625,True,True,40.03333333333333,500.0,True,500m
2403.0,3_satellites,500.0,3,0.4285714285714285,189.27079538430635,374.162634295331,561.215380916761,1968.509557292108,1800.556385900273,-167.953171391835,1.9594335156892029,194.84474273238865,192.88530921669943,2.8896485678851604,313.72339698299766,6,6,0.5714285714285714,True,True,40.05,500.0,True,500m
2404.0,3_satellites,500.0,3,0.375,196.5046257426993,328.8108190588098,523.7099394531501,1973.722946096819,1835.4603915971716,-138.26255449964765,1.8626918848603964,171.8575457590632,169.99485387420282,4.693465296179056,320.20326002314687,6,6,0.625,True,True,40.06666666666667,500.0,True,500m
2405.0,3_satellites,500.0,3,0.375,198.35821409892105,326.8926774012516,523.5521510619573,1975.8453378680608,1837.687372664211,-138.15796520384993,0.976161317434162,170.23037596885115,169.254214651417,2.3001307398080826,319.6977816969156,6,6,0.625,True,True,40.083333333333336,500.0,True,500m
2406.0,3_satellites,500.0,3,0.3333333333333333,229.4904357562521,174.97778689908142,402.3411171644908,2001.0156017161871,1952.824806523751,-48.1907951924361,5.546545189701849,171.79852932277652,166.25198413307467,9.795000664889812,325.3965378291905,9,8,0.5555555555555556,True,True,40.1,500.0,True,500m
2407.0,3_satellites,500.0,3,0.375,222.1884314366904,138.91933155674897,346.1782861186692,1996.6201547551732,2002.7466939933795,6.126539238206078,4.191602230537683,182.4952348903753,178.3036326598376,6.119378801435232,337.2410266175866,8,6,0.5,True,True,40.11666666666667,500.0,True,500m
2408.0,3_satellites,500.0,3,0.375,226.7820611246276,136.37520004122445,346.0782652717956,2000.1110289643204,2006.327604517104,6.216575552783752,5.995501664932817,182.9864583685994,176.9909567036666,8.866239238530397,338.7503116093576,8,6,0.5,True,True,40.13333333333333,500.0,True,500m
2409.0,3_satellites,500.0,3,0.375,203.97688645205756,151.3685383405512,345.978529278674,1984.5491721550904,1990.8554613204203,6.306289165329872,1.6545174126513302,181.1283042440191,179.47378683136776,3.336984176188708,336.36136839166284,8,6,0.5,True,True,40.15,500.0,True,500m
2410.0,3_satellites,500.0,3,0.375,234.6838462813187,132.70649531515755,345.87827008143194,2007.452167991596,2013.8488999282624,6.396731936666129,6.521504077594727,183.32788635604084,176.8063822784461,9.739567764103413,337.6080744974315,8,6,0.5,True,True,40.166666666666664,500.0,True,500m
2411.0,3_satellites,500.0,3,0.375,220.6983591733737,139.38180697558988,345.7785357806501,1995.80206922738,2002.288682463624,6.486613236243784,6.220470767933875,184.30427053244784,178.08379976451397,9.037467267364264,340.6245215833187,8,6,0.5,True,True,40.18333333333333,500.0,True,500m
2412.0,3_satellites,500.0,3,0.375,205.044422519286,150.5107153386979,345.67883345053184,1985.3571688669556,1991.9336740148897,6.576505147934313,4.4072753502987325,183.64198004826903,179.2347046979703,5.772475752979517,341.8538209050894,8,6,0.5,True,True,40.2,500.0,True,500m
2413.0,3_satellites,500.0,3,0.375,224.8373813736346,136.1106647342154,345.5787524780972,2003.1258226474677,2009.7927214157412,6.666898768273995,3.599374254234135,182.0488896565512,178.44951540231705,5.473748117685318,337.6062378399074,8,6,0.5,True,True,40.21666666666667,500.0,True,500m
2414.0,3_satellites,500.0,3,0.375,216.4973350978864,143.5197879066679,345.4791177630927,1998.2798861249116,2005.0367727798237,6.756886654912023,4.625960795674473,184.96420129481703,180.33824049914256,7.400408003479242,343.0478282347321,8,6,0.5,True,True,40.233333333333334,500.0,True,500m
2415.0,3_satellites,500.0,3,0.375,228.6509305610146,134.12224646461138,345.379076226326,2010.629888157801,2017.4772074044024,6.847319246601956,2.6978719565086067,180.82287728926167,178.12500533275306,5.864960253238678,336.2345609925688,8,6,0.5,True,True,40.25,500.0,True,500m
2416.0,3_satellites,500.0,3,0.375,225.97238768298172,136.0421503554577,345.2793158100859,2012.6193082544205,2019.556836772683,6.937528518262752,4.70977453654632,181.7796213096008,177.06984677305445,9.746755596250296,335.0760647505522,8,6,0.5,True,True,40.266666666666666,500.0,True,500m
2417.0,3_satellites,500.0,3,0.4285714285714285,193.10959161043203,362.86261437284537,552.8136568926133,1991.863909580088,1830.2108280638367,-161.65308151625118,1.8530021559979235,193.81060025362032,191.9575980976224,3.4116169288754463,312.9093089289963,6,6,0.5714285714285714,True,True,40.28333333333333,500.0,True,500m
2418.0,3_satellites,500.0,3,0.4285714285714285,195.2015806408548,360.90144424968895,552.2156598332,1995.2654273208404,1834.0617448761009,-161.20368244473957,1.7666200356824058,193.62190800692355,191.85528797124115,2.910639863461256,313.0788126923144,6,6,0.5714285714285714,True,True,40.3,500.0,True,500m
2419.0,3_satellites,500.0,3,0.4285714285714285,189.68090492525496,365.7817371663449,551.617993244771,1997.517682420149,1836.763211237197,-160.75447118295187,2.084273008363588,193.97233794682796,191.88806493846437,3.580851450562477,313.58374878391623,6,6,0.5714285714285714,True,True,40.31666666666667,500.0,True,500m
2420.0,3_satellites,500.0,3,0.375,216.76391690809336,305.2355795835692,521.188739300042,2026.2006524826788,1889.6101954650535,-136.5904570176251,3.6507710930891335,172.5978033556603,168.94703226257116,9.450839709490538,321.54673190414906,6,6,0.625,True,True,40.333333333333336,500.0,True,500m
2421.0,3_satellites,500.0,3,0.375,198.4191965574265,324.30690448090803,521.031864476583,2013.510211935312,1877.0236228946408,-136.48658904067042,1.614444829057902,170.7939373217523,169.1794924926944,3.254640534520149,318.7887538000941,6,6,0.625,True,True,40.35,500.0,True,500m
2422.0,3_satellites,500.0,3,0.375,218.2792171357192,303.6206410271935,520.8741067905622,2033.252726243922,1896.87105531538,-136.381670928542,3.175303134135902,172.11898570880294,168.94368257466704,7.086280923336744,320.17834110185504,6,6,0.625,True,True,40.36666666666667,500.0,True,500m
2423.0,3_satellites,500.0,3,0.375,219.96640233547424,301.42501871999985,520.7168277145558,2039.1237428853328,1902.8464689479251,-136.27727393740747,3.89684217935428,173.19613018026575,169.29928800091147,8.637656759470701,322.52908539772034,6,6,0.625,True,True,40.38333333333333,500.0,True,500m
2424.0,3_satellites,500.0,3,0.4285714285714285,202.2853183326825,353.8680694873068,554.803478894363,2027.4698210900835,1864.725319275865,-162.7445018142182,1.6723652066929,191.9798003488353,190.3074351421424,3.733846101909876,327.477523971349,6,6,0.5714285714285714,True,True,40.4,500.0,True,500m
2425.0,3_satellites,500.0,3,0.4285714285714285,195.28381580042284,355.3475232466316,548.0379577292999,2028.139760418326,1870.079258400892,-158.06050201743437,2.7112016395798757,196.14660586203848,193.4354042224586,4.555656716227531,316.7981308288872,6,6,0.5714285714285714,True,True,40.416666666666664,500.0,True,500m
2426.0,3_satellites,500.0,3,0.4285714285714285,203.54554774758847,345.80761284948,547.442050278112,2039.6041803933056,1881.992653780387,-157.61152661291862,0.6073059375797,193.83444236697892,193.22713642939925,0.9831558838486671,315.7216783128679,6,6,0.5714285714285714,True,True,40.43333333333333,500.0,True,500m
2427.0,3_satellites,500.0,3,0.4285714285714285,200.96600132245047,348.6070239795004,546.8468711842197,2039.762894187767,1882.5997842937893,-157.16310989397766,1.125166691307511,194.9528555300619,193.8276888387544,2.032887376844883,317.1609983704984,6,6,0.5714285714285714,True,True,40.45,500.0,True,500m
2428.0,3_satellites,500.0,3,0.4285714285714285,193.5171665887765,354.55547322036006,546.2520757988838,2038.8592152631693,1882.144351243403,-156.71486401976654,0.6121653206646442,194.5888867750764,193.97672145441172,1.1374801881611347,318.0198262408376,6,6,0.5714285714285714,True,True,40.46666666666667,500.0,True,500m
2429.0,3_satellites,500.0,3,0.4285714285714285,193.36891078914812,355.49414196751144,545.6574726341335,2042.215829008852,1885.9492372561213,-156.2665917527304,1.6717121132782526,194.59202524700336,192.9203131337251,3.20279148966074,320.1736946925521,6,6,0.5714285714285714,True,True,40.483333333333334,500.0,True,500m
2430.0,3_satellites,500.0,3,0.4285714285714285,199.8003897494495,347.2111922939891,545.062867390224,2049.4938386476174,1893.6757552560027,-155.81808339161466,1.3257032936172826,195.24849115684628,193.922787863229,2.8968271799385548,318.6899026557803,6,6,0.5714285714285714,True,True,40.5,500.0,True,500m
2431.0,3_satellites,500.0,3,0.4285714285714285,190.43622027090564,355.791047316342,544.4693202057325,2047.0807235462491,1891.710314912873,-155.37040863337643,1.577625164496047,193.47935645122607,191.9017312867301,2.891387164592743,314.256184913218,6,6,0.5714285714285714,True,True,40.516666666666666,500.0,True,500m
2432.0,3_satellites,500.0,3,0.4285714285714285,207.82226611797884,337.78490237500785,543.8749687603882,2065.716828681502,1910.795101224438,-154.9217274570642,1.0163235472781318,193.3335284431066,192.31720489582844,2.4620354771614075,314.91753984987736,6,6,0.5714285714285714,True,True,40.53333333333333,500.0,True,500m
2433.0,3_satellites,500.0,3,0.4285714285714285,189.7881324518169,355.96170424113336,543.2822432908351,2055.5255708929576,1901.0510667589897,-154.4745041339679,2.0514947484646524,194.230162711548,192.1786679630833,3.4010749980807304,314.1328100785613,6,6,0.5714285714285714,True,True,40.55,500.0,True,500m
2434.0,3_satellites,500.0,3,0.4285714285714285,197.2434782471201,348.10492959513147,542.6889848411357,2062.9736153004947,1908.9471461721507,-154.02646912834393,1.6154760478862695,194.9422688287284,193.3267927808421,3.9233133643865594,321.2834692709148,6,6,0.5714285714285714,True,True,40.56666666666667,500.0,True,500m
2435.0,3_satellites,500.0,3,0.4285714285714285,200.431036084701,343.54685384860625,542.0960369028425,2071.503552533247,1917.924980359888,-153.5785721733589,2.0228468541588103,194.2605791475092,192.23773229335035,2.811429724097252,314.6879277154803,6,6,0.5714285714285714,True,True,40.583333333333336,500.0,True,500m
2436.0,3_satellites,500.0,3,0.4285714285714285,197.57814113185668,345.73680517521257,541.5036660300572,2075.667778427493,1922.5367386640075,-153.13103976348566,1.13769703997033,194.469540395907,193.33184335593663,1.6405281238257885,316.4841107875109,6,6,0.5714285714285714,True,True,40.6,500.0,True,500m
2437.0,3_satellites,500.0,3,0.4285714285714285,198.83984806906804,343.7781075726064,540.9115928701985,2079.888964730967,1927.2054100608327,-152.6835546701343,1.1175549748752798,194.6571253437017,193.5395703688264,1.418829284608364,316.714663464576,6,6,0.5714285714285714,True,True,40.61666666666667,500.0,True,500m
2438.0,3_satellites,500.0,3,0.4285714285714285,192.43541104982043,349.25320696786054,540.3200216427356,2079.2987141407866,1927.0623287026556,-152.23638543813126,1.9967155387359008,194.0795558212059,192.08284028247,3.7840015329420567,314.3217440918088,6,6,0.5714285714285714,True,True,40.63333333333333,500.0,True,500m
2439.0,3_satellites,500.0,3,0.4285714285714285,197.1201905476466,344.22567308137974,539.7285089645053,2084.0707168410845,1932.281697888968,-151.7890189521163,1.529996452054807,194.4769655152091,192.94696906315428,2.0248429365456104,315.8241257071495,6,6,0.5714285714285714,True,True,40.65,500.0,True,500m
2440.0,3_satellites,500.0,3,0.4285714285714285,193.076669813798,347.93620181348274,539.1375624679358,2083.0122991932003,1931.6702686175984,-151.34203057560194,1.6395432762801647,194.20215746121747,192.5626141849373,2.92743656039238,315.20062996447086,6,6,0.5714285714285714,True,True,40.666666666666664,500.0,True,500m
2441.0,3_satellites,500.0,3,0.375,192.86215121299304,326.4144379048133,517.8922752776389,2085.893677374954,1951.4917016404395,-134.40197573451496,1.712119699921459,170.80032194731757,169.0882022473961,2.7339471615850925,317.85966024920344,6,6,0.625,True,True,40.68333333333333,500.0,True,500m
2442.0,3_satellites,500.0,3,0.375,211.10740895159563,146.07651478839023,342.6942333683128,2103.317035632449,2112.612210552213,9.295174919763667,4.98997949808836,182.55441199848428,177.56443250039592,7.468082565814257,337.8246684148908,8,6,0.5,True,True,40.7,500.0,True,500m
2443.0,3_satellites,500.0,3,0.375,218.4445047859191,138.52115708901525,342.595005357698,2109.1039279282086,2118.49038468664,9.38645675843145,4.877739577088505,181.83254524646327,176.95480566937476,8.773226834833622,336.24034455418587,8,6,0.5,True,True,40.71666666666667,500.0,True,500m
2444.0,3_satellites,500.0,3,0.375,217.1356312762531,142.60894881708265,342.49600160626784,2112.2917402424387,2121.7693231162616,9.47758287382294,5.2652372173033655,181.36531151505187,176.1000742977485,10.192542411386968,334.23758882656693,8,6,0.5,True,True,40.733333333333334,500.0,True,500m
2445.0,3_satellites,500.0,3,0.375,213.44535590392204,142.33845328367167,342.3970042748176,2108.741788763344,2118.310534694628,9.568745931284411,2.5076406388543546,181.84053522674367,179.3328945878893,3.798991478979588,337.8342250622809,8,6,0.5,True,True,40.75,500.0,True,500m
2446.0,3_satellites,500.0,3,0.375,207.7496402520506,151.0837992778529,342.29807581005576,2108.740314160601,2118.4002180654606,9.659903904859677,3.4725218727253377,180.54762418055907,177.07510230783373,7.640908431261778,333.47728864848614,8,6,0.5,True,True,40.766666666666666,500.0,True,500m
2447.0,3_satellites,500.0,3,0.3333333333333333,210.3842465406996,190.55949564722505,399.6906002506561,2110.1141242845965,2063.4947138455564,-46.619410439040166,3.998297903272841,171.3058918197122,167.30759391643934,9.2623520642519,318.3221674337983,9,7,0.5555555555555556,True,True,40.78333333333333,500.0,True,500m
2448.0,3_satellites,500.0,3,0.3333333333333333,199.96455740892503,201.03787183963055,399.6259768427244,2101.2603750621,2054.6793046679904,-46.58107039410925,4.947477360566457,173.29626725655464,168.34878989598818,9.117108814418316,319.61692893877625,9,9,0.5555555555555556,True,True,40.8,500.0,True,500m
2449.0,3_satellites,500.0,3,0.3333333333333333,192.14415785690565,208.46211416149416,399.5612936710088,2095.6690719661606,2049.1264044964723,-46.54266746968824,5.233899572243293,173.17917779005236,167.94527821780906,8.118335854262114,318.3579633012414,9,8,0.5555555555555556,True,True,40.81666666666667,500.0,True,500m
2450.0,3_satellites,500.0,3,0.3333333333333333,197.41393394118023,203.4149633513579,399.49643084806775,2094.49596611312,2047.9919436354037,-46.50402247771672,5.960888684623772,174.7611548366646,168.80026615204082,12.457388579845428,323.9766370356083,9,9,0.5555555555555556,True,True,40.833333333333336,500.0,True,500m
2451.0,3_satellites,500.0,3,0.3333333333333333,191.73921379750135,208.913055715098,399.43174088712607,2088.059413385468,2041.5938325126167,-46.465580872851206,4.770296168410116,174.35478936798043,169.58449319957032,9.474654842168093,324.599446401,9,9,0.5555555555555556,True,True,40.85,500.0,True,500m
2452.0,3_satellites,500.0,3,0.375,203.09361602523623,154.47288522227868,341.70472615728335,2096.030548648092,2106.2385161517564,10.20796750366435,4.000378812197596,181.4794015455991,177.4790227334015,7.081161864101887,336.9179266728461,8,6,0.5,True,True,40.86666666666667,500.0,True,500m
2453.0,3_satellites,500.0,3,0.3333333333333333,194.28297030963765,206.83958968348597,399.30214755979625,2085.5565452050305,2039.168126352527,-46.38841885250349,4.853549939476782,173.24469160950846,168.3911416700317,8.518847517669201,319.676424741745,9,9,0.5555555555555556,True,True,40.88333333333333,500.0,True,500m
2454.0,3_satellites,500.0,3,0.3333333333333333,201.20261332675145,198.669954867696,399.23719477275847,2084.225849906907,2037.8761751900167,-46.34967471688992,5.730264135532909,175.0578443362481,169.3275802007152,10.37671258673072,328.209525834769,9,9,0.5555555555555556,True,True,40.9,500.0,True,500m
2455.0,3_satellites,500.0,3,0.3333333333333333,197.88969657903425,203.3227081150636,399.1725268727085,2082.5091353417183,2036.197938982201,-46.311196359517,4.399382000168164,171.49939765367242,167.10001565350427,7.955993328243494,320.8257041014731,9,8,0.5555555555555556,True,True,40.916666666666664,500.0,True,500m
2456.0,3_satellites,500.0,3,0.375,197.88289503322207,158.0002191986901,341.310010141381,2080.1131628331004,2090.686940736957,10.573777903856351,3.0774181010201573,182.7048203269951,179.62740222597495,4.676131475716829,339.5595962256193,8,6,0.5,True,True,40.93333333333333,500.0,True,500m
2457.0,3_satellites,500.0,3,0.375,214.2297090930253,147.97645965702813,341.21126846388813,2086.7168021198504,2097.382302521407,10.665500401556528,6.397784535307437,183.55057925963771,177.1527947243303,7.620598755776882,340.56891591846943,8,6,0.5,True,True,40.95,500.0,True,500m
2458.0,3_satellites,500.0,3,0.375,223.390432672624,145.57447845686374,341.1126034528884,2090.4600016387726,2101.2171796875973,10.7571780488247,7.250952651258558,183.16645486466587,175.9155022134073,12.29728913679719,338.1361966095865,8,6,0.5,True,True,40.96666666666667,500.0,True,500m
2459.0,3_satellites,500.0,3,0.3333333333333333,181.59184979209368,218.77352987841292,398.9136928492673,2053.377631139285,2007.2204756046008,-46.15715553468408,6.472184296283457,174.52220697121487,168.05002267493143,12.525398522615433,321.579745285213,9,9,0.5555555555555556,True,True,40.983333333333334,500.0,True,500m
2460.0,3_satellites,500.0,3,0.3333333333333333,197.67454832589843,202.8722033540041,398.84871196169706,2059.031041395964,2012.9127759076916,-46.1182654882723,4.762746631271309,171.80469659260578,167.04194996133447,8.296691931784153,323.7878423668444,9,8,0.5555555555555556,True,True,41.0,500.0,True,500m
2461.0,3_satellites,500.0,3,0.3333333333333333,188.0763681801136,212.0002360506433,398.7841368715402,2044.7491336562416,1998.669274275647,-46.079859380594826,2.891753543582228,172.74295865206255,169.85120510848031,6.027065336704254,323.86692525073886,9,8,0.5555555555555556,True,True,41.016666666666666,500.0,True,500m
2462.0,3_satellites,500.0,3,0.375,182.53158471119647,171.3589062574255,340.7194820705733,2037.6435781797547,2048.766513330623,11.122935150868445,3.4442947609350085,181.13263658620417,177.68834182526916,6.966123890131712,334.77943609282374,8,6,0.5,True,True,41.03333333333333,500.0,True,500m
2463.0,3_satellites,500.0,3,0.375,190.9379837830709,162.25777476647812,340.62105434328714,2031.6946501045484,2042.909367383412,11.214717278863418,3.916956254281104,182.82888484420252,178.91192858992144,6.012061510235071,339.1851567216217,8,6,0.5,True,True,41.05,500.0,True,500m
2464.0,3_satellites,500.0,3,0.375,183.3433668093108,168.16721697406487,340.52289427951706,2020.0147313634163,2031.3210172821043,11.30628591868799,4.923910977784544,182.20112909469756,177.277218116913,7.683916341513395,339.4171237722039,8,6,0.5,True,True,41.06666666666667,500.0,True,500m
2465.0,3_satellites,500.0,3,0.375,185.05392894531155,169.3050599465441,340.42472939691976,2015.1756138549083,2026.573545761485,11.397931906577014,4.569770012516528,181.48970930976796,176.9199392972514,8.676087699830532,335.2911110185087,8,6,0.5,True,True,41.083333333333336,500.0,True,500m
2466.0,3_satellites,500.0,3,0.375,181.41397480197264,170.01321396105376,340.3266628434704,2001.930126065591,2013.419679737426,11.48955367183521,3.757192526012659,182.5091608040966,178.75196827808395,5.019008118659258,341.12586510181427,8,6,0.5,True,True,41.1,500.0,True,500m
2467.0,3_satellites,500.0,3,0.375,180.79663944399863,170.1197319426206,340.2285455618386,1990.8973713370688,2002.478642967744,11.581271630674792,3.941656936891377,181.4645896581933,177.5229327213019,7.427805118262768,336.3687535151839,8,6,0.5,True,True,41.11666666666667,500.0,True,500m
2468.0,3_satellites,500.0,3,0.3333333333333333,174.42009479198575,225.58944639551152,398.3314695748411,1976.725133248551,1930.915194843517,-45.80993840503402,5.199509540779723,172.5683506052527,167.368841064473,10.90327751263976,320.3324528448284,9,9,0.5555555555555556,True,True,41.13333333333333,500.0,True,500m
2469.0,3_satellites,500.0,3,0.3333333333333333,177.02701978228612,222.7050315790336,398.266802790972,1967.5789614122184,1921.8076562335789,-45.77130517863952,2.954337211118804,172.65497473585935,169.70063752474056,5.785938736051321,323.3909101188183,9,8,0.5555555555555556,True,True,41.15,500.0,True,500m
2470.0,3_satellites,500.0,3,0.3333333333333333,173.24155268869185,226.47835654182205,398.2021928155224,1953.078707286,1907.3459407537096,-45.73276653229004,4.592156538118918,173.2552165256606,168.66305998754171,8.142985966056585,320.74139616265893,9,9,0.5555555555555556,True,True,41.166666666666664,500.0,True,500m
2471.0,3_satellites,500.0,3,0.375,173.26772782316036,176.56915115322303,339.8368585095864,1942.296814677963,1954.2449262858984,11.948111607935289,3.229104566387832,181.155619608704,177.92651504231617,6.034928668290377,337.1016382277012,8,6,0.5,True,True,41.18333333333333,500.0,True,500m
2472.0,3_satellites,500.0,3,0.375,172.00469800548396,179.03173023859603,339.73907444016515,1930.9362215050355,1942.976079546688,12.039858041652678,3.5179778411984444,181.6540930909105,178.13611524971202,6.326204348355532,336.7979443818331,8,6,0.5,True,True,41.2,500.0,True,500m
2473.0,3_satellites,500.0,3,0.3333333333333333,170.21386174624158,229.7062802929961,398.0083559161277,1915.0095437453988,1869.3925358695528,-45.61700787584596,4.357928064134386,173.81899988527098,169.4610718211366,8.781743735074997,323.1452418230474,9,9,0.5555555555555556,True,True,41.21666666666667,500.0,True,500m
2474.0,3_satellites,500.0,3,0.375,171.86287531992562,176.7634341790536,339.5435261184419,1907.1735792432376,1919.3971039813268,12.223524738089054,3.89119177730754,182.45939538488165,178.5682036075741,4.68826987221837,339.99842424690723,8,6,0.5,True,True,41.233333333333334,500.0,True,500m
2475.0,3_satellites,500.0,3,0.375,170.3605694972532,179.71479886013535,339.4459110557492,1895.2545459186977,1907.5698564694776,12.315310550779714,4.87594805797562,182.04011720698327,177.16416914900765,7.887635547667742,338.1032807007432,8,6,0.5,True,True,41.25,500.0,True,500m
2476.0,3_satellites,500.0,3,0.375,173.23988351762748,177.86286776815513,339.348246048986,1885.0444798589624,1897.4516903632275,12.407210504264867,3.792018586304039,182.4404792333953,178.64846064709127,4.994052790105343,339.28026935458183,8,6,0.5,True,True,41.266666666666666,500.0,True,500m
2477.0,3_satellites,500.0,3,0.375,162.22354733417532,185.23202094079133,339.25082114291547,1862.5791056991527,1875.0780186581487,12.498912958996016,3.0623605367727578,181.5599530632608,178.497592526488,5.921565007418394,336.55410657823086,8,6,0.5,True,True,41.28333333333333,500.0,True,500m
2478.0,3_satellites,500.0,3,0.375,163.99671467216552,184.8743730928274,339.1532260736166,1853.903609476444,1866.4944846582528,12.590875181808997,3.439338674768805,181.3322779778391,177.8929393030703,6.528671745210886,337.61153588443995,8,6,0.5,True,True,41.3,500.0,True,500m
2479.0,3_satellites,500.0,3,0.375,163.33433319391483,184.08531866566972,339.05570035042365,1840.950010397862,1853.6328316668091,12.682821268947237,3.78151888679713,181.5557319354266,177.77421304862946,7.499360054731369,336.7149948142469,8,6,0.5,True,True,41.31666666666667,500.0,True,500m
2480.0,3_satellites,500.0,3,0.375,164.3386222613434,183.73180605415217,338.9582383127547,1828.9889840762703,1841.7637689808928,12.774784904622038,4.019810660742223,182.1223735343665,178.1025628736243,7.619361001998186,337.7006802484393,8,6,0.5,True,True,41.333333333333336,500.0,True,500m
2481.0,3_satellites,500.0,3,0.3333333333333333,161.10704535796407,238.0016706737326,397.4915699136692,1813.7516787188888,1768.4435779572943,-45.30810076159446,4.012319643878275,172.81857800318136,168.8062583593031,7.311917416751385,322.0624360591173,9,9,0.5555555555555556,True,True,41.35,500.0,True,500m
2482.0,3_satellites,500.0,3,0.3333333333333333,153.86132380498157,245.0203064085841,397.4270475376081,1794.7848983965728,1749.515337213995,-45.26956118257772,4.530024835632907,173.59308504478798,169.06306020915508,8.999835409224033,322.956245906651,9,8,0.5555555555555556,True,True,41.36666666666667,500.0,True,500m
2483.0,3_satellites,500.0,3,0.3333333333333333,162.1145571203677,236.85686205153863,397.3623436016321,1784.9702995009995,1739.739535317307,-45.2307641836926,3.740186883343591,171.97301533942422,168.23282845608065,7.636262368410826,320.3102253526449,9,8,0.5555555555555556,True,True,41.38333333333333,500.0,True,500m
2484.0,3_satellites,500.0,3,0.3333333333333333,157.73594055509554,240.9614213787844,397.2977820013973,1769.770014678792,1724.5778526172635,-45.19216206152851,2.919462085598045,172.50709661220512,169.58763452660708,5.65128181129694,322.0165122523904,9,9,0.5555555555555556,True,True,41.4,500.0,True,500m
2485.0,3_satellites,500.0,3,0.3333333333333333,161.74266586660747,237.44737393224213,397.2331327397835,1758.533379168127,1713.379953252204,-45.15342591592321,3.169998152802388,173.1485648341477,169.9785666813453,5.767357457429171,323.2946475446224,9,8,0.5555555555555556,True,True,41.416666666666664,500.0,True,500m
2486.0,3_satellites,500.0,3,0.3333333333333333,159.17937113745424,240.07753386481275,397.1685244431064,1742.2508347847595,1697.1360650831691,-45.1147697015906,4.784425081892146,172.25827023014426,167.4738451482521,11.326514143496752,318.8321761377156,9,9,0.5555555555555556,True,True,41.43333333333333,500.0,True,500m
2487.0,3_satellites,500.0,3,0.3333333333333333,161.13794345175094,237.10673238137363,397.1038280736338,1726.6952595589587,1681.619252474506,-45.07600708445261,4.4591250572767525,173.98434742457337,169.5252223672966,8.296185620129108,324.07788226753473,9,9,0.5555555555555556,True,True,41.45,500.0,True,500m
2488.0,3_satellites,500.0,3,0.3333333333333333,161.72883602932558,237.02675424709696,397.0392090384528,1711.3603995456222,1666.323094943553,-45.03730460206907,5.558925056623088,175.0331475444966,169.4742224878735,10.068475153297186,321.9268567748368,9,9,0.5555555555555556,True,True,41.46666666666667,500.0,True,500m
2489.0,3_satellites,500.0,3,0.3333333333333333,162.7687250487891,235.7268611815593,396.9745416901104,1697.5913932042497,1652.592833183379,-44.99856002087063,5.11400355771184,174.43134941491817,169.3173458572063,9.835469461977482,322.5651289001107,9,9,0.5555555555555556,True,True,41.483333333333334,500.0,True,500m
2490.0,3_satellites,500.0,3,0.3333333333333333,163.77566088112968,234.63559411482487,396.9099056585488,1684.057960928788,1639.0981327971133,-44.95982813167484,4.276779716627465,174.42838780995874,170.15160809333125,7.665470018982887,324.0034181959927,9,9,0.5555555555555556,True,True,41.5,500.0,True,500m
2491.0,3_satellites,500.0,3,0.3333333333333333,164.52034114114525,233.60743010333852,396.8452538028987,1667.5374448883388,1622.61636447247,-44.9210804158688,3.546689976420668,173.95560688815183,170.40891691173115,8.25927471742034,323.9664305783808,9,9,0.5555555555555556,True,True,41.516666666666666,500.0,True,500m
2492.0,3_satellites,500.0,3,0.3333333333333333,162.16812793800273,236.00358680160983,396.7806393716159,1648.7877303130635,1603.9053516445058,-44.88237866855775,4.276962946272558,174.01278689834805,169.73582395207552,6.317320127040148,326.5096061527729,9,8,0.5555555555555556,True,True,41.53333333333333,500.0,True,500m
2493.0,3_satellites,500.0,3,0.3333333333333333,159.3479913866917,238.86193981085907,396.7160323666515,1632.2455197197555,1587.401838091514,-44.84368162824149,3.5711232696970305,172.90174374563827,169.33062047594123,5.761334765702486,323.38675862178206,9,8,0.5555555555555556,True,True,41.55,500.0,True,500m
2494.0,3_satellites,500.0,3,0.3333333333333333,162.00064074698656,235.8322382360761,396.6513194706317,1616.9188521946635,1572.1139855895983,-44.80486660506517,4.251189577496714,173.42823686202368,169.17704728452696,7.480158217251301,322.36362341046333,9,9,0.5555555555555556,True,True,41.56666666666667,500.0,True,500m
2495.0,3_satellites,500.0,3,0.3333333333333333,165.53718201836998,232.17468281302197,396.5865990803506,1603.4308807335303,1558.664849426522,-44.76603130700824,5.479913351850377,173.92719026406607,168.44727691221567,9.45680693909526,323.22409933432937,9,8,0.5555555555555556,True,True,41.583333333333336,500.0,True,500m
2496.0,3_satellites,500.0,3,0.3333333333333333,156.88619109375847,240.888098753138,396.522078814334,1583.8094253401264,1539.082002684934,-44.72742265519241,4.794351809968551,173.8367259171274,169.04237410715885,9.493931148201227,322.67790536955,9,9,0.5555555555555556,True,True,41.6,500.0,True,500m
2497.0,3_satellites,500.0,3,0.3333333333333333,159.89644900599703,238.1594161332945,396.4574111353547,1566.8449791546202,1522.1563659539324,-44.68861320068777,4.721968799415562,174.1560505061514,169.4340817067358,7.991599578410387,323.44601287320256,9,9,0.5555555555555556,True,True,41.61666666666667,500.0,True,500m
2498.0,3_satellites,500.0,3,0.3333333333333333,160.39650182320324,237.6793308652112,396.39275170903136,1551.2514807217606,1506.6016545181667,-44.64982620359388,4.522389750927687,173.68620549597674,169.16381574504905,8.958615973591805,321.2548050247133,9,9,0.5555555555555556,True,True,41.63333333333333,500.0,True,500m
2499.0,3_satellites,500.0,3,0.3333333333333333,153.9959110649768,244.2636708109549,396.32820707471535,1530.2890195605466,1485.6778625874415,-44.61115697310515,3.831528132988347,173.85474985134272,170.02322171835436,7.322696946561336,323.83798752352595,9,9,0.5555555555555556,True,True,41.65,500.0,True,500m
2500.0,3_satellites,500.0,3,0.3333333333333333,159.38978853704938,239.95074710136785,396.2635202771015,1512.4654727330646,1467.8931746117426,-44.57229812132209,6.500492880327834,174.37586293907628,167.87537005874844,14.0460125207901,324.1458164341748,9,8,0.5555555555555556,True,True,41.666666666666664,500.0,True,500m
2501.0,3_satellites,500.0,3,0.3333333333333333,156.14534318818147,242.3138159343401,396.1988938904136,1491.7594280756546,1447.225885098835,-44.53354297681949,4.889206756320265,174.2664324719873,169.377225715667,9.312406614422798,322.9120028875768,9,7,0.5555555555555556,True,True,41.68333333333333,500.0,True,500m
2502.0,3_satellites,500.0,3,0.3333333333333333,160.7963517068029,237.1901551568312,396.1341475128286,1477.4731731081945,1432.9785378107272,-44.494635297467084,4.720520960787932,173.72393779208264,169.0034168312947,9.258796155452728,321.6935413777828,9,9,0.5555555555555556,True,True,41.7,500.0,True,500m
2503.0,3_satellites,500.0,3,0.3333333333333333,159.5994523068305,238.50730023376863,396.06953264016846,1455.3715900047962,1410.9157339213405,-44.45585608345573,5.601612196200424,174.91471347916456,169.31310128296414,9.177615780383348,323.9493896625936,9,9,0.5555555555555556,True,True,41.71666666666667,500.0,True,500m
2504.0,3_satellites,500.0,3,0.3333333333333333,162.28317145707226,235.833962178959,396.004848164354,1438.086487013656,1393.6694937225582,-44.4169932910977,5.5749096522728605,173.97626213439636,168.4013524821235,11.010206080973148,322.16207855194807,9,9,0.5555555555555556,True,True,41.733333333333334,500.0,True,500m
2505.0,3_satellites,500.0,3,0.3333333333333333,159.95596995263296,237.31296983663543,395.94021976386233,1417.985114845176,1373.606917842521,-44.37819700265504,3.8172965993483854,173.60909769477115,169.79180109542278,8.002469971776009,323.46470813825727,9,9,0.5555555555555556,True,True,41.75,500.0,True,500m
2506.0,3_satellites,500.0,3,0.3333333333333333,156.9972110606469,240.3715183993694,395.8756533879202,1395.5592850331934,1351.21984219798,-44.33944283521328,4.0341769605875015,173.85551484094725,169.82133788035975,7.258160173892975,322.8820579610765,9,9,0.5555555555555556,True,True,41.766666666666666,500.0,True,500m
2507.0,3_satellites,500.0,3,0.3333333333333333,158.34836543505898,238.78633953544693,395.8110128444149,1373.3611516490962,1329.060556787637,-44.3005948614591,4.47454055191742,173.67917639844947,169.20463584653206,6.704461604356766,325.6611767373979,9,8,0.5555555555555556,True,True,41.78333333333333,500.0,True,500m
2508.0,3_satellites,500.0,3,0.3333333333333333,151.3810352741054,246.1976474610917,395.7465214894876,1346.9727017777575,1302.7107913934142,-44.26191038434354,4.746154827376206,173.16843710425826,168.42228227688207,9.60339442268014,321.3027693629265,9,9,0.5555555555555556,True,True,41.8,500.0,True,500m
2509.0,3_satellites,500.0,3,0.3333333333333333,157.79006127141116,239.7846385457695,395.6818433831461,1328.215643866666,1283.9926622342743,-44.222981632391566,4.467280355592568,174.1330974097881,169.66581705419554,8.53544295579195,324.3986771516502,9,9,0.5555555555555556,True,True,41.81666666666667,500.0,True,500m
2510.0,3_satellites,500.0,3,0.3333333333333333,153.53466514342645,244.55185437039933,395.6173468863908,1303.119943696977,1258.935690453368,-44.18425324360942,4.871560106260909,174.1749507209493,169.3033906146884,9.905296172946692,321.05134500190616,9,9,0.5555555555555556,True,True,41.833333333333336,500.0,True,500m
2511.0,3_satellites,500.0,3,0.3333333333333333,154.01919718102857,242.87718460227987,395.5527011801564,1281.310395056118,1237.165015368097,-44.14537968802097,4.608073142667611,174.33660837966534,169.72853523699774,9.50243480876088,323.9373785741627,9,9,0.5555555555555556,True,True,41.85,500.0,True,500m
2512.0,3_satellites,500.0,3,0.3333333333333333,164.21498137135703,233.64261122565532,395.4880317392247,1262.6957918870432,1218.5893967278232,-44.10639515922003,4.080472405999899,172.28116827540927,168.20069586940937,7.435112435370684,322.40775518864393,9,8,0.5555555555555556,True,True,41.86666666666667,500.0,True,500m
2513.0,3_satellites,500.0,3,0.3333333333333333,148.05080863075415,249.2803599203565,395.4236789806418,1224.734821814627,1180.6669661841995,-44.06785563042695,7.429016746166679,174.9328838566111,167.50386711044445,12.383716709911823,317.4262004159391,9,9,0.5555555555555556,True,True,41.88333333333333,500.0,True,500m
2514.0,3_satellites,500.0,3,0.3333333333333333,142.61596272786318,255.19023613661727,395.3592713247785,1195.4961501523785,1151.4669896599066,-44.02916049247165,6.690474407954349,175.268187313858,168.57771290590367,12.090365786105394,320.2123170234263,9,9,0.5555555555555556,True,True,41.9,500.0,True,500m
2515.0,3_satellites,500.0,3,0.375,156.6478632575168,187.7885997421063,335.5736583030324,1184.940298230932,1200.949475152073,16.009176921141034,2.674988350830972,181.0588750108145,178.38388665998357,4.787716828286648,338.55453838035464,8,6,0.5,True,True,41.916666666666664,500.0,True,500m
2516.0,3_satellites,500.0,3,0.375,149.63903215470208,193.47119101622067,335.4779478797141,1154.4697118353945,1170.5715547792831,16.10184294388864,3.564273129682988,181.42643814440817,177.86216501472518,7.254896435886621,336.4774746596813,8,6,0.5,True,True,41.93333333333333,500.0,True,500m
2517.0,3_satellites,500.0,3,0.3333333333333333,156.32786828974233,240.4646092700239,395.1654788070738,1137.0958929014078,1093.1834900367105,-43.91240286469724,3.750929808864991,173.04129941016436,169.29036960129935,8.249067574739456,323.01670253276825,9,9,0.5555555555555556,True,True,41.95,500.0,True,500m
2518.0,3_satellites,500.0,3,0.375,145.87553723486684,197.8710550081264,335.28662676251025,1103.7711150431169,1120.058463231487,16.28734818837006,3.606132918503136,181.8852961086668,178.27916319016367,6.0801658891141415,339.7046880759299,8,6,0.5,True,True,41.96666666666667,500.0,True,500m
2519.0,3_satellites,500.0,3,0.3333333333333333,137.7178291538935,259.48762969078484,395.0368198450298,1071.9916007644565,1028.1564832106706,-43.83511755378595,5.809101885805528,173.13606911235385,167.32696722654833,11.222931411117315,317.23177864030004,9,9,0.5555555555555556,True,True,41.983333333333334,500.0,True,500m
2520.0,3_satellites,500.0,3,0.3333333333333333,146.8561622819469,249.90405913710228,394.9722178796075,1054.0128752904957,1010.2167548982292,-43.7961203922664,4.616381338487069,174.2461051589085,169.62972382042142,7.644455719739199,325.86306221038103,9,9,0.5555555555555556,True,True,42.0,500.0,True,500m
2521.0,3_satellites,500.0,3,0.3333333333333333,140.9195628743569,255.3895085106345,394.90785428015965,1026.7455502236494,982.9881503024534,-43.757399921196,3.2712065991428165,173.00855655264525,169.73734995350242,4.772251036018133,325.033753041178,9,8,0.5555555555555556,True,True,42.016666666666666,500.0,True,500m
2522.0,3_satellites,500.0,3,0.375,144.01060318444755,200.14797590168268,334.90463575548165,1006.4328180640146,1023.0914123607208,16.658594296706383,3.167513765394688,181.6549141695723,178.4874004041776,4.701957140117884,340.5306449979544,8,6,0.5,True,True,42.03333333333333,500.0,True,500m
2523.0,3_satellites,500.0,3,0.3333333333333333,130.5769067185156,266.3522292451032,394.7791630817654,973.2584183532124,929.5784566435076,-43.6799617097048,3.935016020718548,174.2439435099562,170.30892748923765,6.891158118844032,323.8202329054475,9,9,0.5555555555555556,True,True,42.05,500.0,True,500m
2524.0,3_satellites,500.0,3,0.375,143.48248832147877,200.6895622296796,334.7139915078478,961.7523998599077,978.5967040078943,16.844304147986804,4.09912008466199,182.67342384113,178.574303756468,6.956759508699179,339.37689865008,8,6,0.5,True,True,42.06666666666667,500.0,True,500m
2525.0,3_satellites,500.0,3,0.375,146.65888658407064,200.8731734918285,334.6187006822082,945.2275742466496,962.164811794364,16.93723754771429,5.33165568113327,182.61059036431837,177.27893468318507,8.92670989409089,339.34582287818193,8,6,0.5,True,True,42.083333333333336,500.0,True,500m
2526.0,3_satellites,500.0,3,0.375,139.57179081403743,203.60262664050785,334.52357409441595,918.5517876099076,935.5818515826958,17.03006397278807,4.044636573176831,181.58282142691317,177.5381848537363,7.378737859427929,338.7264499850571,8,6,0.5,True,True,42.1,500.0,True,500m
2527.0,3_satellites,500.0,3,0.375,138.0123360014029,206.36323570790947,334.42847460106265,898.3970964234129,915.5200467877816,17.122950364368762,3.27168021351099,181.3648706409149,178.0931904274039,6.015124399214983,338.55181105062366,8,6,0.5,True,True,42.11666666666667,500.0,True,500m
2528.0,3_satellites,500.0,3,0.375,136.4914644177596,207.18929332897605,334.3333664128989,876.7914309646242,894.0073434248932,17.21591246026901,5.232192834373564,182.69106120849028,177.45886837411672,7.196281082928181,340.8748914822936,8,6,0.5,True,True,42.13333333333333,500.0,True,500m
2529.0,3_satellites,500.0,3,0.375,140.14085085604577,203.93846776997407,334.2382584447242,862.5606261489729,879.869574328388,17.308948179415097,4.717540202196688,182.57024625316265,177.8527060509659,6.902175895869732,339.2296047396958,8,6,0.5,True,True,42.15,500.0,True,500m
2530.0,3_satellites,500.0,3,0.375,133.0513828000549,209.47124743178844,334.14333544913933,837.8022732138318,855.2041282358405,17.401855022008704,4.569447783287615,182.83084529684857,178.26139751356095,8.22974443808198,341.09236450120807,8,6,0.5,True,True,42.166666666666664,500.0,True,500m
2531.0,3_satellites,500.0,3,0.375,136.09271056910006,207.55912203062823,334.0483450917955,821.7148508806373,839.2097701578608,17.494919277223516,3.6237422227859497,180.1807335293852,176.55699130659923,7.91296024248004,335.5703014470637,8,6,0.5,True,True,42.18333333333333,500.0,True,500m
2532.0,3_satellites,500.0,3,0.375,129.9518783053651,211.79605559974436,333.9535143270352,800.3956337985379,817.9835176242026,17.587883825664676,4.19217364070937,182.61384384147823,178.42167020076886,7.260267585515976,340.51119101792574,8,6,0.5,True,True,42.2,500.0,True,500m
2533.0,3_satellites,500.0,3,0.375,132.58258992055713,211.19651748198373,333.8586622845222,784.3107600829948,801.9917225476187,17.680962464623917,3.101482497062534,181.73123004147783,178.6297475444153,4.680315408855677,339.9512414820492,8,6,0.5,True,True,42.21666666666667,500.0,True,500m
2534.0,3_satellites,500.0,3,0.375,125.6339930576024,218.27606167516709,333.76394974515006,762.2498151502215,780.023772518903,17.773957368681522,4.335934493225068,182.2097946689464,177.87386017572135,6.253315970301628,340.05355328321457,8,6,0.5,True,True,42.233333333333334,500.0,True,500m
2535.0,3_satellites,500.0,3,0.375,127.24293290883789,216.04651905590976,333.6692336879631,744.6115185274506,762.4785560485008,17.86703752105018,3.7959670978598297,181.48480424983427,177.68883715197444,7.20242802798748,337.6045545004308,8,6,0.5,True,True,42.25,500.0,True,500m
2536.0,3_satellites,500.0,3,0.375,127.98024294199186,213.614641450459,333.5744975851986,728.0088854823578,745.969090592324,17.960205109966296,2.6675978116691117,181.2653611409478,178.59776332927868,4.303698789328337,339.2185384519398,8,6,0.5,True,True,42.266666666666666,500.0,True,500m
2537.0,3_satellites,500.0,3,0.4285714285714285,105.57262250342424,378.3362688970415,483.6767680818292,692.010525103318,583.3438296256954,-108.66669547762253,1.6259853509919984,195.79675617015783,194.17077081916588,2.832121819257736,323.33300822228193,6,6,0.5714285714285714,True,True,42.28333333333333,500.0,True,500m
2538.0,3_satellites,500.0,3,0.4285714285714285,106.00866007882624,377.3077944926539,483.1265479528101,674.1598606678074,565.92485364104,-108.23500702676732,1.0155764786260468,195.69353549767817,194.6779590190521,1.5122321620583534,324.27431467175484,6,6,0.5714285714285714,True,True,42.3,500.0,True,500m
2539.0,3_satellites,500.0,3,0.4285714285714285,102.70795768815148,380.1287381856488,482.5768591091291,654.4276268932175,546.6240251628855,-107.80360173033203,2.1250181921890805,197.1802134237119,195.05519523152284,3.434685043990612,325.27554839104414,6,6,0.5714285714285714,True,True,42.31666666666667,500.0,True,500m
2540.0,3_satellites,500.0,3,0.4285714285714285,117.5753575478642,364.604888865013,482.0273294480772,647.3404482528355,539.9684862618908,-107.37196199094468,2.1714003176561425,195.23207175518783,193.0606714375317,4.997275948524475,323.0976047366857,6,6,0.5714285714285714,True,True,42.333333333333336,500.0,True,500m
2541.0,3_satellites,500.0,3,0.375,124.6329723649252,216.5172143057018,333.1019734260835,636.7086242272001,655.1346363623074,18.426012135107385,4.779094296973199,182.97529644193128,178.19620214495808,6.995139453560114,341.15909953415394,8,6,0.5,True,True,42.35,500.0,True,500m
2542.0,3_satellites,500.0,3,0.4285714285714285,148.79511146866912,117.20027164897222,246.067651958488,637.2293523556095,668.8427113452817,31.61335898967218,6.242713036813906,175.4924018148865,170.00574462488294,8.79637911170721,316.88104071840644,6,6,0.5714285714285714,True,True,42.36666666666667,500.0,True,500m
2543.0,3_satellites,500.0,3,0.4285714285714285,112.6338963213074,368.0384856288456,480.38278071794815,588.8189923755598,482.73946737538665,-106.07952500017312,1.54049004348261,195.6166392788291,194.0761492353465,3.533733956515789,325.4956268891692,6,6,0.5714285714285714,True,True,42.38333333333333,500.0,True,500m
2544.0,3_satellites,500.0,3,0.4285714285714285,111.09660245098534,368.9309272000753,479.835520118179,572.1824317739304,466.5333721562439,-105.64905961768648,2.3623771773917333,194.0133112903152,191.6509341129235,4.9516311548650265,321.4954663179815,6,6,0.5714285714285714,True,True,42.4,500.0,True,500m
2545.0,3_satellites,500.0,3,0.4285714285714285,121.410328176916,357.95264728016224,479.2882589797439,567.8589683553362,462.64066573696994,-105.21830261836624,2.198160438133137,194.05212466259087,191.8539642244577,5.490272436290979,326.49846182763577,6,6,0.5714285714285714,True,True,42.416666666666664,500.0,True,500m
2546.0,3_satellites,500.0,3,0.4285714285714285,102.30792390633246,376.5291850885276,478.742589625601,536.697121602225,431.90827254109655,-104.78884906112847,2.633016756070512,196.04283342989427,193.40981667382377,4.879054524004459,325.21466728672385,6,6,0.5714285714285714,True,True,42.43333333333333,500.0,True,500m
2547.0,3_satellites,500.0,3,0.5,107.5274031293656,126.5473815650739,228.4672503383167,524.5760441703131,571.7429920313322,47.16694786101903,0.8733515137185653,203.18163666812083,202.30828515440223,1.3978285677731035,313.4769041351974,6,5,0.6666666666666666,True,True,42.45,500.0,True,500m
2548.0,3_satellites,500.0,3,0.4285714285714285,101.2682678734828,247.0107013142776,347.2382834734516,506.2375656862924,452.1258799670658,-54.11168571922656,3.35535796678492,174.79437487838524,171.4390169116003,6.776949793100357,307.6082799099386,7,5,0.7142857142857143,True,True,42.46666666666667,500.0,True,500m
2549.0,3_satellites,500.0,3,0.4285714285714285,113.94157900423558,363.31488873220576,477.1069653006264,495.7624839056989,392.2626292190832,-103.49985468661572,3.657921772982393,195.6402960494161,191.9823742764337,6.265479147434235,321.3732505477965,6,6,0.5714285714285714,True,True,42.483333333333334,500.0,True,500m
2550.0,3_satellites,500.0,3,0.4285714285714285,120.68032686131144,356.0830193485643,476.5627280021507,482.6829943002828,379.6124460160116,-103.07054828427113,4.907830711986337,193.7084471253412,188.80061641335487,11.146579898893831,319.2507516555488,6,6,0.5714285714285714,True,True,42.5,500.0,True,500m
2551.0,3_satellites,500.0,3,0.375,119.79412103865356,381.4099320764305,500.8512551648233,467.61105713493583,344.5901826285116,-123.0208745064242,2.970225165132433,171.0214038551785,168.05117869004607,6.513289023190737,320.6198343858123,6,6,0.5,True,True,42.516666666666666,500.0,True,500m
2552.0,3_satellites,500.0,3,0.4285714285714285,115.35184243401515,360.20252623813815,475.4758334511346,451.5418376245816,349.3290893350203,-102.21274828956132,1.792987424348082,195.2654574082366,193.4724699838885,3.792028244584799,323.8116908222437,6,6,0.5714285714285714,True,True,42.53333333333333,500.0,True,500m
2553.0,3_satellites,500.0,3,0.375,111.32067017183532,389.4706986364384,500.5453705295113,434.87381419165104,312.058316811262,-122.81549738038905,2.1734666586853564,171.95644048415124,169.7829738254659,4.110161829739809,320.39526929333806,6,6,0.5,True,True,42.55,500.0,True,500m
2554.0,3_satellites,500.0,3,0.375,116.2375154495516,384.7755135732909,500.392379576952,417.8770448556209,295.1643821668784,-122.71266268874253,2.062027339823544,171.09008787712082,169.02806053729728,5.416449882090092,320.44712375849485,6,6,0.5,True,True,42.56666666666667,500.0,True,500m
2555.0,3_satellites,500.0,3,0.375,115.67468320345596,384.82970590131134,500.2394764173992,405.99159001487607,283.3816613243243,-122.60992869055178,1.4176030806265771,171.18737592874095,169.76977284811437,3.790610432624817,320.12198258936405,6,6,0.5,True,True,42.583333333333336,500.0,True,500m
2556.0,3_satellites,500.0,3,0.375,108.51057167385471,392.1529070212249,500.086703416581,384.5856398094411,262.07828536895306,-122.50735444048804,2.591798345092684,171.543956537731,168.9521581926383,5.868503455072641,319.63180816173553,6,6,0.5,True,True,42.6,500.0,True,500m
2557.0,3_satellites,500.0,3,0.375,123.48527998922556,376.69500033166224,499.9336001556546,379.3656564054987,256.961357561246,-122.40429884425272,2.056219080928713,171.4529563910328,169.39673731010407,5.725688870996237,320.00383004546165,6,6,0.5,True,True,42.61666666666667,500.0,True,500m
2558.0,3_satellites,500.0,3,0.375,115.56587556787898,384.3210779062222,499.78090894112097,360.66431611762334,238.3625593011048,-122.30175681651856,1.97352066077292,172.8277281858027,170.85420752502978,4.618438545614481,324.6060461178422,6,6,0.5,True,True,42.63333333333333,500.0,True,500m
2559.0,3_satellites,500.0,3,0.375,116.97617696469962,382.8787316777139,499.6281103183775,348.7688345663256,226.5697975893531,-122.19903697697252,1.6192040708847344,172.89653274556622,171.27732867468148,3.37561047449708,325.15306890010834,6,6,0.5,True,True,42.65,500.0,True,500m
2560.0,3_satellites,500.0,3,0.375,116.78938698643204,382.751682937591,499.4753835327851,336.80822432130105,214.7118587693614,-122.09636555193964,2.014396471437067,172.8269672403112,170.81257076887414,4.141450453549624,324.3912066295743,6,6,0.5,True,True,42.666666666666664,500.0,True,500m
2561.0,3_satellites,500.0,3,0.375,124.72968786076548,374.6179467768514,499.3225191273565,328.27252569361667,206.2790239330307,-121.993501760586,3.852039913181216,172.62520555779338,169.70243384176865,8.329086009413004,326.96444809809327,6,6,0.5,True,True,42.68333333333333,500.0,True,500m
2562.0,3_satellites,500.0,3,0.375,126.04941245867612,373.1895872250008,499.1698573378037,314.9968003296582,193.1059623910007,-121.89083793865748,2.9923580470494926,171.77679582266137,169.1529887765646,5.606210831552744,325.1037884987891,6,6,0.5,True,True,42.7,500.0,True,500m
2563.0,3_satellites,500.0,3,0.375,122.7380805229029,376.3988123995396,499.0173308595828,297.1219668597832,175.33366008525084,-121.78830677453234,1.6121753314509988,171.85413750307634,170.24196217162535,3.37283768504858,322.69139363616705,6,6,0.5,True,True,42.71666666666667,500.0,True,500m
2564.0,3_satellites,500.0,3,0.375,127.85436624510764,371.0281526591485,498.8646190059164,287.7123656583327,166.02682164630065,-121.68554401203208,3.118763660546392,171.5021877642721,168.88973652990535,5.79079345613718,325.1313325949013,6,6,0.5,True,True,42.733333333333334,500.0,True,500m
2565.0,3_satellites,500.0,3,0.375,119.81417527896691,378.9403862156412,498.71226603564617,268.31268518921826,146.72953069873853,-121.58315449047971,2.710824291221797,172.46694524260238,169.82982740877196,5.752481687813997,325.3785329312086,6,6,0.5,True,True,42.75,500.0,True,500m
2566.0,3_satellites,500.0,3,0.375,115.37473087928466,383.4872053569385,498.5599173807293,248.58139416210616,127.1006740135177,-121.48072014858846,2.3152330392040312,171.47967214882374,169.1644391096197,3.682649828493595,320.9216750226915,6,6,0.5,True,True,42.766666666666666,500.0,True,500m
2567.0,3_satellites,500.0,3,0.375,116.6340109245104,382.39825962348914,498.4073997902703,235.93159571556652,114.55348895923382,-121.37810675633273,1.4581095897592604,172.124213878531,170.66610428877175,3.293836899101734,320.93585677072406,6,6,0.5,True,True,42.78333333333333,500.0,True,500m
2568.0,3_satellites,500.0,3,0.375,123.3892887456066,374.88772541880223,498.2548098488794,225.34503352930173,104.0696782744842,-121.27535525481753,3.21384602598846,172.37575774639845,169.51709046028554,7.058124985545874,325.0255949385464,6,6,0.5,True,True,42.8,500.0,True,500m
2569.0,3_satellites,500.0,3,0.4285714285714285,119.36234097488644,224.65428276213547,343.03462704238405,209.2009900173389,157.71709919091597,-51.48389082642299,1.439775841044528,176.2840634344944,174.84428759344988,2.680268190801144,310.4430593959987,7,5,0.7142857142857143,True,True,42.81666666666667,500.0,True,500m
2570.0,3_satellites,500.0,3,0.375,115.22480727871584,383.4801333847497,497.95035617605913,187.28604817379005,66.21547813777255,-121.0705700360175,2.543232135009021,171.5459054140374,169.0026732790284,6.302291791886091,319.45794766396284,6,6,0.5,True,True,42.833333333333336,500.0,True,500m
2571.0,3_satellites,500.0,3,0.4285714285714285,106.89413651441627,358.79881242153846,465.2535460783153,167.09100889180772,72.98566286958304,-94.10534602222468,2.695536651781627,197.43610482822567,194.7405681764441,4.233250107616186,325.72109166905284,6,6,0.5714285714285714,True,True,42.85,500.0,True,500m
2572.0,3_satellites,500.0,3,0.4285714285714285,117.4725712773447,347.2885848844781,464.7203561950339,161.87005416153414,68.1897011790504,-93.68035298248374,0.9708895443805626,195.4225362416889,194.45164669730835,2.109911050647497,326.1877835467458,6,6,0.5714285714285714,True,True,42.86666666666667,500.0,True,500m
2573.0,3_satellites,500.0,3,0.4285714285714285,113.6500492801757,350.6842376629796,464.1882148893542,142.401517690304,49.14541160674403,-93.25610608355996,1.9909269570239956,196.9988176359662,195.0078906789422,2.598186533898115,326.2819705605507,6,6,0.5714285714285714,True,True,42.88333333333333,500.0,True,500m
2574.0,3_satellites,500.0,3,0.4285714285714285,115.89988933091502,347.8422375888296,463.6564448705869,129.58042672766285,36.74853311921506,-92.8318936084478,1.5342052573604243,196.32000991542424,194.78580465806385,2.530314099043608,326.34387458860874,6,6,0.5714285714285714,True,True,42.9,500.0,True,500m
2575.0,3_satellites,500.0,3,0.375,123.86481852918074,373.33412301669824,497.1889390280308,122.74668738198388,2.1887904660315325,-120.55789691595236,2.930540068075061,172.7948234723881,169.8797549661249,7.32085233181715,324.9213047288358,6,6,0.5,True,True,42.916666666666664,500.0,True,500m
2576.0,3_satellites,500.0,3,0.4285714285714285,131.613053321992,330.99207318733164,462.5941857343342,109.52793352051177,17.544139566022963,-91.9837939544888,2.68653722054192,195.26782758959703,192.5812903690551,5.370914049446583,323.8175341524184,6,6,0.5714285714285714,True,True,42.93333333333333,500.0,True,500m
2577.0,3_satellites,500.0,3,0.375,122.98693106355728,374.0211307379652,496.8847371496852,90.692099616539,-29.66095825647331,-120.3530578730123,2.768439880106598,172.2050889832899,169.4366491031833,5.61489138379693,321.79495949298143,6,6,0.5,True,True,42.95,500.0,True,500m
2578.0,3_satellites,500.0,3,0.375,135.3348579894537,361.3992947161928,496.7324182099163,84.33327437232505,-35.917061007560804,-120.25033537988584,3.502750126179308,172.37850842624903,168.945688940119,8.178666148334742,322.8068459741771,6,6,0.5,True,True,42.96666666666667,500.0,True,500m
2579.0,3_satellites,500.0,3,0.375,127.03068978433232,369.61990409445946,496.5806072903409,64.31603880420569,-55.83212745080112,-120.1481662550068,2.221948971040547,172.7186587122269,170.49670974118635,4.939707282930613,323.7069821469486,6,6,0.5,True,True,42.983333333333334,500.0,True,500m
2580.0,3_satellites,500.0,3,0.375,127.62861817757366,368.917340116422,496.4286553458298,47.453416383755794,-72.592381352288,-120.0457977360438,2.3310289825312798,170.93734573666006,168.60631675412878,5.42106456682086,319.191766962409,6,6,0.5,True,True,43.0,500.0,True,500m
2581.0,3_satellites,500.0,3,0.375,127.26609101436284,369.07009462546046,496.2767215031002,33.38710076057276,-86.55633726152935,-119.9434380221021,1.6324975807219744,172.8252819883637,171.19278440764174,3.5981964580714703,325.5295716673136,6,6,0.5,True,True,43.016666666666666,500.0,True,500m
2582.0,3_satellites,500.0,3,0.375,128.26145493497415,367.8843943772085,496.12480901806674,18.82703969165451,-101.01403076863664,-119.84107046029116,2.168151604477316,172.59811202716082,170.4299604226835,4.80615571886301,323.13566440716386,6,6,0.5,True,True,43.03333333333333,500.0,True,500m
2583.0,3_satellites,500.0,3,0.375,130.30061331382277,365.6775300618733,495.9729205884766,5.787124012824491,-113.95157293226332,-119.73869694508782,3.076358047313988,172.26274199178442,169.18638394447044,6.979809522628784,323.5007305108011,6,6,0.5,True,True,43.05,500.0,True,500m
2584.0,3_satellites,500.0,3,0.375,137.0134664940083,358.94756278123725,495.820932929326,-3.037158789882572,-122.67335892902864,-119.63620013914608,3.5303753367625177,171.3770920089446,167.84671667218208,6.199911940842867,324.5669186227024,6,6,0.5,True,True,43.06666666666667,500.0,True,500m
2585.0,3_satellites,500.0,3,0.375,121.56193933989448,374.7527649493064,495.6695396123649,-32.11549678927343,-151.64983414345537,-119.53433735418191,2.233279674779624,172.33177337702364,170.098493702244,4.158994395285845,320.534808114171,6,6,0.5,True,True,43.083333333333336,500.0,True,500m
2586.0,3_satellites,500.0,3,0.375,123.00950824881971,373.8583232289134,495.51778051325607,-48.01025083250035,-167.44228416947,-119.43203333696964,1.4919881131500006,173.93489882862195,172.44291071547195,3.587534114718437,325.4071335531771,6,6,0.5,True,True,43.1,500.0,True,500m
2587.0,3_satellites,500.0,3,0.4285714285714285,122.3548561528334,334.64688312918406,456.7926987768241,-61.620682774001125,-148.95832639057073,-87.33764361656961,1.8860374891332217,197.1514840860452,195.265446596912,2.7847672514617443,328.06646190583706,6,6,0.5714285714285714,True,True,43.11666666666667,500.0,True,500m
2588.0,3_satellites,500.0,3,0.4285714285714285,122.15192208076655,334.2938881694728,456.26854886423416,-77.94052241965353,-164.85710749843068,-86.91658507877715,1.2893547995814256,197.35553727884377,196.06618247926235,2.5419907718896866,328.6630440726876,6,6,0.5714285714285714,True,True,43.13333333333333,500.0,True,500m
2589.0,3_satellites,500.0,3,0.4285714285714285,133.70954615848632,322.05212512451465,455.744673856379,-87.77013650454677,-174.26558815369197,-86.4954516491452,0.8745868520012924,197.21388990857773,196.33930305657643,1.6701864413917065,329.2356253005564,6,6,0.5714285714285714,True,True,43.15,500.0,True,500m
2590.0,3_satellites,500.0,3,0.375,131.87823968888463,363.1316194452902,494.9109839579369,-102.7544829069587,-221.77729500618267,-119.02281209922396,2.014934041071683,172.12422527745366,170.10929123638198,4.8421012461185455,321.7965073622763,6,6,0.5,True,True,43.166666666666664,500.0,True,500m
2591.0,3_satellites,500.0,3,0.375,130.32607124767335,364.6792885877314,494.7594924673997,-120.92928390636555,-239.8499486834852,-118.92066477711964,0.9739417266100644,173.0347303552553,172.06078862864524,2.411383341997862,325.78928328305483,6,6,0.5,True,True,43.18333333333333,500.0,True,500m
2592.0,3_satellites,500.0,3,0.4285714285714285,132.72779006109965,321.5111136274172,454.1771171166545,-135.24340857470787,-220.4776887618868,-85.23428018717891,0.9243946336209774,197.06219048798084,196.1377958543599,1.4972113370895386,329.1737485006452,6,6,0.5714285714285714,True,True,43.2,500.0,True,500m
2593.0,3_satellites,500.0,3,0.375,126.17530037787344,368.9204773512224,494.45659827093135,-157.2120529079467,-275.92846881338545,-118.71641590543874,0.999850011896342,173.08577296650037,172.08592295460403,1.8173834681510923,323.85305359587073,6,6,0.5,True,True,43.21666666666667,500.0,True,500m
2594.0,3_satellites,500.0,3,0.375,141.94875323100854,352.38694256067924,494.3048140325976,-160.3431962052603,-278.9570460032728,-118.6138497980125,1.645887424238026,173.28064005356282,171.6347526293248,3.687347032129765,325.79680505394936,6,6,0.5,True,True,43.233333333333334,500.0,True,500m
2595.0,3_satellites,500.0,3,0.375,189.47449316673823,308.4728041254078,494.1523493531743,-140.43028348857607,-258.940787546112,-118.51050405753594,10.18139418400824,174.35872648004442,166.29730504844338,20.157831102609634,334.9537506811321,6,6,0.625,True,True,43.25,500.0,True,500m
2596.0,3_satellites,500.0,3,0.375,133.18084849450509,360.9464875844784,494.00230815227405,-201.1652485174528,-319.57509083926,-118.4098423218072,0.9860768276266754,173.62627648981288,172.6401996621862,1.9121370166540144,325.5902439877391,6,6,0.5,True,True,43.266666666666666,500.0,True,500m
2597.0,3_satellites,500.0,3,0.375,114.21825577403828,381.9188525178553,493.8513977540534,-233.65987839612063,-351.96811450071635,-118.30823610459572,3.131393226329237,174.10541802830994,170.9740248019807,7.006509177386761,324.15704215317965,6,6,0.5,True,True,43.28333333333333,500.0,True,500m
2598.0,3_satellites,500.0,3,0.375,136.8273556666238,357.01162980842594,493.6996464226691,-232.83251884049855,-351.0380827634042,-118.2055639229056,2.773466375656426,171.5760848103091,168.8026184346527,6.735154155641794,318.2852798327804,6,6,0.5,True,True,43.3,500.0,True,500m
2599.0,3_satellites,500.0,3,0.375,131.65497346676435,362.1161199221976,493.5485404963202,-251.3481758307994,-369.4518081576911,-118.10363232689168,0.4340910376049578,172.6444374783896,172.21034644078463,0.9723655954003334,324.3695465773344,6,6,0.5,True,True,43.31666666666667,500.0,True,500m
2600.0,3_satellites,500.0,3,0.375,137.89645750829925,355.7542180459007,493.3972128148135,-261.7244489565417,-379.7258735117399,-118.00142455519818,1.3212399859912694,172.17606545239687,170.8548254664056,3.0210552662611008,322.049009706825,6,6,0.5,True,True,43.333333333333336,500.0,True,500m
2601.0,3_satellites,500.0,3,0.375,147.5196007311708,345.7606153049755,493.2458232656832,-271.11951955530327,-389.0186401584184,-117.89912060311514,3.28158355737105,173.64005831023678,170.35847475286573,8.506727706640959,326.1965145133436,6,6,0.5,True,True,43.35,500.0,True,500m
2602.0,3_satellites,500.0,3,0.375,145.4364914836834,347.83074441763165,493.09469965380674,-289.7907163661045,-407.5878380809872,-117.79712171488272,4.026388029567897,173.84244569716975,169.81605766760185,8.802461508661509,329.34364630281925,6,6,0.5,True,True,43.36666666666667,500.0,True,500m
2603.0,3_satellites,500.0,3,0.375,153.74881784113964,339.3304924810827,492.9435283404773,-302.2351781635245,-419.9301339790788,-117.69495581555424,4.355681837536395,173.04846273781732,169.15489145042375,8.629794843494892,329.61056226864457,6,6,0.5,True,True,43.38333333333333,500.0,True,500m
2604.0,3_satellites,500.0,3,0.4285714285714285,137.47587933210005,310.5875387467836,447.9566501925472,-332.8598754775422,-413.0696608391539,-80.20978536161175,1.7245987760169166,196.75412200976692,195.02952323375004,4.296947944909334,328.5588013753295,6,6,0.5714285714285714,True,True,43.4,500.0,True,500m
2605.0,3_satellites,500.0,3,0.4285714285714285,137.1730648560853,310.3729787274476,447.4419065758791,-347.9299710315961,-427.7225301195191,-79.79255908792294,1.204817003437451,197.6264244940664,196.42160749062896,2.8931714445352554,330.96336590498686,6,6,0.5714285714285714,True,True,43.416666666666664,500.0,True,500m
2606.0,3_satellites,500.0,3,0.4285714285714285,125.1072895606523,321.99277695637346,446.9281103354906,-373.0029633244656,-452.3789166276944,-79.37595330322887,1.9756719847874984,198.5798839543547,196.6042119695672,4.320577584207058,331.5178968086839,6,6,0.5714285714285714,True,True,43.43333333333333,500.0,True,500m
2607.0,3_satellites,500.0,3,0.4285714285714285,128.28640174332568,318.27077947002834,446.41441068973353,-385.629835517676,-464.5889240256128,-78.95908850793671,1.1865095352487904,197.57692484078663,196.39041530553783,2.730290848761797,333.2184153050184,6,6,0.5714285714285714,True,True,43.45,500.0,True,500m
2608.0,3_satellites,500.0,3,0.375,145.53841548786562,346.7073954596743,492.1889763598796,-385.70928541360695,-502.8946909461149,-117.1854055325079,2.7851304123178124,172.49633493367585,169.711204521358,6.109467249363661,324.7663931697607,6,6,0.5,True,True,43.46666666666667,500.0,True,500m
2609.0,3_satellites,500.0,3,0.375,172.45973254729444,321.2171719414895,492.0375490774461,-378.2639360374726,-495.3467549688383,-117.0828189313657,7.301538523752242,172.67177374195307,167.76255459198728,14.518672183156012,331.1469008028507,6,6,0.5,True,True,43.483333333333334,500.0,True,500m
2610.0,3_satellites,500.0,3,0.375,145.62435192320035,346.44437050883187,491.8873656018584,-412.9376491579528,-529.9192597533628,-116.98161059540996,3.1280959751456976,173.04123208438978,169.91313610924408,6.929120745509863,326.0323419906199,6,6,0.5,True,True,43.5,500.0,True,500m
2611.0,3_satellites,500.0,3,0.4285714285714285,125.66191915753096,318.7746797362988,444.3659016489768,-444.3679557508242,-521.6625133277295,-77.29455757690528,1.0590183181422097,197.3837944657675,196.32477614762527,1.6516998000442982,330.13556982949376,6,6,0.5714285714285714,True,True,43.516666666666666,500.0,True,500m
2612.0,3_satellites,500.0,3,0.375,122.66220858300836,369.6952345090031,491.5865099671863,-460.5793821855437,-577.3579042319365,-116.77852204639282,2.371062455698848,173.47698802128434,171.2230430310592,4.735107008367777,330.09928769245744,6,6,0.5,True,True,43.53333333333333,500.0,True,500m
2613.0,3_satellites,500.0,3,0.375,158.57134365893756,333.4655244408883,491.4350300054285,-446.3034283928197,-562.979177951939,-116.67574955911935,3.857944107148796,172.94860266475007,169.12251381296664,8.564838480204344,327.5266609080136,6,6,0.5,True,True,43.55,500.0,True,500m
2614.0,3_satellites,500.0,3,0.375,131.87306172339603,359.4976907876818,491.28501789954015,-479.4717463086303,-596.0463583822913,-116.57461207366094,1.6107825618237257,172.36515398835763,170.7543714265339,4.134390901774168,326.5516090244055,6,6,0.5,True,True,43.56666666666667,500.0,True,500m
2615.0,3_satellites,500.0,3,0.4285714285714285,126.46381466124411,315.8833315619545,442.3267036499021,-499.938979091072,-575.5728284389209,-75.63384934784881,0.7954939508012363,196.2026219128498,195.6948334739677,1.3038291409611702,331.24553518742323,6,6,0.5714285714285714,True,True,43.583333333333336,500.0,True,500m
2616.0,3_satellites,500.0,3,0.375,145.57954044169514,345.6662741154933,490.9835777157361,-496.085596807346,-612.4562469639815,-116.37065015663546,2.5302176852710545,173.4773087501526,170.94709106488153,4.620743039995432,327.172081515193,6,6,0.5,True,True,43.6,500.0,True,500m
2617.0,3_satellites,500.0,3,0.4285714285714285,125.10026289019272,316.3149336237387,441.3105692792511,-529.1591596285753,-603.9641027389046,-74.8049431103293,1.416743574930089,197.6666351152318,196.2498915403017,2.357244297862053,330.72425132244825,6,6,0.5714285714285714,True,True,43.61666666666667,500.0,True,500m
2618.0,3_satellites,500.0,3,0.4285714285714285,111.99827065718706,329.123548225018,440.80373412542457,-551.6903046872787,-626.0815155308117,-74.39121084353292,1.021822979407651,197.37691637128592,196.35509339187823,2.6434061974287038,332.2309218682349,6,6,0.5714285714285714,True,True,43.63333333333333,500.0,True,500m
2619.0,3_satellites,500.0,3,0.4285714285714285,124.59356081082991,315.9017242227772,440.2967939110118,-555.7382656651366,-629.7152721456997,-73.97700648056309,2.2768686216856757,197.1561474118914,194.8792787902057,3.204297874122858,329.53272557258606,6,6,0.5714285714285714,True,True,43.65,500.0,True,500m
2620.0,3_satellites,500.0,3,0.4285714285714285,118.8137324603015,321.0746312245439,439.79095894274167,-573.3843525089096,-646.947914712988,-73.56356220407838,1.5598057263663836,195.29547011745828,193.7356643910919,3.723516065627337,327.573600448668,6,6,0.5714285714285714,True,True,43.666666666666664,500.0,True,500m
2621.0,3_satellites,500.0,3,0.4285714285714285,125.4226137151622,313.89418508972125,439.2853241074247,-581.9298248118063,-655.0798020794488,-73.1499772676425,1.3181973222110952,197.1968665687101,195.87866924649904,1.9318262413144112,330.5350607447326,6,6,0.5714285714285714,True,True,43.68333333333333,500.0,True,500m
2622.0,3_satellites,500.0,3,0.4285714285714285,111.12716120738352,327.8851139259416,438.78101232990286,-607.4664922880447,-680.2038640947881,-72.73737180674334,0.992707832051175,197.00829819483417,196.015590362783,1.3804479651153088,330.05756556242704,6,6,0.5714285714285714,True,True,43.7,500.0,True,500m
2623.0,3_satellites,500.0,3,0.4285714285714285,128.7948034754367,309.65831833891457,438.27637254359576,-608.2250226141073,-680.5490936427558,-72.32407102864852,2.688561506569385,196.7564101666212,194.06784866005185,4.719183150678873,327.28746354952455,6,6,0.5714285714285714,True,True,43.71666666666667,500.0,True,500m
2624.0,3_satellites,500.0,3,0.4285714285714285,118.33220551131362,319.70090804842124,437.7730036970045,-629.4817095631886,-701.3934363031624,-71.9117267399738,1.7394081838428974,197.47735717360464,195.7379489897617,2.23434516415,329.614333756268,6,6,0.5714285714285714,True,True,43.733333333333334,500.0,True,500m
2625.0,3_satellites,500.0,3,0.4285714285714285,129.09696508519272,308.2266540545963,437.26966334937816,-632.6909388556298,-704.1899778176136,-71.49903896198373,0.8658038239393916,197.1732673464077,196.30746352246828,1.317985787987709,330.8477988652885,6,6,0.5714285714285714,True,True,43.75,500.0,True,500m
2626.0,3_satellites,500.0,3,0.4285714285714285,104.71919952554212,332.30228886755043,436.767720395556,-665.602326947965,-736.689796854755,-71.08746990678992,3.030072592731033,194.1657481901348,191.3614731686456,6.217563308775425,326.91784807667136,6,6,0.5714285714285714,True,True,43.766666666666666,500.0,True,500m
2627.0,3_satellites,500.0,3,0.4285714285714285,114.8946781391677,321.4909041458304,436.2656230580162,-668.7266533988029,-739.401990911979,-70.67533751317615,2.507015162280628,197.3958394564688,194.8888242941882,3.306255463510752,328.41638416051865,6,6,0.5714285714285714,True,True,43.78333333333333,500.0,True,500m
2628.0,3_satellites,500.0,3,0.4285714285714285,114.79420976177444,321.0152730041471,435.76428138176095,-681.3703702382954,-751.6340049310603,-70.26363469276487,1.826053590646812,197.280544610428,195.4544910197812,2.6131135039031506,330.0287839360535,6,6,0.5714285714285714,True,True,43.8,500.0,True,500m
2629.0,3_satellites,500.0,3,0.4285714285714285,112.58445079080222,322.7052368662109,435.2635811692269,-695.4882201525702,-765.3404450158365,-69.85222486326631,1.3407836806561266,196.7907030720796,195.62224139007077,1.972223237156868,332.6466441564262,6,6,0.5714285714285714,True,True,43.81666666666667,500.0,True,500m
2630.0,3_satellites,500.0,3,0.4285714285714285,114.30156911746016,320.48027516136324,434.7634047186029,-707.8752195971575,-777.3162183093888,-69.44099871223125,0.953270490680422,197.73372280065504,196.7804523099746,1.7197181805968285,331.8189137503505,6,6,0.5714285714285714,True,True,43.833333333333336,500.0,True,500m
2631.0,3_satellites,500.0,3,0.4285714285714285,115.70293510129528,318.72245782581604,434.2639008617264,-720.7654261970164,-789.795505914082,-69.03007971706563,1.4437080988926547,198.3495393938252,196.9058312949325,2.9626775048673157,332.554992236197,6,6,0.5714285714285714,True,True,43.85,500.0,True,500m
2632.0,3_satellites,500.0,3,0.4285714285714285,112.70459622910693,321.0892114274319,433.764774247773,-732.3759392811079,-800.995193959206,-68.61925467809806,0.6984166284757001,197.31940553550209,196.6209889070264,1.5978097021579742,333.1515495814383,6,6,0.5714285714285714,True,True,43.86666666666667,500.0,True,500m
2633.0,3_satellites,500.0,3,0.4285714285714285,105.41342906375218,328.31333178233143,433.2666872337956,-754.8004895423733,-823.0095622253283,-68.20907268295502,2.099475961178541,198.9741946134184,196.87471865223984,4.218287646770477,336.08548868075013,6,6,0.5714285714285714,True,True,43.88333333333333,500.0,True,500m
2634.0,3_satellites,500.0,3,0.4285714285714285,102.01404037701268,331.46787166284366,432.7689403996697,-768.5547209322826,-836.3536261751061,-67.79890524282348,1.6799000916736466,198.56596269618188,196.88606260450825,3.66754911094904,333.9670391827822,6,6,0.5714285714285714,True,True,43.9,500.0,True,500m
2635.0,3_satellites,500.0,3,0.4285714285714285,99.0331021509372,333.6867341301848,432.2717527812754,-782.7379266611365,-850.1268644211165,-67.38893775997997,1.6256071025771754,198.38715281869685,196.76154571611968,3.788126658648253,331.8786609917879,6,6,0.5714285714285714,True,True,43.916666666666664,500.0,True,500m
2636.0,3_satellites,500.0,3,0.4285714285714285,118.5767625674658,313.21141548315364,431.7744908046185,-779.2218256302095,-846.2003552928755,-66.978529662666,1.5126265005341597,197.66127354013068,196.1972141633076,2.926620490849018,335.18622401356697,6,6,0.5714285714285714,True,True,43.93333333333333,500.0,True,500m
2637.0,3_satellites,500.0,3,0.4285714285714285,102.26127861178792,329.02406922815493,431.278777685656,-802.6030837103616,-869.172450002061,-66.56936629169945,0.7063836609678609,197.5615097965513,196.85512613558345,1.3548736721277237,332.38262290135026,6,6,0.5714285714285714,True,True,43.95,500.0,True,500m
2638.0,3_satellites,500.0,3,0.4285714285714285,123.75287723738558,307.3087672268183,430.782750810806,-797.4749652650157,-863.6344433186589,-66.15947805364317,1.3237812109291551,196.3168434990304,194.99306228810124,3.196402568370104,331.78882213681936,6,6,0.5714285714285714,True,True,43.96666666666667,500.0,True,500m
2639.0,3_satellites,500.0,3,0.4285714285714285,96.95240253500016,333.53216674846306,430.2886752183738,-833.1261259710141,-898.877366160104,-65.75124018908991,2.417423070009266,198.29665258686455,195.88325019606523,5.747258692979813,333.7516257762909,6,6,0.5714285714285714,True,True,43.983333333333334,500.0,True,500m
2640.0,3_satellites,500.0,3,0.4285714285714285,125.11255113393028,305.1549394052622,429.7936610122533,-820.6949709576696,-886.0366061136347,-65.34163515596504,1.0871389933994835,196.20315109246545,195.11601209906595,2.3984149657189846,332.23339480906725,6,6,0.5714285714285714,True,True,44.0,500.0,True,500m
2641.0,3_satellites,500.0,3,0.4285714285714285,127.2320034655752,302.64033463068284,429.2999368805645,-830.3558209201817,-895.2888400954427,-64.93301917526094,2.4087900317140987,198.45545446446965,196.0856043089713,5.433098874986172,333.4950332790613,6,6,0.5714285714285714,True,True,44.016666666666666,500.0,True,500m
2642.0,3_satellites,500.0,3,0.4285714285714285,107.8179977325937,321.08346343579007,428.80767601748846,-858.3065752413349,-922.8320477839558,-64.52547254262083,1.7698349101202828,198.00895509177025,196.29546508352672,2.6196744441986084,331.2961870133877,6,6,0.5714285714285714,True,True,44.03333333333333,500.0,True,500m
2643.0,3_satellites,500.0,3,0.4285714285714285,105.64550910002583,322.8905568296695,428.3154111561892,-867.9318463919132,-932.049426765355,-64.1175803734418,2.481353254190513,197.60902209207416,195.20140224961295,3.434192765504122,329.3926349170506,6,6,0.5714285714285714,True,True,44.05,500.0,True,500m
2644.0,3_satellites,500.0,3,0.4285714285714285,114.89974551889448,313.4059104419909,427.8235035741209,-868.8529972194458,-932.5626673357224,-63.70967011627658,4.273285793406623,197.7523700227695,193.57018814182703,6.151087466627359,328.1741391643882,6,6,0.5714285714285714,True,True,44.06666666666667,500.0,True,500m
2645.0,3_satellites,500.0,3,0.4285714285714285,115.3440847329507,312.1050410443121,427.3323338242066,-875.5610866627377,-938.863219885788,-63.30213322305042,2.3421085349151065,198.7857195729656,196.55202062374775,4.305679515004158,332.57171235606074,6,6,0.5714285714285714,True,True,44.083333333333336,500.0,True,500m
2646.0,3_satellites,500.0,3,0.4285714285714285,92.21838170381504,335.2485108829077,426.8425388134676,-902.6213035211936,-965.516927086997,-62.89562356580359,0.6146285629698208,197.17708120122552,196.63574302462595,1.0387758612632751,332.07840514555573,6,6,0.5714285714285714,True,True,44.1,500.0,True,500m
2647.0,3_satellites,500.0,3,0.4285714285714285,117.06179751344798,309.30160802596,426.3518961915187,-889.664356437163,-952.1522532493386,-62.48789681217568,2.151419069085802,197.8154511941331,195.8069906075086,3.167381953448057,330.6795190498233,6,6,0.5714285714285714,True,True,44.11666666666667,500.0,True,500m
2648.0,3_satellites,500.0,3,0.4285714285714285,104.23065316001158,321.9757441168563,425.8631786874886,-909.2326765002126,-971.3143927700296,-62.08171626981709,2.7308131477662494,199.35559375530903,196.78496488982012,4.715028174221516,332.218748703599,6,6,0.5714285714285714,True,True,44.13333333333333,500.0,True,500m
2649.0,3_satellites,500.0,3,0.4285714285714285,97.2195897942191,328.69689790374224,425.3747141643756,-926.0379017002292,-987.7133635878567,-61.675461887627534,1.1747465963874544,197.71952103397675,196.7221586502024,1.7140414454042912,332.08524269238114,6,6,0.5714285714285714,True,True,44.15,500.0,True,500m
2650.0,3_satellites,500.0,3,0.4285714285714285,102.38193647354358,322.55383103545523,424.8865650711009,-930.6309316841346,-991.9000599509478,-61.26912826681325,0.5205243453383446,197.721269659698,197.2007453143597,1.1716647557914257,333.4981560111046,6,6,0.5714285714285714,True,True,44.166666666666664,500.0,True,500m
2651.0,3_satellites,500.0,3,0.375,98.92118442224584,388.51404459314966,485.7419926142106,-940.7828894329276,-1053.6032987567069,-112.82040932377936,2.3894858406856656,173.99653003551066,171.607044194825,4.367196429520845,322.5573735013604,6,6,0.5,True,True,44.18333333333333,500.0,True,500m
2652.0,3_satellites,500.0,3,0.375,120.28334368857234,365.3588124959956,485.59244630805847,-934.487292711661,-1047.205963885097,-112.71867117343596,2.8264756905846298,173.08402826776728,170.27071865461767,5.682989228516817,326.5815405920148,6,6,0.5,True,True,44.2,500.0,True,500m
2653.0,3_satellites,500.0,3,0.375,114.80120380279529,370.7361608829427,485.4435778309062,-946.4626463868684,-1059.0803190308366,-112.61767264396826,3.4003445021808147,174.65241652633995,171.25207202415913,8.14513012766838,329.3713388517499,6,6,0.5,True,True,44.21666666666667,500.0,True,500m
2654.0,3_satellites,500.0,3,0.375,110.50248782975332,374.86507701141966,485.2947015369151,-958.596662753214,-1071.1133194279537,-112.51665667473937,0.5697548906318843,174.28232061630115,173.71256572566926,1.6184999160468578,326.7138659544289,6,6,0.5,True,True,44.233333333333334,500.0,True,500m
2655.0,3_satellites,500.0,3,0.375,121.01576473160978,364.17990829948,485.1455134355905,-957.5944961877274,-1070.0097601773684,-112.41526398964106,2.1711838520132005,174.2744515328668,172.1032676808536,4.848297543823719,326.5943107791245,6,6,0.5,True,True,44.25,500.0,True,500m
2656.0,3_satellites,500.0,3,0.375,116.83981122674648,368.25073075250543,484.9967678624605,-966.9908038024912,-1079.3051115714316,-112.31430776894037,2.1911352849565446,174.28705566423014,172.0959203792736,5.4679041020572186,326.7135063670576,6,6,0.5,True,True,44.266666666666666,500.0,True,500m
2657.0,3_satellites,500.0,3,0.375,126.4688003582746,358.46648251574,484.84773149559385,-965.0163199929046,-1077.2293236569635,-112.2130036640591,2.6559739257209003,174.77241687569767,172.11644294997677,6.953773934394121,328.28851878270507,6,6,0.5,True,True,44.28333333333333,500.0,True,500m
2658.0,3_satellites,500.0,3,0.375,125.16764481335066,359.6120354046368,484.698962329708,-972.139473634252,-1084.251462259041,-112.1119886247892,1.9604571093805132,175.83145595435053,173.87099884497002,3.474769100546837,328.6441161893308,6,6,0.5,True,True,44.3,500.0,True,500m
2659.0,3_satellites,500.0,3,0.375,127.90677998409376,356.72132914881087,484.55011502400686,-976.876837580526,-1088.8877042883555,-112.0108667078298,2.820739057380706,172.88191688619554,170.06117782881483,5.928887188434601,325.9068743474781,6,6,0.5,True,True,44.31666666666667,500.0,True,500m
2660.0,3_satellites,500.0,3,0.375,119.19620154527088,365.2362327859244,484.4016004645074,-991.0455210886286,-1102.9555988295515,-111.91007774092316,1.6682349676266313,173.29179659113288,171.64383773691952,3.551234781742096,326.55015413090587,6,6,0.5,True,True,44.333333333333336,500.0,True,500m
2661.0,3_satellites,500.0,3,0.375,130.23472229099423,354.2374825050705,484.2526159391997,-991.7572769715298,-1103.5660443888944,-111.8087674173646,3.888646280393005,174.23300375184044,170.34435747144744,7.477348256856203,322.04064041376114,6,6,0.5,True,True,44.35,500.0,True,500m
2662.0,3_satellites,500.0,3,0.375,129.8115827613752,354.29405396237775,484.10405400405807,-1002.6227332644404,-1114.3305661000456,-111.70783283560512,1.482080482877791,174.21527079399675,172.73319031111896,3.799497455358505,326.44063068926334,6,6,0.5,True,True,44.36666666666667,500.0,True,500m
2663.0,3_satellites,500.0,3,0.375,121.28894064654082,362.7737165755089,483.9556840709099,-1015.3727719053298,-1126.9798768687908,-111.60710496346098,1.903240504208952,174.8296141270548,172.92637362284586,4.749586082994938,327.8649625554681,6,6,0.5,True,True,44.38333333333333,500.0,True,500m
2664.0,3_satellites,500.0,3,0.375,128.59853957219852,355.30477304551187,483.8069095741433,-1017.7843059592236,-1129.2902506750638,-111.50594471584007,2.668765725102276,174.2483052574098,171.57953953230754,5.877576507627964,324.42766661942005,6,6,0.5,True,True,44.4,500.0,True,500m
2665.0,3_satellites,500.0,3,0.375,132.43822171777242,351.24079427993826,483.65833232503087,-1024.112051040383,-1135.516980977431,-111.40492993704812,3.218708580359817,174.51655149227008,171.2978429119103,7.4276004284620285,327.9547659046948,6,6,0.5,True,True,44.416666666666664,500.0,True,500m
2666.0,3_satellites,500.0,3,0.375,125.70593543245116,357.8318124110951,483.5100447763161,-1033.5288055644894,-1144.8330197151492,-111.30421415065985,1.7638692818582058,173.86511160433292,172.10124232247472,4.066365763545036,326.7065187841654,6,6,0.5,True,True,44.43333333333333,500.0,True,500m
2667.0,3_satellites,500.0,3,0.375,135.48349911830323,347.9281848738434,483.361399481638,-1037.5362790198817,-1148.7393569504422,-111.20307793056077,2.5206469264812768,173.99017671728507,171.4695297908038,6.260496407747269,326.42333322390914,6,6,0.5,True,True,44.45,500.0,True,500m
2668.0,3_satellites,500.0,3,0.375,145.61736186749872,337.6252585331065,483.2127359303171,-1039.2174150741755,-1150.319336037697,-111.10192096352124,4.354853183031082,175.25617243209854,170.90131924906746,9.342911191284657,325.01959071308374,6,6,0.5,True,True,44.46666666666667,500.0,True,500m
2669.0,3_satellites,500.0,3,0.375,132.08542871807575,350.99121719104136,483.06477259400623,-1060.5043491121903,-1171.5058087397697,-111.00145962757938,1.372785277199,174.90034879371524,173.52756351651624,3.814505822956562,326.59562150761485,6,6,0.5,True,True,44.483333333333334,500.0,True,500m
2670.0,3_satellites,500.0,3,0.4285714285714285,119.28558563608352,296.0676216212623,415.25824243123606,-1081.6048023296623,-1134.805546745213,-53.200744415550616,1.1431921715182918,197.993203991758,196.85001182023967,2.0067737698554997,333.019821498543,6,6,0.5714285714285714,True,True,44.5,500.0,True,500m
2671.0,3_satellites,500.0,3,0.4285714285714285,127.62982709937306,287.2974851462548,414.78330187976553,-1086.0523647337134,-1138.8522829321062,-52.79991819839279,1.923698509910277,198.3369274756738,196.8572847167296,3.4009197615087032,332.6427049674094,6,6,0.5714285714285714,True,True,44.516666666666666,500.0,True,500m
2672.0,3_satellites,500.0,3,0.4285714285714285,142.69204914169237,273.11561602545754,414.3086009808793,-1083.7486788559395,-1136.147664631931,-52.39898577599138,1.5990644879639149,196.52612037371316,194.9270558857492,2.7322305738925934,332.75026493519545,6,6,0.5714285714285714,True,True,44.53333333333333,500.0,True,500m
2673.0,3_satellites,500.0,3,0.4285714285714285,129.85660282139773,284.35480275806515,413.8355342591968,-1106.21880847038,-1158.2181086518583,-51.99930018147848,1.6834751654948508,198.93607392055648,197.83421517802137,3.137419387698173,334.4080570228398,6,6,0.5714285714285714,True,True,44.55,500.0,True,500m
2674.0,3_satellites,500.0,3,0.4285714285714285,119.18057433713534,294.24828094407013,413.36299324428217,-1129.6849943536902,-1181.2847728791464,-51.59977852545626,1.3735696327473437,197.58207177690096,196.5892979433494,2.244441609829664,332.1546648144722,6,6,0.5714285714285714,True,True,44.56666666666667,500.0,True,500m
2675.0,3_satellites,500.0,3,0.4285714285714285,118.55935776221594,294.3410270499002,412.8909063303598,-1140.33254000291,-1191.532838628876,-51.20029862596607,1.8353860819978371,199.5524008439056,197.7170147619077,4.182287193834782,335.45208820700645,6,6,0.5714285714285714,True,True,44.583333333333336,500.0,True,500m
2676.0,3_satellites,500.0,3,0.4285714285714285,132.40027023138765,280.0791281200558,412.41890913045165,-1141.129183195068,-1191.9297508673162,-50.80056767224824,2.24063829811556,198.1563169147287,196.54665943607688,2.901155289262533,331.8124629147351,6,6,0.5714285714285714,True,True,44.6,500.0,True,500m
2677.0,3_satellites,500.0,3,0.4285714285714285,135.09592992168376,277.0726733885864,411.94791099820304,-1148.8841543723418,-1199.2856034917909,-50.4014491194489,2.521316360682249,197.99446097388864,196.12051627572092,3.7695011347532272,331.4141838476062,6,6,0.5714285714285714,True,True,44.61666666666667,500.0,True,500m
2678.0,3_satellites,500.0,3,0.4285714285714285,127.194421916419,284.61785087239724,411.47770516529135,-1168.2312832111363,-1218.2340509209184,-50.00276770978212,0.7401225763772216,197.59156445520264,196.85144187882543,1.6599556431174278,333.4509298019111,6,6,0.5714285714285714,True,True,44.63333333333333,500.0,True,500m
2679.0,3_satellites,500.0,3,0.4285714285714285,134.69193033865423,276.3897955307644,411.0079539297335,-1173.435728582727,-1223.0398797216617,-49.60415113893464,2.853888430233513,199.22908459923096,197.05527886269348,4.624358996748924,333.23287960514426,6,6,0.5714285714285714,True,True,44.65,500.0,True,500m
2680.0,3_satellites,500.0,3,0.4285714285714285,151.32066042009396,259.69668478058185,410.5383700187429,-1170.5463854158106,-1219.7517193673332,-49.20533395152256,4.2667920381895135,198.53907542941823,194.96867368050985,6.283039826899767,329.53718389198184,6,6,0.5714285714285714,True,True,44.666666666666664,500.0,True,500m
2681.0,3_satellites,500.0,3,0.4285714285714285,134.6913405466448,275.57883879515924,410.0703625599487,-1192.139960072233,-1240.9476862202766,-48.807726148043685,3.2265867111938342,199.4591370890183,196.94520097917743,5.167883951216936,333.0119318664074,6,6,0.5714285714285714,True,True,44.68333333333333,500.0,True,500m
2682.0,3_satellites,500.0,3,0.4285714285714285,135.88154753054587,273.77116385471027,409.60267467356925,-1201.6223455580937,-1250.0323742595947,-48.41002870150123,1.3017238091145242,198.1904466423605,197.30101565644145,1.997085090726614,333.7614026963711,6,6,0.5714285714285714,True,True,44.7,500.0,True,500m
2683.0,3_satellites,500.0,3,0.4285714285714285,134.18861744607344,275.789792160602,409.1354088649729,-1212.338475611372,-1260.3508884602763,-48.012412848904205,0.4666878847139222,198.6463266552559,198.179638770542,0.7126939631998539,335.58861315995455,6,6,0.5714285714285714,True,True,44.71666666666667,500.0,True,500m
2684.0,3_satellites,500.0,3,0.4285714285714285,132.28607062290328,276.9887230097046,408.6690399911335,-1222.1535501187234,-1269.768842469653,-47.61529235092962,1.847206134881292,198.597460391266,197.0257564282843,3.0034980550408363,333.2808286808431,6,6,0.5714285714285714,True,True,44.733333333333334,500.0,True,500m
2685.0,3_satellites,500.0,3,0.4285714285714285,125.6843642408968,282.9946244808884,408.20334288462107,-1233.79793147546,-1281.01640646011,-47.2184749846499,1.0235600732266903,198.67750054012453,197.65394046689784,1.864978823810816,335.5022435709834,6,6,0.5714285714285714,True,True,44.75,500.0,True,500m
2686.0,3_satellites,500.0,3,0.375,147.50290042845003,333.1631349976182,480.5493684680309,-1223.1959183193842,-1332.485595576066,-109.2896772566819,2.14621298853308,174.3537098141387,172.20749682560563,4.328487426042557,325.542362395674,6,6,0.5,True,True,44.766666666666666,500.0,True,500m
2687.0,3_satellites,500.0,3,0.375,155.73678912224625,324.9220079232321,480.4016096976373,-1224.635914888442,-1333.824880289101,-109.18896540065884,4.2598515544086695,173.58232657192275,169.32247501751408,9.222160927951336,325.74610186368227,6,6,0.5,True,True,44.78333333333333,500.0,True,500m
2688.0,3_satellites,500.0,3,0.375,157.3788781095615,323.0632270475747,480.25409909602826,-1228.859250042383,-1337.9477223984804,-109.08847235609733,4.39460316253826,174.59117293916643,170.19656977662817,10.372126314789057,328.7055527716875,6,6,0.5,True,True,44.8,500.0,True,500m
2689.0,3_satellites,500.0,3,0.4285714285714285,137.81041696051855,269.0591315479225,406.34613721005695,-1251.6439768254131,-1297.2769527990608,-45.63297597364772,1.149141165827002,198.771528467536,197.62238730170895,1.8206391595304008,334.49965918436646,6,6,0.5714285714285714,True,True,44.81666666666667,500.0,True,500m
2690.0,3_satellites,500.0,3,0.4285714285714285,140.9742209588923,265.71415620500454,405.88344566690336,-1252.7289661444263,-1297.9662267239892,-45.23726057956287,2.7357438717569624,197.3738806630884,195.16596729734115,4.82892394810915,330.4099840633571,6,6,0.5714285714285714,True,True,44.833333333333336,500.0,True,500m
2691.0,3_satellites,500.0,3,0.375,141.71578190467764,338.47482401293973,479.8121853072388,-1257.802222822333,-1366.5898026102057,-108.78757978787256,1.3274388071149588,174.9240214289166,173.59658262180164,2.497733030468225,326.69579875841737,6,6,0.5,True,True,44.85,500.0,True,500m
2692.0,3_satellites,500.0,3,0.375,143.7829432992784,336.58065698675244,479.6648252310384,-1260.7429963639258,-1369.4301485202047,-108.6871521562789,1.8083996307104824,175.49533394211903,173.68693431140855,3.5516637712717056,326.1194235570729,6,6,0.5,True,True,44.86666666666667,500.0,True,500m
2693.0,3_satellites,500.0,3,0.375,147.06599001999473,332.9341372566994,479.5174811563092,-1264.5571020095028,-1373.143811585516,-108.58670957601316,1.7329831053502858,175.49652941385284,173.76354630850255,4.630907665938139,324.9739323556423,6,6,0.5,True,True,44.88333333333333,500.0,True,500m
2694.0,3_satellites,500.0,3,0.375,158.7002214089692,321.1442583043059,479.3699386934758,-1259.1755696787568,-1367.6616103908989,-108.48604071214208,1.397250894922763,174.97405242873356,173.5768015338108,2.857000827789306,327.36836936324835,6,6,0.5,True,True,44.9,500.0,True,500m
2695.0,3_satellites,500.0,3,0.4285714285714285,145.58662852476763,258.77336867071546,403.5801331434713,-1274.130505901805,-1317.3935606295756,-43.26305472777062,1.7967843849744116,200.3405305423907,198.54374615741628,3.5034588426351547,338.9974890984595,6,6,0.5714285714285714,True,True,44.916666666666664,500.0,True,500m
2696.0,3_satellites,500.0,3,0.375,178.7477895242583,161.8466368229954,319.2353843584499,-1254.6550398467325,-1221.5962237344388,33.0588161122937,5.246508721727878,182.85329155717045,177.60678283544257,6.602317690849304,344.13795298337936,8,6,0.5,True,True,44.93333333333333,500.0,True,500m
2697.0,3_satellites,500.0,3,0.4285714285714285,148.72648398476534,255.33658876795252,402.6634000506889,-1281.5051306467044,-1323.980394072572,-42.47526342586752,0.9888151128377232,198.67724384473905,197.6884287319013,2.2440603114664555,335.168681871146,6,6,0.5714285714285714,True,True,44.95,500.0,True,500m
2698.0,3_satellites,500.0,3,0.4285714285714285,142.42315000093726,260.48954459077606,402.2061614528102,-1294.6969039946257,-1336.7788480355032,-42.08194404087749,1.4893008140580994,199.16359605693395,197.6742952428758,2.591567002236843,338.23697682097554,6,6,0.5714285714285714,True,True,44.96666666666667,500.0,True,500m
2699.0,3_satellites,500.0,3,0.4285714285714285,143.38254730153074,259.31763609564894,401.74943709001707,-1295.3653736720344,-1337.054103979414,-41.6887303073795,0.6787876444203513,198.4819898323289,197.8032021879085,1.0559633113443851,334.63961167633533,6,6,0.5714285714285714,True,True,44.983333333333334,500.0,True,500m
2700.0,3_satellites,20.0,3,0.4285714285714285,158.15652687114445,142.24497529567287,16.051575215848075,-1288.6399314063322,-1290.2915959163004,-1.6516645099682137,0.7789862640202045,7.851338652095625,7.07235238807542,1.6691000387072563,13.376359052956104,0,0,0.5714285714285714,True,True,45.0,20.0,True,20m
2701.0,3_satellites,20.0,3,0.3333333333333333,179.89330030160943,164.63396122493702,15.335984243447149,-1277.0248768316849,-1278.4934106959197,-1.4685338642350416,4.830364041030407,10.375748282091486,5.968358432667123,8.654789686203003,16.21180334314704,0,0,0.5555555555555556,True,True,45.016666666666666,20.0,True,20m
2702.0,3_satellites,20.0,3,0.375,174.78301850415144,155.69212481635714,19.127508850603352,-1285.2535375263524,-1289.5606427399507,-4.307105213598334,4.05176234152168,7.504193392116576,5.135657389182597,9.323507342487574,14.69112904369831,0,0,0.5,True,True,45.03333333333333,20.0,True,20m
2703.0,3_satellites,20.0,3,0.375,161.80262596896625,142.70924086462531,19.12164839251316,-1299.5434222507556,-1303.8465348037214,-4.303112552965786,2.634421608410776,8.08696566754952,5.624674701597542,5.245299965143204,15.91135185584426,0,0,0.5,True,True,45.05,20.0,True,20m
2704.0,3_satellites,20.0,3,0.375,169.91311066507507,150.823789652342,19.115766644327007,-1299.531175229033,-1303.830272351852,-4.299097122819148,3.08311123913154,6.98032355401665,4.07209557434544,5.483032468706369,12.763498038053513,0,0,0.625,True,True,45.06666666666667,20.0,True,20m
2705.0,3_satellites,20.0,3,0.3333333333333333,183.7103590632787,168.48025529972665,15.325851001004688,-1294.035122119404,-1295.497353832162,-1.4622317127580118,7.612911223951313,10.99304526257846,5.7507168021467,15.321996249258518,18.507818091660734,0,0,0.6666666666666666,True,True,45.083333333333336,20.0,True,20m
2706.0,3_satellites,20.0,3,0.3333333333333333,178.50450863573292,163.24287946829085,15.323320664623646,-1302.3793435828698,-1303.84000269353,-1.4606591106603446,2.004452522016234,7.580764945596456,5.576312423580223,4.887060161679983,12.471539422869682,0,0,0.5555555555555556,True,True,45.1,20.0,True,20m
2707.0,3_satellites,20.0,3,0.3,188.7207175656372,173.4572833560314,15.345931035820067,-1299.2894599103909,-1300.7722916575028,-1.482831747111959,6.575040975213051,10.85605871602893,5.984879033267498,13.399791818112137,20.413811787962917,1,0,0.5,True,True,45.11666666666667,20.0,True,20m
2708.0,3_satellites,20.0,3,0.3,186.31647953909027,171.02898411259224,15.344448757203228,-1305.3941876747026,-1306.8764429900757,-1.482255315373095,3.9719020787626502,8.946191788464784,5.387460175529123,6.56165736913681,16.46305925026536,0,0,0.5,True,True,45.13333333333333,20.0,True,20m
2709.0,3_satellites,20.0,3,0.3,189.00738237416576,173.76452740996172,15.34296440552021,-1305.5104593622295,-1306.9921356473185,-1.4816762850889518,5.186068137362599,9.27310303375125,5.81418694742024,10.09101101756096,15.723332934081554,0,0,0.5,True,True,45.15,20.0,True,20m
2710.0,3_satellites,20.0,3,0.3,190.28370539448585,175.00634533848435,15.34147879845401,-1309.4956328684602,-1310.9767293198595,-1.481096451399253,5.681418649479747,9.92921246662736,4.588500036671758,9.278805423527956,19.87612757086754,0,0,0.5,True,True,45.166666666666664,20.0,True,20m
2711.0,3_satellites,20.0,3,0.3,189.9943903422265,174.7066347236638,15.339991828020285,-1311.3045337276112,-1312.785050447492,-1.480516719880825,3.749361978471279,7.782260116562247,4.365514614060521,7.154881943017244,17.419767908751965,0,0,0.6,True,True,45.18333333333333,20.0,True,20m
2712.0,3_satellites,20.0,3,0.3333333333333333,191.8742025107144,177.56449266553662,14.436883742040845,-1313.6071567158965,-1314.2360909567624,-0.6289342408661014,4.260868231041564,9.17311262132393,4.912244390282366,6.161682616919279,15.883937116712332,0,0,0.5555555555555556,True,True,45.2,20.0,True,20m
2713.0,3_satellites,20.0,3,0.3,187.74322751649356,172.47045771817366,15.337021528364565,-1320.456585712494,-1321.9359456830985,-1.4793599706044915,4.300878581032157,8.621883920207619,4.39247357994318,7.044177614152432,17.152143970131874,0,0,0.5,True,True,45.21666666666667,20.0,True,20m
2714.0,3_satellites,20.0,3,0.3,194.9836943298241,179.71873825063471,15.335529705749394,-1318.3784342608517,-1319.8572089873023,-1.478774726450638,3.116115749254823,7.336079029738903,4.4849904585629705,6.019400682300329,15.84802556410432,0,0,0.5,True,True,45.233333333333334,20.0,True,20m
2715.0,3_satellites,20.0,3,0.3,199.6550578615568,184.4319477344406,15.334038730352752,-1315.3178804570916,-1316.796071638995,-1.478191181903412,3.877567431330681,7.381151375174523,4.078766752034426,9.145944096148014,15.79936583712697,0,0,0.5,True,True,45.25,20.0,True,20m
2716.0,3_satellites,20.0,3,0.3333333333333333,205.6946724981086,191.57330254541856,14.430622537598335,-1311.3486130081294,-1311.9749471341663,-0.6263341260371362,7.30115543347266,9.328837119870716,6.0826901234686375,12.550623632967472,20.89557458087802,1,0,0.5555555555555556,True,True,45.266666666666666,20.0,True,20m
2717.0,3_satellites,20.0,3,0.375,190.90934243047727,178.979063002805,12.699404339055867,-1324.424695866487,-1323.0219872045325,1.402708661954648,2.816492256708443,8.44293112680316,5.6264388700947165,5.122196163982153,14.79763174429536,0,0,0.5,True,True,45.28333333333333,20.0,True,20m
2718.0,3_satellites,20.0,3,0.375,188.23455545384863,176.37864211817578,12.696109739851224,-1327.8120574929508,-1326.4055223341948,1.4065351587560144,4.572236469946802,8.817271173931658,5.952839481644332,8.736751575022936,13.89377400651574,0,0,0.5,True,True,45.3,20.0,True,20m
2719.0,3_satellites,20.0,3,0.3333333333333333,188.8775215903764,173.64621252833183,15.290408668837747,-1328.6398236369175,-1330.0799818684586,-1.4401582315410906,3.2260405284663043,8.48599253139562,5.2599520029293165,6.340105354785919,14.232630144804716,0,0,0.5555555555555556,True,True,45.31666666666667,20.0,True,20m
2720.0,3_satellites,20.0,3,0.3333333333333333,192.9091987796741,177.68467006340816,15.28787626166139,-1327.051646575828,-1328.490224568753,-1.4385779929252749,3.23977900048097,7.816332584867875,5.740249511682325,7.963924575597048,14.615829706192017,0,0,0.5555555555555556,True,True,45.333333333333336,20.0,True,20m
2721.0,3_satellites,20.0,3,0.375,185.5010942993617,173.61411331169353,12.686240066421249,-1332.0006158943208,-1330.582594105924,1.4180217883967998,3.362931353505701,8.666825577616692,5.845313576515764,6.404926288872957,13.973980009555817,0,0,0.5,True,True,45.35,20.0,True,20m
2722.0,3_satellites,20.0,3,0.375,194.1391676148331,182.22303341137268,12.682951073663698,-1328.524510789102,-1327.102653523046,1.4218572660558948,3.669532031752169,8.621956702787429,5.3119350974448025,6.651998892426491,15.393338464200497,0,0,0.5,True,True,45.36666666666667,20.0,True,20m
2723.0,3_satellites,20.0,3,0.3333333333333333,182.50580401859384,167.29618827984328,15.280296732726471,-1337.8657032143915,-1339.2995569711115,-1.4338537567198273,4.201705385413435,9.290120132681396,5.2096871539122525,7.889180116355419,16.687412343919277,0,0,0.5555555555555556,True,True,45.38333333333333,20.0,True,20m
2724.0,3_satellites,20.0,3,0.3333333333333333,187.889990104768,172.65882592031485,15.27776301323556,-1334.4883781279393,-1335.9206491500745,-1.4322710221349553,3.748312874386708,9.745576747589642,5.997263873202933,6.200198568403721,16.124559853225946,0,0,0.5555555555555556,True,True,45.4,20.0,True,20m
2725.0,3_satellites,20.0,3,0.3333333333333333,188.7262703410302,173.5120942862035,15.275233975419876,-1336.10081493061,-1337.5315074486546,-1.4306925180446797,3.469045758661297,8.27816023801764,5.564777169790533,7.049758095294237,15.089767094701529,0,0,0.5555555555555556,True,True,45.416666666666664,20.0,True,20m
2726.0,3_satellites,20.0,3,0.3333333333333333,179.02474781292295,163.78066813115728,15.272712058913266,-1344.724243447756,-1346.1533653649112,-1.4291219171552711,5.913310774498516,10.20265497888128,4.992703516036272,10.57927331700921,15.720127705484629,0,0,0.5555555555555556,True,True,45.43333333333333,20.0,True,20m
2727.0,3_satellites,20.0,3,0.375,184.83813901199628,165.90245253294128,18.98118971785148,-1338.8356080573994,-1343.0427898107107,-4.207181753311261,2.752103654667735,8.417247273493558,5.8693883321248,6.5191589668393135,14.45947453007102,0,0,0.625,True,True,45.45,20.0,True,20m
2728.0,3_satellites,20.0,3,0.375,194.15459357117783,182.3163755640536,12.663316566166417,-1332.6686439114394,-1331.2237989049563,1.4448450064830922,2.8446536818519235,8.198666581884027,5.354012900032103,4.564455322921276,13.714979149401188,0,0,0.5,True,True,45.46666666666667,20.0,True,20m
2729.0,3_satellites,20.0,3,0.375,197.12470100080915,185.2941221249113,12.660052576475554,-1330.7528208204617,-1329.304140475227,1.448680345234152,3.2036203467287123,7.214826917275786,5.336514675524086,6.764306973665953,12.511150624603031,0,0,0.5,True,True,45.483333333333334,20.0,True,20m
2730.0,3_satellites,20.0,3,0.4285714285714285,169.9281111596548,154.6138758897078,15.51672353962408,-1351.894678940375,-1353.0799568372956,-1.185277896920752,1.912441120083843,8.286956639694315,6.433511275265898,2.8139637298882008,11.41086721420288,0,0,0.5714285714285714,True,True,45.5,20.0,True,20m
2731.0,3_satellites,20.0,3,0.3333333333333333,187.3626878309901,172.13227593110537,15.2600714423589,-1339.690066369999,-1341.1112913951936,-1.4212250251946443,4.249334482683076,9.26691342021028,5.276364992476172,8.347748722881079,16.613223060965538,0,0,0.5555555555555556,True,True,45.516666666666666,20.0,True,20m
2732.0,3_satellites,20.0,3,0.3333333333333333,204.63945277995327,189.45738512953676,15.257535791231966,-1325.1563346655855,-1326.575969744178,-1.4196350785921368,5.455049742013216,10.108117004235586,6.249552683283885,10.560637511312962,17.791252229362726,0,0,0.5555555555555556,True,True,45.53333333333333,20.0,True,20m
2733.0,3_satellites,20.0,3,0.3333333333333333,192.74892030643016,177.56539224968793,15.255016669170235,-1333.2868648335375,-1334.7049292882089,-1.4180644546713663,3.117069978680876,9.476698942896393,6.359628964215517,6.034740436822176,15.631821926683187,0,0,0.5555555555555556,True,True,45.55,20.0,True,20m
2734.0,3_satellites,20.0,3,0.375,178.0938143240511,159.20084877305683,18.940430984070492,-1346.4403742656853,-1350.6196813553977,-4.179307089712211,0.6302933753468096,7.043569856323302,6.42920438060537,1.6221397817134855,13.493748512119057,0,0,0.5,True,True,45.56666666666667,20.0,True,20m
2735.0,3_satellites,20.0,3,0.4285714285714285,183.2147559752217,168.00229327654682,15.429951242461875,-1344.3343997495997,-1345.4429201598596,-1.108520410259871,1.2888791992196016,8.058289761521987,6.769410562302385,3.0799380727112293,13.275744508951902,0,0,0.5714285714285714,True,True,45.583333333333336,20.0,True,20m
2736.0,3_satellites,20.0,3,0.3333333333333333,203.49023836897635,188.32342805271924,15.247434425710347,-1325.635564315119,-1327.0488851168516,-1.4133208017326524,4.013766283790271,8.458880812343624,4.910415259086424,7.054531179368496,16.288166981190443,0,0,0.5555555555555556,True,True,45.6,20.0,True,20m
2737.0,3_satellites,20.0,3,0.3333333333333333,212.0918233950466,196.9245257552008,15.244903384454831,-1318.944524798204,-1320.35625987239,-1.4117350741860264,3.6611071473194494,8.040230114426878,4.944792620423767,6.219885855913162,16.53928956016898,0,0,0.5555555555555556,True,True,45.61666666666667,20.0,True,20m
2738.0,3_satellites,20.0,3,0.375,200.0067762231864,188.12419558891096,12.630850251078504,-1330.3167256395152,-1328.833534915084,1.4831907244313245,3.801485389471054,9.779021135997027,5.977535746525973,6.127783074975014,16.104997392743826,0,0,0.5,True,True,45.63333333333333,20.0,True,20m
2739.0,3_satellites,20.0,3,0.3333333333333333,193.27513445682612,178.06036768401256,15.239867647138158,-1336.1641579415316,-1337.5727493110037,-1.4085913694718784,5.070307085497512,10.913780270765225,5.8434731852677135,10.294441554695368,18.74111757427454,0,0,0.5555555555555556,True,True,45.65,20.0,True,20m
2740.0,3_satellites,20.0,3,0.3333333333333333,188.89013465320951,173.677339934369,15.237345416353069,-1335.4595983081483,-1336.866613076859,-1.4070147687104964,7.653527748253611,11.946411084383726,5.177462363822593,14.065916258841751,19.04833973571658,0,0,0.5555555555555556,True,True,45.666666666666664,20.0,True,20m
2741.0,3_satellites,20.0,3,0.3333333333333333,204.4682480255032,189.29376668502613,15.2348117329021,-1320.0825513784037,-1321.4879749589677,-1.40542358056382,3.054538016931878,7.538657873868942,4.661444566729996,5.485109597444534,13.398478236049414,0,0,0.5555555555555556,True,True,45.68333333333333,20.0,True,20m
2742.0,3_satellites,20.0,3,0.3333333333333333,212.33632076640157,197.19856053288316,15.232285344091196,-1311.21541658148,-1312.6192561924122,-1.403839610932209,4.944736580881807,9.05715380815996,5.379468362778425,7.682674136012793,17.60994165763259,0,0,0.5555555555555556,True,True,45.7,20.0,True,20m
2743.0,3_satellites,20.0,3,0.3333333333333333,213.44639693713023,198.3043516152781,15.229762579963095,-1308.255657392069,-1309.6579172353474,-1.4022598432784434,3.333572110368146,8.306003032459152,5.685940961870882,8.340443070977926,16.905669063329697,0,0,0.5555555555555556,True,True,45.71666666666667,20.0,True,20m
2744.0,3_satellites,20.0,3,0.3333333333333333,198.39788893609847,183.20293145365756,15.227247790553283,-1317.701300238005,-1319.101990373973,-1.4006901359680342,2.388378383798732,8.286343381636673,6.109919062505166,5.566496726125479,15.427854716777802,0,0,0.5555555555555556,True,True,45.733333333333334,20.0,True,20m
2745.0,3_satellites,20.0,3,0.3333333333333333,204.4767721962963,189.3022979794113,15.22472142131647,-1309.080631036274,-1310.479737072371,-1.3991060360974643,3.4859981536865234,8.137922051466173,5.644770221991672,7.172196213155985,13.69325726851821,0,0,0.5555555555555556,True,True,45.75,20.0,True,20m
2746.0,3_satellites,20.0,3,0.3333333333333333,206.5756334255088,191.4007181182726,15.222198736097065,-1306.6122145205047,-1308.0097396175097,-1.3975250970047457,3.337710176491075,7.687913533300161,4.971497721970081,6.723972138017416,14.27950445190072,0,0,0.5555555555555556,True,True,45.766666666666666,20.0,True,20m
2747.0,3_satellites,20.0,3,0.3333333333333333,216.80578196740976,201.6293206656476,15.219670854284356,-1296.396592151932,-1297.792530280358,-1.3959381284259962,3.5691184674700103,8.980797046174606,5.411678578704596,6.898695986717939,15.956205271184444,0,0,0.5555555555555556,True,True,45.78333333333333,20.0,True,20m
2748.0,3_satellites,20.0,3,0.3333333333333333,222.91785873397853,207.7788821377096,15.21714639783779,-1288.2424963337896,-1289.6368507989216,-1.3943544651319826,6.365143972138564,11.0871358766324,6.645078521221876,11.102797504514456,18.734056640416384,0,0,0.5555555555555556,True,True,45.8,20.0,True,20m
2749.0,3_satellites,20.0,3,0.3333333333333333,215.3788762313424,200.21245953829396,15.214629318297067,-1291.838366319235,-1293.2311455455556,-1.3927792263202718,2.460264371914996,8.375064455386665,5.914800083471669,6.24189955368638,16.425932180136442,0,0,0.5555555555555556,True,True,45.81666666666667,20.0,True,20m
2750.0,3_satellites,20.0,3,0.3333333333333333,211.85172730975384,196.67549173699055,15.21211075853148,-1291.7192528832736,-1293.1104545239946,-1.3912016407209649,4.308872961749633,9.97863614766134,5.669763185911709,7.407036632299423,16.608259957283735,0,0,0.5555555555555556,True,True,45.833333333333336,20.0,True,20m
2751.0,3_satellites,20.0,3,0.3333333333333333,216.29728965215543,201.1107885111683,15.20958598753761,-1284.9490325717277,-1286.338649884677,-1.3896173129489853,2.54311947317587,8.368961318913433,5.825841845737563,5.06597039103508,14.936131834983826,0,0,0.5555555555555556,True,True,45.85,20.0,True,20m
2752.0,3_satellites,20.0,3,0.3333333333333333,211.22422174715103,196.06931754861287,15.207071935105269,-1284.1321183466446,-1285.520161013995,-1.388042667350419,5.144852916399638,8.915488923589388,6.130077912575668,10.679186556488276,18.64792525023222,0,0,0.5555555555555556,True,True,45.86666666666667,20.0,True,20m
2753.0,3_satellites,20.0,3,0.4285714285714285,221.9777157871349,223.2299219539606,12.76600344562214,-1271.866204428558,-1259.0066576361392,12.859546792418996,3.798254290861743,6.190481150256736,4.734352316707373,5.709417641162872,15.309429038316011,0,0,0.7142857142857143,True,True,45.88333333333333,20.0,True,20m
2754.0,3_satellites,20.0,3,0.3333333333333333,207.94562521218768,192.80956760388185,15.202035547722728,-1280.3492984935704,-1281.7341832776128,-1.3848847840424696,4.889853313979176,9.551025963905785,6.07357404463821,8.549882516264915,15.660650838166475,0,0,0.5555555555555556,True,True,45.9,20.0,True,20m
2755.0,3_satellites,20.0,3,0.3333333333333333,211.9955429331667,197.81346746279064,14.368868883784456,-1277.3018141692853,-1277.902374380233,-0.6005602109473784,7.442503812826342,9.872317545529867,6.590089553760158,16.37151864171028,22.36915399879217,2,0,0.5555555555555556,True,True,45.916666666666664,20.0,True,20m
2756.0,3_satellites,20.0,3,0.4285714285714285,214.3405193828677,202.2552561318063,14.17026816507957,-1267.314173772564,-1265.5644389030765,1.749734869487611,2.636275770940951,5.595524827284472,4.306600538215467,4.747783996164799,13.059859346598389,0,0,0.5714285714285714,True,True,45.93333333333333,20.0,True,20m
2757.0,3_satellites,20.0,3,0.375,226.57740011814187,210.2786429373344,16.555837192807672,-1256.7791169921052,-1258.917219890444,-2.138102898338957,2.791991699486971,6.225419162306935,3.746654461603612,5.387943860143423,13.815273154526947,0,0,0.5,True,True,45.95,20.0,True,20m
2758.0,3_satellites,20.0,3,0.3333333333333333,221.32954413926825,207.11310051859505,14.36405616291969,-1259.2919925121048,-1259.8905265314302,-0.5985340193253705,7.125266905460093,11.330033313483,5.999534452541007,12.106289241462946,20.1607757396996,1,0,0.5555555555555556,True,True,45.96666666666667,20.0,True,20m
2759.0,3_satellites,20.0,3,0.3333333333333333,214.8304883437668,200.66641394067773,14.36245713130146,-1257.7102921470516,-1258.308156907242,-0.5978647601903049,4.12397960614827,7.680780770464076,4.831954731709427,9.301520206034184,15.584351785480976,0,0,0.5555555555555556,True,True,45.983333333333334,20.0,True,20m
2760.0,3_satellites,20.0,3,0.375,213.0155201406461,196.7266472493929,16.551047810236494,-1257.9927972799471,-1260.1287431601922,-2.135945880245117,2.7114169890992343,6.76173818577081,5.938480245415121,7.690309599041939,15.162380795925856,0,0,0.5,True,True,46.0,20.0,True,20m
2761.0,3_satellites,20.0,3,0.3333333333333333,207.61834545065025,193.385475063429,14.359249729415312,-1257.6158123424518,-1258.2123308705957,-0.5965185281436334,3.214208592557245,7.7737614922225475,5.538403532571262,7.734735213220119,12.540252666920424,0,0,0.5555555555555556,True,True,46.016666666666666,20.0,True,20m
2762.0,3_satellites,20.0,3,0.375,216.49979359348032,204.7683945575546,12.554300554509942,-1251.1388662572283,-1249.5635135474106,1.5753527098179347,4.494891142006964,9.4801747049205,5.829783705063164,6.916483122855425,17.329873774200678,0,0,0.5,True,True,46.03333333333333,20.0,True,20m
2763.0,3_satellites,20.0,3,0.375,200.48780539287716,188.60511572524703,12.551163835822123,-1260.1814042059236,-1258.6022182993115,1.5791859066121106,5.418681798968464,10.904279253911229,6.229301772080362,9.243653107434511,16.94090673699975,0,0,0.5,True,True,46.05,20.0,True,20m
2764.0,3_satellites,20.0,3,0.4285714285714285,169.07500920316537,154.31251178303182,14.94054522137296,-1280.9093980042578,-1281.5785310964377,-0.6691330921798908,1.779532526220594,9.610932389540332,7.90994572107281,3.854386556893587,16.047827146947384,0,0,0.5714285714285714,True,True,46.06666666666667,20.0,True,20m
2765.0,3_satellites,20.0,3,0.4285714285714285,180.54630860447472,165.8086326295088,14.924083232365042,-1272.4176591100727,-1273.0718056978246,-0.6541465877519386,2.0902984610625674,9.584958534687756,7.49466007362519,4.896186172962189,18.444282103329897,0,0,0.5714285714285714,True,True,46.083333333333336,20.0,True,20m
2766.0,3_satellites,20.0,3,0.4285714285714285,189.57047178606703,174.8569045990022,14.907653016452793,-1263.6101687382034,-1264.2493441265804,-0.6391753883769979,1.205137307622603,9.135886508439269,8.010405215301684,2.44975109398365,15.499453622847795,0,0,0.5714285714285714,True,True,46.1,20.0,True,20m
2767.0,3_satellites,20.0,3,0.4285714285714285,182.14226198861076,167.41416759197585,14.891266100514152,-1264.5763995186323,-1265.20063066568,-0.6242311470477944,1.1504130358142513,8.535479839891195,7.465275846421719,2.395269278436899,13.535091612488031,0,0,0.5714285714285714,True,True,46.11666666666667,20.0,True,20m
2768.0,3_satellites,20.0,3,0.5,198.51239429909924,220.56196920891117,29.20065918988428,-1248.639295514694,-1218.9585654830817,29.680730031612484,1.8944199581940968,5.398075028633078,4.04489943695565,2.574357822537422,11.8605803437531,0,0,0.6666666666666666,True,True,46.13333333333333,20.0,True,20m
2769.0,3_satellites,20.0,3,0.4285714285714285,186.04669042604365,171.4387313685338,14.858560783429716,-1255.4382440601948,-1256.03260343053,-0.594359370335269,1.580328227153846,7.4940630330571105,5.913734805903265,3.098209425806999,14.625912953168154,0,0,0.5714285714285714,True,True,46.15,20.0,True,20m
2770.0,3_satellites,20.0,3,0.4285714285714285,191.38681896298243,176.92887207117408,14.842246514791304,-1250.624239555323,-1251.2036768224666,-0.5794372671439305,1.537157008158309,8.577479896268674,7.122183234563896,2.2053081914782524,11.961211618036032,0,0,0.5714285714285714,True,True,46.166666666666664,20.0,True,20m
2771.0,3_satellites,20.0,3,0.4285714285714285,180.7096932547422,166.14902461811195,14.825978898644662,-1258.3421038594947,-1258.9066480951765,-0.5645442356817512,3.0934524445661475,11.108301270753143,8.014848826186997,6.1971121057868,19.754963792860508,0,0,0.5714285714285714,True,True,46.18333333333333,20.0,True,20m
2772.0,3_satellites,20.0,3,0.4285714285714285,191.0430212001529,176.46184534778274,14.809722631543664,-1250.4258565727323,-1250.975502296966,-0.5496457242334145,2.3981229859803403,10.330898238612074,8.015731887093612,3.76478561386466,15.471472542732954,0,0,0.5714285714285714,True,True,46.2,20.0,True,20m
2773.0,3_satellites,20.0,3,0.4285714285714285,178.6810787340626,164.07515214149026,14.793511047067112,-1258.5175843507022,-1259.0523604451942,-0.5347760944919173,1.193679308252675,7.077453318451132,5.967276745608875,2.324140634387732,11.93319633603096,0,0,0.5714285714285714,True,True,46.21666666666667,20.0,True,20m
2774.0,3_satellites,20.0,3,0.375,204.0807117435757,185.4358990299125,18.709191991890712,-1236.193896168074,-1240.214642980921,-4.020746812847392,3.046609540004283,7.965788053814322,5.183097378350794,6.371138468384743,15.111953102052212,0,0,0.625,True,True,46.233333333333334,20.0,True,20m
2775.0,3_satellites,20.0,3,0.4285714285714285,187.53444161999312,173.12257635636186,14.761146311854889,-1252.8487456083146,-1253.3537882875228,-0.5050426792081453,0.7719610721937248,8.440706770334925,7.6687456981412,2.0076952278614044,13.72436822205782,0,0,0.5714285714285714,True,True,46.25,20.0,True,20m
2776.0,3_satellites,20.0,3,0.4285714285714285,181.1359161051667,166.56368885838384,14.745018926787193,-1261.3821371200756,-1261.8723432034787,-0.490206083403109,1.0842646158167295,9.018372894397803,8.019243048770088,1.5510917603969574,14.613558992743492,0,0,0.5714285714285714,True,True,46.266666666666666,20.0,True,20m
2777.0,3_satellites,20.0,3,0.4285714285714285,186.72406868597812,172.1946625801766,14.72890706104472,-1257.665814274587,-1258.141182123033,-0.4753678484460124,2.0437411910721237,9.978180468614612,8.020115950810057,2.816105354577303,15.714289106428623,0,0,0.5714285714285714,True,True,46.28333333333333,20.0,True,20m
2778.0,3_satellites,20.0,3,0.4285714285714285,182.41601322683724,167.93653398123843,14.712833271845762,-1259.9787550372766,-1260.439305718168,-0.4605506808914015,1.6207368139709746,7.85347853867071,6.232741724699736,2.470987431704998,14.963431280106306,0,0,0.5714285714285714,True,True,46.3,20.0,True,20m
2779.0,3_satellites,20.0,3,0.4285714285714285,179.48783988165238,165.08039145793896,14.696783178444898,-1261.658199010645,-1262.103940664318,-0.4457416536731671,1.485760427479233,7.062049384095839,5.663045579833644,3.651091739535332,9.91946616023779,0,0,0.5714285714285714,True,True,46.31666666666667,20.0,True,20m
2780.0,3_satellites,20.0,3,0.4285714285714285,190.2763895276852,175.89836650087577,14.680753283491647,-1255.451668442823,-1255.882602583045,-0.430934140222007,1.3749914829220091,8.311925459120955,6.9369339761989455,2.1456880755722523,15.632703829556704,0,0,0.5714285714285714,True,True,46.333333333333336,20.0,True,20m
2781.0,3_satellites,20.0,3,0.375,199.1872028492594,180.59327948587116,18.669046070299657,-1248.9362004712627,-1252.9293536217558,-3.993153150493072,2.727744607720524,6.942082215100527,5.493197666946799,6.474524490535259,15.511816665530205,0,0,0.5,True,True,46.35,20.0,True,20m
2782.0,3_satellites,20.0,3,0.4285714285714285,174.82372568904057,160.34644896486253,14.648819816576466,-1271.3665025547732,-1271.7678976454238,-0.401395090650567,1.4996472208627634,8.184908409203802,6.685261188341038,2.3890582509338856,15.588623851537704,0,0,0.5714285714285714,True,True,46.36666666666667,20.0,True,20m
2783.0,3_satellites,20.0,3,0.4285714285714285,169.92117623565176,155.47400279189387,14.632889547330407,-1277.3622509288211,-1277.748888341156,-0.3866374123347214,1.2710952215961049,8.52156943029591,7.3393786544246336,2.0077280290424824,12.40713894739747,0,0,0.5714285714285714,True,True,46.38333333333333,20.0,True,20m
2784.0,3_satellites,20.0,3,0.4285714285714285,180.26004004220135,165.89212578349705,14.616975253559632,-1270.2735577314677,-1270.6454354776663,-0.3718777461986065,0.7372455086026873,7.562292034072535,6.8250465254698485,1.7706548050045967,13.698004800826313,0,0,0.5714285714285714,True,True,46.4,20.0,True,20m
2785.0,3_satellites,20.0,3,0.4285714285714285,183.39014427807692,169.11869608785554,14.601096118168584,-1269.583894219598,-1269.9410309382304,-0.3571367186323186,0.7051046341657639,8.003619760274887,7.388486763196332,1.129100363701582,12.450763933360577,0,0,0.5714285714285714,True,True,46.416666666666664,20.0,True,20m
2786.0,3_satellites,20.0,3,0.4285714285714285,171.52894846445483,157.12959084171075,14.585267818133923,-1281.609898165661,-1281.9523264171833,-0.3424282515222785,1.4536685736051629,8.778835868729013,7.325167295123849,3.672665666788817,13.976326406002045,0,0,0.5714285714285714,True,True,46.43333333333333,20.0,True,20m
2787.0,3_satellites,20.0,3,0.4285714285714285,167.25693593829837,152.88772358181134,14.569449018049983,-1285.8448310144884,-1286.1725454271284,-0.3277144126400344,1.1521231393728937,9.089824101754598,8.028735407761165,1.7691985294222832,14.557422209531069,0,0,0.5714285714285714,True,True,46.45,20.0,True,20m
2788.0,3_satellites,20.0,3,0.4285714285714285,173.88099377160765,159.56239846460704,14.553651010328542,-1279.5679470365997,-1279.8809506432174,-0.3130036066177126,1.5485234313777514,9.112045644649438,7.597235149570873,3.504631783813238,16.616468351334333,0,0,0.5714285714285714,True,True,46.46666666666667,20.0,True,20m
2789.0,3_satellites,20.0,3,0.4285714285714285,185.71354423088647,171.64116779606178,14.537874155621878,-1266.1192578022535,-1266.4175550646987,-0.2982972624452031,0.7571122071572712,8.123442474752665,7.366330267595393,1.2151838652789593,14.620316214859486,0,0,0.5714285714285714,True,True,46.483333333333334,20.0,True,20m
2790.0,3_satellites,20.0,3,0.4285714285714285,173.82023904704494,159.5512573811909,14.52215696136087,-1275.6518538279076,-1275.9354866069718,-0.2836327790641917,2.3059215588229045,10.244584309735467,8.031283594135727,3.0797152146697044,16.28436776995659,0,0,0.5714285714285714,True,True,46.5,20.0,True,20m
2791.0,3_satellites,20.0,3,0.4285714285714285,184.4154286674764,170.1963106506402,14.506446890384716,-1265.040927644969,-1265.3098856863533,-0.2689580413841668,0.9919603924666132,8.930941866976875,8.032128887517112,1.781836599111557,13.827229119837284,0,0,0.5714285714285714,True,True,46.516666666666666,20.0,True,20m
2792.0,3_satellites,20.0,3,0.4285714285714285,167.62350452977577,153.397749086432,14.490784294620482,-1275.656976990275,-1275.9112921002552,-0.254315109980098,1.7120771615632944,9.6513768147145,8.03297214156815,3.854301691055298,14.170044090598822,0,0,0.5714285714285714,True,True,46.53333333333333,20.0,True,20m
2793.0,3_satellites,20.0,3,0.4285714285714285,176.54728802317953,162.27432923688613,14.475131633519808,-1268.2457938441637,-1268.485457608058,-0.2396637638942138,2.059646835816758,10.093461047325816,8.033814211509057,3.949520602822304,16.644508238881826,0,0,0.5714285714285714,True,True,46.55,20.0,True,20m
2794.0,3_satellites,20.0,3,0.4285714285714285,177.62937303481075,163.47345341693344,14.459510069699364,-1263.193228221422,-1263.4182558973832,-0.2250276759612006,1.830774998026235,7.80938183888793,6.073327311979873,2.829730857163668,12.82863112539053,0,0,0.5714285714285714,True,True,46.56666666666667,20.0,True,20m
2795.0,3_satellites,20.0,3,0.375,187.53217715252185,175.99245558011626,12.452367858107396,-1250.4119510956973,-1248.7096773883663,1.70227370733096,2.477696152869612,6.867188662290573,4.572498097550124,4.648353967815638,11.799810476601124,0,0,0.5,True,True,46.583333333333336,20.0,True,20m
2796.0,3_satellites,20.0,3,0.4285714285714285,189.905526691298,175.94042926778343,14.428352287676388,-1247.1418859858256,-1247.3376731016408,-0.1957871158151647,0.704789288341999,8.558503905045134,7.853714616703136,1.237709864974022,14.534726414829493,0,0,0.5714285714285714,True,True,46.6,20.0,True,20m
2797.0,3_satellites,20.0,3,0.4285714285714285,183.41498122038024,169.32359962278565,14.412829182070986,-1249.8598231912397,-1250.0410202480125,-0.1811970567725893,1.7923881709575653,8.82594018216644,7.033552011208875,3.3543921411037445,16.952300306409597,0,0,0.5714285714285714,True,True,46.61666666666667,20.0,True,20m
2798.0,3_satellites,20.0,3,0.375,202.4202264040105,190.98973360284387,12.443279857816352,-1229.721487108674,-1228.0076486835865,1.7138384250874878,4.907384179998189,8.68136133113876,5.540080768987536,7.785553477704525,17.495779365301132,0,0,0.625,True,True,46.63333333333333,20.0,True,20m
2799.0,3_satellites,20.0,3,0.4285714285714285,170.65266009364566,156.646889908623,14.38186728169339,-1248.548954051968,-1248.7010049139526,-0.1520508619846623,1.7750062277274472,7.3701402475791316,5.692453984703336,3.943669229745865,10.468487828969955,0,0,0.5714285714285714,True,True,46.65,20.0,True,20m
2800.0,3_satellites,20.0,3,0.4285714285714285,165.2361993179684,151.10689051273857,14.366433021397484,-1247.8849183802058,-1248.022416077442,-0.1374976972360855,2.4930583339716708,10.38533288879054,7.990111514393773,4.736369792371988,13.836804911494257,0,0,0.5714285714285714,True,True,46.666666666666664,20.0,True,20m
2801.0,3_satellites,20.0,3,0.4285714285714285,159.5455020416312,145.45757376482973,14.351025913700436,-1248.6328257478033,-1248.755780446019,-0.122954698215608,1.5775674528309278,9.02394175050514,7.544726481927293,2.7779253721237183,13.111553490161896,0,0,0.5714285714285714,True,True,46.68333333333333,20.0,True,20m
2802.0,3_satellites,20.0,3,0.4285714285714285,163.4454621687186,149.37862912242335,14.335639586508014,-1238.4986646515404,-1238.6070797305038,-0.1084150789633895,1.6971676812640255,8.821979744625944,7.223678906049047,4.038451239466667,14.374049246311188,0,0,0.5714285714285714,True,True,46.7,20.0,True,20m
2803.0,3_satellites,20.0,3,0.4285714285714285,172.64000171607887,158.6657048287953,14.320274860030748,-1225.067598518953,-1225.1614788512677,-0.0938803323144839,1.418432415063892,8.061327680945396,6.74227585164564,2.011783730238676,12.497007504105568,0,0,0.5714285714285714,True,True,46.71666666666667,20.0,True,20m
2804.0,3_satellites,20.0,3,0.4285714285714285,152.45855592274674,138.3891051185798,14.304971237082222,-1235.39706614609,-1235.476455120513,-0.0793889744229545,2.5059896106166497,10.189577836543322,7.783480835812432,4.681655362248421,15.021182231605051,0,0,0.5714285714285714,True,True,46.733333333333334,20.0,True,20m
2805.0,3_satellites,20.0,3,0.4285714285714285,162.193714245333,148.2640172164406,14.289666514705509,-1219.1436380008815,-1219.20851713945,-0.0648791385685854,1.2281719376998288,8.065330762948308,6.937562684395483,1.6873022839426994,12.33046281710267,0,0,0.5714285714285714,True,True,46.75,20.0,True,20m
2806.0,3_satellites,20.0,3,0.4285714285714285,164.3462873147782,150.3804331308085,14.274401433223613,-1212.193929553799,-1212.2443207602685,-0.050391206469385,0.7324952738625663,7.324445376438754,6.591950102576187,1.289899442344904,12.32104291021824,0,0,0.5714285714285714,True,True,46.766666666666666,20.0,True,20m
2807.0,3_satellites,20.0,3,0.4285714285714285,170.539956333749,156.67961408168543,14.259157667628624,-1197.7757992599784,-1197.8117074238603,-0.0359081638819134,1.2260292103247985,7.598924668239696,6.474319045032773,2.571320917457342,11.04104321449995,0,0,0.5714285714285714,True,True,46.78333333333333,20.0,True,20m
2808.0,3_satellites,20.0,3,0.375,194.80698990083735,183.3019609761759,12.413253370042115,-1175.8880482742654,-1174.1356801432692,1.752368130996274,3.0391058530658484,8.673685683868825,5.634579830802977,5.683463901281357,16.18040493875742,0,0,0.5,True,True,46.8,20.0,True,20m
2809.0,3_satellites,20.0,3,0.4285714285714285,160.10834968150087,146.2046870648741,14.228787425612422,-1193.5202858930347,-1193.5272917662048,-0.007005873170101,0.9588707579033716,8.65844389051199,7.802011672939573,1.7052604295313358,13.28448186069727,0,0,0.5714285714285714,True,True,46.81666666666667,20.0,True,20m
2810.0,3_satellites,20.0,3,0.375,198.4432461368064,187.0834704205268,12.407291056099153,-1156.1255775276284,-1154.36549970112,1.7600778265082226,5.199843625538051,10.29979427298531,5.267848849762231,6.982722397893667,17.22395531833172,0,0,0.5,True,True,46.833333333333336,20.0,True,20m
2811.0,3_satellites,20.0,3,0.375,195.03896557860784,183.62402734332548,12.404315681383764,-1146.4208171241105,-1144.6568850158612,1.7639321082492645,3.685282772406936,8.840458797290921,5.51661407854408,6.068275813013315,14.448534552007914,0,0,0.5,True,True,46.85,20.0,True,20m
2812.0,3_satellites,20.0,3,0.4285714285714285,173.51200622628286,159.73859350778716,14.183423393761244,-1154.3955350807948,-1154.3592490710853,0.0362860097095563,2.050488769475902,7.676318896136114,5.729784002261503,3.152763731777668,11.023076683282852,0,0,0.5714285714285714,True,True,46.86666666666667,20.0,True,20m
2813.0,3_satellites,20.0,3,0.375,201.0642403392286,189.66994240465692,12.398374633200172,-1126.850344780662,-1125.078700523112,1.7716442575499514,6.226124515291303,11.166296429466456,5.421214706264436,9.374666422605516,18.7084708660841,0,0,0.5,True,True,46.88333333333333,20.0,True,20m
2814.0,3_satellites,20.0,3,0.4285714285714285,176.70052530316278,162.91869046507114,14.153341195976886,-1136.2508714038004,-1136.1857957876532,0.065075616147169,2.191719865160329,9.27455789915153,7.109172240964004,5.246142126619816,15.60510166734457,0,0,0.5714285714285714,True,True,46.9,20.0,True,20m
2815.0,3_satellites,20.0,3,0.375,188.56403353012604,177.22830985642815,12.392456493528858,-1115.8771010923033,-1114.097753115201,1.7793479771023613,6.139758900273591,9.74516703374684,6.27851086249575,10.883791003376244,17.023874308913946,0,0,0.625,True,True,46.916666666666664,20.0,True,20m
2816.0,3_satellites,20.0,3,0.4285714285714285,183.29616500753963,169.696713214327,14.123362569509773,-1110.6006039629976,-1110.5067748886636,0.093829074334053,1.6077495169426714,7.905286009290388,6.297536492347717,2.4763772822916508,15.310919027775526,0,0,0.5714285714285714,True,True,46.93333333333333,20.0,True,20m
2817.0,3_satellites,20.0,3,0.375,177.49428798952226,166.01078420012962,12.386547699635916,-1105.46260045822,-1103.6755428690606,1.7870575891593037,2.608151713386178,8.231269191484898,5.62311747809872,5.139087196439505,13.90799755603075,0,0,0.5,True,True,46.95,20.0,True,20m
2818.0,3_satellites,20.0,3,0.4285714285714285,160.6777184942885,146.91625557159227,14.093532790207192,-1106.851952521449,-1106.7294492819776,0.1225032394713707,1.6977435829383989,9.21050774678588,7.619719681463072,2.973063673824072,12.954630218446257,0,0,0.5714285714285714,True,True,46.96666666666667,20.0,True,20m
2819.0,3_satellites,20.0,3,0.375,188.3101229014233,177.03548197377268,12.38064398150014,-1069.79348702924,-1067.9987090637271,1.7947779655128215,4.95257208077237,9.201593939214945,6.218152974266559,9.285252768546345,17.580441266298294,0,0,0.5,True,True,46.983333333333334,20.0,True,20m
2820.0,3_satellites,20.0,3,0.375,179.3650375531438,167.79522044899204,12.377702415479966,-1068.597267549049,-1066.7986335382,1.798634010849355,4.838214031420648,9.252446849364787,6.190138341393322,8.898994091898203,14.111534610390663,0,0,0.5,True,True,47.0,20.0,True,20m
2821.0,3_satellites,20.0,3,0.375,185.6265746034649,174.22378568019587,12.374759045473622,-1047.7660900946917,-1045.9635946542292,1.802495440462508,4.006886852439493,9.50197377987206,5.520721926819533,6.104745056480169,15.94195767492056,0,0,0.5,True,True,47.016666666666666,20.0,True,20m
2822.0,3_satellites,20.0,3,0.375,208.5264751909722,197.46178731739047,12.371809508479858,-1018.0203665398718,-1016.2139998044788,1.8063667353931123,8.026853567920625,10.97983381478116,6.883234566543251,14.051274616271256,17.733558755367994,0,0,0.625,True,True,47.03333333333333,20.0,True,20m
2823.0,3_satellites,20.0,3,0.4285714285714285,168.90334299224946,155.43486933117538,14.019398155397406,-1035.4307552800904,-1035.2367013718706,0.1940539082197574,0.5580343359283039,8.506766973329443,8.058161505098854,0.9707737378776072,13.847498752176762,0,0,0.5714285714285714,True,True,47.05,20.0,True,20m
2824.0,3_satellites,20.0,3,0.4285714285714285,175.29604903150891,161.80384639303173,14.004658082241225,-1017.7998197086188,-1017.5914904725212,0.2083292360977111,3.934125946036407,7.712933158235891,4.369059687214238,7.242424499243498,12.020215254276993,0,0,0.5714285714285714,True,True,47.06666666666667,20.0,True,20m
2825.0,3_satellites,20.0,3,0.375,181.8251549600476,170.5286079281468,12.363024279221154,-1002.0800369534776,-1000.2620969674668,1.817939986010856,1.3878936124965549,7.952209414448589,6.564315801952034,2.272658918052912,14.061733860522509,0,0,0.5,True,True,47.083333333333336,20.0,True,20m
2826.0,3_satellites,20.0,3,0.375,156.6423748621311,138.29265488583292,18.413179617029822,-1009.3482815813824,-1013.1651332108324,-3.816851629449957,3.008463176432997,7.47262364346534,6.040227789897472,4.570880368351936,15.852196089923382,0,0,0.625,True,True,47.1,20.0,True,20m
2827.0,3_satellites,20.0,3,0.375,178.0680508581689,159.6969613432766,18.40751407595855,-982.5270832791108,-986.3400146007352,-3.8129313216245455,2.9381787311285734,8.651962481904775,6.044432663824409,7.926052521914244,14.528549369424582,0,0,0.625,True,True,47.11666666666667,20.0,True,20m
2828.0,3_satellites,20.0,3,0.375,172.38953731328044,154.04853410660138,18.40187914965838,-974.235727452198,-978.0447691750928,-3.80904172289479,2.6909220991656184,6.608217161614448,4.249197098892182,4.042642116546631,13.56789219379425,0,0,0.625,True,True,47.13333333333333,20.0,True,20m
2829.0,3_satellites,20.0,3,0.375,163.50294169040723,145.13077396430958,18.39624381685665,-969.2523780554928,-973.0575307619252,-3.805152706432409,2.7551384163089097,8.052679109852761,5.630696583539248,5.993883021175861,12.32503106072545,0,0,0.625,True,True,47.15,20.0,True,20m
2830.0,3_satellites,20.0,3,0.375,181.43070313206064,163.11098095884378,18.390590736773845,-941.708678630844,-945.5099196381252,-3.801241007281419,3.2918947017751634,7.582252820022404,4.729367077816278,7.832771427929401,13.13496519625187,0,0,0.625,True,True,47.166666666666664,20.0,True,20m
2831.0,3_satellites,20.0,3,0.4285714285714285,158.93544690905588,145.49644882935235,13.902347387475784,-948.9205624567574,-948.612680458339,0.3078819984183383,2.808554765901395,6.793380896427801,4.136088281869888,6.110440593212843,11.855781216174364,0,0,0.5714285714285714,True,True,47.18333333333333,20.0,True,20m
2832.0,3_satellites,20.0,3,0.4285714285714285,158.32688833166878,144.93473904610363,13.887852462974768,-938.3387191828888,-938.0166649707296,0.3220542121591734,2.04170919369374,8.562929244978088,6.635036487132311,4.230220105499029,14.62330711632967,0,0,0.5714285714285714,True,True,47.2,20.0,True,20m
2833.0,3_satellites,20.0,3,0.4285714285714285,156.83812791919922,143.43009047509173,13.873386744985991,-928.8905941484838,-928.5543800741108,0.3362140743730606,1.7353762185999326,7.549919081585748,5.928841591945717,3.716639768332243,10.290063057094812,0,0,0.5714285714285714,True,True,47.21666666666667,20.0,True,20m
2834.0,3_satellites,20.0,3,0.4285714285714285,162.16364270288102,148.89393247841195,13.858946515744645,-912.4271737826236,-912.0768068105348,0.3503669720889775,1.339291540639741,7.248571732214519,5.909280191574778,2.995586149394512,11.86274627968669,0,0,0.5714285714285714,True,True,47.233333333333334,20.0,True,20m
2835.0,3_satellites,20.0,3,0.4285714285714285,155.48636867364414,142.16757080463927,13.844545986005112,-908.237208508202,-907.8727113512896,0.3644971569125346,1.5504222586750984,7.572145356663635,6.13698249416692,3.0612176433205605,11.336949907243252,0,0,0.5714285714285714,True,True,47.25,20.0,True,20m
2836.0,3_satellites,20.0,3,0.4285714285714285,168.22634182565162,155.02500098481534,13.830158799492365,-887.523114961921,-887.144482665711,0.3786322962099575,2.148954446294478,7.04235827550292,5.43360027883734,5.943059995770454,13.855047576129436,0,0,0.5714285714285714,True,True,47.266666666666666,20.0,True,20m
2837.0,3_satellites,20.0,3,0.5,165.36208251939937,189.44148665723125,31.380830379551156,-881.1658564770578,-849.7807059413419,31.385150535715866,1.860296657308936,6.167147325972716,4.904964997743567,4.024644047021866,12.53301042318344,0,0,0.6666666666666666,True,True,47.28333333333333,20.0,True,20m
2838.0,3_satellites,20.0,3,0.4285714285714285,137.66857512320965,124.24164930460914,13.801537291684024,-893.7517817352937,-893.344977917884,0.4068038174096955,1.9183107603873528,9.871317722435508,8.069698966507401,2.713539570569992,15.803812976926563,0,0,0.5714285714285714,True,True,47.3,20.0,True,20m
2839.0,3_satellites,20.0,3,0.5,149.41203186803017,172.47470331563616,31.44034021683612,-874.8776918063957,-843.4462129374203,31.43147886897532,2.437796264886856,4.539977723732591,2.8476233451316757,4.022198613733053,9.781839065253736,0,0,0.6666666666666666,True,True,47.31666666666667,20.0,True,20m
2840.0,3_satellites,20.0,3,0.5,158.38226367389308,182.1170957097532,31.469953342581288,-855.7166093790003,-824.2620912764729,31.454518102527345,1.7057122228046258,6.747421737760305,5.0547269222637015,3.091792818158865,13.9666960388422,0,0,0.6666666666666666,True,True,47.333333333333336,20.0,True,20m
2841.0,3_satellites,20.0,3,0.5,155.9974815760148,179.9091958931387,31.49955601719837,-845.3341480934777,-813.8565950328101,31.47755306066756,0.8448135672758023,5.355656579136848,4.510843011861046,1.6292796470224855,12.17079883441329,0,0,0.5,True,True,47.35,20.0,True,20m
2842.0,3_satellites,20.0,3,0.5,145.22741300087256,168.90030821911924,31.52911946187004,-842.5156821275248,-811.0151226711828,31.50055945634199,1.763148653631409,7.606368207683166,5.8943558018654585,3.5084173902869225,17.306505292654037,0,0,0.5,True,True,47.36666666666667,20.0,True,20m
2843.0,3_satellites,20.0,3,0.5,159.10337984342897,183.26085837053208,31.558576997092413,-816.4460608388689,-784.9225918782345,31.523468960634432,2.273683711886406,4.475814284135898,2.823085262129704,4.010602332651615,9.785485502332447,0,0,0.6666666666666666,True,True,47.38333333333333,20.0,True,20m
2844.0,3_satellites,20.0,3,0.4285714285714285,207.1550649366245,194.4287877529758,13.716240429825737,-767.8294423974902,-767.3382660073231,0.4911763901670838,6.525899063263621,7.186697255287852,7.687991262546608,14.634755246341228,13.983951553702354,0,0,0.5714285714285714,True,True,47.4,20.0,True,20m
2845.0,3_satellites,20.0,3,0.5,159.98649882707565,184.08031668325447,31.617384842004128,-793.8918820161811,-762.3226714193022,31.56921059687886,1.4015749990940094,7.342870961874723,5.941295962780714,2.913734517991543,16.70580166578293,0,0,0.5,True,True,47.416666666666664,20.0,True,20m
2846.0,3_satellites,20.0,3,0.4285714285714285,145.21363752636262,131.8933160787119,13.68813700049525,-792.850430763441,-792.3313166173514,0.5191141460895778,1.207517041691712,8.427227678043502,7.21971063635179,3.2282908260822296,13.64712419360876,0,0,0.5714285714285714,True,True,47.43333333333333,20.0,True,20m
2847.0,3_satellites,20.0,3,0.5,145.52011084125022,169.35862556348948,31.67600540893866,-779.4285884559513,-747.8137848786768,31.61480357727453,1.941193489357829,4.282381477455298,2.572702278072635,4.030942685902119,9.757072571665049,0,0,0.5,True,True,47.45,20.0,True,20m
2848.0,3_satellites,20.0,3,0.4285714285714285,146.68057865141904,133.5098885528743,13.660085819758123,-767.7183897205542,-767.1713197059598,0.5470700145943965,1.1119098413203443,6.965239585510322,5.853329744189978,2.534488685429096,11.131728500127792,0,0,0.5714285714285714,True,True,47.46666666666667,20.0,True,20m
2849.0,3_satellites,20.0,3,0.4285714285714285,156.66928609646104,143.59874097690516,13.646102928747045,-747.4674930352585,-746.9064598322227,0.5610332030357768,1.6026117993252618,8.272723622087922,6.670111822762659,2.253792989999056,15.766665313392878,0,0,0.5714285714285714,True,True,47.483333333333334,20.0,True,20m
2850.0,3_satellites,20.0,3,0.4285714285714285,154.46961495176657,141.3414717019966,13.632153688252169,-736.6570520882634,-736.0820732620326,0.5749788262307902,1.5510296731122903,7.763517805508205,6.212488132395914,4.056203443557024,14.888584222644567,0,0,0.5714285714285714,True,True,47.5,20.0,True,20m
2851.0,3_satellites,20.0,3,0.4285714285714285,144.87172270281638,131.67824964404008,13.618251135146036,-731.7748376630664,-731.1859404107657,0.588897252300626,1.638010150087731,8.993391350443874,7.355381200356143,3.183841895312071,15.002219691872597,0,0,0.5714285714285714,True,True,47.516666666666666,20.0,True,20m
2852.0,3_satellites,20.0,3,0.375,179.79377065298493,163.70007424980622,16.39679820493318,-685.925935986241,-687.9907185314453,-2.0647825452042525,5.246834403369576,7.324218970257789,6.974521324969828,11.429957151412964,14.947477754205464,0,0,0.625,True,True,47.53333333333333,20.0,True,20m
2853.0,3_satellites,20.0,3,0.4285714285714285,141.7830126072292,128.6504151438919,13.590508111422922,-705.5087798136985,-704.892056547568,0.6167232661305206,0.8217966370284557,8.541502505008664,7.719705867980208,2.159870833158493,13.860430520027876,0,0,0.5714285714285714,True,True,47.55,20.0,True,20m
2854.0,3_satellites,20.0,3,0.4285714285714285,151.4798040781177,138.47058838206772,13.576672594030502,-683.163331797051,-682.5327048039729,0.6306269930780672,1.337205061422927,6.744324959282364,5.5015307781951766,2.388939950615168,11.284433107823132,0,0,0.5714285714285714,True,True,47.56666666666667,20.0,True,20m
2855.0,3_satellites,20.0,3,0.4285714285714285,149.3889458852825,136.26687964267586,13.562880703360827,-672.7802939458721,-672.135788334587,0.6445056112851262,0.4235852829047611,8.36380460113287,8.064851509673256,0.8171699792146683,13.681599140167236,0,0,0.5714285714285714,True,True,47.583333333333336,20.0,True,20m
2856.0,3_satellites,20.0,3,0.4285714285714285,150.0976682383124,137.06006075417562,13.549112059401653,-658.2932357996499,-657.6348579832339,0.6583778164159639,1.7814217278999942,8.215993161712374,6.559661452791521,2.683116842061281,11.100849017500876,0,0,0.5714285714285714,True,True,47.6,20.0,True,20m
2857.0,3_satellites,20.0,3,0.4285714285714285,154.86298843604078,141.79920621302344,13.535375242654831,-643.0312911072648,-642.3590533304572,0.6722377768076058,1.7571320922247,8.847757783851453,7.090625691626753,3.272306963801384,16.949190616607666,0,0,0.5714285714285714,True,True,47.61666666666667,20.0,True,20m
2858.0,3_satellites,20.0,3,0.4285714285714285,159.8046127595241,146.89508033193724,13.52166537978618,-622.7089987914248,-622.022911778763,0.686087012661801,2.356489749891417,8.459810762000936,6.229323294013739,4.728836089372635,15.169191263616083,0,0,0.5714285714285714,True,True,47.63333333333333,20.0,True,20m
2859.0,3_satellites,20.0,3,0.4285714285714285,138.4715496924763,125.17611015361196,13.508016349314916,-627.1206312314388,-626.4207367954699,0.6998944359688721,2.6971599528832093,10.36892635481698,7.7982235055949,6.156596720218658,16.59872254729271,0,0,0.5714285714285714,True,True,47.65,20.0,True,20m
2860.0,3_satellites,20.0,3,0.4285714285714285,136.79723434324518,123.52396207441456,13.494372173540684,-614.1151902964914,-613.4014760722375,0.713714224253863,3.925087006496532,9.893393412764585,6.741135967629297,9.545191515237091,19.989085506647825,0,0,0.5714285714285714,True,True,47.666666666666664,20.0,True,20m
2861.0,3_satellites,20.0,3,0.375,172.84620416502324,156.67057725345097,16.380953623646537,-565.4033092897774,-567.4606258697243,-2.0573165799468143,3.6016266751103103,7.984337974805385,4.748264274559915,6.238291952759028,16.721088714897633,0,0,0.5,True,True,47.68333333333333,20.0,True,20m
2862.0,3_satellites,20.0,3,0.4285714285714285,166.18076503497574,153.48605196220092,13.46714666413896,-553.6712742743623,-552.929929445382,0.7413448289803455,2.541129113308021,5.8426519605730265,3.647114638239145,3.974115464836359,9.822282876819372,0,0,0.5714285714285714,True,True,47.7,20.0,True,20m
2863.0,3_satellites,20.0,3,0.5,160.90879886062595,185.70940103401057,32.13698879995792,-542.9721015821408,-510.9991482504954,31.972953331645385,1.51030913926661,4.571114605292678,3.098667828987042,3.312258306890726,10.442254167050123,0,0,0.5,True,True,47.71666666666667,20.0,True,20m
2864.0,3_satellites,20.0,3,0.5,157.17688475594105,181.36443521366124,32.16536369919327,-529.2701254317224,-497.2751410918656,31.994984339856728,0.721431932101647,5.976409840707977,5.522157249972224,1.3017918728291988,13.679153002798556,0,0,0.5,True,True,47.733333333333334,20.0,True,20m
2865.0,3_satellites,20.0,3,0.5,135.36827157569104,157.61989174515134,32.1937266923677,-537.6343571418271,-505.617342214996,32.01701492683111,0.5137196164578199,6.500252282246947,5.986532665789127,0.7669856511056423,14.496879559010267,0,0,0.6666666666666666,True,True,47.75,20.0,True,20m
2866.0,3_satellites,20.0,3,0.4285714285714285,159.5892930839756,146.77356457853605,13.41313306971149,-499.3626468216112,-498.5662619850272,0.7963848365840818,2.3134055829473903,6.08556241063135,3.901767992015396,4.94366192445159,10.843935683369637,0,0,0.5714285714285714,True,True,47.766666666666666,20.0,True,20m
2867.0,3_satellites,20.0,3,0.4285714285714285,182.5902456638012,170.60492176961557,13.901184093129409,-463.3865228496595,-461.5302963993403,1.856226450319241,2.308558585920504,5.984208999999932,4.17754364279764,4.470290057361126,13.268140837550163,0,0,0.5714285714285714,True,True,47.78333333333333,20.0,True,20m
2868.0,3_satellites,20.0,3,0.4285714285714285,188.5785398099821,176.53488803610676,13.898634958426902,-443.2645727839437,-441.4072664049078,1.857306379035947,2.665358525833913,4.932341211608478,3.4431756314422404,5.352876506745815,9.448258262127638,0,0,0.5714285714285714,True,True,47.8,20.0,True,20m
2869.0,3_satellites,20.0,3,0.4285714285714285,173.1330766033624,161.0121117625141,13.896099165262296,-439.5367389994885,-437.6783660126373,1.8583729868512364,2.889805843255349,6.230145254837615,4.684943807976587,4.930946074426174,14.232407297939062,0,0,0.5714285714285714,True,True,47.81666666666667,20.0,True,20m
2870.0,3_satellites,20.0,3,0.4285714285714285,160.01428361803195,147.14424277948237,13.35961344310252,-431.2963439784628,-430.4451244124542,0.8512195660085808,1.5205324196389742,8.102586196469408,6.7134448657078405,2.493310172110796,12.849328201264145,0,0,0.5714285714285714,True,True,47.833333333333336,20.0,True,20m
2871.0,3_satellites,20.0,3,0.5,149.75101943264207,173.21857147628646,32.36236556366737,-423.97823523059526,-391.8303706396026,32.14786459099264,1.3740955007572968,5.25798489463826,4.314884203796585,1.9226159267127516,11.952831532806158,0,0,0.6666666666666666,True,True,47.85,20.0,True,20m
2872.0,3_satellites,20.0,3,0.4285714285714285,150.0165004599344,137.4017559566379,13.333051261330196,-401.4096608501288,-400.5311128242297,0.8785480258990788,1.4855373688042164,8.71027113603694,7.224733767232725,2.180578958243132,15.646480351686478,0,0,0.5714285714285714,True,True,47.86666666666667,20.0,True,20m
2873.0,3_satellites,20.0,3,0.4285714285714285,158.13690836453762,145.28714165061993,13.319799972567615,-382.0704945681074,-381.1782865993524,0.892207968754974,2.356346648186445,8.397119172449623,6.173487623887403,3.558001697063446,10.646299973130226,0,0,0.5714285714285714,True,True,47.88333333333333,20.0,True,20m
2874.0,3_satellites,20.0,3,0.4285714285714285,151.5651044021192,138.68019044810214,13.30659668293648,-371.3064365476572,-370.4005969651385,0.9058395825187516,0.4696934015623161,7.625960375581469,7.156266974019153,1.005298312753439,12.690617132931948,0,0,0.5714285714285714,True,True,47.9,20.0,True,20m
2875.0,3_satellites,20.0,3,0.4285714285714285,156.72910227260135,143.91433539063718,13.293412325222208,-350.46018015852565,-349.54071041337454,0.9194697451511048,0.5992214967097554,7.703998222414937,7.104776725705181,1.1696373894810677,13.27215088903904,0,0,0.5714285714285714,True,True,47.916666666666664,20.0,True,20m
2876.0,3_satellites,20.0,3,0.4285714285714285,155.73364576455307,142.99555753021582,13.280261813757685,-332.6280304107736,-331.69494745115054,0.93308295962305,2.564887939287084,8.052860422325987,5.622002127979483,4.584119025617838,10.887372586876154,0,0,0.5714285714285714,True,True,47.93333333333333,20.0,True,20m
2877.0,3_satellites,20.0,3,0.4285714285714285,170.53714227776706,157.73581684748947,13.267131903263104,-307.92020693968675,-306.97351226217245,0.9466946775143016,3.0691691269832,8.444981155650956,5.510278724666152,4.660392917692661,11.289468828588724,0,0,0.5714285714285714,True,True,47.95,20.0,True,20m
2878.0,3_satellites,20.0,3,0.3333333333333333,180.63253066370396,163.45621119932983,17.284796513598085,-281.4013917257082,-284.3270999153843,-2.9257081896760724,5.803767167031765,8.932984176609251,5.495421965089109,12.358675729483366,15.781455401331186,0,0,0.5555555555555556,True,True,47.96666666666667,20.0,True,20m
2879.0,3_satellites,20.0,3,0.375,185.0945571343091,167.0849465713869,18.116814584754017,-261.5692424696935,-265.18079871947515,-3.6115562497816422,2.7330896886996925,7.095805136021227,4.844500524923205,5.964430492371321,12.946279771625996,0,0,0.625,True,True,47.983333333333334,20.0,True,20m
2880.0,3_satellites,20.0,3,0.3333333333333333,186.5081833184818,169.30534501624194,17.28159191278455,-244.85845871696264,-247.78272815556176,-2.9242694385991115,3.5194359285136065,6.775805617372195,4.75841428215305,8.06913985311985,12.688921641558409,0,0,0.6666666666666666,True,True,48.0,20.0,True,20m
2881.0,3_satellites,20.0,3,0.3333333333333333,179.39112556376574,162.2136305505315,17.28000084538109,-233.64039479906688,-236.56395570457744,-2.923560905510556,2.253570451090733,5.845255150977108,3.99719448801544,5.177717640995979,12.968392249196768,0,0,0.5555555555555556,True,True,48.016666666666666,20.0,True,20m
2882.0,3_satellites,20.0,3,0.375,193.59621295215877,177.3781408217592,16.343409923907068,-209.0606500602752,-211.10013791187836,-2.039487851603156,5.273831858765334,7.047421792522073,5.007970032747835,12.124560814350843,13.445256110280752,0,0,0.5,True,True,48.03333333333333,20.0,True,20m
2883.0,3_satellites,20.0,3,0.3333333333333333,182.2924161620498,165.05418077329546,17.27679155153309,-205.7819288849369,-208.70404885446465,-2.922119969527756,5.793714284482929,9.7592325028446,5.20990124800139,17.710694085806608,19.716669239103798,0,0,0.5555555555555556,True,True,48.05,20.0,True,20m
2884.0,3_satellites,20.0,3,0.375,184.727618815502,168.62480511875538,16.339808626345032,-187.80754165919103,-189.84531789003407,-2.037776230843008,2.1021330603398383,6.5542629128322005,5.462969157379121,5.775306407362223,13.390967637300491,0,0,0.5,True,True,48.06666666666667,20.0,True,20m
2885.0,3_satellites,20.0,3,0.4285714285714285,163.58181650816437,150.92652507189058,13.16328523063078,-193.974306579218,-192.9192641869984,1.0550423922195762,1.381808185151645,8.718145485967398,7.474257421812841,2.300965156406164,12.674763184040785,0,0,0.5714285714285714,True,True,48.083333333333336,20.0,True,20m
2886.0,3_satellites,20.0,3,0.4285714285714285,172.2523069120434,159.73157539706696,13.150433883956602,-171.80877106902977,-170.74023392292636,1.068537146103381,1.793338009821517,7.593620241220508,5.938629602747304,2.91775119304657,10.964957945048807,0,0,0.5714285714285714,True,True,48.1,20.0,True,20m
2887.0,3_satellites,20.0,3,0.4285714285714285,158.65539747907232,145.8917758634863,13.137631672636047,-172.4659504437579,-171.3839492389143,1.0820012048435783,0.8614560472113746,7.485342939517328,6.762660656124353,2.0285666286945343,11.680931530892847,0,0,0.5714285714285714,True,True,48.11666666666667,20.0,True,20m
2888.0,3_satellites,20.0,3,0.4285714285714285,163.6414400003347,151.22470192644064,13.124838399357692,-154.70718770548282,-153.61171408187724,1.095473623605585,0.8022660852542945,8.065250579799924,7.26298449454563,1.6099936366081238,12.713709872215986,0,0,0.5714285714285714,True,True,48.13333333333333,20.0,True,20m
2889.0,3_satellites,20.0,3,0.4285714285714285,184.4460364939249,172.08289553451576,13.112066347446012,-127.7781804126957,-126.66923699188904,1.1089434208066675,1.0185095210160529,7.677800843226058,6.659291322210005,2.09633557125926,14.270836118608711,0,0,0.5714285714285714,True,True,48.15,20.0,True,20m
2890.0,3_satellites,20.0,3,0.4285714285714285,155.16607706209024,142.68310604976904,13.099367663052403,-137.5486185945989,-136.42626128470502,1.1223573098938855,1.10741155062403,8.416245618568999,7.448880035430193,2.156823515892029,12.755835924297571,0,0,0.5714285714285714,True,True,48.166666666666664,20.0,True,20m
2891.0,3_satellites,20.0,3,0.4285714285714285,168.43233531280097,155.87677519639854,13.086662516512837,-113.38238224584576,-112.24658590340064,1.1357963424451183,1.9550023978309967,9.51089847300734,7.642458141382251,4.54821427538991,17.465997520834208,0,0,0.5714285714285714,True,True,48.18333333333333,20.0,True,20m
2892.0,3_satellites,20.0,3,0.4285714285714285,167.82391234540026,155.47382996227458,13.073997621001183,-97.0507063818573,-95.90149462384882,1.1492117580084766,2.250348649919033,7.324906930859599,5.21544834492462,4.851316325366497,10.915904812514782,0,0,0.5714285714285714,True,True,48.2,20.0,True,20m
2893.0,3_satellites,20.0,3,0.4285714285714285,164.95257406396203,152.5468765266155,13.061367264376754,-87.68228133723098,-86.51966899796982,1.162612339261159,0.6939488910138607,8.104404570268732,7.410455679254873,1.6095091626048088,13.214286837726831,0,0,0.5714285714285714,True,True,48.21666666666667,20.0,True,20m
2894.0,3_satellites,20.0,3,0.4285714285714285,165.6300876514901,153.14801230240587,13.04876640024829,-75.15184158288329,-73.97584076633326,1.1760008165500295,1.588971280093704,8.397199702582189,6.9499583297542165,2.840293027460575,13.342228591442108,0,0,0.5714285714285714,True,True,48.233333333333334,20.0,True,20m
2895.0,3_satellites,20.0,3,0.5,151.1553086141981,176.19371033200528,33.01754459593204,-76.32269543164742,-43.66713504841826,32.65556038322916,1.062747146313389,6.461963051309188,5.841820269202192,2.2776441536843777,14.854949805885552,0,0,0.6666666666666666,True,True,48.25,20.0,True,20m
2896.0,3_satellites,20.0,3,0.4285714285714285,171.57192468576247,159.3722717253097,13.023645378374942,-46.00488425053134,-44.80213312936414,1.2027511211672035,1.1696350766079766,7.263400232685464,6.093765156077487,2.0241600573062897,13.225960534065962,0,0,0.5714285714285714,True,True,48.266666666666666,20.0,True,20m
2897.0,3_satellites,20.0,3,0.4285714285714285,164.99780325696582,152.74073822256136,13.01114084800014,-40.7446956294014,-39.52859818080574,1.2160974485956615,0.8656376898288727,7.456406735415969,6.590769045587097,1.4144881889224052,13.20435930788517,0,0,0.5714285714285714,True,True,48.28333333333333,20.0,True,20m
2898.0,3_satellites,20.0,3,0.4285714285714285,172.1283814695157,159.89397273226763,12.998654652879262,-23.61105014758868,-22.381606954594485,1.2294431929941965,1.2136392295360563,8.433057070310626,7.362815209265266,1.801342412829399,12.320180855691431,0,0,0.5714285714285714,True,True,48.3,20.0,True,20m
2899.0,3_satellites,20.0,3,0.4285714285714285,177.58968913226386,165.33981392495068,12.986201135964324,-9.238522769910189,-7.995747923707068,1.2427748462031207,1.093509451087032,9.010778795927765,8.06108135942902,2.438077013939619,14.539478939026594,0,0,0.5714285714285714,True,True,48.31666666666667,20.0,True,20m
2900.0,3_satellites,20.0,3,0.4285714285714285,168.12790887174336,155.8808631098528,12.973792075911527,-1.0450686676507128,0.2110110983655219,1.2560797660162348,1.2454658666891711,7.866213530302048,6.764972733067615,2.2781102880835533,11.444147612899542,0,0,0.5714285714285714,True,True,48.333333333333336,20.0,True,20m
2901.0,3_satellites,20.0,3,0.4285714285714285,163.1512551758937,150.851539422193,12.96141005597467,6.561816277446764,7.831192498382353,1.2693762209355892,0.2350339804376874,8.025849856436253,7.790815875998565,0.4437011964619159,13.61111769080162,0,0,0.5714285714285714,True,True,48.35,20.0,True,20m
2902.0,3_satellites,20.0,3,0.4285714285714285,165.80211384207885,153.6356573043328,12.949048310431404,20.884334298993327,22.1670044728079,1.282670173814573,1.7034676330430167,7.577278683760336,5.87381105071732,2.759649958461523,14.955332949757576,0,0,0.5714285714285714,True,True,48.36666666666667,20.0,True,20m
2903.0,3_satellites,20.0,3,0.4285714285714285,170.15926488660924,157.86880081074474,12.936719612485568,32.1959613971979,33.491910244252885,1.2959488470549871,1.868065427988768,8.617067236453295,6.89446143593107,3.8033221773803234,14.319974459707735,0,0,0.5714285714285714,True,True,48.38333333333333,20.0,True,20m
2904.0,3_satellites,20.0,3,0.4285714285714285,194.93367227282184,182.97138801219103,12.924401669399774,66.51891670143313,67.8281518653232,1.3092351638900794,2.338307144386428,6.37662606846009,4.4889725388160775,5.071313269436359,13.41442245990038,0,0,0.5714285714285714,True,True,48.4,20.0,True,20m
2905.0,3_satellites,20.0,3,0.375,187.73338123388828,171.70773909465848,16.301422138092853,72.68812868828053,70.66872932273336,-2.019399365547173,3.5777621041052043,8.692362026311457,5.371295863296837,6.710926961153746,16.65460518375039,0,0,0.625,True,True,48.416666666666664,20.0,True,20m
2906.0,3_satellites,20.0,3,0.375,190.96003361112056,174.9508001444526,16.29957337360596,86.31696531295405,84.29845563857685,-2.0185096743771997,2.5950895566493277,5.86669682757929,4.426194955129176,6.236281864345074,11.352310545742512,0,0,0.5,True,True,48.43333333333333,20.0,True,20m
2907.0,3_satellites,20.0,3,0.4285714285714285,165.15071031795446,153.04698227392328,12.887720133713186,74.49652264653635,75.84545185299086,1.348929206454514,2.7443665196853027,8.257185126521758,5.659909878458295,4.328574389219284,14.851681392639875,0,0,0.5714285714285714,True,True,48.45,20.0,True,20m
2908.0,3_satellites,20.0,3,0.4285714285714285,169.4879150671042,157.2983958832396,12.875544862585878,83.86100751943036,85.22315321327164,1.3621456938412848,0.717273438083274,8.497448137296098,7.780174699212823,1.731756862252951,14.019221808761358,0,0,0.5714285714285714,True,True,48.46666666666667,20.0,True,20m
2909.0,3_satellites,20.0,3,0.4285714285714285,170.1950947410442,158.1731097748362,12.863397343811084,98.80676131077354,100.18211261120857,1.375351300435014,0.4347229195492608,7.833655875176191,7.398932955626931,0.9104542843997478,12.820159185677769,0,0,0.5714285714285714,True,True,48.483333333333334,20.0,True,20m
2910.0,3_satellites,20.0,3,0.4285714285714285,157.99577096247728,145.90941524045357,12.851291873464442,102.52162066081316,103.91015351434206,1.3885328535288863,1.683604385703802,8.090982729302985,6.555683419108391,2.8969080820679665,10.834609597921371,0,0,0.5714285714285714,True,True,48.5,20.0,True,20m
2911.0,3_satellites,20.0,3,0.4285714285714285,174.20516047191143,162.1843024961398,12.839194932551266,124.74194412435344,126.14366937826796,1.4017252539145062,1.3641900579844202,8.181420003197022,6.817229945212603,1.734493501484394,15.46469845995307,0,0,0.5714285714285714,True,True,48.516666666666666,20.0,True,20m
2912.0,3_satellites,20.0,3,0.4285714285714285,182.98463910853528,171.05649808232977,12.82713442862775,142.87876232461466,144.29366056869574,1.4148982440810869,2.7030287917171205,6.241666959332568,4.9561027102172375,7.153527103364468,13.453738059848549,0,0,0.5714285714285714,True,True,48.53333333333333,20.0,True,20m
2913.0,3_satellites,20.0,3,0.5,184.03274171518083,210.3741062841775,33.48842457070355,154.67500288765106,187.69476005174135,33.01975716409032,1.1897870308409135,5.712361980850498,4.522574950009584,2.506016232073307,12.140107851475475,0,0,0.6666666666666666,True,True,48.55,20.0,True,20m
2914.0,3_satellites,20.0,3,0.4285714285714285,165.90437080747446,153.827678706174,12.803138692604929,147.240473050377,148.68164717352494,1.4411741231479311,1.7711562413190092,9.743005661559955,8.12175985957895,3.719967052340508,14.972610022872686,0,0,0.5714285714285714,True,True,48.56666666666667,20.0,True,20m
2915.0,3_satellites,20.0,3,0.4285714285714285,178.87970452228376,166.98500199849877,12.791162487288364,168.35713531936798,169.8114524633522,1.4543171439842126,0.5606914221176079,7.895266852740731,7.334575430623123,0.9573272503912448,14.031984906643627,0,0,0.5714285714285714,True,True,48.583333333333336,20.0,True,20m
2916.0,3_satellites,20.0,3,0.4285714285714285,173.92184601953878,161.99579141698794,12.779238343129006,174.92102618556137,176.38845233755563,1.4674261519942604,1.492299341729709,7.894531126001051,6.55293931333082,2.555924840271473,11.741116359829904,0,0,0.5714285714285714,True,True,48.6,20.0,True,20m
2917.0,3_satellites,20.0,3,0.4285714285714285,164.42357162116102,152.45796909714844,12.767342823842798,178.84877981465823,180.32930466174585,1.4805248470876222,1.9839510449341364,8.602347084454127,6.7695004886814525,3.9417602233588696,14.480778768658638,0,0,0.5714285714285714,True,True,48.61666666666667,20.0,True,20m
2918.0,3_satellites,20.0,3,0.4285714285714285,173.78513175869108,161.92996634974872,12.755466495274415,194.53426810282124,196.0278904039451,1.4936223011238212,2.638167272188834,5.486052041607244,2.940303544380835,4.667690195143223,9.070892080664636,0,0,0.5714285714285714,True,True,48.63333333333333,20.0,True,20m
2919.0,3_satellites,20.0,3,0.375,185.31894500796017,174.4341642090991,12.10577369574641,214.0748073944312,216.25561075614107,2.1808033617099056,2.78457761881873,7.121118780225515,5.048342396970838,6.783881906419992,11.50752178952098,0,0,0.5,True,True,48.65,20.0,True,20m
2920.0,3_satellites,20.0,3,0.4285714285714285,182.61950303186825,170.87001009415752,12.731805889397108,224.94973056254423,226.4695102025397,1.5197796399954768,1.9161878622003965,6.209251437868391,4.293063575667994,3.511045303195715,11.071526296436788,0,0,0.5714285714285714,True,True,48.666666666666664,20.0,True,20m
2921.0,3_satellites,20.0,3,0.4285714285714285,164.54351747548736,152.6257198649914,12.720046218177956,222.17405441533305,223.706869541283,1.532815125949952,1.2050415548895086,8.790966175496578,7.738607639180762,2.089102815836668,12.95208941027522,0,0,0.5714285714285714,True,True,48.68333333333333,20.0,True,20m
2922.0,3_satellites,20.0,3,0.4285714285714285,161.47662492360098,149.51104181222232,12.708301113672276,231.3148186402445,232.86067251069093,1.545853870446393,1.145508794380086,8.587229319448982,7.59479583799839,2.1097516492009163,13.500775888562202,0,0,0.5714285714285714,True,True,48.7,20.0,True,20m
2923.0,3_satellites,20.0,3,0.4285714285714285,167.2083469784313,155.37430724461572,12.696575907325991,249.87042276832025,251.42931332457223,1.5588905562519813,1.5145226908581595,7.869833316121783,6.508777324642454,2.872368346899748,13.104306802153587,0,0,0.5714285714285714,True,True,48.71666666666667,20.0,True,20m
2924.0,3_satellites,20.0,3,0.4285714285714285,169.20725131363895,157.48462273422894,12.68489106277175,263.60094122498714,265.17284637404697,1.5719051490598304,1.6159468665719032,7.458199914544821,5.996109802275896,2.4195745289325714,11.56306217983365,0,0,0.5714285714285714,True,True,48.733333333333334,20.0,True,20m
2925.0,3_satellites,20.0,3,0.3333333333333333,182.94805680512457,168.29546818027384,14.776502533082468,287.4861430766827,286.3722694771951,-1.11387359948759,3.3837137752109103,7.897585001670652,5.572787190063132,9.173666924238203,14.862654391676188,0,0,0.5555555555555556,True,True,48.75,20.0,True,20m
2926.0,3_satellites,20.0,3,0.3333333333333333,182.9249701443818,168.28755778208807,14.774046627739772,295.67719423117546,294.5649089914749,-1.1122852397005545,3.559205630173286,7.17505890255173,5.273423125346501,6.8352004662156105,15.188808962702751,0,0,0.5555555555555556,True,True,48.766666666666666,20.0,True,20m
2927.0,3_satellites,20.0,3,0.5,174.6215323908038,201.00210369260728,33.842683836541894,304.14123056875144,337.43465084701774,33.2934202782663,1.0138462521135807,5.071514094248414,4.057667842134833,2.292621698230505,11.30969051644206,0,0,0.6666666666666666,True,True,48.78333333333333,20.0,True,20m
2928.0,3_satellites,20.0,3,0.4285714285714285,169.86878947523738,158.22045437428173,12.638459236720474,311.73441429453806,313.358252095173,1.6238378006349308,1.7467155664094858,6.690478424940791,4.943762858531305,3.464470215141773,12.76073868945241,0,0,0.5714285714285714,True,True,48.8,20.0,True,20m
2929.0,3_satellites,20.0,3,0.4285714285714285,158.52882574855943,146.67194200113093,12.626941836101375,315.21297356711125,316.84974885280576,1.6367752856945117,2.276636315243585,9.163119145802089,7.04227610464607,3.71263125538826,12.300813503563404,0,0,0.5714285714285714,True,True,48.81666666666667,20.0,True,20m
2930.0,3_satellites,20.0,3,0.4285714285714285,172.91609849845528,161.26117254778487,12.615431766567747,341.889152211149,343.5388760673246,1.6497238561756262,2.140923509640353,5.99050964734384,3.9199823311397006,3.648491986095905,10.100118041038511,0,0,0.5714285714285714,True,True,48.833333333333336,20.0,True,20m
2931.0,3_satellites,20.0,3,0.375,188.73881587310467,178.0335693351853,12.075505244083926,368.85182156033625,371.0789602063607,2.227138646024457,4.247046950273216,8.724177388474345,5.536960968747735,7.480703182518482,14.496375225484371,0,0,0.5,True,True,48.85,20.0,True,20m
2932.0,3_satellites,20.0,3,0.375,185.13648407160136,174.4583523004698,12.07301317447072,381.5274338102056,383.7584304335614,2.230996623355793,3.828141972888261,9.132675561588258,5.3045335886999965,5.963905770331621,16.445985812693834,0,0,0.5,True,True,48.86666666666667,20.0,True,20m
2933.0,3_satellites,20.0,3,0.375,190.7502802666956,180.0676247212561,12.07052058631788,402.10875464882616,404.3436134768784,2.234858828052268,5.731545037124306,8.787877930793911,6.604238646104932,11.80640071630478,16.339090675115585,0,0,0.625,True,True,48.88333333333333,20.0,True,20m
2934.0,3_satellites,20.0,3,0.4285714285714285,165.8226862957703,154.13343428585418,12.569754211818289,398.3432410304152,400.0445769885415,1.7013359581262648,1.1569768355361052,7.738390669226646,6.739118889506374,2.3493737019598484,11.402427222579718,0,0,0.5714285714285714,True,True,48.9,20.0,True,20m
2935.0,3_satellites,20.0,3,0.4285714285714285,154.1924003558598,142.4480655249373,12.558415883880144,402.3044407110378,404.01864380567866,1.7142030946408229,1.0808140709996223,8.749961974897555,7.8272322953811715,2.3968390487134457,14.194678466767073,0,0,0.5714285714285714,True,True,48.916666666666664,20.0,True,20m
2936.0,3_satellites,20.0,3,0.4285714285714285,166.95710054295762,155.41240541230664,12.547092075031207,431.0759577719699,432.8030311339711,1.7270733620011356,2.267146155238152,6.4476894837405,4.339006320174251,4.971255820244551,11.25066601485014,0,0,0.5714285714285714,True,True,48.93333333333333,20.0,True,20m
2937.0,3_satellites,20.0,3,0.4285714285714285,161.85888056565204,150.40571653779625,12.535813018983315,443.24512658563714,444.9850440395522,1.7399174539150977,0.8562170602381229,7.331048307142088,6.474831246903965,1.5306175090372562,12.223527856171131,0,0,0.5714285714285714,True,True,48.95,20.0,True,20m
2938.0,3_satellites,20.0,3,0.4285714285714285,155.5102996523916,143.8998727401715,12.524568748991465,449.7587674999116,451.5115126750226,1.752745175110988,1.3411989249289036,7.819455909409693,6.478256984480789,2.3366569131612778,14.579965330660343,0,0,0.5714285714285714,True,True,48.96666666666667,20.0,True,20m
2939.0,3_satellites,20.0,3,0.4285714285714285,154.07704620543464,142.49768368327807,12.513345772555285,463.7652015108854,465.5307699654652,1.7655684545798067,1.1861837660627703,7.21087325577225,6.184281887220485,2.401099592447281,12.161402579396963,0,0,0.5714285714285714,True,True,48.983333333333334,20.0,True,20m
2940.0,3_satellites,20.0,3,0.4285714285714285,152.46217749900018,140.7589881176323,12.502157737767082,475.7699496957436,477.5483256126308,1.7783759168871711,1.2950095518359117,9.0966969994562,7.955976637878588,2.934480480849743,15.942801423370838,0,0,0.5714285714285714,True,True,49.0,20.0,True,20m
2941.0,3_satellites,20.0,3,0.4285714285714285,179.56341540185448,168.25479057397587,12.490971926538824,510.7531407180124,512.5443389339241,1.79119821591172,3.3761320816619054,5.143099345266819,4.156385415366718,7.264697067439556,11.227460484951736,0,0,0.5714285714285714,True,True,49.016666666666666,20.0,True,20m
2942.0,3_satellites,20.0,3,0.4285714285714285,159.2062710568206,147.62948724299733,12.479863237119366,505.24760957433153,507.0515718808363,1.8039623065047865,1.7216324039867943,8.39371667323368,6.832797937627349,4.061392143368721,15.69109182804823,0,0,0.5714285714285714,True,True,49.03333333333333,20.0,True,20m
2943.0,3_satellites,20.0,3,0.375,164.45968056282564,153.65745045365227,12.04587480135788,523.1330100257009,525.406440591629,2.273430565928152,3.098901421763003,7.49230916891247,5.446704721078277,7.46822115033865,11.533114448189735,0,0,0.5,True,True,49.05,20.0,True,20m
2944.0,3_satellites,20.0,3,0.375,170.07431273362772,159.3661317607757,12.043428977457324,541.7871561582264,544.0644475567067,2.277291398480316,1.639696221332997,5.560558961238712,3.920862739905715,3.541956428438425,11.379898875951769,0,0,0.5,True,True,49.06666666666667,20.0,True,20m
2945.0,3_satellites,20.0,3,0.4285714285714285,153.9556025258459,142.4778199471373,12.446662558644029,539.4669591080897,541.3091956348559,1.8422365267662144,2.163717712674822,8.34303875320724,6.179321040532419,2.930947959423065,16.69113963469863,0,0,0.5714285714285714,True,True,49.083333333333336,20.0,True,20m
2946.0,3_satellites,20.0,3,0.4285714285714285,155.3830746365698,143.98322599955588,12.435654696550792,554.0195697817975,555.8745408187617,1.8549710369642296,1.091768114162343,7.851841649838856,6.760073535676513,2.392776168882847,14.605814136564732,0,0,0.5714285714285714,True,True,49.1,20.0,True,20m
2947.0,3_satellites,20.0,3,0.4285714285714285,145.21145180540603,133.54999650287832,12.42468640467035,557.6121040732663,559.4797884329294,1.8676843596630304,0.9404753654130869,8.564545518585614,7.786633237664189,1.6710009947419169,13.495767656713724,0,0,0.5714285714285714,True,True,49.11666666666667,20.0,True,20m
2948.0,3_satellites,20.0,3,0.4285714285714285,149.12989566548612,137.77366868469605,12.413735774385598,575.0859085675155,576.9663063915083,1.88039782399278,1.614632840135268,9.593497181577344,8.141794210565942,3.042402535676956,14.446260955184698,0,0,0.5714285714285714,True,True,49.13333333333333,20.0,True,20m
2949.0,3_satellites,20.0,3,0.375,162.02568652500713,151.1903594769612,12.03128756799029,594.9710103854819,597.2675833849291,2.2965729994472213,3.1610876163467765,8.851162264123559,5.690074647776783,4.0091265216469765,15.271203245967628,0,0,0.5,True,True,49.15,20.0,True,20m
2950.0,3_satellites,20.0,3,0.375,156.57008083134315,145.67628000182867,12.02887433989611,601.9417516073512,604.2421783502579,2.300426742906666,3.3086704770103097,9.480611640028656,6.171941163018346,4.6466157883405685,16.238364275544882,0,0,0.5,True,True,49.166666666666664,20.0,True,20m
2951.0,3_satellites,20.0,3,0.4285714285714285,150.30045826642174,139.01120020635437,12.38108684335934,608.9569325998068,610.8753768060169,1.918444206210097,1.1179737028266703,7.084712443607194,6.13076431996056,2.1118638552725315,11.903519049286842,0,0,0.5714285714285714,True,True,49.18333333333333,20.0,True,20m
2952.0,3_satellites,20.0,3,0.4285714285714285,143.92796424172295,132.67959460530344,12.370270235271658,617.0037123429189,618.9348085059654,1.9310961630465044,0.7730596400797367,8.545960023999214,7.937289117170232,1.880236387252808,14.68767486512661,0,0,0.5714285714285714,True,True,49.2,20.0,True,20m
2953.0,3_satellites,20.0,3,0.4285714285714285,141.97223276108664,130.4927329110781,12.359481731709042,624.8862279971454,626.8299663633813,1.943738366235948,0.8487757210220609,8.945517594793014,8.096741873770952,1.655714686959982,15.421655796468258,0,0,0.5714285714285714,True,True,49.21666666666667,20.0,True,20m
2954.0,3_satellites,20.0,3,0.4285714285714285,142.27331667249047,130.84235293150562,12.348718429845215,636.2047076976077,638.1610804057066,1.956372708098911,0.7850004572953496,7.918586681996073,7.133586224700723,1.3719911016523838,14.22372267395258,0,0,0.5714285714285714,True,True,49.233333333333334,20.0,True,20m
2955.0,3_satellites,20.0,3,0.4285714285714285,133.12968687979472,121.57441763378876,12.338000718135264,637.5748583257232,639.5438380747944,1.9689797490711956,1.1661791801452637,9.31185812077352,8.145678940628256,2.4920488335192204,16.25938132405281,0,0,0.5714285714285714,True,True,49.25,20.0,True,20m
2956.0,3_satellites,20.0,3,0.4285714285714285,146.56841519197573,135.27702426435093,12.327286935358137,660.7564491683028,662.738048810791,1.981599642488277,1.75087911475982,8.056021417358092,6.470976194100721,3.151123572140932,10.792090985924006,0,0,0.5714285714285714,True,True,49.266666666666666,20.0,True,20m
2957.0,3_satellites,20.0,3,0.4285714285714285,117.08736747039816,105.30314680010122,12.316643157054116,645.2469382676088,647.2411073293633,1.9941690617545191,3.096469451274191,11.07705148522343,8.146774555955615,5.759581468999386,14.999155692756176,0,0,0.5714285714285714,True,True,49.28333333333333,20.0,True,20m
2958.0,3_satellites,20.0,3,0.4285714285714285,142.9034937932143,131.82080542530932,12.305985818722831,679.3873708995955,681.3941400353644,2.006769135768991,1.8010497747787408,6.5158011083092005,4.71475133353046,2.44376939162612,11.32561532407999,0,0,0.5714285714285714,True,True,49.3,20.0,True,20m
2959.0,3_satellites,20.0,3,0.4285714285714285,123.60632045822214,112.12112482226507,12.295393239402712,672.5688611965921,674.5881842025095,2.0193230059173857,0.6464490949043206,8.194350484758615,7.714808652443545,1.1600795686244965,13.540106765925884,0,0,0.5714285714285714,True,True,49.31666666666667,20.0,True,20m
2960.0,3_satellites,20.0,3,0.4285714285714285,128.85839583535116,117.33577330616788,12.28481448266596,683.477130484453,685.5090114850484,2.0318810005953765,1.0846185199916365,9.098055039133344,8.116111276937383,2.524710725992918,14.434384003281592,0,0,0.5714285714285714,True,True,49.333333333333336,20.0,True,20m
2961.0,3_satellites,20.0,3,0.375,152.98522075971115,136.99525290017905,16.195173013878453,710.2862360893046,708.3183742839717,-1.9678618053328591,4.768922576215118,8.774369063787162,5.176622738596052,8.659404449164867,15.939196974039078,0,0,0.625,True,True,49.35,20.0,True,20m
2962.0,3_satellites,20.0,3,0.375,158.61504572704035,142.67831728823535,16.193218088782896,723.604018672848,721.6371175791467,-1.9669010937013809,2.735345062799752,7.76722245151177,5.7739269766025245,5.132348071783781,16.10527202114463,0,0,0.5,True,True,49.36666666666667,20.0,True,20m
2963.0,3_satellites,20.0,3,0.4285714285714285,129.5360639651939,118.12221203932673,12.253268704629775,709.6050521414006,711.6745231659504,2.0694710245497845,1.8571644462645052,9.430466263954129,7.741628808634622,3.4398491084575653,14.04782983660698,0,0,0.5714285714285714,True,True,49.38333333333333,20.0,True,20m
2964.0,3_satellites,20.0,3,0.4285714285714285,130.50760740781251,119.1454098833966,12.242813764741248,719.7120885856901,721.7940651133813,2.081976527691154,2.013408642794405,8.37620462317552,6.531475687133415,3.593102365732193,12.962813146412373,0,0,0.5714285714285714,True,True,49.4,20.0,True,20m
2965.0,3_satellites,20.0,3,0.375,149.90108747012837,132.2867700639239,17.64804021185559,741.8421950233861,738.557719858802,-3.284475164584137,3.1240644403733318,9.585961376316844,6.845239432062954,6.520491898059845,19.48983110114932,0,0,0.5,True,True,49.416666666666664,20.0,True,20m
2966.0,3_satellites,20.0,3,0.5,143.22840282074787,170.1046604969686,34.77352943857024,741.2458218590186,775.256845168888,34.011023309869415,1.622631738583247,7.525911145533125,5.903279406949878,3.687358282506466,17.18400241062045,0,0,0.6666666666666666,True,True,49.43333333333333,20.0,True,20m
2967.0,3_satellites,20.0,3,0.4285714285714285,168.42586485909328,171.70214844407317,14.368747660609245,767.8801540902228,782.2966425626763,14.416488472453466,3.957569688026394,6.2350205188351016,4.892901254551751,5.498494371771812,15.982642095535994,0,0,0.5714285714285714,True,True,49.45,20.0,True,20m
2968.0,3_satellites,20.0,3,0.375,152.7737135400145,141.99460586267608,11.98611660086229,761.0702280801172,763.4400554699156,2.369827389798388,3.9403505409136415,9.409297056030482,5.468946515116841,5.045109655708075,15.698661264032124,0,0,0.5,True,True,49.46666666666667,20.0,True,20m
2969.0,3_satellites,20.0,3,0.4285714285714285,137.52344898054633,126.30851359548603,12.19100153778642,754.4230746841241,756.5673863800696,2.1443116959454755,0.7621536808354514,8.78265805914998,8.020504378314529,1.3809716552495956,15.15753361582756,0,0,0.5714285714285714,True,True,49.483333333333334,20.0,True,20m
2970.0,3_satellites,20.0,3,0.4285714285714285,143.32577714620697,132.25895252753412,12.18072471196422,765.2864910612606,767.4432372929608,2.1567462317002537,0.8126169262187821,7.558914144124303,6.746297217905521,2.0760235749185085,13.318604577332737,0,0,0.5714285714285714,True,True,49.5,20.0,True,20m
2971.0,3_satellites,20.0,3,0.4285714285714285,129.87864613112578,118.57193763758958,12.170495116940444,759.3668041037183,761.5359564519621,2.169152348243756,1.4482891538313456,9.344079378460137,7.895790224628789,3.341986168175936,15.192485511302948,0,0,0.5714285714285714,True,True,49.516666666666666,20.0,True,20m
2972.0,3_satellites,20.0,3,0.4285714285714285,137.58801327875295,126.62734457011022,12.160279075585995,776.9150349652489,779.0965968700049,2.181561904755995,0.9006572892623288,8.836256422102451,7.935599132840123,1.6943756602704525,14.948827665299175,0,0,0.5714285714285714,True,True,49.53333333333333,20.0,True,20m
2973.0,3_satellites,20.0,3,0.4285714285714285,135.14479715919407,124.01968888124884,12.150103442443609,781.6653579688023,783.8593070582725,2.193949089470266,0.2944093463676316,7.89972905601774,7.605319709650108,0.7415665909647942,13.03746948763728,0,0,0.5714285714285714,True,True,49.55,20.0,True,20m
2974.0,3_satellites,20.0,3,0.4285714285714285,142.14155624133488,131.01140790236553,12.139949015586051,791.4875180548029,793.6938512463101,2.206333191507269,0.3245311501835073,8.02462823103581,7.700097080852304,0.8749779686331749,13.927101444453,0,0,0.5714285714285714,True,True,49.56666666666667,20.0,True,20m
2975.0,3_satellites,20.0,3,0.4285714285714285,140.40833655037466,129.192890402028,12.12983466308264,794.653042652401,796.8717379562811,2.218695303880054,1.5351296785686697,9.691477829856533,8.156348151287862,3.172261174768209,16.952507812529802,0,0,0.5714285714285714,True,True,49.583333333333336,20.0,True,20m
2976.0,3_satellites,20.0,3,0.4285714285714285,137.50820313893792,126.47326074852828,12.119746809412431,803.0552847331766,805.2863320163473,2.23104728317071,1.658988835023982,7.807439934462309,6.3212928378156255,2.4937155097723007,11.309610817581415,0,0,0.5714285714285714,True,True,49.6,20.0,True,20m
2977.0,3_satellites,20.0,3,0.375,150.2848332247844,132.76718977876646,17.58382645763735,818.2330793605253,814.993643070958,-3.2394362895672657,2.6604123264551163,7.638140903785825,5.370649395510554,5.177999589592218,14.96946731582284,0,0,0.5,True,True,49.61666666666667,20.0,True,20m
2978.0,3_satellites,20.0,3,0.4285714285714285,129.58082077436612,118.31960554153058,12.099674557861483,806.5187183371637,808.7744226952552,2.2557043580915206,2.418022964149713,10.439128231789384,8.02110526763967,5.154170863330364,17.011246126145124,0,0,0.5714285714285714,True,True,49.63333333333333,20.0,True,20m
2979.0,3_satellites,20.0,3,0.5,147.78434001143643,175.16220508555298,35.06583616640277,831.8524032042867,866.0883669153968,34.23596371111012,1.921962474783261,4.155952476585905,2.70114560239017,3.8793122358620167,9.580139610916376,0,0,0.6666666666666666,True,True,49.65,20.0,True,20m
2980.0,3_satellites,20.0,3,0.4285714285714285,134.385471805617,123.40254589071114,12.079708113761638,827.2473158287809,829.5276405947559,2.280324765975024,0.8060963909540858,8.047977869531938,7.416081531239407,1.134875450283289,12.806304212659596,0,0,0.5714285714285714,True,True,49.666666666666664,20.0,True,20m
2981.0,3_satellites,20.0,3,0.4285714285714285,138.15333273105722,127.2409098734042,12.069768507709687,839.7253537899334,842.0179729118394,2.292619121906,1.7240892217627592,9.321272266762596,7.597183044999838,3.274507686495781,15.704200502485037,0,0,0.5714285714285714,True,True,49.68333333333333,20.0,True,20m
2982.0,3_satellites,20.0,3,0.5,140.6019313196597,168.08284208099795,35.13203719566516,849.7081786436203,883.9950635545114,34.286884910891104,1.2393053229898214,4.731930456434687,3.4926251334448657,2.865655578672886,10.58508150652051,0,0,0.6666666666666666,True,True,49.7,20.0,True,20m
2983.0,3_satellites,20.0,3,0.5,124.71446959228912,150.9685785463261,35.154031645804494,842.5703485929554,876.8741585104024,34.30380991744698,0.8216257349898418,5.834988073756297,5.013362338766456,1.767518699169159,12.56657238304615,0,0,0.6666666666666666,True,True,49.71666666666667,20.0,True,20m
2984.0,3_satellites,20.0,3,0.5,125.66171536253542,152.52932366914862,35.17593058893722,851.1615340582571,885.4821820666693,34.32064800841226,0.84746605095764,5.67503344702224,4.827567396064599,1.771030455827713,12.269714202731848,0,0,0.6666666666666666,True,True,49.733333333333334,20.0,True,20m
2985.0,3_satellites,20.0,3,0.4285714285714285,133.50907505822224,122.58635219429836,12.03033478724573,864.7024184899286,867.0440647370536,2.341646247125027,0.3822763743145125,7.909359783466373,7.5337050051561425,0.7537473551928997,13.39281277731061,0,0,0.5714285714285714,True,True,49.75,20.0,True,20m
2986.0,3_satellites,20.0,3,0.4285714285714285,137.90031742654938,127.02705464730414,12.020548557463131,874.5113519234962,876.8652271167128,2.353875193216595,1.3757287535284246,6.904771364160946,5.529042610632522,3.291041605174541,12.663166590034962,0,0,0.5714285714285714,True,True,49.766666666666666,20.0,True,20m
2987.0,3_satellites,20.0,3,0.5,137.10071569221188,164.00564447125993,35.24130845407589,881.444985439505,915.8158957545272,34.37091031502234,0.7560846855243047,5.209981961175799,4.605141655231516,1.4348086938261986,12.001294679939749,0,0,0.6666666666666666,True,True,49.78333333333333,20.0,True,20m
2988.0,3_satellites,20.0,3,0.4285714285714285,119.9871981189358,108.77094191174908,12.001089523143737,870.6752239956157,873.0534962636337,2.3782722680180086,2.96416155195662,8.81221189988511,6.0249250046908855,4.550685949623585,11.261510904878378,0,0,0.5714285714285714,True,True,49.8,20.0,True,20m
2989.0,3_satellites,20.0,3,0.375,169.56817100761148,159.37710422317198,11.938001001071669,918.4346475541352,920.8853932142746,2.4507456601393187,6.603873561602086,9.392707004677504,6.612104224041104,12.17536785081029,14.830560866743326,0,0,0.625,True,True,49.81666666666667,20.0,True,20m
2990.0,3_satellites,20.0,3,0.4285714285714285,123.34001183698368,112.46731292176904,11.981736076699606,890.4436928700934,892.8463281704948,2.402635300401357,1.6619118398853712,7.793989248041596,6.223607521504164,3.0530257299542427,13.48845286667347,0,0,0.5714285714285714,True,True,49.833333333333336,20.0,True,20m
2991.0,3_satellites,20.0,3,0.4285714285714285,116.62113969178468,105.5705934845413,11.972110038326877,892.4553327977316,894.8701251392611,2.4147923415295054,2.0061015715556487,8.204850135637182,6.3766109730516165,3.1509238183498383,12.156313728541136,0,0,0.5714285714285714,True,True,49.85,20.0,True,20m
2992.0,3_satellites,20.0,3,0.4285714285714285,120.10688138302292,108.95337925111744,11.962508117807884,903.168945637184,905.5958891735576,2.4269435363735283,2.149290761777333,10.13602148422173,8.164921039981502,4.37768342345953,15.56802511960268,0,0,0.5714285714285714,True,True,49.86666666666667,20.0,True,20m
2993.0,3_satellites,20.0,3,0.4285714285714285,126.83516156896312,116.02342947032058,11.952933305421952,916.2159661070626,918.6550506936056,2.439084586543004,0.8559316588299615,7.812373585466828,6.956441926636866,2.374434918165207,14.13267506659031,0,0,0.5714285714285714,True,True,49.88333333333333,20.0,True,20m
2994.0,3_satellites,20.0,3,0.4285714285714285,104.18491690025851,92.78417469903316,11.94341487456084,903.7525293117578,906.2037167291076,2.451187417349729,1.4108412287064962,8.7312630712986,7.320421842592103,3.7489420510828495,14.399575974792242,0,0,0.5714285714285714,True,True,49.9,20.0,True,20m
2995.0,3_satellites,20.0,3,0.5,128.70721587724802,156.57602941581635,35.413388285209805,931.9159842908366,966.419159801758,34.50317551092144,0.9245230990151564,5.947966578726967,5.023443479711811,2.0357010401785374,12.667446091771126,0,0,0.6666666666666666,True,True,49.916666666666664,20.0,True,20m
2996.0,3_satellites,20.0,3,0.4285714285714285,128.13294876382696,117.3784754493647,11.924413243087177,939.80900518232,942.2844145750112,2.47540939269129,1.5041847984705652,7.750170476202454,6.2459856777318885,2.9365769028663635,13.85382664948702,0,0,0.5714285714285714,True,True,49.93333333333333,20.0,True,20m
2997.0,3_satellites,20.0,3,0.4285714285714285,117.7358115063924,106.9790919632796,11.91497234847928,933.6349109437772,936.1223971824352,2.487486238657993,3.339043216513736,11.326584821833032,8.167356160070215,6.14138064160943,15.737902972847223,0,0,0.5714285714285714,True,True,49.95,20.0,True,20m
2998.0,3_satellites,20.0,3,0.4285714285714285,109.97788837292433,98.59690846880343,11.90556817926274,932.6087334764698,935.1082792895528,2.49954581308316,1.586845129196133,8.182281066264425,6.5954359370682925,2.69880798086524,15.31234361603856,0,0,0.5714285714285714,True,True,49.96666666666667,20.0,True,20m
2999.0,3_satellites,20.0,3,0.5,116.2438705009451,141.29931210050782,35.49820933867906,945.7073818267831,980.275738631558,34.568356804774794,0.904755301773548,6.520714985206723,5.810315143937866,1.819420114159584,15.051328830420973,0,0,0.5,True,True,49.983333333333334,20.0,True,20m
3000.0,3_satellites,20.0,3,0.4285714285714285,128.2127111855564,118.14129580727626,11.886809679930986,956.6537971388472,959.177459651878,2.523662513030672,5.018762273980038,12.790340485317367,7.952356328389475,10.00007526949048,16.667512957006693,0,0,0.5714285714285714,True,True,50.0,20.0,True,20m
3001.0,3_satellites,20.0,3,0.4285714285714285,130.2930839445591,119.75216429873376,11.877489723991058,971.6245777008104,974.1602678414793,2.535690140668862,1.4815055834395543,6.971749388745853,5.4902438053062985,3.536744188517332,13.324368186295033,0,0,0.5714285714285714,True,True,50.016666666666666,20.0,True,20m
3002.0,3_satellites,20.0,3,0.4285714285714285,121.55951570839522,110.716293243447,11.868204037800863,972.5996756694104,975.1473750261443,2.547699356733915,2.398559999785253,8.927058306123529,6.709915028618915,3.9686549603939056,11.242543708533049,0,0,0.5714285714285714,True,True,50.03333333333333,20.0,True,20m
3003.0,3_satellites,20.0,3,0.4285714285714285,101.67424662722205,90.55074989966108,11.858959373046458,960.4302653137364,962.9899509959638,2.559685682227496,2.357851198741368,9.376040340002094,7.1999231071344445,4.025890622287989,12.788301270455122,0,0,0.5714285714285714,True,True,50.05,20.0,True,20m
3004.0,3_satellites,20.0,3,0.4285714285714285,144.93541072728524,134.82431058010167,11.849695769732088,1009.3724095926112,1011.9441180937756,2.571708501164494,3.675710039479392,6.369213791298015,5.317670443760497,7.251103669404983,14.054986454546452,0,0,0.5714285714285714,True,True,50.06666666666667,20.0,True,20m
3005.0,3_satellites,20.0,3,0.4285714285714285,128.13199503771676,118.03851713875424,11.8405097043416,1004.484046350149,1007.0677162809114,2.583669930762426,3.229740920875753,6.624143194407225,5.949259779815163,9.042943336069584,14.727785687893627,0,0,0.5714285714285714,True,True,50.083333333333336,20.0,True,20m
3006.0,3_satellites,20.0,3,0.4285714285714285,114.86756390210884,104.3402367928754,11.831352898210776,1000.8595979231778,1003.4552185310188,2.5956206078409423,1.3809959122112818,9.369954881391354,8.171640343431916,2.2689858600497246,14.62273931503296,0,0,0.5714285714285714,True,True,50.1,20.0,True,20m
3007.0,3_satellites,20.0,3,0.4285714285714285,157.66085538830964,147.93171833235192,11.822178299811023,1045.2459259519464,1047.8535320382853,2.6076060863388197,5.15508205230747,4.691886299422809,6.154919882970197,9.8331543430686,11.783673234283924,0,0,0.7142857142857143,True,True,50.11666666666667,20.0,True,20m
3008.0,3_satellites,20.0,3,0.5,102.08730868060734,128.22376700183037,35.68583295074824,1002.303865412282,1037.016316669084,34.712451256801955,2.422385814910134,5.888547494386633,4.263101262350877,3.3235408291220665,12.148140784353018,0,0,0.6666666666666666,True,True,50.13333333333333,20.0,True,20m
3009.0,3_satellites,20.0,3,0.4285714285714285,130.67199153092025,120.38689369852368,11.804020723192094,1040.3837913854225,1043.0152291764607,2.631437791038252,1.3746117454554354,7.374568243644068,5.999956498188632,2.592662535607815,14.142347045242786,0,0,0.5714285714285714,True,True,50.15,20.0,True,20m
3010.0,3_satellites,20.0,3,0.4285714285714285,118.87316527977488,108.3136789325246,11.794981336644575,1035.306583488661,1037.9499236603644,2.6433401717033576,1.7377717393849577,6.467906134469168,4.730134395084211,2.744475439190865,11.05407627299428,0,0,0.5714285714285714,True,True,50.166666666666664,20.0,True,20m
3011.0,3_satellites,20.0,3,0.4285714285714285,105.30965723698904,94.88295851901582,11.785977419220192,1031.991963062876,1034.647187449525,2.6552243866490244,0.6892974855644363,8.742692002228328,8.053394516663891,1.7096320651471617,14.132458884269,0,0,0.5714285714285714,True,True,50.18333333333333,20.0,True,20m
3012.0,3_satellites,20.0,3,0.4285714285714285,117.73286225900468,107.41010132057316,11.7769821595836,1051.194465531809,1053.861582767328,2.667117235518617,2.07782411894628,6.357635705066579,4.2798115861202985,3.974667470902205,12.131986435502768,0,0,0.5714285714285714,True,True,50.2,20.0,True,20m
3013.0,3_satellites,20.0,3,0.4285714285714285,121.53144087200452,111.21686052934724,11.76802481999421,1059.9528283710004,1062.631818009451,2.67898963845073,3.4979724468929425,5.2841925003698895,4.667332376752581,7.10012973472476,11.91901969909668,0,0,0.5714285714285714,True,True,50.21666666666667,20.0,True,20m
3014.0,3_satellites,20.0,3,0.4285714285714285,105.35101250191084,94.8283442433211,11.759113920867607,1048.3221480548036,1051.0129806884254,2.690832633621767,1.0768280353929316,7.761553758489234,6.862376444041729,2.8060478419065475,13.848725482821465,0,0,0.5714285714285714,True,True,50.233333333333334,20.0,True,20m
3015.0,3_satellites,20.0,3,0.4285714285714285,103.25524988119132,92.56609623150209,11.750223076830364,1050.8062922132865,1053.5089654302126,2.7026732169260868,1.5470712365848678,9.266509618610144,7.904916581830808,3.604352615773678,16.135790303349495,0,0,0.5714285714285714,True,True,50.25,20.0,True,20m
3016.0,3_satellites,20.0,3,0.4285714285714285,109.8969941282538,99.37892781627134,11.741353839189353,1060.829462116829,1063.543970480363,2.7145083635339238,1.9801654208983692,7.009763607489211,5.215383151280029,3.6188377775251865,10.182312477380036,0,0,0.5714285714285714,True,True,50.266666666666666,20.0,True,20m
3017.0,3_satellites,20.0,3,0.4285714285714285,101.94590546193628,91.35234766807964,11.732531519489868,1056.707962961933,1059.434278443477,2.726315481544134,1.8256720724914757,9.649693936109545,7.824021863618067,3.0765364542603493,16.87810591608286,0,0,0.5714285714285714,True,True,50.28333333333333,20.0,True,20m
3018.0,3_satellites,20.0,3,0.4285714285714285,101.33969341121583,90.95613493967043,11.72372552658281,1061.6130127407157,1064.3511344687724,2.738121728056967,1.817195762481008,6.359964332942452,4.542768570461443,3.1164595708251,10.685522980988026,0,0,0.5714285714285714,True,True,50.3,20.0,True,20m
3019.0,3_satellites,20.0,3,0.4285714285714285,98.0775430079496,87.43643730624093,11.714961502016102,1060.54993203224,1063.299836867846,2.749904835606003,2.392961953367506,8.19711547717452,6.130090097763708,3.870330698788166,16.45509558171034,0,0,0.5714285714285714,True,True,50.31666666666667,20.0,True,20m
3020.0,3_satellites,20.0,3,0.4285714285714285,110.8297825904071,100.40610024406884,11.706204725967796,1075.918790168089,1078.6804869530888,2.761696784999913,0.9588655552693776,7.839583776891231,6.880718221621854,1.7365081161260605,14.272013992071152,0,0,0.5714285714285714,True,True,50.333333333333336,20.0,True,20m
3021.0,3_satellites,20.0,3,0.4285714285714285,109.82836164916448,99.27221950703957,11.69749492830374,1078.8082995133068,1081.5817588704203,2.773459357113552,1.3028813866632325,9.062413140599215,7.759531753935984,2.905698899179697,16.70889762789011,0,0,0.5714285714285714,True,True,50.35,20.0,True,20m
3022.0,3_satellites,20.0,3,0.4285714285714285,108.81421666668112,98.8132237179193,11.688816048446094,1084.9898376408548,1087.7750446997488,2.7852070588940023,1.4052260209407126,7.347090625337192,5.941864604396479,2.802290577441454,13.716877657920122,0,0,0.5714285714285714,True,True,50.36666666666667,20.0,True,20m
3023.0,3_satellites,20.0,3,0.4285714285714285,91.8395829116414,81.17894883293012,11.680176327875705,1072.703798345255,1075.500732734857,2.7969343896018017,1.245148813618081,9.000503716724259,7.755354903106179,1.9799994938075545,15.783987753093244,0,0,0.5714285714285714,True,True,50.38333333333333,20.0,True,20m
3024.0,3_satellites,20.0,3,0.4285714285714285,61.06037303244928,50.047746074245296,11.67158489946159,1045.1518155710885,1047.960444788508,2.808629217419366,5.1736441903880666,13.165277361869812,8.17983843599047,11.605508875101805,22.294497400522232,1,0,0.5714285714285714,True,True,50.4,20.0,True,20m
3025.0,3_satellites,20.0,3,0.5,94.8732449570231,122.01436868831551,36.02877591780025,1082.964028003582,1117.939669622412,34.97564161882997,1.5868273861706257,4.46243317052722,3.2485984762509665,3.1207826025784016,10.199845217168331,0,0,0.5,True,True,50.416666666666664,20.0,True,20m
3026.0,3_satellites,20.0,3,0.4285714285714285,86.6237701541802,76.13953463197204,11.654407658188957,1080.0418642034872,1082.8739287127985,2.832064509311067,1.806747803730624,7.5096150775040895,5.8916700801679065,3.9017746299505234,10.953890714794396,0,0,0.5714285714285714,True,True,50.43333333333333,20.0,True,20m
3027.0,3_satellites,20.0,3,0.4285714285714285,89.19402090445618,78.09432475791795,11.645880003450674,1080.466818265922,1083.310565138937,2.8437468730148794,5.56721659217562,10.733572772038835,5.355457344757659,9.34691747650504,15.9187734387815,0,0,0.5714285714285714,True,True,50.45,20.0,True,20m
3028.0,3_satellites,20.0,3,0.4285714285714285,90.49025807085538,80.16606298136185,11.637368595495497,1093.315335375901,1096.170766117119,2.855430741218015,2.482762428798846,6.958591753350837,4.665225997567177,3.934698831290007,10.262706000357866,0,0,0.5714285714285714,True,True,50.46666666666667,20.0,True,20m
3029.0,3_satellites,20.0,3,0.4285714285714285,76.7487158686576,66.23262113966622,11.628914652755991,1084.317760417328,1087.184834126458,2.8670737091301817,1.3549837917089462,8.605746583214827,7.440454504319599,2.020561221987009,12.394169069826605,0,0,0.5714285714285714,True,True,50.483333333333334,20.0,True,20m
3030.0,3_satellites,20.0,3,0.4285714285714285,63.94721388665698,54.17362551293145,11.6204818144283,1078.8345978600623,1081.713310619578,2.8787127595155653,1.935279978705304,7.982227833143303,6.451429286705596,4.369155514985323,13.489239159971476,0,0,0.5714285714285714,True,True,50.5,20.0,True,20m
3031.0,3_satellites,20.0,3,0.4285714285714285,62.49564807766047,52.464262772782526,11.612072926122842,1084.4974208872934,1087.3877648755351,2.8903439882417388,2.926118014114244,7.640151042491198,5.728286597877741,5.104978337883949,15.527447808533909,0,0,0.5714285714285714,True,True,50.516666666666666,20.0,True,20m
3032.0,3_satellites,20.0,3,0.4285714285714285,80.4490367237698,70.73419283584843,11.603675697817245,1104.6615790818903,1107.563560076194,2.9019809943038126,2.7413538827427795,5.441974652132818,2.9921387465936795,5.506123226135969,8.980708703398705,0,0,0.5714285714285714,True,True,50.53333333333333,20.0,True,20m
3033.0,3_satellites,20.0,3,0.5,90.76997518718429,71.5505806171398,25.158453732178558,1108.1126734395318,1111.3621244964409,3.249451056909038,3.0492311442891755,6.683888914063573,3.894224695240458,5.586198773235083,11.471552964299915,0,0,0.5,True,True,50.55,20.0,True,20m
3034.0,3_satellites,20.0,3,0.4285714285714285,74.83596553942716,65.84310039524803,11.587008534298644,1111.0725904162723,1113.997765167758,2.925174751485656,11.382518877408334,9.98448572307825,7.864990530801671,27.30947371572256,13.50145161524415,0,0,0.5714285714285714,True,True,50.56666666666667,20.0,True,20m
3035.0,3_satellites,20.0,3,0.5,94.4435044045897,76.38297440147932,25.16189755312118,1117.804321386034,1121.052269976392,3.2479485903579643,2.019124291216334,6.100727868576844,4.341218638544281,3.628165055066347,10.284836996346712,0,0,0.5,True,True,50.583333333333336,20.0,True,20m
3036.0,3_satellites,20.0,3,0.6,73.55423396747892,42.977106354585445,42.158152529452494,1104.6701912850426,1097.8625401294344,-6.807651155608255,0.5340493954718113,5.116141506284476,4.582092110812664,1.113979395478964,10.671813886612654,0,0,0.6,True,True,50.6,20.0,True,20m
3037.0,3_satellites,20.0,3,0.5,77.0414529035974,68.82407341991195,9.606847882480414,1113.11965356824,1117.4404386594367,4.32078509119674,0.8259119888146719,9.952751450861491,9.126839462046824,2.020445600152016,13.236356444656847,0,0,0.5,True,True,50.61666666666667,20.0,True,20m
3038.0,3_satellites,20.0,3,0.4285714285714285,66.69111543151931,56.65690742376874,11.554021913180422,1108.2224898257648,1111.19391921746,2.97142939169521,0.8898890550647464,7.484298540545361,6.605114849018199,2.0699375830590725,11.73943069949746,0,0,0.5714285714285714,True,True,50.63333333333333,20.0,True,20m
3039.0,3_satellites,20.0,3,0.375,105.49976783299856,88.640868400224,17.2569877811227,1145.0181285347028,1142.0089286229106,-3.009199911792166,7.0263442024588585,8.727493735961616,7.233279342763126,15.871122758835554,21.094081182032824,1,0,0.75,True,True,50.65,20.0,True,20m
3040.0,3_satellites,20.0,3,0.375,82.96532535088245,66.3709234685853,17.251805670769745,1133.7336902385375,1130.7281475652217,-3.0055426733160857,5.79191888961941,5.657959310803562,6.635532252956182,12.884403251111507,11.317491579800844,0,0,0.5,True,True,50.666666666666664,20.0,True,20m
3041.0,3_satellites,20.0,3,0.4285714285714285,84.48291232473528,68.59185164060321,16.012863382072332,1137.2954722851678,1136.0106543666184,-1.284817918549379,2.530648389032909,5.674890174929585,3.632470782846213,5.424757707864046,10.962674528360369,0,0,0.5714285714285714,True,True,50.68333333333333,20.0,True,20m
3042.0,3_satellites,20.0,3,0.4285714285714285,74.04420874035887,62.93149831300682,11.5215000807057,1123.503882499037,1126.5213668620847,3.0174843630477426,2.315221345318215,10.095004492040191,7.97324297364269,4.819994129240513,14.094837483018637,0,0,0.5714285714285714,True,True,50.7,20.0,True,20m
3043.0,3_satellites,20.0,3,0.4285714285714285,81.28463226758791,70.49795641364567,11.513432426423938,1136.555968316408,1139.5849447972012,3.0289764807930624,3.38743340756212,10.301708164491824,7.108018402010202,6.143366649746895,13.620219454169272,0,0,0.5714285714285714,True,True,50.71666666666667,20.0,True,20m
3044.0,3_satellites,20.0,3,0.4285714285714285,80.3333048896917,70.23727816149412,11.505403728984293,1141.0840649480544,1144.124511675259,3.040446727204653,0.5834889678018433,7.623347997665405,7.090273450527873,1.103654533624649,12.808308519423008,0,0,0.5714285714285714,True,True,50.733333333333334,20.0,True,20m
3045.0,3_satellites,20.0,3,0.4285714285714285,69.85419923046476,59.74143605637417,11.497407772330284,1135.394942313175,1138.446843655361,3.051901342185829,2.1824905989425525,10.176985219653163,8.188802180013486,4.03194135800004,14.233383242040873,0,0,0.5714285714285714,True,True,50.75,20.0,True,20m
3046.0,3_satellites,20.0,3,0.4285714285714285,64.87895112732235,54.300155841359846,11.48943903929503,1135.1667456654152,1138.2300915786932,3.063345913277999,1.0833009987005169,9.077925357435433,8.189213262604815,1.8594944477081297,14.238126672804356,0,0,0.5714285714285714,True,True,50.766666666666666,20.0,True,20m
3047.0,3_satellites,20.0,3,0.4285714285714285,69.11760856167423,59.028281778058,11.48149130276878,1144.1291221449787,1147.2039077998195,3.0747856548407526,1.621993474662304,8.072154914694172,6.450161440031869,2.408180177211761,15.595102969557049,0,0,0.5714285714285714,True,True,50.78333333333333,20.0,True,20m
3048.0,3_satellites,20.0,3,0.4285714285714285,72.70185260076677,62.560561271454674,11.473573610537477,1150.438916487324,1153.5251284424564,3.086211955132512,1.526986748512302,9.611934348408663,8.099965406315667,2.287930585443973,16.100366301834583,0,0,0.5714285714285714,True,True,50.8,20.0,True,20m
3049.0,3_satellites,20.0,3,0.4285714285714285,74.33769441374119,63.900146949251365,11.465684938847836,1155.672006912639,1158.769632381867,3.097625469227978,2.2143940994782105,8.185784857720137,6.166818950857435,3.9099160954356194,11.170790567994118,0,0,0.5714285714285714,True,True,50.81666666666667,20.0,True,20m
3050.0,3_satellites,20.0,3,0.4285714285714285,89.22069940117082,78.79657000941266,11.457816221080323,1174.1290919728046,1177.2381276033211,3.109035630516473,4.428267686494759,8.241757302411965,4.595209869955268,6.944805581122637,12.474775351583958,0,0,0.5714285714285714,True,True,50.833333333333336,20.0,True,20m
3051.0,3_satellites,20.0,3,0.4285714285714285,61.315056091557466,51.49602876734628,11.45000392784277,1160.1466991978052,1163.2671073506197,3.1204081528144343,1.4816805012524128,8.8765946871468,7.394914185894387,2.451803933829069,15.107609618455172,0,0,0.5714285714285714,True,True,50.85,20.0,True,20m
3052.0,3_satellites,20.0,3,0.4285714285714285,61.14868999379159,50.89234806300722,11.442201510918569,1166.339124201307,1169.4709102842278,3.1317860829208257,1.5443095793681485,9.539700260119778,8.191649616296802,2.749941408634186,15.140129458159208,0,0,0.5714285714285714,True,True,50.86666666666667,20.0,True,20m
3053.0,3_satellites,20.0,3,0.375,81.13438511934471,64.22089380544485,17.18433755758747,1188.2854484260097,1185.3276456075514,-2.957802818458049,2.923726490233093,7.319590621162206,5.715959670953453,6.058933399617672,14.368651308119295,0,0,0.5,True,True,50.88333333333333,20.0,True,20m
3054.0,3_satellites,20.0,3,0.4285714285714285,60.47577706959908,50.18917490326411,11.426681896618604,1175.9283032859562,1179.0828098483005,3.154506562344068,1.3108192022357668,9.141089820436068,8.027079881301947,2.7216236107051373,13.745681766420605,0,0,0.5714285714285714,True,True,50.9,20.0,True,20m
3055.0,3_satellites,20.0,3,0.375,165.13760921627673,149.45170704949376,17.17391830578674,1264.6135532908086,1261.6631502381,-2.9504030527084524,16.611650672741234,18.31936126993969,7.397262909915298,32.99583237618208,38.21413562819362,4,0,0.5,True,True,50.916666666666664,20.0,True,20m
3056.0,3_satellites,20.0,3,0.375,64.36553431756376,47.6218352234304,17.16883122429483,1195.2415894959788,1192.2947598421806,-2.946829653798204,2.435362465679645,6.341676185838878,4.36187912710011,4.41318941488862,12.625710252672434,0,0,0.5,True,True,50.93333333333333,20.0,True,20m
3057.0,3_satellites,20.0,3,0.375,81.22144193825008,65.1626789659184,17.16365059678556,1212.8875480249806,1209.9443915463737,-2.943156478606852,4.419231184292585,8.174817416351289,5.68649884685874,9.17171400040388,15.988746237009764,0,0,0.5,True,True,50.95,20.0,True,20m
3058.0,3_satellites,20.0,3,0.4285714285714285,49.82405960240258,39.73639037847203,11.39599807328185,1191.231457945935,1194.431249127288,3.199791181353021,0.7450104111007282,8.517399457948548,7.77238904684782,1.9457581974565985,13.48644331470132,0,0,0.5714285714285714,True,True,50.96666666666667,20.0,True,20m
3059.0,3_satellites,20.0,3,0.4285714285714285,42.00813949754486,31.312663461310223,11.388394238425962,1190.5530751330343,1193.7641626711743,3.211087538140191,0.5080802403390408,7.686348986412797,7.178268746073757,1.127575058490038,12.687765579670668,0,0,0.5714285714285714,True,True,50.983333333333334,20.0,True,20m
3060.0,3_satellites,20.0,3,0.4285714285714285,43.51607537052392,33.94024931951314,11.380813187055471,1204.8858454780457,1208.108221272601,3.222375794555319,1.6330747630979334,7.056524709931442,5.424696715282543,3.7146979682147503,11.583717230707409,0,0,0.5714285714285714,True,True,51.0,20.0,True,20m
3061.0,3_satellites,20.0,3,0.4285714285714285,44.269489257752994,34.571379586891204,11.37327243326806,1210.709225787073,1213.9428668961064,3.2336411090336696,1.1227504712130345,9.11925218413983,8.195210620760918,1.942120585590601,15.22742110863328,0,0,0.5714285714285714,True,True,51.016666666666666,20.0,True,20m
3062.0,3_satellites,20.0,3,0.375,55.65162785992141,41.15581135614005,17.137859429919594,1227.945247662581,1225.020349937413,-2.9248977251681936,1.0415322151966393,8.052149374037981,7.168465706985444,2.3969211913645267,12.882705301046371,0,0,0.5,True,True,51.03333333333333,20.0,True,20m
3063.0,3_satellites,20.0,3,0.3333333333333333,62.10599823801485,48.70231561390483,14.442240499282793,1242.928174726049,1242.0332284923454,-0.8949462337036493,2.043786552217272,6.948262644724713,6.428844123664829,4.90206203982234,12.457257565110922,0,0,0.5555555555555556,True,True,51.05,20.0,True,20m
3064.0,3_satellites,20.0,3,0.4285714285714285,77.70998028377949,67.25885117798379,11.350778536410338,1256.9586255773097,1260.226031233163,3.2674056558535085,6.789393896503108,10.30372222938708,5.044310909296785,11.12308457866311,17.568374138325453,0,0,0.5714285714285714,True,True,51.06666666666667,20.0,True,20m
3065.0,3_satellites,20.0,3,0.4285714285714285,44.26554382791796,33.6885992046242,11.343366766273563,1240.9786054885465,1244.2572151274976,3.2786096389511385,2.6301529897110805,6.003662316926888,3.6557044610381126,3.829116642475128,11.610079534351826,0,0,0.5714285714285714,True,True,51.083333333333336,20.0,True,20m
3066.0,3_satellites,20.0,3,0.375,63.086118845512765,47.58842323129518,15.9798508312122,1269.381461606387,1267.521069481772,-1.860392124614691,3.472782578319311,6.751348746474832,4.801804960239679,8.35798005759716,10.414398733526468,0,0,0.625,True,True,51.1,20.0,True,20m
3067.0,3_satellites,20.0,3,0.4285714285714285,67.18353480883339,54.31904547971868,13.347170656479951,1283.7668256063869,1285.8807421329618,2.11391652657494,3.881402069968837,5.151558112885271,5.184840355600629,10.095645043998957,12.70338261127472,0,0,0.5714285714285714,True,True,51.11666666666667,20.0,True,20m
3068.0,3_satellites,20.0,3,0.375,58.41808183604499,43.45122759001992,15.975543184194544,1281.67946874117,1279.8212575101386,-1.8582112310314187,4.0152984615415335,7.84062091447413,5.986519615165889,7.821969702839851,15.744465436786411,0,0,0.5,True,True,51.13333333333333,20.0,True,20m
3069.0,3_satellites,20.0,3,0.375,64.1575363089482,48.90887373064229,15.973373936878938,1294.4328837006951,1292.5757758982948,-1.8571078024003784,4.695601168088615,7.249971138779074,6.460649492684752,9.84831952676177,14.80780927836895,0,0,0.625,True,True,51.15,20.0,True,20m
3070.0,3_satellites,20.0,3,0.375,51.38574085010478,36.83054630871801,15.97122235842135,1294.715593950898,1292.859571584785,-1.8560223661129385,4.267213726881892,5.553970785345882,5.309944765642285,10.345016200095415,10.914971522986889,0,0,0.625,True,True,51.166666666666664,20.0,True,20m
3071.0,3_satellites,20.0,3,0.3333333333333333,67.45301065658205,51.63194476678891,16.948599001100686,1315.8774588391889,1313.1073015029694,-2.7701573362194267,4.432259089830849,6.738859979642762,5.148004596845971,11.066185027360916,14.772798839956522,0,0,0.5555555555555556,True,True,51.18333333333333,20.0,True,20m
3072.0,3_satellites,20.0,3,0.375,71.81255514957532,56.26759481630478,15.966866576317871,1330.9272819438677,1329.073481410876,-1.8538005329914995,3.3963243453763425,8.358257874380797,5.572513794526458,6.524745300412178,12.70349870249629,0,0,0.625,True,True,51.2,20.0,True,20m
3073.0,3_satellites,20.0,3,0.375,68.81028748527386,53.5008972290463,15.964699717485304,1331.8939180510374,1330.0412166123772,-1.8527014386602327,3.310747977346182,9.497124479617923,6.613009502645582,7.020652819424868,14.2627574801445,0,0,0.5,True,True,51.21666666666667,20.0,True,20m
3074.0,3_satellites,20.0,3,0.375,64.6131356600594,49.37923141473163,15.962532800094364,1344.4284100777768,1342.5768076279528,-1.8516024498239856,4.020219924394041,7.147331715095788,6.082609803415835,10.18244218453765,14.284525483846664,0,0,0.625,True,True,51.233333333333334,20.0,True,20m
3075.0,3_satellites,20.0,3,0.375,59.17557124218804,43.816310541262496,15.960360824036904,1346.0383972320838,1344.187896689789,-1.8505005422944123,2.54203967936337,6.80651044473052,4.705061890184879,5.918607052415609,12.095796942710876,0,0,0.625,True,True,51.25,20.0,True,20m
3076.0,3_satellites,20.0,3,0.4285714285714285,38.56548695385247,29.3047325888313,11.2635147653992,1336.7555876577433,1340.1568059114352,3.4012182536919227,6.798840415797064,5.767607158316033,8.15238778825317,15.716183416545393,11.985105961561205,0,0,0.5714285714285714,True,True,51.266666666666666,20.0,True,20m
3077.0,3_satellites,20.0,3,0.5,51.370814391733326,31.76133652001825,25.23483526256464,1349.417103354928,1352.632404826416,3.215301471487919,1.180272885908683,5.206617347275217,4.197899029279749,2.1574776992201805,8.62946691736579,0,0,0.6666666666666666,True,True,51.28333333333333,20.0,True,20m
3078.0,3_satellites,20.0,3,0.375,71.05119938273226,55.29655464345653,15.953811882719014,1374.4256947172987,1372.578530987554,-1.8471637297445795,2.946838357020169,9.559973859693857,7.057069600559771,7.167810920625925,18.21812031418085,0,0,0.625,True,True,51.3,20.0,True,20m
3079.0,3_satellites,20.0,3,0.4285714285714285,47.426548475767405,38.34728898629604,11.242326507727444,1366.1308274155135,1369.5652346894935,3.434407273980014,1.158741544932127,8.207764224814516,7.252442565347467,1.822449382394552,11.99692464992404,0,0,0.5714285714285714,True,True,51.31666666666667,20.0,True,20m
3080.0,3_satellites,20.0,3,0.4285714285714285,44.45951602889099,34.876593503878034,11.23532814409221,1366.2433708162418,1369.6888088906114,3.4454380743695765,1.6252156549266406,9.376165469310113,7.954624452229057,3.039262678474188,13.3271888718009,0,0,0.5714285714285714,True,True,51.333333333333336,20.0,True,20m
3081.0,3_satellites,20.0,3,0.4285714285714285,64.60448546849415,55.14046472931898,11.22833463957178,1394.148625659561,1397.6051044650533,3.4564788054922246,2.0261079919125358,8.4463652244636,6.6241862417331765,3.2145077288150787,10.90447248145938,0,0,0.5714285714285714,True,True,51.35,20.0,True,20m
3082.0,3_satellites,20.0,3,0.375,77.09622152143487,61.895241742382666,15.945063468255013,1412.5796785889388,1410.7369710803289,-1.8427075086101468,5.524976377375424,8.586250770837069,6.154363404028118,9.461899384856224,16.823237273842096,0,0,0.625,True,True,51.36666666666667,20.0,True,20m
3083.0,3_satellites,20.0,3,0.4285714285714285,58.1452667574115,50.03078759299255,11.214471484222504,1402.9756464458487,1406.4541316569987,3.478485211149973,1.4357909326042448,8.648956356304032,7.417599071349416,2.5087019689381123,12.655197612941263,0,0,0.5714285714285714,True,True,51.38333333333333,20.0,True,20m
3084.0,3_satellites,20.0,3,0.375,187.10142251995333,173.1812444280931,15.940598269577452,1508.8793303528046,1507.0389400436018,-1.840390309202803,20.50333663262427,22.379667490255088,7.340785010252148,36.40097375586629,40.69207822903991,6,0,0.5,True,True,51.4,20.0,True,20m
3085.0,3_satellites,20.0,3,0.375,183.55110057497205,170.09516884733875,15.93840986008244,1508.9981704080446,1507.158892740297,-1.8392776677476377,22.68409331608564,24.560130792669952,7.341818813234568,38.99348138645291,43.2597237713635,7,0,0.5,True,True,51.416666666666664,20.0,True,20m
3086.0,3_satellites,20.0,3,0.4285714285714285,60.16496785922531,50.871436584242815,11.19388601845135,1427.3073200531596,1430.8187251073095,3.511405054149918,1.9502459120537556,8.015204622277192,6.270146108631577,3.275920644402504,10.544489942491056,0,0,0.5714285714285714,True,True,51.43333333333333,20.0,True,20m
3087.0,3_satellites,20.0,3,0.4285714285714285,37.245730193766185,28.186765826054916,11.18710192047157,1412.3182301269712,1415.8405632507297,3.522333123758472,1.77306426476155,8.848408779927663,7.075344515166113,2.4053922221064568,15.845014549791811,0,0,0.5714285714285714,True,True,51.45,20.0,True,20m
3088.0,3_satellites,20.0,3,0.375,161.99103190479516,148.27946121609148,15.931817034535596,1514.861079794662,1513.025161653436,-1.8359181412261023,17.030790839344263,18.905953279696405,7.344922954216599,29.58819740638137,32.35937121137977,4,0,0.5,True,True,51.46666666666667,20.0,True,20m
3089.0,3_satellites,20.0,3,0.4285714285714285,63.98629842846387,54.81784895056225,11.173553680623144,1449.9166866213664,1453.46090016043,3.5442135390635485,3.1739025323518684,6.083629765680858,4.291222549442734,7.438653994351625,10.84072720259428,0,0,0.5714285714285714,True,True,51.483333333333334,20.0,True,20m
3090.0,3_satellites,20.0,3,0.4285714285714285,47.37947617650003,37.75040299979205,11.166848470047446,1440.782358279438,1444.3374680080165,3.5551097285786,2.0083855257502625,9.800242167498384,7.998038042336702,3.9072786942124367,14.67116528004408,0,0,0.5714285714285714,True,True,51.5,20.0,True,20m
3091.0,3_satellites,20.0,3,0.5,59.40113497531944,52.23435805893772,9.081426142800854,1461.3789142413411,1466.3728546238876,4.993940382546498,0.4217541323353846,9.53846730912725,9.116713176791867,0.8590371608734131,13.75291258469224,0,0,0.5,True,True,51.516666666666666,20.0,True,20m
3092.0,3_satellites,20.0,3,0.4285714285714285,45.010841782904485,35.05942827202638,11.153486291264397,1453.144168777323,1456.721069111685,3.5769003343618806,2.036644939865385,8.86559396237135,7.035623547221933,3.1802897043526173,12.94923296943307,0,0,0.5714285714285714,True,True,51.53333333333333,20.0,True,20m
3093.0,3_satellites,20.0,3,0.4285714285714285,32.30654464241724,26.54873859596878,11.146862559507955,1451.5180798363106,1455.1058415677846,3.587761731474074,5.433655695723636,10.185074134064571,6.613623410463333,7.968321990221739,21.018165804445744,1,0,0.5714285714285714,True,True,51.55,20.0,True,20m
3094.0,3_satellites,20.0,3,0.4285714285714285,55.32101947222896,45.25657635233189,11.140237653170011,1470.854717754066,1474.4533573280678,3.598639574001936,0.6761962670300689,8.322765018258776,7.646568751228707,1.5611688755452633,14.679834596812723,0,0,0.5714285714285714,True,True,51.56666666666667,20.0,True,20m
3095.0,3_satellites,20.0,3,0.4285714285714285,52.13271795160601,43.35550644501532,11.133659495678272,1476.3012520985976,1479.9107375790438,3.60948548044621,1.4698366623904024,9.04446479199188,7.574628129601479,3.0708255507051945,16.892289832234383,0,0,0.5714285714285714,True,True,51.583333333333336,20.0,True,20m
3096.0,3_satellites,20.0,3,0.4285714285714285,46.607607923413525,38.14111534716406,11.127107585066115,1477.085198275309,1480.7055199270926,3.62032165178357,1.976665587829692,8.117761009505816,6.141095421676125,2.9999022036790848,16.138530798256397,0,0,0.5714285714285714,True,True,51.6,20.0,True,20m
3097.0,3_satellites,20.0,3,0.4285714285714285,54.64627275784149,44.98288273409157,11.12057214237809,1486.8032690469947,1490.434425785236,3.631156738241316,1.8496852357472693,7.63121552339622,5.989424665059362,2.82489987462759,10.996754944324492,0,0,0.5714285714285714,True,True,51.61666666666667,20.0,True,20m
3098.0,3_satellites,20.0,3,0.4285714285714285,47.94116547343765,38.40317001824224,11.114085728865758,1485.2895905382877,1488.931549231527,3.6419586932395305,2.2505288778671195,7.4049418323806355,5.69439389396991,4.111670628190041,14.999358557164667,0,0,0.5714285714285714,True,True,51.63333333333333,20.0,True,20m
3099.0,3_satellites,20.0,3,0.4285714285714285,53.15413433052152,44.78508523854517,11.10761048495654,1495.8492006648016,1499.501964503152,3.652763838350438,2.5389432720839977,9.84005337261728,7.301110100533281,5.646514419466257,19.468346297740936,0,0,0.5714285714285714,True,True,51.65,20.0,True,20m
3100.0,3_satellites,20.0,3,0.4285714285714285,55.386877939286975,47.6436453548168,11.101165522699675,1504.2839876836078,1507.947542806993,3.663555123385095,4.535218236169645,10.70930159890226,7.512890487909317,9.262236837297678,23.08415149524808,1,0,0.5714285714285714,True,True,51.666666666666664,20.0,True,20m
3101.0,3_satellites,20.0,3,0.4285714285714285,43.53373296747161,33.39045134984906,11.094751643175789,1495.657993585732,1499.3323249048708,3.6743313191389007,1.2781011275947094,7.088254812040499,5.8101536844457895,2.594785895198584,11.712985515594482,0,0,0.5714285714285714,True,True,51.68333333333333,20.0,True,20m
3102.0,3_satellites,20.0,3,0.4285714285714285,70.09744289096437,63.82861620419632,11.08837083984556,1526.5155559285347,1530.2006416058705,3.685085677335565,9.137941143874611,13.98504701629281,6.8179271295666695,14.934561494737864,28.75662975385785,2,0,0.5714285714285714,True,True,51.7,20.0,True,20m
3103.0,3_satellites,20.0,3,0.4285714285714285,66.96925939907815,58.90590697380932,11.081998829978025,1525.9604469010835,1529.6562973731918,3.695850472108305,2.9399484300187657,10.183665902486869,7.243717472468104,6.00499277934432,19.827130243182182,0,0,0.5714285714285714,True,True,51.71666666666667,20.0,True,20m
3104.0,3_satellites,20.0,3,0.4285714285714285,60.23144912987428,51.81834634818349,11.0756632246865,1525.1680721699602,1528.874666195945,3.706594025984941,1.9816934897431304,10.19243067556194,8.21073718581881,4.408843137323856,18.23104716837406,0,0,0.5714285714285714,True,True,51.733333333333334,20.0,True,20m
3105.0,3_satellites,20.0,3,0.4285714285714285,60.28058352232082,51.94233500573413,11.069354251906336,1527.8915788595405,1531.6089041039754,3.71732524443496,1.4544947120760168,7.677241505256721,6.222746793180704,3.612228937447071,14.701831500977278,0,0,0.5714285714285714,True,True,51.75,20.0,True,20m
3106.0,3_satellites,20.0,3,0.375,65.8243458935691,49.83735545966029,16.912853236160487,1538.0823616743794,1535.3172724054864,-2.765089268893007,2.4559371382929385,7.649475656449795,5.783624335657805,4.503951996564865,16.501223988831043,0,0,0.5,True,True,51.766666666666666,20.0,True,20m
3107.0,3_satellites,20.0,3,0.4285714285714285,51.340936888257694,42.64474175193634,11.056837118252854,1529.1127274189914,1532.8514592429694,3.7387318239780143,0.648370231368712,8.19726482832006,7.548894596951349,1.431201733648777,13.75678365305066,0,0,0.5714285714285714,True,True,51.78333333333333,20.0,True,20m
3108.0,3_satellites,20.0,3,0.4285714285714285,51.32989842107142,42.25225944756821,11.0506077015722,1533.193260756516,1536.942689853765,3.749429097249049,1.451333464256355,8.447813097919736,7.2069909657750815,2.380599021911621,11.922608941793442,0,0,0.5714285714285714,True,True,51.8,20.0,True,20m
3109.0,3_satellites,20.0,3,0.375,41.11147688129497,31.432612332306192,16.897691607367175,1518.3417421303018,1515.5874389962455,-2.7543031340560447,2.970519098918885,8.397952935192734,6.114596144296229,6.842242531478405,15.467998385429382,0,0,0.5,True,True,51.81666666666667,20.0,True,20m
3110.0,3_satellites,20.0,3,0.4285714285714285,62.20535928007566,52.03210024462283,11.038242009028114,1546.1856935078918,1549.9564680040694,3.770774496177637,3.656493902738605,8.729020025581121,5.283504260437829,5.747913476079702,12.042865116149189,0,0,0.5714285714285714,True,True,51.833333333333336,20.0,True,20m
3111.0,3_satellites,20.0,3,0.375,80.08927587331426,65.09502017558346,15.880569482837092,1572.1733592066737,1570.3636867937705,-1.8096724129029556,6.215889836661518,7.979157687164843,7.330546990968287,12.6411648131907,16.980112373828888,0,0,0.5,True,True,51.85,20.0,True,20m
3112.0,3_satellites,20.0,3,0.3333333333333333,79.11936262375916,63.33226985557948,16.869286284276985,1575.365192293889,1572.6330863741157,-2.7321059197736304,5.398657428307666,7.623612011058463,5.9425145081347885,11.814719635993242,16.473481226712465,0,0,0.6666666666666666,True,True,51.86666666666667,20.0,True,20m
3113.0,3_satellites,20.0,3,0.375,59.49598884611507,43.44606963012488,16.87743775351091,1564.2445249033344,1561.5046587437312,-2.7398661596032525,3.2228496042080224,6.4433022127486765,4.875090075656772,6.6205825060606,12.492883760482073,0,0,0.5,True,True,51.88333333333333,20.0,True,20m
3114.0,3_satellites,20.0,3,0.375,53.39542059824916,37.71408247238603,16.872394517145516,1563.961466737816,1561.2251923073625,-2.736274430453477,1.0731551889330149,8.223638427443802,7.150483238510788,2.28883209079504,15.583252850919962,0,0,0.625,True,True,51.9,20.0,True,20m
3115.0,3_satellites,20.0,3,0.375,63.36848276425453,47.001598760762256,16.867332127608655,1576.7164070709357,1573.983743413734,-2.732663657201556,4.071272602304816,7.032282040454447,4.663004519417882,7.633735429495573,12.452798053622246,0,0,0.625,True,True,51.916666666666664,20.0,True,20m
3116.0,3_satellites,20.0,3,0.375,63.15428329561942,46.92522906945433,16.862286320121957,1581.5859931794266,1578.8569254844765,-2.729067694950345,2.9141980507411063,8.23288482055068,5.920368265826255,4.51612376794219,12.089154593646526,0,0,0.5,True,True,51.93333333333333,20.0,True,20m
3117.0,3_satellites,20.0,3,0.375,52.67829320082868,37.05457298660738,16.85725479348378,1575.4076218182145,1572.6821372700276,-2.725484548186841,1.2557495185174048,6.845585090573877,5.755567904561758,2.936144459992647,12.255388032644989,0,0,0.625,True,True,51.95,20.0,True,20m
3118.0,3_satellites,20.0,3,0.4285714285714285,50.500506547270334,41.49248338706969,10.989885149979582,1579.272466207957,1583.1281123655592,3.855646157602223,1.5347904137202673,7.685752077294247,6.363769304007292,2.1903541646897797,11.974517982453108,0,0,0.5714285714285714,True,True,51.96666666666667,20.0,True,20m
3119.0,3_satellites,20.0,3,0.375,87.41885780858429,72.04013921556225,15.862462773524836,1615.940624516374,1614.1402735889335,-1.8003509274403768,7.908769269008189,8.16475039953366,5.819541867822409,19.660524982959032,15.342754404991863,0,0,0.5,True,True,51.983333333333334,20.0,True,20m
3120.0,3_satellites,20.0,3,0.4285714285714285,64.06401642495261,55.66686793605939,10.978054673708035,1603.139791741599,1607.0165451841588,3.876753442559675,3.3204789369234016,5.366306713649204,3.510192089314972,5.984682340174913,11.269206460565329,0,0,0.5714285714285714,True,True,52.0,20.0,True,20m
3121.0,3_satellites,20.0,3,0.375,66.74983509901703,51.87099139803083,15.857939129244365,1608.6737887634386,1606.8757577413462,-1.7980310220923457,3.931865826714784,7.794908504933119,5.381720372010022,6.789542984217405,15.536432601511478,0,0,0.5,True,True,52.016666666666666,20.0,True,20m
3122.0,3_satellites,20.0,3,0.375,57.68333542228224,42.8655077919872,15.855671567302297,1604.97521029242,1603.178343616268,-1.796866676152149,2.692829242441803,7.654093741439283,5.332773202564567,4.164448097348213,15.418353237211704,0,0,0.5,True,True,52.03333333333333,20.0,True,20m
3123.0,3_satellites,20.0,3,0.5,55.8179084105732,81.13339361119696,37.72486254776499,1602.2063602337223,1638.479469779324,36.27310954560153,3.028113078325987,8.526069723690549,5.5139793536315365,4.60748128965497,17.600641559809446,0,0,0.6666666666666666,True,True,52.05,20.0,True,20m
3124.0,3_satellites,20.0,3,0.4285714285714285,55.17785084789064,46.85018735274471,10.954738952571551,1607.8579843939829,1611.7767856563191,3.918801262336274,1.3650136153612815,7.011698206620557,5.646684591259275,3.4922107346355915,12.79721638932824,0,0,0.5714285714285714,True,True,52.06666666666667,20.0,True,20m
3125.0,3_satellites,20.0,3,0.4285714285714285,49.02709764919226,39.2069429301436,10.948977928516657,1599.166429747012,1603.0957142214768,3.9292844744647937,1.664907351668392,9.201529225600618,7.5366218739322255,3.474374562501908,17.29710453003645,0,0,0.5714285714285714,True,True,52.083333333333336,20.0,True,20m
3126.0,3_satellites,20.0,3,0.4285714285714285,51.30615572089973,43.2026232790533,10.943239952015842,1608.9020217658249,1612.8417759688712,3.9397542030465047,2.2526896691748077,8.709282572780337,6.671182897474084,3.6282941326498985,11.617427073419094,0,0,0.5714285714285714,True,True,52.1,20.0,True,20m
3127.0,3_satellites,20.0,3,0.4285714285714285,60.22075016151904,50.888780212093536,10.9375176708604,1614.4015032452746,1618.3517312965434,3.950228051268823,1.639049423592431,7.604210915842226,5.965161492249796,3.3871998637914658,14.863604940474032,0,0,0.5714285714285714,True,True,52.11666666666667,20.0,True,20m
3128.0,3_satellites,20.0,3,0.4285714285714285,34.131022541712426,26.26218283244304,10.93185379645944,1591.1972826093202,1595.157937222785,3.96065461346484,4.170764997069325,10.766981889626807,6.811245182795184,7.744972545653582,13.983243312686682,0,0,0.5714285714285714,True,True,52.13333333333333,20.0,True,20m
3129.0,3_satellites,20.0,3,0.4285714285714285,34.207039262750634,27.57889489090542,10.926189074038936,1604.29345366575,1608.2645488515109,3.97109518576076,6.812429958156177,4.891401079084192,6.460174131606307,16.081017922610044,8.889540567994118,0,0,0.5714285714285714,True,True,52.15,20.0,True,20m
3130.0,3_satellites,20.0,3,0.4285714285714285,48.411030873985375,39.688573171948896,10.920553531037555,1608.8997586550004,1612.8812834929172,3.9815248379168224,2.190431432532413,8.23015577771834,6.255188033516918,3.0417395010590558,13.711478751152754,0,0,0.5714285714285714,True,True,52.166666666666664,20.0,True,20m
3131.0,3_satellites,20.0,3,0.4285714285714285,50.54970252099443,40.93558158070302,10.914944333239164,1612.0961736981772,1616.0881167391965,3.99194304101934,2.014724842139653,10.141973466745444,8.127248624605793,5.209380351006985,19.031957410275936,0,0,0.5714285714285714,True,True,52.18333333333333,20.0,True,20m
3132.0,3_satellites,20.0,3,0.4285714285714285,41.4406522636925,36.027689444956216,10.909372534871162,1614.0269888681191,1618.029318443837,4.002329575717795,9.12583522924355,6.893435145595244,7.065164230231728,22.509065996855497,8.961564514786005,0,0,0.5714285714285714,True,True,52.2,20.0,True,20m
3133.0,3_satellites,20.0,3,0.4285714285714285,46.714871809185226,37.17376679741528,10.9038165937392,1612.114451450572,1616.1271782450644,4.012726794492437,2.5312315449118614,9.784941029867957,7.253709484956095,4.152689054608345,16.92100055515766,0,0,0.5714285714285714,True,True,52.21666666666667,20.0,True,20m
3134.0,3_satellites,20.0,3,0.375,68.41999261400991,52.34606661906976,16.77180149058997,1639.1611010985075,1636.4965809810951,-2.664520117412394,3.7065764125436544,6.206262860447168,5.187760149128735,8.128635883331299,12.481216732412577,0,0,0.5,True,True,52.233333333333334,20.0,True,20m
3135.0,3_satellites,20.0,3,0.375,64.57961433905817,48.63811238919375,16.76680081262619,1635.865638958852,1633.2046884314702,-2.6609505273818286,2.396561345551163,6.900349271018058,5.061504813842475,4.977551963180304,12.632426768541336,0,0,0.5,True,True,52.25,20.0,True,20m
3136.0,3_satellites,20.0,3,0.375,64.45814944078876,48.44779478307024,16.76179613570805,1635.8390680521031,1633.181691614334,-2.6573764377690168,4.508066100999713,9.28938349103555,5.786198772955686,9.638099886476994,18.166001927107573,0,0,0.5,True,True,52.266666666666666,20.0,True,20m
3137.0,3_satellites,20.0,3,0.375,72.51847255334428,56.380299804761776,16.75678354762545,1645.7690983418372,1643.1153038849268,-2.6537944569104184,4.999453296419233,7.259995431173593,5.242506336420775,8.787718068808317,13.78386028856039,0,0,0.625,True,True,52.28333333333333,20.0,True,20m
3138.0,3_satellites,20.0,3,0.4285714285714285,46.58502783415254,37.55207801413409,10.876451328392994,1627.3259214646505,1631.3904018450287,4.064480380378427,0.837037664438997,8.213297089827913,7.398399527051619,1.912012591958046,14.42855729535222,0,0,0.5714285714285714,True,True,52.3,20.0,True,20m
3139.0,3_satellites,20.0,3,0.4285714285714285,49.60966249739293,40.928351418277934,10.871057909352317,1631.5861302395572,1635.660923965997,4.074793726439793,1.712630573127951,8.5312107237322,6.818580150604248,2.540280617773533,16.36244620755315,0,0,0.5714285714285714,True,True,52.31666666666667,20.0,True,20m
3140.0,3_satellites,20.0,3,0.375,54.52104645311527,44.91931470077776,11.651869444181376,1641.7984225123455,1644.8261992413582,3.0277767290124302,3.1245958833023906,8.400134326890111,5.541183706372976,5.695440195500851,13.57767764478922,0,0,0.5,True,True,52.333333333333336,20.0,True,20m
3141.0,3_satellites,20.0,3,0.375,64.34020454891684,54.78623371050743,11.650322694282172,1654.5220579003012,1657.553629000906,3.0315711006046517,3.3582664518617094,8.496822805609554,5.596683877520263,6.078981269150972,13.56855534017086,0,0,0.5,True,True,52.35,20.0,True,20m
3142.0,3_satellites,20.0,3,0.375,58.567700792848825,42.83899159253944,16.731822880147508,1657.2563848688071,1654.6204188984757,-2.6359659703314264,1.8395748953334987,7.039340047631413,5.722758519463241,3.940038990229368,13.898792661726477,0,0,0.5,True,True,52.36666666666667,20.0,True,20m
3143.0,3_satellites,20.0,3,0.3333333333333333,66.96029842113818,53.78383882365,14.252464903376072,1667.688109803383,1666.9200263750506,-0.7680834283323748,3.669195454981592,7.305143114593294,5.386531661782,8.334918811917305,14.304916858673096,0,0,0.5555555555555556,True,True,52.38333333333333,20.0,True,20m
3144.0,3_satellites,20.0,3,0.375,65.37003762800143,55.6047478835355,11.645725644977496,1670.685680830606,1673.7286193357957,3.0429385051897957,4.0405726688914,9.114570614881814,5.172112498898059,7.362991333007812,16.955952417105436,0,0,0.5,True,True,52.4,20.0,True,20m
3145.0,3_satellites,20.0,3,0.375,60.94125091265527,50.93917247538244,11.644204317657554,1674.27610168222,1677.3228260422684,3.0467243600483016,3.994195908308029,7.341777644120157,5.476756342686713,9.41537445038557,12.3732724301517,0,0,0.5,True,True,52.416666666666664,20.0,True,20m
3146.0,3_satellites,20.0,3,0.375,62.40273687483224,52.3691172004594,11.642686323760785,1684.7806648215303,1687.8311773101334,3.05051248860309,3.7855952493846416,9.67553992755711,5.984752959571779,6.558809377253056,18.390723701566458,0,0,0.5,True,True,52.43333333333333,20.0,True,20m
3147.0,3_satellites,20.0,3,0.375,70.09972080218215,61.72640483166057,11.641176077228035,1693.1636043887672,1696.217897494916,3.0542931061488616,7.052328593097627,3.526295644696802,6.15278096916154,14.075106158852575,8.518003638833761,0,0,0.5,True,True,52.45,20.0,True,20m
3148.0,3_satellites,20.0,3,0.4285714285714285,54.1493050128868,54.112543860034776,15.893353018533324,1688.011756027398,1703.7392894776156,15.727533450217608,2.8604149813098565,5.106317445635796,4.170978379568884,4.888924162834883,12.89585092663765,0,0,0.5714285714285714,True,True,52.46666666666667,20.0,True,20m
3149.0,3_satellites,20.0,3,0.4285714285714285,38.49654578840261,29.68760822883189,10.818575126003784,1674.6633844790229,1678.8406294676663,4.177244988643679,2.459626212183918,8.79420111275145,6.55402904429606,3.8082158267498016,14.628690108656883,0,0,0.5714285714285714,True,True,52.483333333333334,20.0,True,20m
3150.0,3_satellites,20.0,3,0.4285714285714285,42.79413884342616,34.43523467303022,10.813464082572947,1691.0249404495703,1695.2123682009756,4.187427751405039,1.3563364132174425,7.922718174223389,6.786038734018803,2.0597780272364616,11.76144052669406,0,0,0.5714285714285714,True,True,52.5,20.0,True,20m
3151.0,3_satellites,20.0,3,0.4285714285714285,42.31365347974864,33.221824655059685,10.80838363124889,1694.8640185582278,1699.0616138169366,4.197595258708816,0.6970696518463748,7.548435280897787,6.935186894876616,1.7501405477523804,12.070970546454191,0,0,0.5714285714285714,True,True,52.516666666666666,20.0,True,20m
3152.0,3_satellites,20.0,3,0.6,57.97183360484771,40.561775983725326,39.59045476510175,1659.477511250183,1697.3118339876,37.8343227374171,1.0062622413039208,5.96049604639411,4.954233805090189,1.8633651062846184,11.037461902946234,0,0,0.6,True,True,52.53333333333333,20.0,True,20m
3153.0,3_satellites,20.0,3,0.4285714285714285,34.98572120512694,26.6705360102254,10.798309572692393,1697.6063233740135,1701.8242058799744,4.217882505960915,1.8113650972289697,8.239013373851776,6.427648276622806,3.044140249490738,15.957045655697584,0,0,0.5714285714285714,True,True,52.55,20.0,True,20m
3154.0,3_satellites,20.0,3,0.4285714285714285,40.22236123280221,32.26253079044699,10.793301595840648,1710.478072647024,1714.7060889596992,4.228016312675209,0.2663453109562397,8.404427375644445,8.138082064688206,0.5885875932872295,14.409354083240032,0,0,0.5714285714285714,True,True,52.56666666666667,20.0,True,20m
3155.0,3_satellites,20.0,3,0.4285714285714285,47.567745874833626,38.41133570525138,10.788318962820226,1717.5043046557364,1721.7424444804003,4.238139824664131,2.393209413758346,9.546557258814572,7.374009533120053,4.590992167592049,12.371905606240034,0,0,0.5714285714285714,True,True,52.583333333333336,20.0,True,20m
3156.0,3_satellites,20.0,3,0.4285714285714285,40.56614091048274,32.94391846667989,10.783371620937848,1719.5282936059382,1723.7765344874445,4.248240881506263,1.9435079177575447,10.169847863061088,8.226339945303542,3.3459432758390903,17.130815368145704,0,0,0.5714285714285714,True,True,52.6,20.0,True,20m
3157.0,3_satellites,20.0,3,0.4285714285714285,35.64262028273385,27.611683035260217,10.77845069682476,1720.1735329125063,1724.4318625837338,4.258329671227557,2.705403749964067,7.620030006659882,6.239514397723334,5.39329144731164,15.191803641617298,0,0,0.5714285714285714,True,True,52.61666666666667,20.0,True,20m
3158.0,3_satellites,20.0,3,0.4285714285714285,40.57991931819055,32.38650286082968,10.773545825825284,1726.6703277294214,1730.9387425481991,4.268414818777728,1.1393857167235442,8.738879195281438,7.792099542383637,2.684655848890543,13.51292773336172,0,0,0.5714285714285714,True,True,52.63333333333333,20.0,True,20m
3159.0,3_satellites,20.0,3,0.4285714285714285,57.228205171084,48.92457500066466,10.768658421797612,1748.1317582678046,1752.4102549503186,4.27849668251406,1.1896525594804968,8.83195311203599,7.642300552555493,2.3975898139178757,16.217710085213184,0,0,0.5714285714285714,True,True,52.65,20.0,True,20m
3160.0,3_satellites,20.0,3,0.4285714285714285,54.64810792653403,46.218178275937134,10.763806097429624,1754.8524932249989,1759.1410506220182,4.288557397019304,2.093498014445816,6.52958145365119,4.475844212940761,3.619966086000204,12.587332110852005,0,0,0.5714285714285714,True,True,52.666666666666664,20.0,True,20m
3161.0,3_satellites,20.0,3,0.4285714285714285,50.19278987426834,42.84237734835786,10.75899075947671,1753.5015109077217,1757.8001027777948,4.298591870073324,0.6321861115949494,7.836113444396427,7.203927332801478,1.2849952764809132,13.722487438470123,0,0,0.5714285714285714,True,True,52.68333333333333,20.0,True,20m
3162.0,3_satellites,20.0,3,0.4285714285714285,50.61753083500202,42.09451273313783,10.754187118858171,1758.4235272652588,1762.7321581099443,4.308630844685695,1.939366886658328,7.508763727865049,5.791436091597591,4.031329717487097,9.788359686732292,0,0,0.5714285714285714,True,True,52.7,20.0,True,20m
3163.0,3_satellites,20.0,3,0.4285714285714285,46.09430398692423,37.89668663454204,10.749415942848715,1757.383577565118,1761.702228200485,4.318650635367021,1.0357017086020537,8.380469182772297,7.344767474170242,1.6223312690854073,15.364789504557848,0,0,0.5714285714285714,True,True,52.71666666666667,20.0,True,20m
3164.0,3_satellites,20.0,3,0.4285714285714285,36.84072545283215,27.866379703710905,10.7446753018651,1748.7699425064238,1753.0985958574142,4.328653350990408,1.518057007342577,8.084294857191187,6.566237849848611,2.786653146147728,14.712801091372969,0,0,0.5714285714285714,True,True,52.733333333333334,20.0,True,20m
3165.0,3_satellites,20.0,3,0.4285714285714285,47.12285808740425,38.19970140301092,10.739942746122027,1761.5379195686378,1765.8765791252172,4.338659556579387,1.3373125780905997,9.339830688067844,8.225138025624412,2.903363175690174,14.863272678107023,0,0,0.5714285714285714,True,True,52.75,20.0,True,20m
3166.0,3_satellites,20.0,3,0.375,69.36508775058793,54.46618346600856,16.612669413773368,1788.3034730250877,1785.7527826923058,-2.550690332781869,5.63794352626428,6.833510632161051,6.221926163882017,10.86597404256463,16.05735095217824,0,0,0.625,True,True,52.766666666666666,20.0,True,20m
3167.0,3_satellites,20.0,3,0.375,54.39342259619268,38.78704383794637,16.607741433223552,1779.2232593098713,1776.6760973924468,-2.547161917424546,2.178132947068661,7.17584883607924,5.540136766154319,4.941306971013546,13.285507783293724,0,0,0.5,True,True,52.78333333333333,20.0,True,20m
3168.0,3_satellites,20.0,3,0.375,53.22946426418755,38.07802565671255,16.60280793740659,1778.3313688129344,1775.787742775022,-2.543626037912418,4.0273881163448095,7.448430739808828,5.965790606569499,8.303361643105745,14.353987250477076,0,0,0.5,True,True,52.8,20.0,True,20m
3169.0,3_satellites,20.0,3,0.4285714285714285,51.726476481362944,43.87377379656783,10.721295143440704,1778.272690643875,1782.651226195943,4.378535552068115,1.4766399003565311,7.325806524072375,5.849166623715844,3.002044130116701,13.826118595898151,0,0,0.5714285714285714,True,True,52.81666666666667,20.0,True,20m
3170.0,3_satellites,20.0,3,0.4285714285714285,48.47718173126733,40.08080313065111,10.71669645966652,1774.4193057327575,1778.8077812325926,4.388475499835067,1.766749576798507,9.248011777443546,7.70483751807894,4.378063380718231,16.268758807331324,0,0,0.5714285714285714,True,True,52.833333333333336,20.0,True,20m
3171.0,3_satellites,20.0,3,0.4285714285714285,36.204658920489486,27.43804790466972,10.712128697199145,1766.7248343212086,1771.1232311095382,4.398396788329592,2.466749256210668,5.921979635421719,3.6789949456495896,5.912313852459192,9.863708481192589,0,0,0.5714285714285714,True,True,52.85,20.0,True,20m
3172.0,3_satellites,20.0,3,0.4285714285714285,37.35118022829416,28.85111563890015,10.707582414482816,1766.787209638604,1771.1955194178222,4.408309779218143,1.5402043956731046,8.192498269357852,6.652293873684747,2.399348322302103,15.618353750556707,0,0,0.5714285714285714,True,True,52.86666666666667,20.0,True,20m
3173.0,3_satellites,20.0,3,0.4285714285714285,40.27912550253146,31.211406110472545,10.703061751763792,1760.6466826779142,1765.0648930034804,4.418210325566179,2.2968949813927924,7.1788764255387445,6.31839183824403,4.938094668090344,13.584251161664724,0,0,0.5714285714285714,True,True,52.88333333333333,20.0,True,20m
3174.0,3_satellites,20.0,3,0.4285714285714285,29.07496347864349,23.854980335129632,10.698572775269906,1752.72815061078,1757.156241394959,4.428090784178721,4.708145059645176,5.412469476993595,5.077340625758682,8.137211758643389,10.229242097586392,0,0,0.5714285714285714,True,True,52.9,20.0,True,20m
3175.0,3_satellites,20.0,3,0.4285714285714285,27.26922469962748,20.29586664033964,10.694089839437328,1755.3863122723835,1759.824290950908,4.43797867852436,2.9957066609391143,5.280219860907112,2.5090281047991345,5.523918967694044,8.293542943894863,0,0,0.5714285714285714,True,True,52.916666666666664,20.0,True,20m
3176.0,3_satellites,20.0,3,0.4285714285714285,23.70655163620852,19.308379875316263,10.689643150848116,1751.2571377869074,1755.7049797855832,4.447841998675813,4.579827136227062,3.681357996272189,3.3668766101556167,9.150136612355707,8.448649030178785,0,0,0.7142857142857143,True,True,52.93333333333333,20.0,True,20m
3177.0,3_satellites,20.0,3,0.4285714285714285,44.19321455851543,34.75607530822656,10.685198367030443,1768.5234704746176,1772.981188579398,4.457718104780497,2.447515995374748,7.943667285144329,5.721038518207414,4.790828861296177,10.572109743952751,0,0,0.5714285714285714,True,True,52.95,20.0,True,20m
3178.0,3_satellites,20.0,3,0.4285714285714285,45.42102492397463,37.05424528792222,10.680802308191454,1770.440122124934,1774.9076774080916,4.4675552831574805,1.879976203399045,7.265973775514534,5.611068987420627,3.4699730277061462,10.346890546381474,0,0,0.5714285714285714,True,True,52.96666666666667,20.0,True,20m
3179.0,3_satellites,20.0,3,0.4285714285714285,46.32944383125125,38.19879493331388,10.676422277399642,1773.53971156037,1778.0171026334474,4.477391073077342,1.2605702504515648,8.438093361577817,7.402778342898403,2.1331500858068466,12.201624684035778,0,0,0.5714285714285714,True,True,52.983333333333334,20.0,True,20m
3180.0,3_satellites,20.0,3,0.4285714285714285,37.90670308667049,30.53761206058828,10.672073926691604,1768.4827323031557,1772.969939519826,4.4872072166701855,2.8167476962719644,7.663426623280559,5.072117246155228,5.605021741241217,11.545951571315529,0,0,0.5714285714285714,True,True,53.0,20.0,True,20m
3181.0,3_satellites,20.0,3,0.375,88.58386693582,73.44551086712836,16.538790489414403,1808.604642336622,1806.1069506162328,-2.4976917203891844,7.154232021421194,10.450112423393875,5.912598946597427,16.90228994563222,22.090748883783817,1,0,0.625,True,True,53.016666666666666,20.0,True,20m
3182.0,3_satellites,20.0,3,0.4285714285714285,53.88741965341226,45.5182879127758,10.663430160444952,1782.8825768569943,1787.3894031750965,4.50682631810173,1.323948304035834,9.153305601860795,8.055160789085287,2.7709030769765377,14.189528752118347,0,0,0.5714285714285714,True,True,53.03333333333333,20.0,True,20m
3183.0,3_satellites,20.0,3,0.4285714285714285,37.23773086968158,31.578269287862568,10.65916503731626,1768.8065976668795,1773.3231938973845,4.516596230504774,2.1926757783762048,10.4211077232446,8.228431944868394,5.354348186403513,19.170147381722927,0,0,0.5714285714285714,True,True,53.05,20.0,True,20m
3184.0,3_satellites,20.0,3,0.4285714285714285,43.00643445548469,33.45333479784496,10.654903853996393,1768.9113277463134,1773.4377063425436,4.526378596230188,1.3988542594015598,8.792467542524848,7.393613283123289,3.322239428758621,15.982918832451103,0,0,0.5714285714285714,True,True,53.06666666666667,20.0,True,20m
3185.0,3_satellites,20.0,3,0.4285714285714285,43.66519662987131,33.467980048888386,10.650676202879405,1761.1124493737827,1765.6485893541098,4.536139980327107,2.6331080038632666,9.648796675460678,7.015688671597412,5.408357702195644,19.22370744124055,0,0,0.5714285714285714,True,True,53.083333333333336,20.0,True,20m
3186.0,3_satellites,20.0,3,0.4285714285714285,51.33837463931504,42.01853677416633,10.64646487165059,1776.4460155317086,1780.991905731712,4.545890200003441,2.029637328748192,8.776136984782559,6.746499656034367,3.259692206978798,17.074810814112425,0,0,0.5714285714285714,True,True,53.1,20.0,True,20m
3187.0,3_satellites,20.0,3,0.4285714285714285,35.073622865689515,26.01276740932716,10.64228496462329,1766.903492187014,1771.459117840989,4.555625653974857,1.5502687197710787,7.467396295496395,6.143830775682416,3.429353818297386,10.385530561208723,0,0,0.5714285714285714,True,True,53.11666666666667,20.0,True,20m
3188.0,3_satellites,20.0,3,0.4285714285714285,43.12918150160558,34.76774431085571,10.638124746566556,1775.8199700741225,1780.3853227759566,4.565352701834172,1.667328208152737,8.051921591162682,6.384593383009944,2.6594879366457462,15.6281678378582,0,0,0.5714285714285714,True,True,53.13333333333333,20.0,True,20m
3189.0,3_satellites,20.0,3,0.4285714285714285,31.98852790558381,23.741988727303617,10.633996909940546,1764.6699176386353,1769.2449778080802,4.575060169444896,2.8309172157730376,5.710281471056597,3.741902689848627,5.161882352083921,9.69135719910264,0,0,0.5714285714285714,True,True,53.15,20.0,True,20m
3190.0,3_satellites,20.0,3,0.4285714285714285,53.27385575238716,45.75087583167463,10.629874119649092,1779.7324867285383,1784.31725997959,4.584773251051729,2.391186199017933,10.38486635791404,8.220915418650423,4.879727214574814,14.416396275162697,0,0,0.5714285714285714,True,True,53.166666666666664,20.0,True,20m
3191.0,3_satellites,20.0,3,0.4285714285714285,64.4640287268436,56.93422601743223,10.62577925396838,1788.9884726559571,1793.5829443816049,4.594471725647736,2.836632376270635,8.326576438333307,5.717355831393173,4.036972001194954,10.433844164013864,0,0,0.5714285714285714,True,True,53.18333333333333,20.0,True,20m
3192.0,3_satellites,20.0,3,0.5,47.13551151945935,43.58214225338413,8.375456961483259,1778.3265988987312,1784.4438267491598,6.117227850428662,2.4270378202199936,7.231835581362247,5.147770341485739,4.677157938480377,11.060824774205685,0,0,0.5,True,True,53.2,20.0,True,20m
3193.0,3_satellites,20.0,3,0.4285714285714285,52.32999557225332,43.45940618199249,10.61768346220484,1776.1201447526307,1780.7339584818828,4.613813729252115,4.779438943735191,8.133874253502913,4.345481031707355,7.069125097244978,12.614307045936584,0,0,0.5714285714285714,True,True,53.21666666666667,20.0,True,20m
3194.0,3_satellites,20.0,3,0.5,44.96554206622572,38.33415130114119,8.364837108110002,1768.323827367811,1774.461629139437,6.137801771626073,0.2041803747415542,9.437556439389786,9.233376064648231,0.5133828222751617,13.259137984365225,0,0,0.5,True,True,53.233333333333334,20.0,True,20m
3195.0,3_satellites,20.0,3,0.4285714285714285,49.9820106301809,42.23923153585832,10.609687371353068,1773.1976207724776,1777.8307207159914,4.633099943513798,3.000546896564109,6.603475376431431,3.9875869772263934,7.18040756508708,11.089708719402552,0,0,0.5714285714285714,True,True,53.25,20.0,True,20m
3196.0,3_satellites,20.0,3,0.4285714285714285,37.599195081213885,29.556913063252058,10.60572286692292,1761.0373224550738,1765.680052951314,4.642730496240347,5.077946236623185,4.81118609224047,4.479834996696029,9.745729438960552,7.7922390922904015,0,0,0.5714285714285714,True,True,53.266666666666666,20.0,True,20m
3197.0,3_satellites,20.0,3,0.4285714285714285,49.09384820832144,40.917600040474994,10.601770450458996,1769.0582098131256,1773.7105689217651,4.65235910863953,5.060733391770294,10.256492559398923,5.424213639327458,9.095847431570292,15.127992659807203,0,0,0.5714285714285714,True,True,53.28333333333333,20.0,True,20m
3198.0,3_satellites,20.0,3,0.6,49.66712914734028,136.31708281228055,101.61653311093332,1757.9576703881623,1757.4511945215506,-0.5064758666117086,1.3743402406573295,2.409103762358427,1.0347635217010975,2.2273543775081635,3.9043677896261215,0,0,0.6,True,True,53.3,20.0,True,20m
3199.0,3_satellites,20.0,3,0.4285714285714285,47.61782593763778,39.93229008973636,10.593955737408338,1769.8342298787452,1774.5057913661428,4.671561487397639,2.885779511715685,8.368710754705328,5.711727588836636,4.2030705362558365,10.229504570364952,0,0,0.5714285714285714,True,True,53.31666666666667,20.0,True,20m
3200.0,3_satellites,20.0,3,0.4285714285714285,50.03125996284218,41.314718852737045,10.59008521911212,1763.2096240854503,1767.8907690349024,4.681144949452119,2.8776931294373105,10.72199644414442,8.073270218180758,6.322556603699923,15.378214955329897,0,0,0.5714285714285714,True,True,53.333333333333336,20.0,True,20m
3201.0,3_satellites,20.0,3,0.4285714285714285,37.86867578710492,33.522924270095785,10.586258587758998,1732.361925826173,1737.0526222963892,4.690696470216153,3.001682154302086,5.327480896775212,3.368960483797959,7.043324109166861,10.035222362726929,0,0,0.5714285714285714,True,True,53.35,20.0,True,20m
3202.0,3_satellites,20.0,3,0.5,35.37654339062739,38.17299811787933,21.53563533839643,1738.7550762115818,1734.333630178086,-4.42144603349584,1.5054915926108758,6.965995527183016,5.460503934572141,2.869162984192372,13.045755706727505,0,0,0.5,True,True,53.36666666666667,20.0,True,20m
3203.0,3_satellites,20.0,3,0.5,33.14363874250509,29.302124867580925,21.50255123770951,1741.2080831755652,1736.8092834526658,-4.398799722899412,0.4095010794699192,8.63731613320609,8.22781505373617,0.7176701501011848,15.237049970775844,0,0,0.5,True,True,53.38333333333333,20.0,True,20m
3204.0,3_satellites,20.0,3,0.5,30.64588438026125,23.910842503364726,21.469543609477107,1744.2614929355889,1739.885291595701,-4.376201339887984,1.8237439257403212,9.55044921922187,7.726705293481548,3.8627630658447742,15.899303074926138,0,0,0.5,True,True,53.4,20.0,True,20m
3205.0,3_satellites,20.0,3,0.5,22.413591411843694,27.41369725756585,21.43661783797101,1730.3449371036593,1725.9912775240823,-4.353659579576743,3.3521580348412194,11.29815781240662,7.9459997775654,6.095370057970285,18.87259204313159,0,0,0.5,True,True,53.416666666666664,20.0,True,20m
3206.0,3_satellites,20.0,3,0.6,30.277058990375217,99.52887286491276,101.86426581819823,1742.015690810195,1741.8008332500103,-0.2148575601847824,1.7232641652226448,0.6983833238482475,1.0248808413743973,2.7935243658721447,1.1321256421506405,0,0,0.6,True,True,53.43333333333333,20.0,True,20m
3207.0,3_satellites,20.0,3,0.4285714285714285,34.931978702024686,27.30563618359173,10.56363638398168,1746.175590919194,1750.923492623646,4.747901704451806,3.730148618774755,4.701550795031445,3.8617772667535712,8.711665209382772,9.643988132476808,0,0,0.5714285714285714,True,True,53.45,20.0,True,20m
3208.0,3_satellites,20.0,3,0.375,75.52682470712546,61.00099662213083,16.407068553248138,1786.4824731957267,1784.0794822705398,-2.402990925186941,9.991840521339329,9.516397911589593,5.470842591486871,25.24486242234707,17.138896726071835,0,0,0.5,True,True,53.46666666666667,20.0,True,20m
3209.0,3_satellites,20.0,3,0.6,39.48339666982342,95.90208519636698,101.95756376321768,1750.9410353710257,1750.83572853695,-0.1053068340754634,0.6165785945951938,0.4045668721199035,0.2120117224752903,0.9996032379567624,0.6558880023658276,0,0,0.6,True,True,53.483333333333334,20.0,True,20m
3210.0,3_satellites,20.0,3,0.6,38.21740560849159,82.54544906302114,101.98875919322928,1743.974849905705,1743.9061157385993,-0.0687341671057311,3.2674799606204035,2.24758120700717,1.0198987536132336,5.297426581382752,3.643909350037575,0,0,0.6,True,True,53.5,20.0,True,20m
3211.0,3_satellites,20.0,3,0.5,34.254902589779924,27.75218938160649,8.27954771811476,1740.0302378261692,1746.340351214181,6.310113388011814,5.429222786178191,4.143358154222369,3.4128270614892244,9.008834157139065,7.820576749742031,0,0,0.5,True,True,53.516666666666666,20.0,True,20m
3212.0,3_satellites,20.0,3,0.5,41.9802481535337,35.078608140979576,8.274795090026654,1738.3674520365191,1744.6875676949185,6.320115658399345,4.531948917234938,5.040812447667122,2.5515642619381347,7.520814657211304,8.317095950245857,0,0,0.5,True,True,53.53333333333333,20.0,True,20m
3213.0,3_satellites,20.0,3,0.5,41.10452712131444,34.59729244618373,8.270072940128822,1749.2722791219355,1755.602382704983,6.330103583047503,2.8217418616016707,6.751198072607319,4.244810625289877,5.050488945096731,10.032038431614636,0,0,0.5,True,True,53.55,20.0,True,20m
3214.0,3_satellites,20.0,3,0.5,51.80129720805458,44.60293211773991,8.265377665367216,1747.8780963234865,1754.2181726607578,6.340076337271512,0.3716447924574216,9.725033843268951,9.35338905081153,0.7494506612420082,13.781837541610004,0,0,0.5,True,True,53.56666666666667,20.0,True,20m
3215.0,3_satellites,20.0,3,0.5,53.34782636647584,46.17132356461661,8.260713293709411,1748.0162175273072,1754.366252577479,6.350035050171755,1.8821250995000205,10.054625695571303,8.172500596071282,3.722636565566063,15.634907264262438,0,0,0.5,True,True,53.583333333333336,20.0,True,20m
3216.0,3_satellites,20.0,3,0.5,63.97305722571135,59.39696449278795,8.256085130568653,1761.1333669610872,1767.4933377291743,6.359970768087123,0.1201599892228841,9.624127796540655,9.503967807317771,0.2427650541067123,13.42209843546152,0,0,0.5,True,True,53.6,20.0,True,20m
3217.0,3_satellites,20.0,3,0.6,72.31083150799255,58.44130532735976,102.20761502357416,1748.792853157157,1748.980365805212,0.1875126480549624,1.4220919199287891,0.410976667702198,1.0111152522265912,2.3060432113707066,0.6664339229464531,0,0,0.6,True,True,53.61666666666667,20.0,True,20m
3218.0,3_satellites,20.0,3,0.6,49.35861491087866,110.3764045795194,102.23898082052447,1744.9405094779208,1745.164442060764,0.2239325828431901,1.1204730786383152,2.1303250171244144,1.009851938486099,1.816994283348322,3.454603120684624,0,0,0.6,True,True,53.63333333333333,20.0,True,20m
3219.0,3_satellites,20.0,3,0.6,53.560992218279615,119.40970258528364,102.27037347284354,1747.6527532977138,1747.9133115025509,0.2605582048370252,0.7295708186924458,1.738160216808319,1.0085893981158731,1.1831283494830132,2.818735796958208,0,0,0.6,True,True,53.65,20.0,True,20m
3220.0,3_satellites,20.0,3,0.6,43.20099944873374,108.31533988456896,102.30184142591084,1744.4551958869754,1744.752446450357,0.2972505633815672,2.862795627862215,3.870120634883642,1.0073250070214272,4.64266125485301,6.276265602558851,0,0,0.6,True,True,53.666666666666664,20.0,True,20m
3221.0,3_satellites,20.0,3,0.6,51.96648969227877,122.99637410410988,102.33327776107586,1743.694631615977,1744.0285103755982,0.3338787596212569,0.4319186292588711,1.437977147102356,1.0060585178434849,0.7004719264805317,2.332066547125578,0,0,0.6,True,True,53.68333333333333,20.0,True,20m
3222.0,3_satellites,20.0,3,0.5,69.9063514391854,62.58713891377671,8.228902620177793,1746.3356371598306,1752.7549277529,6.419290593069263,6.179575297981501,14.653909378374616,8.474334080393115,12.695850726217031,24.5491045601666,2,0,0.5,True,True,53.7,20.0,True,20m
3223.0,3_satellites,20.0,3,0.6,68.41454024768505,146.01181045708617,102.39625211734791,1744.6988722654437,1745.1060697143148,0.4071974488713294,4.520162633061409,5.523681705445052,1.0035190723836422,7.331063631922007,8.958632726222277,0,0,0.6,True,True,53.71666666666667,20.0,True,20m
3224.0,3_satellites,20.0,3,0.6,73.42979069218524,163.2185198931966,102.42783372292332,1732.3823826098576,1732.826204054492,0.4438214446342954,2.7442167326807976,3.746465305238962,1.002248572558165,4.4508545361459255,6.076407168060541,0,0,0.6,True,True,53.733333333333334,20.0,True,20m
3225.0,3_satellites,20.0,3,0.4285714285714285,48.92896101408451,39.615936093545976,10.500763642813984,1733.6825024317388,1738.5994746227,4.916972190961133,0.9536245662186827,8.566676234028169,7.846067587179797,2.052706476300955,13.86995878815651,0,0,0.5714285714285714,True,True,53.75,20.0,True,20m
3226.0,3_satellites,20.0,3,0.5,63.99898535448097,56.36632535355215,8.211368939913168,1738.0423396327883,1744.5008675507993,6.458527918010759,1.740029268587629,10.777206857378284,9.037177588790655,3.642026375979185,16.244523134082556,0,0,0.5,True,True,53.766666666666666,20.0,True,20m
3227.0,3_satellites,20.0,3,0.5,55.63976604638324,48.16477372928223,8.20706367920806,1729.4775045664733,1735.9457991637414,6.468294597268141,2.2865010170886912,11.86183395733436,9.575332940245668,3.318626176565885,16.55711917579174,0,0,0.5,True,True,53.78333333333333,20.0,True,20m
3228.0,3_satellites,20.0,3,0.5,27.000395548754685,26.142283666751915,8.202806446622835,1716.833078073768,1723.311109015821,6.478030942053465,2.9822136921187243,8.906507143129906,7.028902410219113,5.880349326878786,15.867044173181055,0,0,0.5,True,True,53.8,20.0,True,20m
3229.0,3_satellites,20.0,3,0.5,35.812399985141404,33.30482382288856,20.663382686184807,1717.685383153305,1713.863536849848,-3.8218463034570505,4.266948496301969,5.704497387011846,4.018570077915986,8.962041035294533,11.161676798015831,0,0,0.6666666666666666,True,True,53.81666666666667,20.0,True,20m
3230.0,3_satellites,20.0,3,0.5,41.75028878231615,41.600750251499065,20.631894963139324,1713.5377847174357,1709.7376904472217,-3.800094270214004,4.346278980995218,4.964966083566348,3.9737979788333178,9.726254966109993,9.726647805422544,0,0,0.6666666666666666,True,True,53.833333333333336,20.0,True,20m
3231.0,3_satellites,20.0,3,0.4285714285714285,48.60555185413633,39.55215377506003,10.481423162876176,1726.9688864763434,1731.941380265736,4.972493789392502,0.7975246006889003,9.032447516918182,8.234922916229282,1.8455870524048803,15.64688302576542,0,0,0.5714285714285714,True,True,53.85,20.0,True,20m
3232.0,3_satellites,20.0,3,0.4285714285714285,40.979938603194654,33.305493290823186,10.478282987368562,1723.0429896448716,1728.0246890785174,4.981699433645872,3.018752896892173,8.362036005194698,6.61340647403683,5.189873084425926,17.590443670749664,0,0,0.5714285714285714,True,True,53.86666666666667,20.0,True,20m
3233.0,3_satellites,20.0,3,0.4285714285714285,50.49326184387995,42.87113146635382,10.475150611828491,1730.0859850583115,1735.076892912173,4.990907853861472,2.584167399044548,9.046357580593654,6.696419160813093,3.878131628036499,13.948235388845204,0,0,0.5714285714285714,True,True,53.88333333333333,20.0,True,20m
3234.0,3_satellites,20.0,3,0.4285714285714285,42.3716924799508,33.84201867373974,10.47205243016445,1722.0206939654552,1727.0207905886857,5.000096623230547,1.7935904498611177,8.487981008099657,6.69439055823854,2.6303262636065483,16.430465776473284,0,0,0.5714285714285714,True,True,53.9,20.0,True,20m
3235.0,3_satellites,20.0,3,0.4285714285714285,53.15885665157892,48.867065720966366,10.468964341512976,1732.408096297465,1737.417372722185,5.009276424720383,4.722076978002276,8.116626799638782,5.759443839213678,9.006757907569408,12.938730359077454,0,0,0.5714285714285714,True,True,53.916666666666664,20.0,True,20m
3236.0,3_satellites,20.0,3,0.4285714285714285,85.27774879451947,79.82140431358204,10.46588531255494,1755.0349387285871,1760.0534029675923,5.018464239005198,7.205062079110316,13.829881552074635,6.859493910734143,15.148218523710966,21.071630764752623,1,0,0.5714285714285714,True,True,53.93333333333333,20.0,True,20m
3237.0,3_satellites,20.0,3,0.5,41.68420791779556,35.76420784225792,8.165502880619115,1717.7669255942976,1724.3321276708527,6.565202076555124,1.2050757054239511,9.22134085930884,8.016265153884888,2.826304819434881,13.884232725948095,0,0,0.5,True,True,53.95,20.0,True,20m
3238.0,3_satellites,20.0,3,0.4285714285714285,45.07986576681456,36.35305841794474,10.459864616118944,1713.8911661666937,1718.9279040844624,5.036737917768733,0.4968864263168403,8.550974630883761,8.054088204566922,1.071572583168745,14.87012531235814,0,0,0.5714285714285714,True,True,53.96666666666667,20.0,True,20m
3239.0,3_satellites,20.0,3,0.4285714285714285,38.24759110786803,29.68293438133568,10.45687386940057,1706.037513208647,1711.0833820444516,5.04586883580464,1.893002093902656,10.104088642235311,8.211086548332657,4.909547481685877,18.707696069031957,0,0,0.5714285714285714,True,True,53.983333333333334,20.0,True,20m
3240.0,3_satellites,20.0,3,0.4285714285714285,46.44189371662157,38.265200679366544,10.45389403294866,1719.5193678994185,1724.5743629739495,5.054995074531234,1.270757231861353,8.237490369805268,7.2019921365593165,2.1072842963039875,11.69045526906848,0,0,0.5714285714285714,True,True,54.0,20.0,True,20m
3241.0,3_satellites,20.0,3,0.4285714285714285,34.21487991719735,27.669552910368772,10.45095027892244,1707.1478053252206,1712.2119026497608,5.064097324540171,1.5755459405481815,6.729831065450396,5.389688077249697,3.1284288056194782,10.668900057673454,0,0,0.5714285714285714,True,True,54.016666666666666,20.0,True,20m
3242.0,3_satellites,20.0,3,0.5,44.10291834487376,36.973026441285526,8.14576286930312,1710.665585908834,1717.2786953358443,6.613109427010386,1.976917615781228,8.033453706651926,6.056536090870698,4.140248369425535,12.1177249699831,0,0,0.5,True,True,54.03333333333333,20.0,True,20m
3243.0,3_satellites,20.0,3,0.4285714285714285,31.643657525374906,23.45506061447209,10.445113664903072,1703.3464651164777,1708.4287499764184,5.082284859940728,1.3897042897130762,6.855784384799855,5.512313171156815,3.066827032715082,10.72967080026865,0,0,0.5714285714285714,True,True,54.05,20.0,True,20m
3244.0,3_satellites,20.0,3,0.4285714285714285,110.23303195548276,97.4185987832135,13.845585107539891,1769.7866401886583,1769.2868330040917,-0.4998071845666345,14.405841810894865,16.230244083596126,8.606114658926215,26.412969022989277,31.969198066741228,1,0,0.5714285714285714,True,True,54.06666666666667,20.0,True,20m
3245.0,3_satellites,20.0,3,0.5,52.62339032866557,47.58355519864573,8.13425126831551,1721.3635423301216,1728.0052202824284,6.641677952306736,4.741734199225903,14.31983932790657,9.578105128680669,7.707928858697414,20.929183784872293,1,0,0.5,True,True,54.083333333333336,20.0,True,20m
3246.0,3_satellites,20.0,3,0.6,149.22251497106768,242.6532831202856,103.12835770733297,1723.1773048182465,1724.4318882930706,1.2545834748241305,0.8418880954384804,1.8157428808510303,0.97385478541255,1.3662454262375832,2.946652088314295,0,0,0.6,True,True,54.1,20.0,True,20m
3247.0,3_satellites,20.0,3,0.5,47.22519373039492,41.6446258395268,8.126708115558028,1723.8590657636407,1730.519720860015,6.660655096374285,5.7495836814244585,3.8288093991577625,2.460536011805137,8.829729471355677,6.2207252867519855,0,0,0.5,True,True,54.11666666666667,20.0,True,20m
3248.0,3_satellites,20.0,3,0.4285714285714285,71.03938880107007,58.02119698519061,13.809467215670445,1738.4873437146373,1738.0135381546088,-0.4738055600284951,7.746346156511988,10.168315921510969,8.067306894276824,15.440717309713364,20.99921068176627,1,0,0.7142857142857143,True,True,54.13333333333333,20.0,True,20m
3249.0,3_satellites,20.0,3,0.3333333333333333,87.33542961386775,75.19265724813779,14.00619035666968,1752.0302289180045,1751.4297338954775,-0.6004950225269567,10.645121316528982,10.120573880357874,5.832393900387817,21.469553727656603,19.7823825776577,0,0,0.6666666666666666,True,True,54.15,20.0,True,20m
3250.0,3_satellites,20.0,3,0.3333333333333333,60.39245194848639,47.46638135781071,14.003910350194824,1729.0110081658763,1728.41207474629,-0.5989334195862739,1.9767847197751205,6.579341406209601,4.602556686434481,4.470698166638613,12.133731760084627,0,0,0.5555555555555556,True,True,54.166666666666664,20.0,True,20m
3251.0,3_satellites,20.0,3,0.3333333333333333,69.23270953367023,56.1657051709137,14.001614243322026,1732.6283325807542,1732.0309805612433,-0.5973520195109359,4.044037998964389,7.167054494635926,5.173173419303364,9.210275031626225,14.607581172138453,0,0,0.5555555555555556,True,True,54.18333333333333,20.0,True,20m
3252.0,3_satellites,20.0,3,0.3333333333333333,79.04364908356818,66.86695043221768,13.999317602067563,1737.87815183526,1737.2823809007716,-0.5957709344884279,6.666599701676104,8.177873822549978,6.369987020889918,13.01137299090624,17.071469742804766,0,0,0.6666666666666666,True,True,54.2,20.0,True,20m
3253.0,3_satellites,20.0,3,0.3333333333333333,66.76111135159603,54.14350747191804,13.997034156376271,1725.9099023238778,1725.315699927968,-0.5942023959096332,4.643039344499509,6.851518362346623,5.334152516391542,11.18368037417531,16.240477424114943,0,0,0.6666666666666666,True,True,54.21666666666667,20.0,True,20m
3254.0,3_satellites,20.0,3,0.3,81.30599968398211,68.1485097178526,14.418324825629364,1733.0689854630214,1731.971649348167,-1.0973361148544427,8.098771433904767,9.065894521400333,6.410163924098015,14.861880790442228,19.866803161799908,0,0,0.5,True,True,54.233333333333334,20.0,True,20m
3255.0,3_satellites,20.0,3,0.375,57.89436462484616,49.27383800320153,11.505991306374106,1705.8964261704173,1709.355959833401,3.459533662983404,4.8756103198975325,9.526742049492896,5.458864555694163,7.839574579149485,16.34510627016425,0,0,0.5,True,True,54.25,20.0,True,20m
3256.0,3_satellites,20.0,3,0.3,71.2548747702352,57.42508111460639,14.414447821445211,1717.6288520392543,1716.5332110852205,-1.0956409540340246,13.891862473636866,14.25539427548647,4.788269354403019,44.5836481526494,42.31801085919142,3,0,0.6,True,True,54.266666666666666,20.0,True,20m
3257.0,3_satellites,20.0,3,0.3,63.364873490558914,49.41435188935277,14.412514672058146,1705.336313417225,1704.2415159195243,-1.0947974977004833,4.265666902810335,7.457082398235798,4.562429571151734,10.228967517614365,11.45665818825364,0,0,0.5,True,True,54.28333333333333,20.0,True,20m
3258.0,3_satellites,20.0,3,0.3,54.61586551831257,42.100347039422346,14.410585502102435,1687.38451107067,1686.2905528454012,-1.093958225268807,3.176160680502653,7.1667532999068495,5.157432706281543,7.53098202124238,12.67286667227745,0,0,0.5,True,True,54.3,20.0,True,20m
3259.0,3_satellites,20.0,3,0.3333333333333333,67.41259906504415,51.3591931911586,16.560432137118134,1695.3227811892457,1692.742342270066,-2.5804389191796417,5.560534941653411,8.457022858162722,3.594052871068319,12.80114685371518,15.861529473215342,0,0,0.5555555555555556,True,True,54.31666666666667,20.0,True,20m
3260.0,3_satellites,20.0,3,0.3333333333333333,47.23943758000002,31.72998082083496,16.55821460752976,1673.7345375456753,1671.1551963529148,-2.5793411927604666,5.582574835668008,9.555194062077335,4.624522943463591,17.630087248981,15.602232307195663,0,0,0.5555555555555556,True,True,54.333333333333336,20.0,True,20m
3261.0,3_satellites,20.0,3,0.375,57.84520770150009,43.16665375788424,16.153024749601354,1675.1484178109963,1672.9288850945586,-2.2195327164376977,4.435243988409638,8.079854074399918,5.497480592224747,9.721736181527376,14.93588475883007,0,0,0.5,True,True,54.35,20.0,True,20m
3262.0,3_satellites,20.0,3,0.375,57.61706031318419,42.84480181259223,16.148290876106536,1670.933075458186,1668.716972505234,-2.216102952952042,3.7984922756440938,7.806684826500714,4.964948915410787,7.422214038670063,14.560299396514893,0,0,0.625,True,True,54.36666666666667,20.0,True,20m
3263.0,3_satellites,20.0,3,0.3333333333333333,73.53259035784386,60.99330763967018,13.974167917279123,1677.2751367554602,1676.69668652157,-0.5784502338901802,4.614822541260057,7.79371299304896,5.714931380417612,11.8536216057837,14.18855071812868,0,0,0.6666666666666666,True,True,54.38333333333333,20.0,True,20m
3264.0,3_satellites,20.0,3,0.3,59.938829764434544,46.81659128173064,14.398923074902148,1664.5501201580823,1663.4612757374437,-1.0888444206386794,4.101095448061824,6.852272197231651,5.134007807075977,8.697181861847639,13.64657560363412,0,0,0.5,True,True,54.4,20.0,True,20m
3265.0,3_satellites,20.0,3,0.3,69.95376347945508,56.51279779593662,14.396968075279764,1669.2225303014566,1668.1345479041497,-1.087982397307087,7.830672278255224,9.566554394364356,3.964743620157242,20.7252426892519,18.45795433595777,0,0,0.5,True,True,54.416666666666664,20.0,True,20m
3266.0,3_satellites,20.0,3,0.3,59.74947630771998,46.58272248339991,14.395030170700442,1660.3636350443091,1659.276498275942,-1.0871367683671451,5.672203488275409,6.892491588369012,4.718506906181574,12.054166302084925,16.30272499471903,0,0,0.5,True,True,54.43333333333333,20.0,True,20m
3267.0,3_satellites,20.0,3,0.3333333333333333,63.55607399533344,51.33606662509632,13.96505005193137,1659.7445568251596,1659.172394659629,-0.572162165530699,4.92896172321505,5.833701060050064,4.794619212547938,8.499604396522045,12.940470896661282,0,0,0.5555555555555556,True,True,54.45,20.0,True,20m
3268.0,3_satellites,20.0,3,0.3,57.40447493817907,44.21174883159035,14.391133590517796,1651.217674647443,1650.1322471423914,-1.0854275050514843,4.804324181005359,7.249931919947267,4.642963468283415,9.269305881112814,12.74927418678999,0,0,0.5,True,True,54.46666666666667,20.0,True,20m
3269.0,3_satellites,20.0,3,0.3333333333333333,59.95583512984997,47.6241984874859,13.960494241701364,1649.7839891982635,1649.2149712264372,-0.5690179718262698,3.4582161948912677,6.5716898900767164,4.878933144112428,7.333897955715656,12.86848659440875,0,0,0.5555555555555556,True,True,54.483333333333334,20.0,True,20m
3270.0,3_satellites,20.0,3,0.3333333333333333,60.45035342790321,47.90080553960939,13.958215392123089,1649.429662660677,1648.8622187163096,-0.5674439443673691,3.430856264713737,7.870218781961335,4.933220718055964,6.031565025448799,14.61927432194352,0,0,0.5555555555555556,True,True,54.5,20.0,True,20m
3271.0,3_satellites,20.0,3,0.3,51.69311650622984,38.84529791419303,14.385284957926778,1640.6501455675798,1639.5672831106167,-1.0828624569630847,4.370333604887128,8.944812284782529,5.028158861398697,9.806478790938854,11.399376958608627,0,0,0.5,True,True,54.516666666666666,20.0,True,20m
3272.0,3_satellites,20.0,3,0.3,53.11960030650516,40.34561580117669,14.383332577569409,1642.340313586272,1641.2583089111076,-1.0820046751643986,4.09866060204804,8.397950369864702,4.939664046093822,7.658682383596897,13.07034645974636,0,0,0.5,True,True,54.53333333333333,20.0,True,20m
3273.0,3_satellites,20.0,3,0.3,47.76865348447816,36.133768793138586,14.3813849245484,1633.9086781754745,1632.8275256712086,-1.0811525042659014,4.233908078819513,7.257027272880077,4.492531351745129,7.23961678519845,12.76014094427228,0,0,0.5,True,True,54.55,20.0,True,20m
3274.0,3_satellites,20.0,3,0.3333333333333333,58.52539040615972,46.53419855918388,13.949111669137649,1640.5707354975436,1640.0095801619975,-0.5611553355458909,4.125447217788961,7.045317314979103,5.408018799705638,10.482432782649994,15.54212437942624,0,0,0.6666666666666666,True,True,54.56666666666667,20.0,True,20m
3275.0,3_satellites,20.0,3,0.3,53.611344150962765,41.359714598233374,14.377469304736122,1633.1454358016665,1632.0660062452928,-1.079429556373725,3.675169564038515,7.552937824651599,4.956506111100316,7.4949423186481,12.844827055931091,0,0,0.5,True,True,54.583333333333336,20.0,True,20m
3276.0,3_satellites,20.0,3,0.3,55.1665381607176,41.67600697032224,14.37550615099656,1634.8867698269526,1633.8082054414426,-1.0785643855099352,10.204150910302996,11.878518149629237,3.996294065564871,33.37682117521763,31.10747840255499,3,0,0.5,True,True,54.6,20.0,True,20m
3277.0,3_satellites,20.0,3,0.3,60.03500125671644,47.37394970954887,14.373548763309618,1636.6417580104385,1635.564054231507,-1.0777037789314363,8.132654560357333,9.279590488597751,4.666080743446946,17.736309502273798,15.466778088361025,0,0,0.5,True,True,54.61666666666667,20.0,True,20m
3278.0,3_satellites,20.0,3,0.3,52.402367140683815,39.7240787212035,14.371593927632984,1633.2780457691636,1632.2011984059563,-1.0768473632072073,6.759108907729387,8.138522674143314,4.31517997905612,19.108498886227608,16.971371326595545,0,0,0.6,True,True,54.63333333333333,20.0,True,20m
3279.0,3_satellites,20.0,3,0.3333333333333333,39.9818914425062,28.668559702374928,16.51535222442138,1617.9373795469023,1615.3794946062687,-2.557884940633812,2.036575350910425,7.272050260669655,5.554242560846938,3.9173257872462273,12.183490507304668,0,0,0.5555555555555556,True,True,54.65,20.0,True,20m
3280.0,3_satellites,20.0,3,0.3,41.04269688519112,29.165039630097,14.367679425967228,1625.9831169656616,1624.9079852289892,-1.075131736672347,5.665269879624248,9.075517776608468,5.249464162811637,14.225218411535025,16.481358878314495,0,0,0.5,True,True,54.666666666666664,20.0,True,20m
3281.0,3_satellites,20.0,3,0.375,41.37115775193862,29.25026142104193,15.465266387329216,1627.0774742810436,1625.4859640839788,-1.5915101970647356,2.551259416155517,6.81430154806003,5.487979538273066,5.632060617208481,14.169663719832895,0,0,0.5,True,True,54.68333333333333,20.0,True,20m
3282.0,3_satellites,20.0,3,0.3333333333333333,47.88403501477702,33.00756293790081,16.508503898193283,1638.089538280268,1635.535094421794,-2.5544438584740874,4.845673594623804,8.858487987269958,4.984340365562174,14.06926767900586,14.280429508537054,0,0,0.5555555555555556,True,True,54.7,20.0,True,20m
3283.0,3_satellites,20.0,3,0.3333333333333333,50.742877263769365,35.73203594513036,16.50621582159569,1643.0335376172757,1640.4802434164976,-2.553294200778055,3.908461576534642,7.338237459460895,4.153975701166524,6.977917768061161,12.146077942103148,0,0,0.5555555555555556,True,True,54.71666666666667,20.0,True,20m
3284.0,3_satellites,20.0,3,0.3333333333333333,48.66708816372487,34.02946616433069,16.503934081201752,1644.5976390101148,1642.04548812215,-2.552150887964899,4.580469821062353,6.981119593398439,4.362570124781794,9.277592442929745,14.445575308054686,0,0,0.5555555555555556,True,True,54.733333333333334,20.0,True,20m
3285.0,3_satellites,20.0,3,0.3333333333333333,41.73395383755303,28.021013049697952,16.501654818355636,1642.353120001426,1639.8021092063173,-2.551010795108823,3.586237100263437,8.228352660106289,5.302483992444144,8.775634072721004,14.254388205707071,0,0,0.5555555555555556,True,True,54.75,20.0,True,20m
3286.0,3_satellites,20.0,3,0.3333333333333333,40.36298171074839,28.014190655402956,16.499368124973202,1643.7303886442032,1641.1805238932611,-2.549864750942106,4.726682026353148,6.720288240661223,2.7214081597824893,9.636262159794567,11.900641679763794,0,0,0.5555555555555556,True,True,54.766666666666666,20.0,True,20m
3287.0,3_satellites,20.0,3,0.3333333333333333,36.16067371595022,23.445649664799,16.497079807938846,1644.85244944716,1642.3037322954692,-2.54871715169088,3.5503527567618423,8.142691543946663,5.551243601573838,9.98477305099368,13.845844727009537,0,0,0.5555555555555556,True,True,54.78333333333333,20.0,True,20m
3288.0,3_satellites,20.0,3,0.375,33.30516258801886,23.40538650670129,14.145116340854456,1644.5768117570633,1643.784833369125,-0.7919783879383431,3.705254230182618,9.50625372491777,6.277371678967029,8.44348718225956,14.384953558444977,0,0,0.5,True,True,54.8,20.0,True,20m
3289.0,3_satellites,20.0,3,0.3333333333333333,33.36708121226503,19.94447317168377,16.492489285628967,1650.141065030854,1647.5946529521366,-2.546412078717367,5.025464989244938,8.247496119803852,4.5514135013024015,14.971601761877537,12.939220510423183,0,0,0.5555555555555556,True,True,54.81666666666667,20.0,True,20m
3290.0,3_satellites,20.0,3,0.3333333333333333,43.72409533357023,28.97503277674427,16.49017858931231,1661.9664178394664,1659.4211724389108,-2.5452454005555865,5.541739254362053,8.571361396875647,3.8384617070357,12.418445277959108,15.246238373219969,0,0,0.5555555555555556,True,True,54.833333333333336,20.0,True,20m
3291.0,3_satellites,20.0,3,0.3333333333333333,41.86835775262182,25.914290579071267,16.487878694997658,1666.7850748339692,1664.2409854443797,-2.544089389589772,4.429620443118943,7.753683322419723,4.068986802879307,9.555907864123585,17.015508327633142,0,0,0.5555555555555556,True,True,54.85,20.0,True,20m
3292.0,3_satellites,20.0,3,0.3333333333333333,40.49989055813541,27.082653819821022,16.485580962378528,1663.8707139049916,1661.3277774790713,-2.5429364259202885,3.9350212622019978,8.23023509606719,4.9579908810555935,8.608222216367722,13.774802420288324,0,0,0.5555555555555556,True,True,54.86666666666667,20.0,True,20m
3293.0,3_satellites,20.0,3,0.3333333333333333,35.51722329300928,22.634004136160648,16.483281638247064,1665.63644956053,1663.0946667515586,-2.54178280897122,4.23449852814277,8.238255913058916,4.666879244976574,10.0394249483943,15.205831069499254,0,0,0.5555555555555556,True,True,54.88333333333333,20.0,True,20m
3294.0,3_satellites,20.0,3,0.375,31.587571807616158,22.63235771218253,15.430725848389663,1664.8734737763382,1663.3004799025778,-1.5729938737604243,4.585303865838796,8.281207640189677,5.476866844110191,9.231716349720957,15.28542971983552,0,0,0.625,True,True,54.9,20.0,True,20m
3295.0,3_satellites,20.0,3,0.375,39.35006891073846,27.66387986901375,15.42804116400954,1673.5879193742958,1672.0163714775026,-1.571547896793163,2.7640115791000426,7.021919101011008,4.869192889891565,5.33886431530118,11.36599512398243,0,0,0.5,True,True,54.916666666666664,20.0,True,20m
3296.0,3_satellites,20.0,3,0.4285714285714285,27.271477815408645,23.60725684782154,10.320383504708856,1657.9533056758446,1663.500766418689,5.547460742844351,0.7500242527042117,7.889657130198819,7.280182525515556,1.4712058007717133,12.298807337880136,0,0,0.5714285714285714,True,True,54.93333333333333,20.0,True,20m
3297.0,3_satellites,20.0,3,0.375,36.43446797984733,26.341143721671514,15.422688841355184,1679.6795525980212,1678.1108778000644,-1.5686747979568736,2.396064819768071,6.058469766285271,4.359253087546676,5.327393092215061,11.601065844297407,0,0,0.625,True,True,54.95,20.0,True,20m
3298.0,3_satellites,20.0,3,0.375,42.51968274369853,31.911950638827065,15.42000270711331,1688.0648149280191,1686.4975856160115,-1.5672293120073846,3.337215793784708,7.181297057308257,4.862113535869867,7.016305789351463,13.498595848679544,0,0,0.625,True,True,54.96666666666667,20.0,True,20m
3299.0,3_satellites,20.0,3,0.375,32.21040527489925,23.4201425967298,15.417324914629898,1686.1833986699928,1684.617604605742,-1.5657940642506674,2.252086486667394,6.858859431464225,5.306010342668742,5.417591031640768,11.103443950414658,0,0,0.625,True,True,54.983333333333334,20.0,True,20m
3300.0,3_satellites,20.0,3,0.4285714285714285,26.183666045676745,21.735821676482875,10.313167190610876,1683.9367838607589,1689.5181203012828,5.581336440523955,1.4582215755113537,7.908337312617472,6.693036087921688,2.781930323690176,10.985745076090096,0,0,0.5714285714285714,True,True,55.0,20.0,True,20m
3301.0,3_satellites,20.0,3,0.4285714285714285,32.9619301638859,26.815589745229463,10.311404992776376,1697.787133257813,1703.3769149779505,5.58978172013758,2.320723636874131,6.197587553411722,4.119896069701229,4.846394777297974,9.972282662987707,0,0,0.5714285714285714,True,True,55.016666666666666,20.0,True,20m
3302.0,3_satellites,20.0,3,0.4285714285714285,30.79901663101745,27.51237374370733,10.309680074138024,1684.2544209296543,1689.8526212320548,5.598200302400301,5.713968266866037,11.579857687864983,7.341122818312475,15.597510308027267,26.52302371710539,1,0,0.5714285714285714,True,True,55.03333333333333,20.0,True,20m
3303.0,3_satellites,20.0,3,0.4285714285714285,27.904943126723904,22.316230961286507,10.3079489048448,1706.4701164668973,1712.0767448536951,5.6066283867978655,1.093228675957237,8.451899416212525,7.358670740255287,2.6308672316372395,13.55688562616706,0,0,0.5714285714285714,True,True,55.05,20.0,True,20m
3304.0,3_satellites,20.0,3,0.375,36.84788982925672,29.52485835549368,11.463155588512643,1720.461401624257,1724.101802780929,3.640401156671942,1.1268562716431916,6.982954845763743,6.111315167974681,2.344526421278715,11.597897753119469,0,0,0.625,True,True,55.06666666666667,20.0,True,20m
3305.0,3_satellites,20.0,3,0.4285714285714285,32.86480429121276,27.71399553069701,10.304566355504624,1713.3533759060883,1718.9768044116954,5.62342850560708,1.3461774592953069,7.981015188885586,6.878310218453407,2.5063085332512856,11.41421964019537,0,0,0.5714285714285714,True,True,55.083333333333336,20.0,True,20m
3306.0,3_satellites,20.0,3,0.3333333333333333,35.85479659222701,21.3818712981596,16.4531428146588,1738.131656975512,1735.6050504612272,-2.526606514284822,10.486797975169289,13.530001362164816,4.090341337025166,34.86817726492882,32.83291549235582,3,0,0.5555555555555556,True,True,55.1,20.0,True,20m
3307.0,3_satellites,20.0,3,0.375,45.53731949632645,33.06919228441178,15.395740089404628,1748.0455209277602,1746.4913459384702,-1.5541749892900043,5.2849900759756565,6.804361989721656,6.926595499739051,12.639129277318716,14.553805649280548,0,0,0.625,True,True,55.11666666666667,20.0,True,20m
3308.0,3_satellites,20.0,3,0.375,30.586065089811555,23.251032954585657,15.932771877197933,1735.1725855798888,1733.113013792244,-2.0595717876447,1.2720156060531735,6.5566624463535845,5.284646840300411,2.9732653945684437,11.20455053821206,0,0,0.625,True,True,55.13333333333333,20.0,True,20m
3309.0,3_satellites,20.0,3,0.5,26.40704146803376,23.42361620620629,7.9441607588112415,1734.4365888387565,1741.657132857382,7.220544018625787,0.8156396417568127,8.769768878817558,7.954129237060745,1.1888017542660236,11.966332919895647,0,0,0.5,True,True,55.15,20.0,True,20m
3310.0,3_satellites,20.0,3,0.3333333333333333,93.46514187942904,81.52516746735589,13.322263574281909,1792.6707347561314,1792.5455751461204,-0.1251596100109964,11.850098859518766,13.191275855319368,7.094185837441021,22.381077844649557,24.75055754184723,2,0,0.5555555555555556,True,True,55.166666666666664,20.0,True,20m
3311.0,3_satellites,20.0,3,0.375,36.58687204237686,25.216173349858924,15.384908315566792,1759.6850540429043,1758.13670790618,-1.5483461367243765,2.8615202945657074,7.093752704560757,5.070554760750383,6.636777121573687,11.598959915339949,0,0,0.625,True,True,55.18333333333333,20.0,True,20m
3312.0,3_satellites,20.0,3,0.3333333333333333,70.31190219128307,58.77731883804314,13.31785823867399,1786.2488679664268,1786.125824386067,-0.1230435803597629,8.25090323926674,10.128742232090897,5.847121690296465,15.189344715327024,22.766688480973244,2,0,0.5555555555555556,True,True,55.2,20.0,True,20m
3313.0,3_satellites,20.0,3,0.375,57.30989089126305,42.64421774013669,15.379447696895603,1785.7801128809936,1784.2347191073509,-1.5453937736428998,6.476604863069952,6.031749267596752,6.009733237791807,12.727598749101162,14.125682704150677,0,0,0.5,True,True,55.21666666666667,20.0,True,20m
3314.0,3_satellites,20.0,3,0.375,29.106506552738807,15.075866572850428,15.37675423340468,1769.8291599173783,1768.2852054804823,-1.5439544368962288,5.865673752501607,7.130379625596106,5.493456454016268,13.987529896199703,17.244268152862787,0,0,0.625,True,True,55.233333333333334,20.0,True,20m
3315.0,3_satellites,20.0,3,0.375,34.97774865195296,20.538656593520912,15.374025933597997,1777.5134501307125,1775.97096833943,-1.5424817912821709,3.7846862920559934,5.662133135832846,4.6211901609785855,8.32126585021615,13.741869047284126,0,0,0.5,True,True,55.25,20.0,True,20m
3316.0,3_satellites,20.0,3,0.3333333333333333,43.43297242302123,29.369537809874306,16.429742418276813,1783.0000721687722,1780.4852701564532,-2.514802012319024,4.028351279596488,6.271884193436967,4.1444237981405525,8.298713594675064,10.390209186822176,0,0,0.5555555555555556,True,True,55.266666666666666,20.0,True,20m
3317.0,3_satellites,20.0,3,0.375,35.68655245843797,25.056245295659387,15.368578418080917,1777.506496329759,1775.9669485112083,-1.539547818551,3.088393707294017,6.738071595318615,4.946976447943598,7.54539630562067,11.832567941397429,0,0,0.625,True,True,55.28333333333333,20.0,True,20m
3318.0,3_satellites,20.0,3,0.3333333333333333,42.21134951014273,26.61842893867349,16.425038083496776,1794.0247033176745,1791.512276665478,-2.512426652196382,5.28975649881694,8.081674946679009,3.770043584621615,15.126257944852114,13.088860876858234,0,0,0.5555555555555556,True,True,55.3,20.0,True,20m
3319.0,3_satellites,20.0,3,0.375,33.234205528316686,25.493267015303854,11.4522903832941,1782.220437977265,1785.9158275830782,3.695389605813261,0.9092116472311318,6.686817314475775,5.840956289786845,1.836304310709238,12.27131573483348,0,0,0.5,True,True,55.31666666666667,20.0,True,20m
3320.0,3_satellites,20.0,3,0.3333333333333333,38.07550470968627,29.97147850036064,13.300154435017856,1787.7521192908769,1787.637606699876,-0.1145125910009028,3.140474463088645,8.506914023309946,5.726928672856754,7.124635227024555,15.292815621942282,0,0,0.5555555555555556,True,True,55.333333333333336,20.0,True,20m
3321.0,3_satellites,20.0,3,0.3333333333333333,36.132145700463646,26.816845386179303,13.297930952154926,1792.981227041539,1792.8677894559903,-0.1134375855485814,2.9490980319678783,7.319938628623883,4.756818433602651,6.930015999823809,12.264117524027824,0,0,0.5555555555555556,True,True,55.35,20.0,True,20m
3322.0,3_satellites,20.0,3,0.3333333333333333,41.5075449035139,31.277229953326483,13.295705282992524,1801.5429957466924,1801.4306358594029,-0.1123598872895854,3.123027842491865,7.148881377445327,4.46449947067433,6.9660804606974125,11.675773318856956,0,0,0.5555555555555556,True,True,55.36666666666667,20.0,True,20m
3323.0,3_satellites,20.0,3,0.375,38.01180467433373,30.200038157631557,11.449573958605969,1801.239083709408,1804.9490976421032,3.7100139326953463,2.2892575869336724,7.106162866577506,5.014718669466674,5.262082327157259,12.06727797165513,0,0,0.5,True,True,55.38333333333333,20.0,True,20m
3324.0,3_satellites,20.0,3,0.375,37.1981461078691,30.257796899222363,11.448908569214106,1804.1298910314567,1807.8435557717755,3.713664740318336,2.4910795856267214,7.147413678467274,4.923120470717549,5.4278576001524925,11.924588035792112,0,0,0.5,True,True,55.4,20.0,True,20m
3325.0,3_satellites,20.0,3,0.375,39.54640465579883,32.77436278229728,11.44824687176778,1808.646063888747,1812.363379366632,3.717315477885222,2.6204196750186384,7.465169214177877,5.375336830504239,5.953956238925457,12.321980148553848,0,0,0.5,True,True,55.416666666666664,20.0,True,20m
3326.0,3_satellites,20.0,3,0.375,33.9352797449162,29.23479028099991,11.44759378852053,1808.2805036117527,1812.001465533971,3.720961922217839,3.8954015243798494,8.785505098290741,5.268882401287556,5.772028028964996,14.413243111222982,0,0,0.5,True,True,55.43333333333333,20.0,True,20m
3327.0,3_satellites,20.0,3,0.375,34.255724295450975,28.83055563955111,11.446941128323225,1813.1651741914304,1816.889785221559,3.724611030128699,2.676195374224335,8.278788936790079,5.802604892291129,4.684318166226149,14.246317721903324,0,0,0.5,True,True,55.45,20.0,True,20m
3328.0,3_satellites,20.0,3,0.375,39.497578493580086,32.82640139854574,11.446292360259283,1820.3856886888543,1824.1139502544816,3.728261565627008,4.154658676125109,8.164149593096226,6.139293272513896,7.207192230969667,13.79929457977414,0,0,0.5,True,True,55.46666666666667,20.0,True,20m
3329.0,3_satellites,20.0,3,0.4285714285714285,28.778867436479626,23.84773511775085,10.26948723720582,1808.785158561485,1814.6067678062168,5.821609244731462,1.122826016907181,8.22396038791963,7.101134371012449,2.0971475541591644,14.971765354275703,0,0,0.5714285714285714,True,True,55.483333333333334,20.0,True,20m
3330.0,3_satellites,20.0,3,0.375,38.62770878646108,31.145484285793167,11.44501191920534,1825.2981648672744,1829.033720941423,3.7355560741484624,3.818349106237292,7.999936566222459,5.9738677754066885,6.535548087209463,14.63598969951272,0,0,0.5,True,True,55.5,20.0,True,20m
3331.0,3_satellites,20.0,3,0.375,40.72667469747379,33.73405043259246,11.444374481480018,1834.802497704915,1838.5417017722696,3.739204067354876,4.827661189250648,8.408277333248407,6.299197464715689,8.235837522894144,13.27126408368349,0,0,0.5,True,True,55.516666666666666,20.0,True,20m
3332.0,3_satellites,20.0,3,0.4285714285714285,27.220949348378564,23.935622489197566,10.26579511818661,1825.3320879810803,1831.1780320357136,5.845944054633264,2.1905835531651974,10.20160441419908,8.257234488746949,4.207469541579485,14.54122529923916,0,0,0.5714285714285714,True,True,55.53333333333333,20.0,True,20m
3333.0,3_satellites,20.0,3,0.375,56.33619377700092,48.97228185123917,11.443114051992248,1852.3471966098384,1856.0936953872929,3.74649877745469,7.064895637333393,9.963309382554144,7.258823832031339,12.208296831697226,15.443201422691343,0,0,0.5,True,True,55.55,20.0,True,20m
3334.0,3_satellites,20.0,3,0.4285714285714285,36.02284319337227,29.3267286240278,10.263422734119391,1832.2492482019136,1838.1113578420843,5.862109640170729,2.0843525182987963,9.98588690906763,8.147936803421803,4.324289746582508,13.574926014989614,0,0,0.5714285714285714,True,True,55.56666666666667,20.0,True,20m
3335.0,3_satellites,20.0,3,0.375,55.2842540506261,41.95305210376681,15.808299704167323,1864.4376500604728,1862.468847497176,-1.968802563297004,6.422257397789508,8.294041187036783,6.814233684912324,13.042735736817122,18.210875432938337,0,0,0.75,True,True,55.583333333333336,20.0,True,20m
3336.0,3_satellites,20.0,3,0.4285714285714285,29.11237525466405,26.556489986449133,10.26112650038394,1828.905764870251,1834.783984057852,5.878219187601189,2.313062676361629,8.99856102200491,7.005355079791376,3.394641000777483,16.593707211315632,0,0,0.5714285714285714,True,True,55.6,20.0,True,20m
3337.0,3_satellites,20.0,3,0.4285714285714285,34.42294871704393,29.910777984229917,10.2599930817544,1840.4347280982165,1846.320994356643,5.886266258426758,1.025454914463418,8.209482202040297,7.430707358888218,1.7598876096308231,12.226902067661284,0,0,0.5714285714285714,True,True,55.61666666666667,20.0,True,20m
3338.0,3_satellites,20.0,3,0.4285714285714285,29.758673654035285,25.19849121516469,10.258883048169409,1838.4314999966696,1844.3258006969984,5.89430070032904,0.487470411828586,7.9847704363720755,7.49730002454349,0.9234373085200788,13.895838871598244,0,0,0.5714285714285714,True,True,55.63333333333333,20.0,True,20m
3339.0,3_satellites,20.0,3,0.4285714285714285,30.174188819238267,26.166917590681525,10.257786178978003,1845.7623072960257,1851.664629020596,5.902321724570129,0.7763528909002032,8.46353170861091,7.934041663472142,1.5343612357974052,13.12496479600668,0,0,0.5714285714285714,True,True,55.65,20.0,True,20m
3340.0,3_satellites,20.0,3,0.4285714285714285,27.862501122200875,23.0801930569726,10.256702588213702,1856.633975115616,1862.5443133918027,5.910338276187076,1.3260049532566751,7.975420419658933,6.896369181573391,1.7554487884044647,12.056701481342316,0,0,0.5714285714285714,True,True,55.666666666666664,20.0,True,20m
3341.0,3_satellites,20.0,3,0.4285714285714285,29.11435124810582,24.6985000398194,10.25564161254034,1860.8703372984403,1866.78867510627,5.91833780782963,0.8435456305742264,8.366406387516431,7.769904629460403,1.458276949822903,13.410588178783655,0,0,0.5714285714285714,True,True,55.68333333333333,20.0,True,20m
3342.0,3_satellites,20.0,3,0.4285714285714285,29.55930713485329,25.5150036605604,10.254596612035265,1864.087362469752,1870.0136903434905,5.926327873738501,1.589635002293757,7.079053120421512,5.489418118127754,2.7223039530217648,12.570610597729685,0,0,0.5714285714285714,True,True,55.7,20.0,True,20m
3343.0,3_satellites,20.0,3,0.375,78.04531427149715,65.32263564350289,15.771709859359635,1920.2341146088424,1918.292049204627,-1.9420654042153276,10.197283745743334,11.236082521267235,7.2031922889873385,20.802421621978283,25.96997957676649,1,0,0.625,True,True,55.71666666666667,20.0,True,20m
3344.0,3_satellites,20.0,3,0.4285714285714285,30.41049292243448,26.16644190752084,10.252547535333274,1871.0031465678528,1876.945432601348,5.942286033495066,0.5659862400165626,8.82328388094902,8.257297640932459,0.9628589414060116,14.701849274337292,0,0,0.5714285714285714,True,True,55.733333333333334,20.0,True,20m
3345.0,3_satellites,20.0,3,0.4285714285714285,27.97820022859494,23.744719712799256,10.251545411300429,1877.826804275136,1883.7770556756384,5.950251400502566,0.7165241502225399,7.920378250202963,7.203854099980423,2.0829925276339054,13.791092805564404,0,0,0.5714285714285714,True,True,55.75,20.0,True,20m
3346.0,3_satellites,20.0,3,0.4285714285714285,27.48097036025713,23.75419983035158,10.250559946074992,1881.8734616716556,1887.8316662784048,5.958204606749177,1.5821162307901042,7.726668063019003,6.3920398732381205,2.121701028198004,11.615858305245638,0,0,0.5714285714285714,True,True,55.766666666666666,20.0,True,20m
3347.0,3_satellites,20.0,3,0.4285714285714285,26.624718871528987,22.868588387050533,10.249593536624394,1883.664354119536,1889.630498968956,5.966144849420061,1.0991670414805412,7.2876108762409,6.188443834760359,2.273198999464512,11.9841071292758,0,0,0.5714285714285714,True,True,55.78333333333333,20.0,True,20m
3348.0,3_satellites,20.0,3,0.4285714285714285,25.780163797523866,23.25347252487986,10.248645888202764,1882.3161670267496,1888.290238546973,5.974071520223106,1.8605115770229272,8.696674666234426,7.044586015066931,3.1855976842343807,16.359252892434597,0,0,0.5714285714285714,True,True,55.8,20.0,True,20m
3349.0,3_satellites,20.0,3,0.4285714285714285,29.357462402781746,26.094077082068782,10.247709314894772,1884.5828720844484,1890.5648625708257,5.981990486377299,0.9134087355009148,7.589430707905974,6.676021972405059,1.6128694340586662,13.325591560453176,0,0,0.5714285714285714,True,True,55.81666666666667,20.0,True,20m
3350.0,3_satellites,20.0,3,0.4285714285714285,26.979401395395524,25.25466593314621,10.246784520117853,1893.5993955834367,1899.5892973008908,5.989901717454131,0.1735818205135209,8.426243104040623,8.252661283527102,0.4316506944596767,14.16631792113185,0,0,0.5714285714285714,True,True,55.833333333333336,20.0,True,20m
3351.0,3_satellites,20.0,3,0.4285714285714285,31.514684848852355,25.49210153191296,10.245878111226766,1899.504510491516,1905.502314962502,5.997804470986239,0.4853121239159788,8.326929420764957,7.841617296848979,0.8353871256113052,13.2464231364429,0,0,0.5714285714285714,True,True,55.85,20.0,True,20m
3352.0,3_satellites,20.0,3,0.4285714285714285,39.47551435059193,32.63664365084374,10.244987710983052,1904.5761720051496,1910.5818654321324,6.005693426982589,3.9116855657526415,8.168375282947506,4.504695851355791,5.710574313998222,11.343043133616447,0,0,0.5714285714285714,True,True,55.86666666666667,20.0,True,20m
3353.0,3_satellites,20.0,3,0.4285714285714285,28.30236464487561,23.60790871545801,10.244119728979609,1899.7719291742908,1905.7854952194923,6.013566045201742,0.8003713914326259,8.039035225020987,7.439394516072103,1.327681414783001,12.404788754880428,0,0,0.5714285714285714,True,True,55.88333333333333,20.0,True,20m
3354.0,3_satellites,20.0,3,0.4285714285714285,26.33181242982179,23.90618580113743,10.243266930275874,1897.055778571637,1903.0772065354784,6.021427963841461,1.7376796853329457,7.872189517532076,6.462898146361113,3.3886133395135403,15.025052461773155,0,0,0.5714285714285714,True,True,55.9,20.0,True,20m
3355.0,3_satellites,20.0,3,0.4285714285714285,30.18813383358405,25.7788643611188,10.24241562943974,1911.019023354739,1917.04831597908,6.029292624340769,1.2696955709585125,7.296947883708136,6.275509365435157,2.77213591709733,10.958855673670769,0,0,0.5714285714285714,True,True,55.916666666666664,20.0,True,20m
3356.0,3_satellites,20.0,3,0.4285714285714285,28.94609927752269,25.768498896862567,10.241596118004262,1898.8676279455408,1904.9047616594648,6.037133713923367,1.264396675995418,8.445193671222244,7.42913692710655,2.157020188868046,11.991065308451653,0,0,0.5714285714285714,True,True,55.93333333333333,20.0,True,20m
3357.0,3_satellites,20.0,3,0.4285714285714285,30.911922564141687,26.64231663238111,10.240777441776205,1911.881957096601,1917.9269334738497,6.044976377248759,1.7317505606583186,7.871338144476924,6.388010289520025,2.5151580907404423,11.214344713836908,0,0,0.5714285714285714,True,True,55.95,20.0,True,20m
3358.0,3_satellites,20.0,3,0.4285714285714285,27.717015833598097,24.788597493274548,10.239984814255376,1908.4538056193985,1914.5066063726583,6.052800753259817,2.020154927990266,10.031010770904166,8.259360351732798,4.187387842684984,15.29068909958005,0,0,0.5714285714285714,True,True,55.96666666666667,20.0,True,20m
3359.0,3_satellites,20.0,3,0.4285714285714285,30.45887925900088,26.041519163866187,10.239203466009087,1910.1194743247715,1916.1800931497503,6.060618824978974,1.6072138680943422,9.618059013038874,8.259431543094772,2.7466097436845303,15.044192861765625,0,0,0.5714285714285714,True,True,55.983333333333334,20.0,True,20m
3360.0,3_satellites,20.0,3,0.4285714285714285,27.25172297900733,24.655016076867994,10.238436506505542,1914.6973884763715,1920.7658139061973,6.068425429825766,1.3770156667700837,9.356487965477363,8.228139553751264,2.694608349353075,13.645854461938145,0,0,0.5714285714285714,True,True,56.0,20.0,True,20m
3361.0,3_satellites,20.0,3,0.4285714285714285,31.62518883333006,27.3769355248464,10.237685657517536,1916.8598561342696,1922.936078354124,6.076222219854117,1.6628322069134032,9.298376942851714,7.884293070329087,3.1863800548017025,13.097433120012283,0,0,0.5714285714285714,True,True,56.016666666666666,20.0,True,20m
