t,attack_bias_m,estimated_x_m,estimated_y_m,estimated_z_m,true_x_m,true_y_m,true_z_m,position_error_m,clock_bias_m,mean_abs_residual_m,max_abs_residual_m,n_satellites,converged,n_iterations
0.0,0.0,-2693895.8551825406,-4297490.883263739,3854201.517656923,-2693926.04767216,-4297473.816608274,3854218.1603911705,38.4686594697414,15.710185307576896,6.398881737674985,13.847241826355457,7,True,2
1.0,0.0,-2693888.5108752074,-4297477.185162245,3854211.0027784677,-2693926.04767216,-4297473.816608274,3854218.1603911705,38.36130473431672,12.850333590317302,1.1072288155555725,1.7062267139554024,7,True,2
2.0,0.0,-2693891.7093808046,-4297482.415723405,3854204.4217243083,-2693926.04767216,-4297473.816608274,3854218.1603911705,37.97122596635847,15.40324941997924,2.0611474936207137,4.204764377325773,6,True,2
3.0,0.0,-2693902.08816616,-4297511.452913182,3854202.21176591,-2693926.04767216,-4297473.816608274,3854218.1603911705,47.380460345491414,23.295688586061242,10.244193027727306,23.995861295610666,8,True,2
4.0,0.0,-2693899.7173517155,-4297485.319925899,3854202.3792831833,-2693926.04767216,-4297473.816608274,3854218.1603911705,32.78193802047669,19.83072499153406,5.583549476627793,9.37056852504611,7,True,2
5.0,0.0,-2693900.431294256,-4297486.534399346,3854192.3688813047,-2693926.04767216,-4297473.816608274,3854218.1603911705,38.51159575809379,14.298298605965641,3.5861508904823234,6.777882311493158,7,True,2
6.0,0.0,-2693911.438946865,-4297524.233203357,3854214.1364893354,-2693926.04767216,-4297473.816608274,3854218.1603911705,52.64446505053754,43.96134512504827,7.620859134476632,13.221628151834011,8,True,2
7.0,0.0,-2693909.0108892396,-4297498.439688735,3854205.932667751,-2693926.04767216,-4297473.816608274,3854218.1603911705,32.3429325148547,28.884270330621934,2.9664595254829953,6.119929015636444,7,True,2
8.0,0.0,-2693900.154489586,-4297495.844753102,3854229.3245397764,-2693926.04767216,-4297473.816608274,3854218.1603911705,35.78175907444994,41.002127275915726,7.957362502813339,13.239811480045319,7,True,2
9.0,0.0,-2693905.218161818,-4297493.816762324,3854212.4985544975,-2693926.04767216,-4297473.816608274,3854218.1603911705,29.42670653709682,33.696342789028144,5.31835907005838,11.802870281040668,7,True,2
10.0,0.0,-2693897.4726742157,-4297482.568520624,3854216.8808783535,-2693926.04767216,-4297473.816608274,3854218.1603911705,29.91259985933083,28.124763353463663,7.21944469000612,12.88599343970418,7,True,2
11.0,0.0,-2693896.6459860164,-4297474.593992109,3854206.9321198533,-2693926.04767216,-4297473.816608274,3854218.1603911705,31.482337119188408,15.619732399095309,6.851103863545826,12.033064600080252,7,True,2
12.0,0.0,-2693898.408009165,-4297462.79628684,3854203.6108026523,-2693926.04767216,-4297473.816608274,3854218.1603911705,33.12233356880945,13.47084874333587,9.523420747369528,16.889077454805374,7,True,2
13.0,0.0,-2693899.641835962,-4297474.800215921,3854206.635671401,-2693926.04767216,-4297473.816608274,3854218.1603911705,28.82802169916261,16.445482304228552,7.786496144852468,13.407863520085812,7,True,2
14.0,0.0,-2693892.401374272,-4297469.345549018,3854209.3384055193,-2693926.04767216,-4297473.816608274,3854218.1603911705,35.069804152080124,15.001253586266227,2.894418197550944,5.288007166236639,7,True,2
15.0,0.0,-2693894.4754003338,-4297471.944563691,3854204.8606303358,-2693926.04767216,-4297473.816608274,3854218.1603911705,34.31029783394756,18.836596358433432,6.1073765861136575,10.471646849066019,7,True,2
16.0,0.0,-2693902.042174495,-4297467.285857159,3854195.291658025,-2693926.04767216,-4297473.816608274,3854218.1603911705,33.79191595600652,8.870532154104987,3.6205099608216966,6.512759141623974,7,True,2
17.0,0.0,-2693888.0357308756,-4297454.8520507505,3854199.1029666895,-2693926.04767216,-4297473.816608274,3854218.1603911705,46.55907591581093,4.940739169314778,5.0955472104251385,9.592875324189663,7,True,2
18.0,0.0,-2693886.3401920055,-4297454.580720646,3854198.900033783,-2693926.04767216,-4297473.816608274,3854218.1603911705,48.14213040305965,5.136105905039285,4.39040851646236,7.802788861095905,7,True,2
19.0,0.0,-2693896.0659385244,-4297486.98383153,3854222.1969490265,-2693926.04767216,-4297473.816608274,3854218.1603911705,32.993543601628176,40.713363014021645,5.597270348109305,8.933233838528395,8,True,2
20.0,0.0,-2693892.65079131,-4297473.178484409,3854211.042000456,-2693926.04767216,-4297473.816608274,3854218.1603911705,34.15304289455631,23.591006632822392,2.5248991674743593,5.331812992691994,8,True,2
21.0,0.0,-2693887.745903841,-4297478.0645821495,3854212.882560076,-2693926.04767216,-4297473.816608274,3854218.1603911705,38.89635252112297,27.41108660626839,3.041107604014022,6.3307741060853004,7,True,2
22.0,0.0,-2693890.4221296366,-4297474.837994934,3854216.0226055495,-2693926.04767216,-4297473.816608274,3854218.1603911705,35.70423837798792,28.335867161401637,1.7629400715231895,3.2199364826083183,7,True,2
23.0,0.0,-2693887.6849607397,-4297476.097549586,3854223.742807351,-2693926.04767216,-4297473.816608274,3854218.1603911705,38.8337957350797,36.917675535779075,4.473267348217113,8.312183890491724,7,True,2
24.0,0.0,-2693896.503054842,-4297470.191302967,3854206.122078084,-2693926.04767216,-4297473.816608274,3854218.1603911705,32.1083825972731,23.380714874526106,2.828340293573482,4.443346284329891,7,True,2
25.0,0.0,-2693896.3781106924,-4297474.919847867,3854212.598268811,-2693926.04767216,-4297473.816608274,3854218.1603911705,30.206575781117987,30.102551694920127,3.117141503840685,5.8027247823774815,7,True,2
26.0,0.0,-2693901.1998762754,-4297474.831936295,3854205.211275422,-2693926.04767216,-4297473.816608274,3854218.1603911705,28.037893108801395,24.799596902599983,4.0302595144936015,7.777633335441351,7,True,2
27.0,0.0,-2693903.118795871,-4297506.632474224,3854244.012139294,-2693926.04767216,-4297473.816608274,3854218.1603911705,47.65424752259659,60.210813591167835,12.560172602999955,28.088827054947615,8,True,2
28.0,0.0,-2693909.0308176177,-4297524.21392275,3854250.8673386844,-2693926.04767216,-4297473.816608274,3854218.1603911705,62.443631064871866,81.1898208061136,10.427793270908296,27.85398980230093,8,True,2
29.0,0.0,-2693903.346424192,-4297508.9100842085,3854237.3110471466,-2693926.04767216,-4297473.816608274,3854218.1603911705,45.97440958561003,67.74595096227367,9.802567426580936,28.269321877509356,8,True,2
30.0,0.0,-2693910.03579855,-4297543.879231149,3854262.927515594,-2693926.04767216,-4297473.816608274,3854218.1603911705,84.67140396703802,101.62967497410736,15.328644360415637,29.551650535315275,8,True,2
31.0,0.0,-2693902.2178668957,-4297515.963553637,3854246.75329752,-2693926.04767216,-4297473.816608274,3854218.1603911705,56.22969781048331,79.90900055718396,9.88446118729189,23.482573967427015,8,True,2
32.0,0.0,-2693903.1002374296,-4297520.397286444,3854252.409861296,-2693926.04767216,-4297473.816608274,3854218.1603911705,62.20426467146318,88.43192843553673,12.62390466593206,28.037739351391792,8,True,2
33.0,0.0,-2693892.09937837,-4297468.38138093,3854205.632563694,-2693926.04767216,-4297473.816608274,3854218.1603911705,36.59200471152798,34.3583501089392,3.3078085455511297,7.149335473775864,7,True,2
34.0,0.0,-2693896.7408015872,-4297486.519332811,3854216.810013166,-2693926.04767216,-4297473.816608274,3854218.1603911705,31.969913890743836,56.80288210263121,3.914139135075467,6.822139337658882,7,True,2
35.0,0.0,-2693897.569493382,-4297484.529244122,3854209.8237396013,-2693926.04767216,-4297473.816608274,3854218.1603911705,31.547852426370493,49.92962191472467,2.015733923230852,5.132886979728937,7,True,2
36.0,0.0,-2693897.2949315207,-4297480.437208293,3854214.6959498394,-2693926.04767216,-4297473.816608274,3854218.1603911705,29.707823760960228,48.85248993367802,3.7685224637389183,7.81032108515501,7,True,2
37.0,0.0,-2693898.5904618255,-4297475.839597351,3854214.193985336,-2693926.04767216,-4297473.816608274,3854218.1603911705,27.815881424111094,48.11919952696229,4.137070683496339,7.360222402960062,7,True,2
38.0,0.0,-2693893.251642886,-4297466.020166262,3854207.5188410017,-2693926.04767216,-4297473.816608274,3854218.1603911705,35.3497755888376,38.390270748893606,2.1437431472752775,3.8306958749890327,7,True,2
39.0,0.0,-2693898.981822894,-4297481.166504263,3854214.098926813,-2693926.04767216,-4297473.816608274,3854218.1603911705,28.33860723928148,54.025929184455904,2.4537593216768334,5.519090160727501,7,True,2
40.0,0.0,-2693899.494330515,-4297471.105942704,3854207.086741819,-2693926.04767216,-4297473.816608274,3854218.1603911705,28.897290016564792,44.98436084084454,4.870778612792492,9.034979574382305,7,True,2
41.0,0.0,-2693906.182417468,-4297497.658788813,3854230.327961158,-2693926.04767216,-4297473.816608274,3854218.1603911705,33.33358180905347,73.3351469944439,9.956058647017926,17.974358096718788,8,True,2
42.0,0.0,-2693901.9992168806,-4297470.078639421,3854208.400865174,-2693926.04767216,-4297473.816608274,3854218.1603911705,26.221154821088124,46.29291049688163,4.134386992348092,6.998879007995129,7,True,2
43.0,0.0,-2693897.867282834,-4297462.398000285,3854206.649486326,-2693926.04767216,-4297473.816608274,3854218.1603911705,32.51184217049261,43.16554058040373,5.900321024336985,9.657815728336573,7,True,2
44.0,0.0,-2693903.4091308294,-4297478.325034067,3854213.7281725616,-2693926.04767216,-4297473.816608274,3854218.1603911705,23.50476586783655,56.32595666216056,4.446960940957069,8.279493398964405,7,True,2
45.0,0.0,-2693902.295705983,-4297481.434380641,3854219.6914768023,-2693926.04767216,-4297473.816608274,3854218.1603911705,24.990609762857236,58.890771484462825,3.1503022323761667,6.5401470474898815,7,True,2
46.0,0.0,-2693895.71825819,-4297466.973554126,3854211.9752483787,-2693926.04767216,-4297473.816608274,3854218.1603911705,31.701052556603305,49.1098063340054,5.9588226436504295,10.624606922268867,7,True,2
47.0,0.0,-2693895.845402789,-4297467.586959699,3854211.600981138,-2693926.04767216,-4297473.816608274,3854218.1603911705,31.527947229550545,45.20478141028405,3.8273187689483166,6.888467952609062,7,True,2
48.0,0.0,-2693891.233793946,-4297468.161799556,3854216.08467335,-2693926.04767216,-4297473.816608274,3854218.1603911705,35.331170125161556,49.030218067008605,5.555398366813149,12.013625912368298,7,True,2
49.0,0.0,-2693890.044788022,-4297468.873667429,3854204.871287407,-2693926.04767216,-4297473.816608274,3854218.1603911705,38.69419348283853,40.86611362538022,2.6089986552085196,5.977044265717268,7,True,2
50.0,0.0,-2693889.5665676957,-4297492.621415707,3854225.904571474,-2693926.04767216,-4297473.816608274,3854218.1603911705,41.76678218508208,68.41298122552328,6.348197584173509,13.314290218055248,7,True,2
51.0,0.0,-2693899.2939138394,-4297485.54172509,3854216.263428401,-2693926.04767216,-4297473.816608274,3854218.1603911705,29.27183657305578,63.08459487298706,7.357995921479804,13.86181441694498,7,True,2
52.0,0.0,-2693895.909270042,-4297489.502744958,3854219.668306636,-2693926.04767216,-4297473.816608274,3854218.1603911705,34.00958652089842,62.93378178651073,5.256929900497198,12.516258042305708,7,True,2
53.0,0.0,-2693891.7605674854,-4297480.389179479,3854221.9574348475,-2693926.04767216,-4297473.816608274,3854218.1603911705,35.1172575793892,60.65272734487181,5.20436412521771,9.017255809158087,7,True,2
54.0,0.0,-2693890.5201130905,-4297489.991141296,3854218.8589113164,-2693926.04767216,-4297473.816608274,3854218.1603911705,39.042424390596956,60.557592379336455,5.697725722832339,11.906935349106789,7,True,2
55.0,0.0,-2693895.6490162364,-4297489.280844796,3854213.4676317424,-2693926.04767216,-4297473.816608274,3854218.1603911705,34.427356625513426,55.190105661490975,5.1145819175456255,8.032660596072674,7,True,2
56.0,0.0,-2693896.995827765,-4297493.4530933425,3854221.754523506,-2693926.04767216,-4297473.816608274,3854218.1603911705,35.24938291392889,61.78150056811688,6.863594352134636,11.228354286402464,7,True,2
57.0,0.0,-2693900.8383831987,-4297498.574773197,3854221.1536331982,-2693926.04767216,-4297473.816608274,3854218.1603911705,35.46032258889315,65.44029248221892,6.0870068935411314,10.96046382933855,7,True,2
58.0,0.0,-2693901.1527055916,-4297507.340544996,3854220.57770344,-2693926.04767216,-4297473.816608274,3854218.1603911705,41.82651183584225,69.37757531411756,4.502053880797965,8.720581743866205,7,True,2
59.0,0.0,-2693902.2449775613,-4297490.699842889,3854212.4039538847,-2693926.04767216,-4297473.816608274,3854218.1603911705,29.744721404508237,58.76628272476388,2.6010870949498246,4.2500104904174805,7,True,2
60.0,0.0,-2693901.4211162184,-4297486.66622411,3854209.324185055,-2693926.04767216,-4297473.816608274,3854218.1603911705,29.148900891387594,53.054464510206856,2.8957649804651737,4.448639795184135,7,True,2
61.0,0.0,-2693903.269545846,-4297492.261258607,3854211.353997176,-2693926.04767216,-4297473.816608274,3854218.1603911705,30.089452694631145,54.09658299276304,2.6974910689251765,5.506439194083214,7,True,2
62.0,0.0,-2693901.2881882177,-4297492.974440813,3854215.874781068,-2693926.04767216,-4297473.816608274,3854218.1603911705,31.38914790514515,56.396238778538766,3.1885902849691257,5.642711006104946,7,True,2
63.0,0.0,-2693907.273001955,-4297515.164049508,3854205.180086978,-2693926.04767216,-4297473.816608274,3854218.1603911705,47.229095214916754,63.81757306280148,5.932738572891269,11.495109051465988,7,True,2
64.0,0.0,-2693906.705298971,-4297489.671568741,3854201.4599785637,-2693926.04767216,-4297473.816608274,3854218.1603911705,30.073426030705036,47.88690729362703,3.838884796947241,7.063604936003685,7,True,2
65.0,0.0,-2693900.1005697935,-4297505.808174458,3854219.6649948657,-2693926.04767216,-4297473.816608274,3854218.1603911705,41.21863972039585,68.22741031433806,3.45249104020851,6.716459855437279,7,True,2
66.0,0.0,-2693900.498940886,-4297486.542526814,3854198.776606995,-2693926.04767216,-4297473.816608274,3854218.1603911705,34.50243123823488,44.10879255346648,3.9391949559961046,7.462640728801489,7,True,2
67.0,0.0,-2693904.8208206943,-4297515.429071987,3854213.507204784,-2693926.04767216,-4297473.816608274,3854218.1603911705,46.94495183650516,69.62792232479994,5.4882756013955385,9.383336961269379,7,True,2
68.0,0.0,-2693896.5566375325,-4297468.006442428,3854205.663951509,-2693926.04767216,-4297473.816608274,3854218.1603911705,32.55211444395887,40.30832213256641,3.408598237804004,7.10071412473917,7,True,2
69.0,0.0,-2693899.921212729,-4297469.527012698,3854206.598490288,-2693926.04767216,-4297473.816608274,3854218.1603911705,28.89065704717396,41.69195070669538,4.509929791625057,9.896848905831575,7,True,2
70.0,0.0,-2693896.759225676,-4297469.274866237,3854200.961934602,-2693926.04767216,-4297473.816608274,3854218.1603911705,34.26700200672046,39.74028418003407,0.9396035681877818,2.0083751268684864,7,True,2
71.0,0.0,-2693916.5262821107,-4297558.388695336,3854273.049936649,-2693926.04767216,-4297473.816608274,3854218.1603911705,101.27169881683588,124.1482847551956,17.726449471898377,38.6317365989089,8,True,2
72.0,0.0,-2693897.8826232343,-4297480.784697444,3854202.186968851,-2693926.04767216,-4297473.816608274,3854218.1603911705,33.12060488978547,47.304598382169914,1.2114826196006365,2.1294484362006187,7,True,2
73.0,0.0,-2693917.407045842,-4297561.645141368,3854267.262639809,-2693926.04767216,-4297473.816608274,3854218.1603911705,100.99278424649016,125.2877293368143,17.60279756085947,29.046002842485905,8,True,2
74.0,0.0,-2693913.6027816893,-4297543.1638473505,3854255.1194736413,-2693926.04767216,-4297473.816608274,3854218.1603911705,79.56059730414975,109.90268539236244,13.3698656167835,21.662741262465715,8,True,2
75.0,0.0,-2693915.1211891137,-4297547.205919908,3854262.207560094,-2693926.04767216,-4297473.816608274,3854218.1603911705,86.28749726381157,119.55428640385514,17.128640790469944,27.9239139854908,8,True,2
76.0,0.0,-2693914.6531482916,-4297546.091493475,3854252.9444367914,-2693926.04767216,-4297473.816608274,3854218.1603911705,81.014961795585,113.84916226874711,15.834403924643993,25.730233311653137,8,True,2
77.0,0.0,-2693899.295596733,-4297474.08956147,3854203.85997715,-2693926.04767216,-4297473.816608274,3854218.1603911705,30.33562071637192,46.866103582791354,4.363789242293153,8.23308914154768,7,True,2
78.0,0.0,-2693912.3128034337,-4297547.948420916,3854268.2002080195,-2693926.04767216,-4297473.816608274,3854218.1603911705,90.48842762862407,121.78024331041766,17.97905339067802,31.087772585451603,8,True,2
79.0,0.0,-2693911.1048747976,-4297536.78897896,3854252.3430818957,-2693926.04767216,-4297473.816608274,3854218.1603911705,73.19332625344008,112.5480983045345,14.944181779399514,28.35449967905879,8,True,2
80.0,0.0,-2693908.1119029196,-4297524.967274305,3854248.5639804555,-2693926.04767216,-4297473.816608274,3854218.1603911705,62.14869825727718,103.99975033898978,11.437727206386626,18.05545051768422,8,True,2
81.0,0.0,-2693917.1679737577,-4297564.027360794,3854281.317723468,-2693926.04767216,-4297473.816608274,3854218.1603911705,110.47930818404743,138.71920121896278,17.130955674219877,29.54899287596345,8,True,2
82.0,0.0,-2693903.241267016,-4297487.632230143,3854209.2614514227,-2693926.04767216,-4297473.816608274,3854218.1603911705,28.110401132646626,61.52927976651322,4.882882799421038,9.613931875675917,7,True,2
83.0,0.0,-2693913.725308026,-4297534.114546788,3854241.5405743564,-2693926.04767216,-4297473.816608274,3854218.1603911705,65.83551482777935,105.91722964288577,9.416762647219002,18.606412287801504,8,True,2
84.0,0.0,-2693909.072157126,-4297529.453673538,3854250.0132206925,-2693926.04767216,-4297473.816608274,3854218.1603911705,66.31933270441675,106.08007972053764,10.75639265216887,21.43382889777422,8,True,2
85.0,0.0,-2693897.1473932024,-4297486.302702317,3854216.46843079,-2693926.04767216,-4297473.816608274,3854218.1603911705,31.52762912424322,65.42007577758444,2.7706435306796005,5.508497700095177,7,True,2
86.0,0.0,-2693910.504732923,-4297544.780935698,3854261.6827863413,-2693926.04767216,-4297473.816608274,3854218.1603911705,84.68599416808706,116.68381110134871,12.911986351013184,26.213672265410423,8,True,2
87.0,0.0,-2693895.900271261,-4297480.675550556,3854211.9804239166,-2693926.04767216,-4297473.816608274,3854218.1603911705,31.529396845429044,55.02250080414152,2.157706942409277,4.484790321439505,7,True,2
88.0,0.0,-2693895.767188086,-4297478.069113666,3854210.080423718,-2693926.04767216,-4297473.816608274,3854218.1603911705,31.627162248411103,52.790878769255336,2.659243644880397,5.301756177097559,7,True,2
89.0,0.0,-2693891.625975456,-4297471.332223911,3854210.2914865823,-2693926.04767216,-4297473.816608274,3854218.1603911705,35.39696355704951,49.89541376349566,2.816519566412483,6.459393825381994,7,True,2
90.0,0.0,-2693897.670315468,-4297478.119191099,3854209.1096388996,-2693926.04767216,-4297473.816608274,3854218.1603911705,30.094895056203093,51.78261252356151,4.7570344523659776,6.691823098808527,7,True,2
91.0,0.0,-2693893.3110969923,-4297470.926112878,3854206.0815140675,-2693926.04767216,-4297473.816608274,3854218.1603911705,35.0133915725365,44.68197407633824,2.678643382553543,3.691997665911913,7,True,2
92.0,0.0,-2693889.4961414095,-4297475.397557394,3854207.462772638,-2693926.04767216,-4297473.816608274,3854218.1603911705,38.11761853246162,44.671245157061136,2.7427609131804536,6.197688918560743,7,True,2
93.0,0.0,-2693890.766988966,-4297477.481924546,3854207.7335656495,-2693926.04767216,-4297473.816608274,3854218.1603911705,36.97133809371797,47.9018629516844,1.5109645117606436,2.8464175797998905,7,True,2
94.0,0.0,-2693886.8927921737,-4297476.778161596,3854212.8568577883,-2693926.04767216,-4297473.816608274,3854218.1603911705,39.623261995364196,47.34398495824347,6.109807896826949,13.699078507721424,7,True,2
95.0,0.0,-2693883.034220627,-4297467.356834248,3854207.461853612,-2693926.04767216,-4297473.816608274,3854218.1603911705,44.792235924738996,41.730021548469914,4.365295255290611,9.757859259843826,7,True,2
96.0,0.0,-2693879.9334547943,-4297465.981417476,3854213.3553317776,-2693926.04767216,-4297473.816608274,3854218.1603911705,47.02127022802957,40.56253765082964,4.062303891671555,9.022927194833755,7,True,2
97.0,0.0,-2693880.2357014585,-4297461.499311047,3854206.044553995,-2693926.04767216,-4297473.816608274,3854218.1603911705,48.96167869881011,33.184864445974924,6.841235235333443,14.62669950723648,7,True,2
98.0,0.0,-2693882.316050541,-4297469.168004297,3854215.408240211,-2693926.04767216,-4297473.816608274,3854218.1603911705,44.06402822323418,42.46919833999111,7.559908369822161,17.063279327005148,7,True,2
99.0,0.0,-2693877.5379438903,-4297469.381870392,3854222.687098989,-2693926.04767216,-4297473.816608274,3854218.1603911705,48.92189408183766,46.13995251386164,9.903561844889607,22.56847856938839,7,True,2
100.0,0.0,-2693872.3414528305,-4297459.371300396,3854216.3155254303,-2693926.04767216,-4297473.816608274,3854218.1603911705,55.645560865001045,36.753045667511046,11.336691954838377,26.072745095938444,7,True,2
101.0,0.0,-2693873.847408994,-4297471.984147974,3854218.517258393,-2693926.04767216,-4297473.816608274,3854218.1603911705,52.233636093534884,44.25657020023739,12.378133325172323,28.167904619127512,7,True,2
102.0,0.0,-2693883.790887652,-4297464.767573986,3854210.9618038354,-2693926.04767216,-4297473.816608274,3854218.1603911705,43.8102786812221,39.58640896233858,5.045326541044882,10.98581863567233,7,True,2
103.0,0.0,-2693882.7736286647,-4297465.639629021,3854208.0501508336,-2693926.04767216,-4297473.816608274,3854218.1603911705,45.185426741480384,41.79727746519839,4.454130703849452,9.23502928391099,7,True,2
104.0,0.0,-2693880.8344118763,-4297457.084210077,3854207.5192233543,-2693926.04767216,-4297473.816608274,3854218.1603911705,49.37050240172998,37.41065988365282,3.1355340597884997,6.669822584837675,7,True,2
105.0,0.0,-2693891.2487605745,-4297464.094774964,3854194.674233227,-2693926.04767216,-4297473.816608274,3854218.1603911705,43.09382676659715,37.95369840618354,2.0218113719352653,4.468521196395159,7,True,2
106.0,0.0,-2693887.5663039694,-4297458.118799669,3854191.801712789,-2693926.04767216,-4297473.816608274,3854218.1603911705,49.21399007249074,34.909815415733284,2.2975219759557928,4.03866071999073,7,True,2
107.0,0.0,-2693876.5507402164,-4297436.609090109,3854192.5467522587,-2693926.04767216,-4297473.816608274,3854218.1603911705,67.01047812195573,17.797692952040805,5.449144317635468,11.274073839187622,7,True,2
108.0,0.0,-2693881.8899055463,-4297454.358821887,3854205.3237468326,-2693926.04767216,-4297473.816608274,3854218.1603911705,49.93288737171743,37.85375018345515,3.1058958119579723,6.046841826289892,7,True,2
109.0,0.0,-2693886.8913864996,-4297456.3698032675,3854201.976236632,-2693926.04767216,-4297473.816608274,3854218.1603911705,45.82065658395179,34.879942111987326,1.4499626835542065,2.9971054308116436,7,True,2
110.0,0.0,-2693882.6893408326,-4297469.648626647,3854213.17268767,-2693926.04767216,-4297473.816608274,3854218.1603911705,43.84283467732911,48.50027918207371,2.774994940630027,5.386860191822052,7,True,2
111.0,0.0,-2693881.677603652,-4297460.628333701,3854202.796467261,-2693926.04767216,-4297473.816608274,3854218.1603911705,48.77175128647286,36.38704983103482,3.4914089829794,6.713046293705702,7,True,2
112.0,0.0,-2693889.4708310156,-4297456.9320822945,3854200.216748967,-2693926.04767216,-4297473.816608274,3854218.1603911705,44.101324483496576,34.71946431525005,2.372193023030247,4.206913471221924,7,True,2
113.0,0.0,-2693882.6399633815,-4297454.697884848,3854202.5221414263,-2693926.04767216,-4297473.816608274,3854218.1603911705,49.94306380171664,31.62200131732666,4.54052595315235,8.603921383619308,7,True,2
114.0,0.0,-2693885.155683048,-4297455.364772802,3854203.4220531383,-2693926.04767216,-4297473.816608274,3854218.1603911705,47.22121995217918,32.35194623588021,4.829195536673069,8.088820394128561,7,True,2
115.0,0.0,-2693888.8674219125,-4297467.61463099,3854204.144954602,-2693926.04767216,-4297473.816608274,3854218.1603911705,40.215270643337405,39.49719496506927,3.9236078847731863,7.009339760988951,7,True,2
116.0,0.0,-2693892.9278105525,-4297465.786268689,3854202.123309269,-2693926.04767216,-4297473.816608274,3854218.1603911705,37.66430117060587,37.9000125168281,4.027846069740398,7.166562791913748,7,True,2
117.0,0.0,-2693893.174509765,-4297455.676961197,3854191.7199293333,-2693926.04767216,-4297473.816608274,3854218.1603911705,45.9215594694918,26.704494682940993,1.5976314800126212,2.802945513278246,7,True,2
118.0,0.0,-2693897.46576993,-4297477.485125661,3854203.268545858,-2693926.04767216,-4297473.816608274,3854218.1603911705,32.43686501065086,49.519129128828105,3.280556606394904,8.152986317873001,7,True,2
119.0,0.0,-2693896.0887162755,-4297482.784847938,3854206.664546031,-2693926.04767216,-4297473.816608274,3854218.1603911705,33.31850560619543,53.67102664896241,4.803468184811728,10.424889102578163,7,True,2
120.0,0.0,-2693899.8096678373,-4297478.9562465865,3854204.582808827,-2693926.04767216,-4297473.816608274,3854218.1603911705,29.986655283778703,51.983406443357886,4.847600449940988,12.23348382115364,7,True,2
121.0,0.0,-2693897.4589345716,-4297485.04602633,3854198.9671270456,-2693926.04767216,-4297473.816608274,3854218.1603911705,36.21874010155661,52.210923284463654,4.30657096100705,10.00396640971303,7,True,2
122.0,0.0,-2693895.3431780706,-4297473.953801772,3854196.2081913706,-2693926.04767216,-4297473.816608274,3854218.1603911705,37.74498450649229,43.32622991699377,2.256957176008395,3.881837137043476,7,True,2
123.0,0.0,-2693892.3097589,-4297471.244362028,3854194.2969574733,-2693926.04767216,-4297473.816608274,3854218.1603911705,41.404428624214184,41.61685492889366,2.571254061801093,6.31811960041523,7,True,2
124.0,0.0,-2693898.28311697,-4297464.631328465,3854190.4184519225,-2693926.04767216,-4297473.816608274,3854218.1603911705,40.3094912309275,37.42247858466391,1.1849242917128973,2.2347343042492867,7,True,2
125.0,0.0,-2693895.1082184534,-4297466.932120461,3854194.8747397033,-2693926.04767216,-4297473.816608274,3854218.1603911705,39.330236871533465,42.992870806785426,1.1913982283856188,1.961645983159542,7,True,2
126.0,0.0,-2693959.355240434,-4297578.743737127,3854270.3388595697,-2693926.04767216,-4297473.816608274,3854218.1603911705,121.82647100696099,148.73163976547175,28.938968636561185,54.718352761119604,8,True,2
127.0,0.0,-2693897.7681924757,-4297467.881984047,3854195.7488484876,-2693926.04767216,-4297473.816608274,3854218.1603911705,36.56810059829432,42.00829162842232,1.3478882046682494,2.3669074438512325,7,True,2
128.0,0.0,-2693896.07687342,-4297473.160895699,3854193.8560612467,-2693926.04767216,-4297473.816608274,3854218.1603911705,38.59247581007379,45.7543406232363,2.126081399087395,3.482857182621956,7,True,2
129.0,0.0,-2693899.370306977,-4297469.004273652,3854200.3052469813,-2693926.04767216,-4297473.816608274,3854218.1603911705,32.45992223705439,47.094405213082204,1.0518351654921259,2.3935556821525097,7,True,2
130.0,0.0,-2693897.141856783,-4297465.579975429,3854203.964733803,-2693926.04767216,-4297473.816608274,3854218.1603911705,33.240110880140584,47.17359205699351,1.4772120134106703,2.964733023196459,7,True,2
131.0,0.0,-2693897.276294816,-4297476.421737499,3854205.483977889,-2693926.04767216,-4297473.816608274,3854218.1603911705,31.54790494207532,53.469468817484014,1.7952543321464742,3.436189740896225,7,True,2
132.0,0.0,-2693892.5576444217,-4297466.511308817,3854192.520683466,-2693926.04767216,-4297473.816608274,3854218.1603911705,42.80588708627752,42.69395662264041,2.544946667339121,4.785061854869127,7,True,2
133.0,0.0,-2693983.159290756,-4297617.773441575,3854301.132917344,-2693926.04767216,-4297473.816608274,3854218.1603911705,175.6978853945317,190.11989492081148,41.75804688455537,77.50811234861612,8,True,2
134.0,0.0,-2693908.1378708235,-4297516.057638321,3854238.2096183724,-2693926.04767216,-4297473.816608274,3854218.1603911705,50.07032169569786,94.22509261423349,9.095238809939474,13.736570723354816,8,True,2
135.0,0.0,-2693892.624994684,-4297471.2876532925,3854199.3428300004,-2693926.04767216,-4297473.816608274,3854218.1603911705,38.4391934274384,49.92208712613136,4.32129791272538,7.801449194550514,7,True,2
136.0,0.0,-2693894.983551321,-4297481.962449858,3854207.2161915186,-2693926.04767216,-4297473.816608274,3854218.1603911705,33.9280097356109,59.6824504224363,3.5464355604989186,8.409230068325996,7,True,2
137.0,0.0,-2693955.01569497,-4297584.290553503,3854273.245627032,-2693926.04767216,-4297473.816608274,3854218.1603911705,126.79914088731907,158.6648006005954,26.701218551956117,50.06506375968456,8,True,2
138.0,0.0,-2693898.014111787,-4297485.419573363,3854206.9875790635,-2693926.04767216,-4297473.816608274,3854218.1603911705,32.33173420040344,65.4365941264856,5.367616293685777,12.48962888494134,7,True,2
139.0,0.0,-2693895.8283686973,-4297484.033283,3854209.4612776292,-2693926.04767216,-4297473.816608274,3854218.1603911705,33.06450242509789,66.0772400393977,4.451675061136484,9.572078946977854,7,True,2
140.0,0.0,-2693896.313414715,-4297477.641454573,3854203.9999609427,-2693926.04767216,-4297473.816608274,3854218.1603911705,33.15529066732956,61.52341999888032,5.1697359420359135,12.71815387159586,7,True,2
141.0,0.0,-2693894.446482694,-4297480.98364286,3854199.6283940165,-2693926.04767216,-4297473.816608274,3854218.1603911705,37.32876208703557,59.74490347212427,4.334852909403188,9.01767685636878,7,True,2
142.0,0.0,-2693899.1165295755,-4297481.682378175,3854208.0557615147,-2693926.04767216,-4297473.816608274,3854218.1603911705,29.82046809675721,62.79563841974224,4.224423602223396,9.526559747755527,7,True,2
143.0,0.0,-2693898.1709221588,-4297484.681646589,3854212.3879513745,-2693926.04767216,-4297473.816608274,3854218.1603911705,30.471024095225534,71.5606909561548,2.971909467663084,6.763485670089722,7,True,2
144.0,0.0,-2693898.6603201884,-4297480.430820434,3854203.943136664,-2693926.04767216,-4297473.816608274,3854218.1603911705,31.558599085089437,65.09395077173299,3.7923937844378606,8.672529350966215,7,True,2
145.0,0.0,-2693890.1657375186,-4297488.650269956,3854218.7383037745,-2693926.04767216,-4297473.816608274,3854218.1603911705,38.83149154336428,79.06396919075117,5.233615952943053,12.93980160355568,7,True,2
146.0,0.0,-2693900.4931700695,-4297472.665245104,3854203.1216232195,-2693926.04767216,-4297473.816608274,3854218.1603911705,29.67360368622927,63.211016516751286,3.9586435040192947,6.970251575112343,7,True,2
147.0,0.0,-2693904.3010736937,-4297485.0852524955,3854206.5411426057,-2693926.04767216,-4297473.816608274,3854218.1603911705,27.10910962477165,72.93624199524356,2.5442697485642776,5.637452740222216,7,True,2
148.0,0.0,-2693897.274273821,-4297464.476203387,3854207.019645115,-2693926.04767216,-4297473.816608274,3854218.1603911705,32.23767730631795,60.15214546598219,1.910776665168149,3.9622171372175217,7,True,2
149.0,0.0,-2693961.3195224437,-4297586.460512632,3854274.9189136396,-2693926.04767216,-4297473.816608274,3854218.1603911705,130.97435811695698,171.93391745358386,28.631849677767605,54.143931314349174,8,True,2
150.0,0.0,-2693897.933028722,-4297478.4187379,3854213.8002337143,-2693926.04767216,-4297473.816608274,3854218.1603911705,28.820543814656737,77.65783483745332,5.633118237235716,10.715472344309092,7,True,2
151.0,0.0,-2693893.682303562,-4297459.598913462,3854204.323923855,-2693926.04767216,-4297473.816608274,3854218.1603911705,37.961925109837686,56.738523695193216,5.8314765611929555,10.450619537383318,7,True,2
152.0,0.0,-2693899.08187307,-4297447.421894541,3854196.0293012126,-2693926.04767216,-4297473.816608274,3854218.1603911705,43.744946866481534,50.70569285024941,11.252893281834465,20.343053001910448,7,True,2
153.0,0.0,-2693902.746283087,-4297470.171163792,3854208.9836088223,-2693926.04767216,-4297473.816608274,3854218.1603911705,25.30725849383748,69.78000987965554,6.009063800530774,10.871121175587177,7,True,2
154.0,0.0,-2693894.4473316725,-4297461.454918562,3854199.5505071776,-2693926.04767216,-4297473.816608274,3854218.1603911705,38.70039629882462,61.44345043236328,7.446661331823894,13.150486532598734,7,True,2
155.0,0.0,-2693901.9952142695,-4297466.427473918,3854193.8862810195,-2693926.04767216,-4297473.816608274,3854218.1603911705,34.96215755266656,58.4479893961758,4.831184454794441,8.374080579727888,7,True,2
156.0,0.0,-2693889.3619090924,-4297461.686776562,3854197.594621968,-2693926.04767216,-4297473.816608274,3854218.1603911705,43.77132499845119,53.176540901654334,2.9257987742977485,6.892055969685316,7,True,2
157.0,0.0,-2693890.5995775424,-4297465.910643696,3854197.0994113367,-2693926.04767216,-4297473.816608274,3854218.1603911705,41.9837654277692,58.967286776821275,2.5726466679147313,5.959254793822765,7,True,2
158.0,0.0,-2693895.4729006724,-4297456.429348292,3854189.311585745,-2693926.04767216,-4297473.816608274,3854218.1603911705,45.49051588748325,52.16680603633417,3.5267825227762972,6.945781268179417,7,True,2
159.0,0.0,-2693898.9358086134,-4297470.336304013,3854195.7650542557,-2693926.04767216,-4297473.816608274,3854218.1603911705,35.337186903426435,67.58000344621968,3.2503466505025114,6.701750680804253,7,True,2
160.0,0.0,-2693897.4643586646,-4297463.863057821,3854197.295843033,-2693926.04767216,-4297473.816608274,3854218.1603911705,36.76150630728076,65.05945047724848,3.3738960724856173,7.40101708099246,7,True,2
161.0,0.0,-2693895.7097062995,-4297468.67189563,3854192.366255391,-2693926.04767216,-4297473.816608274,3854218.1603911705,40.15218152685302,63.13250394085447,4.322620940527746,9.944369275122881,7,True,2
162.0,0.0,-2693896.3400675952,-4297477.47837693,3854204.948691098,-2693926.04767216,-4297473.816608274,3854218.1603911705,32.7184861731873,76.80786288961298,2.0945360495575835,3.5523698553442955,7,True,2
163.0,0.0,-2693895.8483773293,-4297487.404927908,3854212.7489498965,-2693926.04767216,-4297473.816608274,3854218.1603911705,33.55478409124125,91.73766714702312,3.729427299329213,8.530181262642145,7,True,2
164.0,0.0,-2693892.674741607,-4297480.829253485,3854220.3209310123,-2693926.04767216,-4297473.816608274,3854218.1603911705,34.170127581658654,99.51397855744679,7.044458077954395,12.76869035512209,7,True,2
165.0,0.0,-2693894.553629531,-4297478.747453901,3854208.4357930236,-2693926.04767216,-4297473.816608274,3854218.1603911705,33.328002772824995,87.92509172524358,3.2990287063377246,7.592705138027668,7,True,2
166.0,0.0,-2693888.6380055556,-4297475.443675575,3854215.2547511375,-2693926.04767216,-4297473.816608274,3854218.1603911705,37.55759906399339,88.1618804920165,4.913725512368338,10.897628381848335,7,True,2
167.0,0.0,-2693893.5934267575,-4297473.815158879,3854204.7589665204,-2693926.04767216,-4297473.816608274,3854218.1603911705,35.112337281892444,83.51737861998053,3.2082400800926343,7.350637435913086,7,True,2
168.0,0.0,-2693891.461160004,-4297484.557651354,3854216.5747883455,-2693926.04767216,-4297473.816608274,3854218.1603911705,36.25066848849817,97.96611536482177,3.9978024310299327,8.540674693882465,7,True,2
169.0,0.0,-2693896.1772437673,-4297479.821641957,3854214.521418062,-2693926.04767216,-4297473.816608274,3854218.1603911705,30.684606029407057,98.62357123732983,2.712540698370763,4.468694508075714,7,True,2
170.0,0.0,-2693894.353656774,-4297479.0676788315,3854211.6428125557,-2693926.04767216,-4297473.816608274,3854218.1603911705,32.780530567525474,98.21328345391969,1.1056731380522251,1.9594843424856663,7,True,2
171.0,0.0,-2693900.12037822,-4297478.673529638,3854198.8723337664,-2693926.04767216,-4297473.816608274,3854218.1603911705,32.67787347130547,88.3341608699196,3.4731200699295317,6.299946013838053,7,True,2
172.0,0.0,-2693893.114747076,-4297482.085611917,3854203.677875669,-2693926.04767216,-4297473.816608274,3854218.1603911705,36.914729188862346,92.29795979998016,3.6826278790831566,6.321107730269432,7,True,2
173.0,0.0,-2693894.146790542,-4297479.999488976,3854211.9752021446,-2693926.04767216,-4297473.816608274,3854218.1603911705,33.07795073834225,93.75449001573078,2.479464511786188,4.439738221466541,7,True,2
174.0,0.0,-2693892.0823139003,-4297472.354801908,3854212.1029518475,-2693926.04767216,-4297473.816608274,3854218.1603911705,34.53223147595903,89.81151899907765,4.517644626753671,9.761914018541574,7,True,2
175.0,0.0,-2693888.887763484,-4297461.065097215,3854213.3244235306,-2693926.04767216,-4297473.816608274,3854218.1603911705,39.583411047215286,84.13939166700024,5.028973119067294,11.829131621867418,7,True,2
176.0,0.0,-2693888.0059880307,-4297465.495365352,3854218.5039009475,-2693926.04767216,-4297473.816608274,3854218.1603911705,38.94266059381591,85.97812407334023,6.133479418499129,14.01710581034422,7,True,2
177.0,0.0,-2693884.4465180193,-4297473.928022297,3854222.659703583,-2693926.04767216,-4297473.816608274,3854218.1603911705,41.84390339230469,98.15151387350936,5.801132919532912,11.147519640624523,7,True,2
178.0,0.0,-2693886.145653566,-4297466.147854386,3854218.8376004593,-2693926.04767216,-4297473.816608274,3854218.1603911705,40.63790701433442,95.11213114970508,3.99417701416782,8.689589515328407,7,True,2
179.0,0.0,-2693889.6501206267,-4297485.595968704,3854225.5986076733,-2693926.04767216,-4297473.816608274,3854218.1603911705,38.972582086471974,112.9356267858346,5.691068935607161,10.953676395118237,7,True,2
180.0,0.0,-2693896.559914065,-4297476.642953932,3854214.249473122,-2693926.04767216,-4297473.816608274,3854218.1603911705,29.879949585379023,105.41208805107908,5.105389290090118,9.433501832187176,7,True,2
181.0,0.0,-2693895.7527531344,-4297462.407883919,3854194.5407325346,-2693926.04767216,-4297473.816608274,3854218.1603911705,40.07280105341591,89.22993868106848,2.084260988448347,4.6072441674768925,7,True,2
182.0,0.0,-2693895.6126149786,-4297470.019391953,3854196.325557432,-2693926.04767216,-4297473.816608274,3854218.1603911705,37.64932299271027,93.5971137071821,5.128373358398676,11.452952913939953,7,True,2
183.0,0.0,-2693897.0385748246,-4297468.948447345,3854200.691254984,-2693926.04767216,-4297473.816608274,3854218.1603911705,34.21107186496108,95.00033712798214,3.2051784970930646,7.697229444980621,7,True,2
184.0,0.0,-2693897.6625192873,-4297472.923793558,3854198.690988354,-2693926.04767216,-4297473.816608274,3854218.1603911705,34.43213132754068,101.31832182387191,3.9010053149291446,6.652018308639526,7,True,2
185.0,0.0,-2693896.4070868455,-4297466.604656304,3854198.496620535,-2693926.04767216,-4297473.816608274,3854218.1603911705,36.293806973290074,101.41282023992828,4.1682199990110735,7.624764379113913,7,True,2
186.0,0.0,-2693899.4856793843,-4297468.416744041,3854195.8427584455,-2693926.04767216,-4297473.816608274,3854218.1603911705,35.11089182002308,100.98982016599842,3.663636547114168,6.545271918177605,7,True,2
187.0,0.0,-2693902.1044027256,-4297473.070054604,3854197.5292623322,-2693926.04767216,-4297473.816608274,3854218.1603911705,31.61456896325825,102.47157873856285,2.9579242249684676,7.283921752125025,7,True,2
188.0,0.0,-2693899.9743807465,-4297473.289774415,3854198.492647415,-2693926.04767216,-4297473.816608274,3854218.1603911705,32.6636529414581,107.0933336389745,2.74513717474682,5.098318953067064,7,True,2
189.0,0.0,-2693897.3952781367,-4297465.780479834,3854182.153029409,-2693926.04767216,-4297473.816608274,3854218.1603911705,46.7126229686315,94.36274220798265,0.6538762849356446,1.4755138903856277,7,True,2
190.0,0.0,-2693893.754669697,-4297458.068929766,3854188.26753553,-2693926.04767216,-4297473.816608274,3854218.1603911705,46.73767436243026,93.85163007663562,2.6434470878115723,5.137722805142403,7,True,2
191.0,0.0,-2693892.5447727456,-4297459.356080223,3854188.4701928254,-2693926.04767216,-4297473.816608274,3854218.1603911705,47.04316122956265,97.83874416806563,4.527886391218219,8.72993228584528,7,True,2
192.0,0.0,-2693894.246222519,-4297470.441590264,3854196.3175200853,-2693926.04767216,-4297473.816608274,3854218.1603911705,38.72768987548663,107.787474177882,6.199340937925236,11.498010884970427,7,True,2
193.0,0.0,-2693894.2745560016,-4297478.411297912,3854201.179264113,-2693926.04767216,-4297473.816608274,3854218.1603911705,36.31805004985601,112.59127101526308,2.581836965467249,4.5927169397473335,7,True,2
194.0,0.0,-2693899.2515320606,-4297479.012160968,3854201.2847744236,-2693926.04767216,-4297473.816608274,3854218.1603911705,32.090704769607456,115.4633171585519,5.305966445910079,10.033404469490051,7,True,2
195.0,0.0,-2693897.359178436,-4297472.75004759,3854194.737367878,-2693926.04767216,-4297473.816608274,3854218.1603911705,37.05138653273385,108.50436060247816,5.341720852468695,10.27816241979599,7,True,2
196.0,0.0,-2693893.2801451674,-4297470.876215391,3854196.2589041693,-2693926.04767216,-4297473.816608274,3854218.1603911705,39.52254885991507,105.75018457489448,8.033926362437862,14.412063281983137,7,True,2
197.0,0.0,-2693896.8385360627,-4297476.701852318,3854198.09167282,-2693926.04767216,-4297473.816608274,3854218.1603911705,35.55631759573093,110.08041716516833,3.545729962842805,6.710989456623793,7,True,2
198.0,0.0,-2693888.9374189028,-4297455.412033244,3854193.383087065,-2693926.04767216,-4297473.816608274,3854218.1603911705,48.268147650344886,94.68274039085674,4.759560264114823,11.481289815157652,7,True,2
199.0,0.0,-2693893.773851867,-4297477.409314472,3854199.8389370902,-2693926.04767216,-4297473.816608274,3854218.1603911705,37.28515379818012,111.53938729061372,4.138735888259752,7.295027758926153,7,True,2
200.0,0.0,-2693891.423600888,-4297468.25797252,3854204.1515294933,-2693926.04767216,-4297473.816608274,3854218.1603911705,37.76205699374143,112.35031709371546,2.8226699137261937,5.992159694433212,7,True,2
201.0,0.0,-2693886.2680175034,-4297456.907971411,3854194.7172165513,-2693926.04767216,-4297473.816608274,3854218.1603911705,49.17220110384882,98.18251484340502,3.2330993578902314,7.613526772707701,7,True,2
202.0,0.0,-2693894.741365912,-4297469.1402839925,3854196.1253172606,-2693926.04767216,-4297473.816608274,3854218.1603911705,38.56808657299077,105.18406653437825,1.2124774158000946,3.017857253551483,7,True,2
203.0,0.0,-2693886.1552028507,-4297459.657468317,3854196.467742966,-2693926.04767216,-4297473.816608274,3854218.1603911705,47.56533756892185,98.9103403288996,0.9731774548334735,2.0283668600022793,7,True,2
204.0,0.0,-2693886.7630604003,-4297446.856055168,3854188.169450423,-2693926.04767216,-4297473.816608274,3854218.1603911705,56.29927772003095,90.36053202493659,3.1509996567453658,4.3563231490552425,7,True,2
205.0,0.0,-2693888.4030040917,-4297435.119722123,3854173.8049276387,-2693926.04767216,-4297473.816608274,3854218.1603911705,69.8711469555362,76.19148780868157,4.424124793282577,9.722953274846077,7,True,2
206.0,0.0,-2693889.509960214,-4297437.920138967,3854175.5654199226,-2693926.04767216,-4297473.816608274,3854218.1603911705,66.61750879887177,80.0096840867624,4.105596486479044,9.341727048158646,7,True,2
207.0,0.0,-2693889.27884637,-4297440.642699281,3854185.4843386384,-2693926.04767216,-4297473.816608274,3854218.1603911705,59.33109805969536,85.52045383651307,6.042634747390236,7.990470953285694,7,True,2
208.0,0.0,-2693886.503256792,-4297441.045514142,3854183.532888467,-2693926.04767216,-4297473.816608274,3854218.1603911705,61.941660785669775,86.10638511066135,5.753472051450184,8.52070165798068,7,True,2
209.0,0.0,-2693880.182132584,-4297439.663136789,3854192.8960897634,-2693926.04767216,-4297473.816608274,3854218.1603911705,62.51713573659312,92.58950474044521,4.8653135267751555,10.224043738096952,7,True,2
210.0,0.0,-2693880.4080568166,-4297437.792305844,3854191.9019931075,-2693926.04767216,-4297473.816608274,3854218.1603911705,63.79834106880448,90.44860545229598,5.013395336057458,11.352292455732822,7,True,2
211.0,0.0,-2693880.61214634,-4297432.882770945,3854185.354306734,-2693926.04767216,-4297473.816608274,3854218.1603911705,69.39888486911886,78.77828732676976,6.448752659239939,15.133464094251394,7,True,2
212.0,0.0,-2693877.185497182,-4297443.296982831,3854201.263296565,-2693926.04767216,-4297473.816608274,3854218.1603911705,60.03725082706606,95.98951865984598,8.526608861450638,19.340260338038206,7,True,2
213.0,0.0,-2693887.2461839262,-4297449.679780385,3854202.8913252973,-2693926.04767216,-4297473.816608274,3854218.1603911705,48.17972937171507,106.18627908350865,6.109367921948433,11.501894809305668,7,True,2
214.0,0.0,-2693882.4074615748,-4297466.820025424,3854199.6050692745,-2693926.04767216,-4297473.816608274,3854218.1603911705,47.934539970387924,113.27043301051737,7.739934319364173,14.585353054106236,7,True,2
215.0,0.0,-2693875.9042173573,-4297456.014030995,3854210.5251128627,-2693926.04767216,-4297473.816608274,3854218.1603911705,53.754955977845945,109.91387724452564,8.481062650680542,20.163245383650064,7,True,2
216.0,0.0,-2693872.705851811,-4297451.213951284,3854211.702106553,-2693926.04767216,-4297473.816608274,3854218.1603911705,58.291846268268955,111.30581366280389,9.242262612496104,19.03308231011033,7,True,2
217.0,0.0,-2693878.544505678,-4297450.794490108,3854210.146659444,-2693926.04767216,-4297473.816608274,3854218.1603911705,53.39277710364391,111.25951855151604,6.702323197786297,15.200390011072159,7,True,2
218.0,0.0,-2693881.0151690007,-4297459.721207682,3854208.9316468355,-2693926.04767216,-4297473.816608274,3854218.1603911705,48.08093572973216,118.82402448754924,5.138336963951588,11.120513916015625,7,True,2
219.0,0.0,-2693890.022666333,-4297468.1955902465,3854211.059258747,-2693926.04767216,-4297473.816608274,3854218.1603911705,37.14596842480763,129.08830867792034,5.354876592223134,11.51923555135727,7,True,2
220.0,0.0,-2693880.8774237726,-4297459.012086759,3854209.480371835,-2693926.04767216,-4297473.816608274,3854218.1603911705,48.320471151769524,121.35207692214573,5.793282640831811,13.53476456552744,7,True,2
221.0,0.0,-2693883.0929422453,-4297440.04078297,3854199.569267615,-2693926.04767216,-4297473.816608274,3854218.1603911705,57.71953804437436,105.16274214032042,5.228577622345516,8.745513122528791,7,True,2
222.0,0.0,-2693886.4916826123,-4297431.539654037,3854184.3069342347,-2693926.04767216,-4297473.816608274,3854218.1603911705,67.06768010888982,94.95845601724554,5.370192930102348,12.07290194183588,7,True,2
223.0,0.0,-2693886.8789111697,-4297435.347381999,3854187.2231826326,-2693926.04767216,-4297473.816608274,3854218.1603911705,63.017331583249806,97.58039663455804,10.1640788306083,16.482652358710766,7,True,2
224.0,0.0,-2693892.3228855217,-4297457.801447241,3854203.120604514,-2693926.04767216,-4297473.816608274,3854218.1603911705,40.2497428489087,119.58993833585602,7.546256760401385,12.520303200930357,7,True,2
225.0,0.0,-2693894.9128174568,-4297455.810341447,3854196.0313619142,-2693926.04767216,-4297473.816608274,3854218.1603911705,42.22912215860024,119.36518693740767,4.978765705334289,10.66250229626894,7,True,2
226.0,0.0,-2693909.2013016404,-4297478.32799553,3854184.887808558,-2693926.04767216,-4297473.816608274,3854218.1603911705,37.56617585489033,132.60697697416626,5.869164255048547,10.687372460961342,7,True,2
227.0,0.0,-2693901.6810603277,-4297476.742528361,3854191.8041926716,-2693926.04767216,-4297473.816608274,3854218.1603911705,36.013080677136614,132.06454952372744,3.9702431985310147,7.14010912925005,7,True,2
228.0,0.0,-2693902.5522151375,-4297469.012980269,3854198.365880796,-2693926.04767216,-4297473.816608274,3854218.1603911705,31.09556212168893,134.0281086769487,2.99993382660406,4.7958010621368885,7,True,2
229.0,0.0,-2693903.785782369,-4297454.416728695,3854182.117475238,-2693926.040171653,-4297473.821310063,3854218.1603911705,46.59278280362417,117.83328686066179,5.726027440279722,11.048185255378485,7,True,2
230.0,0.0,-2693906.6262692222,-4297482.181175702,3854193.4748036116,-2693926.040171653,-4297473.821310063,3854218.1603911705,32.4986952696328,145.7107741539239,2.7450669423810075,5.6181339509785175,7,True,2
231.0,0.0,-2693901.330899409,-4297462.796510541,3854193.3778042593,-2693926.04767216,-4297473.816608274,3854218.1603911705,36.69520436365037,130.3479033529829,1.8616547169429916,3.941292680799961,7,True,2
232.0,0.0,-2693908.3131850394,-4297508.033605062,3854201.373760798,-2693926.040171653,-4297473.821310063,3854218.1603911705,42.029967199551955,160.23930650241223,5.640736050371613,10.888970986008644,7,True,2
233.0,0.0,-2693906.443645053,-4297500.943876513,3854195.846005504,-2693926.040171653,-4297473.821310063,3854218.1603911705,40.21926495241108,158.83811565890772,3.839007698531662,8.159707859158516,7,True,2
234.0,0.0,-2693903.535782627,-4297499.299589316,3854198.2232844736,-2693926.040171653,-4297473.821310063,3854218.1603911705,39.40911649102876,160.44270799386177,4.5816708867038995,10.492988210171461,7,True,2
235.0,0.0,-2693903.2735482655,-4297461.791221251,3854186.558001375,-2693926.040171653,-4297473.821310063,3854218.1603911705,40.76460741990406,133.06163155699187,2.2576313614845276,5.288771472871304,7,True,2
236.0,0.0,-2693902.195890352,-4297472.036746434,3854190.4663482015,-2693926.040171653,-4297473.821310063,3854218.1603911705,36.588173418097874,142.1423566316272,4.639182827302387,8.35133645310998,7,True,2
237.0,0.0,-2693896.8254658584,-4297451.1852293825,3854192.5114918505,-2693926.040171653,-4297473.821310063,3854218.1603911705,44.98618920918157,129.16525297904397,3.810094956840788,7.933707740157843,7,True,2
238.0,0.0,-2693895.9895573985,-4297467.522686387,3854202.433695393,-2693926.040171653,-4297473.821310063,3854218.1603911705,34.49697142294353,147.67764090991233,4.22923311058964,7.673086475580931,7,True,2
239.0,0.0,-2693902.08408644,-4297494.379992948,3854204.2150119296,-2693926.040171653,-4297473.821310063,3854218.1603911705,34.51125994326689,166.75322704407873,4.829321177410228,8.289656519889832,7,True,2
240.0,0.0,-2693898.9187211962,-4297505.888168408,3854208.2041208176,-2693926.040171653,-4297473.821310063,3854218.1603911705,43.16229602698067,176.93172948352554,4.826513758195298,12.09957617148757,7,True,2
241.0,0.0,-2693906.9682763256,-4297502.897855217,3854209.4675883213,-2693926.040171653,-4297473.821310063,3854218.1603911705,35.84337443424208,177.38410615887264,5.191691138914654,8.285804562270641,7,True,2
242.0,0.0,-2693906.319283053,-4297502.797010871,3854203.3923064037,-2693926.040171653,-4297473.821310063,3854218.1603911705,38.034208446641706,174.96303544836928,4.324927352901016,7.433978721499443,7,True,2
243.0,0.0,-2693902.8361342037,-4297492.7440316705,3854202.923912764,-2693926.040171653,-4297473.821310063,3854218.1603911705,33.59534225483549,170.28512403732444,3.5003219406519617,6.171086747199297,7,True,2
244.0,0.0,-2693896.5409672367,-4297486.671421513,3854208.107498463,-2693926.040171653,-4297473.821310063,3854218.1603911705,33.71037047062931,167.51818836615897,2.745752729475498,5.117965579032898,7,True,2
245.0,0.0,-2693903.7289217836,-4297484.970311874,3854192.246767838,-2693926.040171653,-4297473.821310063,3854218.1603911705,35.966762244182085,161.03163631814112,1.8518188861863953,3.2454883456230164,7,True,2
246.0,0.0,-2693896.090964905,-4297484.247546678,3854205.4950867025,-2693926.040171653,-4297473.821310063,3854218.1603911705,34.14778663496967,169.2483331158714,2.7897396763520583,5.367995776236057,7,True,2
247.0,0.0,-2693897.5025967923,-4297489.738454045,3854213.072194284,-2693926.040171653,-4297473.821310063,3854218.1603911705,33.070204097199856,174.1944560122316,3.183691742164748,5.83411169052124,7,True,2
248.0,0.0,-2693894.0664994097,-4297469.162033731,3854201.2026261413,-2693926.040171653,-4297473.821310063,3854218.1603911705,36.49096281884126,154.92688107204697,2.9072363717215404,5.103874400258064,7,True,2
249.0,0.0,-2693891.5856491313,-4297477.69050817,3854213.349614542,-2693926.040171653,-4297473.821310063,3854218.1603911705,35.00326253309364,165.83758120523595,3.2234716287681033,6.031844407320023,7,True,2
250.0,0.0,-2693894.0274399254,-4297477.871316908,3854207.9954885147,-2693926.040171653,-4297473.821310063,3854218.1603911705,33.83109212125014,162.36423165584432,4.222473457987819,6.510583266615868,7,True,2
251.0,0.0,-2693894.773305854,-4297470.901865525,3854206.9135283134,-2693926.040171653,-4297473.821310063,3854218.1603911705,33.3561385271359,156.99320997249436,3.1688897040273463,7.5870431661605835,7,True,2
252.0,0.0,-2693893.9581641317,-4297467.565905194,3854205.0902858926,-2693926.040171653,-4297473.821310063,3854218.1603911705,35.20245657122746,154.89707859792898,2.5447790952665463,5.695150703191757,7,True,2
253.0,0.0,-2693902.1766533055,-4297475.712961875,3854193.7244924046,-2693926.040171653,-4297473.821310063,3854218.1603911705,34.207586921582504,152.28440727522698,2.7628165121589388,6.142232809215784,7,True,2
254.0,0.0,-2693894.3493431276,-4297468.121109441,3854201.5510208886,-2693926.040171653,-4297473.821310063,3854218.1603911705,36.23081672999959,156.2562731055631,6.172689872128623,11.421162139624357,7,True,2
255.0,0.0,-2693893.4274116494,-4297459.474527768,3854192.894700373,-2693926.040171653,-4297473.821310063,3854218.1603911705,43.678111323072685,144.4213628595738,2.302690278738737,4.931626293808222,7,True,2
256.0,0.0,-2693895.0771701527,-4297448.478498571,3854189.2889797385,-2693926.040171653,-4297473.821310063,3854218.1603911705,49.340895353874224,137.21887858218065,5.344835172274283,11.61023710295558,7,True,2
257.0,0.0,-2693898.116952496,-4297437.756598717,3854186.54573665,-2693926.040171653,-4297473.821310063,3854218.1603911705,55.49644991374463,126.32941038919269,8.887002933238234,16.713384572416544,7,True,2
258.0,0.0,-2693900.1167276977,-4297431.974776098,3854170.315434471,-2693926.040171653,-4297473.821310063,3854218.1603911705,68.64617420526503,118.06956202358971,8.010465839611632,20.10891530290246,7,True,2
259.0,0.0,-2693891.161325038,-4297418.00510961,3854182.6518397084,-2693926.040171653,-4297473.821310063,3854218.1603911705,74.78528866781221,117.57587640477918,8.252417711274964,15.219059586524963,7,True,2
260.0,0.0,-2693897.1046421546,-4297480.476314016,3854207.5421348424,-2693926.040171653,-4297473.821310063,3854218.1603911705,31.53254370351471,169.7185600545721,4.271162264581237,9.774460032582283,7,True,2
261.0,0.0,-2693898.0283883554,-4297542.013904865,3854243.7370833927,-2693926.040171653,-4297473.821310063,3854218.1603911705,78.03241105060971,227.4597141798248,11.397966013955218,24.556000668555498,7,True,2
262.0,0.0,-2693896.063693955,-4297527.098618532,3854239.9033018593,-2693926.040171653,-4297473.821310063,3854218.1603911705,64.88308699549162,220.40209429505128,10.741236782499723,25.13416311889887,7,True,2
263.0,0.0,-2693900.0576451453,-4297530.64516029,3854233.6827942203,-2693926.040171653,-4297473.821310063,3854218.1603911705,64.381570614901,220.01724579443655,9.4538365714252,20.67187550291419,7,True,2
264.0,0.0,-2693900.3587626717,-4297519.28290989,3854232.207156831,-2693926.040171653,-4297473.821310063,3854218.1603911705,54.07035649593662,215.37548312008866,8.749105905315705,21.13337029516697,7,True,2
265.0,0.0,-2693896.3963494836,-4297516.813089817,3854232.697486187,-2693926.040171653,-4297473.821310063,3854218.1603911705,54.20679340023632,213.51492197757582,9.761434938758612,18.08387554809451,7,True,2
266.0,0.0,-2693896.147451229,-4297499.90928679,3854229.5321931564,-2693926.040171653,-4297473.821310063,3854218.1603911705,41.273177057903574,199.58783284160364,6.183516723769052,10.176760155707598,7,True,2
267.0,0.0,-2693901.491990976,-4297513.883548633,3854229.4303130526,-2693926.040171653,-4297473.821310063,3854218.1603911705,48.317773883349254,211.36955378146254,6.49082115026457,14.681759264320135,7,True,2
268.0,0.0,-2693901.163549593,-4297536.729747133,3854243.2118215864,-2693926.040171653,-4297473.821310063,3854218.1603911705,72.1380062493599,233.41399597043662,9.055809629814965,16.860938105732203,7,True,2
269.0,0.0,-2693902.2318099407,-4297510.241184935,3854225.2910879515,-2693926.040171653,-4297473.821310063,3854218.1603911705,44.09186103701808,208.91863229889978,7.886908931923764,11.915230344980955,7,True,2
270.0,0.0,-2693900.6510723783,-4297491.895902133,3854217.8802665533,-2693926.040171653,-4297473.821310063,3854218.1603911705,31.166900876920785,197.5181134430626,3.7165574112108777,6.0715597830712795,7,True,2
271.0,0.0,-2693895.503410463,-4297474.081282153,3854212.5382113913,-2693926.040171653,-4297473.821310063,3854218.1603911705,31.051091364410805,180.34831578753037,3.149574118533305,6.139396298676729,7,True,2
272.0,0.0,-2693899.6216111267,-4297472.973062627,3854205.967451256,-2693926.040171653,-4297473.821310063,3854218.1603911705,29.108892932591043,175.720282693081,3.397150589618832,6.3462652787566185,8,True,2
273.0,0.0,-2693901.9291383866,-4297499.688471726,3854223.76923962,-2693926.040171653,-4297473.821310063,3854218.1603911705,35.80378693118811,203.883643598306,5.667972935097558,10.717113230377436,7,True,2
274.0,0.0,-2693894.537831869,-4297478.45900508,3854203.6259953273,-2693926.040171653,-4297473.821310063,3854218.1603911705,35.002204065922,183.19790524887316,3.6142380186356604,7.4844625778496265,8,True,2
275.0,0.0,-2693896.4179492644,-4297487.49986684,3854216.50849124,-2693926.040171653,-4297473.821310063,3854218.1603911705,32.66967627844289,198.9581354835193,3.5041686478070915,7.562527187168598,8,True,2
276.0,0.0,-2693894.5345661286,-4297489.915859412,3854220.447771002,-2693926.040171653,-4297473.821310063,3854218.1603911705,35.45235964949301,199.98701771191492,4.264017055609396,6.969723857939243,7,True,2
277.0,0.0,-2693906.125717733,-4297501.323442456,3854209.574609977,-2693926.040171653,-4297473.821310063,3854218.1603911705,35.023826173277456,201.42516767213317,6.237699408084154,11.70441598445177,7,True,2
278.0,0.0,-2693905.628175605,-4297502.081778957,3854208.4296805025,-2693926.040171653,-4297473.821310063,3854218.1603911705,36.19378972775537,203.1821101794817,5.680595660848277,9.601843431591988,7,True,2
279.0,0.0,-2693900.8988484326,-4297483.822259989,3854208.42263287,-2693926.040171653,-4297473.821310063,3854218.1603911705,28.756374413612555,195.6783056780306,3.1676424853503704,5.3764027543365955,7,True,2
280.0,0.0,-2693905.292737057,-4297471.353738308,3854196.719501417,-2693926.040171653,-4297473.821310063,3854218.1603911705,29.93754676157179,184.31885860303936,3.789761085063219,9.382826026529074,7,True,2
281.0,0.0,-2693902.2006455157,-4297469.38869092,3854202.612508758,-2693926.040171653,-4297473.821310063,3854218.1603911705,28.804648347739448,188.43186960039424,2.0193756552679196,5.1637060940265656,7,True,2
282.0,0.0,-2693905.714669615,-4297468.465149512,3854198.0865004957,-2693926.040171653,-4297473.821310063,3854218.1603911705,29.065023237121824,185.15200370066856,5.534525387521301,11.674359489232302,7,True,2
283.0,0.0,-2693903.0304783485,-4297453.203619984,3854191.052050695,-2693926.040171653,-4297473.821310063,3854218.1603911705,41.10227796006182,172.8919897272207,6.706200759325709,16.448325026780367,7,True,2
284.0,0.0,-2693901.201757815,-4297470.90147323,3854203.1861710623,-2693926.040171653,-4297473.821310063,3854218.1603911705,29.14960577712147,194.6418839162215,4.202316138361182,7.117109954357147,7,True,2
285.0,0.0,-2693898.047331178,-4297471.175009143,3854209.724379116,-2693926.0365899308,-4297473.815596335,3854218.1692060633,29.354495540009037,198.8782381871043,1.7698420940765314,4.335901748389006,7,True,2
286.0,0.0,-2693897.0775249465,-4297466.560302576,3854206.1447358225,-2693926.0365899308,-4297473.815596335,3854218.1692060633,32.18469538237463,193.31019093126176,1.9646926394530706,4.661925952881575,7,True,2
287.0,0.0,-2693902.4614060596,-4297500.800000834,3854228.312102819,-2693926.0365899308,-4297473.815596335,3854218.1692060633,37.24010922857303,226.8844370941483,4.458573429712227,10.22537923976779,7,True,2
288.0,0.0,-2693894.9219070487,-4297470.833252508,3854217.108866255,-2693926.0365899308,-4297473.815596335,3854218.1692060633,31.275264764055006,208.9913621351798,1.7239873340087277,3.303527094423771,7,True,2
289.0,0.0,-2693894.4865220874,-4297481.182616485,3854224.916875955,-2693926.0365899308,-4297473.815596335,3854218.1692060633,33.09396947774216,220.9380077781209,2.5269962857876505,5.662274789065123,7,True,2
290.0,0.0,-2693901.93095522,-4297494.71200502,3854219.602828131,-2693926.0365899308,-4297473.815596335,3854218.1692060633,31.93425735776838,228.74698819466593,4.63730812338846,10.45203411579132,7,True,2
291.0,0.0,-2693903.2736278116,-4297498.246896285,3854236.9464048003,-2693926.0365899308,-4297473.815596335,3854218.1692060633,38.30958175307949,237.51817733453476,6.360494507942349,12.766315255314112,8,True,2
292.0,0.0,-2693904.9292613817,-4297519.446335731,3854237.6047985177,-2693926.0365899308,-4297473.815596335,3854218.1692060633,53.90200321319668,251.48710918335098,6.53829929092899,12.604968760162592,8,True,2
293.0,0.0,-2693892.0539090773,-4297475.050529039,3854211.7917148746,-2693926.0365899308,-4297473.815596335,3854218.1692060633,34.59797755122805,218.076292767747,3.039547259254115,5.337844684720039,7,True,2
294.0,0.0,-2693896.5941822045,-4297465.018848538,3854209.182159227,-2693926.044090437,-4297473.810894547,3854218.1692060633,32.02130819859757,211.30916428054314,2.3626424095460345,5.107595752924681,7,True,2
295.0,0.0,-2693892.3187090093,-4297462.858571761,3854209.887342901,-2693926.044090437,-4297473.810894547,3854218.1692060633,36.413513758887355,214.53799774928697,2.119359635348831,4.062558811157942,7,True,2
296.0,0.0,-2693889.6709884307,-4297465.562885203,3854221.173109365,-2693926.044090437,-4297473.810894547,3854218.1692060633,37.41731741749196,222.44110863373496,3.4466673178332194,6.425516165792942,7,True,2
297.0,0.0,-2693898.5476855007,-4297509.314692812,3854233.9921557503,-2693926.044090437,-4297473.810894547,3854218.1692060633,47.61236932194076,255.8808118016923,5.246918639633805,13.980895787477493,8,True,2
298.0,0.0,-2693901.7391352816,-4297518.695704934,3854260.020380978,-2693926.044090437,-4297473.810894547,3854218.1692060633,66.00680184896135,275.8216504181888,13.689676833339036,25.755558602511883,8,True,2
299.0,0.0,-2693899.5694233146,-4297507.376084642,3854254.964068702,-2693926.044090437,-4297473.810894547,3854218.1692060633,56.40382878767136,266.0639400288208,12.919945237692446,30.641874078661203,8,True,2
300.0,0.0,-2693906.2599233873,-4297530.262148612,3854254.010318853,-2693926.044090437,-4297473.810894547,3854218.1692060633,69.73336875106814,281.6988535024349,13.234258389100432,26.521221928298473,8,True,2
301.0,0.0,-2693899.1725727716,-4297495.83339767,3854241.6638076887,-2693926.044090437,-4297473.810894547,3854218.1692060633,41.94121375164407,259.67305735626337,10.468960798811167,21.89700236916542,8,True,2
302.0,0.0,-2693907.4776158673,-4297516.288379324,3854257.3384881243,-2693926.044090437,-4297473.810894547,3854218.1692060633,60.69005971382141,276.5975147106529,12.460908320266753,29.89476003870368,8,True,2
303.0,0.0,-2693895.812212491,-4297494.236477181,3854237.0551807308,-2693926.044090437,-4297473.810894547,3854218.1692060633,41.083462721915254,254.7956752222275,8.006645877379924,23.12915502116084,8,True,2
304.0,0.0,-2693897.5248636543,-4297504.721759919,3854233.412415787,-2693926.044090437,-4297473.810894547,3854218.1692060633,44.734587703533315,263.0028791524232,7.129859180189669,11.784479536116123,8,True,2
305.0,0.0,-2693901.0921152732,-4297504.241983241,3854252.5567411724,-2693926.044090437,-4297473.810894547,3854218.1692060633,52.260451534328695,272.0972842454902,16.471876247785985,49.20970807597041,8,True,2
306.0,0.0,-2693907.0040707844,-4297499.124740038,3854238.207342785,-2693926.044090437,-4297473.810894547,3854218.1692060633,37.48119588778722,262.06360321939275,13.950193714816123,40.64909404143691,8,True,2
307.0,0.0,-2693912.9211985907,-4297557.227297262,3854285.3140409393,-2693926.044090437,-4297473.810894547,3854218.1692060633,107.88389769976035,317.50183083211994,25.323730235919356,65.32556504756212,8,True,2
308.0,0.0,-2693903.153854081,-4297504.8591071945,3854245.817098124,-2693926.044090437,-4297473.810894547,3854218.1692060633,47.45903880638374,273.29714231689036,12.246401563286781,33.325769908726215,8,True,2
309.0,0.0,-2693903.6749598784,-4297503.608436767,3854227.3474023314,-2693926.044090437,-4297473.810894547,3854218.1692060633,38.373308575417155,265.07437924927933,8.076522381976247,21.133525867015123,8,True,2
310.0,0.0,-2693896.1742507857,-4297512.351252311,3854244.676491552,-2693926.044090437,-4297473.810894547,3854218.1692060633,55.49957370403868,280.04421778023027,12.439458016306162,25.64145028218627,8,True,2
311.0,0.0,-2693891.3355658227,-4297455.200780114,3854194.214051974,-2693926.044090437,-4297473.810894547,3854218.1692060633,46.0962845306721,223.21452437855618,2.032150330820254,3.8429503031075,7,True,2
312.0,0.0,-2693895.6644202825,-4297485.710161136,3854225.5309992423,-2693926.044090437,-4297473.810894547,3854218.1692060633,33.447165841996096,254.0439206348437,8.3955560750328,19.031716849654913,8,True,2
313.0,0.0,-2693903.157007198,-4297507.765227603,3854238.4956114814,-2693926.044090437,-4297473.810894547,3854218.1692060633,45.715184235309714,275.1712321716867,11.364012307021767,25.062165655195713,8,True,2
314.0,0.0,-2693901.469246329,-4297513.809005096,3854241.811281706,-2693926.044090437,-4297473.810894547,3854218.1692060633,52.561578658701094,281.3557390164321,12.673054842744023,26.52512790635228,8,True,2
315.0,0.0,-2693904.4208875545,-4297506.375406435,3854222.742336327,-2693926.044090437,-4297473.810894547,3854218.1692060633,39.35636997721788,272.75256204956685,5.9527329173870385,13.941506437957287,8,True,2
316.0,0.0,-2693905.353495344,-4297492.425789697,3854220.2424274674,-2693926.044090437,-4297473.810894547,3854218.1692060633,27.90901814340945,262.6345705883216,6.893381802365184,18.332017555832863,8,True,2
317.0,0.0,-2693907.0054435465,-4297491.484014798,3854214.307873721,-2693926.044090437,-4297473.810894547,3854218.1692060633,26.262504493612326,262.8219249625155,7.61259147292003,19.894281454384327,8,True,2
318.0,0.0,-2693919.1926230076,-4297531.496767458,3854248.656775734,-2693926.044090437,-4297473.810894547,3854218.1692060633,65.60559765605402,303.7402905009009,13.916061418596655,34.34962685406208,8,True,2
319.0,0.0,-2693916.711110664,-4297517.721504499,3854237.5097477078,-2693926.044090437,-4297473.810894547,3854218.1692060633,48.880494360346454,293.60191360940337,12.965649599209428,34.46938670054078,8,True,2
320.0,0.0,-2693910.252399745,-4297512.036507741,3854227.4223873094,-2693926.044090437,-4297473.810894547,3854218.1692060633,42.381556862694225,291.4439719308517,10.355689206160605,19.73418752104044,8,True,2
321.0,0.0,-2693901.2763156965,-4297464.592131373,3854207.7850967413,-2693926.044090437,-4297473.810894547,3854218.1692060633,28.3946823623924,253.67050302120003,12.589891375175544,25.92992690205574,7,True,2
322.0,0.0,-2693897.930538296,-4297458.723366003,3854199.811900589,-2693926.044090437,-4297473.810894547,3854218.1692060633,36.81027024941922,243.7035372350905,9.443887609988451,19.239798452705145,7,True,2
323.0,0.0,-2693907.4773535444,-4297519.689774211,3854247.3144464893,-2693926.044090437,-4297473.810894547,3854218.1692060633,57.437273242235165,304.4656438254198,12.773217870853841,20.973073087632656,8,True,2
324.0,0.0,-2693910.520376095,-4297504.383310051,3854232.3444110914,-2693926.044090437,-4297473.810894547,3854218.1692060633,37.10248959681404,288.6635130529854,10.56444007717073,20.475857079029083,8,True,2
325.0,0.0,-2693895.9646922974,-4297477.012392312,3854218.479902028,-2693926.044090437,-4297473.810894547,3854218.1692060633,30.25088944726838,267.3906877930378,9.09363273956946,15.679369866847992,7,True,2
326.0,0.0,-2693911.333831139,-4297525.587484747,3854250.7125286907,-2693926.040508715,-4297473.805180821,3854218.1780209546,62.898231762876165,309.693147817604,13.522201580926776,25.845437839627266,8,True,2
327.0,0.0,-2693903.389412432,-4297495.660588792,3854212.710296099,-2693926.040508715,-4297473.805180821,3854218.1780209546,31.947253958581452,274.6623449008274,2.6174250516508306,5.099612161517143,7,True,2
328.0,0.0,-2693898.690714716,-4297483.062976066,3854207.7490799376,-2693926.040508715,-4297473.805180821,3854218.1780209546,30.699850412161936,266.4125593007368,5.455642773104565,9.778585907071829,7,True,2
329.0,0.0,-2693895.409417093,-4297482.6164063085,3854199.6895640255,-2693926.040508715,-4297473.805180821,3854218.1780209546,36.84731344593259,264.06564683508145,3.261660672724247,6.001917362213135,7,True,2
330.0,0.0,-2693902.5331242867,-4297499.896760788,3854207.651645503,-2693926.040508715,-4297473.805180821,3854218.1780209546,36.66295470895484,279.0625578778647,2.4852597612355436,6.355432346463203,7,True,2
331.0,0.0,-2693899.8288278785,-4297480.81513365,3854204.5579062584,-2693926.040508715,-4297473.805180821,3854218.1780209546,30.359498930004023,266.96711629573366,2.292390157601663,3.7406430914998055,7,True,2
332.0,0.0,-2693898.316980504,-4297492.561496785,3854210.6724980595,-2693926.040508715,-4297473.805180821,3854218.1780209546,34.30344412661106,278.1323485586619,2.2404580653778146,5.754519630223513,7,True,2
333.0,0.0,-2693899.2614336056,-4297492.272849122,3854209.6093204003,-2693926.040508715,-4297473.805180821,3854218.1780209546,33.63920726467684,278.7581373357982,2.170392402580806,3.80918338149786,7,True,2
334.0,0.0,-2693904.1145886057,-4297503.526814006,3854210.9524510773,-2693926.040508715,-4297473.805180821,3854218.1780209546,37.6341641585276,286.3425134927518,3.656589981700693,8.651349604129791,7,True,2
335.0,0.0,-2693915.412955271,-4297543.470387733,3854242.8674544916,-2693926.040508715,-4297473.805180821,3854218.1780209546,74.67097210206056,321.5821083993915,10.144353098701686,20.72261233255267,8,True,2
336.0,0.0,-2693910.206315348,-4297540.182324008,3854242.8167963405,-2693926.040508715,-4297473.805180821,3854218.1780209546,72.55147186535667,322.1616357375422,8.226024575531483,20.682212870568037,8,True,2
337.0,0.0,-2693902.4720411794,-4297502.514740931,3854217.694428052,-2693926.040508715,-4297473.805180821,3854218.1780209546,37.147615883024564,293.53464674688934,4.683478607796133,10.050269979983568,8,True,2
338.0,0.0,-2693905.9201959865,-4297533.8219573675,3854229.4510575905,-2693926.040508715,-4297473.805180821,3854218.1780209546,64.2955815461606,318.3529439303142,9.992578208446503,19.640739243477583,8,True,2
339.0,0.0,-2693897.4731681147,-4297497.20849602,3854210.958450795,-2693926.040508715,-4297473.805180821,3854218.1780209546,37.62884936574517,290.6930863724104,5.532262702006847,11.97642895579338,8,True,2
340.0,0.0,-2693894.430257866,-4297479.633857376,3854206.8409678983,-2693926.040508715,-4297473.805180821,3854218.1780209546,34.08387010175661,282.5094528964186,1.1693769938179426,2.279533587396145,7,True,2
341.0,0.0,-2693900.3179302756,-4297499.256709189,3854207.7598230215,-2693926.040508715,-4297473.805180821,3854218.1780209546,37.655944896363685,287.17528748425457,8.932486672420055,12.03356897085905,8,True,2
342.0,0.0,-2693904.7118327785,-4297507.966525218,3854221.929123034,-2693926.040508715,-4297473.805180821,3854218.1780209546,40.44725744813999,302.38481651821354,9.786989867687225,20.39864131435752,8,True,2
343.0,0.0,-2693900.665988685,-4297518.506102075,3854232.7556080315,-2693926.040508715,-4297473.805180821,3854218.1780209546,53.42793906477151,313.1391981531875,13.2581185256131,22.029760897159576,8,True,2
344.0,0.0,-2693901.298069711,-4297517.752955597,3854243.846612196,-2693926.040508715,-4297473.805180821,3854218.1780209546,56.59038586167468,322.3134154658199,10.690849269274622,21.403698965907097,8,True,2
345.0,0.0,-2693902.774594388,-4297520.915837145,3854239.651752201,-2693926.04800922,-4297473.800479034,3854218.1780209546,56.76821242169475,317.37811201408385,12.248483446892351,26.118913553655148,8,True,2
346.0,0.0,-2693902.2735517696,-4297534.109480426,3854249.429193389,-2693926.040508715,-4297473.805180821,3854218.1780209546,71.95910346743929,326.967935656996,16.132013856898993,26.08920743316412,8,True,2
347.0,0.0,-2693897.770529079,-4297508.482488755,3854240.6168032694,-2693926.040508715,-4297473.805180821,3854218.1780209546,50.05203678157458,306.544183335872,12.996318276505917,22.9046799428761,8,True,2
348.0,0.0,-2693901.8910785257,-4297524.899690811,3854224.169067183,-2693926.040508715,-4297473.805180821,3854218.1780209546,56.83077128186746,315.2227527821742,9.621170081663877,16.10478676855564,8,True,2
349.0,0.0,-2693898.8110586847,-4297510.732085228,3854227.517599272,-2693926.040508715,-4297473.805180821,3854218.1780209546,46.821650346889705,310.3357769919097,8.549212906509638,14.395632054656744,8,True,2
350.0,0.0,-2693907.4260593937,-4297523.635178317,3854243.8682842725,-2693926.040508715,-4297473.805180821,3854218.1780209546,59.07212543490347,323.9862512019974,11.567079548258334,24.306909449398518,8,True,2
351.0,0.0,-2693900.315494463,-4297509.012892451,3854232.8568339054,-2693926.040508715,-4297473.805180821,3854218.1780209546,46.008986797955444,307.6362250177114,8.335537555627525,13.91011231765151,8,True,2
352.0,0.0,-2693897.624821549,-4297515.317143369,3854240.813465551,-2693926.040508715,-4297473.805180821,3854218.1780209546,55.16391632018161,314.1042877328959,10.891685815993696,18.325227975845337,8,True,2
353.0,0.0,-2693889.405698078,-4297504.230758256,3854233.200508269,-2693926.040508715,-4297473.805180821,3854218.1780209546,49.93496007603046,304.86511321051154,7.431409120559692,15.900661651045084,8,True,2
354.0,0.0,-2693882.6709560147,-4297500.0814105645,3854239.8708079653,-2693926.040508715,-4297473.805180821,3854218.1780209546,55.1537429307189,301.2638163899376,9.545157168060541,22.645516101270914,8,True,2
355.0,0.0,-2693889.56853836,-4297506.381536896,3854239.8199961395,-2693926.040508715,-4297473.805180821,3854218.1780209546,53.477085622358665,304.61804439652366,10.791069404687732,21.787621580064297,8,True,2
356.0,0.0,-2693891.482577451,-4297504.551539185,3854227.7231420116,-2693926.040508715,-4297473.805180821,3854218.1780209546,47.230271033867204,302.09095240077403,5.420458383392543,11.12199829146266,8,True,2
357.0,0.0,-2693900.3030112474,-4297506.989376183,3854235.8953153766,-2693926.040508715,-4297473.805180821,3854218.1780209546,45.579733647231365,306.12303175989547,6.01720246206969,10.075373120605946,8,True,2
358.0,0.0,-2693902.258973791,-4297507.208191945,3854223.805561124,-2693926.040508715,-4297473.805180821,3854218.1780209546,41.38830467529924,305.9149701529761,5.589873020071536,8.768308222293854,8,True,2
359.0,0.0,-2693903.764921326,-4297507.884611574,3854226.7378378315,-2693926.040508715,-4297473.805180821,3854218.1780209546,41.603844280961695,308.7859494600088,7.444277777802199,19.342270374298096,8,True,2
360.0,0.0,-2693903.6617766605,-4297514.669488467,3854232.5912795844,-2693926.040508715,-4297473.805180821,3854218.1780209546,48.769266061086455,316.7805524567436,8.122130025178194,17.097823813557625,8,True,2
361.0,0.0,-2693900.5287733073,-4297491.588602086,3854216.53384902,-2693926.040508715,-4297473.805180821,3854218.1780209546,31.14164441301599,299.3727470295141,6.556605930905789,15.646756041795015,8,True,2
362.0,0.0,-2693911.2925995374,-4297530.179204273,3854235.9609282846,-2693926.040508715,-4297473.805180821,3854218.1780209546,60.92424097539158,326.5118725783942,10.607325692661107,25.134336780756712,8,True,2
363.0,0.0,-2693905.620454379,-4297513.228919733,3854236.16714523,-2693926.040508715,-4297473.805180821,3854218.1780209546,47.904262870175806,322.2422100859889,5.5906389397569,13.212660361081362,8,True,2
364.0,0.0,-2693898.731999105,-4297503.679726945,3854231.438808656,-2693926.040508715,-4297473.805180821,3854218.1780209546,42.59215530745638,315.2559379297981,4.441653658635914,9.519081976264715,8,True,2
365.0,0.0,-2693903.2424768666,-4297520.022950452,3854246.9992988007,-2693926.040508715,-4297473.805180821,3854218.1780209546,59.04657943119561,332.3853605996151,7.6646415567956865,17.037596184760332,8,True,2
366.0,0.0,-2693902.2217710097,-4297513.878062228,3854238.625225691,-2693926.040508715,-4297473.805180821,3854218.1780209546,50.90438361945113,324.51459741940033,3.9091864242218435,8.788399118930101,8,True,2
367.0,0.0,-2693907.039818264,-4297514.678438617,3854233.8204602795,-2693926.040508715,-4297473.805180821,3854218.1780209546,47.71095627341965,326.06351161107864,6.6841893517412245,12.403794471174479,8,True,2
368.0,0.0,-2693911.149737779,-4297524.449032579,3854237.5708830985,-2693926.040508715,-4297473.805180821,3854218.1780209546,56.23715748580904,335.0887383938335,7.257710866630077,14.488279409706593,8,True,2
369.0,0.0,-2693912.5277333804,-4297535.88368955,3854250.50294497,-2693926.040508715,-4297473.805180821,3854218.1780209546,71.28279635281059,350.9889631285265,9.490621901117265,21.415080707520247,8,True,2
370.0,0.0,-2693912.229187992,-4297530.735393878,3854243.00870731,-2693926.040508715,-4297473.805180821,3854218.1780209546,63.626761066107804,343.5231738163906,8.10041347751394,19.93808400258422,8,True,2
371.0,0.0,-2693905.8449106943,-4297520.636788601,3854227.3804502487,-2693926.040508715,-4297473.805180821,3854218.1780209546,51.82418712942221,329.0828402304894,7.557602988090366,17.439860433340073,8,True,2
372.0,0.0,-2693907.1537776235,-4297517.780895085,3854233.656298998,-2693926.040508715,-4297473.805180821,3854218.1780209546,50.300587944577316,332.2830155524518,7.983027547597885,17.27578752487898,8,True,2
373.0,0.0,-2693908.5085736876,-4297519.505835195,3854232.229800817,-2693926.040508715,-4297473.805180821,3854218.1780209546,50.92515167732224,335.2609013311823,8.324234632775187,16.015304531902075,8,True,2
374.0,0.0,-2693902.047404119,-4297509.147869301,3854219.412263221,-2693926.040508715,-4297473.805180821,3854218.1780209546,42.73520856573174,324.02231286456134,6.0783434910699725,10.477525401860476,8,True,2
375.0,0.0,-2693910.6722842418,-4297518.262273064,3854220.366821793,-2693926.040508715,-4297473.805180821,3854218.1780209546,47.08934299067187,331.2782481266222,8.131608989089727,16.689133439213037,8,True,2
376.0,0.0,-2693907.494686785,-4297506.808071328,3854210.9207078265,-2693926.040508715,-4297473.805180821,3854218.1780209546,38.546165655669135,319.43605376634997,6.1523734936490655,13.627062574028969,8,True,2
377.0,0.0,-2693903.4835512456,-4297497.225142514,3854205.287655894,-2693926.040508715,-4297473.805180821,3854218.1780209546,34.97817101275992,310.39845434500717,4.561495295260102,8.650243353098631,8,True,2
378.0,0.0,-2693906.605987944,-4297510.238313792,3854215.8298052656,-2693926.040508715,-4297473.805180821,3854218.1780209546,41.35925401456491,323.26800666352875,9.220480291172862,17.915921922773123,8,True,2
379.0,0.0,-2693895.7794084386,-4297469.952051229,3854193.9462284483,-2693926.040508715,-4297473.805180821,3854218.1780209546,38.958446653531546,290.03477454835877,1.302118644118309,2.7047859393060207,7,True,2
380.0,0.0,-2693905.920871535,-4297513.3472126555,3854230.1167925685,-2693926.040508715,-4297473.805180821,3854218.1780209546,45.94460087469323,334.1932440994285,9.476342021953315,18.476598739624023,8,True,2
381.0,0.0,-2693894.471416343,-4297471.650981617,3854209.0919774873,-2693926.040508715,-4297473.805180821,3854218.1780209546,32.921183959379654,298.5947185610014,2.7706678275551115,6.556990347802639,7,True,2
382.0,0.0,-2693888.420351508,-4297472.48809752,3854205.4781016507,-2693926.040508715,-4297473.805180821,3854218.1780209546,39.72780999524761,294.3788567865085,4.685974506927388,10.248816721141338,7,True,2
383.0,0.0,-2693890.056527399,-4297465.46648948,3854207.6210904154,-2693926.040508715,-4297473.805180821,3854218.1780209546,38.416525962592665,297.72434602135144,4.450371070099728,8.970089182257652,7,True,2
384.0,0.0,-2693889.641063995,-4297468.242392717,3854207.66097896,-2693926.040508715,-4297473.805180821,3854218.1780209546,38.29454738880731,301.02540450576737,4.041453709027597,8.164197035133839,7,True,2
385.0,0.0,-2693888.052702534,-4297469.985906138,3854212.3668646947,-2693926.040508715,-4297473.805180821,3854218.1780209546,38.619034356378954,304.2038311727887,5.248244980616229,10.31813845038414,7,True,2
386.0,0.0,-2693884.546875582,-4297462.2937911255,3854213.2894212846,-2693926.040508715,-4297473.805180821,3854218.1780209546,43.3374213586086,298.66263544823164,6.604488509574106,15.108358398079872,7,True,2
387.0,0.0,-2693883.822473504,-4297458.840863336,3854205.3727566437,-2693926.040508715,-4297473.805180821,3854218.1780209546,46.586136230878544,291.49948735750195,3.9297150059470107,9.040410574525595,7,True,2
388.0,0.0,-2693886.7629992175,-4297465.287540442,3854203.4468581155,-2693926.040508715,-4297473.805180821,3854218.1780209546,42.80514114602588,296.27171948409267,4.222664213606289,9.935457337647676,7,True,2
389.0,0.0,-2693884.168213662,-4297471.2459178055,3854210.0233410755,-2693926.040508715,-4297473.805180821,3854218.1780209546,42.73567273479106,304.4188942167775,5.883851412683725,12.678408682346344,7,True,2
390.0,0.0,-2693879.5984887537,-4297463.920986193,3854205.9497123547,-2693926.040508715,-4297473.805180821,3854218.1780209546,49.03152101183057,298.82605043283246,6.964178240192788,15.75204161554575,7,True,2
391.0,0.0,-2693886.1206329716,-4297469.664185711,3854212.8325211606,-2693926.040508715,-4297473.805180821,3854218.1780209546,40.48850068732268,305.3422904390336,8.139921089900392,15.658121816813946,7,True,2
392.0,0.0,-2693886.3759851027,-4297467.493693259,3854211.6298855,-2693926.040508715,-4297473.805180821,3854218.1780209546,40.69382491933709,305.5100294745594,4.197418420442513,7.657432489097118,7,True,2
393.0,0.0,-2693882.028120334,-4297460.253140035,3854210.739857446,-2693926.040508715,-4297473.805180821,3854218.1780209546,46.648412800976054,297.1196510337745,8.622903639716762,19.421596013009548,7,True,2
394.0,0.0,-2693883.889462267,-4297460.012149529,3854206.387015449,-2693926.040508715,-4297473.805180821,3854218.1780209546,45.89102569908108,299.96085377199586,5.034229814474072,9.917246200144291,7,True,2
395.0,0.0,-2693884.96691877,-4297462.63549599,3854214.623113258,-2693926.040508715,-4297473.805180821,3854218.1780209546,42.713452434881695,305.21527022029784,8.158617870083877,18.710709914565086,7,True,2
396.0,0.0,-2693876.8458464434,-4297449.796629991,3854218.1032892666,-2693926.040508715,-4297473.805180821,3854218.1780209546,54.74057812771326,296.1131428564654,10.633936305663415,25.093602765351534,7,True,2
397.0,0.0,-2693877.127266689,-4297451.11040661,3854216.4042386767,-2693926.040508715,-4297473.805180821,3854218.1780209546,53.95094369428777,294.6450911397203,10.256426358861583,25.247770883142948,7,True,2
398.0,0.0,-2693886.6744106766,-4297451.113981188,3854200.9436374158,-2693926.040508715,-4297473.805180821,3854218.1780209546,48.59633928072232,293.7943099479672,5.26514932140708,11.696109745651484,7,True,2
399.0,0.0,-2693891.4807119253,-4297457.327087174,3854203.5073529277,-2693926.040508715,-4297473.805180821,3854218.1780209546,41.001653926638646,304.0552773292925,4.199767471956355,9.249267265200615,7,True,2
400.0,0.0,-2693898.579668671,-4297468.155907939,3854209.8873216575,-2693926.040508715,-4297473.805180821,3854218.1780209546,29.23606873111284,316.30013882570137,2.779716396970408,5.928444799035788,7,True,2
401.0,0.0,-2693898.8730665795,-4297472.904721804,3854210.2817458496,-2693926.040508715,-4297473.805180821,3854218.1780209546,28.306039976660028,318.47145598580926,3.215501562825271,6.88793034106493,7,True,2
402.0,0.0,-2693891.0094633168,-4297466.317677725,3854206.4688120675,-2693926.040508715,-4297473.805180821,3854218.1780209546,37.68743049158455,308.7355860486662,2.3918112569621632,3.7781697288155556,7,True,2
403.0,0.0,-2693898.5197312636,-4297478.842473092,3854207.795938484,-2693926.040508715,-4297473.805180821,3854218.1780209546,29.842170520542517,319.6184586676006,2.2926743972514356,4.1254020370543,7,True,2
404.0,0.0,-2693899.2516479464,-4297483.95858847,3854209.8211958753,-2693926.040508715,-4297473.805180821,3854218.1780209546,29.842440811236248,327.21332516151153,0.32236672405685696,0.6615531109273434,7,True,2
405.0,0.0,-2693908.7274046843,-4297517.927998408,3854231.7109480766,-2693926.040508715,-4297473.805180821,3854218.1780209546,49.29205533846853,356.98574148263737,6.29062822367996,11.67841712385416,8,True,2
406.0,0.0,-2693922.4742053244,-4297523.410018833,3854228.88937519,-2693926.040508715,-4297473.805180821,3854218.1780209546,50.87328949156941,364.15971518086866,10.681634775362909,21.916734721511602,8,True,2
407.0,0.0,-2693921.2785281097,-4297528.702440876,3854235.442639857,-2693926.040508715,-4297473.805180821,3854218.1780209546,57.74471998956403,369.0316776389366,9.705825752578676,24.696544032543898,8,True,2
408.0,0.0,-2693924.745838525,-4297526.712973132,3854226.9877280323,-2693926.040508715,-4297473.805180821,3854218.1780209546,53.65185548456863,367.33638533530245,10.789393616374582,19.660053089261055,8,True,2
409.0,0.0,-2693907.3737719795,-4297531.543548122,3854249.209431669,-2693926.040508715,-4297473.805180821,3854218.1780209546,68.15507735982693,374.90423194086026,11.488678152672946,20.996563900262117,8,True,2
410.0,0.0,-2693898.784836161,-4297504.093386915,3854234.5321398824,-2693926.040508715,-4297473.805180821,3854218.1780209546,43.90562971496249,350.62591242590844,6.213018254376948,12.297501064836979,8,True,2
411.0,0.0,-2693914.6037126053,-4297522.345811638,3854235.948674143,-2693926.040508715,-4297473.805180821,3854218.1780209546,52.94137569182159,365.199291771546,5.12608311484967,12.656443491578102,7,True,2
412.0,0.0,-2693909.0111624748,-4297502.537531813,3854233.0216575447,-2693926.040508715,-4297473.805180821,3854218.1780209546,36.54969458308264,353.36873270123857,2.176123530138284,3.774417817592621,8,True,2
413.0,0.0,-2693909.854311097,-4297521.363515222,3854246.642513411,-2693926.040508715,-4297473.805180821,3854218.1780209546,57.740934311901526,368.0886898954133,5.884773585945368,14.98568132519722,8,True,2
414.0,0.0,-2693899.3746175766,-4297491.600735498,3854229.236779909,-2693926.040508715,-4297473.805180821,3854218.1780209546,33.912352706359776,341.40022741926373,3.2117035971023142,5.677759204059839,8,True,2
415.0,0.0,-2693907.1768426932,-4297501.3030450465,3854225.9548619846,-2693926.040508715,-4297473.805180821,3854218.1780209546,34.24105268781957,348.57449187258084,3.7968318914063275,5.462715804576874,8,True,2
416.0,0.0,-2693898.446815406,-4297497.050047818,3854228.678284587,-2693926.040508715,-4297473.805180821,3854218.1780209546,37.576472539166055,344.60866268712266,5.708322612103075,10.832745414227247,8,True,2
417.0,0.0,-2693896.89651445,-4297488.871497927,3854225.5457206815,-2693926.040508715,-4297473.805180821,3854218.1780209546,33.62512917637656,339.15360843774494,4.281605092542512,10.087977804243565,7,True,2
418.0,0.0,-2693889.017046905,-4297470.992817293,3854220.6468039076,-2693926.040508715,-4297473.805180821,3854218.1780209546,37.21210827494482,326.9713164705101,7.8494695249412745,20.04029208049178,7,True,2
419.0,0.0,-2693904.8651025044,-4297507.333432047,3854248.7667534286,-2693926.040508715,-4297473.805180821,3854218.1780209546,50.082052801660765,365.649718493407,9.437821040395647,19.324917905032635,8,True,2
420.0,0.0,-2693897.2458901163,-4297468.6641501,3854213.1835101196,-2693926.040508715,-4297473.805180821,3854218.1780209546,29.6733111666282,326.17404561722833,4.564981731453112,11.289797142148018,7,True,2
421.0,0.0,-2693888.5569316675,-4297461.950474702,3854223.1213748013,-2693926.040508715,-4297473.805180821,3854218.1780209546,39.623091155168744,324.31000542357066,5.102654496673495,13.25751381367445,8,True,2
422.0,0.0,-2693897.90145277,-4297464.912248621,3854207.9568360755,-2693926.040508715,-4297473.805180821,3854218.1780209546,31.230807433021226,320.56372095785264,3.1494667482163226,7.103080786764622,7,True,2
423.0,0.0,-2693889.8184161372,-4297460.481573083,3854214.888376597,-2693926.040508715,-4297473.805180821,3854218.1780209546,38.734742465185676,319.7212933581915,6.802244332219873,16.044088419526815,7,True,2
424.0,0.0,-2693919.096296471,-4297493.070904273,3854207.876174818,-2693926.040508715,-4297473.805180821,3854218.1780209546,22.924184121632,350.0294335502373,11.691810517106205,24.44403202086687,8,True,2
425.0,0.0,-2693897.79140172,-4297473.627294973,3854210.7734639132,-2693926.040508715,-4297473.805180821,3854218.1780209546,29.203957854356624,332.46052042073586,2.63766269917999,5.487930983304977,7,True,2
426.0,0.0,-2693947.925090997,-4297480.895777638,3854162.3237770693,-2693926.040508715,-4297473.805180821,3854218.1780209546,60.406192272655865,336.99697744288727,30.597330067838943,70.34000147506595,7,True,2
427.0,0.0,-2693895.849891912,-4297466.758369828,3854203.5588559755,-2693926.040508715,-4297473.805180821,3854218.1780209546,34.276097689043816,324.63403584390034,3.860071194047729,5.9870678670704365,6,True,2
428.0,0.0,-2693903.330722072,-4297527.9798746975,3854247.561386629,-2693926.040508715,-4297473.805180821,3854218.1780209546,65.68115440802909,377.528510314233,14.593899944331497,25.72912598773837,8,True,2
429.0,0.0,-2693893.176522057,-4297465.415041995,3854200.389523212,-2693926.040508715,-4297473.805180821,3854218.1780209546,38.29969582784466,321.57396458207756,3.304872853947537,6.951296824961901,7,True,2
430.0,0.0,-2693911.611225301,-4297484.005709716,3854197.6351696807,-2693926.040508715,-4297473.805180821,3854218.1780209546,27.097301490218438,338.2981302180801,7.692993288061449,17.66962867975235,7,True,2
431.0,0.0,-2693900.2169003617,-4297481.713954629,3854210.276502658,-2693926.040508715,-4297473.805180821,3854218.1780209546,28.139677377858195,336.4913444741285,5.032938933266061,9.340955272316933,7,True,2
432.0,0.0,-2693901.3382451716,-4297472.605682216,3854201.8442710843,-2693926.040508715,-4297473.805180821,3854218.1780209546,29.63835362997963,325.092940189844,3.0022632905415128,5.947553414851427,7,True,2
433.0,0.0,-2693898.579661525,-4297484.266778906,3854211.4832358696,-2693926.040508715,-4297473.805180821,3854218.1780209546,30.139066180471747,335.8600133587007,3.025213942463909,5.34945959970355,7,True,2
434.0,0.0,-2693911.9898079624,-4297535.155555825,3854248.990072535,-2693926.040508715,-4297473.805180821,3854218.1780209546,70.07619586827407,383.76353029113284,13.970571066718549,26.88264661282301,8,True,2
435.0,0.0,-2693895.5875789355,-4297477.16217453,3854211.885319961,-2693926.040508715,-4297473.805180821,3854218.1780209546,31.276963163245455,328.8501256754502,2.290321273995297,4.232724774628878,7,True,2
436.0,0.0,-2693907.3128800644,-4297472.565143924,3854202.14288073,-2693926.040508715,-4297473.805180821,3854218.1780209546,24.68577502138563,322.0825634957257,2.6868773571082523,5.645406812429428,7,True,2
437.0,0.0,-2693905.1555064092,-4297485.963108072,3854208.8789577056,-2693926.040508715,-4297473.805180821,3854218.1780209546,25.893456580198336,336.195062688964,3.0000350076173032,5.720579329878092,7,True,2
438.0,0.0,-2693898.433410542,-4297488.375788988,3854211.2263340675,-2693926.040508715,-4297473.805180821,3854218.1780209546,31.980938736358986,335.1731573454714,5.116407659436975,12.020911462605,7,True,2
439.0,0.0,-2693910.1912669665,-4297490.212111409,3854195.7042674436,-2693926.040508715,-4297473.805180821,3854218.1780209546,32.022733053230446,333.2827579955361,1.9117982792002814,4.72145064920187,7,True,2
440.0,0.0,-2693905.409842785,-4297489.341891711,3854195.8636997743,-2693926.040508715,-4297473.805180821,3854218.1780209546,34.13125681444927,333.8243136174935,1.5610556017075266,3.408048678189516,7,True,2
441.0,0.0,-2693906.7510237643,-4297485.019158557,3854198.7948147412,-2693926.040508715,-4297473.805180821,3854218.1780209546,29.555815154489476,332.6567760841919,1.9615123899919646,3.4122830405831337,7,True,2
442.0,0.0,-2693903.1061133593,-4297483.649748936,3854196.7617016057,-2693926.040508715,-4297473.805180821,3854218.1780209546,32.88709087414795,329.4757647439188,1.5269513268555914,3.2386486418545246,7,True,2
443.0,0.0,-2693899.2833726075,-4297480.019860812,3854202.65437156,-2693926.040508715,-4297473.805180821,3854218.1780209546,31.552341760884786,331.38978660940074,2.2244990233864104,4.435972690582275,7,True,2
444.0,0.0,-2693904.6295142393,-4297481.915373011,3854205.1867040815,-2693926.040508715,-4297473.805180821,3854218.1780209546,26.324517391472828,334.73918688888256,1.891812595405749,3.8076489455997944,7,True,2
445.0,0.0,-2693902.892208961,-4297478.597176365,3854193.536510475,-2693926.040508715,-4297473.805180821,3854218.1780209546,34.146903835016026,328.44975244430304,2.182016207171338,4.688678290694952,7,True,2
446.0,0.0,-2693901.2380562425,-4297480.189758393,3854210.605537547,-2693926.040508715,-4297473.805180821,3854218.1780209546,26.707058699705676,342.5007382475695,1.587023059704474,3.0895690098404884,7,True,2
447.0,0.0,-2693901.3201025035,-4297473.7934506945,3854203.5172757176,-2693926.040508715,-4297473.805180821,3854218.1780209546,28.740843268068637,333.31064959417347,0.8015870090041842,1.4175047427415848,7,True,2
448.0,0.0,-2693907.563340774,-4297474.731692381,3854201.344839386,-2693926.040508715,-4297473.805180821,3854218.1780209546,25.01240013499891,336.5533355622462,1.8950037892375673,4.470972862094641,7,True,2
449.0,0.0,-2693904.0450581363,-4297476.938470283,3854206.3136973283,-2693926.040508715,-4297473.805180821,3854218.1780209546,25.18689191064033,342.1944143916229,2.6508407944015095,6.2596044056117535,7,True,2
450.0,0.0,-2693902.2777365767,-4297481.310349952,3854202.226223486,-2693926.040508715,-4297473.805180821,3854218.1780209546,29.588118322548436,341.90632617255227,2.3035222345164845,4.769262161105871,7,True,2
451.0,0.0,-2693898.013224164,-4297468.724486359,3854195.5086011137,-2693926.040508715,-4297473.805180821,3854218.1780209546,36.40391093593681,330.69671632334473,4.135975795664957,7.4199525862932205,7,True,2
452.0,0.0,-2693911.796437722,-4297510.295924189,3854223.2896244363,-2693926.040508715,-4297473.805180821,3854218.1780209546,39.50438456863333,365.5418572283457,8.679290912114084,17.477917719632387,8,True,2
453.0,0.0,-2693904.011030294,-4297480.534642646,3854202.1719024894,-2693926.040508715,-4297473.805180821,3854218.1780209546,28.04958830861274,340.8290625897921,2.1366054703082358,3.848418451845646,7,True,2
454.0,0.0,-2693907.0665743384,-4297527.33005116,3854240.8087819023,-2693926.040508715,-4297473.805180821,3854218.1780209546,61.13160615991265,384.0474567482157,12.224532144144177,23.464543145149946,8,True,2
455.0,0.0,-2693900.7625922323,-4297482.610807258,3854198.675790233,-2693926.040508715,-4297473.805180821,3854218.1780209546,33.11871256206426,337.27981284575594,3.6612304656633308,7.608702555298805,7,True,2
456.0,0.0,-2693898.9613920827,-4297492.664347976,3854219.3260626527,-2693926.040508715,-4297473.805180821,3854218.1780209546,33.01915721415993,352.07741475912354,7.088031449820846,13.757812473922968,8,True,2
457.0,0.0,-2693893.2691403143,-4297484.705610057,3854211.982480859,-2693926.040508715,-4297473.805180821,3854218.1780209546,35.08798457411413,346.08834401177256,2.2578654108302936,4.349207565188408,7,True,2
458.0,0.0,-2693905.8350999737,-4297533.011750905,3854240.1725969547,-2693926.040508715,-4297473.805180821,3854218.1780209546,66.3131801149915,387.3219905347035,10.930461498443037,22.785578161478043,8,True,2
459.0,0.0,-2693911.4428382576,-4297550.221519264,3854262.175771976,-2693926.040508715,-4297473.805180821,3854218.1780209546,89.37757469781202,407.68137859960405,15.289119072724134,36.96022170037031,8,True,2
460.0,0.0,-2693906.199137982,-4297533.151335367,3854240.2719582664,-2693926.040508715,-4297473.805180821,3854218.1780209546,66.36104367731234,386.7679109034981,11.334306377917528,21.551687639206648,8,True,2
461.0,0.0,-2693893.978627854,-4297481.672617161,3854206.509677728,-2693926.040508715,-4297473.805180821,3854218.1780209546,35.014439772130906,340.78408620659036,0.4037122093141079,0.9827879853546619,7,True,2
462.0,0.0,-2693894.6877126377,-4297472.759667791,3854200.5453614495,-2693926.040508715,-4297473.805180821,3854218.1780209546,35.986130669748455,329.96942720907435,2.6646266654133797,5.0621271170675755,7,True,2
463.0,0.0,-2693894.2139158295,-4297462.909491368,3854193.6341000604,-2693926.040508715,-4297473.805180821,3854218.1780209546,41.64195139770862,322.41103076682083,1.1040972247719765,1.645360454916954,7,True,2
464.0,0.0,-2693895.202942337,-4297455.4279259285,3854198.0342234503,-2693926.040508715,-4297473.805180821,3854218.1780209546,41.16371673433092,321.3447905945548,3.260224084236792,5.299466785043478,7,True,2
465.0,0.0,-2693895.069324465,-4297457.54708114,3854194.800261361,-2693926.040508715,-4297473.805180821,3854218.1780209546,42.072077470555996,320.75234851410335,1.9977643207779952,5.045303143560886,7,True,2
466.0,0.0,-2693894.738161896,-4297467.613976543,3854200.134379088,-2693926.040508715,-4297473.805180821,3854218.1780209546,36.657072149905325,330.3080725959669,1.672545081802777,3.3728180304169655,7,True,2
467.0,0.0,-2693887.5791159896,-4297470.023266742,3854203.9293223354,-2693926.040508715,-4297473.805180821,3854218.1780209546,41.189889740232964,330.8714375407487,2.443743928202561,4.166822865605354,7,True,2
468.0,0.0,-2693890.640736165,-4297475.8709357325,3854206.874567875,-2693926.040508715,-4297473.805180821,3854218.1780209546,37.2179968760399,339.183659323819,2.638535935431719,6.643932141363621,7,True,2
469.0,0.0,-2693885.1097579123,-4297468.210119114,3854210.8895407016,-2693926.040508715,-4297473.805180821,3854218.1780209546,41.94941026000896,335.1696985823535,3.6046320476702283,6.46456815302372,7,True,2
470.0,0.0,-2693888.53251636,-4297469.581829007,3854214.3103012694,-2693926.040508715,-4297473.805180821,3854218.1780209546,37.94265998346739,339.64455364943774,3.445843927562237,7.523920178413391,7,True,2
471.0,0.0,-2693898.6558119636,-4297504.643538942,3854237.6101607736,-2693926.040508715,-4297473.805180821,3854218.1780209546,45.59094214544133,368.94533603444637,7.602113515138626,11.015930403023958,8,True,2
472.0,0.0,-2693886.1946312897,-4297465.080982993,3854215.3552231616,-2693926.040508715,-4297473.805180821,3854218.1780209546,40.88733010236626,334.34319658142545,5.489804905972311,11.983405012637377,7,True,2
473.0,0.0,-2693889.7008957164,-4297474.027485293,3854214.4094762458,-2693926.040508715,-4297473.805180821,3854218.1780209546,36.53517238750025,343.78385417678965,2.687829016042607,5.955116841942072,7,True,2
474.0,0.0,-2693882.5643457314,-4297469.274094196,3854207.1496136454,-2693926.040508715,-4297473.805180821,3854218.1780209546,45.08140704937352,339.0938253088934,4.2267889359167645,9.241432275623083,7,True,2
475.0,0.0,-2693877.8375360095,-4297465.6124841515,3854213.933655176,-2693926.040508715,-4297473.805180821,3854218.1780209546,49.07811627621034,333.6698525722511,7.967220726289919,18.123884681612253,7,True,2
476.0,0.0,-2693890.817705619,-4297476.370461074,3854209.830338717,-2693926.040508715,-4297473.805180821,3854218.1780209546,36.28925900930106,342.5323278578885,4.744384886430843,8.668450757861137,7,True,2
477.0,0.0,-2693882.2246461664,-4297475.425422107,3854213.283952963,-2693926.040508715,-4297473.805180821,3854218.1780209546,44.11810166137726,342.4861936010046,7.390754779534681,13.140070360153913,7,True,2
478.0,0.0,-2693895.3773578154,-4297533.350134037,3854265.2570874845,-2693926.040508715,-4297473.805180821,3854218.1780209546,81.8673853375381,399.28883068479007,18.045032915193588,25.442648459225893,8,True,2
479.0,0.0,-2693901.1470983885,-4297517.5338196475,3854238.2846015533,-2693926.040508715,-4297473.805180821,3854218.1780209546,54.186255773078805,377.28174271698646,12.84320780588314,21.35097062215209,8,True,2
480.0,0.0,-2693887.0559139233,-4297496.479526681,3854223.6037714975,-2693926.040508715,-4297473.805180821,3854218.1780209546,45.42425960006853,356.95031779494803,11.560628510080278,23.461091078817844,8,True,2
481.0,0.0,-2693893.5446447204,-4297482.763024206,3854219.1453754413,-2693926.040508715,-4297473.805180821,3854218.1780209546,33.72180169532755,353.05290575829997,5.761157814413309,10.173989858478308,8,True,2
482.0,0.0,-2693893.4570661667,-4297479.974245465,3854209.8557548076,-2693926.040508715,-4297473.805180821,3854218.1780209546,34.1906156819397,345.5316569822013,5.081015264149755,14.68632223457098,8,True,2
483.0,0.0,-2693890.3569155675,-4297471.656579813,3854204.1482898206,-2693926.040508715,-4297473.805180821,3854218.1780209546,38.40271685561697,345.56779398308794,3.9420343511737883,8.006171010434628,8,True,2
484.0,0.0,-2693898.0253855656,-4297503.454878821,3854220.8854452875,-2693926.040508715,-4297473.805180821,3854218.1780209546,40.88131435152321,373.9481193969271,6.715108069591224,11.668415747582912,8,True,2
485.0,0.0,-2693892.212979334,-4297487.130509666,3854203.569915217,-2693926.040508715,-4297473.805180821,3854218.1780209546,39.18243083462568,357.4637350046533,5.119779117871076,11.324904769659042,8,True,2
486.0,0.0,-2693901.206630621,-4297516.847237575,3854227.070764647,-2693926.040508715,-4297473.805180821,3854218.1780209546,50.481888249071915,387.468546278375,8.346944769378752,13.276373360306025,8,True,2
487.0,0.0,-2693898.477116382,-4297502.01003,3854214.25952608,-2693926.040508715,-4297473.805180821,3854218.1780209546,39.630906073119114,369.32744177338935,4.830396412406117,8.1469896286726,8,True,2
488.0,0.0,-2693894.070428129,-4297498.114098544,3854214.711263189,-2693926.040508715,-4297473.805180821,3854218.1780209546,40.311635330040886,370.0709826466832,5.8084543365985155,9.615889977663755,8,True,2
489.0,0.0,-2693899.1814213796,-4297507.29700764,3854224.969677427,-2693926.040508715,-4297473.805180821,3854218.1780209546,43.46538431694133,387.770718745962,7.846955827437341,12.136582020670176,8,True,2
490.0,0.0,-2693897.242404611,-4297502.208334489,3854217.6106436304,-2693926.040508715,-4297473.805180821,3854218.1780209546,40.45234054188666,382.34698952888925,5.322432964108884,8.336522713303566,8,True,2
491.0,0.0,-2693893.964366153,-4297495.49630007,3854212.143072237,-2693926.040508715,-4297473.805180821,3854218.1780209546,39.18933760556941,374.64279263884424,4.944121514912695,11.850635968148708,8,True,2
492.0,0.0,-2693904.4659242677,-4297521.535236872,3854235.8495648867,-2693926.040508715,-4297473.805180821,3854218.1780209546,55.2802352533354,402.20795583209247,10.278075458481908,27.969570215791464,8,True,2
493.0,0.0,-2693901.202997869,-4297526.127631561,3854238.868405504,-2693926.040508715,-4297473.805180821,3854218.1780209546,61.50311219202889,410.3653630633772,11.12769972346723,21.031284168362617,8,True,2
494.0,0.0,-2693904.5734406947,-4297513.6712562805,3854228.892344288,-2693926.040508715,-4297473.805180821,3854218.1780209546,46.52886960213109,399.7528173091615,7.054525030311197,12.156582545489073,8,True,2
495.0,0.0,-2693894.8914262224,-4297479.167864458,3854208.0958921197,-2693926.040508715,-4297473.805180821,3854218.1780209546,33.176392778058684,369.45657017247584,1.8653777002223901,3.1858706288039684,7,True,2
496.0,0.0,-2693899.322456534,-4297484.828795591,3854209.930147659,-2693926.040508715,-4297473.805180821,3854218.1780209546,30.056643339819992,375.9191559634311,1.227572991911854,2.5584953762590885,7,True,2
497.0,0.0,-2693896.2990619494,-4297483.738183993,3854213.4739437955,-2693926.040508715,-4297473.805180821,3854218.1780209546,31.707200280853705,375.94487593083744,3.923397200980357,6.255558017641306,7,True,2
498.0,0.0,-2693899.044705283,-4297480.503479394,3854218.997644029,-2693926.040508715,-4297473.805180821,3854218.1780209546,27.82646921021535,379.6765752739216,2.7977941233132566,6.055866975337267,7,True,2
499.0,0.0,-2693900.0862851404,-4297494.793504613,3854225.24302389,-2693926.040508715,-4297473.805180821,3854218.1780209546,34.118114301216394,395.10020619175833,4.924474236089736,7.560453180223703,8,True,2
500.0,0.0,-2693894.5855217976,-4297479.844687415,3854210.419306152,-2693926.040508715,-4297473.805180821,3854218.1780209546,32.95587196939495,381.7019557079035,4.470678208129747,8.478221237659454,7,True,2
501.0,0.0,-2693894.653213109,-4297484.606003614,3854216.0990728787,-2693926.040508715,-4297473.805180821,3854218.1780209546,33.25871500197227,389.0891564690807,4.068896972175155,9.356391783803701,7,True,2
502.0,0.0,-2693892.7075960604,-4297474.352805381,3854215.677767659,-2693926.040508715,-4297473.805180821,3854218.1780209546,33.431036855605285,381.7432460876759,2.97195501519101,5.087486010044813,7,True,2
503.0,0.0,-2693898.4879293423,-4297493.764423411,3854221.716968294,-2693926.040508715,-4297473.805180821,3854218.1780209546,34.20584954580778,396.78620404570773,3.5022022303725993,8.147228673100471,7,True,2
504.0,0.0,-2693898.2027977617,-4297497.624114732,3854226.10953103,-2693926.040508715,-4297473.805180821,3854218.1780209546,37.48584554046761,401.6614840887222,3.904805878177285,9.365301933139563,8,True,2
505.0,0.0,-2693896.5561217493,-4297478.192845101,3854209.100214975,-2693926.040508715,-4297473.805180821,3854218.1780209546,31.16066806049436,385.03525112458584,3.834144654018538,7.0777579471468925,7,True,2
506.0,0.0,-2693896.513068943,-4297479.983374204,3854212.1464093514,-2693926.040508715,-4297473.805180821,3854218.1780209546,30.763941742027434,386.30891312587033,2.729432641927685,3.879268318414688,7,True,2
507.0,0.0,-2693897.1202738495,-4297483.742437907,3854212.428733362,-2693926.040508715,-4297473.805180821,3854218.1780209546,31.115645114503494,389.8128259604058,3.382499025868518,7.2453297190368176,7,True,2
508.0,0.0,-2693899.346916573,-4297481.5291121015,3854214.809534488,-2693926.040508715,-4297473.805180821,3854218.1780209546,27.992028810796658,390.284019613567,3.195447108575276,5.34088085219264,7,True,2
509.0,0.0,-2693895.142716991,-4297487.79777872,3854208.7184768603,-2693926.040508715,-4297473.805180821,3854218.1780209546,35.21291387938667,391.33087981803396,2.8367533705064227,4.423060413450003,7,True,2
510.0,0.0,-2693899.7884933706,-4297485.009454879,3854216.80797774,-2693926.040508715,-4297473.805180821,3854218.1780209546,28.57588292989173,394.505128300821,2.330865466501564,3.9832704551517963,8,True,2
511.0,0.0,-2693899.3573585725,-4297496.026712117,3854219.3743241485,-2693926.040508715,-4297473.805180821,3854218.1780209546,34.74504419339605,400.30925922982465,1.975399253424257,3.2457701340317726,8,True,2
512.0,0.0,-2693895.5204237597,-4297486.626919617,3854210.749947685,-2693926.040508715,-4297473.805180821,3854218.1780209546,33.927110751411206,390.6104369441888,3.3570202961564064,6.259376239031553,8,True,2
513.0,0.0,-2693897.8974507544,-4297477.940996268,3854199.40111357,-2693926.040508715,-4297473.805180821,3854218.1780209546,34.08385147993671,377.76516791527155,3.0818502930924296,7.7434492483735085,8,True,2
514.0,0.0,-2693905.9528158167,-4297519.064666205,3854229.589369702,-2693926.040508715,-4297473.805180821,3854218.1780209546,50.81491221558111,416.6610415466206,6.276049990206957,11.05079859495163,8,True,2
515.0,0.0,-2693905.5123822046,-4297502.277429513,3854218.1614949508,-2693926.040508715,-4297473.805180821,3854218.1780209546,35.100900226569244,402.6339111410052,7.252481275703758,19.578752115368843,8,True,2
516.0,0.0,-2693899.770102353,-4297470.954991786,3854196.284916397,-2693926.040508715,-4297473.805180821,3854218.1780209546,34.315679435613596,375.9221721146039,3.451313016670091,6.454922452569008,7,True,2
517.0,0.0,-2693907.446756973,-4297499.309757177,3854214.3358546533,-2693926.040508715,-4297473.805180821,3854218.1780209546,31.795805711419483,400.1539445641144,8.488303033169359,20.22312416881323,8,True,2
518.0,0.0,-2693911.2783382307,-4297517.902352318,3854235.95910301,-2693926.040508715,-4297473.805180821,3854218.1780209546,49.7860330871566,424.2202666882632,10.333050168119371,24.964873265475035,8,True,2
519.0,0.0,-2693906.2777825636,-4297508.25291445,3854227.6072207433,-2693926.040508715,-4297473.805180821,3854218.1780209546,40.81815167053542,413.46788705688124,8.086342899594456,18.591284606605768,8,True,2
520.0,0.0,-2693902.764558632,-4297504.841773903,3854219.419426053,-2693926.040508715,-4297473.805180821,3854218.1780209546,38.81470145507116,411.2522487219792,6.073014413472265,13.25138071551919,8,True,2
521.0,0.0,-2693903.557363618,-4297513.590209872,3854237.791204876,-2693926.040508715,-4297473.805180821,3854218.1780209546,49.72944131624155,422.1827930815812,8.905727426987141,23.35877089947462,8,True,2
522.0,0.0,-2693906.558349494,-4297523.441265896,3854245.6267101024,-2693926.040508715,-4297473.805180821,3854218.1780209546,59.972710506151955,434.5285718388869,10.585248767398298,20.033830367028713,8,True,2
523.0,0.0,-2693902.2448762804,-4297528.396243315,3854251.271618589,-2693926.040508715,-4297473.805180821,3854218.1780209546,68.12930670145151,440.8785585491601,11.670452839229256,23.10272505134344,8,True,2
524.0,0.0,-2693894.4497774024,-4297473.311493657,3854207.3008683366,-2693926.040508715,-4297473.805180821,3854218.1780209546,33.414524999639525,386.5067505553291,1.2788580767810345,2.0583606474101543,7,True,2
525.0,0.0,-2693904.2528387443,-4297521.12179259,3854246.2942708535,-2693926.040508715,-4297473.805180821,3854218.1780209546,59.19533613794457,435.9152129578665,14.225411153398454,30.85935513675213,8,True,2
526.0,0.0,-2693895.48206329,-4297469.387481134,3854199.7564572985,-2693926.040508715,-4297473.805180821,3854218.1780209546,35.95397981908734,384.562207645682,0.8333135997610432,1.3667657971382141,7,True,2
527.0,0.0,-2693904.0170033695,-4297534.13779792,3854250.897598763,-2693926.040508715,-4297473.805180821,3854218.1780209546,72.08072034686859,445.6376991052349,14.043290411122143,22.620116144418716,8,True,2
528.0,0.0,-2693896.3736849185,-4297470.953019903,3854199.5021988126,-2693926.040508715,-4297473.805180821,3854218.1780209546,35.17160202139689,382.82145392287094,3.3417173496314456,7.001301608979702,7,True,2
529.0,0.0,-2693896.010336836,-4297457.0934325475,3854199.911386036,-2693926.040508715,-4297473.805180821,3854218.1780209546,38.9199653736628,374.86552028753215,2.349669849766152,5.130064111202955,7,True,2
530.0,0.0,-2693910.610148865,-4297557.288535887,3854275.702462543,-2693926.040508715,-4297473.805180821,3854218.1780209546,102.55061169168984,472.71011500815035,20.049198284745216,43.1218106597662,8,True,2
531.0,0.0,-2693907.9483680762,-4297520.518446396,3854231.9551279834,-2693926.040508715,-4297473.805180821,3854218.1780209546,51.95443591934987,431.3501405950277,7.564293701667339,12.859059993177652,8,True,2
532.0,0.0,-2693901.8962000757,-4297528.8089067945,3854244.705626614,-2693926.040508715,-4297473.805180821,3854218.1780209546,65.66636408918698,440.039441972138,13.590120147913694,20.20205544680357,8,True,2
533.0,0.0,-2693899.4721558834,-4297506.281023936,3854222.290056595,-2693926.040508715,-4297473.805180821,3854218.1780209546,42.16001180461883,417.7742770945971,6.9803974707610905,13.435070518404245,8,True,2
534.0,0.0,-2693898.3363175634,-4297502.912661341,3854215.0722679505,-2693926.040508715,-4297473.805180821,3854218.1780209546,40.30401135529738,412.63554104504493,5.656057977583259,12.710872810333967,8,True,2
535.0,0.0,-2693904.339745637,-4297531.971370776,3854231.441085411,-2693926.040508715,-4297473.805180821,3854218.1780209546,63.48336515086711,438.05316671637866,10.261120405513793,18.61488113552332,8,True,2
536.0,0.0,-2693896.487855068,-4297480.891062841,3854205.697292847,-2693926.040508715,-4297473.805180821,3854218.1780209546,32.853274352469,398.7526075694765,3.518215893634728,6.277180928736925,7,True,2
537.0,0.0,-2693894.758870138,-4297477.040809711,3854211.7759931185,-2693926.040508715,-4297473.805180821,3854218.1780209546,32.09355335269151,396.708957436156,2.229006640613079,4.234142757952213,7,True,2
538.0,0.0,-2693895.235888444,-4297486.624015807,3854214.5986146224,-2693926.040508715,-4297473.805180821,3854218.1780209546,33.55680721029443,403.9862487922026,4.68630031443068,8.374982308596373,7,True,2
539.0,0.0,-2693899.834872612,-4297480.997233844,3854207.887288904,-2693926.040508715,-4297473.805180821,3854218.1780209546,29.05787597896484,399.2459116617898,2.9923734899078096,4.5909546092152596,7,True,2
540.0,0.0,-2693898.09119938,-4297490.867508513,3854217.890372241,-2693926.040508715,-4297473.805180821,3854218.1780209546,32.747055751165874,409.4870599474608,2.78696383908391,6.2533275075256824,7,True,2
541.0,0.0,-2693899.8368079592,-4297507.710055487,3854234.423894187,-2693926.040508715,-4297473.805180821,3854218.1780209546,45.82687919262252,425.8578200424185,6.6565279653295875,8.94026305899024,8,True,2
542.0,0.0,-2693901.7707162146,-4297510.50783992,3854233.177539819,-2693926.040508715,-4297473.805180821,3854218.1780209546,46.48756370405459,425.6745026470001,5.880918322596699,10.89908355847001,8,True,2
543.0,0.0,-2693897.334452656,-4297520.4728252785,3854247.7559594214,-2693926.040508715,-4297473.805180821,3854218.1780209546,62.26364218104357,438.77919375085025,12.43789801094681,27.061941795051098,8,True,2
544.0,0.0,-2693899.0511122416,-4297503.53007883,3854237.3356114626,-2693926.040508715,-4297473.805180821,3854218.1780209546,44.48606925486704,427.9815642232632,7.121908870525658,11.424047689884901,8,True,2
545.0,0.0,-2693894.000640814,-4297506.791045564,3854242.1180211166,-2693926.040508715,-4297473.805180821,3854218.1780209546,51.84345682666233,430.3939440162441,7.2628719680942595,11.007500369101763,8,True,2
546.0,0.0,-2693898.179303933,-4297506.189355546,3854244.014764107,-2693926.040508715,-4297473.805180821,3854218.1780209546,49.925131960196346,430.33967596115104,5.476047440897673,9.01238127425313,8,True,2
547.0,0.0,-2693894.806001566,-4297501.129831409,3854233.1647621123,-2693926.040508715,-4297473.805180821,3854218.1780209546,44.12293482028617,422.8399580957864,6.0754016446881,9.223338972777128,8,True,2
548.0,0.0,-2693900.276651917,-4297512.653147032,3854248.8734760135,-2693926.040508715,-4297473.805180821,3854218.1780209546,55.81354456675498,434.78328825980134,5.281687100883573,12.404128648340702,8,True,2
549.0,0.0,-2693889.6482483163,-4297490.162591537,3854231.915384391,-2693926.040508715,-4297473.805180821,3854218.1780209546,42.198064605698264,413.1846173563924,1.1949119402893953,2.095593135803938,7,True,2
550.0,0.0,-2693883.3929399764,-4297483.24103998,3854235.336718572,-2693926.040508715,-4297473.805180821,3854218.1780209546,46.928365210272574,408.3311928128247,6.196469385709081,11.80855455249548,7,True,2
551.0,0.0,-2693897.3212634586,-4297489.8303183885,3854223.3970508934,-2693926.040508715,-4297473.805180821,3854218.1780209546,33.29922455056126,405.57827806689596,3.923653340765408,7.47098882496357,7,True,2
552.0,0.0,-2693903.5316918883,-4297501.548559133,3854225.050961211,-2693926.040508715,-4297473.805180821,3854218.1780209546,36.38102778759119,415.59787206604705,4.074075481189149,8.885470550507307,7,True,2
553.0,0.0,-2693897.8707302823,-4297484.765548426,3854219.559438586,-2693926.040508715,-4297473.805180821,3854218.1780209546,30.258459803130524,406.77029386048685,3.0132142124431476,7.100930191576481,7,True,2
554.0,0.0,-2693911.3819839787,-4297582.936398014,3854289.7181158285,-2693926.040508715,-4297473.805180821,3854218.1780209546,131.3106244300314,496.3347937179692,18.619951616507024,33.39334260672331,8,True,2
555.0,0.0,-2693891.281690817,-4297484.507746767,3854215.4046855276,-2693926.040508715,-4297473.805180821,3854218.1780209546,36.47480951158646,403.2618810865125,2.356524247676134,4.232252910733223,7,True,2
556.0,0.0,-2693894.6581193623,-4297487.4922288265,3854213.145061234,-2693926.040508715,-4297473.805180821,3854218.1780209546,34.60520666237697,401.50607747819777,1.6177898847631045,2.9304048977792263,7,True,2
557.0,0.0,-2693912.075501522,-4297518.550359472,3854239.028634096,-2693926.040508715,-4297473.805180821,3854218.1780209546,51.30205168204968,436.67814349510024,9.483955537900329,16.110672425478697,8,True,2
558.0,0.0,-2693910.074171174,-4297493.024266822,3854213.770395123,-2693926.040508715,-4297473.805180821,3854218.1780209546,25.371723762622267,413.66660392757325,7.517991277256182,17.35031444579363,7,True,2
559.0,0.0,-2693904.506073031,-4297478.56380195,3854211.0557746678,-2693926.040508715,-4297473.805180821,3854218.1780209546,23.175478149198774,405.1673318219123,5.536225036850998,12.755702521651983,7,True,2
560.0,0.0,-2693901.986113258,-4297480.513469721,3854206.3956649504,-2693926.040508715,-4297473.805180821,3854218.1780209546,27.612297872067284,404.9417282017236,5.756159025111368,11.67913268506527,7,True,2
561.0,0.0,-2693897.3626957005,-4297476.970899462,3854209.154532782,-2693926.040508715,-4297473.805180821,3854218.1780209546,30.23015171336297,406.28303064841066,3.661061260317053,8.009660370647907,7,True,2
562.0,0.0,-2693898.9036566224,-4297474.649320736,3854199.4206713294,-2693926.040508715,-4297473.805180821,3854218.1780209546,32.9993860344923,400.54025717063263,4.73983859377248,11.360899269580841,7,True,2
563.0,0.0,-2693896.4211715977,-4297476.219109055,3854205.8239087723,-2693926.040508715,-4297473.805180821,3854218.1780209546,32.183167473067925,405.40724855555857,2.689812071621418,4.959408767521381,7,True,2
564.0,0.0,-2693911.149131754,-4297545.528984133,3854260.255668069,-2693926.040508715,-4297473.805180821,3854218.1780209546,84.4783135252642,469.92799089522214,15.43401312129572,29.895506493747234,8,True,2
565.0,0.0,-2693895.5998896724,-4297481.093529238,3854211.47795271,-2693926.040508715,-4297473.805180821,3854218.1780209546,32.010033190223915,413.55267954680477,3.404760559222528,7.600826099514961,7,True,2
566.0,0.0,-2693889.0365067283,-4297474.49201223,3854216.6624635602,-2693926.040508715,-4297473.805180821,3854218.1780209546,37.041393259864364,411.4223322870224,6.223008156887123,10.681767221540213,7,True,2
567.0,0.0,-2693889.2076378027,-4297473.257777503,3854212.206328773,-2693926.040508715,-4297473.805180821,3854218.1780209546,37.31783940081507,409.1217994737413,5.474228664168289,9.662335645407438,7,True,2
568.0,0.0,-2693895.813675363,-4297505.355483523,3854237.604927729,-2693926.040508715,-4297473.805180821,3854218.1780209546,47.817232896598796,442.35421050829063,9.551053969189525,15.51937011256814,8,True,2
569.0,0.0,-2693898.158360661,-4297503.236398076,3854228.5345644015,-2693926.040508715,-4297473.805180821,3854218.1780209546,41.84338324497216,436.50635031674767,9.258183362428099,14.76474680006504,8,True,2
570.0,0.0,-2693899.0013957974,-4297521.412506921,3854240.9382364023,-2693926.040508715,-4297473.805180821,3854218.1780209546,59.29248293878776,453.79639036356707,12.681210809387267,21.743748888373375,8,True,2
571.0,0.0,-2693889.445982296,-4297462.528828541,3854202.5564959603,-2693926.040508715,-4297473.805180821,3854218.1780209546,41.356348094484716,399.98236899064415,3.666964995541743,6.228952992707491,7,True,2
572.0,0.0,-2693893.436946739,-4297525.600818376,3854263.93342281,-2693926.040508715,-4297473.805180821,3854218.1780209546,76.41555549911331,461.1052895230074,16.863989220932126,29.202605448663235,8,True,2
573.0,0.0,-2693897.2509484477,-4297520.790874354,3854247.2520563384,-2693926.040508715,-4297473.805180821,3854218.1780209546,62.30404249044769,455.0769341728771,11.330074814613909,18.52440144494176,8,True,2
574.0,0.0,-2693893.205445644,-4297509.181899571,3854242.957018699,-2693926.040508715,-4297473.805180821,3854218.1780209546,54.2554359085517,441.08825861818127,7.725559446029365,13.563150133937597,8,True,2
575.0,0.0,-2693894.9736034656,-4297514.109881798,3854246.755452778,-2693926.040508715,-4297473.805180821,3854218.1780209546,58.36344003110841,450.74123351368524,10.103443049825728,16.43517231568694,8,True,2
576.0,0.0,-2693888.9467423777,-4297510.5097200535,3854241.3178820736,-2693926.040508715,-4297473.805180821,3854218.1780209546,57.08435752452264,443.0657478355108,11.091875796206295,17.42489143460989,8,True,2
577.0,0.0,-2693892.4049399644,-4297481.601603762,3854216.8044060525,-2693926.040508715,-4297473.805180821,3854218.1780209546,34.55463085835632,418.1843758923733,3.0173987160835947,5.611940763890743,7,True,2
578.0,0.0,-2693897.1858403967,-4297518.924328689,3854245.447284267,-2693926.040508715,-4297473.805180821,3854218.1780209546,60.09943518668917,452.7907398443153,10.149084830190986,18.483708318322897,8,True,2
579.0,0.0,-2693888.903677424,-4297460.361609403,3854199.3418357335,-2693926.040508715,-4297473.805180821,3854218.1780209546,43.75700771854685,398.60995665543084,4.927068728487939,8.894284382462502,8,True,2
580.0,0.0,-2693887.8866120614,-4297494.968628626,3854219.6390742227,-2693926.040508715,-4297473.805180821,3854218.1780209546,43.6548511568452,428.52303845066666,6.54725384619087,12.24426506087184,8,True,2
581.0,0.0,-2693890.005118971,-4297492.600791401,3854223.5782437567,-2693926.040508715,-4297473.805180821,3854218.1780209546,40.999837772763506,427.466897318295,8.42931704968214,16.16789887472987,8,True,2
582.0,0.0,-2693891.073411908,-4297504.2015254665,3854232.7637949986,-2693926.040508715,-4297473.805180821,3854218.1780209546,48.573453978514976,441.9310959549696,10.457387138623744,18.952931497246027,8,True,2
583.0,0.0,-2693893.238341123,-4297520.795574994,3854249.0198042206,-2693926.040508715,-4297473.805180821,3854218.1780209546,65.07914365080578,462.22239286711675,14.013533431570977,23.089000780135393,8,True,2
584.0,0.0,-2693896.684633338,-4297517.374969948,3854246.3974381993,-2693926.040508715,-4297473.805180821,3854218.1780209546,59.63580680591979,458.3964986478061,9.413560491986573,19.250981733202934,8,True,2
585.0,0.0,-2693892.1171918046,-4297473.21291623,3854210.90538949,-2693926.040508715,-4297473.805180821,3854218.1780209546,34.69918408215901,418.24035179675064,1.6224091361675943,2.994691137224436,7,True,2
586.0,0.0,-2693895.1659751246,-4297523.372080905,3854256.1076918314,-2693926.040508715,-4297473.805180821,3854218.1780209546,69.6331411129631,468.2541107122014,10.898752097040415,18.042885098606348,8,True,2
587.0,0.0,-2693894.958195534,-4297520.977015365,3854246.6051450013,-2693926.040508715,-4297473.805180821,3854218.1780209546,63.24075860168078,461.4930741300792,10.372458693105727,17.527411699295044,8,True,2
588.0,0.0,-2693889.021524757,-4297506.553148146,3854243.0706309318,-2693926.040508715,-4297473.805180821,3854218.1780209546,55.339647348658744,449.04363388707657,8.718200435396284,12.40796409919858,8,True,2
589.0,0.0,-2693896.79666506,-4297529.98365095,3854254.8907720814,-2693926.040508715,-4297473.805180821,3854218.1780209546,73.20552570043753,474.10476790184117,11.31402354547754,16.72345530986786,8,True,2
590.0,0.0,-2693886.846830083,-4297481.171453411,3854222.8889624327,-2693926.040508715,-4297473.805180821,3854218.1780209546,40.15718349416662,427.6660048879136,4.045419370489461,9.232867617160082,7,True,2
591.0,0.0,-2693893.3210858162,-4297535.435603594,3854258.9964725575,-2693926.040508715,-4297473.805180821,3854218.1780209546,80.83944357404319,475.02148691568436,16.245521211996675,22.77205516397953,8,True,2
592.0,0.0,-2693901.2549866806,-4297541.188400254,3854251.016535951,-2693926.040508715,-4297473.805180821,3854218.1780209546,78.95054420859218,475.362230636532,15.975581477861851,23.509043648838997,8,True,2
593.0,0.0,-2693900.3081881935,-4297521.117361954,3854234.7240243354,-2693926.040508715,-4297473.805180821,3854218.1780209546,56.341503626840364,455.4277803053168,11.063448998145759,16.529849722981453,8,True,2
594.0,0.0,-2693892.8654829785,-4297480.981312613,3854204.4549609246,-2693926.040508715,-4297473.805180821,3854218.1780209546,36.61149514432616,418.226856643146,3.0626077322023257,4.899593010544777,7,True,2
595.0,0.0,-2693900.6903318116,-4297531.301643591,3854242.61123455,-2693926.040508715,-4297473.805180821,3854218.1780209546,67.42000168180859,466.55919843300404,13.731202229857445,21.422735549509525,8,True,2
596.0,0.0,-2693895.431769726,-4297506.194584216,3854227.8104164614,-2693926.040508715,-4297473.805180821,3854218.1780209546,45.5933262442017,443.2715235495149,8.680042503867298,11.589036468416452,8,True,2
597.0,0.0,-2693901.880923528,-4297541.959615958,3854250.8643002254,-2693926.040508715,-4297473.805180821,3854218.1780209546,79.35430320938407,471.98522300468363,14.906878555193543,22.06041994690895,8,True,2
598.0,0.0,-2693895.5787813407,-4297502.789165689,3854225.2505773297,-2693926.040508715,-4297473.805180821,3854218.1780209546,42.638119882699065,437.4536002438349,6.679657320026308,10.862035915255547,8,True,2
599.0,0.0,-2693899.185378222,-4297506.523238325,3854228.573211017,-2693926.040508715,-4297473.805180821,3854218.1780209546,43.58588414923283,441.8972209219683,7.805931864771992,13.185789685696363,8,True,2
600.0,0.0,-2693897.210260088,-4297503.272940734,3854234.690872588,-2693926.040508715,-4297473.805180821,3854218.1780209546,44.4095302755638,445.9386085797385,7.74738379009068,11.483602903783321,8,True,2
601.0,0.16666666666666669,-2693905.24473906,-4297508.443427504,3854233.237807337,-2693926.040508715,-4297473.805180821,3854218.1780209546,43.116926313684154,449.35454423440524,5.263998670969158,11.132033165544271,8,True,2
602.0,0.33333333333333337,-2693898.115401359,-4297515.765081254,3854247.2036102246,-2693926.040508715,-4297473.805180821,3854218.1780209546,58.16295812362625,455.6170485639255,10.618956866208464,19.41614980995655,8,True,2
603.0,0.5,-2693900.791282444,-4297511.295773185,3854235.2567901392,-2693926.040508715,-4297473.805180821,3854218.1780209546,48.31927462178783,445.672876744083,10.253154084086418,18.60766113922,8,True,2
604.0,0.6666666666666667,-2693896.784565566,-4297502.352686066,3854235.09856436,-2693926.040508715,-4297473.805180821,3854218.1780209546,44.239971229669955,442.5621339930962,6.944460101891309,10.37015212699771,8,True,2
605.0,0.8333333333333334,-2693897.9344137595,-4297519.445799578,3854253.3206558684,-2693926.040508715,-4297473.805180821,3854218.1780209546,64.09386431541635,463.0374809251137,9.305334207136184,14.000226568430662,8,True,2
606.0,1.0,-2693898.7874802975,-4297511.1187326275,3854238.4591673985,-2693926.040508715,-4297473.805180821,3854218.1780209546,50.461407109246615,451.8222767139646,8.280549764633179,12.242984678596258,8,True,2
607.0,1.1666666666666667,-2693897.7523457166,-4297480.299802347,3854212.8718733205,-2693926.040508715,-4297473.805180821,3854218.1780209546,29.505177127237005,419.345148709689,2.3527980423532426,5.107281386852264,8,True,2
608.0,1.3333333333333335,-2693899.5028711963,-4297507.366404058,3854242.912620507,-2693926.040508715,-4297473.805180821,3854218.1780209546,49.420666985759475,447.9245524891804,4.965990513097495,7.6809120662510395,8,True,2
609.0,1.5,-2693900.382553529,-4297497.466301881,3854231.9942365945,-2693926.040508715,-4297473.805180821,3854218.1780209546,37.53754292381593,440.70220542631677,4.642422077711672,9.505115687847137,8,True,2
610.0,1.6666666666666667,-2693903.9520154814,-4297504.448487939,3854229.8645686754,-2693926.040508715,-4297473.805180821,3854218.1780209546,39.5409812995153,445.36099435024084,2.2870682212524116,5.949963983148336,8,True,2
611.0,1.8333333333333333,-2693897.315582342,-4297485.414696205,3854219.428940388,-2693926.040508715,-4297473.805180821,3854218.1780209546,31.007532020971357,429.3370162082601,2.0188573887571692,4.577699691057205,8,True,2
612.0,2.0,-2693897.1068118396,-4297495.023999149,3854229.466757579,-2693926.040508715,-4297473.805180821,3854218.1780209546,37.61426113451983,438.42776279152423,5.0040309854916165,9.289600543677807,7,True,2
613.0,2.166666666666667,-2693896.0627115695,-4297498.587005917,3854233.8407556643,-2693926.040508715,-4297473.805180821,3854218.1780209546,41.93004215819307,441.3477780285722,3.7520748286374976,7.79589232057333,7,True,2
614.0,2.3333333333333335,-2693901.5931488257,-4297494.828589245,3854227.562094168,-2693926.040508715,-4297473.805180821,3854218.1780209546,33.581511839012585,435.7234643213961,2.640091370791197,4.3687211982905865,7,True,2
615.0,2.5,-2693901.228803863,-4297501.382284146,3854226.701175416,-2693926.040508715,-4297473.805180821,3854218.1780209546,38.06259958868054,437.9846341007349,4.490397406475885,8.852795541286469,7,True,2
616.0,2.666666666666667,-2693905.8651801497,-4297502.256441501,3854227.195851675,-2693926.040508715,-4297473.805180821,3854218.1780209546,36.02553799619869,440.4181490128536,1.355208850465715,2.586174614727497,8,True,2
617.0,2.833333333333333,-2693906.265886236,-4297496.63679164,3854221.41190443,-2693926.040508715,-4297473.805180821,3854218.1780209546,30.377230767866234,432.2026285943662,1.7504895008169115,4.382331725209951,8,True,2
618.0,3.0,-2693907.371214792,-4297504.3987701135,3854231.328684804,-2693926.040508715,-4297473.805180821,3854218.1780209546,38.17656612474452,441.5890071312567,3.2582441568374634,7.7398351319134235,8,True,2
619.0,3.166666666666667,-2693903.7873436697,-4297492.29332744,3854219.5157480645,-2693926.040508715,-4297473.805180821,3854218.1780209546,28.96212067091755,426.5823382569794,0.9747148901224136,1.8578769005835056,7,True,2
620.0,3.3333333333333335,-2693907.4681475596,-4297502.761726811,3854219.2801069682,-2693926.040508715,-4297473.805180821,3854218.1780209546,34.418436166352336,434.58899705995464,2.7101858970709145,6.17981219664216,8,True,2
621.0,3.5000000000000004,-2693902.780173855,-4297478.836416849,3854211.50041982,-2693926.040508715,-4297473.805180821,3854218.1780209546,24.717339474246373,414.5163984590378,2.1483769970946014,4.83576624840498,8,True,2
622.0,3.6666666666666665,-2693912.0918633337,-4297513.360462698,3854236.839965506,-2693926.040508715,-4297473.805180821,3854218.1780209546,45.90700607555694,446.5667657102629,6.513254221063107,16.928341701626778,8,True,2
623.0,3.833333333333333,-2693908.023330551,-4297486.438187265,3854219.774523487,-2693926.040508715,-4297473.805180821,3854218.1780209546,22.06264673929927,424.4236556343114,2.702656554324286,6.1811281479895115,7,True,2
624.0,4.0,-2693909.949068582,-4297489.494124632,3854220.8485368155,-2693926.040508715,-4297473.805180821,3854218.1780209546,22.632036108972603,423.3217316638934,3.7986990538026606,6.591376092284918,7,True,2
625.0,4.166666666666666,-2693908.3826119024,-4297484.563397315,3854211.533582043,-2693926.040508715,-4297473.805180821,3854218.1780209546,21.71840487789688,417.7273722849689,2.9275935563657964,5.585570905357599,7,True,2
626.0,4.333333333333334,-2693908.2823982127,-4297491.24617088,3854218.826627558,-2693926.040508715,-4297473.805180821,3854218.1780209546,24.898982175929287,423.869837853081,3.2505927705205977,8.038799598813057,8,True,2
627.0,4.5,-2693905.877980617,-4297481.205619542,3854212.41879605,-2693926.040508715,-4297473.805180821,3854218.1780209546,22.236517354950216,417.84855188729375,2.331564772874117,6.245243042707443,7,True,2
628.0,4.666666666666667,-2693918.1566563877,-4297551.239512229,3854261.1052641966,-2693926.040508715,-4297473.805180821,3854218.1780209546,88.88745142364994,481.1704159094891,13.709246885031462,32.249875377863646,8,True,2
629.0,4.833333333333333,-2693914.0608725958,-4297534.067989931,3854248.698551213,-2693926.040508715,-4297473.805180821,3854218.1780209546,68.60481477798956,466.6131494173597,11.434292983729392,26.518980026245117,8,True,2
630.0,5.0,-2693910.1942909826,-4297480.998664669,3854201.695136659,-2693926.040508715,-4297473.805180821,3854218.1780209546,23.969445154264626,414.8011201775237,2.849431283239807,5.709142468869686,7,True,2
631.0,5.166666666666667,-2693917.201780642,-4297541.45274631,3854250.62787635,-2693926.040508715,-4297473.805180821,3854218.1780209546,75.54673616919989,471.60632416169375,13.22457346925512,29.93104463070631,8,True,2
632.0,5.333333333333334,-2693912.203599322,-4297509.821267248,3854232.484433149,-2693926.040508715,-4297473.805180821,3854218.1780209546,41.149629074567244,441.2515523820753,7.83853275468573,14.931379448622465,8,True,2
633.0,5.5,-2693915.5715671023,-4297527.651315903,3854249.527609223,-2693926.040508715,-4297473.805180821,3854218.1780209546,63.18070659963166,462.8066834771802,11.029355801641941,22.681904453784227,8,True,2
634.0,5.666666666666666,-2693917.228608242,-4297516.877684385,3854240.7211515475,-2693926.040508715,-4297473.805180821,3854218.1780209546,49.40731616010757,451.3812176643327,8.66657139128074,20.037179104983807,8,True,2
635.0,5.833333333333333,-2693908.584394437,-4297492.798679581,3854224.525570915,-2693926.040508715,-4297473.805180821,3854218.1780209546,26.56614972761611,431.52392291589905,2.405970194510051,4.749659098684788,7,True,2
636.0,6.0,-2693908.59308473,-4297498.441058607,3854226.2848297507,-2693926.040508715,-4297473.805180821,3854218.1780209546,31.257949818513588,434.39880880656943,2.571605375834874,4.488807208836079,7,True,2
637.0,6.166666666666667,-2693908.4502471383,-4297497.965852569,3854218.4163824604,-2693926.040508715,-4297473.805180821,3854218.1780209546,29.886655514951062,429.031147533244,4.433626441018922,8.914091173559427,7,True,2
638.0,6.333333333333334,-2693906.416170922,-4297497.994934721,3854217.7867614906,-2693926.040508715,-4297473.805180821,3854218.1780209546,31.15143514403017,427.43386237106995,4.0393715133624415,7.160710707306862,7,True,2
639.0,6.5,-2693914.6944425283,-4297563.239023109,3854262.2985931383,-2693926.040508715,-4297473.805180821,3854218.1780209546,100.36817351226152,485.96259247770723,16.78603309066966,29.42058703675866,8,True,2
640.0,6.666666666666667,-2693902.835388106,-4297481.292468005,3854210.2001046743,-2693926.04800922,-4297473.800479034,3854218.1780209546,25.66325828703928,415.431826734485,1.8310591988265514,4.299196183681488,7,True,2
641.0,6.833333333333333,-2693911.70676944,-4297545.244224851,3854254.92843801,-2693926.04800922,-4297473.800479034,3854218.1780209546,81.61172175957905,473.1105353677173,15.647780502215028,24.190268713980913,8,True,2
642.0,7.000000000000001,-2693905.1393688414,-4297510.282876928,3854229.092234794,-2693926.040508715,-4297473.805180821,3854218.1780209546,43.435009209997474,444.2370858073545,5.627632348798215,10.206451918929815,8,True,2
643.0,7.166666666666667,-2693905.5193902785,-4297518.216799594,3854241.05349597,-2693926.040508715,-4297473.805180821,3854218.1780209546,54.007365619698376,451.5963359113409,7.312506867572665,12.361598800867796,8,True,2
644.0,7.333333333333333,-2693906.0594053254,-4297522.887997077,3854248.4964373987,-2693926.040508715,-4297473.805180821,3854218.1780209546,61.053859173542556,458.7571319758227,7.715027804952115,17.857117537409067,8,True,2
645.0,7.5,-2693908.5557349506,-4297524.372550572,3854245.4335643365,-2693926.0330082085,-4297473.809882608,3854218.1780209546,60.04084540723273,457.6885888059114,10.545328538864851,22.608407337218523,8,True,2
646.0,7.666666666666666,-2693903.1067773527,-4297511.771615185,3854233.6481274827,-2693926.0330082085,-4297473.809882608,3854218.1780209546,46.96838721374867,444.67090558320757,7.216514395084232,11.824245873838663,8,True,2
647.0,7.833333333333334,-2693906.352022008,-4297530.391120457,3854248.1189586124,-2693926.0330082085,-4297473.809882608,3854218.1780209546,66.97191532397207,460.92760621301306,11.58570383861661,23.095841135829687,8,True,2
648.0,8.0,-2693905.0960115204,-4297520.339333292,3854245.386919143,-2693926.0330082085,-4297473.809882608,3854218.1780209546,57.824490935025985,452.9718455384675,11.12728855619207,22.87923216074705,8,True,2
649.0,8.166666666666666,-2693905.061359123,-4297520.194476816,3854245.5216965596,-2693926.0365899308,-4297473.815596335,3854218.1692060633,57.785115717551726,453.80484866733065,11.126160726416856,26.06352049857378,8,True,2
650.0,8.333333333333332,-2693902.9793831287,-4297510.967180422,3854243.020666849,-2693926.0365899308,-4297473.815596335,3854218.1692060633,50.293837483938766,449.3030112241395,10.60334047768265,27.465284064412117,8,True,2
651.0,8.5,-2693904.4508461514,-4297511.923137888,3854232.9761638786,-2693926.0365899308,-4297473.815596335,3854218.1692060633,46.231753779364354,442.18123186862425,12.07546362793073,27.348780889064074,8,True,2
652.0,8.666666666666668,-2693896.7457238697,-4297512.857094677,3854237.255844554,-2693926.0365899308,-4297473.815596335,3854218.1692060633,52.406995681047206,444.3135112935174,10.03937409305945,18.166801117360592,8,True,2
653.0,8.833333333333334,-2693904.2543573747,-4297521.090921526,3854244.319612571,-2693926.0365899308,-4297473.815596335,3854218.1692060633,58.251744931642186,454.8979507017305,9.80185024999082,15.481789164245129,8,True,2
654.0,9.0,-2693902.3147856817,-4297509.208303795,3854226.4884751095,-2693926.0365899308,-4297473.815596335,3854218.1692060633,43.41172624630656,440.2508679655165,9.079900649376214,17.838726118206978,8,True,2
655.0,9.166666666666666,-2693905.638836841,-4297517.447590878,3854231.07040948,-2693926.0365899308,-4297473.815596335,3854218.1692060633,49.86241398648821,448.51848146322413,11.902130754198879,22.465559266507626,8,True,2
656.0,9.333333333333334,-2693904.160453313,-4297500.803071115,3854223.504968367,-2693926.0365899308,-4297473.815596335,3854218.1692060633,35.14768139877883,436.6166296143893,9.18569104000926,20.400381710380316,8,True,2
657.0,9.5,-2693895.3622065424,-4297449.757959623,3854192.1289957715,-2693926.0365899308,-4297473.815596335,3854218.1692060633,46.880488824766765,389.936217784368,3.632070972983326,7.321607533842325,7,True,2
658.0,9.666666666666666,-2693902.796438088,-4297520.830725864,3854247.1905126655,-2693926.0365899308,-4297473.815596335,3854218.1692060633,59.93966382282628,458.97647608801094,12.548590227030218,27.896635077893734,8,True,2
659.0,9.833333333333332,-2693892.7184170256,-4297461.317787803,3854199.761356722,-2693926.0365899308,-4297473.815596335,3854218.1692060633,40.06425815115086,404.9091307459038,3.5419538217995847,8.865505129098892,7,True,2
660.0,10.0,-2693897.1689444934,-4297470.333983547,3854206.720851209,-2693926.0365899308,-4297473.815596335,3854218.1692060633,31.2494385480569,414.81733841151646,5.502132399805954,12.875904582440853,7,True,2
661.0,10.166666666666666,-2693901.353893526,-4297504.113712094,3854233.6064868313,-2693926.0365899308,-4297473.815596335,3854218.1692060633,42.01810274015344,446.7462385697992,10.732301608659327,15.880453545600176,8,True,2
662.0,10.333333333333334,-2693897.0298215486,-4297471.88955879,3854209.384080954,-2693926.0365899308,-4297473.815596335,3854218.1692060633,30.36907400276741,415.19045035588533,6.648490107485226,15.354164961725473,7,True,2
663.0,10.5,-2693895.4843430603,-4297467.232225975,3854211.328717984,-2693926.0365899308,-4297473.815596335,3854218.1692060633,31.993324792705522,417.33170280776056,3.765315663601671,8.391977783292532,7,True,2
664.0,10.666666666666668,-2693900.4759239927,-4297465.186664114,3854203.478865205,-2693926.0365899308,-4297473.815596335,3854218.1692060633,30.718271907879974,412.9934333451251,6.3962432486670355,14.426753375679255,7,True,2
665.0,10.833333333333334,-2693902.0836689016,-4297505.480020743,3854228.6626981953,-2693926.0365899308,-4297473.815596335,3854218.1692060633,41.06691583330718,451.8416814587525,8.919805657118559,22.189265981316566,8,True,2
666.0,11.0,-2693909.6577564212,-4297541.077706339,3854258.379453475,-2693926.0365899308,-4297473.815596335,3854218.1692060633,80.05823896559683,487.3396284490934,16.05197016056627,36.94132421910763,8,True,2
667.0,11.166666666666666,-2693904.5376864853,-4297526.36495511,3854242.7051619296,-2693926.0365899308,-4297473.815596335,3854218.1692060633,61.851847889005874,470.93868942084174,11.317457167897373,28.10012684389949,8,True,2
668.0,11.333333333333332,-2693905.712793667,-4297509.796473379,3854228.8414017903,-2693926.0365899308,-4297473.815596335,3854218.1692060633,42.67992466149933,458.8488074225471,6.280566995963454,12.856181114912033,8,True,2
669.0,11.5,-2693896.267292101,-4297463.358843256,3854195.647477005,-2693926.0365899308,-4297473.815596335,3854218.1692060633,38.76574593633477,417.9368412935839,3.578159690834582,5.4336243234574795,8,True,2
670.0,11.666666666666666,-2693894.4154960844,-4297468.530608111,3854200.2630370795,-2693926.0365899308,-4297473.815596335,3854218.1692060633,36.72132301866945,422.9234559477193,5.4457702548243105,9.213330194354057,8,True,2
671.0,11.833333333333334,-2693898.457450644,-4297467.0565915955,3854189.338451531,-2693926.0365899308,-4297473.815596335,3854218.1692060633,40.466102799354935,418.1930883945303,4.586040170863271,6.88710381090641,8,True,2
672.0,12.0,-2693908.0383619955,-4297521.781075252,3854229.3331753286,-2693926.0365899308,-4297473.815596335,3854218.1692060633,52.433363294377045,470.3168074701627,5.823576402384788,13.043733417987823,8,True,2
673.0,12.166666666666668,-2693903.0857037115,-4297486.177649068,3854202.9300195016,-2693926.0365899308,-4297473.815596335,3854218.1692060633,30.19596551009362,442.2882304093673,3.602867558132857,7.870092649012804,8,True,2
674.0,12.333333333333334,-2693895.2911958266,-4297491.039728174,3854201.647143244,-2693926.0365899308,-4297473.815596335,3854218.1692060633,38.92208288426164,442.72281076502503,3.8639201330287114,5.45894668251276,7,True,2
675.0,12.5,-2693900.6103948816,-4297480.2454811055,3854195.8347331267,-2693926.0365899308,-4297473.815596335,3854218.1692060633,34.44798244021257,435.05152396458857,3.437630546744913,5.983489818871021,8,True,2
676.0,12.666666666666668,-2693901.8013231643,-4297499.982420634,3854213.3878332,-2693926.0365899308,-4297473.815596335,3854218.1692060633,35.984890934838745,455.62949450856826,3.6251091309823096,7.087593097239733,8,True,2
677.0,12.833333333333332,-2693899.8007596815,-4297506.484348608,3854217.7159793223,-2693926.0365899308,-4297473.815596335,3854218.1692060633,41.90192809951794,459.75607596479426,6.444049036130309,11.299450393766165,8,True,2
678.0,13.0,-2693891.10648817,-4297508.430204046,3854224.0728493696,-2693926.0365899308,-4297473.815596335,3854218.1692060633,49.52914374696561,462.5984620536943,7.580412873998284,12.317762989550829,8,True,2
679.0,13.166666666666666,-2693890.514764186,-4297504.5912878355,3854224.337448664,-2693926.0365899308,-4297473.815596335,3854218.1692060633,47.40243146063196,460.8841852558276,9.064672193489969,14.476618561893702,8,True,2
680.0,13.333333333333334,-2693892.1908248556,-4297498.175766857,3854214.6412227442,-2693926.0365899308,-4297473.815596335,3854218.1692060633,41.84973581420575,455.1338469073897,6.357638480141759,8.844723865389824,8,True,2
681.0,13.5,-2693891.9930471727,-4297486.206519724,3854208.861975618,-2693926.0365899308,-4297473.815596335,3854218.1692060633,37.40484359702887,448.03547970488876,3.8477488281205297,8.026380509138107,8,True,2
682.0,13.666666666666666,-2693894.1508244113,-4297480.216708507,3854206.864873211,-2693926.0365899308,-4297473.815596335,3854218.1692060633,34.430571024121804,439.46872711409304,3.878980416338891,7.177636474370956,8,True,2
683.0,13.833333333333334,-2693890.7596610584,-4297496.586112319,3854223.0868528155,-2693926.0365899308,-4297473.815596335,3854218.1692060633,42.274594716182115,457.81504748079857,5.916168273426592,10.95889875292778,8,True,2
684.0,14.000000000000002,-2693885.382200611,-4297490.649071054,3854208.5767006394,-2693926.0365899308,-4297473.815596335,3854218.1692060633,45.03511299416704,449.24699183634715,5.251819541212171,10.815625444054604,8,True,2
685.0,14.166666666666666,-2693886.2006613067,-4297486.860608832,3854210.5453934395,-2693926.0365899308,-4297473.815596335,3854218.1692060633,42.60511799440639,447.7919060442863,6.461239043157548,15.852145534008741,8,True,2
686.0,14.333333333333334,-2693886.871171216,-4297490.242655642,3854218.908451963,-2693926.0365899308,-4297473.815596335,3854218.1692060633,42.47734437439376,452.7896565623645,8.230470115784556,14.814605288207531,8,True,2
687.0,14.499999999999998,-2693892.8157942607,-4297484.937794394,3854206.889766443,-2693926.0365899308,-4297473.815596335,3854218.1692060633,36.804215964564406,444.0702394077277,5.9885900523513556,13.408953852951527,8,True,2
688.0,14.666666666666666,-2693890.062431583,-4297493.926191646,3854216.714405503,-2693926.0365899308,-4297473.815596335,3854218.1692060633,41.239453891282345,456.8981545554148,6.812112443614751,9.830990053713322,8,True,2
689.0,14.833333333333334,-2693893.028815635,-4297491.328760272,3854219.4625006407,-2693926.0365899308,-4297473.815596335,3854218.1692060633,37.38845658644325,456.484295717128,5.569643102586269,8.694236606359482,8,True,2
690.0,15.0,-2693896.8639923367,-4297499.775154411,3854220.219954999,-2693926.0365899308,-4297473.815596335,3854218.1692060633,39.10427952408687,462.71452049169613,6.688905685208738,13.199873700737953,8,True,2
691.0,15.166666666666668,-2693893.006279497,-4297511.185981537,3854233.613596972,-2693926.0365899308,-4297473.815596335,3854218.1692060633,52.21184068856598,476.10708690994085,11.81866403715685,22.919917184859514,8,True,2
692.0,15.333333333333332,-2693892.5237467093,-4297494.414216815,3854229.246015723,-2693926.0365899308,-4297473.815596335,3854218.1692060633,40.86697369141663,464.23238574781504,5.070090068969876,10.477436371147633,8,True,2
693.0,15.5,-2693884.9310435876,-4297473.632290297,3854209.855248363,-2693926.0365899308,-4297473.815596335,3854218.1692060633,41.93830509104389,440.99790438339335,0.6980278848537377,1.4293999932706356,7,True,2
694.0,15.666666666666668,-2693885.8038601945,-4297485.600374147,3854222.4766163626,-2693926.0365899308,-4297473.815596335,3854218.1692060633,42.143888211821476,454.44101060534365,3.8695358335971832,6.509100459516048,8,True,2
695.0,15.833333333333332,-2693883.266754352,-4297500.239181262,3854238.325887404,-2693926.0365899308,-4297473.815596335,3854218.1692060633,54.16416230810092,470.6130305792111,6.900807553436607,14.763952992856503,8,True,2
696.0,16.0,-2693885.535738662,-4297481.604955256,3854219.0322542647,-2693926.0365899308,-4297473.815596335,3854218.1692060633,41.25212622529329,455.51368168583497,3.2165867340351855,7.8100597113370895,7,True,2
697.0,16.166666666666664,-2693887.3755332157,-4297482.67677153,3854210.380300658,-2693926.0365899308,-4297473.815596335,3854218.1692060633,40.42109325070646,452.352431691556,2.998625125735998,6.541377983987331,7,True,2
698.0,16.333333333333332,-2693889.178964474,-4297481.853410965,3854213.224017782,-2693926.0365899308,-4297473.815596335,3854218.1692060633,38.04662804366661,456.50174793732754,3.0138788824634895,6.365990076214075,7,True,2
699.0,16.5,-2693900.2619254403,-4297488.370099315,3854213.880512311,-2693926.0365899308,-4297473.815596335,3854218.1692060633,29.909192244430184,462.96608746481456,5.6478823982179165,9.961574647575617,7,True,2
700.0,16.666666666666664,-2693904.927606751,-4297536.377695873,3854249.4662890993,-2693926.0365899308,-4297473.815596335,3854218.1692060633,73.06923344428428,508.07634708726613,10.384116365108639,17.550506085157394,8,True,2
701.0,16.833333333333332,-2693894.7229406363,-4297494.943197007,3854228.2905261368,-2693926.0365899308,-4297473.815596335,3854218.1692060633,39.10704875528132,475.1848786926983,3.5790911508458003,6.725027792155743,7,True,2
702.0,17.0,-2693900.7776993555,-4297488.268049717,3854217.859486817,-2693926.0365899308,-4297473.815596335,3854218.1692060633,29.10293606962428,470.22338626100566,2.29317132756114,4.616837326437235,7,True,2
703.0,17.166666666666668,-2693902.660784479,-4297499.649989742,3854231.9606140116,-2693926.0365899308,-4297473.815596335,3854218.1692060633,37.47061644041901,485.9788759249133,2.0121361953871593,3.896709054708481,7,True,2
704.0,17.333333333333336,-2693899.2623518864,-4297482.436218734,3854218.6601496693,-2693926.0365899308,-4297473.815596335,3854218.1692060633,28.13211650468099,471.32249604367803,0.7134959329850972,1.0607640258967876,8,True,2
705.0,17.5,-2693901.4419887257,-4297507.414301202,3854231.127604998,-2693926.0365899308,-4297473.815596335,3854218.1692060633,43.60834186411812,492.60134261933763,4.036165646277368,8.663413520902395,8,True,2
706.0,17.666666666666668,-2693895.104126702,-4297484.858926762,3854204.499011124,-2693926.0365899308,-4297473.815596335,3854218.1692060633,35.575928069378755,466.71948293574513,3.8571923838130067,7.227133836597204,7,True,2
707.0,17.833333333333336,-2693900.436495763,-4297492.109005057,3854215.6570848785,-2693926.0365899308,-4297473.815596335,3854218.1692060633,31.56460639623096,480.7518540913475,2.6202428809234073,5.849346648901701,7,True,2
708.0,18.0,-2693900.2035375154,-4297484.607188671,3854210.1580637963,-2693926.0365899308,-4297473.815596335,3854218.1692060633,29.120155608609014,474.6848878841382,1.6164782281432832,3.91378066316247,7,True,2
709.0,18.166666666666668,-2693902.957617971,-4297482.247254005,3854202.077562426,-2693926.0365899308,-4297473.815596335,3854218.1692060633,29.371291982498892,473.5432990422386,1.944967548762049,4.451956495642662,7,True,2
710.0,18.333333333333332,-2693905.218059207,-4297487.741823845,3854211.5249375603,-2693926.0365899308,-4297473.815596335,3854218.1692060633,25.91326567805719,482.42360517070176,4.339814604925258,8.509644258767366,7,True,2
711.0,18.5,-2693911.041864645,-4297521.124248522,3854232.8780286857,-2693926.0365899308,-4297473.815596335,3854218.1692060633,51.76195341314082,510.8955047338051,9.64197805756703,18.873348329216242,8,True,2
712.0,18.666666666666668,-2693907.958562551,-4297520.05174253,3854225.508975979,-2693926.0365899308,-4297473.815596335,3854218.1692060633,50.18434528211815,510.77375505510156,7.67430704832077,15.557978242635727,8,True,2
713.0,18.833333333333332,-2693904.646207968,-4297512.110594067,3854222.7800054853,-2693926.044090437,-4297473.810894547,3854218.1692060633,44.11344272181851,504.97527514581753,6.6181679498404264,11.148767098784447,8,True,2
714.0,19.0,-2693907.9076948375,-4297542.4760802025,3854249.0846805326,-2693926.044090437,-4297473.810894547,3854218.1692060633,77.4571050846459,534.4133024583182,11.481553999241441,22.15336525067687,8,True,2
715.0,19.166666666666668,-2693899.624491397,-4297485.916654751,3854211.125025872,-2693926.04767216,-4297473.816608274,3854218.1603911705,29.901370725326167,485.00960283197384,1.3390734754502773,3.253364071249962,7,True,2
716.0,19.333333333333332,-2693907.903226368,-4297534.724711093,3854254.3643994774,-2693926.04767216,-4297473.816608274,3854218.1603911705,73.1419723521055,531.3237130939729,13.962940412107855,34.38888054713607,8,True,2
717.0,19.5,-2693900.1399796135,-4297466.222923093,3854208.4989386126,-2693926.04767216,-4297473.816608274,3854218.1603911705,28.67431347482162,472.79060311426133,4.601370459688561,7.400760140269995,7,True,2
718.0,19.666666666666664,-2693896.1061910363,-4297473.190009953,3854214.351521186,-2693926.04767216,-4297473.816608274,3854218.1603911705,30.189276372478954,480.17711805942133,3.28207364571946,7.739802218973637,7,True,2
719.0,19.833333333333332,-2693897.7797723184,-4297471.021249976,3854212.011290004,-2693926.04767216,-4297473.816608274,3854218.1603911705,29.063716806756442,478.35235668697385,3.149728852723326,5.741852935403585,7,True,2
720.0,20.0,-2693895.508528903,-4297464.959088073,3854206.0558351646,-2693926.04767216,-4297473.816608274,3854218.1603911705,34.023744812670515,471.8454164247204,3.3203489365322247,6.690942507237196,7,True,2
721.0,20.166666666666664,-2693897.640169832,-4297493.04256418,3854214.079740148,-2693926.04767216,-4297473.816608274,3854218.1603911705,34.543816838349045,493.0910844821553,3.7059028642252088,9.178804855793715,8,True,2
722.0,20.333333333333332,-2693893.4838084467,-4297489.600831767,3854220.1377158924,-2693926.04767216,-4297473.816608274,3854218.1603911705,36.2416437851161,491.75113076307747,7.3919765604659915,12.681446082890034,8,True,2
723.0,20.5,-2693891.4194307346,-4297477.129935274,3854211.1651498917,-2693926.04767216,-4297473.816608274,3854218.1603911705,35.48276540193433,480.1537642176988,4.886674710549414,12.966196648776531,8,True,2
724.0,20.666666666666668,-2693892.0410649944,-4297462.192362998,3854206.444819637,-2693926.04767216,-4297473.816608274,3854218.1603911705,37.799828379501506,468.0758378551744,3.62954720216138,6.1447929590940475,7,True,2
725.0,20.833333333333336,-2693894.4062728514,-4297478.457272646,3854212.492565282,-2693926.04767216,-4297473.816608274,3854218.1603911705,32.47827221876123,483.43739952439415,2.4738678836396764,4.2192545011639595,7,True,2
726.0,21.0,-2693898.418740739,-4297497.392873379,3854219.5456310697,-2693926.04767216,-4297473.816608274,3854218.1603911705,36.34717344361136,498.0234330386369,3.931342413915055,7.385723575949669,7,True,2
727.0,21.166666666666668,-2693896.542583519,-4297487.880880938,3854223.8538395073,-2693926.04767216,-4297473.816608274,3854218.1603911705,33.17784464401781,497.14984335779803,2.097004756331444,4.055087611079216,7,True,2
728.0,21.333333333333336,-2693901.423045562,-4297523.919847234,3854243.370047658,-2693926.04767216,-4297473.816608274,3854218.1603911705,61.25547787401022,525.448346423012,7.9734309539198875,14.310040175914764,8,True,2
729.0,21.5,-2693897.5763235553,-4297495.98054826,3854225.6021278533,-2693926.04767216,-4297473.816608274,3854218.1603911705,36.84070265212172,502.99984709086806,2.733685634498085,5.351413976401091,7,True,2
730.0,21.666666666666668,-2693898.2409966737,-4297492.357299146,3854214.462406316,-2693926.04767216,-4297473.816608274,3854218.1603911705,33.62504292325785,497.754655532659,2.5898387730121613,4.85328521952033,7,True,2
731.0,21.833333333333332,-2693894.095515601,-4297481.610663527,3854216.0241746265,-2693926.04767216,-4297473.816608274,3854218.1603911705,32.958322578323234,493.06530367694893,1.7977185472846031,3.719581801444292,7,True,2
732.0,22.0,-2693898.2153398735,-4297491.89779174,3854221.023736824,-2693926.04767216,-4297473.816608274,3854218.1603911705,33.31316052762746,503.67280847894165,2.7698337265423367,5.182186644524336,7,True,2
733.0,22.166666666666668,-2693896.603395694,-4297482.3048341945,3854217.037429419,-2693926.04767216,-4297473.816608274,3854218.1603911705,30.663927324708943,497.2148767782956,2.2464032008179595,3.5651278905570507,7,True,2
734.0,22.333333333333332,-2693898.5162338708,-4297473.917681561,3854209.846682337,-2693926.04767216,-4297473.816608274,3854218.1603911705,28.759486515734213,487.70704910624767,3.4746491850486825,5.517350774258375,7,True,2
735.0,22.5,-2693902.257594961,-4297511.12464741,3854231.0011427943,-2693926.04767216,-4297473.816608274,3854218.1603911705,46.07322931493486,518.5794886241889,6.3043621513061225,15.327203426510096,8,True,2
736.0,22.666666666666664,-2693899.8059121957,-4297484.953049304,3854216.9443450207,-2693926.04767216,-4297473.816608274,3854218.1603911705,28.53294679956114,497.16440210755115,3.271754451096058,7.730145771056414,8,True,2
737.0,22.833333333333332,-2693892.0434441105,-4297462.270967491,3854199.155810446,-2693926.04767216,-4297473.816608274,3854218.1603911705,40.629588169841234,475.1443791043599,3.4439231705452715,8.344961728900671,7,True,2
738.0,23.0,-2693891.83774318,-4297477.470846406,3854202.2429124857,-2693926.04767216,-4297473.816608274,3854218.1603911705,37.90829493433484,485.48820865911296,3.2682126709260046,8.855001915246248,8,True,2
739.0,23.166666666666664,-2693893.181110943,-4297488.893949113,3854212.5101911286,-2693926.04767216,-4297473.816608274,3854218.1603911705,36.598658629651936,498.6387253839152,5.49859886104241,12.70980479568243,8,True,2
740.0,23.333333333333332,-2693904.0753436945,-4297497.035714937,3854224.9963202,-2693926.04767216,-4297473.816608274,3854218.1603911705,32.6900605401623,511.5245457643007,6.506217995192856,17.700132381170988,8,True,2
741.0,23.5,-2693896.6820419948,-4297483.985443743,3854213.817053031,-2693926.04767216,-4297473.816608274,3854218.1603911705,31.37849639450269,501.7445316466293,4.9437530832365155,10.896735947579145,8,True,2
742.0,23.666666666666668,-2693893.2885250975,-4297482.584419722,3854210.7971455394,-2693926.04767216,-4297473.816608274,3854218.1603911705,34.70235755764787,501.3994655356245,2.7578076771460474,4.807944588363171,8,True,2
743.0,23.833333333333336,-2693897.0711062085,-4297505.77179635,3854234.340116316,-2693926.04767216,-4297473.816608274,3854218.1603911705,46.07123750341776,525.1506537772498,7.543709530029446,16.811876010149717,8,True,2
744.0,24.0,-2693890.5382807376,-4297476.053019403,3854217.7938771667,-2693926.04767216,-4297473.816608274,3854218.1603911705,35.58163496014981,501.4374291859587,1.9838479291647673,3.8306938149034977,8,True,2
745.0,24.166666666666668,-2693891.459188453,-4297466.527306834,3854200.4082746007,-2693926.04767216,-4297473.816608274,3854218.1603911705,39.555464392986714,487.8458456554227,1.8171166793576308,3.7756871320307255,7,True,2
746.0,24.333333333333336,-2693896.0766993705,-4297462.838124157,3854198.087426305,-2693926.04767216,-4297473.816608274,3854218.1603911705,37.70557308890579,486.9678726540622,3.514438319951296,7.462540492415428,7,True,2
747.0,24.5,-2693892.1031436184,-4297463.900005019,3854200.3800260066,-2693926.04767216,-4297473.816608274,3854218.1603911705,39.581705665470224,488.8963673775425,3.4405667893588543,7.55329442024231,7,True,2
748.0,24.666666666666668,-2693896.792068484,-4297475.085659496,3854201.4026405565,-2693926.04767216,-4297473.816608274,3854218.1603911705,33.73904330452198,496.53367251926204,2.188227820609297,4.192696310579777,7,True,2
749.0,24.833333333333332,-2693893.0419439296,-4297473.366345144,3854205.5779991355,-2693926.04767216,-4297473.816608274,3854218.1603911705,35.325591604754074,497.92127985348236,4.6760228727944195,9.935155600309372,8,True,2
750.0,25.0,-2693903.6824693778,-4297493.142910626,3854214.3683327925,-2693926.04767216,-4297473.816608274,3854218.1603911705,29.800804767830773,514.8218654535577,6.598571493290365,15.436570525169373,8,True,2
751.0,25.166666666666664,-2693895.886547847,-4297483.072317879,3854208.0738372426,-2693926.04767216,-4297473.816608274,3854218.1603911705,33.12250217349933,504.12506945024643,4.558193365577608,8.703003656119108,8,True,2
752.0,25.333333333333336,-2693897.158212954,-4297490.296485972,3854216.7687516497,-2693926.04767216,-4297473.816608274,3854218.1603911705,33.288494749346235,513.6350484387497,6.351011744700372,15.391965303570032,8,True,2
753.0,25.5,-2693903.2480929624,-4297504.934601421,3854222.1354349935,-2693926.04767216,-4297473.816608274,3854218.1603911705,38.78081074997753,527.8414070093552,9.789563670288771,18.208919189870358,8,True,2
754.0,25.666666666666664,-2693900.887754275,-4297496.376327943,3854222.0513790334,-2693926.04767216,-4297473.816608274,3854218.1603911705,34.01620505079353,522.0179402084211,5.2126316372305155,9.531592540442944,8,True,2
755.0,25.833333333333336,-2693898.5434286036,-4297504.751319463,3854226.4163053962,-2693926.04767216,-4297473.816608274,3854218.1603911705,42.20900247174764,532.4454571778123,7.282794918399304,12.780368003994226,8,True,2
756.0,26.0,-2693900.6418558517,-4297518.883517478,3854228.916469269,-2693926.04767216,-4297473.816608274,3854218.1603911705,52.841035412696066,541.8929521498086,9.081466567702591,14.268488958477974,8,True,2
757.0,26.166666666666664,-2693901.756151312,-4297513.937378369,3854229.122516664,-2693926.04767216,-4297473.816608274,3854218.1603911705,48.16557249170977,541.488779577061,10.513065670151263,15.024220541119576,8,True,2
758.0,26.333333333333332,-2693897.245811232,-4297505.802687324,3854222.8696136903,-2693926.04767216,-4297473.816608274,3854218.1603911705,43.29934436695827,536.3789503159861,10.64663367671892,18.488695442676544,8,True,2
759.0,26.5,-2693899.3709352254,-4297509.688013197,3854224.719532216,-2693926.04767216,-4297473.816608274,3854218.1603911705,45.18216811806727,542.7076409483099,9.75026011094451,17.553813077509403,8,True,2
760.0,26.666666666666668,-2693896.7062683557,-4297497.5808754675,3854212.370472237,-2693926.04767216,-4297473.816608274,3854218.1603911705,38.19923472647996,530.1497277581249,4.811623303685337,6.966924089938402,8,True,2
761.0,26.833333333333332,-2693900.25204289,-4297504.317817343,3854216.3264731136,-2693926.04767216,-4297473.816608274,3854218.1603911705,39.98876716708795,539.011172822386,8.14493928058073,13.910861417651176,8,True,2
762.0,27.0,-2693897.9024515427,-4297501.584832108,3854210.2732676147,-2693926.04767216,-4297473.816608274,3854218.1603911705,40.31667665418224,533.63032429655,6.327384538482875,9.779750850051641,8,True,2
763.0,27.166666666666668,-2693893.986502923,-4297485.85561572,3854206.0169567005,-2693926.04767216,-4297473.816608274,3854218.1603911705,36.3361978451997,524.4905863246541,2.6914182463660836,6.5813427940011024,8,True,2
764.0,27.333333333333332,-2693900.827669503,-4297509.53624238,3854218.488078412,-2693926.04767216,-4297473.816608274,3854218.1603911705,43.72697306657257,545.6510227559157,8.064496899023652,15.11613129451871,8,True,2
765.0,27.500000000000004,-2693895.8367293063,-4297474.885175763,3854196.3827916807,-2693926.04767216,-4297473.816608274,3854218.1603911705,37.257304574063,517.2359598861359,2.723455883562565,5.491336636245251,7,True,2
766.0,27.666666666666668,-2693900.1946450034,-4297503.140309584,3854219.1146805435,-2693926.04767216,-4297473.816608274,3854218.1603911705,39.10459231191897,547.1063034727786,5.785777604673058,8.668445132672787,8,True,2
767.0,27.833333333333332,-2693895.327464602,-4297478.353138942,3854195.918827408,-2693926.04767216,-4297473.816608274,3854218.1603911705,38.19683784701845,523.5084641587468,2.581369792244264,4.8454858139157295,7,True,2
768.0,28.000000000000004,-2693891.8069576467,-4297465.880030062,3854190.2473424,-2693926.04767216,-4297473.816608274,3854218.1603911705,44.88378432991802,515.290343877745,2.69848160552127,5.42345317453146,7,True,2
769.0,28.166666666666668,-2693894.13034793,-4297475.734792726,3854201.6024220823,-2693926.04767216,-4297473.816608274,3854218.1603911705,36.00779579375135,527.7419189242322,2.8785648526889935,7.761690825223923,7,True,2
770.0,28.333333333333332,-2693893.947792025,-4297481.862009349,3854204.7338160514,-2693926.04767216,-4297473.816608274,3854218.1603911705,35.712794662102375,535.294541767223,4.215859040085759,5.897915754467249,7,True,2
771.0,28.499999999999996,-2693893.4197405935,-4297471.471013798,3854197.0099813007,-2693926.04767216,-4297473.816608274,3854218.1603911705,38.95412134053181,525.6782507128771,3.7455738186836243,5.613051187247038,7,True,2
772.0,28.666666666666668,-2693895.978002586,-4297474.87118745,3854198.6263018968,-2693926.04767216,-4297473.816608274,3854218.1603911705,35.873079172072245,526.4305447259007,3.5023919636649743,6.721679121255875,7,True,2
773.0,28.833333333333332,-2693893.5861968505,-4297478.76708842,3854202.9930296117,-2693926.04767216,-4297473.816608274,3854218.1603911705,36.1704781499205,534.3406235943146,4.669782292097807,9.183882117271423,8,True,2
774.0,28.999999999999996,-2693902.150121451,-4297504.997751484,3854230.3388433526,-2693926.04767216,-4297473.816608274,3854218.1603911705,41.129932157564895,561.7774600750307,4.59577943990007,7.744023751467466,8,True,2
775.0,29.166666666666668,-2693899.8407729547,-4297492.952335375,3854224.6763063865,-2693926.04767216,-4297473.816608274,3854218.1603911705,33.097352896240366,553.3101088718657,1.788577497471124,3.6567102298140526,8,True,2
776.0,29.333333333333332,-2693897.120233266,-4297491.247077696,3854218.0414664755,-2693926.04767216,-4297473.816608274,3854218.1603911705,33.77324574716823,550.8013913555097,1.9993656664155424,3.88928447291255,8,True,2
777.0,29.5,-2693901.3681172314,-4297510.853071901,3854230.8718715045,-2693926.04767216,-4297473.816608274,3854218.1603911705,46.28565438362915,570.4410668956244,5.710434676147997,9.204031649976969,8,True,2
778.0,29.666666666666668,-2693896.2806310463,-4297493.0321723195,3854218.970006082,-2693926.04767216,-4297473.816608274,3854218.1603911705,35.43966865733602,555.1932948422931,1.3479311130940914,3.6536692902445793,8,True,2
779.0,29.833333333333336,-2693896.640204072,-4297505.895284776,3854229.5278531574,-2693926.04767216,-4297473.816608274,3854218.1603911705,44.978437694540304,569.8215485156397,6.005783527158201,13.800929632037878,8,True,2
780.0,30.0,-2693894.9681422706,-4297482.275852323,3854207.947585763,-2693926.04767216,-4297473.816608274,3854218.1603911705,33.790492483927366,550.8583525328388,3.7365859830752015,8.630207393318415,8,True,2
781.0,30.166666666666668,-2693898.426891765,-4297509.318460626,3854229.581446264,-2693926.04767216,-4297473.816608274,3854218.1603911705,46.40829160223467,576.358672763333,7.721595652867109,14.087356317788363,8,True,2
782.0,30.333333333333336,-2693898.966025571,-4297501.902527275,3854224.7158570904,-2693926.04767216,-4297473.816608274,3854218.1603911705,39.562716811284915,571.2284333206363,5.508614849764854,9.908915273845196,8,True,2
783.0,30.5,-2693895.5209164387,-4297501.782210809,3854219.0965941525,-2693926.04767216,-4297473.816608274,3854218.1603911705,41.4105568186132,571.2482294134836,4.524419790133834,8.876616559922695,8,True,2
784.0,30.666666666666664,-2693902.535520187,-4297501.553702113,3854215.560466543,-2693926.04767216,-4297473.816608274,3854218.1603911705,36.45445477702645,574.0346685129663,3.865385976154357,5.51043700799346,8,True,2
785.0,30.833333333333336,-2693901.616969913,-4297522.448590563,3854232.669623917,-2693926.04767216,-4297473.816608274,3854218.1603911705,56.3244773475351,595.0241228203405,8.279957932885736,11.96473454684019,8,True,2
786.0,31.0,-2693894.669416052,-4297502.762074127,3854220.2734071296,-2693926.04767216,-4297473.816608274,3854218.1603911705,42.74224825918946,579.8533682504366,4.318129975348711,8.687405113130808,8,True,2
787.0,31.166666666666664,-2693898.261092851,-4297503.165908428,3854216.459671763,-2693926.04767216,-4297473.816608274,3854218.1603911705,40.452043900208494,579.9905952641578,5.270179575309157,9.775537949055433,8,True,2
788.0,31.333333333333336,-2693897.018657389,-4297495.070220623,3854213.4001258453,-2693926.04767216,-4297473.816608274,3854218.1603911705,36.291319380911226,575.5766629912837,3.6659674011170864,7.289341397583485,8,True,2
789.0,31.5,-2693897.832141369,-4297501.918675971,3854220.3237806256,-2693926.04767216,-4297473.816608274,3854218.1603911705,39.88135705543287,582.6275101158053,4.093189761042595,8.089836921542883,8,True,2
790.0,31.666666666666664,-2693900.080260476,-4297492.39359495,3854223.301081277,-2693926.055172665,-4297473.811906489,3854218.1603911705,32.348136021820864,579.7485920911806,4.33916827943176,9.13038980960846,8,True,2
791.0,31.833333333333336,-2693903.1784207993,-4297498.093499557,3854221.3138194666,-2693926.055172665,-4297473.811906489,3854218.1603911705,33.50948593889439,584.4486010381759,3.376249055378139,7.340734578669071,8,True,2
792.0,32.0,-2693897.0727202105,-4297497.777786717,3854232.2597540533,-2693926.055172665,-4297473.811906489,3854218.1603911705,40.163889242592084,589.2435863884128,3.929208400193602,8.013481985777617,8,True,2
793.0,32.166666666666664,-2693899.16329045,-4297490.779841897,3854221.7144144448,-2693926.04767216,-4297473.816608274,3854218.1603911705,31.98675282529263,583.4496450433411,2.9780522659420967,6.339409079402685,8,True,2
794.0,32.33333333333333,-2693893.286997589,-4297482.367570597,3854210.926328962,-2693925.946246785,-4297473.888147032,3854218.151576279,34.506975828804286,570.9527652050349,2.760560106486082,4.864892948418856,8,True,2
795.0,32.5,-2693900.0598817896,-4297510.228007458,3854232.5617521345,-2693925.58230366,-4297474.124248344,3854218.142761387,46.50572797459763,599.3789751366377,8.388596097938716,13.939228668808937,8,True,2
796.0,32.666666666666664,-2693897.81227946,-4297535.056943229,3854250.647489498,-2693925.244780825,-4297474.33582875,3854218.142761387,74.13604537793705,624.886396682648,17.61546076601371,29.18641312047839,8,True,2
797.0,32.83333333333333,-2693907.9566181474,-4297547.695711643,3854244.4421373284,-2693925.2108600065,-4297474.365051411,3854218.133946495,79.79483377490476,621.4639188720564,20.373023457359523,36.84228429198265,8,True,2
798.0,33.0,-2693902.135656357,-4297485.498743107,3854191.4309007437,-2693925.2108600065,-4297474.365051411,3854218.133946495,37.006442231713464,562.4675086567323,11.41324268175023,20.953302908688784,7,True,2
799.0,33.166666666666664,-2693902.130232997,-4297532.921440613,3854236.7602475295,-2693925.2108600065,-4297474.365051411,3854218.133946495,65.63920436601688,614.4552004910377,13.88463754253462,22.16861891001463,8,True,2
800.0,33.33333333333333,-2693893.987274939,-4297518.9963214705,3854220.298754587,-2693925.2072782856,-4297474.359337684,3854218.142761387,54.514192988662856,601.071967861661,11.756449300330132,19.153739605098963,8,True,2
801.0,33.5,-2693899.300084569,-4297512.742106526,3854221.7005071286,-2693925.2072782856,-4297474.359337684,3854218.142761387,46.4443450275828,599.8998485676678,8.908260150812566,15.738603372126818,8,True,2
802.0,33.666666666666664,-2693895.7753749066,-4297514.02309818,3854225.6475664848,-2693925.2072782856,-4297474.359337684,3854218.142761387,49.95771144455523,604.2216516880509,11.665499373339117,20.53969831392169,8,True,2
803.0,33.83333333333333,-2693900.58382146,-4297508.510151091,3854217.138138384,-2693925.2072782856,-4297474.359337684,3854218.142761387,42.11415379409885,599.644963516249,5.370618655811995,10.113680697977543,8,True,2
804.0,34.0,-2693903.5912482925,-4297521.240210032,3854225.1633921545,-2693925.2072782856,-4297474.359337684,3854218.142761387,52.09950288802914,612.5119811008062,8.463214793242514,17.406107500195503,8,True,2
805.0,34.166666666666664,-2693892.5272789225,-4297514.361011389,3854223.325812586,-2693925.2072782856,-4297474.359337684,3854218.142761387,51.913199451635315,608.9584347572127,9.393567794468254,14.086333230137825,8,True,2
806.0,34.333333333333336,-2693896.40157984,-4297508.883373867,3854213.7801153697,-2693925.2072782856,-4297474.359337684,3854218.142761387,45.17421850539485,603.5810902038423,6.565686485730112,10.503277372568846,8,True,2
807.0,34.5,-2693893.9244124605,-4297524.639264816,3854234.136374329,-2693925.1922772704,-4297474.368741256,3854218.142761387,61.32373572878524,622.1064742640582,10.758539934176952,16.12822088226676,8,True,2
808.0,34.66666666666667,-2693898.6584571144,-4297513.352968078,3854236.8011757336,-2693924.9261777736,-4297474.527590046,3854218.151576279,50.45008114760801,620.0765764465125,9.485611639451236,15.32862589135766,8,True,2
809.0,34.833333333333336,-2693899.085465486,-4297524.642148325,3854245.2921456248,-2693923.614599959,-4297475.302014665,3854218.204465632,61.399264124394264,628.3329835301755,11.689415044616908,21.640265464782715,8,True,2
810.0,35.0,-2693889.1713954112,-4297495.948465519,3854217.7182855047,-2693920.632093241,-4297477.044289597,3854218.345503904,36.70881063339625,599.3093491319346,4.096708029042929,7.97217583656311,8,True,2
811.0,35.16666666666667,-2693888.853933363,-4297508.2466890365,3854231.5421465924,-2693916.1654944685,-4297479.669125583,3854218.539431523,41.613328419150726,611.4582960659744,6.505508397240192,12.985616333782673,8,True,2
812.0,35.333333333333336,-2693874.2794978092,-4297480.273055663,3854203.3431260176,-2693910.4698188487,-4297483.016658131,3854218.786248485,39.44308206748267,580.3777921444478,2.1993603128939867,3.7839123271405697,8,True,2
813.0,35.5,-2693880.52116938,-4297508.847605011,3854228.325279773,-2693903.7198090013,-4297487.048972846,3854219.006620765,33.16918223711122,608.7864533422012,4.481133588124067,9.571389835327864,8,True,2
814.0,35.66666666666667,-2693867.308415989,-4297505.319584007,3854219.988617119,-2693896.145281171,-4297491.7493448965,3854219.059510111,31.883842661838347,602.126566628467,3.110694494098425,6.137918747961521,8,True,2
815.0,35.833333333333336,-2693860.0335446387,-4297505.69251322,3854218.9056261196,-2693887.846309043,-4297497.110749035,3854218.883212289,29.106649458773727,600.4044731001719,1.7522940775379539,4.391036294400692,8,True,2
816.0,36.0,-2693858.040389404,-4297519.962403977,3854223.6831228863,-2693878.7824787,-4297503.118717331,3854218.52180174,27.213659881634698,609.9158172496957,3.02756339777261,5.663762792944908,8,True,2
817.0,36.16666666666667,-2693830.651658178,-4297526.033432171,3854210.537077803,-2693868.983450829,-4297509.770567402,3854217.957648648,42.29505845836489,599.1921547624285,7.55432255147025,12.888930194079876,8,True,2
818.0,36.333333333333336,-2693836.105807188,-4297534.61259476,3854224.8005878776,-2693858.749581279,-4297516.862098131,3854217.2083827495,29.75671712989612,615.2032165169747,2.469247992616147,5.087220553308725,8,True,2
819.0,36.5,-2693824.02675368,-4297537.113826383,3854228.335077322,-2693848.326828785,-4297524.135662658,3854216.388597612,30.027400174508724,617.3973088183642,2.065914602484554,4.832855097949505,8,True,2
820.0,36.666666666666664,-2693803.968427679,-4297546.925070241,3854213.3230089606,-2693837.6347096297,-4297531.546202176,3854215.6040719543,37.08276380905767,611.0287756791852,3.8947055810131133,5.363558351993561,8,True,2
821.0,36.833333333333336,-2693804.0159258493,-4297559.326806572,3854226.577101751,-2693826.661465569,-4297539.124960954,3854214.828361103,32.541787633558194,626.1853244154386,4.943553242832422,10.22184680774808,8,True,2
822.0,37.0,-2693797.9789008307,-4297568.956591443,3854237.545146035,-2693815.4403417967,-4297546.874973496,3854214.035020365,36.67731970549875,638.3937529964691,2.0589576568454504,3.6930124163627625,8,True,2
823.0,37.166666666666664,-2693769.954200189,-4297552.33092351,3854206.2646078905,-2693804.0134342546,-4297554.730056138,3854213.268124229,34.85450478193554,607.0226034699242,2.605410202273301,6.132077254354954,7,True,2
824.0,37.333333333333336,-2693762.28898105,-4297565.426024037,3854203.799011504,-2693792.504671735,-4297562.604566989,3854212.536487605,31.579931477042475,613.5729641882036,1.8695534048601985,3.0228748992085457,8,True,2
825.0,37.5,-2693757.4435165436,-4297588.035358744,3854212.4076265413,-2693781.119140915,-4297570.425665448,3854211.778406199,29.513258132153105,631.763732969144,6.162958039902151,13.48261397331953,8,True,2
826.0,37.666666666666664,-2693738.4836685075,-4297581.649699657,3854203.471614238,-2693770.1490314472,-4297578.026122591,3854210.976250197,32.74362658183784,621.444408680079,1.1106420287064143,2.8556669503450394,7,True,2
827.0,37.833333333333336,-2693732.563973505,-4297591.395499725,3854207.7207483198,-2693759.7932826527,-4297585.273287299,3854210.13883449,28.013637792577732,628.1298603248133,1.4268918745219707,2.327010490000248,8,True,2
828.0,38.0,-2693723.3455979163,-4297598.401095085,3854190.665406569,-2693749.879380976,-4297592.2752980525,3854209.266159061,32.97809918721193,624.0071908647168,2.177380546927452,5.677584856748581,8,True,2
829.0,38.166666666666664,-2693709.4827952217,-4297599.425046394,3854196.197741485,-2693740.3251581583,-4297599.067744795,3854208.3758537103,33.16150529322319,623.3057660071585,1.8815283168639456,3.5794247910380363,7,True,2
830.0,38.333333333333336,-2693703.8568392117,-4297632.12481904,3854212.0237964154,-2693731.322729181,-4297605.490419991,3854207.511992957,38.52431303680794,650.6685749855119,5.02929856441915,8.987789422273636,8,True,2
831.0,38.5,-2693694.689868557,-4297618.839550109,3854202.776400353,-2693722.7074181195,-4297611.630629448,3854206.692206632,29.193923330098237,636.8337711732105,2.1801303529313634,4.962191473692656,7,True,2
832.0,38.666666666666664,-2693685.4993996196,-4297621.946954106,3854195.7809253596,-2693713.953498025,-4297617.849733181,3854205.881235112,30.470300170155667,634.4487934555183,1.0050204055649894,1.817652702331543,7,True,2
833.0,38.83333333333333,-2693671.411480764,-4297623.556879074,3854191.5788376983,-2693704.7752632173,-4297624.358642005,3854205.043818766,35.987366096161786,633.2409507409945,1.5189463368483953,3.530467711389065,7,True,2
834.0,39.0,-2693667.1189115806,-4297637.217956082,3854194.1825813046,-2693695.467607996,-4297630.861094828,3854204.3033663314,30.765054250100604,641.9931262654151,0.6283485618020807,1.3256137073040009,7,True,2
835.0,39.166666666666664,-2693652.447730549,-4297632.80000399,3854186.8130594655,-2693686.6420159484,-4297636.965864622,3854203.6686927495,38.349914239536865,633.6098069845742,1.0331895846341337,2.4817871563136578,7,True,2
836.0,39.33333333333333,-2693647.7158076023,-4297648.973117617,3854196.4044885826,-2693678.481752308,-4297642.581964952,3854203.113353317,32.130967182058015,648.9694108655631,1.6718489616177976,3.2038345709443092,8,True,2
837.0,39.5,-2693649.091295627,-4297728.695644213,3854247.108388741,-2693670.8458575536,-4297647.901214175,3854202.522754187,94.80970255383741,715.7303044943915,19.313821249641478,36.86600582301617,8,True,2
838.0,39.666666666666664,-2693638.3669343395,-4297694.101163463,3854218.13391011,-2693663.797583229,-4297652.907847546,3854201.870450609,51.06963181871719,684.7467780234548,8.709996555466205,16.62190805375576,8,True,2
839.0,39.83333333333333,-2693637.1358195185,-4297720.054783347,3854234.0002959105,-2693657.8669229117,-4297657.213972788,3854201.218146968,73.8472437458697,707.2415092873955,13.996393869165331,28.19178942218423,8,True,2
840.0,40.0,-2693622.8427729197,-4297664.603746465,3854191.1252511493,-2693653.51636476,-4297660.474011716,3854200.6275476697,32.376188544343556,656.3392645846487,1.2160444355436735,2.6180955953896046,7,True,2
841.0,40.166666666666664,-2693631.528980858,-4297718.94185294,3854228.3498886107,-2693650.9693853743,-4297662.4444408985,3854200.21324664,66.04208897789488,708.3896376782496,12.388293923810124,26.42738512530923,8,True,2
842.0,40.33333333333333,-2693618.778738273,-4297662.071838371,3854194.288040619,-2693650.145507445,-4297663.080202873,3854200.081022901,31.913157960219383,659.2025867948425,0.5051828968737807,0.9973624832928181,7,True,2
843.0,40.5,-2693625.9409363996,-4297656.934576009,3854184.829494265,-2693650.130505771,-4297663.089605485,3854200.081022901,29.25113296869488,657.2530709092371,1.7846200987696648,2.9413381032645702,7,True,2
844.0,40.666666666666664,-2693618.1888533733,-4297663.942167303,3854196.5067777783,-2693650.130505771,-4297663.089605485,3854200.081022901,32.1523132564473,667.0927552732709,1.186191935624395,2.900306012481451,7,True,2
845.0,40.833333333333336,-2693625.821654357,-4297652.555516885,3854188.679925458,-2693650.130505771,-4297663.089605485,3854200.081022901,28.842196563510765,661.1417703132507,2.182118011904614,3.362821791321039,7,True,2
846.0,41.0,-2693629.241779456,-4297653.7529989155,3854180.5821613227,-2693650.130505771,-4297663.089605485,3854200.081022901,30.06188138070365,662.2004599186287,6.076685489288399,12.027748592197895,7,True,2
847.0,41.16666666666667,-2693623.559529843,-4297658.728910653,3854194.6690096315,-2693650.130505771,-4297663.089605485,3854200.081022901,27.464928705901514,670.4195255886658,2.997846574123417,6.070899873971939,7,True,2
848.0,41.333333333333336,-2693636.3015618334,-4297662.181079349,3854187.9247671296,-2693650.145507445,-4297663.080202873,3854200.081022901,18.445536251149406,674.0421464470373,8.762769774666854,21.330246429890394,7,True,2
849.0,41.5,-2693630.9288213933,-4297649.018155711,3854178.386526136,-2693650.1565896105,-4297663.081215503,3854200.072207986,32.21405777938051,664.2159925588828,8.624184283294849,19.13821602612734,7,True,2
850.0,41.66666666666667,-2693631.6523664696,-4297644.562753634,3854173.9078906225,-2693650.1565896105,-4297663.081215503,3854200.072207986,37.01231156166989,663.1498005840705,9.122919079448495,18.94469517841935,7,True,2
851.0,41.833333333333336,-2693634.168967387,-4297650.975293791,3854178.8475906784,-2693650.1565896105,-4297663.081215503,3854200.072207986,29.200030559897943,669.4283531309359,10.899957844721419,24.091480903327465,7,True,2
852.0,42.0,-2693629.8222562484,-4297634.244605334,3854172.099786554,-2693650.1565896105,-4297663.081215503,3854200.072207986,45.02767549065151,658.9930103499281,10.317325116268226,19.504702888429165,7,True,2
853.0,42.16666666666667,-2693637.6191178863,-4297646.239003569,3854170.149391941,-2693650.1565896105,-4297663.081215503,3854200.072207986,36.55438715295978,667.8112253568883,14.833550583039012,31.434616718441248,7,True,2
854.0,42.333333333333336,-2693624.179478943,-4297652.481622806,3854188.0110413334,-2693650.1565896105,-4297663.081215503,3854200.072207986,30.539046890763903,676.3581320309913,5.609154847583601,11.357405692338943,7,True,2
855.0,42.5,-2693625.6278920295,-4297654.35154727,3854187.298470383,-2693650.1565896105,-4297663.081215503,3854200.072207986,29.000560077695596,679.7110252170718,6.237756261868136,12.527787178754807,7,True,2
856.0,42.66666666666667,-2693619.4878080683,-4297651.108265881,3854183.9905797085,-2693650.1565896105,-4297663.081215503,3854200.072207986,36.640748518163285,675.5602969560158,2.860790790723903,5.82506150752306,7,True,2
857.0,42.833333333333336,-2693620.2027786253,-4297648.959949769,3854182.496575,-2693650.1565896105,-4297663.081215503,3854200.072207986,37.490582994984486,676.3451939578288,4.51732925432069,8.648986123502254,7,True,2
858.0,43.0,-2693625.0463687256,-4297653.303990347,3854187.829631789,-2693650.1565896105,-4297663.081215503,3854200.072207986,29.597263328928673,682.708271996458,5.23867249914578,9.41759780421853,7,True,2
859.0,43.166666666666664,-2693634.3224051236,-4297722.7518524695,3854235.9708247054,-2693650.1565896105,-4297663.081215503,3854200.072207986,71.41440328649848,746.1128084079602,16.69701494416222,43.94658448547125,8,True,2
860.0,43.333333333333336,-2693620.860365523,-4297653.555562192,3854190.7959665847,-2693650.1565896105,-4297663.081215503,3854200.072207986,32.172277993942664,684.1163570597676,3.305320150618042,5.2847203351557255,7,True,2
861.0,43.5,-2693623.226366849,-4297737.218732829,3854256.357880411,-2693650.1565896105,-4297663.081215503,3854200.072207986,96.90038851151284,761.9350567906765,20.348251848015934,39.63421143218875,8,True,2
862.0,43.666666666666664,-2693618.3532018582,-4297717.82809352,3854241.3602748928,-2693650.1565896105,-4297663.081215503,3854200.072207986,75.58690755751175,741.6664872658406,17.007330731954426,30.713293079286814,8,True,2
863.0,43.833333333333336,-2693624.3982376377,-4297658.907619032,3854181.632608318,-2693650.1565896105,-4297663.081215503,3854200.072207986,31.95200212467319,688.5132996519136,4.170699504337141,6.938506573438644,7,True,2
864.0,44.0,-2693635.603664559,-4297729.353082402,3854231.7063152147,-2693650.1565896105,-4297663.081215503,3854200.072207986,74.86297289048237,754.3700418654568,15.630276654381305,38.64705138280988,8,True,2
865.0,44.166666666666664,-2693638.463869327,-4297747.463649993,3854238.1967082517,-2693650.1565896105,-4297663.081215503,3854200.072207986,93.33055490365012,769.3386058112901,16.28376116603613,39.45996308326721,8,True,2
866.0,44.333333333333336,-2693625.443704308,-4297731.137353747,3854236.255681918,-2693650.1565896105,-4297663.081215503,3854200.072207986,80.9420066375744,756.8770293169284,14.755797578021884,31.239902425557375,8,True,2
867.0,44.5,-2693635.422905147,-4297740.432844265,3854229.51220502,-2693650.1565896105,-4297663.081215503,3854200.072207986,84.06586319949565,765.1776659550669,12.455024088267237,27.00351072475314,8,True,2
868.0,44.666666666666664,-2693625.4558478836,-4297735.53146664,3854240.384141177,-2693650.1565896105,-4297663.081215503,3854200.072207986,86.51137202274595,762.6211199358406,16.778237529098988,35.55666159838438,8,True,2
869.0,44.83333333333333,-2693631.105528791,-4297731.29574483,3854223.7827325533,-2693650.1565896105,-4297663.081215503,3854200.072207986,74.68837864708969,755.2059316945081,12.72784599661827,27.364451959729195,8,True,2
870.0,45.0,-2693625.8034573607,-4297741.1728522265,3854242.8496592296,-2693650.1565896105,-4297663.081215503,3854200.072207986,92.3108287878093,766.6264310067122,15.824294871650636,31.75636888295412,8,True,2
871.0,45.166666666666664,-2693622.8965492235,-4297737.294739183,3854235.3313305876,-2693650.1565896105,-4297663.081215503,3854200.072207986,86.56767656347724,759.8074686639341,17.018619185779244,29.100200034677982,8,True,2
872.0,45.33333333333333,-2693614.1433680654,-4297719.32270559,3854242.878695638,-2693650.1565896105,-4297663.081215503,3854200.072207986,79.3249816792942,748.4093669268113,17.449149150401354,27.585980117321014,8,True,2
873.0,45.5,-2693621.7260531713,-4297726.573541149,3854239.709675751,-2693650.1565896105,-4297663.081215503,3854200.072207986,80.06684500454553,753.5820842703426,14.823351732455194,31.53559935837984,8,True,2
874.0,45.666666666666664,-2693631.543028168,-4297729.784913627,3854228.225139983,-2693650.1565896105,-4297663.081215503,3854200.072207986,74.75583985967624,753.7313299755276,15.334548313170671,29.50871441140771,7,True,2
875.0,45.83333333333333,-2693620.816489519,-4297734.5602593925,3854245.200040451,-2693650.1565896105,-4297663.081215503,3854200.072207986,89.47969854526045,759.898279666528,19.000355466268957,28.292066283524036,8,True,2
876.0,46.0,-2693635.3102041166,-4297741.299545801,3854234.9909261586,-2693650.1565896105,-4297663.081215503,3854200.072207986,86.9358340142344,765.5579856715833,18.230799139610358,32.52736126631498,7,True,2
877.0,46.166666666666664,-2693632.415191415,-4297736.93829143,3854236.3800021177,-2693650.1565896105,-4297663.081215503,3854200.072207986,84.1895527313501,763.0013332189061,17.103612482015574,27.646887850016356,7,True,2
878.0,46.33333333333333,-2693628.627905175,-4297719.884112387,3854226.7863448197,-2693650.1565896105,-4297663.081215503,3854200.072207986,66.36036810279964,748.1496952900001,12.995512514242105,22.639450926333666,7,True,2
879.0,46.5,-2693611.400529123,-4297708.752060171,3854236.3409493724,-2693650.1565896105,-4297663.081215503,3854200.072207986,70.02342378813852,740.4350832316612,15.813615059945732,30.00347885861993,8,True,2
880.0,46.666666666666664,-2693603.0921735284,-4297718.31910851,3854252.8019293714,-2693650.1565896105,-4297663.081215503,3854200.072207986,89.70344253413128,750.0629903135485,21.66380116250366,45.75465198606253,8,True,2
881.0,46.833333333333336,-2693616.159874906,-4297714.386001464,3854239.879604958,-2693650.1565896105,-4297663.081215503,3854200.072207986,73.2979298953066,745.2379324792506,16.973200300242752,25.17746689915657,8,True,2
882.0,47.0,-2693618.1818979736,-4297717.668429477,3854243.433993005,-2693650.1565896105,-4297663.081215503,3854200.072207986,76.69673548999799,748.1383809418999,16.43465633923188,23.30632769688964,8,True,2
883.0,47.16666666666667,-2693617.130080642,-4297720.943699685,3854246.8746728445,-2693650.1565896105,-4297663.081215503,3854200.072207986,81.42044022981504,752.9874285779167,18.90983945922926,29.73426580056548,8,True,2
884.0,47.333333333333336,-2693602.0745153087,-4297710.872564469,3854252.2927238145,-2693650.1565896105,-4297663.081215503,3854200.072207986,85.57383466123682,746.0179094273067,26.050411253701895,53.17160436883569,8,True,2
885.0,47.5,-2693614.125309237,-4297709.074792759,3854235.385349561,-2693650.1565896105,-4297663.081215503,3854200.072207986,68.26917519686818,744.0129268699934,16.457428205758333,27.904965821653605,8,True,2
886.0,47.66666666666667,-2693605.6499719024,-4297714.799317822,3854248.778323874,-2693650.1565896105,-4297663.081215503,3854200.072207986,83.83249281874829,750.3987984433738,23.721303661819547,42.0552594512701,8,True,2
887.0,47.833333333333336,-2693614.408148348,-4297654.544540847,3854190.4696776033,-2693650.1565896105,-4297663.081215503,3854200.072207986,37.987293357626264,694.6762959370877,5.4720935470291545,11.782059397548437,7,True,2
888.0,48.0,-2693621.059885549,-4297696.5544184325,3854220.05633522,-2693650.1565896105,-4297663.081215503,3854200.072207986,48.64605680775499,734.3292847048308,12.621904376894236,23.419151581823826,8,True,2
889.0,48.16666666666667,-2693612.5943989786,-4297685.820853212,3854215.0510882987,-2693650.1565896105,-4297663.081215503,3854200.072207986,46.39370801774345,726.6444055286673,9.393596111796796,18.67059225589037,8,True,2
890.0,48.333333333333336,-2693594.6093875566,-4297642.724772768,3854196.367359441,-2693650.1565896105,-4297663.081215503,3854200.072207986,59.27564693507167,687.6567090592789,14.863268841058016,37.011348593980074,7,True,2
891.0,48.5,-2693611.005460193,-4297692.65724933,3854219.965762742,-2693650.1565896105,-4297663.081215503,3854200.072207986,52.946257964389545,734.2109194887873,13.223707567434758,24.02317925542593,8,True,2
892.0,48.66666666666667,-2693622.8724158243,-4297667.046325121,3854190.6186556453,-2693650.164090448,-4297663.076514196,3854200.072207986,29.1541515810038,713.0229660777389,1.7596523995910371,3.6276362873613834,7,True,2
893.0,48.833333333333336,-2693623.103440336,-4297695.686043418,3854208.715155471,-2693650.164090448,-4297663.076514196,3854200.072207986,43.24766724143593,735.4673727969201,6.527488859370351,12.623597335070372,8,True,2
894.0,49.0,-2693621.4672220577,-4297701.432930506,3854209.697647243,-2693650.164090448,-4297663.076514196,3854200.072207986,48.86076143961648,740.0925280949017,6.415997210424393,12.259694568812847,8,True,2
895.0,49.166666666666664,-2693623.644561197,-4297693.590496713,3854207.736967572,-2693650.164090448,-4297663.076514196,3854200.072207986,41.14774720795817,736.54907978445,5.831163461320102,14.222937665879726,8,True,2
896.0,49.333333333333336,-2693621.701298891,-4297706.314061611,3854221.6109928046,-2693650.119085426,-4297663.104722034,3854200.072207986,56.02264604309544,748.0475306894587,8.212216053158045,15.572094433009624,8,True,2
897.0,49.5,-2693625.3061619964,-4297692.219808494,3854208.3746450637,-2693649.878044092,-4297663.303551368,3854200.01931849,38.855357391433024,734.337400427231,6.90961632411927,12.343976311385632,8,True,2
898.0,49.666666666666664,-2693623.63635276,-4297691.417178055,3854206.5410818118,-2693649.0863979063,-4297663.990738561,3854199.8077604994,38.0164700776806,734.1065570330929,5.731022281572223,11.892572455108166,8,True,2
899.0,49.833333333333336,-2693620.7625971204,-4297696.640520646,3854207.4174891054,-2693647.65926991,-4297665.330901861,3854199.314125165,42.06409089426467,735.7945237241919,7.285004002507776,13.396434620022774,8,True,2
900.0,50.0,-2693614.894306545,-4297679.1957277,3854191.921814491,-2693646.5025098114,-4297666.485688686,3854198.8381196302,34.7628951935588,719.4584075631327,2.8078395826742053,6.769016083329916,8,True,2
901.0,50.16666666666667,-2693614.7121247863,-4297681.068342802,3854208.144940295,-2693646.177267953,-4297666.816877983,3854198.697080946,35.810913563648015,726.0541369119447,3.637750569730997,6.23737870529294,8,True,2
902.0,50.33333333333333,-2693617.234358502,-4297684.472780049,3854202.184016657,-2693645.86959446,-4297667.192766116,3854198.494337834,33.64802148263746,725.9314898627791,2.8979178820736706,4.498034041374922,8,True,2
903.0,50.5,-2693614.1261605774,-4297676.860751094,3854191.286010681,-2693645.0668466785,-4297668.76235577,3854197.313138704,32.5459111938264,717.5108220541958,2.0822248863987625,4.772062011063099,8,True,2
904.0,50.66666666666667,-2693615.1303093936,-4297677.7687417315,3854185.570647851,-2693644.759593169,-4297671.589226685,3854194.395399665,31.527085305099405,717.0872481388648,1.8212253977544606,3.050191964954138,8,True,2
905.0,50.83333333333333,-2693618.334814272,-4297687.744244761,3854188.0020114495,-2693646.005252884,-4297674.843488453,3854189.9262319617,30.59060821344453,724.1302445285489,3.179740414954722,4.37402917444706,8,True,2
906.0,51.0,-2693630.9569750144,-4297696.721713534,3854197.080741509,-2693648.357972086,-4297678.430531034,3854184.319934522,28.28781100173585,739.5684254001435,1.5820838818326592,3.1798738352954388,8,True,2
907.0,51.16666666666667,-2693630.8346700976,-4297696.868409285,3854204.264420025,-2693651.1627478977,-4297682.52212837,3854177.840952856,36.29388571635929,745.7435714091822,4.058265539817512,9.492505919188261,8,True,2
908.0,51.33333333333333,-2693629.050267938,-4297700.088919567,3854182.300576908,-2693654.1298325565,-4297686.639322406,3854171.220925647,30.539071651238974,735.8665413472314,1.6723366547375917,4.287802055478096,8,True,2
909.0,51.5,-2693628.861776659,-4297698.50657242,3854164.676254959,-2693656.9723848733,-4297690.341130347,3854165.147419554,29.276316956026825,729.5295600214962,2.042335968464613,3.731323406100273,8,True,2
910.0,51.66666666666667,-2693628.717946361,-4297700.254886578,3854161.3471474284,-2693659.5197175173,-4297693.471904892,3854159.911330048,31.57244872485079,731.2191864789154,1.6265461798757315,3.0159115865826607,8,True,2
911.0,51.83333333333333,-2693635.968952655,-4297703.319521867,3854160.5063864323,-2693661.5948553854,-4297695.999318424,3854155.671328639,27.085975209775007,736.6510612519972,1.906608390621841,2.947844482958317,8,True,2
912.0,52.0,-2693629.637819685,-4297699.434408324,3854147.5960646193,-2693663.0603576647,-4297697.770762473,3854152.691866581,33.84968183233445,728.1499283469095,1.7373191735574178,3.430227290838957,7,True,2
913.0,52.166666666666664,-2693646.410492148,-4297717.441283034,3854172.5518546277,-2693663.8113532574,-4297698.668924152,3854151.175690112,33.34864067324664,756.536434168685,3.119463845023087,7.220962446182966,7,True,2
914.0,52.33333333333333,-2693637.6462488025,-4297705.067198101,3854146.277782282,-2693664.013258052,-4297698.924384509,3854150.752571036,27.440427656797304,736.974936562705,2.3357848902898177,4.223920475691557,7,True,2
915.0,52.5,-2693643.920232368,-4297712.768337437,3854157.5027150377,-2693664.0676538725,-4297698.977834394,3854150.655606244,25.3570397774692,750.0650284248206,4.08323189829077,7.785391561686993,7,True,2
916.0,52.666666666666664,-2693649.6610473567,-4297722.421397133,3854188.435849694,-2693664.323954465,-4297699.286744588,3854150.135522336,47.08638942393851,774.9411438788529,6.1967418518449575,14.888482008129358,7,True,2
917.0,52.83333333333333,-2693644.9973961017,-4297718.377516824,3854173.385032274,-2693664.988660839,-4297700.063901846,3854148.8132749298,36.58975838009558,763.8995887687578,1.9035202733107977,4.613335270434618,7,True,2
918.0,53.0,-2693641.374054252,-4297709.427020929,3854143.8171514394,-2693665.81945902,-4297701.039380219,3854147.1560578113,26.059137106041902,742.5125758633528,1.4796437003782816,3.065249990671873,7,True,2
919.0,53.166666666666664,-2693635.8101098198,-4297704.07613172,3854135.3485391806,-2693666.404023676,-4297701.755348024,3854145.95721964,32.46409867999296,733.5481660344249,1.1162901685706206,2.14486476033926,7,True,2
920.0,53.333333333333336,-2693638.5324612316,-4297706.789180335,3854138.0499415775,-2693666.6749875178,-4297702.070984144,3854145.419505391,29.471573284492116,737.7793742491284,1.1527828159076827,2.273532897233963,7,True,2
921.0,53.5,-2693640.511226968,-4297707.959523977,3854142.222011767,-2693666.7401271127,-4297702.141575506,3854145.296095556,27.04170331837117,744.2215013613378,1.9005708609308516,3.955952562391758,7,True,2
922.0,53.666666666666664,-2693643.6860120534,-4297713.042692017,3854158.048741056,-2693666.729044937,-4297702.140562982,3854145.304910544,28.49987715918333,757.0896545736114,1.2133514577788966,3.12313936650753,7,True,2
923.0,53.833333333333336,-2693637.215852404,-4297700.745354699,3854128.408983599,-2693666.729044937,-4297702.140562982,3854145.304910544,34.03597342481208,735.2607671003927,2.349192924797535,3.950564067810774,7,True,2
924.0,54.0,-2693640.3297680626,-4297709.088903329,3854149.8780329353,-2693666.729044937,-4297702.140562982,3854145.304910544,27.67877709512962,752.8961364112535,2.0251395649143626,4.186903282999992,7,True,2
925.0,54.166666666666664,-2693634.999035755,-4297690.089133289,3854125.554586637,-2693666.729044937,-4297702.140562982,3854145.304910544,39.2696541208859,730.7143737841021,2.242914551070758,4.183372762054205,7,True,2
926.0,54.333333333333336,-2693639.792316449,-4297696.118717797,3854128.8231028626,-2693666.729044937,-4297702.140562982,3854145.304910544,32.148093964076764,738.7027387087749,4.070203782192299,7.135869611054659,7,True,2
927.0,54.50000000000001,-2693644.022771962,-4297712.627079472,3854144.224602758,-2693666.732626208,-4297702.146276842,3854145.296095556,25.034632021800707,759.9115570692907,1.5134959199598856,2.6896793842315674,7,True,2
928.0,54.666666666666664,-2693644.5869124886,-4297712.287450506,3854142.1255259146,-2693666.793846166,-4297702.227283396,3854145.163870732,24.567995540625645,758.5848759829555,1.3482808454760484,2.935083329677582,7,True,2
929.0,54.833333333333336,-2693637.5850839475,-4297700.827831233,3854137.0817767177,-2693667.22340094,-4297702.745942036,3854144.291186824,30.562797275290368,752.8052904713708,1.3653487829225404,2.7961095198988914,7,True,2
930.0,55.00000000000001,-2693638.678301306,-4297723.90880407,3854148.9649725347,-2693668.3123881863,-4297704.116687496,3854142.016919136,36.30678214525093,773.0521308144371,4.843391678761691,6.915132571011782,8,True,2
931.0,55.166666666666664,-2693634.8175998796,-4297716.2315053465,3854141.51885885,-2693669.998233669,-4297706.323027791,3854138.4027712177,36.681942743178894,766.1922604101395,3.1716655557975173,9.05763017013669,8,True,2
932.0,55.333333333333336,-2693644.0862694248,-4297720.755416553,3854135.8636870617,-2693672.0453058565,-4297709.305725997,3854133.677930995,30.291593909620882,767.3719322159697,2.705109606962651,7.969562094658613,8,True,2
933.0,55.50000000000001,-2693645.9815411326,-4297732.6946648,3854129.5846299897,-2693674.382174971,-4297713.11750686,3854127.833581099,34.53877947533268,771.9358703431499,4.444639889057726,6.654870871454477,8,True,2
934.0,55.666666666666664,-2693645.742459075,-4297732.958155777,3854119.222482813,-2693677.1164174653,-4297717.74664922,3854120.808013454,34.90313888803501,769.0931073347622,4.657970671541989,8.790425315499306,8,True,2
935.0,55.833333333333336,-2693651.4822630524,-4297727.244281061,3854111.5505471854,-2693680.3153422247,-4297722.983833217,3854112.786339992,29.172333712754558,766.3134014047367,1.5771534421614237,2.357959780842066,7,True,2
936.0,56.00000000000001,-2693650.802176698,-4297725.889843179,3854094.3081634343,-2693683.868605676,-4297728.619669044,3854104.077083622,34.58717213431948,759.8999531111227,1.523612125643662,3.2294343300163746,7,True,2
937.0,56.166666666666664,-2693647.1667626114,-4297721.925009731,3854063.36207754,-2693687.6449125595,-4297734.561359836,3854094.874172866,52.83152580641021,743.4758224494321,3.06191036850214,5.911373917013407,7,True,2
938.0,56.333333333333336,-2693654.868734284,-4297744.165098236,3854066.706592669,-2693691.516887757,-4297740.705694793,3854085.3803522345,41.27667527177704,761.923745573613,1.8761562864695276,4.589275106787682,7,True,2
939.0,56.49999999999999,-2693676.5933802277,-4297778.75371661,3854100.0989030115,-2693695.366011929,-4297746.880247542,3854075.868887965,44.220169160955365,806.904389464161,5.069647054054907,9.47804993018508,7,True,2
940.0,56.666666666666664,-2693675.6691017826,-4297767.967955715,3854072.0383965136,-2693699.164989713,-4297752.974792644,3854066.480821457,28.420737657781345,786.7907476552862,2.4976734393276274,5.146003846079111,8,True,2
941.0,56.833333333333336,-2693658.053759346,-4297757.628585315,3854023.335501011,-2693702.891995721,-4297758.971177177,3854057.2514136494,56.23663507221256,756.2253934424386,7.597281222697347,13.422374222427607,8,True,2
942.0,56.99999999999999,-2693680.0778055973,-4297773.007353238,3854053.191435087,-2693706.550950222,-4297764.858986778,3854048.189480315,28.146808235221997,787.8704776219233,2.359376784414053,3.969537366181612,8,True,2
943.0,57.166666666666664,-2693690.336000266,-4297786.531497256,3854058.6555888634,-2693710.219962112,-4297770.796181269,3854039.065828804,32.04264045134664,804.4886561658641,2.952552485146693,7.277961660176516,7,True,2
944.0,57.333333333333336,-2693685.950060764,-4297784.034231156,3854034.0797495344,-2693713.995383836,-4297776.953158745,3854029.624819786,29.266501871155565,794.5656604441089,1.78365250909701,4.044897962361574,8,True,2
945.0,57.49999999999999,-2693693.6778105227,-4297793.759723387,3854022.732243522,-2693717.899039998,-4297783.348071015,3854019.8311913065,26.523321178935,797.6931212482835,2.242006986401975,4.651911076158285,8,True,2
946.0,57.666666666666664,-2693700.3246293953,-4297804.358533899,3854025.3912659823,-2693721.9201859874,-4297789.963775407,3854009.711387316,30.32219865987067,808.381065128439,2.5770686101168394,6.260775059461594,8,True,2
947.0,57.833333333333336,-2693704.627880085,-4297807.523965243,3853997.2572616823,-2693726.1060530203,-4297796.842290195,3853999.1860697065,24.065128191762103,800.2443588559742,1.0729071856476367,2.081735849380493,8,True,2
948.0,57.99999999999999,-2693701.695266351,-4297813.8302374855,3853986.949239683,-2693730.54495854,-4297804.007839355,3853988.1670846106,30.500285091920404,801.2145991641403,1.8228581682778895,3.2833959199488163,8,True,2
949.0,58.166666666666664,-2693703.5298366365,-4297821.320527171,3853971.968481121,-2693735.210816673,-4297811.468810725,3853976.6632448,33.507933672534904,800.9804565536023,1.7918895576149225,3.6609637811779976,8,True,2
950.0,58.333333333333336,-2693709.883110416,-4297832.008697853,3853964.2883507647,-2693740.070718072,-4297819.206036357,3853964.718623902,32.79306225923512,806.5242887154316,2.914529827889055,4.687623303383589,8,True,2
951.0,58.5,-2693716.436107091,-4297834.469924353,3853946.096297304,-2693745.0523614576,-4297827.137499321,3853952.4742634376,30.221398425825928,802.2796005819822,1.3626560997217894,3.777328673750162,8,True,2
952.0,58.666666666666664,-2693721.841408301,-4297835.160400514,3853929.205141113,-2693750.109191642,-4297835.188921558,3853940.0447601234,30.27483656025766,796.9487910980511,0.5567445664533547,1.0760071240365505,7,True,2
953.0,58.833333333333336,-2693723.7678534924,-4297842.733608168,3853915.351922694,-2693755.298314078,-4297843.284719328,3853927.474189304,33.784952508383405,796.5514681671472,0.6028641488935266,1.3911884352564812,7,True,2
954.0,59.0,-2693731.4433593093,-4297862.150450215,3853910.0367190745,-2693760.5424921378,-4297851.401678812,3853914.841887814,31.390846829204726,808.6494190104911,1.4455590266734362,3.5791845582425594,8,True,2
955.0,59.166666666666664,-2693738.765740386,-4297871.28205718,3853901.7299327427,-2693765.6661056303,-4297859.442965164,3853902.377053327,29.397491646172632,809.3556720130986,2.226590082515031,4.608965717256069,8,True,2
956.0,59.333333333333336,-2693746.0922253984,-4297879.364388939,3853890.226676066,-2693770.576387204,-4297867.2439007005,3853890.326515861,27.320146091459662,808.6990648042596,1.7295029778033495,3.3798430897295475,8,True,2
957.0,59.5,-2693750.677411707,-4297889.5275323,3853878.7675203425,-2693775.2845701976,-4297874.622373645,3853878.884215129,28.76959542941176,807.4543477854903,2.5574039476923645,4.440508421510458,8,True,2
958.0,59.66666666666667,-2693752.473657311,-4297896.908246672,3853868.618595538,-2693779.7945772405,-4297881.56797241,3853868.058969606,31.337993895921475,808.3423070393903,1.837666098959744,3.9644418098032475,8,True,2
959.0,59.833333333333336,-2693759.3404172556,-4297906.495945886,3853861.7689918093,-2693784.1548485933,-4297888.241330271,3853857.639213472,31.081217205584007,812.3041872011602,2.1644952190108597,4.030632998794317,8,True,2
960.0,60.0,-2693767.1041352227,-4297911.281360603,3853855.624097601,-2693788.426450968,-4297894.906574589,3853847.2899641534,28.146625837747724,811.7863333204708,1.6724661947228014,4.307319704443216,8,True,2
961.0,60.16666666666667,-2693768.9594066017,-4297923.149475568,3853847.6402530572,-2693792.6888445173,-4297901.657144,3853836.8525448735,33.78433346810081,813.6297224661197,3.5156639660708606,8.156063307076693,8,True,2
962.0,60.333333333333336,-2693775.826006412,-4297933.726261723,3853842.6683649975,-2693797.0046018832,-4297908.50952404,3853826.265247359,36.789659332023284,817.6258747680924,3.1416021469049156,6.159594241529703,8,True,2
963.0,60.5,-2693777.789806569,-4297935.630743166,3853822.921306504,-2693801.3952083,-4297915.4979941305,3853815.47517836,31.9059147959587,810.6910232009154,2.2953086169436574,4.414651080965996,8,True,2
964.0,60.66666666666667,-2693783.714720895,-4297940.738341865,3853810.1413381947,-2693805.821611939,-4297922.543578044,3853804.596937581,29.16340927115436,808.2791578999462,2.1631315792910755,4.05078237503767,8,True,2
965.0,60.83333333333333,-2693788.6142349765,-4297946.725795063,3853801.295428424,-2693810.163944297,-4297929.538376514,3853793.833279979,28.556627735206533,807.3182106431266,3.0857683438807726,5.246225040405989,8,True,2
966.0,61.0,-2693790.89733535,-4297958.012355754,3853792.7677960154,-2693814.481876656,-4297936.460905764,3853783.166575177,33.35984152932807,807.902774174285,4.048231158871204,6.787155285477638,8,True,2
967.0,61.16666666666667,-2693795.8227976826,-4297965.304323295,3853784.611290933,-2693818.8011548296,-4297943.318902986,3853772.570377202,34.00510559933849,807.6040811089937,4.640760081354529,7.676464032381773,8,True,2
968.0,61.33333333333333,-2693801.946843084,-4297972.702909074,3853774.9538342077,-2693823.170368148,-4297950.089872104,3853762.035870891,33.59555377408863,809.833143740417,3.3867995184846222,5.193691931664944,8,True,2
969.0,61.5,-2693798.2658173884,-4297970.143432977,3853755.562626262,-2693827.8818843006,-4297956.423455304,3853751.748182188,32.86181964370796,799.400263490529,2.370279864408076,3.7373526096343994,8,True,2
970.0,61.66666666666667,-2693806.3521276945,-4297978.13851325,3853744.8997108536,-2693833.3209608626,-4297961.600727013,3853742.236243423,31.747604552443516,798.0014593098921,2.4490157896652818,3.9142882376909256,8,True,2
971.0,61.83333333333333,-2693815.1084576393,-4297980.615556117,3853733.509765375,-2693839.5288149123,-4297965.0706528425,3853734.081882925,28.953845783372422,796.4248643838914,2.9526153835467994,4.8841342478990555,8,True,2
972.0,62.0,-2693821.3424270526,-4297984.585617921,3853736.778719713,-2693846.649335688,-4297966.679390037,3853727.355629972,32.40165492647404,797.2976801776853,2.7629802841693163,4.24737211689353,8,True,2
973.0,62.16666666666667,-2693826.0558075327,-4297980.040525814,3853722.99118224,-2693854.8480798784,-4297966.474367295,3853721.8899934953,31.84726393926968,792.5449367636954,3.0688893697224557,4.877627868205309,8,True,2
974.0,62.33333333333333,-2693839.9455758827,-4297979.137332087,3853719.129989214,-2693863.918897242,-4297964.226697087,3853718.081676408,28.251480188354176,790.9752639879769,2.934856951236725,4.698858816176653,8,True,2
975.0,62.5,-2693843.559076338,-4297976.989270554,3853715.8072230928,-2693873.1284687654,-4297959.783263959,3853716.609479174,34.22045070256419,786.8802896711635,2.3825446530245245,5.52298142015934,8,True,2
976.0,62.66666666666667,-2693855.608120489,-4297967.817750908,3853714.709927106,-2693881.535501662,-4297953.375952871,3853717.870103173,29.845960159525422,784.3448467290867,2.1211062227375805,3.7694927006959915,8,True,2
977.0,62.83333333333333,-2693858.526770342,-4297955.750398241,3853715.5758469636,-2693888.489097471,-4297945.683292992,3853721.563818274,32.17053707153415,779.8981472683516,3.122191985603422,4.5784388445317745,8,True,2
978.0,63.0,-2693873.3617489194,-4297954.116859307,3853738.377994302,-2693893.591898201,-4297937.471590606,3853727.117610413,28.515261798156715,795.7096999466088,2.3274146439507604,4.991522129625082,8,True,2
979.0,63.16666666666667,-2693868.9827240696,-4297939.831411939,3853728.131321041,-2693896.528729352,-4297929.471560809,3853733.94083444,29.997656048433527,781.9782811507337,2.0944723058491945,4.457435060292482,8,True,2
980.0,63.33333333333333,-2693868.7882161415,-4297935.305151409,3853739.2624938735,-2693897.391039155,-4297922.262506036,3853741.3282448538,31.50395863637148,785.2250851870466,1.8657083651050925,4.233744286000729,8,True,2
981.0,63.5,-2693871.4729827875,-4297934.0907919565,3853752.0249081687,-2693896.4775653267,-4297916.070986881,3853748.82143324,30.987171128398916,792.2123169604054,3.968470007646829,6.498836610466242,8,True,2
982.0,63.66666666666667,-2693863.0804176843,-4297921.2191349,3853751.7778901234,-2693893.8420299795,-4297910.982700241,3853756.288166729,32.73230790187727,784.9069677985788,2.652211157605052,4.616373836994171,8,True,2
983.0,63.83333333333333,-2693861.4337696023,-4297922.025480291,3853767.9108315594,-2693889.623231531,-4297907.085720384,3853763.5345046,32.202397854509634,792.6384908589788,2.1431597908958793,4.321407672017813,8,True,2
984.0,64.0,-2693857.8022793005,-4297917.89425271,3853767.973101931,-2693883.960834162,-4297904.602859902,3853770.216643757,29.427276379754677,790.7726607639729,1.0411358634009957,2.3944934643805027,8,True,2
985.0,64.16666666666667,-2693847.3250611043,-4297912.124693811,3853770.218777,-2693877.0802560234,-4297903.727054433,3853775.964335951,31.44683480830964,787.7361935305761,2.607837914954871,3.8533858209848404,8,True,2
986.0,64.33333333333333,-2693841.6164063266,-4297917.737175438,3853778.550665177,-2693869.2015976133,-4297904.376049222,3853780.715875308,30.727033813409783,792.2720436785918,2.057184962555766,3.670764110982418,8,True,2
987.0,64.5,-2693831.8107801955,-4297913.710007546,3853780.767720355,-2693860.5522698564,-4297906.295892769,3853784.5946804434,29.928046200386383,791.3956626046387,1.1959357229061425,2.91660537943244,8,True,2
988.0,64.66666666666666,-2693821.9362788512,-4297919.634828761,3853783.713729594,-2693851.539749865,-4297909.469914248,3853787.33628908,31.5089498451795,794.9876662296849,1.699484305921942,3.1016015596687794,8,True,2
989.0,64.83333333333333,-2693814.976858052,-4297930.953214403,3853792.913510459,-2693842.6564386087,-4297914.066949994,3853788.411775119,32.734854918777,806.6423123107483,4.49946997826919,8.671640489250422,8,True,2
990.0,65.0,-2693806.6964661367,-4297930.483844543,3853789.869570087,-2693834.177161266,-4297920.042067252,3853787.680092013,29.479028681777788,807.3935016977374,2.313887502066791,4.44218098372221,8,True,2
991.0,65.16666666666666,-2693796.346995384,-4297941.922797402,3853787.595193697,-2693826.130708876,-4297927.257850465,3853785.2734711114,33.27943289495074,811.2547544457946,3.1775490026921034,6.319576073437929,8,True,2
992.0,65.33333333333333,-2693799.051458203,-4297942.584969444,3853760.25848312,-2693818.3005187307,-4297935.45214278,3853781.6326839975,29.635451921534088,810.2822557881475,4.1488792944167345,7.568493418395519,7,True,2
993.0,65.5,-2693777.1768222875,-4297946.323119131,3853760.923491155,-2693810.3024383257,-4297944.412122698,3853777.260210655,36.98441224777514,814.4890268247989,2.417085712775588,4.443415306508541,6,True,2
994.0,65.66666666666666,-2693754.079256072,-4297943.866414428,3853774.4804558037,-2693801.978407262,-4297954.08565386,3853772.323543769,49.02462451460031,821.0721258151,6.792704712599516,13.513698369264603,6,True,2
995.0,65.83333333333333,-2693767.0220100307,-4297972.582369551,3853766.6098331064,-2693793.1886091777,-4297964.433037303,3853766.963729883,27.408534618480644,824.0718437829851,1.8085494581609964,4.419067546725273,8,True,2
996.0,66.0,-2693753.626777126,-4297978.888439183,3853756.1259368476,-2693783.8847871567,-4297975.460637026,3853761.2072144607,30.87258299579057,823.7414783226104,1.2581829018890858,1.947019200772047,7,True,2
997.0,66.16666666666666,-2693749.016775249,-4298012.3917219555,3853759.86127416,-2693774.0611304194,-4297987.092509496,3853755.142151505,35.91016563033671,842.8385464563207,3.8901601624675095,8.534621071070433,8,True,2
998.0,66.33333333333333,-2693738.80276675,-4298023.290302415,3853755.048461474,-2693763.7887250497,-4297999.292050196,3853748.759724665,35.21026032841122,846.8675319834166,4.018499809317291,8.517587210983038,8,True,2
999.0,66.5,-2693726.284763896,-4298027.432049543,3853738.717134521,-2693753.139677038,-4298011.974270663,3853742.10401063,31.170502362498596,841.0447983680633,2.5102594872005284,5.316113855689764,8,True,2
1000.0,66.66666666666666,-2693716.3739803676,-4298038.0431207325,3853727.5122031174,-2693742.131022394,-4298025.032995757,3853735.280794929,29.883767911349814,842.3537897641337,2.5455629285424948,4.117385219782591,8,True,2
1001.0,66.83333333333333,-2693703.4501497885,-4298049.257851658,3853727.732530097,-2693730.755254324,-4298038.472923716,3853728.290077052,29.363144638048837,848.8287110502181,1.927944099996239,4.525016166269779,8,True,2
1002.0,67.0,-2693692.2676298446,-4298062.741535291,3853715.9582981234,-2693719.0198688107,-4298052.289349739,3853721.1318564704,29.183834197582893,850.3296026333007,2.4674464827403426,3.812392972409725,8,True,2
1003.0,67.16666666666666,-2693677.4641186395,-4298078.456383224,3853717.3832860817,-2693706.9920339463,-4298066.456085822,3853713.788501534,32.07533937543753,858.4266889061994,3.3899846049025655,5.2472958862781525,8,True,2
1004.0,67.33333333333333,-2693666.283876214,-4298089.223374256,3853701.4622858874,-2693694.768584282,-4298080.944267076,3853706.2247493663,30.04335646684222,852.9386196759967,0.8707323591224849,1.77989462018013,8,True,2
1005.0,67.5,-2693653.332646192,-4298107.601292843,3853694.8934082636,-2693682.462719414,-4298095.651114686,3853698.475861528,31.68914475459149,859.9785587370852,2.6360154720023274,3.97845821082592,8,True,2
1006.0,67.66666666666666,-2693641.612102743,-4298120.953761902,3853688.7641725475,-2693670.079718623,-4298110.501700678,3853690.6211776608,30.382547715951286,862.4152830804339,1.6946949800476432,3.4996815845370293,8,True,2
1007.0,67.83333333333333,-2693629.1487835282,-4298136.530722788,3853680.195401391,-2693657.6062788293,-4298125.424786757,3853682.748853375,30.65437931136809,864.3899882355631,2.6077070785686374,4.218812491744757,8,True,2
1008.0,68.0,-2693617.156200511,-4298147.799993254,3853668.7890102006,-2693645.004375107,-4298140.293013508,3853675.026385164,29.508988794548998,864.2913792224074,2.4544713366776705,3.7656906843185425,8,True,2
1009.0,68.16666666666666,-2693605.915533301,-4298166.1800520895,3853662.5255014384,-2693632.337602277,-4298155.074483391,3853667.444957928,29.080241354497804,869.2650964145543,2.1494215265847743,4.110592860728502,8,True,2
1010.0,68.33333333333333,-2693589.6138236914,-4298181.63856216,3853662.2888048952,-2693619.725821545,-4298169.877096802,3853659.801812701,32.42297969437929,873.9454099871047,2.3352484446950257,3.9214364737272263,8,True,2
1011.0,68.5,-2693579.427689818,-4298195.786349311,3853647.2349124863,-2693607.229900516,-4298184.7979808375,3853651.94708342,30.26403337790822,872.7324772016201,2.002122622448951,4.352225478738546,8,True,2
1012.0,68.66666666666667,-2693564.2027992327,-4298208.958687897,3853638.7012680816,-2693594.8387552686,-4298199.8361237245,3853643.889584989,32.38366272743929,873.1624658429176,1.7059030658565462,4.526122651994228,8,True,2
1013.0,68.83333333333333,-2693558.8841803465,-4298230.011635471,3853631.5601596143,-2693582.4865728067,-4298214.953197056,3853635.717473276,28.30393531325841,879.8816935388672,1.8074754546396434,4.866606917232275,8,True,2
1014.0,69.0,-2693542.478599956,-4298237.007877614,3853618.47106326,-2693570.167555461,-4298230.073262693,3853627.518904565,29.943790230365366,874.2070848988693,1.8591604721732438,3.5210503898561,8,True,2
1015.0,69.16666666666667,-2693528.3126624944,-4298257.673780549,3853616.7116570193,-2693557.8152099936,-4298245.190247649,3853619.346772851,32.14316005089119,879.1007320957443,1.2700029290281236,3.0868141688406467,8,True,2
1016.0,69.33333333333334,-2693518.0065010786,-4298269.932767597,3853608.874877717,-2693545.306949738,-4298260.3252729,3853611.262788074,29.039982218104562,878.9602406678674,1.0383210247382522,2.1560842245817184,8,True,2
1017.0,69.5,-2693507.9186381595,-4298291.7344384,3853599.882119572,-2693532.6975026345,-4298275.515654187,3853603.1876092297,29.798780980056144,880.6870963830523,2.042225240596703,4.8220714293420315,7,True,2
1018.0,69.66666666666667,-2693491.844609323,-4298298.746384575,3853584.385688561,-2693520.1080890987,-4298290.804781157,3853594.9890006497,31.21415674239976,875.0413816348926,2.977602827362716,7.499817885458469,8,True,2
1019.0,69.83333333333334,-2693479.1265014783,-4298315.352698977,3853582.5586781595,-2693507.6166244564,-4298306.183611866,3853586.622883255,30.203924063218636,873.8522871394946,1.4742265464738011,3.1425956711173058,8,True,2
1020.0,70.0,-2693474.426037801,-4298331.4381587105,3853569.581012871,-2693495.1994122225,-4298321.547642242,3853578.221492454,24.576681799791213,872.9879455073093,2.9479220514185727,7.408596854656935,8,True,2
1021.0,70.16666666666667,-2693459.3384848163,-4298349.256984468,3853564.3673390565,-2693482.865321343,-4298336.827660939,3853569.855354089,27.16833504891094,872.4179552299026,3.194807215128094,4.198551472276449,8,True,2
1022.0,70.33333333333334,-2693443.8186893263,-4298363.685005546,3853561.183672033,-2693470.6776079247,-4298352.007901887,3853561.498021017,29.289163071058812,870.7893335839509,1.9128722995519638,4.237145725637674,8,True,2
1023.0,70.5,-2693433.749609768,-4298379.81123279,3853550.9800830036,-2693458.536875786,-4298367.063127275,3853553.246466729,27.9653222057359,868.5838982178684,1.3564749476499856,2.4626346603035927,8,True,2
1024.0,70.66666666666667,-2693419.860982566,-4298392.609437283,3853542.9021591325,-2693446.4431268885,-4298381.993337846,3853545.100691613,28.707934601636985,865.3593581126404,1.5037479153834283,3.462359007447958,8,True,2
1025.0,70.83333333333334,-2693410.3432058063,-4298411.372820993,3853539.8054780154,-2693434.6398292216,-4298396.83693526,3853536.849117098,28.466786845236502,867.3319030298156,2.005421653855592,3.5905518755316734,8,True,2
1026.0,71.0,-2693401.7608249476,-4298426.438972323,3853527.739355027,-2693423.4587656367,-4298411.656550036,3853528.192005544,26.258818163017008,866.0022538651069,0.6469099679961801,0.977033220231533,8,True,2
1027.0,71.16666666666667,-2693388.150809841,-4298445.692115418,3853524.863674701,-2693413.004283134,-4298426.418628343,3853519.09409212,31.97578023870782,867.2649217042826,3.0758939888328314,5.238198593258858,8,True,2
1028.0,71.33333333333334,-2693374.0875209696,-4298457.7267214265,3853516.2528649787,-2693403.5351955714,-4298441.136046522,3853509.361426853,34.4950424361126,863.1011279379761,2.739181261509657,5.368319611996412,8,True,2
1029.0,71.5,-2693372.7069209362,-4298476.216436869,3853504.215650275,-2693395.253194529,-4298455.897256818,3853498.7559792856,30.838474965744997,862.7121806577843,1.2755792196840048,2.115730609744787,8,True,2
1030.0,71.66666666666667,-2693367.1255415897,-4298494.629905054,3853491.3607346225,-2693387.963907035,-4298470.792229504,3853487.313008688,31.919529058311024,858.6258060336912,2.186230889055878,5.631474252790213,8,True,2
1031.0,71.83333333333334,-2693360.5043015867,-4298506.2343613,3853483.33848128,-2693381.697683864,-4298485.786035039,3853475.050142504,30.593954613325852,853.4806238954703,2.8316705604083836,5.13688401132822,8,True,2
1032.0,72.0,-2693352.0809986335,-4298512.998758389,3853464.489286814,-2693376.62349788,-4298500.764841574,3853461.97619212,27.53758585696188,839.8756109295471,0.9665411114692688,2.2341925390064716,7,True,2
1033.0,72.16666666666667,-2693347.29509149,-4298522.452720646,3853444.1851723995,-2693372.7359043243,-4298515.636585446,3853448.196943659,26.641864900577414,829.7774936540739,2.251627172742571,5.058788821101189,7,True,2
1034.0,72.33333333333334,-2693345.634737995,-4298538.1658197995,3853426.6961443513,-2693370.1370449057,-4298530.297486548,3853433.756472396,26.685613056480403,823.0258345325767,0.9540840972747121,2.0539622493088245,7,True,2
1035.0,72.5,-2693346.878586639,-4298558.754420356,3853423.033040993,-2693368.8758613258,-4298544.7089244975,3853418.6635899954,26.462202281099486,827.4798968363385,1.1321148606283324,2.3234455846250057,7,True,2
1036.0,72.66666666666667,-2693344.87950226,-4298571.326066183,3853403.38197819,-2693368.905136241,-4298558.828878965,3853402.99763574,27.084285031388415,818.2077108551302,2.455888875361,4.3117524310946465,7,True,2
1037.0,72.83333333333334,-2693347.4126964887,-4298595.55123006,3853395.2317769066,-2693370.4063053983,-4298572.4800176425,3853386.829133511,33.639133596671115,818.7245179736154,2.5724144792184234,4.271583758294582,8,True,2
1038.0,73.0,-2693351.155687555,-4298598.372327549,3853371.295494577,-2693373.3485313863,-4298585.546407919,3853370.307951827,25.651545223469643,806.8356975589076,1.1500667275062628,2.200682681053877,7,True,2
1039.0,73.16666666666667,-2693354.735802355,-4298613.195947309,3853353.905762155,-2693377.5212620143,-4298598.008809749,3853353.6015926814,27.38464603038491,801.9353163991202,1.4289542771875858,3.0917103737592697,7,True,2
1040.0,73.33333333333333,-2693359.253559233,-4298619.775988668,3853339.780656623,-2693382.859042242,-4298609.812762884,3853336.815847333,25.79292132028294,794.4102599733292,2.4125173251543726,5.860381241887808,7,True,2
1041.0,73.5,-2693365.53694401,-4298628.071658241,3853318.958909629,-2693389.006712734,-4298621.125107916,3853320.012427716,24.49886743763325,787.6203962876184,1.1938304379582405,2.7188200913369656,7,True,2
1042.0,73.66666666666667,-2693375.004732787,-4298645.536459167,3853311.899627687,-2693395.596655839,-4298632.176183518,3853303.191333701,26.045319052197815,790.8814750920982,1.4870837128588132,2.934971157461405,7,True,2
1043.0,73.83333333333333,-2693378.4679583726,-4298655.325198234,3853283.8243707567,-2693402.3241635426,-4298643.196690578,3853286.308484548,26.87731467994324,778.8563824348122,0.8024614565074444,1.8789657764136791,7,True,2
1044.0,74.0,-2693385.022524984,-4298668.945842582,3853275.6288636154,-2693408.84701134,-4298654.440835873,3853269.319799082,28.59730170901897,781.6393500839648,1.6038894270147597,4.167513690888882,7,True,2
1045.0,74.16666666666667,-2693391.603089534,-4298678.350763373,3853261.5706033567,-2693415.087767387,-4298666.068517432,3853252.101850179,28.143222024964793,778.9441331126903,1.7123375375355994,3.2728123031556606,7,True,2
1046.0,74.33333333333333,-2693393.012782892,-4298695.695268106,3853233.515596503,-2693421.238602335,-4298677.919544474,3853234.6987170135,33.37773221757521,769.2377274156589,4.301269289638315,7.305949918925762,7,True,2
1047.0,74.5,-2693407.4529895005,-4298710.963063631,3853227.5241675866,-2693427.4098474127,-4298689.853181777,3853217.189744042,30.833481795595503,777.5803967228061,1.893902807363442,4.187304440885782,7,True,2
1048.0,74.66666666666667,-2693406.060319616,-4298706.599135119,3853189.8838222646,-2693433.784457939,-4298701.7945729215,3853199.530849263,29.745197823839366,753.1657156631579,2.0351288598030806,3.333611711859703,6,True,2
1049.0,74.83333333333333,-2693414.096223678,-4298720.345285853,3853172.4588622428,-2693440.5356827746,-4298713.603340698,3853181.7572965208,28.826371638097154,751.6519123499722,2.5285846553742886,4.136426139622927,6,True,2
1050.0,75.0,-2693425.8707639636,-4298737.848899776,3853171.9717134032,-2693447.632825952,-4298725.330539905,3853163.8338197777,26.391703024339208,762.2988788678139,2.500699516917978,5.574463427066803,7,True,2
1051.0,75.16666666666667,-2693426.996575568,-4298740.662455196,3853138.9339941563,-2693454.959081396,-4298737.073222839,3853145.733968911,29.00041340675666,745.924083095838,1.6159156293918688,3.0725664608180523,6,True,2
1052.0,75.33333333333333,-2693438.695021178,-4298761.771868464,3853130.1647477956,-2693462.375820701,-4298748.910291846,3853127.4665588182,27.082847761896694,752.9811509300852,1.818185489003857,2.7669267170131207,6,True,2
1053.0,75.5,-2693443.3865299886,-4298772.321907566,3853103.1887628147,-2693469.9091308257,-4298760.833355109,3853109.0227717767,29.486791166217895,745.4865270785801,1.6922751863797505,3.106457456946373,6,True,2
1054.0,75.66666666666667,-2693448.3032238623,-4298778.859663744,3853082.5518148607,-2693477.5146821574,-4298772.838363554,3853090.437871841,30.8505307312651,739.1607767527787,2.0642518382519484,3.7667889706790447,6,True,2
1055.0,75.83333333333333,-2693458.1664412343,-4298796.41880042,3853071.2156424816,-2693485.1621189103,-4298784.960246408,3853071.694225031,29.330770778936092,744.2074577872835,1.1891037449240685,2.382110334932804,7,True,2
1056.0,76.0,-2693472.724981573,-4298814.107287988,3853060.8455176502,-2693492.9111185297,-4298797.177520553,3853052.774197155,27.554371072305955,747.9385486986032,2.660684328060597,5.629633866250515,8,True,2
1057.0,76.16666666666667,-2693473.539510557,-4298826.7333721295,3853034.8710438577,-2693500.784188728,-4298809.476080992,3853033.677786719,32.27244100822641,737.4221678617445,3.456084988079965,4.890039004385471,8,True,2
1058.0,76.33333333333333,-2693487.9645978333,-4298842.3332656855,3853024.839690251,-2693508.747738066,-4298821.869017275,3853014.4138086895,30.97456032409099,743.2441279394886,2.420219791587442,3.4848116002976894,8,True,2
1059.0,76.5,-2693494.211329048,-4298855.061775263,3853005.230595511,-2693516.8285419988,-4298834.315684283,3852995.008711136,32.348501244943144,737.3926569237943,3.3646390791982412,4.7826257310807705,8,True,2
1060.0,76.66666666666667,-2693502.2868905175,-4298866.396242644,3852978.3690431626,-2693524.988741493,-4298846.855712075,3852975.4448597706,30.095800722591303,728.5417885579606,1.8353850580751896,3.6795023418962955,8,True,2
1061.0,76.83333333333333,-2693513.440895287,-4298885.112043638,3852973.764182238,-2693533.212297118,-4298859.546880093,3852955.6693538656,37.03928632191374,734.6408256712946,2.8198549433478286,4.386491544544697,7,True,2
1062.0,77.0,-2693521.839500643,-4298895.777110684,3852948.6033962695,-2693541.521371905,-4298872.391209244,3852935.664558381,33.19171535874566,725.5165667652708,1.791996373794973,3.4355330504477024,8,True,2
1063.0,77.16666666666666,-2693529.063859639,-4298899.176571152,3852919.1674337676,-2693549.9377845298,-4298885.406846261,3852915.395204824,25.289439992358457,711.4810954353798,1.1796302641076701,2.7151318229734898,7,True,2
1064.0,77.33333333333333,-2693538.001632588,-4298916.101295825,3852901.517745387,-2693558.4083235064,-4298898.65894877,3852894.8260242473,27.666724360577216,711.2521434667117,1.2286628537944384,2.802206888794899,7,True,2
1065.0,77.5,-2693542.8656237572,-4298924.674839344,3852873.25731767,-2693566.9336752454,-4298912.115261795,3852873.992280543,27.157950236830796,698.8493108341506,1.0715673177370004,2.259155720472336,7,True,2
1066.0,77.66666666666666,-2693555.1907137195,-4298943.493655801,3852858.609519031,-2693575.403359203,-4298925.749544069,3852852.9997715354,27.47496688909739,698.4912519407175,2.2011562043002675,3.483168538659811,7,True,2
1067.0,77.83333333333333,-2693559.6618302753,-4298954.545089697,3852834.9238361185,-2693583.664077268,-4298939.6339799855,3852831.874945888,28.420851239508252,689.7603358746186,1.8034946583211422,4.3541101068258286,7,True,2
1068.0,78.0,-2693566.395992739,-4298966.71071275,3852811.701973035,-2693591.475037744,-4298953.951260138,3852810.5825353614,28.160526806384624,682.3683914137614,1.5832526300634657,3.7872875966131687,7,True,2
1069.0,78.16666666666666,-2693572.9185412694,-4298977.0961551815,3852786.163784376,-2693598.5707355314,-4298968.827963955,3852789.166622237,27.118537789447096,672.6189782309734,1.6422488658378522,2.8927494995296,6,True,2
1070.0,78.33333333333333,-2693575.009781315,-4298989.395665446,3852755.8925735205,-2693604.8350354503,-4298984.328900028,3852767.636022128,32.45191028643667,661.7027496697084,0.973487572123607,1.7583997398614883,6,True,2
1071.0,78.5,-2693584.239938096,-4299008.983197951,3852741.102153555,-2693610.2454175795,-4299000.468174733,3852745.9907339327,27.797280472480242,660.1941844832972,0.5951436416556438,1.008159939199686,6,True,2
1072.0,78.66666666666666,-2693591.3050738964,-4299034.883454549,3852726.0746139325,-2693614.881861871,-4299017.139987033,3852724.292474564,29.561319176117518,662.2807200629948,1.8445690634349983,2.9903196915984154,6,True,2
1073.0,78.83333333333333,-2693594.9541775747,-4299049.761856613,3852709.4048246485,-2693619.108782868,-4299034.092139672,3852702.567694177,29.592758218390514,657.0604168419712,1.9051177985966206,3.907120354473591,7,True,2
1074.0,79.0,-2693599.987584576,-4299067.604084283,3852685.486255529,-2693623.13372304,-4299051.138909138,3852680.878110941,28.776391624165203,652.5173037107559,1.0904471783765726,1.8679919950664043,7,True,2
1075.0,79.16666666666666,-2693599.5751495385,-4299079.995034296,3852665.3871358084,-2693627.0066601764,-4299068.193298366,3852659.285443824,30.47949133304331,643.7088840917023,3.4677431359887123,6.072484638541937,6,True,2
1076.0,79.33333333333333,-2693608.667444585,-4299094.286115208,3852638.505536561,-2693630.8062060084,-4299085.214008018,3852637.780876791,23.936437036548345,627.9531580335452,1.7058991406645094,3.546468149870634,7,True,2
1077.0,79.5,-2693602.4987093504,-4299101.24449894,3852596.6399671864,-2693634.533397091,-4299102.152662439,3852616.417312711,37.65885520814256,603.9811217042025,2.08826177247933,5.380496323108673,7,True,2
1078.0,79.66666666666666,-2693609.594608179,-4299125.279635849,3852584.2962996378,-2693638.225060443,-4299119.018007535,3852595.1594848097,31.25571272712853,606.0497772920547,1.0942715353199415,2.580991916358471,7,True,2
1079.0,79.83333333333333,-2693612.092275993,-4299144.350084211,3852565.3624450606,-2693641.967659074,-4299135.747916701,3852574.0162111567,32.27109337687382,601.902492816421,0.07493668049573898,0.13906174525618553,6,True,2
1080.0,80.0,-2693621.650136243,-4299162.889621224,3852556.5550836143,-2693645.71790274,-4299152.289971623,3852553.0756637007,26.527651964735142,603.5824476717194,0.6289136341462532,1.0253858231008053,6,True,2
1081.0,80.16666666666666,-2693632.915730797,-4299189.115196719,3852543.0410715127,-2693649.4740656526,-4299168.72480063,3852532.2496732106,28.397200270044376,606.8495188253581,1.5162937875304903,3.2031810581684113,7,True,2
1082.0,80.33333333333333,-2693629.861968586,-4299197.834471293,3852509.3384425966,-2693653.1943614944,-4299185.102449792,3852511.5117893303,26.668865111425333,583.5496393558185,1.0301944267536913,1.7234843634068966,7,True,2
1083.0,80.5,-2693631.0360003,-4299211.878122817,3852489.7988508963,-2693656.764042914,-4299201.423226759,3852490.941367397,27.79464646780659,575.9739046013148,1.3140926307865552,2.457528378814459,7,True,2
1084.0,80.66666666666666,-2693636.3539879727,-4299234.474691441,3852474.2278361195,-2693660.294279837,-4299217.681114176,3852470.467871394,29.48387943676161,574.6085395202127,1.813939981162548,2.649649918079376,7,True,2
1085.0,80.83333333333333,-2693639.5824640025,-4299241.319992457,3852444.1003596378,-2693663.9327223888,-4299233.894962358,3852449.967861099,26.12458093130627,557.4894711519325,0.9302872994116375,1.564640186727047,7,True,2
1086.0,81.0,-2693641.3158084946,-4299257.629863467,3852423.585742009,-2693667.562892476,-4299250.145704086,3852429.432519023,27.91248574789157,551.1496324705242,0.9715164410216468,2.258673772215843,7,True,2
1087.0,81.16666666666667,-2693647.055417617,-4299279.7776431795,3852411.164413624,-2693671.133302691,-4299266.417873336,3852408.9147484982,27.627685264787146,549.453631382152,1.1314044179660934,2.4175515212118626,7,True,2
1088.0,81.33333333333333,-2693650.510633488,-4299291.030435007,3852383.462537413,-2693674.7750935643,-4299282.63725929,3852388.405732384,26.146598209518448,535.2025399060261,0.9618070008499282,2.5628951862454414,7,True,2
1089.0,81.5,-2693653.1312367544,-4299313.746442003,3852367.8947643675,-2693678.6187147405,-4299298.761900508,3852367.8613841096,29.56601312590147,531.9753135404533,0.7649365663528442,1.3857975974678993,7,True,2
1090.0,81.66666666666667,-2693661.2742010835,-4299329.087932356,3852346.4573063473,-2693682.813895987,-4299314.713893816,3852347.2640686375,25.9079583500832,526.9457927150157,1.0833516967083727,1.7319176457822323,7,True,2
1091.0,81.83333333333334,-2693665.0593814477,-4299351.401411394,3852338.116866487,-2693687.541423486,-4299330.348155103,3852326.6490550167,32.86628233596529,529.175600645775,1.5317056998610497,3.6728580445051193,7,True,2
1092.0,82.0,-2693667.1726071923,-4299353.00742224,3852297.922690558,-2693692.7090652785,-4299345.650888045,3852306.09569979,27.803369703372187,504.7395863783971,0.5671752039343119,1.0308781079947948,6,True,2
1093.0,82.16666666666667,-2693678.8700862406,-4299386.036628675,3852297.796577681,-2693698.294315424,-4299360.636195721,3852285.604003528,34.221945270006884,518.3454009917264,2.7039367356337607,3.9217131957411766,8,True,2
1094.0,82.33333333333334,-2693685.1145531586,-4299408.237777337,3852281.029598094,-2693704.364366733,-4299375.277889117,3852265.156331867,41.338482493783495,516.2544703439428,2.6783376396633685,6.697513148188591,8,True,2
1095.0,82.5,-2693691.7635064153,-4299413.84271499,3852254.5283831493,-2693710.908142295,-4299389.574956307,3852244.761502702,32.41655669739902,501.23226699501197,2.4167828396894038,4.314477741718292,8,True,2
1096.0,82.66666666666667,-2693697.998969315,-4299428.254219697,3852230.6820325064,-2693717.970670681,-4299403.49918701,3852224.419516517,32.4175817308909,493.9434935178304,2.802883639000356,5.139283377677202,8,True,2
1097.0,82.83333333333334,-2693707.6456076866,-4299441.696478379,3852213.6016885904,-2693725.420812753,-4299417.124791956,3852204.139191343,31.76892417126177,489.54802181531386,1.6881545213982463,3.7342672906816006,8,True,2
1098.0,83.0,-2693711.8451646254,-4299455.152525825,3852192.803943869,-2693733.1610218645,-4299430.512888487,3852183.920527739,33.769699141786596,482.51948764900095,2.20590440928936,5.614144943654537,8,True,2
1099.0,83.16666666666667,-2693722.0517210667,-4299470.761455862,3852176.1962669925,-2693741.3567352016,-4299443.543918792,3852163.781161464,35.60354954459956,478.7143435791743,2.5882512656971812,4.191264804452658,8,True,2
1100.0,83.33333333333334,-2693734.8475120217,-4299488.15271573,3852159.527355847,-2693750.1083935,-4299456.194722025,3852143.677005105,38.80001912078572,478.2350780187685,2.674918340984732,5.203649118542671,8,True,2
1101.0,83.5,-2693740.31320972,-4299493.548176114,3852134.1747893635,-2693759.258071099,-4299468.580150909,3852123.590423677,33.08079280069941,465.2758799517529,1.6969045512378216,3.1029554083943367,7,True,2
1102.0,83.66666666666667,-2693752.840316682,-4299517.291766532,3852129.914642329,-2693768.662848207,-4299480.805656157,3852103.503781984,47.740153940470044,474.5078656885192,2.874527153692075,4.400255434215069,7,True,2
1103.0,83.83333333333334,-2693768.082718951,-4299527.65559629,3852107.1402022345,-2693778.307024402,-4299492.912887782,3852083.381809201,43.313432742628144,467.3669044471595,3.6250697342412814,5.735311783850193,7,True,2
1104.0,84.0,-2693771.0435667066,-4299536.6173606925,3852083.02701227,-2693788.070189235,-4299504.993192914,3852063.20686955,41.02233440261191,460.23826081284074,2.680890922567674,4.3855520486831665,7,True,2
1105.0,84.16666666666667,-2693782.2017490463,-4299543.875642211,3852065.7548169293,-2693797.9216321763,-4299517.097625028,3852042.943691521,38.52952598021811,460.26796561388755,1.2531091028026171,2.5884294286370277,7,True,2
1106.0,84.33333333333334,-2693792.988172089,-4299558.279915579,3852045.0092684417,-2693807.829148192,-4299529.174781141,3852022.6716343774,39.57692911170351,460.08952902407196,1.5944137679679053,2.5747589208185673,7,True,2
1107.0,84.5,-2693800.3353084736,-4299566.436727335,3852017.629003728,-2693817.7305163867,-4299541.192065801,3852002.470058344,34.20058215106373,455.08538102677295,1.683385178912431,4.046120889484882,8,True,2
1108.0,84.66666666666667,-2693810.490824444,-4299582.12225188,3851999.1189182037,-2693827.522417153,-4299553.134681812,3851982.4271424455,37.536245772107854,457.04042649189614,2.0980569198727608,3.5953396409749985,7,True,2
1109.0,84.83333333333334,-2693816.9947320116,-4299590.98589268,3851972.6790391896,-2693837.2234375966,-4299564.998939103,3851962.534070239,34.4592901961231,451.0336365714015,1.861348528880626,3.7803401686251163,8,True,2
1110.0,85.0,-2693828.6927992404,-4299610.7521250285,3851964.9802464712,-2693846.8925687843,-4299576.795598246,3851942.737935719,44.48592710251122,461.2581991180528,2.0025318092666566,3.602519690990448,8,True,2
1111.0,85.16666666666667,-2693838.6889888863,-4299611.822163724,3851933.809891251,-2693856.607040735,-4299588.547850485,3851922.9593785023,31.312678993069916,449.6668352411477,1.161546003073454,2.0955063812434673,7,True,2
1112.0,85.33333333333334,-2693849.6100309067,-4299622.872087109,3851924.307080894,-2693866.2800338385,-4299600.33395087,3851903.171944916,35.107699379014775,456.0921656328398,2.1706997768155167,5.1923940517008305,7,True,2
1113.0,85.5,-2693858.661806877,-4299638.870373715,3851899.9931119094,-2693875.879096071,-4299612.285573433,3851883.252183324,35.82520541593968,456.4616401632618,0.8442030263443788,1.3352870978415012,6,True,2
1114.0,85.66666666666667,-2693868.9475325188,-4299648.237347793,3851878.233678852,-2693885.57081037,-4299624.401733798,3851863.085458607,32.77099994865961,455.34612525096384,1.05275304296187,2.2173019647598267,7,True,2
1115.0,85.83333333333333,-2693879.287590113,-4299661.412088912,3851866.5985080656,-2693895.4612789527,-4299636.568233796,3851842.724676668,38.06264800663622,462.5541397337532,1.1934940687247686,2.677847594022751,7,True,2
1116.0,86.0,-2693887.7593757403,-4299668.282772984,3851829.8074865816,-2693905.49797161,-4299648.8179827705,3851822.169835736,27.420239822844753,452.86599268907975,0.6988907009363174,1.1950830034911633,7,True,2
1117.0,86.16666666666667,-2693895.715530487,-4299687.561195552,3851809.700120911,-2693915.4707667106,-4299661.282627689,3851801.4209340266,33.902469271258354,457.30708965814637,1.0522322030737996,1.949380163103342,8,True,2
1118.0,86.33333333333333,-2693910.56847514,-4299705.828841141,3851803.223732435,-2693925.214914332,-4299674.0494830925,3851780.495605944,41.72545401557328,471.9692274160984,1.8140284552105836,3.04753652587533,7,True,2
1119.0,86.5,-2693919.2212319896,-4299710.596988503,3851775.534712935,-2693934.659641436,-4299687.139030845,3851759.420304232,32.377375303809124,464.9132816478308,1.4262246042490005,2.773586418479681,7,True,2
1120.0,86.66666666666667,-2693922.670505993,-4299720.342129254,3851739.870101198,-2693943.5576470173,-4299700.690308175,3851738.212663792,28.726535305034123,455.3912511991115,1.2983254614685262,2.0809068009257317,7,True,2
1121.0,86.83333333333333,-2693930.401415749,-4299732.454312922,3851724.988853352,-2693951.5622328804,-4299714.817149954,3851716.9873198094,28.685784602873767,459.1953377312577,2.8816788090126857,6.2848707139492035,7,True,2
1122.0,87.0,-2693930.980521764,-4299740.897838375,3851703.9956463813,-2693958.8287986657,-4299729.350617751,3851695.823636056,31.235341894756374,457.73971402241267,6.908526500953095,16.79922339692712,7,True,2
1123.0,87.16666666666667,-2693950.794025504,-4299772.996608444,3851687.7377361082,-2693965.736835914,-4299744.029086961,3851674.748067849,35.08755285371266,479.26121055189805,0.4179512783885002,0.8298665173351765,6,True,2
1124.0,87.33333333333333,-2693949.7589354725,-4299771.859753087,3851649.999116193,-2693972.473605867,-4299758.751136663,3851653.7429794767,26.491670161878687,464.7077953932227,1.0757874787918158,1.8480349592864513,7,True,2
1125.0,87.5,-2693960.339176105,-4299792.252396881,3851639.8573768376,-2693979.090245014,-4299773.548348244,3851632.737825219,27.425025722475116,479.0465268815272,1.0096436414335455,2.3796052001416683,7,True,2
1126.0,87.66666666666667,-2693968.368415268,-4299808.67573471,3851622.049730274,-2693985.608917136,-4299788.422739824,3851611.71496842,28.53464576749801,485.04878916809645,1.5311375372111797,2.7824950516223907,7,True,2
1127.0,87.83333333333333,-2693971.1229034257,-4299822.938348349,3851597.5899742786,-2693992.109290753,-4299803.284633733,3851590.7185006863,29.56203816691634,488.67607667157995,1.023713706061244,1.8722633570432663,6,True,2
1128.0,88.0,-2693980.442600337,-4299843.008716915,3851579.7996461284,-2693998.658209849,-4299818.123959333,3851569.71314874,32.44683373441187,497.4144917875143,1.9854336339049041,2.7700317427515984,8,True,2
1129.0,88.16666666666667,-2693988.950849653,-4299859.136416028,3851555.9667139426,-2694005.2410144047,-4299832.933997082,3851548.716549316,31.693865548391596,502.0050658981176,2.0867529143579304,4.184973232448101,8,True,2
1130.0,88.33333333333333,-2693990.5476622083,-4299870.3475664435,3851535.3396910215,-2694011.85875159,-4299847.666377742,3851527.781613118,32.0269166974326,507.2608137618582,1.2301560966297984,2.8482732325792313,8,True,2
1131.0,88.5,-2694001.7446843204,-4299888.919033925,3851516.407507078,-2694018.388118797,-4299862.37449931,3851506.934796122,32.731460125840826,514.5181910716265,2.3451730138622224,3.3953944370150566,8,True,2
1132.0,88.66666666666667,-2694011.3013651096,-4299908.735797788,3851500.440729471,-2694024.792290728,-4299877.049626802,3851486.211373114,37.262489022113485,523.8770846187876,3.0424841409549117,5.022518873214722,8,True,2
1133.0,88.83333333333333,-2694013.340570299,-4299921.475675879,3851479.838998426,-2694031.2024257,-4299891.617538732,3851465.6025267234,37.59296954002162,531.8203897531387,2.2711013862863183,4.5089126117527485,8,True,2
1134.0,89.0,-2694019.7443744726,-4299931.506927534,3851454.108851749,-2694037.617826737,-4299906.110481724,3851445.0729838265,32.34326305015803,531.7603412893499,2.227939139585942,3.340908020734787,8,True,2
1135.0,89.16666666666667,-2694029.155086508,-4299945.043266766,3851435.8642412205,-2694044.0045486805,-4299920.55767678,3851424.6139265792,30.76719394565093,536.6525181721399,1.0039409574653422,2.232282727956772,7,True,2
1136.0,89.33333333333333,-2694034.7856162507,-4299968.075446849,3851425.247433774,-2694050.270004637,-4299934.961469952,3851404.287085827,42.138319089461845,550.6844467515591,2.3091386603191495,4.744500018656254,8,True,2
1137.0,89.5,-2694039.1334832977,-4299981.932880495,3851400.6852021567,-2694056.439588328,-4299949.345712582,3851384.0483696414,40.47479437939095,549.9626469472976,1.9596296935342252,3.305674709379673,8,True,2
1138.0,89.66666666666666,-2694045.778363521,-4299992.755665835,3851379.1860773372,-2694062.6323290747,-4299963.683541397,3851363.84486691,36.94045629941593,550.517099315531,2.447714786976576,4.549482397735119,8,True,2
1139.0,89.83333333333333,-2694054.2824756783,-4300011.2178529175,3851358.2424852173,-2694068.929383072,-4299977.987724693,3851343.606028517,39.15353346500011,555.6512590907105,2.427649509627372,5.969750571995974,8,True,2
1140.0,90.0,-2694057.497428007,-4300021.300459852,3851332.420181867,-2694075.3304013745,-4299992.274384317,3851323.3142167297,35.26253821269964,551.562055002963,2.8121104608289897,5.051234398037195,8,True,2
1141.0,90.16666666666666,-2694068.028835287,-4300035.38695736,3851316.1531100837,-2694081.793582831,-4300006.593564524,3851302.9429748696,34.54034479189835,558.7013415555799,1.54614482447505,3.5163119584321976,8,True,2
1142.0,90.33333333333333,-2694073.6771849403,-4300049.76569059,3851299.41966549,-2694088.1348809646,-4300021.068526383,3851282.483483455,36.32335983643034,562.8520355396935,1.3950012605637312,3.8404719084501266,8,True,2
1143.0,90.5,-2694078.151498174,-4300062.737799973,3851274.6823467705,-2694094.4576142486,-4300035.714052809,3851261.847553806,34.07204488526692,563.559039062444,1.188312060199678,1.6647978834807873,8,True,2
1144.0,90.66666666666666,-2694084.883639865,-4300078.606484369,3851252.844330559,-2694100.8954710485,-4300050.509994377,3851240.964633781,34.45168621787993,568.3550788450809,1.19562179595232,3.4799658618867397,8,True,2
1145.0,90.83333333333333,-2694089.5399050736,-4300093.217086802,3851231.031090334,-2694107.455954683,-4300065.451646441,3851219.834721068,34.88929917357577,569.5173519034348,1.4259885656647384,4.04238049313426,8,True,2
1146.0,91.0,-2694099.798665831,-4300104.488028479,3851207.1817840384,-2694114.1129708164,-4300080.547402648,3851198.466632202,29.223394120362546,567.1041756550605,0.8174012904720647,1.558965764939785,7,True,2
1147.0,91.16666666666666,-2694104.8996445336,-4300117.715273976,3851184.809469332,-2694120.7843117816,-4300095.832861715,3851176.878002703,28.179261573685363,566.7642528289291,1.0722174192113536,2.4870181269943714,7,True,2
1148.0,91.33333333333333,-2694110.141058217,-4300138.610457219,3851168.575210792,-2694127.486035744,-4300111.250250818,3851155.121744004,35.07741307941253,573.7688168593733,0.9227799033480031,1.9907938204705715,7,True,2
1149.0,91.5,-2694122.982503025,-4300156.87989866,3851154.773973526,-2694134.2356028496,-4300126.677309016,3851133.32131986,38.71750284033997,580.7268593740334,2.006496547056096,4.649175621569157,7,True,2
1150.0,91.66666666666666,-2694125.973616191,-4300167.226673765,3851117.208367605,-2694140.958587611,-4300141.961882131,3851111.69720446,29.88698686679049,570.1455055746065,0.6941644421645573,1.2701473534107208,7,True,2
1151.0,91.83333333333333,-2694129.6089051533,-4300181.233193054,3851101.729772289,-2694147.684311897,-4300157.117407193,3851090.21412346,32.2630070601847,572.6656837343954,1.0519320049456187,2.727909315377474,7,True,2
1152.0,92.0,-2694138.112468678,-4300195.712610697,3851078.211563655,-2694154.4464486395,-4300172.297716504,3851068.6780593134,30.098901583012033,569.1175356574905,2.143548565783671,5.262139935046434,7,True,2
1153.0,92.16666666666666,-2694144.450231104,-4300213.420436486,3851060.0386328637,-2694161.2703896463,-4300187.526656638,3851047.0449161655,33.49988420605162,573.2114016424383,1.2620744364602225,2.7892146930098534,7,True,2
1154.0,92.33333333333333,-2694145.587955061,-4300219.751164242,3851020.320475976,-2694168.0606694305,-4300202.768623778,3851025.420522252,28.625863196955326,556.2625317425321,0.23023725238939127,0.45706164464354515,6,True,2
1155.0,92.5,-2694156.448721134,-4300244.1236030515,3851013.2749658744,-2694174.7315028203,-4300218.05351092,3851003.8313350393,33.212828444314496,566.8323896479799,1.4661788833992822,3.317146148532629,7,True,2
1156.0,92.66666666666666,-2694164.284982657,-4300260.573947448,3850992.191085837,-2694181.3540141773,-4300233.344708608,3850982.268535714,33.63391570683059,568.070171460399,1.046769915414708,1.6335736811161041,7,True,2
1157.0,92.83333333333333,-2694174.1786698042,-4300277.078703718,3850974.551585635,-2694188.044360822,-4300248.577393367,3850960.723305349,34.580390611188356,568.3911128324276,0.6709344504134995,1.3264019303023815,7,True,2
1158.0,93.0,-2694178.7334891413,-4300287.109427849,3850950.6871745354,-2694194.813977194,-4300263.736450789,3850939.2044633273,30.60605837672987,560.0201371839811,1.8765515780874662,3.3903874084353447,7,True,2
1159.0,93.16666666666666,-2694187.7240449307,-4300311.022196101,3850934.5923545943,-2694201.55884166,-4300278.8393475,3850917.764925343,38.86257479641606,565.2553068307052,1.3808180396445096,2.918177630752325,8,True,2
1160.0,93.33333333333333,-2694193.5246962653,-4300322.946938037,3850907.7788949623,-2694208.223190727,-4300293.897168972,3850896.431149963,34.477617939278204,559.5535793290574,1.3583647175692022,2.3329308182001114,8,True,2
1161.0,93.5,-2694195.0932081873,-4300333.463074504,3850886.900904872,-2694215.006863363,-4300308.911927088,3850875.0620294623,33.75605831375119,555.5459779364687,1.752813354600221,3.6445577405393124,8,True,2
1162.0,93.66666666666667,-2694204.439583583,-4300334.973299347,3850856.7113993117,-2694221.957065795,-4300323.925602827,3850853.578189583,20.9459013807299,542.4839823840118,2.155157433822751,5.663210973143578,8,True,2
1164.0,94.0,-2694214.6390343537,-4300369.167367155,3850808.228425631,-2694236.6744018043,-4300353.655473702,3850810.37217985,27.032793776044645,541.615888880737,2.2192998081445694,4.604394000023603,7,True,2
1165.0,94.16666666666667,-2694232.340568412,-4300399.374334517,3850811.5778557938,-2694245.0419838424,-4300367.995477165,3850788.6500084633,40.88575333595656,563.3589895728101,2.56131624057889,4.268789574503899,7,True,2
1166.0,94.33333333333334,-2694235.5843986603,-4300411.821360666,3850782.876730832,-2694254.09791802,-4300381.999513476,3850766.821933385,38.598568496447946,555.9733830559458,1.401803179178387,2.604068711400032,8,True,2
1167.0,94.5,-2694250.8122744206,-4300428.555198576,3850761.432058133,-2694263.859681603,-4300395.545323745,3850745.011426124,39.1091271460577,555.6464169823718,2.747273631926094,3.769965074956417,7,True,2
1168.0,94.66666666666667,-2694263.7132229637,-4300441.682257563,3850750.3504703054,-2694274.3772984743,-4300408.545913485,3850723.280223327,44.09691686287458,561.715841526293,1.330658889375627,2.7314110696315765,8,True,2
1169.0,94.83333333333334,-2694270.6181706106,-4300451.507898478,3850718.9154418227,-2694285.362687741,-4300421.142017884,3850701.672423388,37.90526578694372,552.8499614007966,1.5244955429807305,3.564744934439659,8,True,2
1170.0,95.0,-2694288.3141759317,-4300469.041226968,3850707.7168160104,-2694296.467016749,-4300433.54423706,3850680.196847055,45.64924749946689,560.9558795849955,1.7065508211962879,3.9568236991763115,8,True,2
1171.0,95.16666666666667,-2694287.9485697486,-4300473.486276526,3850665.3906713407,-2694307.5137280864,-4300445.871139406,3850658.844676018,34.47087573141376,542.579867069019,2.0265576634556055,5.070396028459072,8,True,2
1172.0,95.33333333333334,-2694303.6414271863,-4300487.947752998,3850655.0093384394,-2694318.4399032504,-4300458.122394862,3850637.660009505,37.54392222799286,546.9264706615429,2.1267251069657505,4.322040054947138,8,True,2
1173.0,95.5,-2694318.079339218,-4300505.381150642,3850637.348913475,-2694329.156529394,-4300470.306072695,3850616.69576692,42.18433000312633,550.1788873731447,3.0753229106776416,5.258711125701666,8,True,2
1174.0,95.66666666666667,-2694325.003704113,-4300516.844533895,3850610.809301078,-2694339.6296548923,-4300482.45139805,3850595.943130672,40.22199960182353,543.4074212078151,2.9386348905973136,4.745867162942886,8,True,2
1175.0,95.83333333333334,-2694338.1501253396,-4300531.2913979255,3850600.7564669005,-2694349.83359481,-4300494.717569964,3850575.243348294,46.09845519814472,547.1328451236817,2.62124365568161,5.573571000248194,8,True,2
1176.0,96.0,-2694347.855471432,-4300541.077018975,3850579.455199983,-2694359.417743596,-4300507.39580287,3850554.517042813,43.474384859688044,542.8154075818729,2.928982971701771,6.1046966798603535,8,True,2
1177.0,96.16666666666667,-2694356.423563929,-4300555.9661707,3850555.6926138964,-2694367.911340926,-4300520.685637214,3850533.870050931,43.04543318146075,534.8575798639322,1.2566438782960176,2.5411016531288624,8,True,2
1178.0,96.33333333333334,-2694365.1570468037,-4300575.676310063,3850535.230170579,-2694375.4358795844,-4300534.44735597,3850513.372931559,47.78305093397869,537.1053568520598,3.190199727192521,6.535897932946682,8,True,2
1179.0,96.5,-2694373.026660158,-4300582.907108864,3850517.4392705285,-2694382.182223364,-4300548.585230585,3850492.999226675,43.117646152784374,535.1406774436384,0.6932107241203388,1.083551999181509,6,True,2
1180.0,96.66666666666667,-2694375.285232385,-4300591.523597352,3850486.2107732873,-2694388.006344851,-4300563.253097601,3850472.6783788,33.825634644511716,523.0345736616248,0.8664445930293628,2.0085554607212543,7,True,2
1181.0,96.83333333333334,-2694378.7083478714,-4300610.215359404,3850468.7379483986,-2694392.803504606,-4300578.500677021,3850452.428028123,38.347203566706995,522.6091376919736,0.8520370894111693,1.8797533065080643,8,True,2
1182.0,97.0,-2694381.3640405824,-4300629.036337462,3850450.4508502544,-2694396.57797417,-4300594.3014407,3850432.274634919,42.05177323499279,521.8561169631535,1.2463579433970153,2.6277787685394287,8,True,2
1183.0,97.16666666666667,-2694385.8049296774,-4300641.846001288,3850424.575054532,-2694399.423039549,-4300610.620790187,3850412.1917403466,36.246561146794505,515.4330684381649,1.5536599247716367,3.483310427516699,8,True,2
1184.0,97.33333333333334,-2694389.4748191214,-4300662.5103895385,3850408.1696932176,-2694401.321160088,-4300627.414062796,3850392.241084565,40.321315934703215,515.7478782899591,1.5457172585385186,2.8035807833075523,7,True,2
1185.0,97.5,-2694393.839580406,-4300686.731808937,3850402.063859093,-2694402.2698078216,-4300644.627190653,3850372.484408458,52.14222391660117,523.6002268646149,2.3010958140449866,4.938077289611101,7,True,2
1186.0,97.66666666666667,-2694386.7687089806,-4300693.11566134,3850370.787175615,-2694402.107417217,-4300662.369342383,3850352.912893761,38.7311509194877,509.14778439179133,2.874482259619981,4.624053716659546,8,True,2
1187.0,97.83333333333334,-2694386.9556408925,-4300709.962496677,3850350.1376237343,-2694400.9798170417,-4300680.57299875,3850333.500082068,36.56812680162985,504.57379136183096,2.4338236435183456,5.442443683743477,7,True,2
1188.0,98.0,-2694386.8450443745,-4300727.606604368,3850328.851594009,-2694399.200137587,-4300699.137372157,3850314.140134346,34.34490582932453,499.8173464953797,1.168132005525487,2.9213638305664062,7,True,2
1189.0,98.16666666666667,-2694380.926458331,-4300746.492454129,3850315.720780854,-2694397.0264514973,-4300717.940522757,3850294.7889507567,38.891696752095136,497.75178222567354,1.2359894247991698,2.9771210700273514,7,True,2
1190.0,98.33333333333333,-2694380.6904504998,-4300771.4265536405,3850299.3927038326,-2694394.824438878,-4300736.848743518,3850275.3406903497,44.42852611701924,499.9811070871198,1.370971028293882,3.1503849923610687,7,True,2
1191.0,98.5,-2694380.149441129,-4300783.299574693,3850272.1831911854,-2694392.733139757,-4300755.766975432,3850255.80417239,34.41897369072496,489.7362686574808,0.660922215453216,1.4899811521172523,7,True,2
1192.0,98.66666666666667,-2694375.166902329,-4300801.162953105,3850245.621636911,-2694390.6728117787,-4300774.617985732,3850236.320518303,32.11820866813328,480.0946629719384,2.8426252076668397,5.76460125297308,7,True,2
1193.0,98.83333333333333,-2694376.5324089145,-4300834.365559428,3850248.116386555,-2694388.605217872,-4300793.457527964,3850216.854447896,52.88221405233061,494.4023412783831,2.014831424823829,3.898770835250616,7,True,2
1194.0,99.0,-2694370.6220850535,-4300838.451539646,3850209.5252306387,-2694386.516447401,-4300812.413556252,3850197.273658502,32.87412893902145,472.039145231738,1.314822793006897,2.9004018642008305,7,True,2
1195.0,99.16666666666667,-2694370.688801563,-4300862.557557238,3850197.438562251,-2694384.388616338,-4300831.457526234,3850177.622250186,39.33933244488201,476.51193155810415,1.3007892348936625,3.314225744456053,7,True,2
1196.0,99.33333333333333,-2694365.2043308318,-4300880.891985353,3850171.7734262673,-2694382.163440343,-4300850.546458356,3850157.98842473,37.39637243801467,469.1351858066098,2.4745580879971385,4.146635428071022,8,True,2
1197.0,99.5,-2694369.623762598,-4300899.301057945,3850153.677999688,-2694379.960313745,-4300869.637351078,3850138.3369012256,34.958963038627914,466.9260756532508,0.8364648385904729,2.46129297837615,8,True,2
1198.0,99.66666666666667,-2694364.348296862,-4300923.771755126,3850141.96710655,-2694377.824275352,-4300888.701988841,3850118.667679516,44.20807396444559,468.4240170353993,1.323238869663328,2.4528955444693565,8,True,2
1199.0,99.83333333333333,-2694366.377291083,-4300948.268666449,3850127.543872717,-2694375.7256537685,-4300907.7430621125,3850098.998400084,50.443636859002126,472.489430009571,3.3364848932251334,8.162160143256187,8,True,2
1200.0,100.0,-2694357.746404267,-4300947.3418435315,3850084.5107882298,-2694373.600466912,-4300926.808602654,3850079.320242584,26.455756412811713,449.3287642324134,2.367716817650944,6.538007717579603,8,True,2
1201.0,100.33333333333333,-2694358.2155639622,-4300970.156567765,3850067.399505211,-2694371.448360102,-4300945.914730053,3850059.6155662015,28.694307725229606,451.29575661114916,0.9355105880115714,2.123318273574114,7,True,2
1202.0,100.66666666666667,-2694355.231632161,-4300993.661972247,3850052.3187542604,-2694369.213918764,-4300965.056414151,3850039.9284726814,34.1657923992514,453.6167645382445,1.2024521487099784,2.0521343164145947,7,True,2
1203.0,101.0,-2694353.221072046,-4301017.792786257,3850041.491717702,-2694366.9336121064,-4300984.258500982,3850020.206039648,42.01978265097538,458.7738855723993,0.7738937128867421,1.8027341812849045,7,True,2
1204.0,101.33333333333333,-2694352.053815728,-4301036.295652883,3850017.4692732086,-2694364.621034351,-4301003.57606333,3850000.377703216,38.99523418629099,455.3846042727743,0.8380115665495396,1.301295030862093,7,True,2
1205.0,101.66666666666667,-2694343.1710311756,-4301046.761718836,3849993.004720226,-2694362.354117237,-4301023.00002234,3849980.399360074,33.03791936190398,448.6324283897689,0.899592394807509,1.3489292971789837,7,True,2
1206.0,102.0,-2694345.088876258,-4301069.237039972,3849977.7042927016,-2694360.1675259164,-4301042.468916781,3849960.315111383,35.30271549910806,451.42798209424126,0.9733595081738063,1.419749926775694,7,True,2
1207.0,102.33333333333333,-2694341.721308785,-4301088.390124078,3849954.2467307616,-2694358.035163427,-4301061.99114513,3849940.13377672,34.09139795501722,449.42615034672485,1.8733843373400825,4.626261446624994,7,True,2
1208.0,102.66666666666667,-2694344.1942620524,-4301104.989606225,3849931.363420716,-2694355.8933985094,-4301081.598618588,3849919.8641757625,28.569927037896615,448.0144006914399,1.3661064904715334,3.130086950957775,7,True,2
1209.0,103.0,-2694338.564827582,-4301132.107351411,3849916.4181336598,-2694353.632111842,-4301101.249039171,3849899.62979583,38.224426435742814,451.7174740092072,1.1955849209002085,2.1664922572672367,7,True,2
1210.0,103.33333333333333,-2694338.8692814587,-4301145.734408427,3849893.4632489732,-2694351.263805457,-4301120.878935695,3849879.492381488,31.09025390990405,447.593140554905,0.7259862832725048,1.3089959509670734,7,True,2
1211.0,103.66666666666667,-2694338.479495593,-4301167.636593358,3849866.8240499063,-2694348.966514201,-4301140.472163525,3849859.346086017,30.063329012746646,447.19420798688407,2.4122780380504474,5.695526994764805,7,True,2
1212.0,104.0,-2694330.0436166534,-4301190.486603964,3849856.3023996456,-2694346.780638884,-4301160.0431568,3849839.146806041,38.74591307888399,448.1838716926078,1.2310534827411175,2.4574079439044,7,True,2
1213.0,104.33333333333333,-2694333.680524879,-4301212.247559998,3849835.7245538495,-2694344.7390730907,-4301179.611051785,3849818.8504376486,38.36885396349124,449.48858072572585,1.3653764368167944,2.6177799440920353,7,True,2
1214.0,104.66666666666667,-2694332.5964261335,-4301230.466776023,3849816.539724491,-2694343.024494735,-4301199.117053104,3849798.395234968,37.69313255635202,447.70069274335606,0.6697715105754989,1.3439450711011887,7,True,2
1215.0,105.0,-2694323.2588049,-4301211.657577206,3849762.4664410516,-2694342.037643482,-4301218.349873002,3849777.7370928447,25.1122362142878,416.58110869669537,8.05968406370708,16.356594558805227,7,True,2
1216.0,105.33333333333333,-2694331.9615294714,-4301277.308316811,3849783.8108162084,-2694342.134578373,-4301237.110319425,3849756.849547099,49.459882225503804,458.4863317914512,1.6769174970686436,2.836584649980068,7,True,2
1217.0,105.66666666666667,-2694329.216102389,-4301283.220446502,3849751.5091558085,-2694343.3474910646,-4301255.449764363,3849735.653208426,34.96166471678383,447.994814919465,2.2632612261388982,4.263698346912861,7,True,2
1218.0,106.0,-2694328.8786103614,-4301294.735786243,3849718.816621594,-2694345.5341113447,-4301273.441433288,3849714.165715548,27.431480234111923,438.3430094098266,0.13935444131493568,0.31547313928604126,7,True,2
1219.0,106.33333333333333,-2694337.0985280103,-4301324.071047882,3849715.675255625,-2694348.471011694,-4301291.145803785,3849692.47527419,41.852648931172304,454.30679073488005,1.5908026450446673,2.9257594607770443,7,True,2
1220.0,106.66666666666667,-2694346.4290812584,-4301346.9671897385,3849699.3798727593,-2694352.2218316165,-4301308.530960469,3849670.5730615007,48.381112555375765,463.6595833045238,1.789517164762531,3.3410706631839275,7,True,2
1221.0,107.0,-2694343.3240127284,-4301357.998895222,3849664.1355258,-2694357.041823778,-4301325.437013031,3849648.459075409,38.65495581017584,454.59649268839956,0.654601263148444,1.6509169079363346,7,True,2
1222.0,107.33333333333333,-2694352.6773098907,-4301373.814072552,3849647.703609534,-2694362.9274085807,-4301341.691352935,3849626.327374493,39.92338992774263,460.8959804271273,1.4659056823168481,2.738220289349556,7,True,2
1223.0,107.66666666666667,-2694360.4136940287,-4301387.412364916,3849618.225935495,-2694369.6608736133,-4301357.263455447,3849604.363198918,34.447678265094865,460.0624648220646,0.6766712181270123,1.5618692860007286,7,True,2
1224.0,108.0,-2694370.2174710436,-4301411.739751979,3849609.625601556,-2694377.161799946,-4301372.275228762,3849582.487161359,48.39594231926505,476.8135533413406,0.9822498341090977,1.8633347228169441,8,True,2
1225.0,108.33333333333333,-2694372.705584387,-4301417.695740852,3849575.39717459,-2694385.3948098947,-4301386.820364732,3849560.619873444,36.50580671137774,469.09553751285773,1.2336508062269007,2.15417667850852,7,True,2
1226.0,108.66666666666667,-2694380.3117502155,-4301431.263534207,3849553.491134469,-2694394.206544768,-4301400.971084892,3849538.7877984247,36.42644495410314,473.1236410742372,1.030878325658185,2.038661539554596,7,True,2
1227.0,109.0,-2694393.206028124,-4301450.955638663,3849532.882796527,-2694403.3703630394,-4301414.932938411,3849516.9203679776,40.69088058661257,480.03922447701456,0.6235137251870972,1.672271303832531,7,True,2
1228.0,109.33333333333333,-2694402.054675768,-4301460.106136842,3849510.5273813168,-2694412.6446043183,-4301428.920880729,3849494.94701286,36.43370234747614,481.76901945932246,0.9199120205427919,1.6734893396496773,7,True,2
1229.0,109.66666666666667,-2694415.6937240777,-4301481.611476926,3849501.701645979,-2694421.934890644,-4301443.017870907,3849472.841268608,48.5936206482432,498.693083972058,1.5145977240587984,3.122277393937111,7,True,2
1230.0,110.0,-2694421.6152986484,-4301491.5368375415,3849471.701888101,-2694431.31236324,-4301457.187291479,3849450.594312738,41.46630094566068,497.39955410702913,0.6159941096390996,1.080394558608532,7,True,2
1231.0,110.33333333333333,-2694424.0176114445,-4301499.215978105,3849431.5461714533,-2694440.8370813024,-4301471.391519154,3849428.206143849,32.68410724758047,486.9319643355721,0.87975196292003,1.4950059615075588,6,True,2
1232.0,110.66666666666667,-2694440.82581715,-4301519.629556346,3849425.590783261,-2694450.437544992,-4301485.68328649,3849405.667939298,40.51733284441659,506.11778204059243,0.6469671566571508,1.4643870927393436,7,True,2
1233.0,111.0,-2694451.960512058,-4301535.645523779,3849410.6047729286,-2694460.019730788,-4301500.129434728,3849382.970876311,45.71625345870568,514.6168756164027,1.2850306007478918,3.0960398092865944,7,True,2
1234.0,111.33333333333333,-2694459.298134365,-4301546.405672402,3849373.172177031,-2694469.699825425,-4301514.665129201,3849360.106131987,35.86612319070339,509.7741845273642,0.509710502411638,1.0772892832756042,7,True,2
1235.0,111.66666666666667,-2694468.985513795,-4301563.2003960535,3849358.017833368,-2694479.5157229886,-4301529.250735938,3849337.091347255,41.2478187142528,522.0334933748452,0.5536482233021941,1.0865296609699726,7,True,2
1236.0,112.0,-2694480.7326077856,-4301582.651261986,3849341.709256696,-2694489.411294661,-4301543.913464442,3849313.9353419184,48.44921987550014,536.0195492493162,1.44999597966671,3.0794709399342537,7,True,2
1237.0,112.33333333333333,-2694486.2972393744,-4301594.470164157,3849308.1782350363,-2694499.318970942,-4301558.69563798,3849290.638114515,41.91703763585872,533.4309681299835,1.4484238415025175,3.3464856259524822,8,True,2
1238.0,112.66666666666667,-2694500.260907191,-4301606.411803935,3849289.339561716,-2694509.1901291707,-4301573.619764476,3849267.2084849896,40.55654588472987,539.5867920099093,0.8653851869915213,1.9890751540660858,7,True,2
1239.0,113.0,-2694509.9797936054,-4301625.8611840205,3849271.2174536698,-2694519.052652296,-4301588.596852861,3849243.725844941,47.18830037258104,550.8708861420818,0.6407178933066981,1.2775407657027245,7,True,2
1240.0,113.33333333333333,-2694519.7676525773,-4301642.07856559,3849244.580541527,-2694528.9405030278,-4301603.59768104,3849220.199015287,46.46911321431371,554.3102845521826,2.145683785102197,4.648331176489592,7,True,2
1241.0,113.66666666666667,-2694531.081982358,-4301656.83174024,3849219.4151708763,-2694538.658122397,-4301618.760640441,3849196.6103525534,45.02073162973217,558.8082178677656,1.2398066052368708,2.4979739151895046,7,True,2
1242.0,114.0,-2694539.8654412907,-4301676.204456092,3849201.0924781384,-2694547.9230727623,-4301634.302383566,3849172.915748412,51.13352329889339,568.2326313620513,1.7848927729896136,4.322305340319872,7,True,2
1243.0,114.33333333333333,-2694553.7058655666,-4301695.286258752,3849182.4495232366,-2694556.7399958447,-4301650.180266887,3849149.159309575,56.14262885151834,581.5736527247949,1.1707169094255991,1.9493107348680496,7,True,2
1244.0,114.66666666666667,-2694556.115826539,-4301701.018544175,3849146.007162499,-2694565.1957624205,-4301666.31603285,3849125.3675001846,41.38484249436605,575.2068791081127,1.7004396255527223,4.054799687117338,7,True,2
1245.0,115.0,-2694561.6926163686,-4301716.796244642,3849121.8385388767,-2694573.1623767246,-4301682.805750361,3849101.5226766034,41.22673118261388,581.5375728700791,1.1413070820271969,2.953428093343973,7,True,2
1246.0,115.33333333333333,-2694573.4702875135,-4301734.939025238,3849096.674631611,-2694580.550453533,-4301699.673621904,3849077.6601249143,40.6857332255022,590.4759995950486,1.0846542274313313,2.1565702222287655,7,True,2
1247.0,115.66666666666667,-2694578.987442717,-4301755.213387788,3849073.7513184007,-2694587.4575886666,-4301716.858512048,3849053.779844931,44.064720787065056,597.8032290671575,2.1825691179505418,4.515725947916508,7,True,2
1248.0,116.0,-2694584.2326272978,-4301773.681497404,3849055.230177584,-2694593.9624305177,-4301734.319100596,3849029.8730147392,47.823143568107874,608.7469959424805,1.509971478155681,4.016179371625185,7,True,2
1249.0,116.33333333333333,-2694592.0398875554,-4301792.127345723,3849029.0095205014,-2694599.9534284794,-4301752.077581737,3849005.992564592,46.86563756756026,616.8471039735572,1.045508962124586,2.6459267139434814,7,True,2
1250.0,116.66666666666666,-2694597.3548481488,-4301810.734879233,3849010.1240123226,-2694605.344413594,-4301770.17998344,3848982.147316559,49.91220526713352,625.6381582071874,1.5580298182155405,3.589853122830391,7,True,2
1251.0,117.0,-2694603.6429420244,-4301830.898183999,3848986.0761673315,-2694610.151111411,-4301788.584667976,3848958.3725582906,50.992939323547546,632.4769197144917,1.5153561947601182,3.3535469360649586,7,True,2
1252.0,117.33333333333334,-2694603.7876508953,-4301844.85136709,3848956.244519345,-2694614.391748128,-4301807.304056169,3848934.6418249896,44.59735237533145,634.7350969530082,0.9765524465058532,1.7429367303848267,7,True,2
1253.0,117.66666666666667,-2694615.7919832882,-4301876.137216357,3848952.6638756627,-2694618.146048236,-4301826.248475976,3848910.999226528,65.0413024624556,660.4968691687769,3.3164926570441042,6.4456279538571835,7,True,2
1254.0,118.0,-2694613.631962148,-4301881.705386212,3848908.743721303,-2694621.3821920524,-4301845.3504494205,3848887.541804867,42.793326036417426,647.3168451380837,1.501109782074179,2.763810455799103,7,True,2
1255.0,118.33333333333333,-2694616.784168625,-4301899.843942598,3848889.3646713262,-2694624.022595032,-4301864.602951573,3848864.331315544,43.829113235574,657.1999960474534,1.4786858462861605,3.0509787313640118,7,True,2
1256.0,118.66666666666667,-2694620.6151964925,-4301927.0867735725,3848869.8093938385,-2694626.0011141947,-4301883.983845234,3848841.438336904,51.88243838166759,667.5449694244912,0.8760739048676831,1.5639757066965103,7,True,2
1257.0,119.0,-2694619.5790401665,-4301943.656613867,3848841.522557769,-2694627.436801004,-4301903.466236545,3848818.8099401854,46.8281307780693,666.7408505797766,1.7714348658919334,3.940276212990284,7,True,2
1258.0,119.33333333333333,-2694633.703464721,-4301981.251777014,3848847.5931256516,-2694628.4369071326,-4301923.054460315,3848796.366729787,77.70976729491315,698.9712111956409,3.118272510490247,7.727763392031193,7,True,2
1259.0,119.66666666666666,-2694619.9301529652,-4301976.740106518,3848792.3225911832,-2694628.9385066186,-4301942.748202227,3848774.152817872,39.582074921365944,672.713701269203,1.2559761349111795,2.9874526895582676,8,True,2
1260.0,120.0,-2694619.8220454915,-4302007.796101255,3848777.362488089,-2694628.970911502,-4301962.560885796,3848752.1329183616,52.59712592468355,687.7160567818253,2.3899374678730965,3.9800212644040585,8,True,2
1261.0,120.33333333333333,-2694623.4954714226,-4302033.774770607,3848767.9540270227,-2694628.6914351867,-4301982.409866062,3848730.2893889295,63.90599675361045,705.2843674811577,2.5955166169442236,5.314937997609377,8,True,2
1262.0,120.66666666666667,-2694621.974972668,-4302046.022939539,3848735.54065848,-2694628.2799188234,-4302002.198388755,3848708.6045870087,51.825626322152004,703.4326793300503,1.683760098181665,3.112800221890211,8,True,2
1263.0,121.0,-2694622.7812864063,-4302071.43784091,3848720.9678802784,-2694627.847911626,-4302021.904259656,3848687.025581087,60.26048487498403,718.7387246347809,2.5459888707846403,5.396410424262285,8,True,2
1264.0,121.33333333333334,-2694622.939721286,-4302087.012937468,3848692.154407442,-2694627.3700342,-4302041.503648938,3848665.596483202,52.877654590056245,726.8399843543011,2.6505070882849395,5.6954638212919235,8,True,2
1265.0,121.66666666666667,-2694622.898927465,-4302104.74593421,3848678.2373372675,-2694626.971775383,-4302061.013305377,3848644.211428018,55.55981834958231,738.9644906902847,1.265847276364054,2.477973647415638,7,True,2
1266.0,122.0,-2694624.1145562143,-4302132.898086754,3848659.1590332272,-2694626.7897069296,-4302080.450980291,3848622.75572658,63.89879609609979,753.328403148529,2.8793483646586537,6.143829818814993,8,True,2
1267.0,122.33333333333333,-2694621.9449261115,-4302152.376829482,3848637.9111749423,-2694626.87996507,-4302099.789458706,3848601.220555919,64.31164512678065,763.3472032329202,3.908858109731227,6.114868082106113,8,True,2
1268.0,122.66666666666666,-2694622.783861392,-4302170.967319143,3848617.407703557,-2694627.3208527705,-4302119.003532767,3848579.5794483274,64.4344339540979,776.0421728227383,2.6401867205277085,4.010797422379255,8,True,2
1269.0,123.0,-2694625.9554465213,-4302185.874036826,3848589.104124622,-2694628.289366256,-4302137.958506268,3848557.858869811,57.25042530982762,781.6148850959589,0.5784568311646581,1.0197832770645618,8,True,2
1270.0,123.33333333333333,-2694624.759401441,-4302207.494630679,3848568.7350018946,-2694629.88420438,-4302156.5448903525,3848536.111753843,60.71586249002526,795.4497632559703,2.71520097181201,6.159618888050318,8,True,2
1271.0,123.66666666666667,-2694626.6094088606,-4302218.111705238,3848538.447197473,-2694631.9398230133,-4302174.882266695,3848514.320455364,49.792543182824055,796.9561410448919,1.0709590101614594,1.8519804440438747,8,True,2
1272.0,124.0,-2694630.8585413243,-4302241.565197762,3848525.715316436,-2694634.410094084,-4302193.047200712,3848492.432039356,58.94392333314165,812.2620275588464,1.3806692357175052,2.9791503064334393,8,True,2
1273.0,124.33333333333334,-2694632.695159413,-4302264.701855358,3848504.0429649903,-2694637.395488938,-4302211.016490094,3848470.402392568,63.52873093330988,823.9818490176144,1.9607226881198585,4.621645908802748,8,True,2
1274.0,124.66666666666667,-2694633.8561329567,-4302275.818892242,3848478.865239283,-2694640.949985047,-4302228.859613796,3848448.116821249,56.57704288226592,829.6803141987704,1.9601493631489575,3.4720055237412453,8,True,2
1275.0,125.0,-2694641.2469864218,-4302294.864880875,3848454.333027972,-2694645.0385341016,-4302246.654137689,3848425.5135652167,56.2957638358423,838.3784216227267,2.4903405755758286,4.520252287387848,8,True,2
1276.0,125.33333333333334,-2694646.1873902055,-4302315.675981509,3848434.20472672,-2694649.695468977,-4302264.354719858,3848402.619088908,60.364153519283256,850.2628822279778,1.2183468639850616,2.604846779257059,8,True,2
1277.0,125.66666666666666,-2694654.112134327,-4302337.781854345,3848417.13928578,-2694654.902922044,-4302281.93282388,3848379.477502241,67.3657887101495,862.0267364029392,3.00895182415843,5.872068632394075,8,True,2
1278.0,126.0,-2694657.8911043946,-4302346.049566216,3848387.3316132757,-2694660.5825939835,-4302299.41365406,3848356.115270491,56.18373853386516,858.8474139315862,1.5806939858011901,4.021233718842268,8,True,2
1279.0,126.33333333333333,-2694663.3112756656,-4302370.898084848,3848367.4238566523,-2694666.770623481,-4302316.671290347,3848332.6470856927,64.51306943185824,870.7929739243212,2.667014413047582,4.638398468494415,8,True,2
1280.0,126.66666666666667,-2694671.269338875,-4302383.510140127,3848339.3965020357,-2694673.5206609853,-4302333.62446087,3848309.12588277,58.39486139057499,871.702094208713,2.1775090396404266,4.701747588813305,8,True,2
1281.0,127.0,-2694676.319076983,-4302397.740189265,3848316.790289547,-2694680.8334345077,-4302350.240931236,3848285.586951978,57.010588600945816,875.8255049713397,1.0503450683318079,2.7961506694555283,8,True,2
1282.0,127.33333333333333,-2694683.9543729085,-4302414.809336385,3848298.596830315,-2694688.599888607,-4302366.596951423,3848262.021470399,60.69408400131683,885.3452221496934,1.8843882991932333,4.264377001672983,8,True,2
1283.0,127.66666666666667,-2694695.6162371463,-4302431.30900159,3848267.775165382,-2694696.817176557,-4302382.654581486,3848238.473551579,56.80914910975645,888.6477629296913,1.1887768730521202,3.3088687397539616,8,True,2
1284.0,128.0,-2694704.0297468714,-4302450.42429215,3848249.8317566565,-2694705.524294193,-4302398.325841388,3848215.013778073,62.679932005207476,900.8514124725159,1.8368695387616754,4.885651990771294,8,True,2
1285.0,128.33333333333334,-2694711.4947375,-4302462.936135952,3848224.905615446,-2694714.6129075843,-4302413.65475172,3848191.668619287,59.52374089565243,904.4156309978251,2.6685846224427223,5.013124518096447,8,True,2
1286.0,128.66666666666666,-2694720.588563571,-4302480.4390561655,3848201.470806035,-2694723.8613214167,-4302428.788112624,3848168.429253561,61.402565928408706,911.1214907121233,2.6755516519770026,4.613936059176922,8,True,2
1287.0,129.0,-2694725.992415766,-4302492.701806365,3848178.2314900686,-2694733.182640818,-4302443.804183762,3848145.2692133337,59.4069736652657,914.5770732171377,2.7059556911699474,5.729996062815189,8,True,2
1288.0,129.33333333333334,-2694739.654426714,-4302509.05752726,3848156.519611838,-2694742.576505935,-4302458.719080641,3848122.170853591,61.01094121614225,920.9272611117447,2.181357827503234,3.7994782142341137,8,True,2
1289.0,129.66666666666666,-2694750.3369991956,-4302525.698131588,3848133.1389953136,-2694752.02251789,-4302473.617079848,3848099.0547684343,62.26565221339258,926.8961458096442,1.8516214191913605,4.047493651509285,8,True,2
1290.0,130.0,-2694756.846163709,-4302539.129444893,3848111.19766265,-2694761.508508936,-4302488.5455236295,3848075.876842791,61.871082655439274,931.7309889562973,2.000000956002623,3.7796099074184895,8,True,2
1291.0,130.33333333333334,-2694771.9164156145,-4302555.721091285,3848091.0569727635,-2694770.9811902707,-4302503.5695642,3848052.60178398,64.80322498255762,941.2296750689767,1.444150839932263,2.747329458594322,8,True,2
1292.0,130.66666666666666,-2694777.9672839013,-4302570.592570115,3848062.8672123724,-2694780.395504762,-4302518.717420436,3848029.229590992,61.87420288649358,939.1350362485002,2.5194465965032578,4.568934328854084,8,True,2
1293.0,131.0,-2694782.522515014,-4302583.050852537,3848038.747017522,-2694789.8036541324,-4302533.972283754,3848005.7426166735,59.59036311411774,939.4516747477832,3.633246057201177,7.8148798905313015,8,True,2
1294.0,131.33333333333334,-2694797.478279304,-4302601.682605285,3848019.7947932314,-2694799.258564482,-4302549.285115015,3847982.1585060223,64.53802380644548,949.4964880202464,2.1163225681521,4.728543754667044,8,True,2
1295.0,131.66666666666666,-2694804.9039451065,-4302615.65720191,3847990.890604867,-2694808.789910692,-4302564.653214584,3847958.459611751,60.56630058208468,946.4793472940565,1.9406107240356505,3.3443766199052334,8,True,2
1296.0,132.0,-2694817.852642489,-4302631.284025733,3847967.290330383,-2694818.3790997243,-4302580.080281833,3847934.654755808,60.722164606167254,949.586268848551,2.1116132009774446,3.4213275648653507,8,True,2
1297.0,132.33333333333331,-2694828.1007506195,-4302646.851024593,3847951.3960577566,-2694828.0039647813,-4302595.564310693,3847910.76158346,65.4331482623572,955.2728727105341,1.6571926726028323,3.25824361294508,8,True,2
1298.0,132.66666666666666,-2694835.066602335,-4302662.385780586,3847922.1938663526,-2694837.590134957,-4302611.12010444,3847886.815386675,62.33918985634934,950.8139376423611,1.4028429477475584,2.552817016839981,8,True,2
1299.0,133.0,-2694846.408940295,-4302681.365215119,3847900.332875245,-2694847.108658164,-4302626.71813241,3847862.869104441,66.25954555028069,954.8659628267709,2.295512581244111,3.744737211614847,8,True,2
1300.0,133.33333333333331,-2694852.5481038424,-4302691.910736096,3847871.8647759818,-2694856.501269419,-4302642.31544927,3847839.010969663,59.62124271621524,949.1658776747231,1.413945995271206,3.0594658590853214,8,True,2
1301.0,133.66666666666666,-2694864.2226765472,-4302710.197983346,3847853.069712031,-2694865.7554354547,-4302657.97551278,3847815.179220031,64.53855565371062,952.9637037596401,1.7094975356012583,4.592845216393471,8,True,2
1302.0,134.0,-2694871.848486478,-4302728.377429997,3847825.9128577393,-2694874.9337176364,-4302673.714745572,3847791.312092356,64.76681777682687,951.8015485534712,2.7394568864256144,5.17590444907546,8,True,2
1303.0,134.33333333333334,-2694883.8557499945,-4302743.377174349,3847804.6599945826,-2694884.111210798,-4302689.486113205,3847767.4095862615,65.51262971012262,954.6888442387054,1.1861611469648778,3.4066587015986443,8,True,2
1304.0,134.66666666666669,-2694888.5820124513,-4302753.715286366,3847775.295850055,-2694893.3408446484,-4302705.240576618,3847743.489348205,58.17299656117845,948.5007871146519,2.7540541025809944,4.466693837195635,8,True,2
1305.0,135.0,-2694900.5414504735,-4302773.088230087,3847755.5596634313,-2694902.689843767,-4302720.951918225,3847719.533731101,63.408819643937,953.0780105498882,1.5205845274031162,3.3618315495550632,8,True,2
1306.0,135.33333333333334,-2694911.862446557,-4302787.514644312,3847729.7265101415,-2694912.199330921,-4302736.602324756,3847695.5339110936,61.32953288005326,952.6912662604371,1.1642623669467866,3.247809551656246,8,True,2
1307.0,135.66666666666669,-2694921.8833286357,-4302807.7874932,3847708.6368166083,-2694921.858587105,-4302752.17467867,3847671.5163582433,66.86339941472708,953.800433201476,1.554483319632709,3.9814489521086216,8,True,2
1308.0,136.0,-2694929.2590122046,-4302815.291260087,3847680.43654414,-2694931.6343643432,-4302767.665973469,3847647.5075429855,57.94936876513732,942.9645425499132,0.9401635192334652,1.6111960001289845,8,True,2
1309.0,136.33333333333334,-2694942.497135291,-4302837.303469447,3847662.747389678,-2694941.4433303964,-4302783.160175849,3847623.472171122,66.89655849941222,947.7389504799048,1.4938072338700294,3.9276861660182476,8,True,2
1310.0,136.66666666666666,-2694951.7720532753,-4302855.187013762,3847641.353318737,-2694951.2293433645,-4302798.684505126,3847599.419065976,70.36554249614588,946.7339977509876,2.7148432042449713,5.279428768903017,8,True,2
1311.0,137.0,-2694961.9529165234,-4302865.561427189,3847605.3449949613,-2694960.939833994,-4302814.271886453,3847575.348227354,59.42599929318123,934.7471049106841,0.714844970498234,1.1116606146097183,8,True,2
1312.0,137.33333333333334,-2694969.0186943985,-4302877.3517272575,3847586.0601603454,-2694970.58982096,-4302829.912912953,3847551.25965507,58.855625973531076,931.7963037391783,0.5276720230467618,1.2942293658852577,8,True,2
1313.0,137.66666666666666,-2694978.760891461,-4302895.7176195895,3847565.9225626863,-2694980.206859666,-4302845.5347234905,3847527.2151148366,63.393062743286386,929.8532388777253,2.385987534187734,4.044088572263718,8,True,2
1314.0,138.0,-2694990.409063088,-4302914.642309652,3847537.4353361567,-2694989.838190205,-4302861.012413732,3847503.320491908,63.563466160520264,924.2310366692363,1.5423303921706975,3.627207674086094,8,True,2
1315.0,138.33333333333334,-2694998.271556057,-4302928.253867899,3847517.527170465,-2694999.448809213,-4302876.256706709,3847479.699320568,64.31202783812319,920.7084442127831,1.6710864990018308,3.032033961266279,8,True,2
1316.0,138.66666666666666,-2695008.917385196,-4302948.232210719,3847498.6566969636,-2695009.065186336,-4302891.243085348,3847456.360427499,70.97011107757194,920.8309402947914,1.8566091572865844,4.195008207112551,8,True,2
1317.0,139.0,-2695019.604949883,-4302960.550369219,3847468.730410193,-2695018.5403347127,-4302906.087444779,3847433.277344173,64.9943338622479,910.8165703089422,1.4930569119751453,3.716387890279293,8,True,2
1318.0,139.33333333333331,-2695023.203518992,-4302972.782370151,3847440.948769758,-2695027.919679577,-4302920.745452348,3847410.4677209416,60.4911342432365,900.4427559591478,1.8346446631476283,3.6744649969041348,8,True,2
1319.0,139.66666666666666,-2695037.8581343275,-4302994.92449494,3847430.401143777,-2695037.3126642373,-4302935.124736699,3847387.95803224,73.33298262170568,903.0080677160979,2.140863317064941,3.746825747191906,8,True,2
1320.0,140.0,-2695043.8057803162,-4302991.710784916,3847393.391372539,-2695046.5698185246,-4302949.287148186,3847365.783576739,50.69117526296934,879.485772223893,0.8142130507954529,1.436497863382101,7,True,2
1321.0,140.33333333333331,-2695058.5962884794,-4303024.31432491,3847389.467816227,-2695055.4061253048,-4302963.395319966,3847343.962005646,76.10572318238557,891.4758145404375,1.4024694762192667,2.3729518838226795,8,True,2
1322.0,140.66666666666666,-2695066.6765257,-4303032.387256098,3847360.7828123313,-2695063.3237995734,-4302977.689548092,3847322.572738124,66.80636050943805,877.1324060556518,1.835844180546701,3.017389602959156,8,True,2
1323.0,141.0,-2695074.9924957864,-4303050.172266895,3847346.4471483617,-2695070.1057710294,-4302992.274024241,3847301.651074297,73.367396252927,876.6220685555663,2.0848172660917044,4.302937217056751,8,True,2
1324.0,141.33333333333334,-2695073.353796288,-4303062.811269704,3847316.2527590557,-2695076.0824807314,-4303006.941790645,3847281.197018536,66.01325134047978,863.9070499729518,2.421130924485624,4.8250135369598866,8,True,2
1325.0,141.66666666666669,-2695080.0931418543,-4303073.021205066,3847295.619749665,-2695081.460638194,-4303021.555443146,3847261.219399166,61.91913121682074,858.2218927815396,1.0190200991928577,2.1740967743098736,7,True,2
1326.0,142.0,-2695093.016653507,-4303100.164860998,3847290.6916194325,-2695086.0825283783,-4303036.213767786,3847241.718220445,80.84688134248043,866.4458548091808,3.2304098068603446,5.537398509681225,7,True,2
1327.0,142.33333333333334,-2695089.168441596,-4303106.082091607,3847256.648867454,-2695089.7299878905,-4303051.069294615,3847222.675838321,64.6598010794876,849.2188821372858,1.278571582798447,2.990727234631777,7,True,2
1328.0,142.66666666666669,-2695091.8148591355,-4303115.9733651625,3847237.216608038,-2695092.7262472287,-4303066.07048831,3847203.924598322,59.99571365794613,839.9837662349073,1.3682594932615757,2.099451143294573,7,True,2
1329.0,143.0,-2695096.973499004,-4303129.681816731,3847214.3804024137,-2695095.5039845733,-4303081.073435324,3847185.323316495,56.65022910545248,832.9034885087362,1.1055278123489447,2.2649611979722977,7,True,2
1330.0,143.33333333333334,-2695096.928083228,-4303143.304451129,3847203.254947257,-2695098.1919684755,-4303095.949832754,3847166.924939131,59.69863296456564,830.6849127472219,1.7064037610377585,3.7457668259739876,7,True,2
1331.0,143.66666666666666,-2695106.7058093394,-4303168.256935425,3847187.7032303307,-2695100.8538561147,-4303110.667756127,3847148.720643699,69.78825824762883,831.7885869962548,2.2115972340106964,4.8070611245930195,7,True,2
1332.0,144.0,-2695105.4799025636,-4303189.749389707,3847172.665463342,-2695103.590492564,-4303125.187874497,3847130.683959116,77.0337965663845,831.9002782135287,3.76682983757928,7.8171122148633,8,True,2
1333.0,144.33333333333334,-2695107.6868915805,-4303188.559720429,3847146.23993718,-2695106.4397972813,-4303139.470556708,3847112.832535224,59.39154606877646,815.6229939186761,0.7644277454486915,1.769297793507576,7,True,2
1334.0,144.66666666666666,-2695113.807667845,-4303209.298227221,3847136.6995984856,-2695109.438960852,-4303153.508397484,3847095.148724962,69.69982635127322,818.0684448183955,2.3059943009700095,4.859948229044676,7,True,2
1335.0,145.0,-2695114.9046644485,-4303222.471234058,3847119.4702614425,-2695112.669142056,-4303167.314106748,3847077.561935327,69.30810956312543,812.0058317498929,0.7882295213639736,1.5205992870032787,7,True,2
1336.0,145.33333333333331,-2695121.9878292195,-4303239.235262191,3847102.1934743742,-2695116.24905194,-4303180.876874164,3847060.001572567,72.24120428053466,810.700044082693,1.685089331652437,2.5174494832754135,7,True,2
1337.0,145.66666666666666,-2695124.663833246,-4303246.572903126,3847085.412860935,-2695120.1482871403,-4303194.231627326,3847042.4499882143,67.86610156280209,803.8017900524874,1.021707035601139,2.4165935032069683,7,True,2
1338.0,146.0,-2695127.3856402426,-4303260.610670736,3847063.248387479,-2695124.1791658043,-4303207.32913038,3847025.092493908,65.61307975709731,798.4084832024089,0.7913866239999022,1.6982414275407791,7,True,2
1339.0,146.33333333333331,-2695130.504235311,-4303276.151286892,3847046.649825447,-2695128.097208189,-4303220.012766407,3847008.273242077,68.04476036357042,794.0396177381582,0.4526014131094728,1.0763157531619072,7,True,2
1340.0,146.66666666666666,-2695136.7644738066,-4303287.569206583,3847033.1416198947,-2695131.679816689,-4303231.977204782,3846992.486403361,69.05918500596533,789.2857057680992,1.1269390529819898,2.067784808576107,7,True,2
1341.0,147.0,-2695140.2805116423,-4303298.023602247,3847016.1533636586,-2695135.0965342964,-4303243.092446051,3846977.7584583145,67.2195975784268,784.117286087171,0.5518978238105774,1.0061885081231594,7,True,2
1342.0,147.33333333333334,-2695144.166402206,-4303316.806753576,3847007.279650558,-2695138.4773656595,-4303253.666233678,3846963.657016304,76.95469192322028,787.3228938505663,2.202417299617082,4.082784943282604,8,True,2
1343.0,147.66666666666669,-2695147.047218773,-4303320.879377731,3846990.301200594,-2695141.6906974656,-4303263.788945931,3846950.1732568215,69.9875817201759,781.574616901183,1.5649443375212806,3.487881898880005,7,True,2
1344.0,148.0,-2695150.696702794,-4303328.996553893,3846977.129529325,-2695144.73093106,-4303273.217897658,3846937.580742328,68.63640052251309,779.0286911222358,1.560494220682553,2.6988207511603832,7,True,2
1345.0,148.33333333333334,-2695153.2438451853,-4303338.155682095,3846972.2731623584,-2695147.8473849986,-4303281.733414139,3846925.950073764,73.20124753602228,780.0330725301054,0.8003377169370651,1.8371485769748688,7,True,2
1346.0,148.66666666666669,-2695156.923428922,-4303345.374360024,3846952.497649519,-2695151.5130736767,-4303289.372810971,3846914.9106269223,67.6626167679461,772.995356823433,1.3829104698130064,1.920487754046917,7,True,2
1347.0,149.0,-2695157.227802033,-4303350.824490399,3846941.0177079346,-2695156.350575773,-4303295.944716806,3846904.241791745,66.06835163039304,767.9771339197869,2.139500784377257,3.304210852831602,6,True,2
1348.0,149.33333333333334,-2695173.5064191823,-4303366.712282076,3846953.356801243,-2695162.650704408,-4303301.195521258,3846894.022990793,89.05500296911185,788.1970817176402,3.4078501774929464,5.790636200457811,8,True,2
1349.0,149.66666666666666,-2695174.03975205,-4303366.862139036,3846929.897731177,-2695170.352001729,-4303305.060472511,3846884.368945208,76.84995666585102,774.9865406928311,2.2894125481446586,4.200014550238848,6,True,2
1350.0,150.0,-2695182.9735326935,-4303363.8625952955,3846916.110534368,-2695179.2610226567,-4303307.581306453,3846875.3679030016,69.57965374468192,769.0031406389081,0.9659750307244914,2.332041848450899,7,True,2
1351.0,150.33333333333331,-2695195.753692672,-4303363.341654245,3846910.407294434,-2695189.167187979,-4303308.739013879,3846867.187533588,69.94839602597418,767.4111799974961,0.2636769131890365,0.5515932664275169,7,True,2
1352.0,150.66666666666669,-2695202.0717642447,-4303358.53183908,3846895.654240073,-2695199.8195213005,-4303308.5001783,3846860.039629825,61.45437447285755,757.0816627844837,2.8413114193826914,6.31825852766633,8,True,2
1353.0,151.0,-2695216.7306278255,-4303393.1648433935,3846922.788351679,-2695210.9676924166,-4303306.965988809,3846853.985967107,110.44103439831788,794.2311210513387,6.6981986705213785,12.473234757781029,8,True,2
1354.0,151.33333333333331,-2695229.132738368,-4303371.772871613,3846897.3708050097,-2695222.3273886684,-4303304.266860982,3846849.079495944,83.27919780479175,773.1565682893948,1.917831489816308,5.127191461622715,8,True,2
1355.0,151.66666666666669,-2695239.918137579,-4303371.764911288,3846897.4291792153,-2695233.821306171,-4303300.546510184,3846845.2143236897,88.519055274137,775.9984873035315,3.0867290440946817,5.399639241397381,8,True,2
1356.0,152.0,-2695251.5232348903,-4303361.833054244,3846896.111023212,-2695245.5562531617,-4303295.992173119,3846842.1080649225,85.36361052669328,773.7320497022616,1.3248292342759669,2.9987555518746376,8,True,2
1357.0,152.33333333333331,-2695255.210779969,-4303335.270718893,3846864.0042825043,-2695257.316161573,-4303290.8265338,3846839.6636500536,50.716709360780555,742.5231882902924,1.5589886425683896,2.939268633723259,6,True,2
1358.0,152.66666666666666,-2695265.338833017,-4303335.593008953,3846867.048601283,-2695268.595987284,-4303285.445331175,3846837.792833741,58.148934426770296,746.1613820961715,1.1987037217865388,2.273136083036661,6,True,2
1359.0,153.0,-2695280.9155723685,-4303326.814550651,3846867.84041547,-2695279.190099576,-4303279.937652714,3846836.539739503,56.39284646645137,746.1623082966643,1.76554986089468,2.7477990314364433,8,True,2
1360.0,153.33333333333334,-2695293.7333250423,-4303343.041788101,3846880.418656503,-2695288.9544147183,-4303274.290504847,3846836.019087603,81.9810871575113,762.6571569635436,3.9964815443381667,7.026103299111128,8,True,2
1361.0,153.66666666666666,-2695309.9657149375,-4303342.2775411345,3846894.9287370737,-2695298.1070250506,-4303268.5181872025,3846836.063210647,95.11162399927517,772.8564361242121,2.6668906919658184,6.619579277932644,8,True,2
1362.0,154.0,-2695316.7403903045,-4303318.614139058,3846879.1752233077,-2695307.44819835,-4303262.4291929845,3846836.3279489055,71.26697636535697,750.5843389865803,1.1531458129840237,1.8618391789495945,7,True,2
1363.0,154.33333333333334,-2695317.4191747406,-4303309.632278888,3846875.6977676977,-2695317.4085929184,-4303255.642594244,3846836.936846857,66.46273500447472,744.3677032214126,2.1229992085136473,5.417174931615591,8,True,2
1364.0,154.66666666666666,-2695330.8869251725,-4303307.050856807,3846880.794573771,-2695327.8355932725,-4303248.031602699,3846838.136993385,72.88519840272858,750.1343922639263,0.6931880633346736,1.4752120822668076,8,True,2
1365.0,155.0,-2695345.736397829,-4303299.622885622,3846887.508644744,-2695338.56330803,-4303239.565105407,3846840.0784064303,76.86363046432298,749.4993005483975,1.7605500873178244,3.665476121008396,8,True,2
1366.0,155.33333333333334,-2695354.9683858734,-4303291.14240578,3846886.489292677,-2695349.3468014165,-4303230.269441669,3846842.902278949,75.07960933041402,744.1233393963271,2.2728508664295077,4.218391943722963,8,True,2
1367.0,155.66666666666666,-2695363.084001831,-4303281.804760827,3846888.3066244316,-2695360.09200103,-4303220.211469914,3846846.599785233,74.44559080443393,744.587141361235,2.6515767336823046,4.650018360465765,8,True,2
1368.0,156.0,-2695373.591524714,-4303272.1104755355,3846896.763936795,-2695370.924676511,-4303209.5586056085,3846850.897361577,77.6117982842201,743.7504328238257,2.3318171077407897,4.057728912681341,8,True,2
1369.0,156.33333333333334,-2695389.143392949,-4303261.327213495,3846903.4546190836,-2695381.9555785204,-4303198.487672029,3846855.521444756,79.36032918921711,744.392800384252,1.3261815537698567,3.013055108487606,8,True,2
1370.0,156.66666666666666,-2695395.4296607217,-4303251.597147967,3846908.585165609,-2695392.9604070154,-4303187.258288352,3846860.339665445,80.45628848324203,742.2650939911231,2.6297334488481283,3.7502539567649364,8,True,2
1371.0,157.0,-2695409.19883702,-4303240.361828941,3846910.8013275536,-2695403.773855532,-4303176.140778652,3846865.166707246,78.97019877722019,739.6719007562962,1.908826204482466,4.7904890216887,8,True,2
1372.0,157.33333333333334,-2695418.8900526846,-4303230.864258795,3846918.2705981913,-2695414.592581717,-4303165.115208902,3846869.887850807,81.74531217723279,736.7408888813079,2.2732151616364717,4.4496210142970085,8,True,2
1373.0,157.66666666666666,-2695431.0727050346,-4303215.231348277,3846926.4038608563,-2695425.634024213,-4303154.061263951,3846874.4854472326,80.41691450680746,735.5725291412828,1.2830125824548304,2.8482303880155087,8,True,2
1374.0,158.0,-2695444.145299356,-4303207.576027025,3846925.176292578,-2695437.034828019,-4303142.829812859,3846879.030093198,79.82545188474992,732.5666604097765,2.2876992276869714,4.562899876385927,8,True,2
1375.0,158.33333333333334,-2695451.317869695,-4303192.594824762,3846927.713173435,-2695448.818250998,-4303131.3745146105,3846883.5570869935,75.52439631353033,727.22596071082,1.9074769774451852,3.3473736196756363,8,True,2
1376.0,158.66666666666666,-2695467.4191267225,-4303183.534418967,3846935.1252257824,-2695460.716468251,-4303119.751939589,3846888.1899722223,79.47357002722924,726.6166579319035,1.898796334862709,3.2117932848632336,8,True,2
1377.0,159.0,-2695477.8587579434,-4303171.465593181,3846941.0222586454,-2695472.55039315,-4303107.859828056,3846893.167011078,79.77466272961952,721.7311061283001,1.7854134240187705,3.7914944775402546,8,True,2
1378.0,159.33333333333334,-2695488.7894239896,-4303157.2323336275,3846944.498452178,-2695484.3404374705,-4303095.613912354,3846898.567623534,76.98223393242002,714.5027970263086,1.4252903740853071,2.04410220682621,8,True,2
1379.0,159.66666666666669,-2695501.3233312303,-4303148.617420321,3846953.4864687934,-2695496.257512472,-4303082.986550358,3846904.3035633783,82.17074781749533,714.1098760094853,1.7181144040077925,3.916044045239687,8,True,2
1380.0,160.0,-2695511.8971214495,-4303131.271661881,3846952.942065449,-2695508.4238939467,-4303069.972621566,3846910.295409154,74.75542084716633,702.9015353019734,2.5857335086911917,4.696488376706839,8,True,2
1381.0,160.33333333333334,-2695528.299076081,-4303119.527572518,3846959.8317849315,-2695520.8871189104,-4303056.59793744,3846916.481388652,76.77455918332777,699.0471101966976,1.874943028204143,3.65233401581645,8,True,2
1382.0,160.66666666666669,-2695540.286942971,-4303107.34846342,3846967.549980882,-2695533.7486854205,-4303042.957756198,3846922.68501144,78.75136488572635,692.547448441428,2.617240301799029,6.080776318907738,8,True,2
1383.0,161.0,-2695555.5951536787,-4303097.187592775,3846975.988265094,-2695547.041773486,-4303029.221902011,3846928.6944897855,83.24179609202476,690.5142176806972,2.122134148608893,3.6222019530832767,8,True,2
1384.0,161.33333333333331,-2695567.8993541403,-4303083.817695336,3846986.690028521,-2695560.7502696007,-4303015.448118385,3846934.4568773336,86.33545358236411,689.7110509271814,2.5996796851977706,4.891534369438887,8,True,2
1385.0,161.66666666666669,-2695580.99971811,-4303063.1585718095,3846985.5313932975,-2695574.928199099,-4303001.5390188405,3846940.042770495,76.83129216441246,678.6155171871084,2.112144523765892,3.541917286813259,8,True,2
1386.0,162.0,-2695594.695411332,-4303051.009445928,3846990.946893306,-2695589.6649539387,-4302987.470368057,3846945.4168718513,78.32945022152498,675.2214408810062,1.8937312420457602,4.732004068791866,8,True,2
1387.0,162.33333333333331,-2695609.8731861664,-4303035.600868254,3847000.062938744,-2695605.058463663,-4302973.331717009,3846950.4115172047,79.78654279062845,671.7554863108638,1.8333283262327313,3.6821930706501007,8,True,2
1388.0,162.66666666666669,-2695622.7752875113,-4303023.927121126,3847001.723205726,-2695621.026116012,-4302959.174811597,3846955.0267073982,79.85289065759457,663.9712789358229,1.4763058605603874,3.677528727799654,8,True,2
1389.0,163.0,-2695644.2361661172,-4303009.090092086,3847002.1220085686,-2695637.467796721,-4302945.006766303,3846959.324214344,77.35718879435983,660.0333296667916,1.503642110619694,4.127753783017397,8,True,2
1390.0,163.33333333333331,-2695663.3020018553,-4303000.257158207,3847016.616120636,-2695654.3305718387,-4302930.876622517,3846963.2863897695,87.96707044958495,661.4231736137422,1.238577018957585,3.262310963124037,8,True,2
1391.0,163.66666666666669,-2695679.0538476887,-4302984.239746584,3847015.5269084596,-2695671.624798583,-4302916.81760024,3846966.8691120823,83.4776481250808,654.5256572733439,0.8631587130948901,2.074906073510647,8,True,2
1392.0,164.0,-2695700.5330639854,-4302971.513682913,3847025.332821598,-2695689.412315134,-4302902.878323183,3846969.975313132,88.8759664012626,651.772862848038,1.6668746215291321,3.8071777410805225,8,True,2
1393.0,164.33333333333331,-2695717.012254252,-4302957.261606887,3847026.068214297,-2695707.660236112,-4302889.03967613,3846972.649115725,87.15097344128009,646.3597584690267,0.7730811829678714,1.8246021308004856,8,True,2
1394.0,164.66666666666666,-2695729.856007944,-4302945.796048811,3847029.125020572,-2695726.3349497085,-4302875.314769513,3846974.899344806,88.99681171148141,642.0684922128117,2.0091226478107274,4.4703803807497025,8,True,2
1395.0,165.0,-2695749.1187457005,-4302927.159195794,3847017.9552805875,-2695745.4607459484,-4302861.775750627,3846976.628932135,77.43541141168076,626.828207950469,2.0281102480366826,3.180070210248232,8,True,2
1396.0,165.33333333333331,-2695773.169512776,-4302918.633529374,3847027.145167204,-2695765.073362545,-4302848.479652345,3846977.749633891,86.1802345208674,631.8199930377224,1.665256914217025,4.125887461006641,8,True,2
1397.0,165.66666666666666,-2695790.006121291,-4302903.036950522,3847019.5434994344,-2695785.144940342,-4302835.348612163,3846978.3673434407,79.37769241055713,621.0475165252079,3.658072733320296,8.837857756763697,8,True,2
1398.0,166.0,-2695823.0407517743,-4302898.679436183,3847048.76092945,-2695805.609344017,-4302822.360518557,3846978.5526562943,105.15527938923681,205.73209625033218,2.9422064116224647,7.422674614936113,8,True,2
1399.0,166.33333333333331,-2695831.5905341213,-4302875.546817148,3847020.4363898006,-2695826.4365363503,-4302809.534186373,3846978.305572488,78.4808058206094,177.49567301734956,2.375970638357103,5.282352577894926,8,True,2
1400.0,166.66666666666666,-2695861.476185454,-4302867.472009467,3847025.2775575793,-2695847.6457859296,-4302797.000509273,3846977.467252364,86.27477948593804,180.53754400263813,1.7478130804374814,3.86313945800066,8,True,2
1401.0,167.0,-2695883.3447268405,-4302864.904245657,3847039.8304183986,-2695869.2170537338,-4302784.827638841,3846975.975924726,103.38883145047356,187.65732034153828,1.7334015448577702,3.169661369174719,8,True,2
1402.0,167.33333333333331,-2695903.987285981,-4302853.266577457,3847033.9920458174,-2695891.136412554,-4302772.976641567,3846973.8845357057,101.11642559365353,178.43878153573385,2.1225247029215097,3.748493794351816,8,True,2
1403.0,167.66666666666666,-2695930.2674591467,-4302839.526952075,3847036.4348384594,-2695913.3942328035,-4302761.382062367,3846971.272504622,103.13805944349545,176.01383054164046,0.9835196761414409,1.896928146481514,8,True,2
1404.0,168.0,-2695941.2626209077,-4302819.295404317,3847008.786522748,-2695935.994404889,-4302750.20031712,3846967.9633421614,80.42647106480621,150.32325560832385,2.11417226633057,3.430468302220106,8,True,2
1405.0,168.33333333333331,-2695971.36298199,-4302813.982892847,3847019.9056526315,-2695958.9630371216,-4302739.422987197,3846963.948222853,94.04345862810187,158.79217145988366,1.1201400924474,2.854426972568035,8,True,2
1406.0,168.66666666666669,-2695993.2631100165,-4302801.928732624,3847009.1915481663,-2695982.2898233333,-4302728.850011494,3846959.456581045,89.07569509822945,149.82695872149594,2.371283716522157,4.897410497069359,8,True,2
1407.0,169.0,-2696023.5788137866,-4302820.021227114,3847031.034647292,-2696005.9229698014,-4302718.315265594,3846954.709027104,128.38002855810237,171.87539701720104,7.064201540779322,15.1877924464643,8,True,2
1408.0,169.33333333333334,-2696044.142320315,-4302786.142301507,3847013.253672557,-2696029.743455243,-4302707.678863116,3846949.943820889,101.84289763068162,148.0249765848926,1.9052205784246325,4.778573974967003,8,True,2
1409.0,169.66666666666669,-2696062.2511739773,-4302757.321824479,3846984.4544159938,-2696053.691925369,-4302696.946219623,3846945.196260222,72.5236319626935,117.32133813384992,3.5398249425925314,7.552108112722635,8,True,2
1410.0,170.0,-2696091.95144763,-4302776.664528048,3847009.661469659,-2696077.7143642907,-4302686.214722388,3846940.395749369,114.81115752855347,147.18534803010917,3.1220196480862796,5.5587520226836205,8,True,2
1411.0,170.33333333333334,-2696109.3065772345,-4302745.17709366,3846981.0322687584,-2696101.784669416,-4302675.492783307,3846935.551112694,83.55248508326663,114.84062759268134,2.0227916687726974,4.959791153669357,8,True,2
1412.0,170.66666666666669,-2696142.07063278,-4302752.653390498,3847004.2121582557,-2696125.866378274,-4302664.7555917455,3846930.715297007,115.71685055788883,134.0958677884783,2.9192123212851584,5.336105298250914,8,True,2
1413.0,171.0,-2696158.871635215,-4302729.884149118,3846978.724813591,-2696149.870461114,-4302654.011277713,3846925.941249272,92.86451643526047,109.70131997639697,1.5097877942025661,3.2502666041254997,8,True,2
1414.0,171.33333333333334,-2696190.5757271075,-4302727.375419534,3846992.1960323495,-2696173.6395793017,-4302643.342549942,3846921.246618616,111.27522448144407,118.3871784776405,2.0661222683265805,4.315645858645439,8,True,2
1415.0,171.66666666666669,-2696207.7595531894,-4302691.944435858,3846958.831745514,-2696197.1293996857,-4302632.745421785,3846916.666703213,73.45348339606625,82.95373253402238,2.091341082006693,4.940551552921534,8,True,2
1416.0,172.0,-2696237.7588973567,-4302698.417098032,3846972.5811345032,-2696220.2777189566,-4302622.187390592,3846912.280923879,98.75563424967002,97.0145495056458,1.1486834410045828,2.357825066894293,7,True,2
1417.0,172.33333333333334,-2696254.1903169127,-4302678.550854721,3846961.813769624,-2696242.9547879538,-4302611.511478419,3846908.354016409,86.47809144372663,79.82354658950206,1.6433201714285783,3.7786960266530514,7,True,2
1418.0,172.66666666666669,-2696282.599721807,-4302677.346982492,3846971.6168749644,-2696265.0426610187,-4302600.529482741,3846905.177190709,103.0699291526339,84.38826105227753,2.31137834542564,4.107273776084185,7,True,2
1419.0,173.0,-2696299.1445185407,-4302688.832279641,3846980.0595164904,-2696286.5624173083,-4302589.291746138,3846902.6798516735,126.70532588948801,93.88355748827824,7.325950032100081,15.885218098759651,8,True,2
1420.0,173.33333333333331,-2696325.7153700963,-4302678.558092022,3846973.4924551323,-2696307.5726839188,-4302577.825080538,3846900.791403871,125.5457666307209,82.9119660411295,5.995219105388969,10.033030565828085,8,True,2
1421.0,173.66666666666669,-2696342.8391271797,-4302656.00951905,3846960.5445026928,-2696328.048077691,-4302566.1056833565,3846899.555970441,109.64066710658041,62.36181134006704,3.5499139251187444,7.688951753079891,8,True,2
1422.0,174.0,-2696366.8247773987,-4302641.679754419,3846972.1990566226,-2696348.071559368,-4302554.065683807,3846898.991200797,115.70349480596978,60.61398366110096,1.7438430009143693,3.997845869511366,7,True,2
1423.0,174.33333333333331,-2696379.4278756506,-4302624.716231693,3846954.7685231855,-2696367.825840302,-4302541.646184144,3846899.035323428,100.70466513143583,39.84093559469788,2.5860199023570334,6.474228199571371,7,True,2
1424.0,174.66666666666669,-2696401.4507443686,-4302610.025662025,3846961.2661977326,-2696387.314489469,-4302528.852891308,3846899.6795137934,102.86774055611792,30.31436603698486,3.1429579807445407,8.091475058346987,8,True,2
1425.0,175.0,-2696420.315013332,-4302594.606248459,3846958.890466699,-2696406.592558526,-4302515.706906912,3846900.86200006,98.8974964441678,22.432457532608105,1.1581939873285592,3.098249949514866,8,True,2
1426.0,175.33333333333331,-2696439.0764093394,-4302577.731986,3846961.0677177156,-2696425.6965065952,-4302502.233040541,3846902.529834812,96.46655533224161,12.129143891446533,1.7189805023372173,3.1319429203867912,8,True,2
1427.0,175.66666666666669,-2696461.047883591,-4302567.701707187,3846963.131463934,-2696444.539103075,-4302488.358867659,3846904.824209984,99.8376776658028,3.808901254688803,1.9290134911425412,3.452129364013672,8,True,2
1428.0,176.0,-2696481.852767559,-4302555.094063445,3846972.6665896554,-2696463.040985649,-4302473.991146091,3846907.9039661945,105.47873595865795,-0.41105658220483504,0.9963495433330536,2.3135308399796486,8,True,2
1429.0,176.33333333333331,-2696499.1030860757,-4302540.077973508,3846968.976893815,-2696481.1481403485,-4302459.227273471,3846911.698506287,100.69771323362896,-15.034529933804162,2.0237788911908865,4.638766311109066,8,True,2
1430.0,176.66666666666669,-2696517.3200923367,-4302532.863034215,3846984.4506788896,-2696498.9267020733,-4302444.089347702,3846916.137233023,113.51568661883387,-10.713628697888163,3.7168173524551094,5.618854634463787,8,True,2
1431.0,177.0,-2696534.3666626755,-4302509.808801593,3846976.8019839735,-2696516.413129753,-4302428.602178106,3846921.167198144,100.06035397144905,-29.6432530408585,1.2110157143324614,2.623775213956833,8,True,2
1432.0,177.33333333333331,-2696550.215451887,-4302493.401831804,3846987.4421079718,-2696533.4718932966,-4302412.866593828,3846926.7707513417,102.211960285254,-36.9241034415454,1.9739791476167738,3.979725945740938,8,True,2
1433.0,177.66666666666666,-2696570.12694042,-4302478.791954765,3846994.1670246623,-2696550.134799003,-4302396.950039703,3846932.850821883,104.1991434833617,-41.86906927222745,1.8176763472147286,2.9918892607092857,8,True,2
1434.0,178.0,-2696582.9709115536,-4302460.267224068,3846996.8296717377,-2696566.493393145,-4302380.731591712,3846939.478004257,99.43158044596866,-54.21938516514639,1.8779635042883456,3.9803181514143944,8,True,2
1435.0,178.33333333333331,-2696600.8653969923,-4302445.322470183,3847012.428392127,-2696582.527303428,-4302364.128694965,3846946.7581904023,106.02495085737014,-54.87785803700916,2.2232997426763177,3.6478601694107056,8,True,2
1436.0,178.66666666666666,-2696618.353527472,-4302431.501044863,3847023.6284684567,-2696598.161073466,-4302347.204528466,3846954.673729293,110.76278223567161,-58.45127032505489,2.0361612513661385,3.557163529098034,8,True,2
1437.0,179.0,-2696628.4267174094,-4302408.142132194,3847027.608411438,-2696613.3321307846,-4302329.942705073,3846963.2863897695,102.37343121546725,-71.17449234364982,1.3272634041495621,3.2197388634085655,8,True,2
1438.0,179.33333333333331,-2696642.405337245,-4302392.792069887,3847032.6213339595,-2696627.959669668,-4302312.314435042,3846972.6844134415,101.37929504132485,-79.59035925766129,1.6515883372298308,2.486941620707512,7,True,2
1439.0,179.66666666666666,-2696655.6896733656,-4302373.395632057,3847048.813957297,-2696642.143795937,-4302294.3125776565,3846982.806026104,103.89738817249115,-81.5779357252572,3.095468735056264,5.676499418914318,7,True,2
1440.0,180.0,-2696672.30337296,-4302355.897728437,3847053.7309639207,-2696655.954220012,-4302275.964929848,3846993.571804864,101.36898692778226,-91.82373642862213,2.4508102973923087,4.404463462531567,8,True,2
1441.0,180.33333333333331,-2696683.3569525485,-4302329.389625227,3847063.1640713466,-2696669.195365187,-4302257.243144749,3847005.149409971,93.65557183917032,-101.92911684555014,0.6436924585141242,1.3870810642838478,8,True,2
1442.0,180.66666666666666,-2696699.4537140387,-4302318.471587604,3847079.5874338076,-2696681.7853465453,-4302238.166770756,3847017.574134709,102.98875707535093,-102.1389240615077,2.110542637429067,3.3900423645973206,7,True,2
1443.0,181.0,-2696702.869631815,-4302293.761895157,3847087.966028065,-2696693.8049589777,-4302218.7646011785,3847030.757730841,94.76049635290674,-113.78188642028495,1.724006778959717,3.5616841353476048,7,True,2
1444.0,181.33333333333331,-2696724.955701285,-4302281.283634645,3847110.454170856,-2696705.2649214705,-4302199.053746324,3847044.673720896,107.12865601677694,-105.77056297884509,1.6344078076737267,2.49615241587162,7,True,2
1445.0,181.66666666666669,-2696731.3349880036,-4302260.05045368,3847121.1343335505,-2696716.210266472,-4302179.172799599,3847059.136789696,103.02255857311226,-115.7018689837329,1.2284880631736346,2.2931212075054646,7,True,2
1446.0,182.0,-2696740.067329108,-4302239.696003681,3847136.9423111086,-2696726.766472457,-4302159.305259613,3847073.8557319352,103.05096307750911,-115.9371394428791,2.29394094645977,3.5678703375160694,7,True,2
1447.0,182.33333333333334,-2696752.7593151615,-4302220.452927994,3847155.553618954,-2696737.14448753,-4302139.453947835,3847088.680533227,106.19165326615155,-117.4654072947582,1.3233271768050534,2.3807666189968586,7,True,2
1448.0,182.66666666666669,-2696759.760523665,-4302197.209876443,3847152.9509726483,-2696747.451214728,-4302119.639239526,3847103.514126041,92.80476604511236,-129.17790309999174,2.6301678733101914,4.219579055905342,7,True,2
1449.0,183.0,-2696768.427848658,-4302173.962370826,3847170.773412825,-2696757.764240132,-4302099.868110381,3847118.294740654,91.42036430958449,-134.55913301555984,2.183893921119826,3.879473339766264,7,True,2
1450.0,183.33333333333334,-2696781.1171845356,-4302154.8388482025,3847183.130907134,-2696768.064255589,-4302080.176497247,3847132.995904759,90.87554163483118,-134.7275845149711,0.9803232965724809,1.5456465184688568,7,True,2
1451.0,183.66666666666669,-2696793.3195933336,-4302140.985541577,3847207.517122035,-2696778.32480372,-4302060.588930949,3847147.608794681,101.37783980002578,-129.41218634620992,2.081717746332288,4.940722573548555,8,True,2
1452.0,184.0,-2696800.495883543,-4302113.946621624,3847218.0206053224,-2696788.613104692,-4302041.079164431,3847162.115762634,92.60787324466325,-136.7827412682764,2.006182305049151,4.0689727663993835,8,True,2
1453.0,184.33333333333334,-2696814.96732837,-4302103.806203776,3847247.958989879,-2696799.031061128,-4302021.559486396,3847176.543281788,110.08492401604069,-125.11201527454183,0.6610538633540273,1.9531082287430763,8,True,2
1454.0,184.66666666666669,-2696815.949162531,-4302075.688074443,3847248.610153508,-2696809.649107527,-4302002.025464763,3847190.847231945,93.8212442112575,-141.79309766499688,2.568032406270504,4.060119848698378,7,True,2
1455.0,185.0,-2696834.1167939855,-4302057.006166143,3847261.0433523445,-2696820.504069401,-4301982.485791176,3847204.9923173934,94.23540245064277,-140.32447890531034,1.185610506683588,2.6158200837671757,6,True,2
1456.0,185.33333333333334,-2696836.4245338747,-4302036.48574237,3847270.7877362366,-2696831.6771068703,-4301962.953142673,3847218.9079463,90.11711205528866,-149.96542873839778,3.868432271693434,6.571505729109049,7,True,2
1457.0,185.66666666666669,-2696855.88475033,-4302017.697132062,3847293.2429796075,-2696843.359858716,-4301943.466272984,3847232.417638334,96.78230980150687,-143.9097832679428,1.6506448893674783,3.800614971667528,7,True,2
1458.0,186.0,-2696868.132807763,-4302003.432883825,3847299.5831183903,-2696855.6263351026,-4301924.026451335,3847245.468451522,96.9029955649133,-146.5749083733408,1.3345971001046044,2.641901347786188,7,True,2
1459.0,186.33333333333331,-2696898.7871739715,-4301991.426728262,3847340.293183062,-2696868.369990316,-4301904.597188086,3847258.1751012434,123.32053142193818,-120.45052290419108,3.0120276547968388,5.953697796911001,7,True,2
1460.0,186.66666666666669,-2696901.2354500485,-4301965.2391761225,3847339.1027633627,-2696881.535763208,-4301885.157385653,3847270.599357715,107.20954906995779,-134.383194314369,2.3408495922173773,3.681993044912815,7,True,2
1461.0,187.0,-2696905.828231995,-4301944.043425567,3847335.1376210107,-2696894.987788644,-4301865.657155704,3847282.891230871,94.82408870015499,-149.9930599041507,3.3882260264030526,6.51444086432457,7,True,2
1462.0,187.33333333333331,-2696929.602460359,-4301926.104766154,3847364.1488262163,-2696908.478292674,-4301846.084988387,3847295.236025552,107.69572595800234,-136.01532289315443,0.9660300564553056,1.8827494122087955,7,True,2
1463.0,187.66666666666669,-2696940.928151144,-4301907.509905457,3847368.743012131,-2696921.913601062,-4301826.491664011,3847307.642565455,103.24133448292058,-142.3179365890325,0.5968013400478023,1.4075133986771107,7,True,2
1464.0,188.0,-2696950.551729798,-4301887.506634054,3847382.282539028,-2696935.375951324,-4301807.008358137,3847319.907898865,102.960538136535,-141.70861612742718,2.4910386726260185,3.8549753092229366,7,True,2
1465.0,188.33333333333331,-2696963.764725072,-4301867.715672278,3847395.5442970227,-2696948.877150046,-4301787.770679642,3847331.87319533,103.28044794813863,-142.1589728089925,2.8009150233119726,5.734023589640856,8,True,2
1466.0,188.66666666666669,-2696978.77086594,-4301849.748719232,3847409.391897445,-2696962.29885763,-4301768.773374724,3847343.626695872,105.60963598986324,-139.68650406206976,1.4161489619873464,4.045100875198841,8,True,2
1467.0,189.0,-2696988.1597193084,-4301831.421643575,3847421.884817563,-2696975.581371668,-4301750.037988309,3847355.1860494553,105.972825955005,-141.39560706260622,1.6155095994472504,4.1122514717280865,8,True,2
1468.0,189.33333333333331,-2697003.217308073,-4301811.527990029,3847430.5810790113,-2696988.733274848,-4301731.5114743225,3847366.604200552,103.46724593637323,-143.31904930457583,2.9242624705657363,5.660778280347586,8,True,2
1469.0,189.66666666666666,-2697021.2186706606,-4301795.311952103,3847446.2768378677,-2697001.794249412,-4301713.073616428,3847377.9870366417,108.64597989275998,-138.36154910319382,1.227533026598394,2.6055466197431087,8,True,2
1470.0,190.0,-2697024.4228337626,-4301770.491298707,3847442.6606170936,-2697014.81219508,-4301694.567262474,3847389.4757400057,93.1957874831796,-149.828250418331,1.9119667974300683,4.0657292529940605,8,True,2
1471.0,190.33333333333331,-2697047.5133074746,-4301757.144804084,3847470.0908691464,-2697027.8035512567,-4301675.918542826,3847401.1409010296,108.35256393576086,-135.15776507156113,0.8961294841553483,2.183039825409651,7,True,2
1472.0,190.66666666666666,-2697060.3564782585,-4301736.742028789,3847476.3817211906,-2697040.873424605,-4301657.061555776,3847412.9825187935,103.67268697108342,-139.88190431990083,2.1899786133851324,3.3865431882441044,7,True,2
1473.0,191.0,-2697067.7394838734,-4301718.00352911,3847481.439689545,-2697054.103684522,-4301637.976747759,3847424.965297024,98.8917477243671,-147.93032423115318,2.260326858609915,4.284826699644327,7,True,2
1474.0,191.33333333333331,-2697080.5140958056,-4301693.869728782,3847494.052921962,-2697067.549032805,-4301618.701324524,3847437.0098205954,95.2486077105716,-149.5580873317146,2.123379471046584,3.3734442591667175,7,True,2
1475.0,191.66666666666666,-2697092.6536056115,-4301673.659217903,3847506.8717269353,-2697081.2602403173,-4301599.282902204,3847449.027851146,94.90816127173346,-148.17878642770467,1.600586209978376,3.7753360122442245,7,True,2
1476.0,192.0,-2697107.9424483418,-4301657.947999612,3847520.0432625585,-2697095.316312344,-4301579.663994566,3847461.028212604,98.84624867707893,-150.92572394531012,2.9783249593206813,4.6579258143901825,7,True,2
1477.0,192.33333333333331,-2697124.356951081,-4301635.912225935,3847531.5436377097,-2697109.712246041,-4301559.9033508375,3847472.949138664,97.0831179847904,-149.57605336614841,2.7964123860001564,6.479189783334732,8,True,2
1478.0,192.66666666666666,-2697136.7155018845,-4301616.088801603,3847543.1694288915,-2697124.4419736057,-4301540.10806258,3847484.675920919,96.67058846285803,-152.2314872710879,1.8199227755623204,2.8926959820091724,7,True,2
1479.0,193.0,-2697154.543350553,-4301597.150398629,3847561.426294327,-2697139.523018999,-4301520.322757816,3847496.146794198,101.92894529973334,-146.42153405746708,2.181582886725664,5.754280172288418,8,True,2
1480.0,193.33333333333331,-2697165.320947915,-4301569.822745021,3847553.5227815527,-2697154.8441901184,-4301500.553589183,3847507.432349623,83.8588475950045,-160.0632654028122,2.290420926641673,3.9558132141828537,8,True,2
1481.0,193.66666666666669,-2697179.5726571125,-4301552.037466738,3847572.757420979,-2697170.253536713,-4301480.808430285,3847518.6296489593,89.9457466636941,-157.38179293469815,2.6695318488138065,4.241166591644287,7,True,2
1482.0,194.0,-2697196.2054148857,-4301534.996285166,3847594.7687503966,-2697185.71352184,-4301461.110817948,3847529.7386926464,98.98510239723443,-152.14705341662227,1.3568322988493102,2.309439979493618,7,True,2
1483.0,194.33333333333334,-2697212.5262952847,-4301513.381148161,3847601.189785603,-2697201.130480977,-4301441.51153875,3847540.768304804,94.58256014034737,-157.7366296457688,1.8501075937279634,3.1577982753515244,7,True,2
1484.0,194.66666666666669,-2697229.6174638513,-4301495.237495855,3847614.230846704,-2697216.378919494,-4301421.993936622,3847551.824369843,97.1310783433,-159.53035247797098,0.4458977734403951,0.7210226431488991,7,True,2
1485.0,195.0,-2697241.496771011,-4301472.015984974,3847613.525975565,-2697231.513164475,-4301402.444489461,3847562.9951241617,86.56345840392363,-170.6506772856422,2.2327735056834563,3.836691230535507,7,True,2
1486.0,195.33333333333334,-2697257.4250473822,-4301454.642871246,3847631.7316616233,-2697246.6593914907,-4301382.680780521,3847574.395274488,92.63856183068118,-168.84797697965828,0.8002117563571248,1.5031349882483482,7,True,2
1487.0,195.66666666666669,-2697274.5651042573,-4301435.721626355,3847644.347539821,-2697261.7510941466,-4301362.696834443,3847586.077761391,94.29838899585783,-171.3944471159091,1.1922507610704218,2.6823693737387657,7,True,2
1488.0,196.0,-2697289.014621787,-4301413.0271427315,3847653.7269047215,-2697276.534084481,-4301342.604367345,3847598.095525039,90.60894828882381,-178.45042645996926,1.2941272546138083,2.1875319816172123,7,True,2
1489.0,196.33333333333334,-2697302.423489871,-4301390.162728928,3847664.294228201,-2697290.7813390284,-4301322.45833588,3847610.545623128,87.22578209169161,-184.13677353721457,1.9694255547864097,3.1124242395162582,7,True,2
1490.0,196.66666666666669,-2697318.6830524635,-4301375.523932119,3847683.320914868,-2697304.2264947696,-4301302.250962355,3847623.622171875,95.6130748028866,-180.34943842340894,1.2887912073305674,2.368911240249872,7,True,2
1491.0,197.0,-2697319.3246983537,-4301348.153174042,3847683.331548893,-2697316.8216402587,-4301281.972565283,3847637.3692853935,80.61431598349313,-198.811820472303,2.8309696625385965,4.472916904836893,7,True,2
1492.0,197.33333333333334,-2697340.4622796737,-4301336.537259675,3847712.9083371162,-2697328.599318353,-4301261.658364106,3847651.72519481,97.42153640417068,-187.86353839990176,1.0518905935542924,1.8037167899310589,7,True,2
1493.0,197.66666666666669,-2697350.091998468,-4301312.768917342,3847714.480332673,-2697339.6285466417,-4301241.368382296,3847666.575190493,86.61652773171322,-202.18123629605344,0.9335065244563988,2.1368865333497524,7,True,2
1494.0,198.0,-2697357.181889,-4301288.1777321845,3847733.9150427906,-2697349.871083993,-4301221.158390462,3847681.883975179,85.16027261302347,-205.83157166607785,1.410746933626277,2.1869128569960594,7,True,2
1495.0,198.33333333333331,-2697369.3579654056,-4301275.398802141,3847752.4099820633,-2697359.4038117426,-4301201.067589524,3847697.554487485,92.91576631351364,-206.96912975649138,2.2260150334664752,3.494709100574255,7,True,2
1496.0,198.66666666666669,-2697382.677113355,-4301256.352861026,3847775.0318190595,-2697368.452337449,-4301181.10548228,3847713.4190792246,98.28856478604052,-203.36613796884978,1.6487354316881724,2.724968548864126,7,True,2
1497.0,199.0,-2697396.5538277365,-4301238.676787104,3847795.908578687,-2697377.3534587664,-4301161.275411883,3847729.23951629,103.94417220603717,-204.4259864608365,0.8762666928981032,2.2088014855980873,7,True,2
1498.0,199.33333333333331,-2697396.4639326516,-4301215.856556596,3847807.398775074,-2697386.203001596,-4301141.596750814,3847744.927564852,97.58308033486047,-215.76245702474534,0.6110397603894983,1.1261744871735573,7,True,2
1499.0,199.66666666666669,-2697405.6031916756,-4301193.688635775,3847814.166613734,-2697395.035279738,-4301122.024142948,3847760.5096960217,90.1473522253211,-225.30065087362,1.86236565134355,3.4400657415390015,7,True,2
1500.0,200.0,-2697416.9443044113,-4301173.874875787,3847824.533137271,-2697403.917856824,-4301102.515218317,3847775.985910534,87.28529243162976,-230.3806698135154,2.269625940049688,5.144627463072538,6,True,2
1501.0,200.33333333333334,-2697421.786693896,-4301157.962944992,3847846.248692743,-2697412.875772192,-4301083.109901204,3847791.294445649,93.2863975274719,-231.79204443534067,2.8057423420250416,4.495528846979141,7,True,2
1502.0,200.66666666666666,-2697436.2075547976,-4301140.004557194,3847858.7763911798,-2697421.9161815457,-4301063.819599007,3847806.417655849,93.5405172575964,-237.46640335207488,0.9238293516848769,2.1108735762536526,7,True,2
1503.0,201.0,-2697443.718050406,-4301119.634102629,3847882.347688329,-2697431.0959167294,-4301044.5848308345,3847821.382012328,97.5116665101984,-236.26453959196763,0.5917483557547841,1.0483870841562748,7,True,2
1504.0,201.33333333333334,-2697458.0479266034,-4301101.02496304,3847901.6833251365,-2697440.479314668,-4301025.341407154,3847836.213986029,101.60162951494874,-238.54665449632,0.4968214047451814,0.9959055483341217,6,True,2
1505.0,201.66666666666666,-2697461.156231336,-4301079.962411172,3847907.891768209,-2697450.330569668,-4301006.0269421525,3847850.7988752574,94.03853973366611,-250.2968485886563,1.9084860725062234,2.954864975064993,7,True,2
1506.0,202.0,-2697474.511221351,-4301061.365949354,3847921.6266687745,-2697460.931054173,-4300986.639795457,3847864.942569988,94.77080812200529,-248.63819532803234,1.7056254100586687,3.8600031696259975,7,True,2
1507.0,202.33333333333334,-2697484.6145286285,-4301039.843807259,3847936.775756872,-2697472.3858581497,-4300967.114052292,3847878.64507301,93.90598514162258,-251.30934178104317,1.051976095352854,1.8210302293300629,7,True,2
1508.0,202.66666666666666,-2697500.1270547146,-4301022.833414692,3847952.6985828034,-2697484.7246516696,-4300947.446991158,3847891.8887405847,98.07233954368445,-248.84973301635634,2.257195788302592,3.8248287849128246,7,True,2
1509.0,203.0,-2697509.6841875603,-4300999.271292675,3847963.3616194013,-2697497.906673112,-4300927.640328469,3847904.70004504,93.33212301397187,-251.78369945238018,1.8514657951891422,2.8195722699165344,7,True,2
1510.0,203.33333333333334,-2697532.285056706,-4300981.780405693,3847981.349161848,-2697511.8396717645,-4300907.680391649,3847917.158397542,100.1462933359349,-243.5914258015004,1.0292857156268187,2.1486037895083427,7,True,2
1511.0,203.66666666666666,-2697534.736681955,-4300955.652423671,3847976.5255605904,-2697526.604102781,-4300887.612076603,3847929.157921993,83.30258615140511,-259.74639814134514,1.2054772414267063,1.8786562159657478,7,True,2
1512.0,204.0,-2697547.2256316803,-4300936.368094041,3847989.701130775,-2697542.2693387032,-4300867.4792828765,3847940.601566132,84.74078352148462,-256.12371239036366,2.628036720412118,5.634480096399784,7,True,2
1513.0,204.33333333333331,-2697573.8034010306,-4300920.645189984,3848012.527386519,-2697558.769930188,-4300847.227685681,3847951.5952105103,96.58605104696515,-242.00355001841376,1.4478727376886777,2.7711820229887962,7,True,2
1514.0,204.66666666666666,-2697588.5513378154,-4300897.386739385,3848017.389709145,-2697575.7930074725,-4300826.775359374,3847962.44766683,90.37350272086175,-243.3644021008208,1.7144140233950955,3.7427925281226635,7,True,2
1515.0,205.0,-2697606.3613124243,-4300877.852370788,3848031.7597913253,-2697593.053966555,-4300806.102124207,3847973.3795136223,93.45287669889508,-237.1415044785113,1.7632663510739803,3.199803937226534,8,True,2
1516.0,205.33333333333331,-2697616.1353481733,-4300854.649630084,3848035.7056729835,-2697610.4949239395,-4300785.315806917,3847984.311342606,86.4891358231339,-241.45644877699323,2.1385631108922616,3.2382412180304527,7,True,2
1517.0,205.66666666666666,-2697635.087336766,-4300830.8377477275,3848042.0737031763,-2697628.062981957,-4300764.465478267,3847995.2255076114,81.54368854526341,-241.72846754349126,1.3943173550069332,2.114515569061041,7,True,2
1518.0,206.0,-2697649.6046260847,-4300811.934051347,3848059.113666123,-2697645.725590308,-4300743.515920715,3848006.183770217,86.58903740236815,-235.9234661391031,3.212580757481711,5.032590299844742,7,True,2
1519.0,206.33333333333331,-2697672.6435318226,-4300790.181642392,3848070.556704215,-2697663.4491444896,-4300722.480262687,3848017.194953264,86.69192601854212,-229.22439589135826,0.9530948565474578,1.434399839490652,7,True,2
1520.0,206.66666666666669,-2697688.4155519037,-4300766.394916135,3848082.04787978,-2697681.1239261525,-4300701.4670623625,3848028.214941284,84.6568323805248,-227.9694455114425,2.758945634122938,5.619173668324947,8,True,2
1521.0,207.0,-2697703.9659291874,-4300741.575687061,3848084.132983953,-2697698.699918211,-4300680.563328321,3848039.181973044,75.96599352602006,-230.56282566416945,2.222614667378366,5.6210245080292225,8,True,2
1522.0,207.33333333333331,-2697722.698605116,-4300727.864374495,3848099.722376576,-2697716.1649872013,-4300659.816412953,3848050.051933737,84.50068712718188,-224.30737164268473,2.2371170721016824,4.802496924996376,8,True,2
1523.0,207.66666666666669,-2697731.737153825,-4300696.528888352,3848088.2265497716,-2697733.511279941,-4300639.247141818,3848060.807177839,63.53084264135027,-241.30226124115805,2.770757650158235,4.0181555561721325,7,True,2
1524.0,208.0,-2697760.9503955636,-4300686.271533578,3848122.449642139,-2697750.6787523464,-4300618.893184542,3848071.4477059,85.12664725772862,-218.0737115316525,1.797724340731899,2.9684347212314606,6,True,2
1525.0,208.33333333333331,-2697772.2929893634,-4300661.3122439245,3848124.7654741057,-2697767.603783644,-4300598.786508225,3848081.98234144,75.90686869942853,-222.1486144273752,2.097697637975216,3.025456354022026,6,True,2
1526.0,208.66666666666669,-2697793.5646852194,-4300645.163041444,3848136.599286978,-2697784.266388389,-4300578.995291518,3848092.349324253,80.14167864063313,-216.94752266229918,1.9172522568454344,3.1588649712502956,6,True,2
1527.0,209.0,-2697809.2828688235,-4300629.348187536,3848161.876745361,-2697800.5657689907,-4300559.558930377,3848102.575123949,91.99570939151417,-203.45969203567543,2.195900817534753,4.389891590923071,7,True,2
1528.0,209.33333333333331,-2697831.3935350743,-4300609.614384214,3848161.1629963755,-2697816.4904990857,-4300540.492550111,3848112.650918242,85.75167727959536,-202.20246971666606,1.505315896589309,3.864515144377947,8,True,2
1529.0,209.66666666666669,-2697845.6417027684,-4300592.559652152,3848172.8873148137,-2697832.129956275,-4300521.771883241,3848122.5414161393,87.91009631417833,-199.55391271868302,1.0243880613707006,2.435539584606886,8,True,2
1530.0,210.0,-2697850.8076515244,-4300570.148245514,3848185.4426804,-2697847.4479386727,-4300503.189155757,3848132.5024826936,85.42524161334396,-199.12809177798053,2.2866765204817057,5.687151599675417,8,True,2
1531.0,210.33333333333331,-2697868.7855445114,-4300549.77654154,3848191.272487056,-2697862.222693643,-4300484.557615827,3848142.895856123,81.46703445677274,-198.91864690917458,2.594540395374809,4.738449439406395,7,True,2
1532.0,210.66666666666669,-2697889.9375983877,-4300535.45593726,3848209.0146255195,-2697876.283418801,-4300466.071848392,3848153.6244827774,89.82569967025418,-188.83340877036838,0.6807062985996405,1.2185868695378304,6,True,2
1533.0,211.0,-2697891.478582593,-4300512.778299863,3848207.1010780632,-2697889.478255912,-4300447.906611243,3848164.600132426,77.58007264332832,-199.38628086505747,1.2604818817760264,2.2823950685560703,7,True,2
1534.0,211.33333333333331,-2697905.664156644,-4300494.97634014,3848222.61965497,-2697901.69384448,-4300429.99791358,3848175.972792261,80.08675981372197,-191.5256804549932,1.9976449528975146,3.234934773296118,7,True,2
1535.0,211.66666666666669,-2697922.5936489357,-4300478.384680972,3848244.6165213548,-2697913.111024264,-4300412.200520723,3848187.777751591,87.7548231542048,-181.10281844665892,0.8779086055500167,1.710403922945261,7,True,2
1536.0,212.0,-2697936.0192607124,-4300460.12815662,3848250.6176054594,-2697923.897366425,-4300394.298034282,3848200.1385275545,83.83723894691863,-180.9562623938765,0.42642665343979996,1.0263494402170181,6,True,2
1537.0,212.33333333333331,-2697942.516509198,-4300442.282180203,3848261.6503135376,-2697934.0063533075,-4300376.2163111465,3848213.169813459,82.38616810712485,-183.3808465593711,1.6284517621000607,3.85788656771183,6,True,2
1538.0,212.66666666666669,-2697954.4229294388,-4300424.01528287,3848280.274864345,-2697943.354025326,-4300358.071612521,3848226.801023152,85.61857268884427,-180.34101232389852,1.1435004981855552,2.259064693003893,6,True,2
1539.0,213.0,-2697957.7542907754,-4300404.972802371,3848287.960926173,-2697952.040136364,-4300339.8728922615,3848240.9527481226,80.50104757377184,-184.52434139070542,0.9474725941462177,1.7864834740757942,7,True,2
1540.0,213.33333333333331,-2697969.4050373235,-4300389.655008644,3848308.1476583024,-2697960.0307373144,-4300321.649399136,3848255.616162335,86.44187928166072,-178.1510713715843,1.3938944989017077,2.736573491245508,7,True,2
1541.0,213.66666666666669,-2697969.8606419275,-4300362.091460917,3848311.565354153,-2697967.270061128,-4300303.412276593,3848270.8177306,71.4865484342457,-189.50459506248546,2.5149425167058195,3.691799644380808,7,True,2
1542.0,214.0,-2697978.9908605763,-4300345.979741045,3848330.6663838066,-2697973.717352003,-4300285.1632500505,3848286.583917365,75.29753858640773,-187.33123953304954,1.8131691164204053,3.053627859801054,7,True,2
1543.0,214.33333333333331,-2697990.509081123,-4300328.952609865,3848351.462448849,-2697979.283592228,-4300266.910478106,3848302.967654729,79.54233320007586,-183.05770377106634,0.9556565191596746,1.7938579618930817,6,True,2
1544.0,214.66666666666669,-2697990.7734736907,-4300313.797032503,3848374.3648599028,-2697984.0774365314,-4300248.593739582,3848319.960115516,85.18322917795432,-183.56128275235992,2.0561600141227245,4.503925338387489,6,True,2
1545.0,215.0,-2697986.8396386453,-4300285.57172047,3848374.904137604,-2697988.44526931,-4300230.114940371,3848337.4289555694,66.95089078745013,-200.65222252519155,2.8154297742460455,4.4181516617536545,7,True,2
1546.0,215.33333333333331,-2698000.5908657275,-4300278.46808743,3848406.702408495,-2697992.610157117,-4300211.429508335,3848355.268299836,84.87243563455147,-191.60538321824964,2.1987966927034512,5.613114707171917,7,True,2
1547.0,215.66666666666669,-2697999.537421977,-4300250.614777602,3848422.029313616,-2697996.7572903987,-4300192.532531911,3848373.354629127,75.83205988432583,-197.31104807376087,2.3337207343429327,6.295315656810999,8,True,2
1548.0,216.0,-2698001.2124096835,-4300230.307869477,3848430.6488458896,-2698001.050039581,-4300173.400994342,3848391.59971581,69.01632677644386,-204.68810063845825,1.849219054915011,2.8334780260920525,8,True,2
1549.0,216.33333333333331,-2698010.687122741,-4300213.484242142,3848456.2576139024,-2698005.4208534365,-4300154.077274231,3848410.003558588,75.4742277984272,-199.69456399332122,1.5366214327514172,2.8208122588694096,8,True,2
1550.0,216.66666666666669,-2698010.1735504535,-4300188.612252291,3848466.1493341173,-2698009.868684508,-4300134.609718898,3848428.513221063,65.82433867443872,-208.00910690363045,2.2644038978032768,5.807976763695478,8,True,2
1551.0,217.0,-2698022.569115101,-4300176.385783688,3848500.2928734147,-2698014.5151035786,-4300115.0253859,3848447.014009978,81.66151362400912,-197.54796202068826,2.4637037566863,5.932739410549402,8,True,2
1552.0,217.33333333333331,-2698024.2031979524,-4300154.025235913,3848506.55283795,-2698019.406978673,-4300095.382306365,3848465.408878273,71.79709132837274,-208.46507355059293,2.1824098196811974,4.935287330299616,8,True,2
1553.0,217.66666666666669,-2698031.6485757423,-4300135.914500412,3848535.9125184217,-2698024.547191709,-4300075.718416651,3848483.653714604,80.03112351929262,-202.62936959715714,2.3670986825600266,4.95080104470253,8,True,2
1554.0,218.0,-2698030.109653906,-4300109.220497557,3848542.3483410687,-2698030.114472104,-4300055.985167744,3848501.677940844,66.9931475449517,-214.48624339876054,2.545591947156936,5.556254792958498,8,True,2
1555.0,218.33333333333331,-2698037.5453419336,-4300094.021254133,3848558.952957022,-2698036.449877865,-4300036.159344653,3848519.269821272,70.17087624663412,-215.97388106868482,1.7709956564940512,3.2603971511125565,8,True,2
1556.0,218.66666666666669,-2698046.4584805574,-4300072.124887255,3848580.1588222897,-2698043.65639122,-4300016.271720238,3848536.3234908096,71.05606417783737,-215.36061953084922,2.6179661424830556,6.107689406722784,8,True,2
1557.0,219.0,-2698052.4909508303,-4300057.569923834,3848595.3017708617,-2698051.632519576,-4299996.393923321,3848552.830131208,74.4787225848631,-221.29128331754538,1.3959463009876865,3.219315368682146,7,True,2
1558.0,219.33333333333334,-2698073.2609687014,-4300043.475119825,3848625.2903189315,-2698060.3003283795,-4299976.535106286,3848568.83385816,88.52274042877195,-208.0642319942316,2.1847612245806625,5.229489650577307,7,True,2
1559.0,219.66666666666669,-2698075.0549539644,-4300020.141069213,3848634.6114448537,-2698069.563641908,-4299956.692018971,3848584.405253744,81.09622747356963,-218.05652932375605,0.7429204428834575,1.4802898317575455,7,True,2
1560.0,220.0,-2698085.540966297,-4299999.55625033,3848643.613093315,-2698079.4589428925,-4299936.889464878,3848599.4913872303,76.88200020472668,-224.5887933680794,1.6016392894089222,3.0649398267269135,8,True,2
1561.0,220.33333333333334,-2698097.022898233,-4299980.0844342485,3848661.5244193547,-2698090.0895640426,-4299917.142099075,3848614.004039181,79.17067141278282,-227.18926034577768,1.5717561825045518,2.4228818342089653,7,True,2
1562.0,220.66666666666669,-2698111.392383801,-4299964.891469979,3848671.5016544615,-2698101.458044354,-4299897.503973287,3848627.881457545,80.88564390375001,-230.96936141196082,3.2066748259322986,4.785219818353653,7,True,2
1563.0,221.0,-2698120.8055009614,-4299942.456845553,3848690.7297426355,-2698113.318809144,-4299878.033784892,3848641.229513092,81.58832039000981,-233.54183611276648,1.9445495465770364,3.139966819435358,8,True,2
1564.0,221.33333333333334,-2698136.730288911,-4299929.313538016,3848712.0039970097,-2698125.5681815045,-4299858.732993178,3848654.1187867294,91.96142408937897,-233.54407256637057,1.1952727341226168,2.826167803257704,7,True,2
1565.0,221.66666666666666,-2698141.3273553583,-4299900.814391081,3848714.7056094175,-2698138.4764466053,-4299839.598939862,3848666.3640148574,78.05362844409369,-248.20587128012457,2.0370656168088317,3.7978318966925144,8,True,2
1566.0,222.0,-2698160.6402216596,-4299884.766419155,3848727.7948623355,-2698152.059308561,-4299820.58997013,3848678.0004897458,81.68064777338911,-247.84765204651887,1.5240745707415044,3.527281902730465,8,True,2
1567.0,222.33333333333334,-2698175.4177926714,-4299867.819099906,3848743.176868856,-2698166.1533992146,-4299801.729098272,3848689.116436292,85.88508410168235,-248.84478875412475,2.3499844148755074,6.007554594427347,8,True,2
1568.0,222.66666666666666,-2698190.334874125,-4299849.96900958,3848746.4713467746,-2698180.663356871,-4299783.147712627,3848699.6324576554,82.17363023719321,-253.4668627724962,1.0326343406923115,1.6394809670746326,8,True,2
1569.0,223.0,-2698210.817313427,-4299836.767122176,3848769.9508760846,-2698195.50917823,-4299764.951667608,3848709.486801636,95.11941345973315,-243.96295919367492,1.1041341884993017,2.653051447123289,8,True,2
1570.0,223.33333333333334,-2698216.9572770707,-4299815.423195144,3848769.8932882184,-2698210.699066318,-4299747.104019185,3848718.714759687,85.59156960976439,-253.59603480911562,1.6836797967553139,2.7569010630249977,7,True,2
1571.0,223.66666666666666,-2698234.659200367,-4299795.649561419,3848773.2778504984,-2698226.4141711225,-4299729.443392112,3848727.3692671247,80.98663710123677,-255.62787295019962,1.9674769351258874,3.280943900346756,8,True,2
1572.0,224.0,-2698248.833454331,-4299777.48282966,3848789.1378534315,-2698242.6140854624,-4299711.955391445,3848735.494436728,84.9125542177663,-255.13860942072193,2.0367948873899877,4.672641813755035,8,True,2
1573.0,224.33333333333334,-2698267.4905946394,-4299760.790602015,3848796.4486381114,-2698259.218682796,-4299694.578997392,3848743.21377984,85.36012680089912,-253.91053235990435,1.8473445675335824,4.275180462747812,8,True,2
1574.0,224.66666666666666,-2698279.0712891337,-4299733.797532793,3848794.038192582,-2698276.3555388134,-4299677.234147018,3848750.527297861,71.41421335828949,-264.6353435737228,1.1900146853710925,2.9726488813757896,7,True,2
1575.0,225.0,-2698295.988960341,-4299718.030699535,3848805.0911611896,-2698293.9997231383,-4299660.047782463,3848757.31148296,75.15898741062863,-261.47714468469434,2.5127435294645175,4.498195342719555,7,True,2
1576.0,225.33333333333334,-2698316.309615542,-4299705.280763891,3848816.0420366903,-2698311.9353401493,-4299643.075887576,3848763.65455749,81.44340918417082,-256.2062520530479,2.3328068908303976,5.9327867813408375,8,True,2
1577.0,225.66666666666666,-2698338.255129606,-4299687.482376204,3848810.1671342086,-2698329.952146336,-4299626.283450843,3848769.741786101,73.81366246269806,-261.1164445890679,0.8418669565580785,1.7590598613023758,8,True,2
1578.0,226.0,-2698352.168882805,-4299669.282471158,3848816.584266394,-2698347.8199291383,-4299609.703647094,3848775.696678308,72.39022402446105,-263.00337799224764,0.9698740970343351,1.6903795152902603,8,True,2
1579.0,226.33333333333334,-2698370.50960972,-4299658.079127577,3848826.3479435323,-2698365.3978374023,-4299593.345374307,3848781.607454973,78.85620042363502,-258.18849750309107,2.184925647918135,4.628219522535801,8,True,2
1580.0,226.66666666666666,-2698388.348539858,-4299640.896552325,3848831.239073217,-2698382.726975646,-4299577.190792064,3848787.465294172,77.49948133051122,-258.49252466471694,1.2682674871757627,1.9706254042685032,8,True,2
1581.0,227.0,-2698403.3868320603,-4299627.667648173,3848841.7756751375,-2698399.9277586923,-4299561.148432851,3848793.287840113,82.38835682907234,-253.24109308685044,4.025005924515426,7.57926244661212,8,True,2
1582.0,227.33333333333334,-2698424.8568143332,-4299601.361030453,3848840.7148650037,-2698417.090582697,-4299545.145665653,3848799.092736944,70.37672298150056,-260.6979601996858,2.123630420770496,4.505401324480772,8,True,2
1583.0,227.66666666666666,-2698444.060908586,-4299595.784344546,3848853.413479271,-2698434.190390219,-4299529.142564787,3848804.941738852,82.99435861263989,-250.80671205842071,1.9010352194309235,3.5656072050333023,7,True,2
1584.0,228.0,-2698454.020623342,-4299572.3166729435,3848853.7937671393,-2698451.187114807,-4299513.108624145,3848810.896599808,73.16958916225374,-259.6616744055477,1.5503293043002486,4.346347980201244,8,True,2
1585.0,228.33333333333334,-2698477.4886946,-4299560.746215693,3848861.232256894,-2698467.8536419785,-4299496.931971211,3848817.239623663,78.10533795066121,-255.2347829134368,1.2056400030851364,3.3232564963400364,8,True,2
1586.0,228.66666666666666,-2698491.9991638255,-4299544.98390264,3848873.070186414,-2698483.964712967,-4299480.587025599,3848824.15607121,81.26561904908799,-249.87029746259387,1.2576192943379283,2.4160305857658386,8,True,2
1587.0,229.0,-2698508.3680379465,-4299533.963450623,3848886.037904386,-2698499.6519543184,-4299464.150188156,3848831.469500973,89.03691583302114,-246.1296810057061,1.8845926010981202,3.607165653258562,8,True,2
1588.0,229.33333333333331,-2698521.7811539844,-4299512.551878533,3848887.2757618036,-2698514.8860373218,-4299447.608067131,3848839.2151995553,81.0867369976216,-250.54802383106116,0.8794850362464786,2.5523884631693363,8,True,2
1589.0,229.66666666666666,-2698537.0959589262,-4299500.556270565,3848900.632920145,-2698529.5926094614,-4299430.975529771,3848847.428453314,87.91185945788814,-243.87603921129647,2.3548227827996016,3.8748662434518337,8,True,2
1590.0,230.0,-2698550.6002003066,-4299482.590107936,3848906.6640904597,-2698543.714186473,-4299414.344314262,3848856.047506861,85.24637280227739,-244.75022651208798,1.7658823332749307,4.933847218751907,8,True,2
1591.0,230.33333333333331,-2698566.5026944736,-4299467.90914568,3848919.6217329,-2698557.349147964,-4299397.787838652,3848864.922385634,89.40248153386058,-241.85066596628363,1.5208274354226887,3.9719242304563522,8,True,2
1592.0,230.66666666666666,-2698580.62830231,-4299447.306148145,3848932.4052772243,-2698570.6614066423,-4299381.08396416,3848874.185417555,88.73707636051255,-238.1036190918739,2.5765160215087235,5.354234743863344,8,True,2
1593.0,231.0,-2698585.5712890276,-4299433.955052206,3848932.966402087,-2698583.5865194434,-4299364.130025665,3848883.995395506,85.30904481543232,-248.71234119363314,2.6115869687249265,5.196307960897684,6,True,2
1594.0,231.33333333333331,-2698600.254995093,-4299411.528343657,3848935.39524137,-2698596.0651394706,-4299346.931469358,3848894.3876046985,76.62856728905682,-252.508810173573,2.906242772936821,5.6612614542245865,8,True,2
1595.0,231.66666666666666,-2698618.5591814457,-4299399.175667466,3848960.412025333,-2698608.062980795,-4299329.5336676445,3848905.3355767615,89.40689880784362,-242.2634401211396,1.47754095228655,2.510260161012411,7,True,2
1596.0,232.0,-2698630.5563896406,-4299382.608693999,3848974.8118120455,-2698619.6605207594,-4299311.981516842,3848916.7334464975,92.08699504618454,-240.74411680078288,1.7829174000237669,2.7843071594834328,7,True,2
1597.0,232.33333333333331,-2698644.2454199134,-4299363.268434583,3848985.5943651516,-2698630.8113616686,-4299294.367747917,3848928.510636752,90.47834322101946,-239.86829931441744,1.6757748178206384,4.056517090648413,8,True,2
1598.0,232.66666666666666,-2698650.264412711,-4299348.626882495,3848999.2124056295,-2698641.3700398263,-4299276.743914288,3848940.711254732,93.10561553246556,-242.11876753267546,1.6532068896506513,3.5191375389695168,7,True,2
1599.0,233.0,-2698653.697569893,-4299322.582757738,3848988.492997764,-2698651.2714251974,-4299259.03958614,3848953.4588036793,72.60176024080799,-257.4179128283019,4.019899901468307,6.90720472484827,8,True,2
1600.0,233.33333333333331,-2698671.008051275,-4299315.173012488,3849019.037546926,-2698660.571965675,-4299241.211381143,3848966.762102279,91.16993422659178,-246.16360904990097,1.4991576160703386,3.10049295052886,7,True,2
1601.0,233.66666666666666,-2698681.7006409303,-4299293.53820624,3849040.6083900547,-2698669.390002093,-4299223.26452703,3848980.532929333,93.26844482036287,-242.99916217913628,3.426111487671733,8.259916130453348,8,True,2
1602.0,234.0,-2698694.9958570097,-4299283.877348286,3849060.551151579,-2698677.813861085,-4299205.223091235,3848994.683064256,104.02075785020547,-239.8808084689908,2.3536582003746713,5.628823909908533,7,True,2
1603.0,234.33333333333331,-2698702.394194716,-4299256.107341101,3849069.867009718,-2698685.764583446,-4299187.144588787,3849009.2036828953,93.3404756734719,-243.64836632496525,5.85251127788797,16.560997907072306,8,True,2
1604.0,234.66666666666666,-2698701.847015673,-4299237.233901898,3849069.76016003,-2698693.101316708,-4299169.037923953,3849024.183000164,82.48912752475702,-258.0450137240023,4.057479405775666,9.335335735231638,8,True,2
1605.0,235.0,-2698710.775672607,-4299221.753784436,3849094.5707949772,-2698699.7722224216,-4299150.903832631,3849039.656299832,90.3127530517139,-255.80614749211875,2.261572928633541,4.091576207429171,8,True,2
1606.0,235.33333333333331,-2698721.792255214,-4299209.608371168,3849117.968649771,-2698705.817371198,-4299132.772821282,3849055.561826648,100.2671941262419,-253.54538849527984,1.4802657663822174,4.0576518550515175,8,True,2
1607.0,235.66666666666666,-2698722.0566140837,-4299186.789007549,3849126.0142702213,-2698711.3440222573,-4299114.649122805,3849071.820182512,90.86210286548456,-262.8098334240283,1.1695573278702796,3.429360080510378,8,True,2
1608.0,236.0,-2698727.427537629,-4299168.159038666,3849144.7893839967,-2698716.2745895456,-4299096.525781172,3849088.49311639,91.78769839426766,-260.72728305974385,2.668245874810964,7.171299733221531,8,True,2
1609.0,236.33333333333331,-2698733.695709883,-4299149.212663935,3849160.0741179744,-2698720.449635053,-4299078.415415905,3849105.677663061,90.25897813545424,-260.9807449351297,1.2782082380726933,2.495888527482748,8,True,2
1610.0,236.66666666666666,-2698733.613611744,-4299135.240005846,3849173.0604168614,-2698723.939586196,-4299060.313573952,3849123.329710584,90.44722280727213,-263.13607798062446,2.2283567138947546,4.796053420752287,8,True,2
1611.0,237.0,-2698739.4285516073,-4299114.500449773,3849196.2813367406,-2698726.8556249784,-4299042.214072986,3849141.378682645,91.6389664923908,-259.41389577166433,1.2979455568960734,3.2084134109318256,7,True,2
1612.0,237.33333333333334,-2698740.836843228,-4299103.670854503,3849214.7007346707,-2698729.3353652195,-4299024.0861861175,3849159.762825165,97.38674108585442,-255.39104570598195,3.001509721390903,4.68729867041111,8,True,2
1613.0,237.66666666666666,-2698747.3624686482,-4299079.898374807,3849244.2503992207,-2698731.579342177,-4299005.899445085,3849178.376277044,100.32122733400398,-249.10177757743637,2.626161062158644,5.300696171820164,8,True,2
1614.0,238.0,-2698743.127956836,-4299058.869328301,3849248.7992931786,-2698733.734037558,-4298987.553941066,3849197.227857872,88.50843527864149,-256.7030239137724,2.536919815465808,3.1718859933316708,8,True,2
1615.0,238.33333333333334,-2698745.209497298,-4299036.170219174,3849274.004046317,-2698735.877377415,-4298969.040510791,3849216.273458247,89.02980965904455,-252.31776440084784,1.339306396432221,3.203192003071308,8,True,2
1616.0,238.66666666666669,-2698749.998515992,-4299021.665337079,3849292.280597679,-2698738.0265796,-4298950.41990904,3849235.433683429,91.92828692596929,-246.8870675657364,1.9623209941200912,4.562346510589123,8,True,2
1617.0,239.0,-2698754.078497689,-4299006.134865186,3849314.7249645824,-2698740.207049274,-4298931.715944771,3849254.664425293,96.6326092821243,-241.87589224251954,0.7561116367578506,1.3791746124625206,8,True,2
1618.0,239.33333333333334,-2698754.6987825264,-4298985.292043857,3849338.113818899,-2698742.3879228216,-4298912.812808235,3849274.115647084,97.47083080933851,-235.57475976306114,2.0899070729501545,5.330184526741505,8,True,2
1619.0,239.66666666666669,-2698755.365365912,-4298967.0189828025,3849356.021836297,-2698744.513094924,-4298893.737765093,3849293.796168258,96.74679538602415,-233.06437960111384,1.6732542137615383,4.6785186268389225,8,True,2
1620.0,240.0,-2698755.956641398,-4298948.348102316,3849370.7755226768,-2698746.621270153,-4298874.585795045,3849313.5736665335,93.80873880673728,-233.2220609120333,2.7939500398933887,7.22161677479744,8,True,2
1621.0,240.33333333333334,-2698754.286077605,-4298915.123175948,3849376.389043771,-2698748.994488495,-4298855.322974956,3849333.2893571984,73.90296297645291,-243.83397069914966,1.353847841599158,2.550028081983328,7,True,2
1622.0,240.66666666666669,-2698761.2023977297,-4298902.063082868,3849406.402965506,-2698751.8636320005,-4298835.883880456,3849352.8550278046,85.64041691483351,-231.34271405515668,0.5872165204158851,1.4877806641161442,7,True,2
1623.0,241.0,-2698761.2857284644,-4298886.13554066,3849418.069138967,-2698755.288719228,-4298816.230829972,3849372.270679665,83.78622542258384,-231.0304650085433,2.9927136269398034,5.0847457498312,8,True,2
1624.0,241.33333333333334,-2698765.688517363,-4298862.417549841,3849434.0804969277,-2698759.3672816725,-4298796.302590406,3849391.536314082,78.87428843315398,-228.82069085565573,2.5171115319244564,5.918754860758781,8,True,2
1625.0,241.66666666666669,-2698771.552416575,-4298846.805212738,3849462.002182063,-2698764.4434187124,-4298775.930846018,3849410.599005007,87.84076684577356,-217.63518851966782,2.8756048656068742,5.978276155889034,8,True,2
1626.0,242.0,-2698774.4345208122,-4298817.014319839,3849469.3243625015,-2698770.6772368066,-4298755.070739655,3849429.3970057783,73.79239882285358,-225.1860534277484,2.293021223973483,3.4833117090165615,8,True,2
1627.0,242.33333333333334,-2698780.5228372067,-4298796.690826063,3849491.0029153647,-2698778.009383122,-4298733.727712997,3849447.965603322,76.3078061947262,-219.29739712334177,1.7452088799327612,4.5999207347631454,8,True,2
1628.0,242.66666666666669,-2698795.094595291,-4298781.474179259,3849514.746058867,-2698786.5568253947,-4298711.971465927,3849466.146018836,85.23781183424717,-208.70169133059548,1.794429149478674,4.320853631943464,7,True,2
1629.0,243.0,-2698803.7741551567,-4298758.705896013,3849533.429854914,-2698796.3146105725,-4298689.86076465,3849483.87650759,85.15181236418809,-201.77517635226468,1.7902346631245953,3.812490649521351,7,True,2
1630.0,243.33333333333334,-2698809.5661571342,-4298732.705519913,3849559.644101287,-2698807.1874160306,-4298667.527017341,3849501.0776832136,87.65797700525789,-194.38542917547144,3.5691545652225614,8.948882143944502,8,True,2
1631.0,243.66666666666669,-2698827.457210137,-4298707.418093525,3849568.649351178,-2698819.17217522,-4298645.11528837,3849517.5907702944,80.97691038542128,-190.7561816477982,0.8295879938772747,1.5958493202924728,7,True,2
1632.0,244.0,-2698835.727377415,-4298687.531223987,3849577.393469042,-2698832.2225100915,-4298622.718310365,3849533.34520542,78.44263760998842,-190.53316272628945,2.795953548912491,4.783251009881496,7,True,2
1633.0,244.33333333333334,-2698853.211813698,-4298663.54612437,3849599.472231906,-2698846.2659567306,-4298600.437242946,3849548.2792466423,81.55794004159611,-178.54107300894515,1.1134845156754767,2.5104007571935654,7,True,2
1634.0,244.66666666666669,-2698865.3821271905,-4298638.789621687,3849609.7547251033,-2698861.250338776,-4298578.288935068,3849562.410541493,76.93423476279,-174.49084396650068,2.541405617126397,4.505925688892603,7,True,2
1635.0,245.0,-2698880.900925455,-4298617.489561162,3849614.4998972667,-2698877.151792705,-4298556.351988403,3849575.668526995,72.52402440846977,-174.2041991460698,2.2956086192280054,3.8623662628233433,8,True,2
1636.0,245.33333333333334,-2698906.6990787303,-4298606.859359171,3849653.1216587145,-2698893.9474755363,-4298534.6566476505,3849588.035566351,98.04098303323136,-147.09648253546112,2.4234329890459776,6.176398552954197,8,True,2
1637.0,245.66666666666669,-2698920.716481969,-4298582.383246952,3849650.2454032907,-2698911.630228403,-4298513.191498132,3849599.52930644,86.26807398047976,-152.23611677706018,1.2984913531690836,2.4449261128902435,8,True,2
1638.0,246.0,-2698938.7282807785,-4298556.457148445,3849654.508511501,-2698930.1429403783,-4298492.03215931,3849610.1056469497,78.71405004942203,-149.41923332853662,1.8720291540957987,4.0018074959516525,8,True,2
1639.0,246.33333333333334,-2698956.3777205967,-4298536.773712354,3849672.5791678824,-2698949.418775027,-4298471.1887811525,3849619.799876014,84.47167439016879,-138.26255381042048,1.69578024931252,3.368317164480686,8,True,2
1640.0,246.66666666666666,-2698982.8694393886,-4298521.093305073,3849682.6059574904,-2698969.3823773977,-4298450.724581717,3849628.594355586,89.72687004572691,-126.3775295753431,1.6841679522767663,2.602537963539362,8,True,2
1641.0,247.0,-2698996.1731286766,-4298496.16461317,3849685.348867062,-2698990.02968953,-4298430.832983639,3849636.2773869736,81.93884194769575,-126.25592497601922,1.466270199045539,3.9155944995582104,8,True,2
1642.0,247.33333333333334,-2699023.9902321445,-4298478.332132998,3849694.978011569,-2699011.228927302,-4298411.620595686,3849642.822511245,85.63571874997248,-115.00235415238339,1.5604903753846884,3.5385314151644707,8,True,2
1643.0,247.66666666666666,-2699043.244833487,-4298463.535741725,3849700.6296484764,-2699032.7851917543,-4298393.026876247,3849648.4326126776,88.34837158893635,-108.77995881230923,2.575807328335941,4.376347437500954,8,True,2
1644.0,248.0,-2699064.478307608,-4298436.758382855,3849695.0828568395,-2699054.624827973,-4298375.03445284,3849653.1782608526,75.2524402412991,-111.09081283069163,0.8583326786756516,1.818218745291233,8,True,2
1645.0,248.33333333333334,-2699082.400699323,-4298425.363861815,3849702.2177121835,-2699076.7374402275,-4298357.610091051,3849657.103562103,81.59615489589731,-100.92998837070584,1.6874625450000167,3.6143399327993393,8,True,2
1646.0,248.66666666666666,-2699111.4910610467,-4298408.487687418,3849708.1159359617,-2699099.2185356943,-4298340.789262247,3849660.102667128,83.89854368959014,-93.87492652761969,1.4571952451951802,3.076824400573969,8,True,2
1647.0,249.0,-2699125.4286254565,-4298395.3034687955,3849726.846973258,-2699122.1121226773,-4298324.592054083,3849662.122651813,95.91840880581267,-78.71920969056431,5.158537518698722,12.375861871987581,8,True,2
1648.0,249.33333333333334,-2699150.3400971154,-4298391.528611419,3849723.105597042,-2699145.2758117504,-4298308.924952809,3849663.36639754,102.06754312292396,-67.44274839903325,4.230766447260976,10.555862847715616,8,True,2
1649.0,249.66666666666666,-2699170.785217037,-4298363.009448666,3849715.3407795895,-2699168.671562264,-4298293.660732467,3849664.001501653,86.31010041736512,-73.53467917118053,2.847051268177373,4.78119508177042,7,True,2
1650.0,250.0,-2699200.899793391,-4298347.442993087,3849722.051658471,-2699192.2280788026,-4298278.669188297,3849664.222023899,90.27348167561615,-57.44359092113324,2.508550767387663,6.340913910418749,7,True,2
1651.0,250.33333333333334,-2699239.7015366736,-4298346.6325507285,3849735.9241546243,-2699215.718888083,-4298263.806214162,3849664.345516355,112.06636836691173,-34.91909348258749,3.244448539401804,6.538452308624983,7,True,2
1652.0,250.66666666666666,-2699234.9449469997,-4298305.984405456,3849710.7132862955,-2699238.9008212807,-4298249.017726834,3849664.601322148,73.39730684509841,-58.0998252412161,5.852916079972472,13.091200292110443,7,True,2
1653.0,251.0,-2699262.237411625,-4298304.693273209,3849721.6386074843,-2699261.662908384,-4298234.476816927,3849664.8747697086,90.29293475014114,-38.77894487764858,2.816843131557107,5.503361608833075,6,True,2
1654.0,251.33333333333334,-2699289.589744922,-4298284.151538995,3849704.6828629607,-2699284.0701002097,-4298220.087029283,3849665.2276052535,75.44166781795525,-44.29328340131925,3.6738106768046106,8.671842105686665,7,True,2
1655.0,251.66666666666666,-2699321.2739088424,-4298280.93089717,3849727.16509089,-2699306.1651776,-4298205.749921625,3849665.7392167626,98.25268879788499,-13.687480353711706,2.0923003421298096,3.8318424597382545,7,True,2
1656.0,252.0,-2699348.5470681353,-4298268.47360218,3849727.845227492,-2699327.934150036,-4298191.426563595,3849666.462529517,100.64280479996995,-0.6844666588418973,1.0053702592849731,2.2802073433995247,7,True,2
1657.0,252.33333333333334,-2699361.396995923,-4298249.414464162,3849718.035393574,-2699349.238195088,-4298177.029162771,3849667.591602932,89.06202506934191,-4.818798708184826,1.7775350564292498,3.8510150983929634,7,True,2
1658.0,252.66666666666666,-2699385.7652915744,-4298238.672505776,3849723.579663493,-2699369.8665063307,-4298162.371969285,3849669.479272121,94.87568491269332,5.503005202271993,1.7582212244160473,3.200173392891884,8,True,2
1659.0,253.0,-2699404.1770506194,-4298221.808826488,3849729.6072424394,-2699389.707691973,-4298147.294289313,3849672.38134194,95.06093981262585,16.044110475545,2.2653729552403092,3.7722894847393036,8,True,2
1660.0,253.33333333333334,-2699419.879063829,-4298204.887177839,3849736.5584847145,-2699408.772155296,-4298131.829363612,3849676.253706704,95.38067879614485,24.24452200830324,1.3593744947575033,2.737534388899803,8,True,2
1661.0,253.66666666666666,-2699437.976724963,-4298188.117361117,3849733.1083498662,-2699427.1608696464,-4298116.104672373,3849680.884663904,89.61095603680725,27.01301519876727,1.9043338098563254,4.474929861724377,8,True,2
1662.0,254.0,-2699457.4012360037,-4298175.570379882,3849745.212558292,-2699444.918166887,-4298100.124192862,3849686.238928528,96.57040518705134,38.24850642180959,1.6403425093740225,3.8209644183516502,8,True,2
1663.0,254.33333333333331,-2699479.424283341,-4298162.310702096,3849751.8058525785,-2699462.083786256,-4298083.93455508,3849692.2371111657,99.9597329614593,46.91250911632763,1.587875190190971,3.1362248435616493,8,True,2
1664.0,254.66666666666666,-2699494.9313178854,-4298142.536088049,3849760.2890945515,-2699478.8216275494,-4298067.66348582,3849698.623405605,98.32642513840153,53.8138922198902,1.4288886613212526,3.7279083020985126,8,True,2
1665.0,255.0,-2699507.300374805,-4298122.447182534,3849757.6008084635,-2699495.247674937,-4298051.429036492,3849705.18611068,89.08504467750836,51.26746374099483,1.4973103376105428,2.4400262013077736,8,True,2
1666.0,255.33333333333331,-2699529.009180079,-4298110.744268459,3849768.480416748,-2699511.520687545,-4298035.250806998,3849711.792913466,96.01345282194404,61.42716492006467,1.1805887375958264,1.927151519805193,8,True,2
1667.0,255.66666666666666,-2699542.7202769876,-4298100.523740107,3849776.2917682915,-2699527.717917947,-4298019.151864499,3849718.364426466,101.0050981275159,69.73590403901095,1.524284838233143,2.3829561471939087,8,True,2
1668.0,256.0,-2699559.469352625,-4298083.247297309,3849782.322368956,-2699543.835784968,-4298003.126506065,3849724.9094705954,99.79975213135292,78.02617634357456,1.5813889419659972,2.49653684720397,8,True,2
1669.0,256.3333333333333,-2699574.781272546,-4298063.259777417,3849788.359446364,-2699559.867124712,-4297987.16332492,3849731.445687535,96.18876146540534,83.12754912206084,1.1492680190131068,2.510661408305168,8,True,2
1670.0,256.66666666666663,-2699590.856861394,-4298048.6503503295,3849797.2742232773,-2699575.864111767,-4297971.245459885,3849737.955435721,98.66619564556416,92.00906793992695,1.4630446778610349,3.692919682711363,8,True,2
1671.0,257.0,-2699606.51542393,-4298033.2382023325,3849802.586561572,-2699591.8743295264,-4297955.398703381,3849744.376969745,98.29397653436818,101.63067394841346,1.8551795603707433,4.596342172473669,8,True,2
1672.0,257.3333333333333,-2699628.419423674,-4298024.183814315,3849817.756029516,-2699607.872364423,-4297939.59924793,3849750.754393738,109.84511692096571,117.22752840897088,1.4167707138694823,2.9320780485868454,8,True,2
1673.0,257.66666666666663,-2699642.3788325074,-4298011.868456868,3849826.161989675,-2699623.7405476086,-4297923.809645547,3849757.211198572,113.3840884299669,125.55417629743623,3.3898643092252314,5.028422303497791,8,True,2
1674.0,258.0,-2699655.3110846104,-4297982.862623351,3849822.961317615,-2699639.4759681365,-4297907.991954752,3849763.791487808,96.73384459195807,121.23361422585248,0.9453948815353215,1.701490841805935,8,True,2
1675.0,258.3333333333333,-2699674.1383829275,-4297971.40097732,3849828.988137465,-2699655.178381749,-4297892.155105107,3849770.415874337,100.3498874706518,130.85009356425556,2.448881455231458,5.5018001683056355,8,True,2
1676.0,258.66666666666663,-2699689.165764981,-4297956.536615391,3849840.636511671,-2699670.8699561832,-4297876.301080887,3849777.066716543,103.98844392202527,140.9428421196304,0.697131956461817,1.4323158413171768,8,True,2
1677.0,259.0,-2699703.1194434776,-4297942.6626841035,3849846.7349312305,-2699686.5796893667,-4297860.459393235,3849783.691089952,104.90696077398376,147.21511922659084,1.9187200427986681,4.289988592267036,8,True,2
1678.0,259.3333333333333,-2699723.178402173,-4297927.317086944,3849852.195086403,-2699702.347663875,-4297844.660545001,3849790.2272495776,105.3851810497253,155.26822650776165,1.4457866256125271,2.55494799092412,8,True,2
1679.0,259.66666666666663,-2699737.3598155235,-4297911.123772538,3849858.799405726,-2699718.181046171,-4297828.915943392,3849796.657554244,104.82157255300355,160.50133219824173,1.056619634386152,1.9001735411584377,8,True,2
1680.0,260.0,-2699753.019729494,-4297896.370052243,3849868.1112688757,-2699734.148352721,-4297813.134822023,3849803.034928501,107.32736131837763,169.5462751422723,2.0776035329326987,4.829241909086704,8,True,2
1681.0,260.3333333333333,-2699770.0231908974,-4297880.811407572,3849878.916614423,-2699750.330857728,-4297797.146807383,3849809.4916829774,110.48698754441072,178.99326308488807,2.024974745698273,4.954327505081892,8,True,2
1682.0,260.66666666666663,-2699785.249757085,-4297862.868342394,3849881.331484707,-2699766.6852266327,-4297780.899570889,3849816.116024345,106.37940384865557,179.2136295756354,2.0352074396796525,3.6834114231169224,8,True,2
1683.0,261.0,-2699804.817223957,-4297849.760431858,3849887.963541166,-2699783.158277892,-4297764.458333392,3849822.872669383,109.46405591252929,187.4669514380586,1.3053577104583383,1.8496510088443756,8,True,2
1684.0,261.3333333333333,-2699817.7513848357,-4297831.235173578,3849897.590456822,-2699799.758178822,-4297747.786141931,3849829.79690038,109.0112959310693,194.07359866325467,2.571337084751576,6.349144581705332,8,True,2
1685.0,261.66666666666663,-2699836.42900876,-4297814.510248242,3849903.6949925586,-2699816.434762085,-4297730.803141722,3849837.0122060855,108.87260258571123,201.3533345730762,1.9577043983153999,5.0836532562971115,8,True,2
1686.0,262.0,-2699852.38348558,-4297800.392690566,3849914.093636278,-2699832.986264897,-4297713.421298608,3849844.756743178,112.90650970676305,209.04506468510687,2.0397099079564214,4.945194534957409,8,True,2
1687.0,262.33333333333337,-2699870.536329749,-4297782.7561286595,3849918.6790415486,-2699849.2643351965,-4297695.654256649,3849853.118716235,111.07380481091414,213.97517101626553,1.5521400710567832,2.955241948366165,8,True,2
1688.0,262.66666666666663,-2699886.5946346233,-4297764.493785534,3849929.6536105196,-2699865.312967859,-4297677.522103057,3849862.045199168,112.19572263951176,221.78013270164334,1.6333401179872453,4.137919399887323,8,True,2
1689.0,263.0,-2699897.954581834,-4297741.073977482,3849936.79276563,-2699881.061734332,-4297659.029304892,3849871.580292808,106.15725697594318,225.68233593328844,2.76255084015429,5.251883070915937,8,True,2
1690.0,263.33333333333337,-2699914.900402306,-4297723.295205551,3849945.5129015734,-2699896.292195897,-4297640.177855617,3849881.8739448143,106.32345001538495,232.84777149820718,1.4118548652955465,3.0478647835552692,7,True,2
1691.0,263.6666666666667,-2699929.38832574,-4297704.876232736,3849961.7386823394,-2699910.9980895137,-4297621.091011978,3849892.793842859,110.05250972561844,243.77498743072798,2.6760971461023604,5.128294765949249,7,True,2
1692.0,264.0,-2699945.0721595557,-4297687.501388761,3849977.396049601,-2699925.3139988603,-4297601.883097194,3849904.119469536,114.41299729907351,252.33883556910564,1.2266743374722344,1.8871033005416393,7,True,2
1693.0,264.33333333333337,-2699958.452292991,-4297669.0652367165,3849982.1114207027,-2699939.202752512,-4297582.561554966,3849915.8684639023,110.64158843210943,255.9733663134068,2.0416217874735594,4.090481713414192,8,True,2
1694.0,264.6666666666667,-2699973.5223283754,-4297651.857856062,3850001.661743621,-2699952.43483292,-4297563.127390416,3849928.199593498,117.10877635350354,266.98820957483247,0.5477429596441132,0.797684796154499,7,True,2
1695.0,265.0,-2699984.702793599,-4297632.25963928,3850014.6989995153,-2699964.9955712035,-4297543.573911587,3849941.130496161,116.90105900627697,273.3840785174706,2.2948127440176904,5.7229332365095615,8,True,2
1696.0,265.33333333333337,-2699996.972091773,-4297613.175771981,3850027.720059934,-2699976.998055485,-4297523.981219009,3849954.4935787744,117.11852094581235,278.76071497980814,1.6366708523460798,2.731300413608551,7,True,2
1697.0,265.6666666666667,-2700006.068842898,-4297590.758236356,3850037.533382884,-2699988.3757813387,-4297504.343366607,3849968.3417616887,112.10733510679097,279.64839790468136,1.4476164616644382,3.1950212828814983,7,True,2
1698.0,266.0,-2700021.7830964583,-4297574.332260303,3850053.4090575776,-2699999.0876625883,-4297484.678214863,3849982.6838623695,116.42587263822806,286.30619674455346,1.521324070436614,2.3796404264867306,7,True,2
1699.0,266.33333333333337,-2700028.714300339,-4297553.044015272,3850065.0788655276,-2700009.0893633934,-4297464.981800404,3849997.555159452,112.69224782408693,287.9785724538328,3.058960236143321,5.438387360423803,8,True,2
1700.0,266.6666666666667,-2700042.4757047226,-4297535.429455501,3850096.004926632,-2700018.484224486,-4297445.26875142,3850012.867445102,124.96553332615282,302.19561877421523,0.8821118366904557,1.8453625030815601,8,True,2
1701.0,267.0,-2700044.006412641,-4297510.602027497,3850080.580367474,-2700027.346917598,-4297425.508064958,3850028.603075477,101.09480757697213,283.78519852074106,3.1631452785804868,5.718020550906658,8,True,2
1702.0,267.33333333333337,-2700059.6808559787,-4297492.920662221,3850113.858228857,-2700035.5473514283,-4297405.725789197,3850044.823790317,113.80301238580334,297.9312261992017,0.8365168188299451,2.004259344190359,7,True,2
1703.0,267.6666666666667,-2700054.7795035057,-4297459.312824874,3850102.8681466924,-2700042.9743530154,-4297385.928131194,3850061.6001490345,85.01601305250901,276.20860146925963,5.677336722612381,13.991504579782486,8,True,2
1704.0,268.0,-2700069.9252322526,-4297452.264298216,3850143.401406799,-2700049.789935104,-4297366.156498599,3850078.773381264,109.52974495904948,296.0431645545301,1.738991221146924,3.964040655642748,7,True,2
1705.0,268.33333333333337,-2700071.3242393867,-4297425.626733463,3850150.7010376235,-2700056.2382815774,-4297346.416581938,3850096.16707753,97.34365429306744,286.1734624879125,1.9835876366123557,4.351646468043327,8,True,2
1706.0,268.6666666666667,-2700082.5008341097,-4297407.140999478,3850177.157458194,-2700062.551236227,-4297326.594534481,3850113.745954921,104.43533035613123,294.46667856213963,2.999210745561868,7.69749903678894,8,True,2
1707.0,269.0,-2700088.625293104,-4297390.844247413,3850199.785748206,-2700068.811300093,-4297306.638517952,3850131.51001198,110.20333638499851,297.5238192834716,1.9168703579343855,4.3248836770653725,8,True,2
1708.0,269.33333333333337,-2700094.5314568477,-4297370.946909892,3850215.6301216898,-2700075.141060265,-4297286.5271959705,3850149.397505475,109.03868592802999,297.95841193738175,1.2574415286071599,2.932161308825016,8,True,2
1709.0,269.6666666666667,-2700100.194819152,-4297348.262991786,3850232.2762607853,-2700081.622350609,-4297266.240970324,3850167.373153508,106.2307014320786,300.95129574412834,3.262686817906797,5.652945917099714,8,True,2
1710.0,270.0,-2700104.0530306096,-4297323.121683308,3850243.3214642033,-2700088.2652549352,-4297245.829192438,3850185.37521394,97.88335366728191,298.3224788674558,4.488348137055125,10.750899136066437,7,True,2
1711.0,270.33333333333337,-2700120.89838576,-4297320.905777335,3850282.3636382716,-2700094.860100498,-4297225.407692429,3850203.421326919,126.60870839668993,318.9727206415161,4.428121390619448,11.77789457142353,7,True,2
1712.0,270.6666666666667,-2700124.436643721,-4297292.790700172,3850295.0724977353,-2700101.293722685,-4297205.079399746,3850221.476211461,116.81301455715139,316.22559743861154,1.297537592372724,2.1650736406445503,7,True,2
1713.0,271.0,-2700125.1753640943,-4297266.169347115,3850303.9968367578,-2700107.710548409,-4297184.841082932,3850239.442846036,105.29256412470319,309.7992529611176,1.4967710593981403,2.8649559170007706,7,True,2
1714.0,271.33333333333337,-2700139.815980804,-4297252.812562706,3850336.750766383,-2700114.129163498,-4297164.689021514,3850257.312411245,121.39202347189861,325.16743719298637,2.0657846946269274,4.545742020010948,8,True,2
1715.0,271.66666666666663,-2700138.693677734,-4297231.66638605,3850334.3708323077,-2700120.524812326,-4297144.5671673305,3850275.164288636,106.87280470432229,312.2632135793274,3.2819869136437774,6.263048507273197,8,True,2
1716.0,272.0,-2700141.949231152,-4297206.9485958805,3850352.619042652,-2700126.939242281,-4297124.425420209,3850293.024938536,102.89232981264341,313.921730371521,2.144900449684688,4.001150172203779,7,True,2
1717.0,272.33333333333337,-2700154.4437459987,-4297177.992803242,3850365.9740217533,-2700133.382542671,-4297104.313133645,3850310.8326206,94.40784987873852,316.72005159997303,6.3147610276937485,15.33425560221076,7,True,2
1718.0,272.66666666666663,-2700161.5636142925,-4297169.498797265,3850397.7463638205,-2700139.800950385,-4297084.144746799,3850328.719635484,111.90896611148804,329.66418625794535,1.5705525428056717,2.839969679713249,7,True,2
1719.0,273.0,-2700163.997982869,-4297142.228477307,3850403.5436681197,-2700146.19220504,-4297063.850071875,3850346.765362476,98.40729725900168,323.06729604229554,1.3108222912997007,2.858222745358944,8,True,2
1720.0,273.33333333333337,-2700171.2065629805,-4297123.865391776,3850429.4790934823,-2700152.59347186,-4297043.421665455,3850364.952160357,104.79201001972639,335.8033457830896,2.5705513153225183,6.664439223706722,8,True,2
1721.0,273.66666666666663,-2700173.41437424,-4297108.200760569,3850453.690915953,-2700159.080681544,-4297022.947071166,3850383.130088936,111.59066543644012,342.2197360128926,2.134542633912393,3.2212428525090218,7,True,2
1722.0,274.0,-2700187.4945446234,-4297083.205770475,3850467.6024909597,-2700165.6345874346,-4297002.462251796,3850401.272688529,106.7568088103708,346.72309282201104,2.4300061421734944,5.0696882754564285,7,True,2
1723.0,274.33333333333337,-2700191.509399546,-4297062.347537421,3850482.9444663613,-2700172.2359438697,-4296982.003170497,3850419.353499729,104.26166326753054,346.4570577150619,0.8397748007306031,1.431743312627077,7,True,2
1724.0,274.66666666666663,-2700197.832289458,-4297046.840069629,3850504.348302405,-2700178.866167594,-4296961.573548723,3850437.381342912,110.06664812605283,353.9809474259357,2.370153695344925,3.4475723318755627,7,True,2
1725.0,275.0,-2700206.1912760367,-4297025.270851517,3850525.0559233082,-2700185.573841084,-4296941.150814618,3850455.347398655,111.1779548349082,359.0518515899608,1.2467433597360338,1.7957789413630962,7,True,2
1726.0,275.33333333333337,-2700206.271861747,-4296998.577188328,3850534.56554805,-2700192.4082070966,-4296920.680153872,3850473.27812693,100.0814512528957,355.14522279850934,1.7563661150634289,3.1943767368793488,7,True,2
1727.0,275.66666666666663,-2700213.293468158,-4296976.651219628,3850546.0290585123,-2700199.535575094,-4296899.993401295,3850491.2440864304,95.22128910694664,355.33952298970644,1.0713304435568196,2.351040445268154,7,True,2
1728.0,276.0,-2700223.3419607505,-4296954.71577144,3850573.7710331515,-2700207.154180718,-4296878.989849092,3850509.218817538,100.81392799822557,364.0826478910803,0.4994438774883747,0.9934407398104668,7,True,2
1729.0,276.33333333333337,-2700233.5483498704,-4296938.3645033,3850591.477840413,-2700215.3591980813,-4296857.721077312,3850527.078843626,104.79235747431098,373.1198738161986,1.472065937705338,2.3491860814392567,8,True,2
1730.0,276.66666666666663,-2700236.7044839812,-4296912.3396197185,3850601.077769274,-2700224.029970217,-4296836.294730439,3850544.7888866873,95.4563082649052,370.9200146733292,2.8692279239185154,4.549687389284372,8,True,2
1731.0,277.0,-2700248.846028355,-4296893.230896827,3850626.4153004577,-2700233.0950841354,-4296814.763638915,3850562.340128202,102.52234150506513,383.3193125969074,0.8981549013406038,2.0547397024929523,6,True,2
1732.0,277.33333333333337,-2700254.916355581,-4296869.911207801,3850639.2962069637,-2700242.5630256985,-4296793.074724436,3850579.785487526,97.96925876547644,387.44127217156796,2.2791041785052846,3.75075588747859,7,True,2
1733.0,277.66666666666663,-2700266.8791445508,-4296848.3933179965,3850664.974324872,-2700252.2946015582,-4296771.156314796,3850597.301358724,103.7202675708149,399.3888136028071,0.6720797089593751,1.0996353961527348,7,True,2
1734.0,278.0,-2700278.7502879314,-4296823.679668262,3850675.6289019794,-2700262.1153868563,-4296749.030491678,3850614.984757268,97.6060028184181,401.93387057802113,0.45803141842285794,0.7457915544509888,6,True,2
1735.0,278.33333333333337,-2700281.263930639,-4296800.220733977,3850691.916925613,-2700272.0198152456,-4296726.78827791,3850632.738666065,94.76204765894262,405.084001116566,1.5356655876551355,3.038301717489958,7,True,2
1736.0,278.66666666666663,-2700302.455037299,-4296784.671391788,3850725.0183186466,-2700281.9886420947,-4296704.465636921,3850650.536625778,111.35240912982273,427.1939898734332,1.9454908035695553,4.5471591129899025,6,True,2
1737.0,279.0,-2700296.2426809925,-4296749.595320251,3850712.953273179,-2700291.983711432,-4296682.118375587,3850668.343357782,81.00198413979594,406.9859582038663,2.2681369882609164,3.2431327253580093,7,True,2
1738.0,279.3333333333333,-2700309.1201136815,-4296728.018325577,3850736.916584566,-2700301.926446826,-4296659.787918476,3850686.167681552,85.33808325115614,418.9093533191221,1.7521746632243906,3.672542203217745,7,True,2
1739.0,279.66666666666663,-2700325.5486292895,-4296709.186194245,3850765.7836085963,-2700311.830859838,-4296637.513204917,3850703.9566798178,95.64394241166137,436.4096111148462,1.040594179715429,2.526182770729065,7,True,2
1740.0,280.0,-2700329.0480625336,-4296684.338248833,3850771.263970656,-2700321.6887949863,-4296615.331191761,3850721.6750748698,85.29473213398045,431.67450004880834,1.365864991077355,2.1206558495759964,7,True,2
1741.0,280.3333333333333,-2700341.870643461,-4296665.014602492,3850795.9022964016,-2700331.4402626124,-4296593.279583557,3850739.3228672673,91.95617210073749,441.73655705689055,1.2203067817858286,2.9625709801912308,7,True,2
1742.0,280.66666666666663,-2700345.105160398,-4296635.10167881,3850803.9197012363,-2700341.1146041607,-4296571.37177313,3850756.86477976,79.3195502519431,439.71104773829717,2.8891533347778022,5.6186831779778,8,True,2
1743.0,281.0,-2700360.483109787,-4296621.998591176,3850831.7677309876,-2700350.4777431805,-4296549.651429444,3850774.415465751,92.8628100988144,457.7758706411679,0.2798206497515951,0.6164468228816986,7,True,2
1744.0,281.3333333333333,-2700367.283937075,-4296589.526411172,3850840.4331433754,-2700359.1844358337,-4296528.168430211,3850792.160132687,78.49004592231925,456.17754731476697,2.6932428159884045,5.94690066576004,7,True,2
1745.0,281.66666666666663,-2700378.2168834917,-4296576.5442744475,3850864.0669762474,-2700367.127432805,-4296506.9185684575,3850810.178153459,88.73961952057634,466.52014549690085,1.2254904136061668,1.905659306794405,7,True,2
1746.0,282.0,-2700385.6744123655,-4296550.864024684,3850880.900862231,-2700374.115382185,-4296485.847044208,3850828.663551724,84.19949844200033,470.688740786887,1.2447135235582079,2.183092523366213,7,True,2
1747.0,282.3333333333333,-2700387.9865513765,-4296529.04811358,3850900.900935889,-2700380.1857831487,-4296464.930293483,3850847.616323611,83.7328892647156,473.9516543093616,2.3073153799133643,5.352057579904795,7,True,2
1748.0,282.66666666666663,-2700395.257200206,-4296512.394470773,3850918.763953878,-2700385.494473567,-4296444.149952571,3850866.948272086,86.2408834345858,480.4971286576709,1.3289474030025303,2.4627343639731407,8,True,2
1749.0,283.0,-2700397.1471362924,-4296490.021746375,3850940.952104612,-2700390.021891283,-4296423.558109308,3850886.615297461,86.14332696135176,485.8887280683582,1.3304378669708967,2.683951787650585,8,True,2
1750.0,283.3333333333333,-2700397.2293910854,-4296464.058800754,3850941.17538223,-2700393.7145677903,-4296403.236121489,3850906.564481258,70.06901427817122,479.8801190486493,2.1744526429101825,5.883085012435913,8,True,2
1751.0,283.66666666666663,-2700407.014543212,-4296455.222567448,3850992.491592355,-2700396.619776399,-4296383.225903807,3850926.716447901,98.07109859952702,510.5017879202746,2.113299662513392,4.889054853469133,7,True,2
1752.0,284.0,-2700409.4150413917,-4296433.905099129,3851011.927530361,-2700398.7574175666,-4296363.459245788,3850947.132929967,96.30443104458661,514.1774483028989,1.9139715885477406,4.151039052754641,7,True,2
1753.0,284.3333333333333,-2700409.448089878,-4296408.8762209,3851011.7916803937,-2700400.102071244,-4296343.912336609,3850967.858020909,78.97987567796174,508.2064934361848,1.771012248205287,3.1520778499543667,7,True,2
1754.0,284.66666666666663,-2700407.384727997,-4296391.4080735855,3851041.1084160306,-2700400.522028309,-4296324.691837026,3850988.865260422,85.01470564331126,518.8280683129917,1.5193908526562154,3.755068749189377,8,True,2
1755.0,285.0,-2700411.4450818356,-4296371.671823331,3851055.7993041854,-2700399.953723262,-4296305.829745052,3851010.16346497,80.93120791656949,525.4551894064866,2.2738565243780613,6.4670900367200375,8,True,2
1756.0,285.3333333333333,-2700406.3469966743,-4296350.450269406,3851078.1461567255,-2700398.6439585257,-4296287.202770907,3851031.717355416,78.83664410685437,530.4333085146205,0.9927415618939059,1.4269660599529743,7,True,2
1757.0,285.66666666666663,-2700407.304775874,-4296336.5828730725,3851107.6085805045,-2700396.6256648446,-4296268.830009051,3851053.482833985,87.37328213968016,541.9091750265666,2.3725488083437085,6.2750038877129555,8,True,2
1758.0,286.0,-2700401.7392145284,-4296314.440698539,3851121.3040915425,-2700393.8163659917,-4296250.763300522,3851075.459898613,78.86236474055225,543.5749847876687,3.801989041734487,9.449979543685913,8,True,2
1759.0,286.3333333333333,-2700398.798708709,-4296297.608569091,3851153.3222903553,-2700390.1616293057,-4296232.949315879,3851097.74555625,85.69825867790021,555.8046767703926,2.3878927477635443,5.4206883162260056,8,True,2
1760.0,286.66666666666663,-2700385.490711173,-4296269.438650494,3851151.8581321393,-2700385.7687155367,-4296215.392262641,3851120.260433058,62.60594152027934,541.5792057912472,1.3614124613814056,3.6712200716137886,8,True,2
1761.0,287.0,-2700384.120586399,-4296262.350682704,3851196.1208844963,-2700380.9000617308,-4296198.110233792,3851142.801691019,83.54725278894196,561.5237452724772,1.1819723728112876,2.5099526569247246,8,True,2
1762.0,287.33333333333337,-2700378.768212364,-4296242.012171291,3851207.211297159,-2700375.906457677,-4296180.962327967,3851165.281140727,74.11754871906022,559.5839334175758,2.881196773145348,5.612467896193266,8,True,2
1763.0,287.66666666666663,-2700378.908055973,-4296225.35019397,3851229.494120369,-2700370.8694063886,-4296163.945070181,3851187.645869496,74.74279373842396,565.8211696939637,3.634204844944179,6.931963011622429,8,True,2
1764.0,288.0,-2700375.2932498143,-4296208.761105014,3851248.538579826,-2700365.8061861624,-4296147.119231404,3851209.816508775,73.41065144353875,571.8572739648116,3.424257371108979,9.090482156723738,8,True,2
1765.0,288.33333333333337,-2700368.4168055668,-4296191.195902906,3851277.4782870007,-2700360.825033656,-4296130.440658761,3851231.76660401,76.40937543079912,576.2589207625558,1.789950783830136,3.7891368865966797,8,True,2
1766.0,288.6666666666667,-2700359.59613505,-4296171.275656672,3851295.348700101,-2700355.9520311845,-4296113.900920349,3851253.4873385695,71.11619682177825,578.5015442438633,2.381153355818242,5.982480060309172,8,True,2
1767.0,289.0,-2700354.9022206278,-4296156.725184786,3851311.859480898,-2700351.0975295785,-4296097.540451542,3851274.996352226,69.82978289164244,579.9321943111165,1.5236243967499052,2.330713588744402,7,True,2
1768.0,289.33333333333337,-2700351.639372127,-4296139.733903347,3851339.286949784,-2700346.2836994776,-4296081.361238217,3851296.276009532,72.70482958656967,589.9560246946286,0.8993220184929669,1.6482319124042988,8,True,2
1769.0,289.6666666666667,-2700341.092432332,-4296122.664985101,3851355.1089004227,-2700341.6676763245,-4296065.280432798,3851317.308675246,68.71808184212121,592.5351350654338,1.5571904708631337,2.9111614860594273,8,True,2
1770.0,290.0,-2700338.3270834577,-4296101.547363097,3851369.214959524,-2700337.410179872,-4296049.037834298,3851338.27072542,60.95602473220571,593.5026886138212,3.006885254289955,6.379800993949175,8,True,2
1771.0,290.33333333333337,-2700330.7096692845,-4296085.983589202,3851396.867149753,-2700333.633782456,-4296032.42905154,3851359.303259261,65.48041547642029,601.9905283931357,2.4202762730419636,5.985998947173357,7,True,2
1772.0,290.6666666666667,-2700336.5788975963,-4296070.669487522,3851420.836602826,-2700330.402699009,-4296015.389840195,3851380.4327319902,68.74923720387261,611.18059396171,0.4145410880446434,0.7101261243224144,7,True,2
1773.0,291.0,-2700330.8212491157,-4296057.528449793,3851445.6219151653,-2700327.9819579963,-4295997.80932197,3851401.597412472,74.2468358885207,620.1352445069231,2.995197425596416,6.588075157254934,8,True,2
1774.0,291.33333333333337,-2700331.216143228,-4296037.818972286,3851462.8454181203,-2700326.7125440203,-4295979.664181499,3851422.585654568,70.87390675416576,625.0141284407381,1.0897982683964074,2.681599475443363,8,True,2
1775.0,291.6666666666667,-2700328.1628561504,-4296017.679533704,3851481.0430433624,-2700326.756793445,-4295960.979722978,3851443.256363168,68.15188000991186,628.8195524869584,1.8677889010868967,3.968415282666683,8,True,2
1776.0,292.0,-2700333.0668598064,-4296007.738108833,3851508.942867449,-2700327.8454231285,-4295941.893368739,3851463.644815296,80.091864305766,645.6747651338798,2.9746403683509146,4.2993540950119495,7,True,2
1777.0,292.33333333333337,-2700338.851588796,-4295983.54600567,3851538.527323539,-2700329.776959332,-4295922.48399995,3851483.803924497,82.49586562453382,651.8869492958797,1.8149164193309844,3.167388767004013,8,True,2
1778.0,292.6666666666667,-2700330.020667479,-4295955.3066016035,3851529.8503905023,-2700332.8216471686,-4295902.7488905545,3851503.548505001,58.838317947265665,633.3825278289305,2.812941410113126,6.105674132704735,8,True,2
1779.0,293.0,-2700337.743168186,-4295942.083152787,3851568.6983960154,-2700337.155521433,-4295882.768412369,3851522.666917833,75.08315885178722,653.6692073303817,2.057988652959466,4.632243983447552,8,True,2
1780.0,293.33333333333337,-2700344.242258976,-4295917.498012577,3851576.8884615386,-2700342.5780979986,-4295862.756140015,3851541.062165743,65.4443696110095,652.50004003343,1.1158392559736967,1.9019387438893318,8,True,2
1781.0,293.6666666666667,-2700351.382659679,-4295901.151773678,3851599.128605766,-2700348.9716980206,-4295842.857682326,3851558.654889126,71.00799646088447,661.7119429616789,1.4853315115906298,2.6464076414704323,8,True,2
1782.0,294.0,-2700358.827147278,-4295883.596910179,3851624.571969124,-2700356.316765662,-4295823.125132162,3851575.4010024336,77.98026620632493,671.7828511967087,0.756059137172997,1.5109205953776836,8,True,2
1783.0,294.33333333333337,-2700375.0744918375,-4295862.964427486,3851644.1533995867,-2700364.504100224,-4295803.651014596,3851591.27405696,80.16257857718972,679.7959082372871,1.6176775093190372,4.515795357525349,8,True,2
1784.0,294.6666666666667,-2700372.398256337,-4295839.551166327,3851640.663985688,-2700373.3612614227,-4295784.543730169,3851606.274058911,64.87998516644033,670.9420051904012,0.8528225938789546,2.014335036277771,8,True,2
1785.0,295.0,-2700382.8632676424,-4295821.099063873,3851660.601128769,-2700382.7575353025,-4295765.861572703,3851620.427469095,68.30164376990557,678.8152993589046,2.3006492811255157,3.7752622701227665,8,True,2
1786.0,295.33333333333337,-2700398.1399574704,-4295808.171322542,3851681.500274769,-2700392.5990480087,-4295747.671518679,3851633.725474586,77.28751178379298,690.9416171955061,0.6454937165336949,1.0354230105876923,7,True,2
1787.0,295.6666666666667,-2700400.429799968,-4295784.242954691,3851665.396547985,-2700402.9963234165,-4295729.999616043,3851646.062261108,57.643225788976586,674.5662358230504,3.728796573355794,6.7718475721776485,8,True,2
1788.0,296.0,-2700416.807600134,-4295772.368793959,3851703.402963287,-2700414.32458519,-4295712.77715369,3851657.2526503806,75.41339625340856,696.8704818068028,2.7581447628326714,7.0880644880235195,8,True,2
1789.0,296.33333333333337,-2700433.8916220693,-4295762.7252559215,3851716.3389754137,-2700426.6803133558,-4295695.808162159,3851667.446558456,83.18875432961218,705.0508593478895,1.7333120717667043,2.8327278792858124,8,True,2
1790.0,296.66666666666663,-2700446.447681161,-4295740.949808102,3851724.216612995,-2700439.574173079,-4295678.946530368,3851677.146629584,78.14879974400795,707.7241225821874,1.423177114554814,2.411156862974167,7,True,2
1791.0,297.0,-2700457.8778287657,-4295725.20189631,3851727.7011769675,-2700452.7737255595,-4295662.155295397,3851686.555685153,75.45778457402638,708.4918949200315,0.8777566482978207,2.1881575770676136,7,True,2
1792.0,297.33333333333337,-2700468.608332944,-4295706.909149296,3851742.8215666376,-2700466.27929564,-4295645.41833156,3851695.691362823,77.51000704560586,715.6816346115165,1.5333016701042652,2.4588806703686714,8,True,2
1793.0,297.66666666666663,-2700484.0125954943,-4295689.078888575,3851755.286021571,-2700480.308005943,-4295628.798146299,3851704.333208606,79.01696667223779,721.5345369344419,1.8753043301403522,4.6216468550264835,8,True,2
1794.0,298.0,-2700504.262875266,-4295676.144501864,3851762.487810488,-2700495.072746017,-4295612.383787603,3851712.23431499,81.70251506775507,725.592922584184,0.849580499343574,1.710153192281723,8,True,2
1795.0,298.33333333333337,-2700513.2579195686,-4295654.704938135,3851767.2775810375,-2700510.445068317,-4295596.120678559,3851719.544593733,75.6205374172912,722.9748566676865,1.9258076408877969,4.9591918140649796,8,True,2
1796.0,298.66666666666663,-2700536.8673502794,-4295646.900756131,3851774.028175095,-2700526.3033743016,-4295579.981777783,3851726.378683048,82.82645316569997,727.6589187982751,3.1346430648118258,6.298231393098831,8,True,2
1797.0,299.0,-2700550.448713129,-4295629.44949963,3851782.662105096,-2700542.804488025,-4295564.083418898,3851732.498493883,82.74990379245698,730.6917925425628,1.762000578455627,3.6071421578526497,8,True,2
1798.0,299.33333333333337,-2700564.9898692695,-4295610.706760761,3851780.248449904,-2700559.937975846,-4295548.392356138,3851737.948118996,75.48459873167245,724.7647655731574,1.1555331526324153,2.006253145635128,8,True,2
1799.0,299.66666666666663,-2700584.3823329606,-4295597.462314922,3851791.894326455,-2700577.673852365,-4295532.927436946,3851742.727560024,81.40715637233212,729.5705890264938,1.7905555027537048,3.680176481604576,8,True,2
1800.0,300.0,-2700601.6325026164,-4295579.224946399,3851790.672473839,-2700596.041786157,-4295517.685925471,3851746.819182106,75.77214793847331,724.8783898640531,1.6048556054010987,3.2115292586386204,8,True,2
1801.0,300.0,-2700621.021754184,-4295566.307585725,3851801.693887131,-2700614.889189067,-4295502.524936205,3851750.487530812,82.02393347140045,728.5712496996674,1.9368566377088428,4.356390170753002,8,True,2
1802.0,300.0,-2700638.491357843,-4295549.956496959,3851801.872405134,-2700634.082697092,-4295487.265615633,3851754.0236054272,78.98791378698832,725.0771983866565,0.924647327978164,1.59127938747406,8,True,2
1803.0,300.0,-2700659.9926633174,-4295534.431169065,3851808.737884526,-2700653.601755143,-4295471.825355287,3851757.533223773,81.1310600753706,725.4926472559325,0.9100487250834703,2.692182172089815,8,True,2
1804.0,300.0,-2700676.2939068316,-4295513.824714804,3851800.5073740226,-2700673.388321361,-4295456.145114626,3851761.122203442,69.90400822078551,711.8313525896881,0.7183308312669396,1.3832230903208256,8,True,2
1805.0,300.0,-2700698.69824382,-4295497.991376753,3851805.57348866,-2700693.457062761,-4295440.231586761,3851764.772908063,70.91086444180488,711.778279017966,1.007860722951591,2.371310740709305,8,True,2
1806.0,300.0,-2700722.2452731053,-4295489.2220253395,3851817.4111923734,-2700713.8027747646,-4295424.159683048,3851768.405974455,81.88953257849973,719.5379561291753,1.5957493497990072,3.081947147846222,8,True,2
1807.0,300.0,-2700739.780372945,-4295469.205542712,3851812.7603859883,-2700734.330614248,-4295408.044754943,3851771.959675837,73.72272227206312,713.8594043973462,1.5271862051449716,2.564948793500662,8,True,2
1808.0,300.0,-2700761.48678707,-4295459.008094483,3851826.035977469,-2700754.876616647,-4295391.942129049,3851775.486921003,84.24218172708747,720.330123414094,1.5802405723370612,2.6314303390681744,8,True,2
1809.0,300.0,-2700782.409545395,-4295439.497514026,3851825.1649417146,-2700775.360573618,-4295375.790787196,3851779.111163475,78.92518949420507,718.1052825003792,1.242054277099669,2.7143726497888565,8,True,2
1810.0,300.0,-2700803.860113969,-4295425.48743162,3851839.5922872094,-2700795.7684576046,-4295359.551785184,3851782.885311701,87.34223173813011,727.3265808977654,1.1092973724007607,2.867034550756216,8,True,2
1811.0,300.0,-2700818.6373348767,-4295400.262592652,3851826.219352123,-2700816.0715687736,-4295343.179482411,3851786.879910193,69.37331130821455,714.9246687767932,1.3765539987944067,2.156732641160488,8,True,2
1812.0,300.0,-2700842.540135863,-4295386.728325872,3851838.5566484253,-2700836.2695385963,-4295326.5069329385,3851791.2801384446,76.81799888603932,724.4385012916465,1.4621546627022326,3.3466939479112625,8,True,2
1813.0,300.0,-2700860.6492735897,-4295369.030107335,3851839.7264818023,-2700856.285049924,-4295309.328003012,3851796.3681743215,73.91434594490399,722.3800677093722,2.173408235888928,3.538852173835039,8,True,2
1814.0,300.0,-2700879.266451043,-4295348.462682062,3851846.886092253,-2700875.9074958544,-4295291.62386039,3851802.311559688,72.31060214391408,725.7564561954614,1.1912509207613766,2.7849321588873863,8,True,2
1815.0,300.0,-2700901.644434987,-4295333.957918378,3851856.0935228956,-2700895.117320621,-4295273.44660394,3851809.0662019337,76.91418148681757,732.209494437764,1.3972433162853122,3.8835905641317368,8,True,2
1816.0,300.0,-2700914.4953570394,-4295309.473456461,3851857.698589067,-2700913.9073405485,-4295254.784826786,3851816.649734717,68.38274945152153,726.5555376794432,1.83695367584005,4.963155034929514,8,True,2
1817.0,300.0,-2700936.107614652,-4295293.442599266,3851864.66930891,-2700932.1875873064,-4295235.695100176,3851825.06215522,70.13463401859332,733.3468241460945,2.916963132098317,4.871185008436441,8,True,2
1818.0,300.0,-2700952.498588167,-4295273.691767892,3851870.255770029,-2700949.7853103275,-4295216.3019752605,3851834.285824255,67.78485947384118,731.8458163343007,1.857216781936586,3.437846202403307,8,True,2
1819.0,300.0,-2700970.3674345394,-4295253.753424706,3851891.7974220095,-2700966.657505662,-4295196.720068703,3851844.223740247,74.36277607526115,742.9437126973503,2.2901530200615525,4.524052403867245,8,True,2
1820.0,300.0,-2700983.3543547844,-4295233.111652952,3851892.271633828,-2700982.887006632,-4295177.064479728,3851854.690721887,67.48206415741225,740.9350499032529,2.346049363259226,4.948337581008673,8,True,2
1821.0,300.0,-2701003.6032765955,-4295216.1814625645,3851920.590169919,-2700998.470224786,-4295157.329508338,3851865.695584686,80.64314121526454,758.5934695870127,1.9872973249293864,4.608413819223642,8,True,2
1822.0,300.0,-2701010.638170383,-4295189.793247244,3851905.873834098,-2701013.2607622733,-4295137.43207398,3851877.432321472,59.6446987949471,741.1229378156011,2.355767637025565,4.997361525893211,8,True,2
1823.0,300.0,-2701026.2342685093,-4295168.257899702,3851923.621513821,-2701027.202554274,-4295117.399475633,3851889.90974636,61.02458636812453,747.0281893989575,2.305748655460775,4.265078283846378,8,True,2
1824.0,300.0,-2701039.1012946675,-4295147.824460384,3851934.3924340643,-2701040.5684727114,-4295097.283034855,3851902.8809528095,59.57819867096513,749.2579145968072,1.4140446144156158,2.8713521994650364,8,True,2
1825.0,300.0,-2701055.79392365,-4295131.512612148,3851954.5066293674,-2701053.692002494,-4295077.064108198,3851916.134307749,66.64452506681053,757.7293650927647,1.0515251392498612,2.6715608537197113,8,True,2
1826.0,300.0,-2701065.0392187005,-4295108.955669734,3851968.5958877895,-2701066.707433818,-4295056.690088968,3851929.634537872,65.21089373620704,757.2936495925838,1.827825257088989,3.855278644710779,8,True,2
1827.0,300.0,-2701078.558033882,-4295086.865909442,3851985.6724121803,-2701079.7106124144,-4295036.180314081,3851943.293462788,66.07823670471431,759.7803507334569,1.8727721581235528,3.9422501511871815,8,True,2
1828.0,300.0,-2701092.0846646884,-4295067.886112756,3851993.8516664025,-2701092.923538444,-4295015.5384752285,3851956.952359838,64.05105532970539,755.9628513639327,2.331237506121397,3.8695860914885998,8,True,2
1829.0,300.0,-2701105.4230157416,-4295046.333033721,3852009.6654797955,-2701106.5965950456,-4294994.830028313,3851970.364329119,64.79596668695582,758.4741873756493,1.8932874505408108,4.0154666639864445,8,True,2
1830.0,300.0,-2701120.175377647,-4295025.744489983,3852017.548738883,-2701120.957998452,-4294974.118446031,3851983.300108356,61.95828921489197,756.8421407007243,1.5983279785141349,3.077613912522793,8,True,2
1831.0,300.0,-2701134.510308252,-4295004.43483281,3852036.200304054,-2701136.286518705,-4294953.530946714,3851995.4246231234,65.24581748032362,761.256571240067,0.706364905461669,1.4691526554524899,8,True,2
1832.0,300.0,-2701150.75772012,-4294986.579962329,3852040.7206399217,-2701152.6685906663,-4294933.188322853,3852006.543886092,63.422149872781034,758.5669257744114,2.5255716405808926,5.002038288861513,8,True,2
1833.0,300.0,-2701169.9902096423,-4294965.010128091,3852061.32290363,-2701169.9249530053,-4294913.171463633,3852016.693173442,68.40368563074225,764.4264790700225,1.7938222438097,4.976951856166124,8,True,2
1834.0,300.0,-2701188.635531494,-4294945.95272959,3852064.6780934446,-2701187.814709082,-4294893.496521958,3852026.022391859,65.16587092678431,763.1264680172324,1.410792020149529,2.508136887103319,8,True,2
1835.0,300.0,-2701208.1599861355,-4294929.192272335,3852072.775378175,-2701206.204535888,-4294874.167729911,3852034.619722462,66.98789530609612,762.6711409745324,1.3300722618587315,2.372317858040333,8,True,2
1836.0,300.0,-2701228.154379069,-4294911.875714064,3852088.3218095293,-2701225.273137952,-4294855.319511959,3852042.211817538,73.02764482225886,767.0649915054854,1.7035999009385705,5.1678534261882305,8,True,2
1837.0,300.0,-2701245.2807797818,-4294889.605501458,3852080.8689536895,-2701245.1040121512,-4294837.034705485,3852048.648778744,61.6592207988885,754.5992452125079,2.2952151894569397,3.5564701333642006,8,True,2
1838.0,300.0,-2701266.894681032,-4294875.4949334115,3852098.9118224764,-2701265.4725360265,-4294819.255537741,3852054.1510530063,71.89171444170518,761.6147188418734,1.836127643007785,5.062998693436384,8,True,2
1839.0,300.0,-2701288.871808245,-4294858.866875172,3852104.145527218,-2701286.3340629595,-4294801.994166043,3852058.736278104,72.82132311274879,757.9781546254088,2.252628482878208,3.305655252188444,8,True,2
1840.0,300.0,-2701307.894365728,-4294839.418106978,3852108.0884523345,-2701307.7492851256,-4294785.363696213,3852062.2369189975,70.88203919811883,756.119729326066,1.9571737088263035,3.754971720278263,8,True,2
1841.0,300.0,-2701330.4288041973,-4294827.465503616,3852106.292885285,-2701329.5630352315,-4294769.350256358,3852064.7764256014,71.42652129569309,751.7325210571486,1.0387189630419016,2.6061867997050285,8,True,2
1842.0,300.0,-2701356.049467927,-4294814.8512104815,3852113.597061097,-2701351.547021177,-4294753.707296808,3852066.786867649,77.13653101277046,753.7780504416094,1.0757486261427402,2.783104747533798,8,True,2
1843.0,300.0,-2701375.4968433958,-4294796.711608499,3852107.415948857,-2701373.518000805,-4294738.343061748,3852068.4975064592,70.18153764727548,743.5484778297691,1.3336110869422555,3.1476950719952583,8,True,2
1844.0,300.0,-2701398.1004606057,-4294788.38561583,3852124.269333942,-2701395.3019015538,-4294723.263538275,3852070.022972657,84.80203199545983,751.5037568541479,1.5421106317080557,3.055671513080597,8,True,2
1845.0,300.0,-2701424.7332263743,-4294771.971352047,3852133.9539394504,-2701416.7598154894,-4294708.380938061,3852071.5572562297,89.44642032574596,752.67114940789,4.0069078942760825,8.208479337394238,8,True,2
1846.0,300.0,-2701439.385913489,-4294752.65896944,3852112.2210719376,-2701437.840869156,-4294693.647645862,3852073.188534354,70.76907843550121,730.5679485493152,1.4968622587621212,2.7744875364005566,8,True,2
1847.0,300.0,-2701459.2913192995,-4294738.773772523,3852107.576725708,-2701458.6148403017,-4294679.091437285,3852074.837447514,68.07568655517336,720.4757048423169,2.709248580504209,4.760530706495047,8,True,2
1848.0,300.0,-2701487.3819718943,-4294728.450274237,3852130.695920917,-2701479.1573246373,-4294664.632917279,3852076.539266552,84.10257477427844,731.4051189180766,2.4364553107880056,6.74768752604723,8,True,2
1849.0,300.0,-2701509.700700743,-4294716.349941517,3852142.319168729,-2701499.379881267,-4294650.064965857,3852078.584975912,92.53250589358274,734.53589808265,3.1719825910404325,8.355725020170212,8,True,2
1850.0,300.0,-2701524.2162108463,-4294698.688911677,3852137.424824803,-2701519.185296462,-4294635.249678964,3852081.195017981,84.9213608116052,722.3482461373096,2.8781437845900655,7.4222987331449986,8,True,2
1851.0,300.0,-2701547.6005883627,-4294685.039201827,3852135.144038314,-2701538.569023247,-4294620.229731623,3852084.325303579,82.85155639195965,716.9484047043105,0.466374053619802,0.8488586880266666,8,True,2
1852.0,300.0,-2701561.85829176,-4294665.241891026,3852130.0121528623,-2701557.556179496,-4294605.045063273,3852087.914108085,73.58268556847823,701.5342299824252,1.6115343435667455,3.284695837646723,8,True,2
1853.0,300.0,-2701586.162522747,-4294656.107690331,3852141.51917147,-2701576.073715755,-4294589.6460803095,3852092.067243083,83.45311770274775,700.5812915257328,1.7101012486964464,4.390693914145231,8,True,2
1854.0,300.0,-2701602.2361096954,-4294639.683287275,3852145.351455964,-2701594.056076971,-4294573.978474733,3852096.890519773,82.05179865799508,694.0861584640016,1.5275891227647662,3.254749272018671,8,True,2
1855.0,300.0,-2701617.089772481,-4294622.2315053055,3852148.2225753786,-2701611.443931182,-4294558.047723689,3852102.419207427,79.05303196113368,684.8436693300292,1.4162665279582143,2.5018079318106174,8,True,2
1856.0,300.0,-2701636.286520664,-4294606.6795487255,3852158.432555863,-2701628.317817396,-4294541.898715212,3852108.547492237,82.14971817041993,679.0304018648768,1.457418161444366,2.7542114853858948,8,True,2
1857.0,300.0,-2701653.921523795,-4294592.279250987,3852164.496100233,-2701644.731565408,-4294525.617026935,3852115.143107604,83.45073595905812,672.2575898200535,1.7456628787331283,2.6191348917782307,8,True,2
1858.0,300.0,-2701671.0236339998,-4294574.916402363,3852175.273384977,-2701660.529993884,-4294509.188808881,3852122.329499304,85.04873930910423,664.5256326248882,1.0115409982390702,2.5919359363615513,8,True,2
1859.0,300.0,-2701684.3192830877,-4294560.401311332,3852181.8400758957,-2701675.608801369,-4294492.647830503,3852130.141936008,85.66857255792426,655.9721785948589,2.8507351456210017,5.013117108494043,8,True,2
1860.0,300.0,-2701701.515273481,-4294543.323977189,3852187.4527021633,-2701690.0404006075,-4294476.075944504,3852138.439333404,84.00167215391616,645.0562382607786,1.7472164295613766,4.58161261305213,8,True,2
1861.0,300.0,-2701711.142170927,-4294526.517099807,3852197.009354633,-2701703.931410633,-4294459.50959605,3852147.107060615,83.85844961623559,634.8128165383825,2.2305623702704906,5.349150311201811,8,True,2
1862.0,300.0,-2701725.0938920546,-4294512.091519896,3852210.9294977486,-2701717.271064914,-4294442.931674566,3852156.1715690303,88.55908529362308,627.2443536694033,3.0354232327081263,4.95323221758008,8,True,2
1863.0,300.0,-2701736.022848334,-4294492.84384605,3852219.8194893003,-2701729.997398477,-4294426.293576616,3852165.7298506014,85.9705381064975,615.5461646616326,1.8664298988878727,4.093100767582655,8,True,2
1864.0,300.0,-2701748.726827048,-4294478.618046344,3852239.04072609,-2701742.0872914973,-4294409.641702378,3852175.7466328815,93.85074157582744,611.7922131551251,2.1876748744398355,5.627669829875231,8,True,2
1865.0,300.0,-2701769.7996015735,-4294472.0530909365,3852237.026207183,-2701753.6408195766,-4294392.968834944,3852186.160190823,95.40847657224694,594.1066700507622,5.193487219978124,13.563131105154753,8,True,2
1866.0,300.0,-2701776.534122462,-4294446.710464159,3852262.005189857,-2701764.71403779,-4294376.247673609,3852196.961705018,96.61974008311036,593.7588013994665,3.112081815954298,6.904519539326429,8,True,2
1867.0,300.0,-2701786.5182013703,-4294431.156154282,3852268.0822873847,-2701775.212360184,-4294359.394394823,3852208.3098893207,94.07609545412208,577.5246537171787,1.2590846722014248,3.4020718075335026,8,True,2
1868.0,300.0,-2701788.1243378036,-4294406.513568336,3852255.7531745606,-2701785.137368209,-4294342.328374144,3852220.2929162,73.3899929409538,549.5963983305704,2.3340107165277004,5.905941411852837,8,True,2
1869.0,300.0,-2701797.492873985,-4294391.341882488,3852269.931796372,-2701794.554931493,-4294325.087799266,3852232.8226071633,75.99557206418775,541.7751981819504,2.8522098385728896,4.917963180691004,8,True,2
1870.0,300.0,-2701820.900547113,-4294384.562227223,3852313.8064670465,-2701803.427256375,-4294307.712373847,3852245.88132416,104.04345673452481,558.5271148505371,1.503427289891988,3.141286116093397,8,True,2
1871.0,300.0,-2701822.454894036,-4294360.964229321,3852316.249187109,-2701811.730907434,-4294290.264621233,3852259.416159254,91.34238626000493,541.1606140567081,1.3563510505482554,3.98629679530859,8,True,2
1872.0,300.0,-2701831.491806189,-4294345.382302939,3852331.8098787707,-2701819.477600944,-4294272.713280803,3852273.453561921,93.97120634625597,533.5524973624505,1.3717104899697006,2.6669051982462406,8,True,2
1873.0,300.0,-2701844.1904102378,-4294333.4657588685,3852356.244886608,-2701826.692777678,-4294255.082161808,3852287.949441822,105.42496484139681,532.4731439953603,1.013092809356749,2.650483336299658,8,True,2
1874.0,300.0,-2701846.5565814883,-4294312.6226766175,3852361.8801415903,-2701833.4651111546,-4294237.379179027,3852302.83325665,96.5375841127663,517.0985953278806,1.934935066383332,3.1809670738875866,8,True,2
1875.0,300.0,-2701851.97256406,-4294295.700916586,3852376.0164703145,-2701840.018181799,-4294219.527366195,3852318.034464648,96.4739862118357,509.11416160732637,1.2930937190540135,3.5105296298861504,8,True,2
1876.0,300.0,-2701861.8528282573,-4294277.712623034,3852393.8812792907,-2701846.456598644,-4294201.476829378,3852333.535428903,98.44065105240301,501.4285356854675,2.260070472024381,5.701873425394297,8,True,2
1877.0,300.0,-2701867.10771338,-4294255.39901568,3852406.03066123,-2701852.9296221337,-4294183.165505918,3852349.300877914,92.93528134701528,488.0172046430447,1.7603536820970476,3.766278635710478,8,True,2
1878.0,300.0,-2701874.7219680673,-4294240.646111887,3852421.920332951,-2701859.6227218467,-4294164.572256678,3852365.2250018055,96.07069926111684,479.77027600497814,1.3139423090033233,2.5101605765521526,8,True,2
1879.0,300.0,-2701880.201855385,-4294223.226677873,3852436.7593656816,-2701866.506544682,-4294145.683690986,3852381.343068695,96.28832910780393,470.8031372454512,2.2235034368932247,4.127992462366819,8,True,2
1880.0,300.0,-2701891.072358825,-4294206.173898939,3852464.5793120395,-2701873.4621166675,-4294126.526880262,3852397.707980929,105.47769023549124,470.3791649094212,2.1287920619361103,5.073124639689922,8,True,2
1881.0,300.0,-2701896.4517156244,-4294180.603891686,3852477.6220709044,-2701880.5481282747,-4294107.12860001,3852414.24919854,98.32427741478965,459.7356844374499,3.469061665702611,7.728154741227627,8,True,2
1882.0,300.0,-2701901.444645902,-4294158.291438685,3852480.826375725,-2701887.8379443786,-4294087.522320295,3852430.878547748,87.6823583378528,441.93947239212827,1.818928170017898,3.281777359545231,8,True,2
1883.0,300.0,-2701912.416602023,-4294144.329618797,3852512.586921875,-2701895.179655521,-4294067.71601952,3852447.6930173775,101.8723454123462,443.94999369212394,1.8106723013333976,4.2906857542693615,8,True,2
1884.0,300.0,-2701918.491849394,-4294120.407507599,3852527.698614303,-2701902.539374861,-4294047.7389798025,3852464.683788826,97.49904925569682,436.0780689751849,2.8015567450784147,5.851975332945585,8,True,2
1885.0,300.0,-2701922.9090688266,-4294097.055424824,3852534.2609421415,-2701909.975795186,-4294027.61797753,3852481.780323309,87.9945680534004,422.617342760297,2.7795009915716946,7.917577039450407,8,True,2
1886.0,300.0,-2701932.3835898386,-4294086.280650223,3852562.0913927453,-2701917.54559424,-4294007.293454729,3852499.0090714903,102.16908740051835,423.59249048442933,1.774985562477793,4.139584664255381,7,True,2
1887.0,300.0,-2701940.5376642398,-4294068.182786357,3852585.537584077,-2701925.17476776,-4293986.764189491,3852516.422935155,107.89736419118121,421.2892318266546,2.7525798487477005,6.340025659650564,8,True,2
1888.0,300.0,-2701949.243461648,-4294041.277694556,3852596.420807972,-2701932.7857217058,-4293966.023254819,3852534.0836326377,99.09597031543487,411.39144727529793,1.2355939531698823,2.384302906692028,8,True,2
1889.0,300.0,-2701954.0649375496,-4294023.21520479,3852611.2702216334,-2701940.4237324465,-4293945.026228435,3852552.0087961615,99.05309207212994,405.4519022622945,1.309745425824076,2.668655015528202,8,True,2
1890.0,300.0,-2701965.202473107,-4294008.083425107,3852643.1517672758,-2701948.2374233,-4293923.743296809,3852570.127887088,112.84306462567673,409.22226752724947,4.056344658602029,8.288102641701698,8,True,2
1891.0,300.0,-2701965.758194048,-4293970.087093066,3852639.6358909244,-2701956.252860835,-4293902.166015346,3852588.432086802,85.5888644324936,389.58618946396643,2.6050271270796657,5.679117903113365,8,True,2
1892.0,300.0,-2701979.2199879833,-4293957.16728483,3852673.220653067,-2701964.3879160867,-4293880.330129444,3852606.939027814,102.5533648920269,397.5810400317732,1.4996186555363238,2.538712978363037,8,True,2
1893.0,300.0,-2701984.5348651567,-4293931.992531794,3852678.302934024,-2701972.5933999703,-4293858.290479147,3852625.6222574734,91.37748539462882,381.7762208331015,1.9281196920201182,3.0757079645991325,8,True,2
1894.0,300.0,-2701990.989401799,-4293906.5023767585,3852694.5191388694,-2701980.7764158705,-4293836.06569526,3852644.525859128,86.9767739193321,375.49224264596074,2.166526728309691,3.3757313564419746,8,True,2
1895.0,300.0,-2702000.6465629013,-4293885.944210028,3852722.230674876,-2701988.924620256,-4293813.719292047,3852663.588112328,93.76989313678712,375.81738759825504,1.4153110752813518,3.690145917236805,8,True,2
1896.0,300.0,-2702003.961948061,-4293863.273115685,3852731.241592358,-2701997.126998368,-4293791.243057009,3852682.75611422,87.0970004104789,365.7940271043358,3.085668805986643,6.616457030177116,8,True,2
1897.0,300.0,-2702015.832716041,-4293838.89157862,3852755.738521909,-2702005.4428724004,-4293768.631514664,3852701.994596338,89.06646379990909,363.49617258873,1.5859488220885396,3.9021769985556602,8,True,2
1898.0,300.0,-2702024.0413898453,-4293815.48228584,3852777.566113425,-2702013.820094625,-4293745.901548737,3852721.3211918,90.052457270708,361.8374877710512,1.905965719372034,4.10601632297039,8,True,2
1899.0,300.0,-2702030.9423081526,-4293797.780974391,3852792.7970666527,-2702022.206831294,-4293723.053916717,3852740.771167198,91.4720499311201,351.2275921744251,3.8930639210157096,11.48378835245967,8,True,2
1900.0,300.0,-2702039.543992002,-4293766.201875923,3852807.668630474,-2702030.6069833487,-4293700.07819639,3852760.353338274,81.79821510684575,343.78020754247314,1.5663989023305476,2.964421171694994,8,True,2
1901.0,300.0,-2702050.1954237316,-4293746.00681622,3852843.820853533,-2702039.067535998,-4293677.032429035,3852779.970719199,94.6474280020316,348.651490548576,1.877622568514198,3.6241059824824333,8,True,2
1902.0,300.0,-2702060.8044437957,-4293726.570465879,3852860.036818781,-2702047.6531151803,-4293654.01930972,3852799.4646079545,95.42337464529662,342.4770316010415,1.4023898434825242,3.519811227917671,8,True,2
1903.0,300.0,-2702067.809794832,-4293699.534031414,3852871.846296022,-2702056.273795782,-4293631.095430374,3852818.835005619,87.33337447179085,332.7523197469844,0.8693734710104764,1.506133746355772,8,True,2
1904.0,300.0,-2702074.1754294527,-4293676.38675616,3852888.1308942274,-2702064.8807139057,-4293608.299509013,3852838.073096552,85.01792792880177,324.2407571824915,2.0870451693023955,4.287680700421333,7,True,2
1905.0,300.0,-2702079.051202303,-4293645.284581034,3852903.382343811,-2702073.422041647,-4293585.632305308,3852857.214148639,75.64115080074667,315.2948775677679,3.9481808259151876,10.159598153084517,8,True,2
1906.0,300.0,-2702093.2474893844,-4293632.814404004,3852939.872298279,-2702081.993949762,-4293563.097019183,3852876.187629424,95.09412677673366,323.17790432508536,3.532557336613536,7.855460245162249,8,True,2
1907.0,300.0,-2702101.6775443256,-4293604.774655988,3852947.1805540835,-2702090.702601673,-4293540.563119887,3852895.0640734206,83.42480621119995,310.57328116138956,1.3619079333730042,3.2015971206128597,8,True,2
1908.0,300.0,-2702108.0177801377,-4293586.424333063,3852967.0353727266,-2702099.415610535,-4293517.98648137,3852913.984547224,87.01796913675079,307.02928098769075,1.4969479367136955,3.4320890493690968,8,True,2
1909.0,300.0,-2702113.401953661,-4293556.2390473345,3852978.6146986345,-2702107.9876313214,-4293495.418749343,3852932.9931333903,76.22172098254602,295.5439060776785,3.377853167243302,6.637189514935017,8,True,2
1910.0,300.0,-2702123.265489424,-4293537.9753878135,3853006.2283147317,-2702116.5321617555,-4293472.923903791,3852951.939949635,84.9956461230639,296.60183497532904,2.5124377943575382,5.715730015188456,8,True,2
1911.0,300.0,-2702135.4357463005,-4293522.223176164,3853034.5988856237,-2702125.1249217875,-4293450.605632755,3852970.6574822944,96.56028524065263,301.37743611832616,2.1154051329940557,4.344406004995108,8,True,2
1912.0,300.0,-2702147.1953809927,-4293495.965808717,3853049.621626406,-2702133.616830761,-4293428.709108677,3852988.978219562,91.57217656177572,294.3734231236195,2.4782722326926887,3.89423681050539,8,True,2
1913.0,300.0,-2702146.195317677,-4293474.927287836,3853055.416178636,-2702141.8538154294,-4293407.355206221,3853006.875715235,83.31273277620892,281.0858744690236,2.4458349724300206,5.9129135645926,8,True,2
1914.0,300.0,-2702158.0445757927,-4293450.919819252,3853076.8833456263,-2702149.813407428,-4293386.558078236,3853024.349972704,83.48617316546853,285.05565467595704,3.134987664408982,6.469922572374344,8,True,2
1915.0,300.0,-2702165.653508106,-4293432.486506829,3853093.9878702397,-2702157.5402670763,-4293366.305559383,3853041.383362401,84.9292454332057,283.53132950571035,1.882885005325079,4.9290034882724285,8,True,2
1916.0,300.0,-2702170.809400702,-4293411.689794978,3853106.9635661333,-2702165.080610863,-4293346.504848053,3853058.04641906,81.69934893551483,277.3460021794235,2.1354777524247766,3.3245780766010284,8,True,2
1917.0,300.0,-2702179.9647982167,-4293389.0434793485,3853128.7847597916,-2702172.5163955577,-4293326.937091766,3853074.524289839,82.80628406231632,281.5274609252161,3.708318805322051,6.194819018244743,8,True,2
1918.0,300.0,-2702184.166053397,-4293362.061272684,3853127.72406078,-2702179.8849238525,-4293307.395605733,3853091.019752793,65.98385740586198,264.3014430001103,4.044552264735103,9.936889357864857,8,True,2
1919.0,300.0,-2702194.3026283477,-4293347.7236722885,3853160.843672642,-2702187.2119559515,-4293287.8880744325,3853107.5063587264,80.47015261289184,275.35646708730843,3.548690232913941,7.30362144112587,8,True,2
1920.0,300.0,-2702202.51677078,-4293334.549648361,3853170.7846806757,-2702194.599598176,-4293268.493617226,3853123.825413685,81.43250964856257,272.3306286059469,0.30328830052167177,0.6230068765580654,8,True,2
1921.0,300.0,-2702208.2554886737,-4293310.135418688,3853185.463726223,-2702202.067673438,-4293249.143998426,3853140.038633085,76.29994423011061,269.0024540101342,3.0695360684767365,5.621679697185755,8,True,2
1922.0,300.0,-2702216.9799070586,-4293292.287758698,3853201.3826799314,-2702209.559345325,-4293229.715673984,3853156.3223435297,77.46460119627524,267.26661064808405,0.9940454000607133,1.6813313961029053,8,True,2
1923.0,300.0,-2702222.576385614,-4293272.100802506,3853226.1659430945,-2702217.1126989685,-4293210.152807106,3853172.7118095863,82.00457545140144,268.5640966344438,1.9533087038435042,5.2830253802239895,8,True,2
1924.0,300.0,-2702231.006048029,-4293256.10583228,3853243.1378094656,-2702224.737573717,-4293190.520896147,3853189.1276842416,85.19255392602426,268.5755374327447,1.8477167878299952,3.7087038420140743,8,True,2
1925.0,300.0,-2702228.2691977783,-4293223.834188079,3853228.2020881413,-2702232.3257853677,-4293170.864135379,3853205.5964159807,57.734727848993096,243.86927919932663,3.450848569295236,6.178527373820543,7,True,2
1926.0,300.0,-2702243.2438087394,-4293211.760832027,3853268.837101167,-2702239.847051303,-4293151.217517429,3853222.1003720015,76.55947202427208,260.27918861699357,1.2428380117884703,2.200247623026371,7,True,2
1927.0,300.0,-2702252.894805475,-4293196.830752324,3853293.1470304704,-2702247.371468761,-4293131.592684126,3853238.577838762,85.2309185350893,265.7834432574333,2.545603223145008,5.6553428545594215,8,True,2
1928.0,300.0,-2702263.23755598,-4293172.992006702,3853308.83475711,-2702254.9101224234,-4293111.990624969,3853255.020000296,81.7712833088437,265.8635209507799,2.476403865031898,4.871628295630217,8,True,2
1929.0,300.0,-2702268.2703287783,-4293151.394948085,3853315.923414839,-2702262.443815484,-4293092.447322491,3853271.4004084426,74.10174707072234,259.2551702059014,1.2644179360941052,2.470694199204445,8,True,2
1930.0,300.0,-2702277.0906629604,-4293135.095214218,3853333.8474381478,-2702270.0132946894,-4293072.961028784,3853287.6926153,77.72395906889372,261.76994485334257,0.4541018265299499,1.2439159713685513,8,True,2
1931.0,300.0,-2702275.439941451,-4293106.582274371,3853328.1966152047,-2702277.86489367,-4293053.424487504,3853303.843724928,58.520884841741854,244.96422041510587,2.758648828137666,6.574774492532015,8,True,2
1932.0,300.0,-2702291.9796801563,-4293098.834161075,3853371.1698368196,-2702286.221535298,-4293033.792973465,3853319.747945434,83.1127140186799,268.6031643897196,2.077786669667278,4.367055866867304,7,True,2
1933.0,300.0,-2702298.7297143377,-4293072.116613828,3853370.8532627053,-2702295.150341804,-4293014.040165539,3853335.387646468,68.14319987105267,258.24153002063974,2.323615591507405,4.623437564820051,8,True,2
1934.0,300.0,-2702306.4594806223,-4293051.700157786,3853394.0069432654,-2702304.7046873253,-4292994.084663257,3853350.815726096,72.02850650892368,262.75827207080954,1.3671670742332935,2.4949183464050293,7,True,2
1935.0,300.0,-2702318.267342016,-4293033.472718251,3853408.402027555,-2702315.048167575,-4292973.887213929,3853365.961657658,73.22554476673467,265.51341640400216,1.9799190663865633,2.7773075476288795,7,True,2
1936.0,300.0,-2702328.1634306004,-4293012.023495382,3853431.3722839495,-2702326.3403557893,-4292953.618226783,3853380.525699208,77.45885476616523,271.8598778106449,1.1610712430306844,2.748299777507782,7,True,2
1937.0,300.0,-2702343.179794184,-4292992.220397671,3853443.6757899267,-2702338.2005546847,-4292933.636839255,3853394.375614878,76.72896065059408,273.37378432283424,1.023775352165103,3.007498472929001,8,True,2
1938.0,300.0,-2702356.047999911,-4292973.123982405,3853461.4499374186,-2702350.260397919,-4292914.238670621,3853407.4408814176,80.11213647668576,278.7300070272767,1.46168298041448,3.600184313952923,8,True,2
1939.0,300.0,-2702366.9595131944,-4292951.815743588,3853468.2795307664,-2702362.709681429,-4292895.176786048,3853419.8625585344,74.6340122284955,276.01455966165673,1.66892754053697,2.531709272414446,8,True,2
1940.0,300.0,-2702384.353118054,-4292934.197031828,3853485.9474122995,-2702375.79403959,-4292875.993822805,3853431.9756551,79.83621947428387,286.1142429455091,1.9318050877191126,4.175082929432392,8,True,2
1941.0,300.0,-2702397.7804885996,-4292914.831308552,3853500.090159445,-2702389.6279038927,-4292856.705374411,3853443.683197748,81.40536950989731,288.5004462179287,1.6827724049799144,3.6780845038592815,8,True,2
1942.0,300.0,-2702405.9085633275,-4292892.1664989665,3853489.753126414,-2702404.1527631627,-4292837.4677708,3853454.852950137,64.90805806225839,276.8756406097434,2.0753112719394267,3.7644106782972813,8,True,2
1943.0,300.0,-2702419.859135591,-4292870.863923128,3853502.4446057654,-2702419.190343337,-4292818.313565228,3853465.5730738025,64.19888836847346,278.7293061681384,1.7978384913876653,3.7471040077507496,8,True,2
1944.0,300.0,-2702438.828184972,-4292858.130839619,3853535.569862167,-2702434.717859973,-4292799.273032271,3853475.825939162,83.96709232402372,298.6377792856013,3.0861934535205364,5.065833605825901,8,True,2
1945.0,300.0,-2702461.3067252445,-4292843.040307437,3853554.230587775,-2702450.7673341623,-4292780.413648587,3853485.514573932,93.56851885958528,309.1282339545034,5.157469633035362,10.432584546506405,8,True,2
1946.0,300.0,-2702474.0337530514,-4292820.629057296,3853558.8352724873,-2702467.271030091,-4292761.793988928,3853494.62134887,87.35403641480903,307.0708193754847,3.0350730172358453,6.125799089670181,8,True,2
1947.0,300.0,-2702495.3125298503,-4292805.745076008,3853568.8953652917,-2702484.1882068054,-4292743.415799748,3853503.172713856,91.25873193298956,310.6420472222284,5.641343131661415,9.88180585578084,8,True,2
1948.0,300.0,-2702514.202483465,-4292786.946097273,3853597.721959112,-2702501.3969412665,-4292725.268199024,3853511.265645085,106.97120770876768,328.24604615629113,5.713481124024838,11.24165092408657,8,True,2
1949.0,300.0,-2702523.400776737,-4292761.405760159,3853574.9825632633,-2702518.585337343,-4292707.404135145,3853519.058828865,77.88984548505678,312.79133985923,3.423296630382538,4.516843680292368,8,True,2
1950.0,300.0,-2702539.335122151,-4292743.163743189,3853581.436227242,-2702535.4151240075,-4292689.901133776,3853526.702134909,76.47282399924407,312.3934426250818,3.2582345572300255,7.4179173074662685,8,True,2
1951.0,300.0,-2702547.9722502218,-4292718.600213017,3853576.6597793996,-2702551.894108005,-4292672.738354417,3853534.213195316,62.61312596534962,305.4430238306237,2.7204678575508296,7.1645751260221004,8,True,2
1952.0,300.0,-2702566.59379829,-4292702.813377079,3853576.6065771184,-2702568.178706703,-4292655.865132211,3853541.539115828,58.6206147374932,306.067006582722,1.544302314054221,2.868503451347351,8,True,2
1953.0,300.0,-2702585.770029335,-4292689.792919125,3853581.699520001,-2702584.359445318,-4292639.192610401,3853548.715160151,60.418118019571665,311.62215478557204,1.1309629771858454,2.3378967195749283,8,True,2
1954.0,300.0,-2702595.146840925,-4292668.844998164,3853596.5739948107,-2702600.3827507547,-4292622.619076377,3853555.891196776,61.8008143372781,315.3614150739779,2.2162088500335813,4.471325006335974,8,True,2
1955.0,300.0,-2702613.5698081506,-4292653.256535956,3853603.5539152836,-2702616.351668616,-4292606.175264866,3853562.961436634,62.226474735332886,322.0794148958395,2.0352356750518084,3.3403918966650963,8,True,2
1956.0,300.0,-2702629.371871227,-4292638.96270035,3853604.6907209577,-2702632.45288612,-4292589.77550899,3853569.8906170754,60.331746841435304,323.07200385897835,1.4728283979929984,3.071833997964859,8,True,2
1957.0,300.0,-2702646.895961609,-4292622.238844084,3853607.649543006,-2702648.9144477,-4292573.300131412,3853576.652291324,57.96465729967951,325.73978506162115,1.3523302730172873,3.6776692382991314,8,True,2
1958.0,300.0,-2702665.587578134,-4292608.07535174,3853616.7828635178,-2702665.747436143,-4292556.750117081,3853583.2376441592,61.31547120586657,333.7832538376077,1.4637344777584076,2.8942874260246754,8,True,2
1959.0,300.0,-2702681.2667002296,-4292588.675909777,3853624.9541714126,-2702682.749967591,-4292540.03744741,3853589.884700554,59.98139619785079,336.45524437870836,1.4893091949634254,2.9965220540761948,8,True,2
1960.0,300.0,-2702696.187772124,-4292572.804898954,3853629.7721575503,-2702699.87472314,-4292523.120203252,3853596.6728017256,59.81412835454318,340.54722566133194,1.2646342609077692,3.3930747024714947,8,True,2
1961.0,300.0,-2702713.0577844637,-4292556.502739484,3853644.783989816,-2702717.052521055,-4292505.938360339,3853603.7165513737,65.2629210118732,352.4766236423746,2.510559537447989,5.232335709035397,8,True,2
1962.0,300.0,-2702729.4175879,-4292539.65134043,3853647.897533904,-2702734.2611878715,-4292488.489940306,3853611.033580075,63.24476591127793,355.5643764771658,1.2517075864598155,3.3043974079191685,8,True,2
1963.0,300.0,-2702749.0464322153,-4292519.909908305,3853655.867182719,-2702751.581901699,-4292470.787567002,3853618.5533614727,61.73940618934356,359.9391584158091,1.633961483836174,3.7674365639686584,8,True,2
1964.0,300.0,-2702767.557295718,-4292502.61632457,3853662.6430993606,-2702769.017330777,-4292452.885329768,3853626.214185177,61.66335487932053,365.93282441955495,2.3155386368744075,6.113913390785456,8,True,2
1965.0,300.0,-2702781.0115242223,-4292481.350619866,3853670.451664827,-2702786.5932326303,-4292434.790909246,3853633.989603716,59.40070725354027,368.03386956936134,1.6501752021722496,4.235922064632177,8,True,2
1966.0,300.0,-2702802.237759454,-4292466.309951288,3853675.8954051686,-2702804.353634618,-4292416.52438541,3853641.8267227807,60.363520582270894,375.6900592675753,2.075328107457608,3.7321528270840645,8,True,2
1967.0,300.0,-2702818.202068664,-4292444.980374059,3853681.6018867716,-2702822.298227098,-4292398.101884386,3853649.7079108697,56.84713719070109,378.3851279629688,1.6682601445354521,4.628634549677372,8,True,2
1968.0,300.0,-2702836.5175014925,-4292427.549954891,3853697.8590118983,-2702840.4620967545,-4292379.429596867,3853657.7125085066,62.79227996096603,388.1578559621644,1.106149532366544,2.5644188299775124,8,True,2
1969.0,300.0,-2702855.922170674,-4292411.476140513,3853701.90539062,-2702858.921378452,-4292360.395831329,3853665.911040208,62.560262909180025,391.32278356076114,2.3484156881459057,4.6264922097325325,8,True,2
1970.0,300.0,-2702873.8995522833,-4292387.461951145,3853708.564839317,-2702877.698233522,-4292341.002559769,3853674.285874046,57.86149398552935,394.9394602464772,1.561458577401936,4.451517950743437,8,True,2
1971.0,300.0,-2702891.54791059,-4292363.821849382,3853714.1699090623,-2702896.748011158,-4292321.261953423,3853682.85464055,53.09455557714041,395.7387916052481,2.051658920943737,4.414381597191095,8,True,2
1972.0,300.0,-2702909.1177383307,-4292344.063168853,3853722.4732914963,-2702916.064971298,-4292301.281203333,3853691.5027363542,53.27040365345106,400.022741107444,1.6472662594169378,3.0549464151263237,8,True,2
1973.0,300.0,-2702931.782199469,-4292327.994953946,3853734.124941339,-2702935.590936657,-4292281.200523688,3853700.115558679,57.97295309884422,410.1469828450789,1.757823244202882,4.061704680323601,8,True,2
1974.0,300.0,-2702952.5357740754,-4292308.985916481,3853744.2595247547,-2702955.1659087967,-4292261.064888395,3853708.7548166015,59.6986335062488,418.7618272191183,0.4246428650803864,0.8668003752827644,8,True,2
1975.0,300.0,-2702971.8332267557,-4292290.584571234,3853748.4010163536,-2702974.7155834795,-4292240.889214966,3853717.455772234,58.61351847869964,422.9073520252914,1.062606306746602,2.4291711784899235,8,True,2
1976.0,300.0,-2702990.134395543,-4292265.673809144,3853756.860531239,-2702994.212977118,-4292220.730337162,3853726.174347628,54.57281709858977,426.4154045795126,1.3217795225791633,2.59249671921134,8,True,2
1977.0,300.0,-2703012.2463352904,-4292248.1709272815,3853764.85045839,-2703013.756629164,-4292200.661662269,3853734.760678719,56.256609302741204,434.33767478377104,0.5150883970782161,1.4372166506946087,8,True,2
1978.0,300.0,-2703031.8373778947,-4292228.27815536,3853775.3186818543,-2703033.301898859,-4292180.695367368,3853743.232397052,57.40902548556014,440.93723043606224,0.7060947227291763,1.9725468009710312,8,True,2
1979.0,300.0,-2703049.388890733,-4292208.207230541,3853789.8517393135,-2703052.705605822,-4292160.770224194,3853751.756997696,60.930119883582,450.17499812194933,1.3596322066150606,3.4241820722818375,8,True,2
1980.0,300.0,-2703072.5488189724,-4292190.739505018,3853800.8014520067,-2703072.018970272,-4292140.917725733,3853760.263956484,64.23222691205632,460.2540336455797,1.126999169588089,2.359839152544737,8,True,2
1981.0,300.0,-2703090.527669042,-4292172.464173312,3853805.064432122,-2703091.245891706,-4292121.127449921,3853768.762088969,62.87952870934241,462.65176479972524,1.3242522389627993,3.040929153561592,8,True,2
1982.0,300.0,-2703111.342099636,-4292149.285177481,3853809.801645517,-2703110.397151328,-4292101.416514598,3853777.224948762,57.909783154676745,464.78700112634687,2.2597623532637954,3.524315144866705,8,True,2
1983.0,300.0,-2703127.101965476,-4292131.475735646,3853818.5500736525,-2703129.469157517,-4292081.779215345,3853785.661351461,59.640722459907124,469.7089470797714,1.844853822607547,4.359360296279192,8,True,2
1984.0,300.0,-2703146.842169116,-4292113.562279606,3853828.2242870275,-2703148.36994748,-4292062.1858175965,3853794.168267127,61.65782551162693,475.5703741824574,1.2503786496818066,2.20837240293622,8,True,2
1985.0,300.0,-2703166.768421555,-4292096.302235045,3853840.713352617,-2703167.1986735864,-4292042.677469858,3853802.631094774,65.77278252072873,484.08247443989524,2.3844528808258474,4.233097426593304,8,True,2
1986.0,300.0,-2703184.728918675,-4292072.7000738885,3853844.082503058,-2703186.02062766,-4292023.324614664,3853810.926418566,59.488910097650695,485.2887854453264,0.6329759233631194,1.019461527466774,8,True,2
1987.0,300.0,-2703208.974229828,-4292059.867937772,3853864.1069296426,-2703204.714796184,-4292004.068002696,3853819.204101232,71.74983992090452,501.26076904062876,1.365959459450096,2.9041946195065975,8,True,2
1988.0,300.0,-2703224.483887734,-4292040.198616873,3853870.0224077306,-2703223.262909751,-4291984.895237164,3853827.4905890618,69.77757658259198,502.6512273621524,0.594834700692445,1.316073253750801,8,True,2
1989.0,300.0,-2703247.6694380343,-4292021.826063311,3853879.4042696874,-2703241.7826977964,-4291965.843734589,3853835.662466472,71.28828927826532,511.05400104846876,1.8270389758981764,4.259516678750515,8,True,2
1990.0,300.0,-2703262.4254390076,-4292001.462863989,3853887.2791704885,-2703260.237923251,-4291946.872569789,3853843.790256971,69.82958574240014,514.4462188953886,1.747230059467256,3.5279570780694485,8,True,2
1991.0,300.0,-2703282.597167067,-4291988.718167676,3853894.772657165,-2703278.6025216626,-4291927.990192573,3853851.882776092,74.45391897332841,523.1555542676134,1.2517791325226426,2.811547663062811,8,True,2
1992.0,300.0,-2703300.6271142173,-4291964.606777155,3853899.7282370664,-2703296.902257394,-4291909.204284393,3853859.913577871,68.32655303325835,524.5729475406059,0.35750458389520645,0.7112084068357944,8,True,2
1993.0,300.0,-2703318.518222524,-4291947.148546005,3853914.0777438367,-2703315.082620297,-4291890.461522321,3853867.979631422,73.145457719102,533.1945641432338,1.5108488141559064,4.07931450009346,8,True,2
1994.0,300.0,-2703336.7507197326,-4291927.644025819,3853919.4217227334,-2703333.1358172977,-4291871.782755133,3853876.063305932,70.80608300035654,537.9953526305604,1.4992696517147124,3.3758525252342224,8,True,2
1995.0,300.0,-2703358.5551001723,-4291913.097370877,3853930.1133874417,-2703351.106490754,-4291853.155804126,3853884.146970671,75.90378566052154,548.6028827121473,1.2301326557062566,2.428738210350275,8,True,2
1996.0,300.0,-2703373.063002039,-4291894.705844453,3853939.475868862,-2703369.009623061,-4291834.571233794,3853892.230625639,76.58142259964247,554.5156223395791,1.0695521184243262,2.7788659185171127,8,True,2
1997.0,300.0,-2703390.549988473,-4291875.008880672,3853946.5676503014,-2703386.63642812,-4291815.913513666,3853900.587545478,74.97831950504442,558.879979896642,0.633314625825733,1.3175364099442959,8,True,2
1998.0,300.0,-2703409.6226943918,-4291860.323244559,3853961.10494164,-2703403.700828688,-4291797.044076332,3853909.570341128,81.82381483911098,568.2060442647551,0.8835587003268301,2.1076666340231895,8,True,2
1999.0,300.0,-2703424.4157579425,-4291838.3707170505,3853966.9593650457,-2703420.06292248,-4291777.923541013,3853919.3200546457,77.0863941486552,571.016603838349,1.529565857257694,2.998475067317486,8,True,2
2000.0,300.0,-2703438.3799344036,-4291819.333922406,3853981.9799501635,-2703435.699931014,-4291758.582197265,3853929.819052133,80.11687593225484,580.8515244522323,1.517903646454215,4.237928602844477,8,True,2
2001.0,300.0,-2703455.1114510745,-4291801.687353196,3853988.036941353,-2703450.733174816,-4291739.063166018,3853940.9351012,78.48274631108741,582.2741955139295,2.1050945348106325,5.991214986890554,8,True,2
2002.0,300.0,-2703472.825190343,-4291781.089124511,3853997.794270245,-2703465.1551605803,-4291719.371169374,3853952.668198767,76.83942783382516,585.1557812963462,1.4672610289417207,3.6074730530381203,8,True,2
2003.0,300.0,-2703489.161522004,-4291770.916696783,3854022.2684429344,-2703478.928735769,-4291699.513673606,3853965.03597204,92.07962509469421,599.0874693190804,1.0688574737869203,2.5791203528642654,8,True,2
2004.0,300.0,-2703493.13193091,-4291730.384783993,3854011.240882878,-2703491.990682868,-4291679.5065949,3853978.064863123,60.749821886349416,586.0058916741001,4.9428752907551825,12.223519317805767,8,True,2
2005.0,300.0,-2703516.542624526,-4291746.226163841,3854075.280169507,-2703504.3185287397,-4291659.3640919095,3853991.754868151,121.12358987659772,624.8640357295433,7.351031858474016,20.028952583670616,8,True,2
2006.0,300.0,-2703524.489321562,-4291702.344467666,3854062.2271752674,-2703515.874820063,-4291639.109760054,3854006.105983065,84.98485804557905,612.2344928572915,0.5243114701339177,1.062115266919136,7,True,2
2007.0,300.0,-2703533.461514076,-4291680.802394146,3854064.9633471575,-2703526.6406790386,-4291618.76346298,3854021.1093884567,76.27924006266758,608.126035597421,1.5671616718173027,3.0969663485884666,7,True,2
2008.0,300.0,-2703538.4626310705,-4291663.475201781,3854080.858297675,-2703536.600520941,-4291598.366899022,3854036.7298194095,78.67579765283652,612.8409460652829,1.952090266027621,2.732687957584858,7,True,2
2009.0,300.0,-2703554.8129785135,-4291645.5597142335,3854103.3238629033,-2703545.7010094817,-4291578.001488807,3854052.91438094,84.78359319025937,626.0868889722153,1.0776392621919513,2.6188979148864746,8,True,2
2010.0,300.0,-2703562.498269119,-4291627.955967516,3854120.2762672454,-2703554.034115305,-4291557.696964733,3854069.566102984,87.06026723591667,632.0321703369076,2.450954682659358,4.535351146012545,8,True,2
2011.0,300.0,-2703569.853471372,-4291604.89012255,3854134.3848945987,-2703561.9078180264,-4291537.410737854,3854086.517495805,83.11370905699887,633.3786126517948,1.3840916873887181,2.9417638704180717,8,True,2
2012.0,300.0,-2703580.4306162545,-4291587.079564168,3854161.905035493,-2703569.641782657,-4291517.068945669,3854103.627516437,91.7287024895321,645.0707175066867,1.3778121056966484,2.9070663079619408,8,True,2
2013.0,300.0,-2703584.669462659,-4291564.459998074,3854176.527599872,-2703577.425950855,-4291496.607716819,3854120.834458516,88.08022779735681,647.0864696347722,1.6243787971325219,3.883035860955715,8,True,2
2014.0,300.0,-2703591.1499439934,-4291540.104704555,3854186.1919374866,-2703585.290581452,-4291475.99204602,3854138.155951289,80.32571869465171,649.800199143007,2.2981647956185043,4.861523173749447,8,True,2
2015.0,300.0,-2703602.0352954944,-4291521.110657611,3854207.082250024,-2703593.20211671,-4291455.235101121,3854155.6008088407,84.07111737499537,658.459824055635,2.0787393541208337,3.780291970819235,7,True,2
2016.0,300.0,-2703608.085178746,-4291500.780902064,3854227.2207384314,-2703601.361879991,-4291434.257866384,3854173.116140497,86.0106071358669,663.7376077651371,2.528720383066684,5.557729821652174,8,True,2
2017.0,300.0,-2703628.1465741107,-4291488.99023073,3854253.879561602,-2703610.1215769625,-4291413.053955786,3854190.463942633,100.56221508987161,682.2976613324292,0.47347880580595564,0.9653614573180676,7,True,2
2018.0,300.0,-2703639.466812707,-4291467.822048186,3854270.792545125,-2703619.585158242,-4291391.605694716,3854207.591327113,100.98815118011403,688.704621503611,1.9456813058682851,4.7109292186796665,7,True,2
2019.0,300.0,-2703641.190419466,-4291438.246351439,3854275.552593366,-2703629.897316968,-4291369.89364976,3854224.418961679,86.10618026769916,681.4948498976252,0.7276838256844452,1.8978831134736538,7,True,2
2020.0,300.0,-2703650.6847469844,-4291416.767159396,3854295.289218344,-2703641.238992527,-4291347.939312676,3854240.7969959336,88.29437731000294,689.109982432998,2.2258736123996123,3.3862391337752342,7,True,2
2021.0,300.0,-2703662.1097442005,-4291393.5331267435,3854305.5329816984,-2703653.7246175525,-4291325.758252593,3854256.628469925,83.99639984461967,689.4388412360449,1.1302691139280796,2.6234002858400345,7,True,2
2022.0,300.0,-2703672.763559704,-4291372.446779622,3854324.7619360727,-2703667.3023575014,-4291303.351234252,3854271.9486468206,87.1393288998897,696.3751237521635,1.8839467577636242,2.5999519042670727,7,True,2
2023.0,300.0,-2703691.448997182,-4291349.3846046645,3854338.001056757,-2703681.8676499487,-4291280.768183629,3854286.775159737,86.1632634943561,702.9329697663743,1.0364543779620103,1.8414242267608643,7,True,2
2024.0,300.0,-2703706.4341434585,-4291326.860494565,3854352.338047386,-2703697.586156876,-4291258.056156065,3854300.940531084,86.33671608893543,708.5902269411858,2.6871059707232883,4.216714411973953,7,True,2
2025.0,300.0,-2703721.047488745,-4291299.904452735,3854359.403549722,-2703714.5381604475,-4291235.276146274,3854314.3213583454,79.06701796671709,707.9550042696218,2.625767602984394,5.2901330925524235,7,True,2
2026.0,300.0,-2703738.023301984,-4291274.781423611,3854372.2094251593,-2703732.6005289718,-4291212.481810312,3854326.94409048,77.19843785956752,714.3914875163283,2.0253275302903995,3.2908903434872627,7,True,2
2027.0,300.0,-2703760.3981034094,-4291261.936923216,3854388.2588927583,-2703751.6504323203,-4291189.710674732,3854338.852805447,87.94381264761047,723.509499628871,0.7203006488936288,1.0254095830023289,7,True,2
2028.0,300.0,-2703779.83770437,-4291232.764694791,3854404.6577974916,-2703771.6713934275,-4291167.052819012,3854349.959359875,85.88747481781489,730.910429444565,2.2283012015478953,3.364739019423723,7,True,2
2029.0,300.0,-2703798.8029532433,-4291208.921284651,3854409.104251137,-2703792.717040248,-4291144.60994802,3854360.113907778,81.07428753100237,731.6652729506899,1.3074640068225563,2.951766036450863,8,True,2
2030.0,300.0,-2703819.4211448254,-4291182.221906134,3854421.1237950074,-2703814.711584809,-4291122.477631885,3854369.263565339,79.25302317492459,736.3666445531616,3.1758088767528534,5.416342634707689,8,True,2
2031.0,300.0,-2703846.0841442817,-4291167.816738145,3854432.03237714,-2703837.64275243,-4291100.71939443,3854377.3466339023,86.97034634627983,747.5504321526612,1.8548227497376502,3.8350853882730007,8,True,2
2032.0,300.0,-2703872.374278107,-4291145.396644193,3854439.689140416,-2703861.483590702,-4291079.392066847,3854384.3190439744,86.83927039523402,756.0462182477847,0.8682396840304136,1.4347727857530117,8,True,2
2033.0,300.0,-2703895.317366226,-4291123.591049205,3854442.8073154883,-2703886.0789252813,-4291058.481826971,3854390.304204343,84.14948776355021,757.9827172338134,0.8367204242385924,1.7602923139929771,8,True,2
2034.0,300.0,-2703917.2376145013,-4291101.055758434,3854440.290718357,-2703911.1762107047,-4291037.836934484,3854395.645889337,77.6306709742714,758.6367389143528,2.2026902618817985,3.261861737817526,8,True,2
2035.0,300.0,-2703942.4688776745,-4291082.145021342,3854439.6550717414,-2703936.60048898,-4291017.312557718,3854400.626169357,75.90086657449238,762.5851073193912,2.2263596607372165,4.709959805011749,8,True,2
2036.0,300.0,-2703968.629658497,-4291063.295891255,3854454.348923881,-2703962.2528972337,-4290996.851424058,3854405.377264892,82.7874005476993,773.6786859111461,2.0091592487879097,3.5719089284539223,8,True,2
2037.0,300.0,-2703993.477152508,-4291037.802807489,3854458.6956423153,-2703988.002212522,-4290976.344912996,3854410.1107277735,78.53369776408273,773.6836104569097,2.856596721801907,6.377422261983156,8,True,2
2038.0,300.0,-2704022.5172226224,-4291021.918977615,3854465.0614829413,-2704013.81996867,-4290955.731248196,3854414.914704366,83.49345575220417,779.8935343685182,2.2578863203525543,5.0204374343156815,8,True,2
2039.0,300.0,-2704047.1800989355,-4290993.762244727,3854465.030159956,-2704039.720545152,-4290935.033250315,3854419.7539360113,74.52969999942265,778.419927919945,1.4356030970811844,3.4116022624075413,8,True,2
2040.0,300.0,-2704077.015378093,-4290980.060415209,3854477.958770673,-2704065.7335982537,-4290914.248170312,3854424.610793395,85.46658302781864,790.4648090388717,2.3992086574435234,3.914911210536957,8,True,2
2041.0,300.0,-2704099.346925785,-4290952.431900351,3854473.179226225,-2704091.806702826,-4290893.40904282,3854429.485276478,73.82217768308197,785.8349820886095,0.9187725121155381,1.7594721429049969,8,True,2
2042.0,300.0,-2704121.223222079,-4290932.092967263,3854479.558428914,-2704117.799353713,-4290872.508755698,3854434.483160506,74.79158351387937,788.5414065531311,1.544467030359166,2.7642772346735,7,True,2
2043.0,300.0,-2704154.4350252994,-4290919.507704629,3854488.9844625774,-2704143.530600608,-4290851.525831576,3854439.7542934055,84.64071773228326,799.9031855458074,1.722121055237949,4.062829099595547,8,True,2
2044.0,300.0,-2704174.8946488625,-4290892.725633395,3854490.5653658956,-2704168.611265969,-4290830.291023277,3854445.7570333336,77.10608347062072,795.6040604032474,1.0372678232379258,2.6528871841728687,8,True,2
2045.0,300.0,-2704202.431934082,-4290874.0126920855,3854503.881600396,-2704192.8340089936,-4290808.608176086,3854452.8527762257,83.509351424249,803.076353650561,2.0363336470909417,5.227041941136122,8,True,2
2046.0,300.0,-2704223.496197673,-4290849.558691927,3854502.996508407,-2704216.237453449,-4290786.389180524,3854461.112035177,76.14056498563541,799.8431471142077,3.0829319985849515,4.606561619788408,7,True,2
2047.0,300.0,-2704244.681435931,-4290831.920311057,3854522.8380518,-2704238.795228149,-4290763.658630798,3854470.525991313,86.20241357573566,808.8403446706394,1.6870036111213267,3.776335548609495,8,True,2
2048.0,300.0,-2704266.555231203,-4290799.54935274,3854525.326857871,-2704260.469580953,-4290740.456265739,3854481.077010669,74.07480710506917,802.5955018674532,0.9752885159105062,2.420938551425934,8,True,2
2049.0,300.0,-2704284.061334754,-4290769.509293363,3854539.6046253997,-2704281.1673379284,-4290716.816896362,3854492.7915314496,70.54310515233227,804.3179740491843,2.2872233083471656,4.763820417225361,8,True,2
2050.0,300.0,-2704306.833223395,-4290754.897929695,3854552.579850361,-2704300.8540486125,-4290692.802097687,3854505.625474973,78.07916656855554,808.2850244739926,2.372391943819821,5.556596655398607,8,True,2
2051.0,300.0,-2704328.1804703027,-4290735.992153712,3854582.9428499225,-2704319.647149928,-4290668.465404786,3854519.437802877,93.08904542065706,822.846203109155,2.418536523822695,6.503823086619377,8,True,2
2052.0,300.0,-2704344.041583564,-4290712.162620417,3854589.4282708736,-2704337.4909155373,-4290643.818027725,3854534.254952519,88.07945083836415,820.5140898131857,2.3040119728871753,5.211581517010927,7,True,2
2053.0,300.0,-2704356.987653436,-4290680.612974045,3854595.8442814355,-2704354.1993110958,-4290618.913449162,3854550.14743286,76.82973508706655,815.0371864385268,1.968306194525212,3.7790466472506523,8,True,2
2054.0,300.0,-2704375.2805468068,-4290652.031250453,3854613.6977026397,-2704369.9035699624,-4290593.860285177,3854566.90368985,74.8495338265347,817.6664720408179,1.3915723483078182,3.2053792625665665,8,True,2
2055.0,300.0,-2704390.7272315836,-4290629.098691548,3854631.0471183187,-2704384.85114804,-4290568.68592458,3854584.320985585,76.60001469177439,823.052864069012,1.6758277714252472,3.508615531027317,8,True,2
2056.0,300.0,-2704404.3992381,-4290603.955888559,3854652.19769497,-2704399.362905831,-4290543.451207669,3854602.108440165,78.70904966513947,829.3303333539203,1.4449741709977388,2.3599072508513927,8,True,2
2057.0,300.0,-2704415.037007869,-4290574.242029413,3854663.9948475016,-2704413.8600584758,-4290518.193578867,3854619.931104868,71.30517115386617,828.6156070764063,1.0176067696884274,2.2373708747327328,8,True,2
2058.0,300.0,-2704432.441374133,-4290551.406782543,3854685.1358087338,-2704428.4872970264,-4290492.893585185,3854637.709650364,75.42326888060728,835.7404277602071,2.452256758697331,5.301261957734823,8,True,2
2059.0,300.0,-2704450.7680138145,-4290529.094031752,3854704.1652389984,-2704443.21584936,-4290467.505582087,3854655.514591525,78.84832160370394,844.5726209644048,1.444311726372689,3.172488909214735,8,True,2
2060.0,300.0,-2704461.5721049565,-4290500.0443762485,3854719.6947177174,-2704457.953144169,-4290442.032111745,3854673.4076281865,74.3035286322491,845.4448381505075,0.91681362176314,2.377168260514736,8,True,2
2061.0,300.0,-2704481.528464756,-4290479.585406209,3854748.5750496364,-2704472.706667462,-4290416.468453256,3854691.388759639,85.62619704982791,861.6127036906004,1.4519881857559085,3.915953330695629,8,True,2
2062.0,300.0,-2704494.85930583,-4290449.744607322,3854757.652296702,-2704487.483905055,-4290390.809885617,3854709.457985172,76.48783970557983,861.3896074079568,1.1201532445847988,2.202840093523264,7,True,2
2063.0,300.0,-2704502.3440548624,-4290419.634707479,3854766.7526688124,-2704502.2438174444,-4290365.074303722,3854727.6241182913,67.14083088201119,858.9064604467458,1.3585637642868928,2.834072094410658,7,True,2
2064.0,300.0,-2704519.6920037074,-4290396.87440183,3854787.1243486525,-2704517.0301514794,-4290339.2979103625,3854745.816644634,70.91166503673918,867.522489601259,2.7371081560850143,3.690838973969221,7,True,2
2065.0,300.0,-2704538.877618016,-4290372.49324744,3854813.379639375,-2704531.898034523,-4290313.501762304,3854763.973864776,77.26344846025465,881.0376950481533,0.9809053646666663,2.2935000136494637,7,True,2
2066.0,300.0,-2704548.095941235,-4290341.4234048715,3854817.9196410687,-2704546.866922349,-4290287.633729839,3854782.139849748,64.61449600900615,875.5020273824442,2.034449292612927,3.9144940301775932,7,True,2
2067.0,300.0,-2704561.929614809,-4290314.859283975,3854838.022836353,-2704561.933805138,-4290261.655843617,3854800.358670101,65.18585354926918,883.6415003632156,1.9555960531745638,3.469003938138485,7,True,2
2068.0,300.0,-2704572.365416196,-4290282.079627134,3854844.4611759353,-2704577.073208123,-4290235.544295047,3854818.674395904,53.410284230794566,880.8887891090691,2.5190080665051937,3.446003694087267,7,True,2
2069.0,300.0,-2704595.1745637124,-4290267.262256831,3854888.291107894,-2704592.2108377973,-4290209.314023804,3854837.1222826657,77.36297601236997,908.7303394497897,0.5613000563212803,1.0139485485851765,7,True,2
2070.0,300.0,-2704610.4050636315,-4290236.612489215,3854895.646662137,-2704607.2900916277,-4290183.024629424,3854855.675887135,66.92551547662413,908.8713917395108,1.2013837998466832,2.4470326490700245,7,True,2
2071.0,300.0,-2704619.6826831284,-4290203.35473725,3854901.339646903,-2704622.297238368,-4290156.82031049,3854874.18536997,53.94111167498807,905.055322232994,1.1589828841388226,2.5595622435212135,7,True,2
2072.0,300.0,-2704638.1285777027,-4290182.361192109,3854933.8355115275,-2704637.1861791653,-4290130.793917281,3854892.580219513,66.04597692102243,924.8624923653948,1.0929887220263481,2.3229163214564323,7,True,2
2073.0,300.0,-2704652.428824881,-4290155.551581723,3854956.8190667545,-2704651.9976604586,-4290104.943686484,3854910.8339947737,68.38107785270297,934.7142792405201,0.9084025153091976,2.269686657935381,7,True,2
2074.0,300.0,-2704664.4512647465,-4290128.160458127,3854964.0721025476,-2704666.7711793627,-4290079.133095594,3854929.070092276,60.28436782284955,937.1469040701459,1.666383701243571,2.8523102924227715,7,True,2
2075.0,300.0,-2704680.4384840447,-4290105.658622114,3854980.907027155,-2704681.30750649,-4290053.328283168,3854947.464790777,62.109602704869495,946.5723448124771,2.351608008146286,5.686252664774656,7,True,2
2076.0,300.0,-2704693.8596481257,-4290077.721066143,3855000.8894476322,-2704695.2546508573,-4290027.551831346,3854966.2384366174,60.98844740705408,958.3664455612886,2.123597868851253,4.390432212501764,7,True,2
2077.0,300.0,-2704705.1856965097,-4290049.310442611,3855015.2246579756,-2704708.41706097,-4290001.974874264,3854985.338143324,56.07407159310932,962.6713692149268,2.930444037807839,5.533678192645311,7,True,2
2078.0,300.0,-2704723.477405535,-4290026.501344966,3855037.803163906,-2704720.935328663,-4289976.803803505,3855004.43779545,59.91290006537884,977.1149055901058,1.895076454750129,4.935500890016556,7,True,2
2079.0,300.0,-2704733.025700032,-4290001.208969106,3855059.3288227576,-2704732.937127041,-4289952.141530015,3855023.334674898,60.853924313019085,986.5935037327934,1.6124817063765866,3.065279711037874,7,True,2
2080.0,300.0,-2704744.5290366067,-4289978.742409352,3855079.7857027566,-2704744.5135733536,-4289928.06617263,3855041.8789486834,63.28509470520464,997.8297990855526,2.2613166426973685,4.612124592065811,7,True,2
2081.0,300.0,-2704754.9338878333,-4289959.61297565,3855104.286869393,-2704755.760554363,-4289904.59702823,3855059.98248192,70.64217293760528,1011.0509598079003,2.412894616169589,4.013126511126757,7,True,2
2082.0,300.0,-2704769.4681906207,-4289936.252823945,3855126.2929931534,-2704766.7837835937,-4289881.619616566,3855077.698160741,73.16728180536553,1026.6393870202749,0.859609317034483,1.819047674536705,7,True,2
2083.0,300.0,-2704779.5594325787,-4289917.58879421,3855138.7062190603,-2704777.6724449205,-4289858.910267134,3855095.2110766848,73.06543418388566,1031.7568853496048,0.7902258623923574,1.0871919840574265,7,True,2
2084.0,300.0,-2704786.3689901587,-4289889.304558118,3855146.346108296,-2704788.510072326,-4289836.352525764,3855112.5917410487,62.83199242024203,1033.2428599920331,1.388868974255664,2.1594203300774097,7,True,2
2085.0,300.0,-2704800.8636383335,-4289872.19921273,3855172.401390467,-2704799.3565663714,-4289813.9086276125,3855129.840154862,72.19087446095594,1050.9544960418116,1.234288051724434,2.076549906283617,7,True,2
2086.0,300.0,-2704812.0920641925,-4289848.1751811085,3855183.336581407,-2704810.263755328,-4289791.577792358,3855146.921064479,67.32530727651448,1057.415827637788,2.502074297517538,3.4736255891621113,7,True,2
2087.0,300.0,-2704822.3159354776,-4289825.741275456,3855204.928147836,-2704821.2316415813,-4289769.360020649,3855163.834471183,69.77615529504484,1067.7062268617692,1.7231034726968832,2.787357922643423,7,True,2
2088.0,300.0,-2704836.022540441,-4289805.804203685,3855220.3876490425,-2704832.3530859547,-4289747.236633467,3855180.536308129,70.93486131783102,1077.4103881386466,1.8157992927091462,3.0329682789742947,7,True,2
2089.0,300.0,-2704847.3930731,-4289784.41473874,3855243.58249871,-2704843.742534643,-4289725.22318552,3855196.9296272863,75.45499861329748,1092.5106711389108,1.1346868952470166,2.4428442269563675,7,True,2
2090.0,300.0,-2704857.35772388,-4289757.662977184,3855246.377723468,-2704855.4847777425,-4289703.337982185,3855212.9351086975,63.82101136429554,1093.0540111760038,1.7631788865796156,3.8742319643497467,7,True,2
2091.0,300.0,-2704874.0910551297,-4289741.092866498,3855273.046892831,-2704867.734711508,-4289681.61094331,3855228.411738193,74.63778748025628,1110.760472831467,3.1979601006023586,6.332349792122841,8,True,2
2092.0,300.0,-2704894.286561463,-4289734.00217479,3855308.506565372,-2704880.337153118,-4289660.028279995,3855243.482909008,99.47260422511692,1134.966421199449,3.5948574537677422,8.903656236827374,7,True,2
2093.0,300.0,-2704894.7068888606,-4289696.491525771,3855294.6114176908,-2704892.8520248304,-4289638.57243678,3855258.4747241503,68.29291332341094,1123.0249087387585,2.308126363903284,3.0578659549355507,7,True,2
2094.0,300.0,-2704913.6056593875,-4289685.317866238,3855319.797700325,-2704905.149911252,-4289617.237302944,3855273.484132664,82.77324038867357,1140.624067392955,0.7613296386386667,1.4955637566745281,7,True,2
2095.0,300.0,-2704923.5299491077,-4289655.966743539,3855332.8231694717,-2704917.364122331,-4289596.018565288,3855288.4229996186,74.85436913414402,1147.62080555287,2.5800518675574233,4.729310620576143,7,True,2
2096.0,300.0,-2704932.0448965277,-4289630.8398742955,3855342.1349106985,-2704929.542597328,-4289574.925869832,3855303.247258181,68.15340721312694,1150.044593621912,3.1557792675282275,5.97291612252593,7,True,2
2097.0,300.0,-2704946.236439276,-4289607.737925698,3855355.6502697878,-2704941.74465104,-4289553.953714572,3855317.921655345,65.8510886455707,1158.5640024369168,4.4734549554330965,11.495815970003605,7,True,2
2098.0,300.0,-2704955.2481745016,-4289591.167950248,3855364.5821095034,-2704953.981951786,-4289533.070819704,3855332.472632368,66.3920056887383,1163.456703005889,2.561509320246322,5.655038729310036,7,True,2
2099.0,300.0,-2704975.1005078806,-4289587.144855681,3855411.428113036,-2704966.1951894206,-4289512.282688798,3855346.9354436686,99.2116582329241,1195.9539113178719,2.8091459034809043,7.249049853533506,7,True,2
2100.0,300.0,-2704991.7685851054,-4289565.743364758,3855412.0074137067,-2704978.347804135,-4289491.564529919,3855361.362970129,90.81561850903809,1197.894546120623,2.0344991865567863,6.032706890255213,8,True,2
2101.0,300.0,-2705005.5814069626,-4289552.675941266,3855441.7603427307,-2704990.4029452563,-4289470.90768386,3855375.79046544,106.15299491205901,1215.6185313885615,5.169556846576078,13.454029615968466,7,True,2
2102.0,300.0,-2705017.5558589785,-4289526.625410979,3855454.9461858394,-2705002.3639222425,-4289450.33398999,3855390.1914895633,101.21435939664617,1222.2235587953846,2.398376390337944,4.886108566075563,8,True,2
2103.0,300.0,-2705025.684326353,-4289501.082804409,3855461.971760228,-2705014.234915206,-4289429.816889521,3855404.5924826497,92.20792338965794,1221.6097334566985,1.9494859357364476,4.59658108279109,8,True,2
2104.0,300.0,-2705035.8901434625,-4289479.990375253,3855470.635142336,-2705026.0976963537,-4289409.33671604,3855418.958191467,88.08143295692194,1222.8234342737558,0.7158129340969026,1.7157350964844227,8,True,2
2105.0,300.0,-2705047.987712767,-4289458.566310959,3855489.9572627493,-2705038.0193542093,-4289388.867112021,3855433.27098966,90.39181412974712,1234.174502494081,0.9879567134194076,2.3722920827567577,8,True,2
2106.0,300.0,-2705062.7680444815,-4289438.380948206,3855502.747006422,-2705049.959438162,-4289368.393711689,3855447.574943927,90.03460529781596,1241.9121787389643,1.6260505812242627,4.110038470476866,8,True,2
2107.0,300.0,-2705072.755425908,-4289417.125448906,3855523.957317087,-2705061.8334480925,-4289347.882078006,3855461.9670000942,93.57741935872058,1249.0550585239369,3.197668024804443,7.524560172110796,8,True,2
2108.0,300.0,-2705090.6893025287,-4289401.108468733,3855548.9855525354,-2705073.5422000084,-4289327.291083679,3855476.561729624,104.82480425067307,1263.0402396782088,3.038963284343481,5.732064872980118,8,True,2
2109.0,300.0,-2705100.678150497,-4289379.567618735,3855551.862389168,-2705084.945189919,-4289306.613635044,3855491.464889744,96.00868565748684,1261.7396399345516,0.8135253922082484,1.6886562071740627,8,True,2
2110.0,300.0,-2705109.3854994583,-4289358.483741929,3855562.3304666113,-2705096.065164416,-4289285.819435887,3855506.694104778,92.48209262449052,1264.54327055044,1.279465421102941,3.415790643543005,8,True,2
2111.0,300.0,-2705119.78200027,-4289334.830393619,3855568.0459215785,-2705107.0503994077,-4289264.894725681,3855522.1612407705,84.60789114059928,1264.1495943728623,2.865981184411794,5.650108132511377,8,True,2
2112.0,300.0,-2705130.3370928993,-4289318.531596605,3855596.879786504,-2705117.808327227,-4289243.842054739,3855537.92798813,95.97297622219213,1276.4835068262264,2.710658531103815,7.039366368204355,7,True,2
2113.0,300.0,-2705138.709686662,-4289295.502380048,3855614.6874733637,-2705128.342255246,-4289222.683261948,3855553.967905345,95.37805583808336,1282.4814958998413,1.3517603384596961,2.3590842708945274,7,True,2
2114.0,300.0,-2705151.7186442562,-4289278.41950663,3855630.5099997954,-2705138.6629775134,-4289201.435464958,3855570.25455112,98.62916506461374,1288.108631493683,3.0019672103226185,6.705605570226908,7,True,2
2115.0,300.0,-2705164.7210879745,-4289256.747530773,3855652.9411058277,-2705148.826782104,-4289180.055186826,3855586.7967367377,102.51547269349682,1299.4632155944132,2.6020835733839442,6.608583364635706,7,True,2
2116.0,300.0,-2705170.6737335566,-4289227.699106435,3855658.1322141136,-2705158.911259403,-4289158.549318744,3855603.53276884,88.88840396909322,1296.5914246804139,2.5477066934108734,5.480158295482397,7,True,2
2117.0,300.0,-2705180.3396452605,-4289208.651103889,3855676.3040092182,-2705169.016169218,-4289136.926720724,3855620.383328587,91.65004512957374,1299.2764572360923,1.4741135542946202,3.0554416701197624,7,True,2
2118.0,300.0,-2705184.409226699,-4289177.884821729,3855678.1398212123,-2705179.1936221137,-4289115.170475191,3855637.3307890655,75.0044591844873,1289.7476794781837,2.590773128505264,5.314805921167135,7,True,2
2119.0,300.0,-2705198.312819253,-4289160.032038299,3855705.6576427394,-2705189.4699598025,-4289093.255989248,3855654.383962537,84.6535715233682,1302.5825666446674,0.7375040895172528,1.179741557687521,7,True,2
2120.0,300.0,-2705213.878701966,-4289142.941459227,3855728.508413675,-2705199.8110602405,-4289071.228708171,3855671.516409266,92.6752705649817,1313.457593763603,1.0832711069711618,1.5057085491716862,7,True,2
2121.0,300.0,-2705221.594837391,-4289119.467432598,3855742.725759009,-2705210.198062368,-4289049.108501389,3855688.719315688,89.42573232545142,1314.9441313347518,0.7828523777425289,1.9199816174805164,7,True,2
2122.0,300.0,-2705240.9095480186,-4289106.770447518,3855778.8820896368,-2705220.648670919,-4289026.940031521,3855705.930990745,110.02391234909132,1331.0314701870152,3.6844927636640414,8.482245221734047,7,True,2
2123.0,300.0,-2705238.730011607,-4289067.965730269,3855769.9629681553,-2705231.065282532,-4289004.800811313,3855723.133808557,79.00332427968885,1310.1674588101075,1.1782798857561179,2.816709451377392,7,True,2
2124.0,300.0,-2705257.828197097,-4289058.726979658,3855806.9996057707,-2705241.396361032,-4288982.67549115,3855740.380646497,102.43007310124203,1329.0391099638966,3.458012038043567,8.66643289104104,7,True,2
2125.0,300.0,-2705264.2416823083,-4289029.322270384,3855814.0046309005,-2705251.7536165416,-4288960.525515229,3855757.636252779,89.81280175138707,1324.390633957443,1.521009940121855,3.1230655387043953,7,True,2
2126.0,300.0,-2705269.0877760206,-4289001.795242408,3855825.015983094,-2705262.1462585456,-4288938.249359886,3855775.006381404,81.16171579970879,1320.0534375897503,1.6437789180449076,2.7939854823052883,7,True,2
2127.0,300.0,-2705285.4993984033,-4288990.338947156,3855852.274956547,-2705272.6710220515,-4288915.8179107625,3855792.455780214,96.41724929810742,1333.1194110461613,2.1961272098124027,4.461420968174934,7,True,2
2128.0,300.0,-2705288.924262633,-4288959.847519579,3855855.9241762892,-2705283.298822787,-4288893.20165162,3855810.037325345,81.1105441920386,1325.331953328834,2.3549081635262286,3.5672421604394913,7,True,2
2129.0,300.0,-2705303.1381262247,-4288938.312767247,3855878.528307244,-2705293.9886297807,-4288870.4184828615,3855827.7598285214,85.26890153620239,1334.7511628708655,2.3143734373152256,3.99879052862525,7,True,2
2130.0,300.0,-2705312.291487874,-4288915.5541685,3855899.404131292,-2705304.7548362287,-4288847.491227369,3855845.58803764,87.09498842881369,1339.2561561134248,3.0715484310473715,8.001914363354445,7,True,2
2131.0,300.0,-2705322.1385751683,-4288889.297910581,3855911.7536605736,-2705315.5306436573,-4288824.430111132,3855863.55720274,81.08264124953187,1345.6191890306125,3.260250125080347,4.972842443734407,7,True,2
2132.0,300.0,-2705328.995848462,-4288858.966038564,3855919.0320400754,-2705326.3232476977,-4288801.246545299,3855881.649697288,68.81949033466734,1340.8966931649095,3.019001307232039,4.629932772368193,7,True,2
2133.0,300.0,-2705348.7629378783,-4288846.837140898,3855952.5346942996,-2705337.1910953657,-4288777.983424896,3855899.7773935366,87.51042526572817,1360.672734199666,1.0232989372951644,2.136613108217716,7,True,2
2134.0,300.0,-2705356.9509710385,-4288817.233527221,3855965.494913968,-2705348.0709894025,-4288754.65668279,3855917.966729149,79.07998409766923,1358.7004840823686,1.6746762389583247,2.2723017893731594,7,True,2
2135.0,300.0,-2705373.7559047206,-4288799.423553643,3855993.9961990486,-2705358.984811442,-4288731.284421258,3855936.182453117,90.57348275022034,1374.498470403069,0.9499064188982759,2.231008652597666,7,True,2
2136.0,300.0,-2705376.800261384,-4288772.38290425,3856002.1792137446,-2705369.9535850585,-4288707.933144861,3855954.336439196,80.55792660282115,1367.8784955839044,1.5961978525987692,3.4547196961939335,7,True,2
2137.0,300.0,-2705384.3823320456,-4288744.719468562,3856011.340962998,-2705380.9318274944,-4288684.663452498,3855972.393437575,71.66268752805617,1366.1705651333991,2.0830912371831283,2.8582674227654934,7,True,2
2138.0,300.0,-2705397.508411553,-4288721.616791126,3856031.4055114686,-2705391.8524604114,-4288661.501706833,3855990.371074149,73.00437102705648,1372.0032275223637,2.2999567868454114,3.9922763630747795,7,True,2
2139.0,300.0,-2705409.6553427204,-4288699.820591259,3856050.6649375535,-2705402.732912895,-4288638.508708142,3856008.190036775,74.9078383227416,1377.5927425928357,1.6390577352472715,2.857354898005724,7,True,2
2140.0,300.0,-2705423.8267079,-4288686.842970688,3856083.422256358,-2705413.511879962,-4288615.802903657,3856025.762201639,92.0747995348086,1393.2165939173076,0.8713261453168732,1.4793616570532322,7,True,2
2141.0,300.0,-2705440.0407294948,-4288666.258821033,3856112.802898223,-2705424.054638074,-4288593.469289237,3856043.0875706873,102.04948775693869,1406.085374479953,2.2687183804810047,5.249958250671625,8,True,2
2142.0,300.0,-2705448.7059623976,-4288647.351464344,3856124.492808937,-2705434.3470822936,-4288571.46890912,3856060.2190206186,100.47616379011187,1406.8784916248028,1.3263081599559103,2.846369955688715,7,True,2
2143.0,300.0,-2705460.4942356152,-4288625.352472169,3856141.7270533177,-2705444.4607551387,-4288549.732706923,3856077.182990247,100.70430710641263,1408.3458956622014,1.354737386639629,2.6125504970550537,7,True,2
2144.0,300.0,-2705464.5737651708,-4288595.676456153,3856141.3892823695,-2705454.556159924,-4288528.183365548,3856093.953043588,83.10154297056194,1395.8856706714446,1.2195551980819022,2.3164740689098835,7,True,2
2145.0,300.0,-2705478.384913827,-4288579.797515835,3856177.0317250947,-2705464.7222635504,-4288506.812626539,3856110.476307726,99.71502223448809,1409.752794298323,1.9511978011578321,4.791837755590677,8,True,2
2146.0,300.0,-2705495.034279153,-4288565.938535543,3856208.0482510943,-2705474.888961411,-4288485.608878843,3856126.814471119,116.0069591948249,1420.9038212337482,3.7459677159786224,7.770373858511448,8,True,2
2147.0,300.0,-2705497.0344735533,-4288533.065230336,3856195.2171418527,-2705484.9667245024,-4288464.612652681,3856142.985159827,86.94576413569112,1399.1273562009446,1.4397377738995212,2.2384532131254673,7,True,2
2148.0,300.0,-2705506.4455466717,-4288516.0119728865,3856213.2864524024,-2705494.940872555,-4288443.81725916,3856159.005999737,91.05383988697288,1401.5525737805851,2.555854046451194,3.8377748169004917,7,True,2
2149.0,300.0,-2705519.3372830474,-4288498.231228839,3856235.4079520153,-2705504.866833485,-4288423.227621394,3856174.8329303646,97.48983684564726,1405.8541701236722,1.2476749042315143,3.1783576533198357,7,True,2
2150.0,300.0,-2705524.193569738,-4288474.963241594,3856237.4946930357,-2705514.811119899,-4288402.849646607,3856190.4130793423,86.63186073741896,1396.5934391844974,2.314842653926462,4.8223529905080795,8,True,2
2151.0,300.0,-2705538.1692094556,-4288457.041299718,3856257.935287713,-2705524.7740204884,-4288382.667201528,3856205.764072937,91.83013242000045,1402.9050106423588,1.8989331972386156,3.048375964164734,7,True,2
2152.0,300.0,-2705547.955403978,-4288436.431811,3856275.8480631243,-2705534.766339485,-4288362.697406341,3856220.859475976,92.92178737620092,1402.540392745553,1.6667800109301294,2.559442348778248,7,True,2
2153.0,300.0,-2705559.95844281,-4288418.602322468,3856295.539086488,-2705544.7972711306,-4288342.838731993,3856235.8050369695,97.66339867210405,1406.5415766096312,1.819398277572223,3.730395585298538,7,True,2
2154.0,300.0,-2705569.0918794903,-4288397.023114982,3856306.5835984154,-2705554.897892272,-4288323.007751753,3856250.671254617,93.83993529486683,1404.225097277817,0.736379863428218,1.286983497440815,7,True,2
2155.0,300.0,-2705578.7035544766,-4288377.143313547,3856321.559817275,-2705565.0651712064,-4288303.166489679,3856265.502190406,93.81382359711448,1403.4004614811095,1.6853141449391842,2.9271728210151196,7,True,2
2156.0,300.0,-2705590.2376464065,-4288359.805348128,3856341.5361898527,-2705575.2655695006,-4288283.328127635,3856280.306656747,99.10592346373576,1409.3312165553532,1.729915046266147,3.664679478853941,7,True,2
2157.0,300.0,-2705604.4464847287,-4288343.346227258,3856362.9612605087,-2705585.47720153,-4288263.474562238,3856295.119902425,106.4977297639436,1414.5652458484942,2.0630871932953596,4.834309034049511,8,True,2
2158.0,300.0,-2705616.3715479933,-4288323.932110621,3856371.9110308117,-2705595.7297208384,-4288243.603039625,3856309.9243031135,103.5432232743349,1412.1066093661157,1.2698389909097128,2.521113410592079,7,True,2
2159.0,300.0,-2705627.697440819,-4288303.085155152,3856394.621574769,-2705605.9965063184,-4288223.754289543,3856324.6934225336,107.95491314165955,1420.8006319694205,1.3880211561918259,2.6226834170520306,7,True,2
2160.0,300.0,-2705638.218443677,-4288292.160151777,3856412.395132284,-2705616.261739203,-4288203.986161343,3856339.374388349,116.57091620681845,1425.9357753072914,1.8101298558924879,3.3776291348040104,7,True,2
2161.0,300.0,-2705647.5196497813,-4288267.7497609425,3856415.0122344466,-2705626.517653367,-4288184.319512739,3856353.949576989,105.5004185040023,1420.2576631062057,1.384091068059206,1.7885812260210514,7,True,2
2162.0,300.0,-2705656.8733544443,-4288248.482809677,3856437.623148603,-2705636.7462484124,-4288164.725812406,3856368.463049427,110.46924597819526,1426.6507684911078,2.484655380781208,4.112969946116209,7,True,2
2163.0,300.0,-2705668.948008773,-4288228.469806015,3856448.251632386,-2705646.914837981,-4288145.169838288,3856382.9764903258,108.09805460496872,1427.8808245663959,2.645648226674114,4.964379079639912,7,True,2
2164.0,300.0,-2705675.6640965324,-4288207.709333888,3856455.0127153276,-2705657.0422749203,-4288125.631717607,3856397.498711704,101.93805936614756,1421.7496484903181,1.6056000792554446,3.7063483968377113,7,True,2
2165.0,300.0,-2705686.801208906,-4288187.209112514,3856475.961644168,-2705667.1548956763,-4288106.086855065,3856412.038525502,105.13307461049965,1428.5814096057713,2.1558094322681427,3.48699589446187,7,True,2
2166.0,300.0,-2705698.00201786,-4288170.595527084,3856488.1752572213,-2705677.297604881,-4288086.5069168825,3856426.595931605,106.26184840155068,1429.1023516834596,1.5122750108795506,2.5566956773400307,7,True,2
2167.0,300.0,-2705704.6457306915,-4288145.979593697,3856488.438951893,-2705687.54439435,-4288066.893085167,3856441.118058135,93.735791041682,1420.5587016504642,3.023512180428952,6.402898211032152,8,True,2
2168.0,300.0,-2705706.639559516,-4288121.2303519985,3856485.1082543605,-2705697.991990621,-4288047.216239487,3856455.569657556,80.15858032595744,1409.7847857481486,4.7833921099081635,11.523761086165905,8,True,2
2169.0,300.0,-2705729.0730240056,-4288109.993843474,3856541.3849466695,-2705708.7994618765,-4288027.4797273865,3856469.836175335,111.08025636732233,1443.4880983990047,1.8431616788730025,4.67642430216074,8,True,2
2170.0,300.0,-2705741.4855335956,-4288091.413284162,3856555.3173374385,-2705720.1740982835,-4288007.680403094,3856483.7766221934,112.1759625981626,1451.3710713681494,1.2695217211730778,3.1104713156819344,8,True,2
2171.0,300.0,-2705756.5562431174,-4288073.594147012,3856572.072101179,-2705732.273837969,-4287987.886153313,3856497.205950561,116.3633786547125,1458.0858312543546,1.0164971463382244,2.0462850630283356,8,True,2
2172.0,300.0,-2705767.2513528354,-4288055.6504514795,3856582.60975832,-2705745.1122366185,-4287968.168206519,3856510.036044826,115.80253684795649,1459.3510932869942,2.5985486111603677,4.712099075317383,8,True,2
2173.0,300.0,-2705785.247358656,-4288040.064814641,3856600.396686549,-2705758.5853668675,-4287948.544267082,3856522.3197795623,123.21881283433986,1470.2458309621525,0.8997769928537309,1.546181794255972,8,True,2
2174.0,300.0,-2705796.879714892,-4288020.270287244,3856612.87546576,-2705772.6059619724,-4287928.925782489,3856534.215770864,122.96495936188805,1475.3651806184364,1.2931116558611393,2.917189285159111,8,True,2
2175.0,300.0,-2705812.2173094903,-4288002.840366169,3856629.9150241497,-2705787.18679773,-4287909.216920516,3856545.820950846,128.31090857594228,1484.2585474398716,3.044141547754407,7.3737196028232574,8,True,2
2176.0,300.0,-2705830.6229103627,-4287983.062497036,3856633.6358013763,-2705802.4603251005,-4287889.461755204,3856556.9943321072,124.2100836961097,1488.8533180926245,2.946456577628851,5.438452910631895,8,True,2
2177.0,300.0,-2705845.552423611,-4287962.105068039,3856638.6099993293,-2705818.5224224776,-4287869.679565409,3856567.64779888,119.61909709686499,1489.2294809143245,1.247912285849452,3.0299515388906,8,True,2
2178.0,300.0,-2705863.3347951937,-4287945.224158451,3856656.4942614557,-2705835.375844695,-4287849.92445745,3856577.719671193,126.7642378387262,1498.7061537372854,1.4339914601296186,3.316479079425335,8,True,2
2179.0,300.0,-2705885.130790156,-4287929.924986315,3856666.6484800116,-2705852.983173121,-4287830.220037293,3856587.209951676,131.4725291635945,1508.9480069288218,2.2466196794994175,5.623341966420412,8,True,2
2180.0,300.0,-2705898.66078123,-4287905.905203772,3856674.073304206,-2705871.225513959,-4287810.593453302,3856596.171513345,126.11785237305968,1513.317553566718,1.3796074581332505,2.8446124233305454,8,True,2
2181.0,300.0,-2705921.677040976,-4287894.349414438,3856689.149644148,-2705890.0033310964,-4287791.235178559,3856604.4633704103,137.14056474299747,1529.6028731340673,2.0354420840740204,5.720380168408155,8,True,2
2182.0,300.0,-2705939.281131751,-4287871.032617507,3856697.681559733,-2705909.140624904,-4287772.264259497,3856612.076713634,134.13362133548003,1535.2316477392578,1.1719785355962813,2.6210214272141457,8,True,2
2183.0,300.0,-2705959.9239929407,-4287854.471051754,3856701.204805194,-2705928.544561177,-4287753.699388479,3856619.055603964,133.7463574079001,1541.597628531688,1.467336740810424,3.5002306066453457,8,True,2
2184.0,300.0,-2705978.346873317,-4287835.942327291,3856705.7371974536,-2705948.240637496,-4287735.564372989,3856625.355984804,132.07292868723977,1547.9089480624689,2.44622693490237,5.673567492514849,8,True,2
2185.0,300.0,-2706001.789917696,-4287821.510923964,3856718.0075984574,-2705968.169836646,-4287717.848586172,3856631.030728332,139.43158201459397,1561.6407269171177,2.576451046857983,4.869697906076908,8,True,2
2186.0,300.0,-2706018.6804994047,-4287803.09907455,3856728.258821802,-2705988.369302825,-4287700.544547614,3856636.062212736,141.19636807134253,1572.1797972206994,1.2032349146902561,2.1122758984565735,8,True,2
2187.0,300.0,-2706041.4074727027,-4287783.506212611,3856728.869627511,-2706008.783900154,-4287683.631201479,3856640.5121213538,137.28206084130494,1575.564520694629,1.8968896642327309,4.7469775676727295,8,True,2
2188.0,300.0,-2706060.54536765,-4287769.640561375,3856729.3671907694,-2706029.4610150447,-4287667.150457335,3856644.301150116,136.77240100065626,1583.0376204748582,2.048176292795688,4.297026909887791,8,True,2
2189.0,300.0,-2706085.7570394604,-4287756.749466791,3856739.5506173074,-2706050.4072969654,-4287651.1459964765,3856647.37643002,144.56063793074526,1599.6179969154682,2.712692430242896,5.635204765945673,8,True,2
2190.0,300.0,-2706106.108631371,-4287741.663876693,3856740.694644687,-2706071.6355211902,-4287635.521985007,3856649.834890586,143.90966406547398,1609.1385191146876,0.8841177164576948,2.3207744657993317,8,True,2
2191.0,300.0,-2706128.6550088883,-4287725.1591655435,3856741.8530915,-2706093.17730912,-4287620.162713022,3856651.7822726863,142.81342592589496,1618.4255312525174,1.1980603160336614,2.126496121287346,8,True,2
2192.0,300.0,-2706151.8462890503,-4287717.765798648,3856755.1565066227,-2706115.173726647,-4287605.042980834,3856653.148083322,156.38743208257216,1640.8937509601058,3.094538003206253,5.50500425696373,8,True,2
2193.0,300.0,-2706176.648275133,-4287697.065374937,3856748.2130756783,-2706137.679921673,-4287590.183833475,3856653.870641094,147.79273134996268,1644.9573249757623,2.2417136151343584,4.781179007142782,8,True,2
2194.0,300.0,-2706191.214687381,-4287679.5404159725,3856744.005113048,-2706160.7288728734,-4287575.604348246,3856653.905887813,140.88989122222,1651.1737902520285,1.4835382658056915,2.4435305781662464,8,True,2
2195.0,300.0,-2706206.0447602086,-4287662.042993945,3856751.3833595384,-2706184.2898120955,-4287561.371816261,3856653.200953405,142.29458407795747,1660.3631094651703,8.995970085728914,23.923174884170294,8,True,2
2196.0,300.0,-2706244.870574678,-4287655.988678381,3856748.5570319616,-2706208.303998892,-4287547.459471837,3856651.826331098,149.90841079586025,1682.0747510679523,1.918788953218609,3.693453535437584,8,True,2
2197.0,300.0,-2706265.3879581382,-4287639.277918408,3856734.428859669,-2706232.6772348923,-4287533.751216697,3856649.975877544,139.0617933836846,1681.6029434448478,1.7487932364456356,3.5259123258292675,8,True,2
2198.0,300.0,-2706297.4203303247,-4287629.461641966,3856743.9504909557,-2706257.3494129204,-4287520.085496217,3856647.869884543,150.99769074133874,1699.839768763634,2.786281599663198,4.897168073803186,8,True,2
2199.0,300.0,-2706317.824973173,-4287611.58762264,3856732.8439625297,-2706282.2656686422,-4287506.42511953,3856645.587657068,141.19943003341007,1701.3120475416815,1.1361446264199913,2.3040166907012463,8,True,2
2200.0,300.0,-2706343.4925955473,-4287598.936496163,3856738.2603759663,-2706307.4201963027,-4287492.677991442,3856643.234935263,147.043946470123,1716.4453900080955,2.5876607173122466,3.9446831606328487,8,True,2
2201.0,300.0,-2706367.6395660196,-4287587.041137051,3856735.853382068,-2706332.807188225,-4287478.752016982,3856640.917459417,148.16429218172806,1728.7794029099023,2.0417183563113213,3.630581770092249,8,True,2
2202.0,300.0,-2706406.8157360456,-4287581.980949194,3856734.2098219744,-2706358.4044718808,-4287464.6452268185,3856638.6528529655,158.87874801123962,1741.7908481550646,5.143245514947921,12.717873122543097,8,True,2
2203.0,300.0,-2706419.2365847356,-4287557.755467105,3856718.515795549,-2706384.2258933648,-4287450.41271291,3856636.37062234,139.62823808180022,1739.1248583088197,1.8129333034157753,3.548102170228958,8,True,2
2204.0,300.0,-2706451.029057961,-4287546.37424177,3856725.330765304,-2706410.255367974,-4287436.128461079,3856634.000273876,148.85524720336412,1754.613601825877,1.5922201685607433,2.413603838533163,7,True,2
2205.0,300.0,-2706473.6032299157,-4287531.430361803,3856725.5582120316,-2706436.407817699,-4287421.790314235,3856631.603489444,149.10375118404195,1765.4133050509604,2.2390312696807086,4.827779121696949,8,True,2
2206.0,300.0,-2706499.0970978225,-4287516.30546043,3856711.0886008153,-2706462.579317605,-4287407.415994439,3856629.2331392886,141.03467891776143,1765.17185400728,2.315536417067051,3.284531369805336,7,True,2
2207.0,300.0,-2706526.696032064,-4287498.069265631,3856713.469528651,-2706488.7177656377,-4287393.022431692,3856626.906846868,141.31625497021167,1776.11008308729,2.0455514565110207,3.0617147721350193,7,True,2
2208.0,300.0,-2706547.647248382,-4287488.510057773,3856717.902899432,-2706514.793508768,-4287378.612386009,3856624.6422356647,147.8323979115012,1790.8178095611618,1.466769271663257,3.14882493019104,7,True,2
2209.0,300.0,-2706576.1628285185,-4287471.102657971,3856714.884936743,-2706540.7827043864,-4287364.28070832,3856622.351188529,145.68862916955447,1799.5982873109801,1.829009183283363,4.181618869304657,7,True,2
2210.0,300.0,-2706603.1739238338,-4287461.345802706,3856704.6090356023,-2706566.6648558606,-4287349.928622101,3856620.157069574,144.49510283779495,1805.966789630858,2.276141083134072,3.9383579455316067,7,True,2
2211.0,300.0,-2706630.4798578545,-4287451.43618775,3856708.346859589,-2706592.371541886,-4287335.232248197,3856618.4652183214,151.77057933092456,1820.7458735712855,2.9349134814526354,4.273539636284113,7,True,2
2212.0,300.0,-2706659.657658996,-4287431.331756622,3856709.81028664,-2706617.8321060883,-4287319.996794621,3856617.539986987,150.52793374546204,1829.582248106244,1.183024246777807,1.5910978242754936,7,True,2
2213.0,300.0,-2706676.517833802,-4287406.336547517,3856701.149759753,-2706643.0944812214,-4287304.2318992885,3856617.337317248,136.2607984944087,1824.2363695162248,0.825054332613945,1.3779554553329945,6,True,2
2214.0,300.0,-2706696.164071371,-4287388.589093735,3856699.8597863456,-2706668.2639572565,-4287288.0546274735,3856617.654539445,132.82807644537124,1830.1147696603666,3.8422916792333126,7.969706267118454,8,True,2
2215.0,300.0,-2706732.741872552,-4287383.357132166,3856710.5633783676,-2706693.294253902,-4287271.358534057,3856618.641452848,150.16471285475617,1852.2620563557111,2.7356978999450803,5.585326436907053,8,True,2
2216.0,300.0,-2706754.7766040787,-4287364.25314641,3856711.9538445408,-2706718.112203492,-4287254.094048336,3856620.4037978463,147.85369866389635,1861.041973085456,1.1889015771448612,2.7947916872799397,8,True,2
2217.0,300.0,-2706780.9950778536,-4287348.895145326,3856714.19252762,-2706742.710590697,-4287236.249761942,3856622.959197269,149.92733213655313,1868.8079764341321,2.592628619633615,5.012228183448315,8,True,2
2218.0,300.0,-2706805.655326886,-4287326.627428129,3856725.7552541527,-2706767.0414620982,-4287217.816045949,3856626.351708784,152.35488924779114,1878.7336023801845,2.95378495240584,5.733574837446213,8,True,2
2219.0,300.0,-2706828.0663404725,-4287308.615920068,3856725.954718018,-2706791.177687422,-4287198.858611272,3856630.4579671696,150.09020281363132,1885.2465803331384,2.3298641806468368,4.84119626134634,8,True,2
2220.0,300.0,-2706852.0782509604,-4287283.022253056,3856728.856814166,-2706815.074083197,-4287179.421941475,3856635.260347699,144.43902355913107,1889.948134879381,2.1649215347133577,4.258144438266754,8,True,2
2221.0,300.0,-2706879.4081597216,-4287270.254255785,3856731.7849648604,-2706838.641127069,-4287159.546595434,3856640.776472268,148.99893535054608,1900.922739408511,2.1255834349431098,4.917409393936396,8,True,2
2222.0,300.0,-2706898.536865567,-4287246.17264289,3856742.974189236,-2706861.800382735,-4287139.274115012,3856647.015150792,148.2734011630759,1906.1170145391688,1.8097197781316936,3.9399747140705585,8,True,2
2223.0,300.0,-2706920.5095850118,-4287229.0351493275,3856747.704522528,-2706884.374482008,-4287118.588804702,3856654.11736812,149.20689052594275,1911.7464061489316,2.4211512650363147,5.3135621175169945,8,True,2
2224.0,300.0,-2706939.7553533614,-4287199.817976985,3856753.156557456,-2706906.318521934,-4287097.519018021,3856662.083121496,140.98747972276576,1914.2803828682354,1.815372717101127,4.909303352236748,8,True,2
2225.0,300.0,-2706959.6832442177,-4287177.2869792925,3856750.8855912974,-2706927.76468336,-4287076.124943517,3856670.753797996,132.94230443007464,1914.0373087688238,1.2633851189166307,2.865049686282873,8,True,2
2226.0,300.0,-2706987.076032933,-4287162.387758609,3856769.001601018,-2706948.802470396,-4287054.366027903,3856680.111771589,145.03434651802309,1927.8459368243764,2.886441028676927,6.253200545907021,8,True,2
2227.0,300.0,-2707003.7005857183,-4287140.031790184,3856780.8353883065,-2706969.45016564,-4287032.254667075,3856690.130604485,144.97019469248957,1935.9471759962705,2.0656795925460756,4.1642263270914555,8,True,2
2228.0,300.0,-2707022.9545961805,-4287112.673682193,3856784.691085901,-2706989.5456423806,-4287009.749582179,3856700.9689028296,136.81714986081533,1936.8619284193876,2.147419931832701,4.7972976341843605,8,True,2
2229.0,300.0,-2707039.159406591,-4287087.37880886,3856801.2140832315,-2707008.9303755984,-4286986.815201739,3856712.776459864,137.28818819857457,1945.6255343877885,2.0860639484599233,3.8485075049102306,8,True,2
2230.0,300.0,-2707059.605949467,-4287066.011883615,3856811.614263276,-2707027.607129564,-4286963.505644375,3856725.4915893534,137.65379951794623,1954.9146419333424,2.6964313127100468,5.050366830080748,8,True,2
2231.0,300.0,-2707083.3780938177,-4287050.135269252,3856844.975757651,-2707045.6867464944,-4286939.830724373,3856739.02617044,157.52157094829633,1980.417806637494,2.395263701145138,5.988887995481491,7,True,2
2232.0,300.0,-2707094.7192568895,-4287017.265037137,3856841.2624374004,-2707063.263447396,-4286915.906519627,3856753.186344073,137.914521492435,1973.1968788412112,2.3998273807976926,3.9265466779470444,7,True,2
2233.0,300.0,-2707114.5353248143,-4286998.262831412,3856856.559603482,-2707080.296489826,-4286891.734814928,3856767.998540859,142.70100886233558,1983.1607881344999,1.7068458162248135,3.699334640055895,7,True,2
2234.0,300.0,-2707125.8834046554,-4286964.755621217,3856852.367577618,-2707096.540894184,-4286867.358578095,3856783.586117581,122.79273665204984,1975.6233306615825,2.2022701778582165,3.5776129961013794,7,True,2
2235.0,300.0,-2707138.3818392945,-4286940.095998422,3856876.0349733033,-2707111.8963398216,-4286842.801257945,3856799.99312624,126.29374771425293,1988.3180825134834,2.2979521389518465,4.04613059386611,7,True,2
2236.0,300.0,-2707157.441177693,-4286920.5551250735,3856896.2344844523,-2707126.5169116147,-4286818.141135046,3856817.025708583,133.11260556567348,2002.0685249515775,0.7179616439555373,1.807307157665491,7,True,2
2237.0,300.0,-2707174.7211842556,-4286899.846061657,3856926.1344681173,-2707140.697474518,-4286793.4473977145,3856834.401893702,144.5446426609533,2018.8028611018237,2.52494412753731,4.792953427881002,8,True,2
2238.0,300.0,-2707190.3408783954,-4286874.259356066,3856942.789105097,-2707154.670814269,-4286768.740644794,3856851.936639133,143.73838205200525,2029.452071893574,3.0749678515962193,5.9276707991957664,7,True,2
2239.0,300.0,-2707201.604467543,-4286847.475661284,3856955.0717026824,-2707168.692162071,-4286744.027298993,3856869.444904328,138.26327100351568,2034.6888657696047,0.9181447816746575,1.6442949287593365,7,True,2
2240.0,300.0,-2707217.754614063,-4286827.555202019,3856976.8523032074,-2707182.853526177,-4286719.33704816,3856886.8297644025,145.02866010991684,2047.8482292008086,1.139258913163628,2.828607067465782,7,True,2
2241.0,300.0,-2707227.4083726886,-4286802.606229498,3856996.777977612,-2707196.977821235,-4286694.638063391,3856904.2498246087,145.41183738789002,2054.0078622001206,3.899431105237454,6.926169648766518,8,True,2
2242.0,300.0,-2707242.013316936,-4286773.013944775,3857007.3343591783,-2707210.9567005923,-4286669.990788747,3856921.713895994,137.5105370968586,2060.455025804648,1.2795235184686524,2.6328829526901245,7,True,2
2243.0,300.0,-2707262.048297615,-4286756.559809585,3857028.9355823603,-2707224.811786405,-4286645.429459657,3856939.169110397,147.62971222310318,2075.214803392303,1.0149210414716177,2.224283430725336,7,True,2
2244.0,300.0,-2707278.160497626,-4286727.756388928,3857050.499486054,-2707238.6051639784,-4286621.002665284,3856956.518543802,147.62587658761367,2087.7719459916525,0.6394654315497194,1.5751877538859844,7,True,2
2245.0,300.0,-2707273.9438740877,-4286689.680389734,3857038.9019871554,-2707252.3991945093,-4286596.742858353,3856973.6828957153,115.56421524669419,2068.1936401481435,4.149200326630047,8.782567385584116,7,True,2
2246.0,300.0,-2707295.842246986,-4286678.883211959,3857070.846797615,-2707266.134853211,-4286572.639430999,3856990.715034975,136.3501727955174,2089.92920125027,2.071990789579494,4.3679871968925,7,True,2
2247.0,300.0,-2707318.7972630425,-4286657.514471498,3857098.379542149,-2707279.701567644,-4286548.666441523,3857007.7206971473,146.95371109769897,2109.759537347031,1.6001903787255287,3.853539939969778,7,True,2
2248.0,300.0,-2707328.231453493,-4286628.310981775,3857111.524079582,-2707293.144229588,-4286524.795540997,3857024.699882433,139.58868496911614,2115.0621737051356,2.2405416906944344,3.9676091633737087,7,True,2
2249.0,300.0,-2707344.9071702003,-4286613.268871377,3857139.567773668,-2707306.600013944,-4286501.011930671,3857041.57329052,153.8570040159052,2133.8613609705803,2.667707701679319,6.555872820317745,8,True,2
2250.0,300.0,-2707358.4312330703,-4286587.458000176,3857148.62610583,-2707320.153999456,-4286477.317750207,3857058.2792441896,147.50788685543202,2139.3811380183915,1.571334875055722,3.9877291545271873,7,True,2
2251.0,300.0,-2707366.2959280945,-4286554.716109982,3857153.3247606102,-2707333.8657645457,-4286453.691334996,3857074.800122451,131.9993919178537,2137.3142787556903,3.6561355079923357,8.688771426677704,7,True,2
2252.0,300.0,-2707378.099645574,-4286521.073661903,3857155.4295016686,-2707347.6984515456,-4286430.124037207,3857091.1711710873,115.43482957825167,2138.29460060643,8.312788229967866,21.381028320640326,7,True,2
2253.0,300.0,-2707394.1754505266,-4286512.315423929,3857189.799611995,-2707361.5969097973,-4286406.594817013,3857107.4540687664,137.90937797144642,2157.615901361083,2.1188229036827884,2.8595197275280952,6,True,2
2254.0,300.0,-2707412.3096832205,-4286494.384881813,3857217.901134801,-2707375.5018375423,-4286383.109202697,3857123.684060375,150.37935822312915,2176.7960645582043,1.7190887158115704,3.064496234059334,6,True,2
2255.0,300.0,-2707430.57467954,-4286484.583719136,3857246.4155261316,-2707389.431801965,-4286359.663449768,3857139.8523352575,169.27351749008614,2194.7743253016747,4.738922849763185,12.74819952249527,8,True,2
2256.0,300.0,-2707442.579234493,-4286442.833298585,3857252.109169737,-2707403.390134877,-4286336.279401123,3857155.932460812,148.79340688642375,2196.0354326631004,2.6493803495541215,4.85084281116724,8,True,2
2257.0,300.0,-2707457.087684867,-4286422.888712928,3857264.7549897977,-2707417.4289319213,-4286312.940116664,3857171.9068156825,149.27254919107807,2204.7179381925766,1.6457406333647668,3.7189082130789757,8,True,2
2258.0,300.0,-2707472.0230716993,-4286405.870714436,3857288.5561918626,-2707431.481956423,-4286289.623576445,3857187.845888429,159.0583048345376,2217.50918614247,1.1408910644240677,2.406448557972908,8,True,2
2259.0,300.0,-2707486.0773186586,-4286382.266749106,3857308.65979823,-2707445.5195578053,-4286266.332545021,3857203.767301208,161.5181338858671,2226.9521596572245,1.9961023144423962,4.8610925786197186,8,True,2
2260.0,300.0,-2707502.544058265,-4286359.267266969,3857319.504861429,-2707459.4901880715,-4286243.05168925,3857219.723919748,159.1098129152176,2235.1631407963923,2.07148252800107,4.862833071500063,8,True,2
2261.0,300.0,-2707513.9140543803,-4286336.600203021,3857335.6065867757,-2707473.427647684,-4286219.751676556,3857235.724554705,158.96272391660924,2243.1615390695715,1.7844199491664767,4.300435233861208,8,True,2
2262.0,300.0,-2707531.5714157936,-4286311.014683035,3857352.5870867465,-2707487.4691060395,-4286196.417703271,3857251.689907746,158.9267825981933,2253.9618677108065,1.4432090427726507,2.6289904341101646,8,True,2
2263.0,300.0,-2707542.320403504,-4286288.122651531,3857361.837433954,-2707501.671076351,-4286172.990121676,3857267.646411735,154.20705527177532,2256.8422046526916,1.4307256271131337,3.169356297701597,8,True,2
2264.0,300.0,-2707556.632246677,-4286263.400460907,3857384.1755635934,-2707515.922433319,-4286149.475263881,3857283.664553521,157.2854175279132,2269.86492357678,2.1717762798070908,5.012348767369986,8,True,2
2265.0,300.0,-2707572.9503349513,-4286243.519124527,3857400.4946846412,-2707530.160812602,-4286125.840678284,3857299.823630105,160.66680165691275,2281.797342639672,1.4668418751098216,2.92060973867774,8,True,2
2266.0,300.0,-2707584.807008679,-4286218.823151707,3857414.0587270022,-2707544.452721885,-4286102.09224606,3857316.0707756313,157.65852786819053,2285.0631831343844,1.174111203290522,2.6555556878447533,8,True,2
2267.0,300.0,-2707597.951692894,-4286196.832217633,3857433.7097255588,-2707558.8494359544,-4286078.2614364615,3857332.335503181,160.82521446607558,2295.747037512373,1.9783403375186026,4.0501587726175785,8,True,2
2268.0,300.0,-2707615.0415572277,-4286168.316077768,3857445.480282273,-2707573.384207934,-4286054.351189168,3857348.591380336,155.27649500913975,2301.551941089403,1.7114833486266434,3.3740282505750656,8,True,2
2269.0,300.0,-2707626.844898737,-4286142.441766417,3857453.696715074,-2707587.942308854,-4286030.362131708,3857364.917703833,148.17884077335546,2303.4883768196205,0.6005917023867369,1.4532967582345009,8,True,2
2270.0,300.0,-2707645.7886997066,-4286120.986917187,3857479.811506582,-2707602.368816852,-4286006.264402472,3857381.4554446666,157.22740386187144,2322.442867548,0.880823398807219,2.166750494390726,7,True,2
2271.0,300.0,-2707656.635949279,-4286093.263549614,3857492.510440129,-2707616.774309263,-4285982.083941229,3857398.0988728967,151.2064803262534,2325.357848940256,1.9746452663093805,3.767292369157076,8,True,2
2272.0,300.0,-2707673.6503069135,-4286073.7947386345,3857515.7184055257,-2707631.380756999,-4285957.824214167,3857414.6893955744,159.50779995660056,2340.5124964047263,1.6437988351099193,3.440429210662842,8,True,2
2273.0,300.0,-2707684.8142630435,-4286046.561224563,3857527.8921584315,-2707646.170134159,-4285933.456689949,3857431.271066362,153.69333063008827,2343.973929940247,1.1065010018646717,1.9076251909136772,7,True,2
2274.0,300.0,-2707697.820666836,-4286017.473835025,3857537.5414984,-2707661.072593248,-4285908.953642156,3857447.9231810095,145.45960258655379,2345.6200851308695,2.23951579151409,3.8980195187032223,7,True,2
2275.0,300.0,-2707714.4169297856,-4285994.700387719,3857555.182862239,-2707676.0731702023,-4285884.324520725,3857464.645738992,147.81761261625442,2356.591151987312,1.1937443623319268,2.3717509880661964,8,True,2
2276.0,300.0,-2707729.965635438,-4285967.884480408,3857570.803886187,-2707691.14248183,-4285859.555952016,3857481.473982126,145.6782038576439,2362.1789152690835,0.7867818246595562,1.9930477030575275,8,True,2
2277.0,300.0,-2707744.8209608006,-4285947.345416777,3857591.9136014637,-2707706.18048828,-4285834.655251341,3857498.469583567,151.40655198244704,2374.7598373817573,2.2468573111109436,4.757311180233955,8,True,2
2278.0,300.0,-2707763.213971131,-4285921.752279793,3857612.044728983,-2707721.175560737,-4285809.653713394,3857515.606110412,153.7326370327503,2385.1085798381823,1.4308330288955144,2.6121619381010532,7,True,2
2279.0,300.0,-2707769.1885137795,-4285888.393100281,3857619.378285727,-2707736.2374673714,-4285784.625689708,3857532.7249722183,139.148279538674,2381.646337817824,1.7179047710129194,2.8755570538342,7,True,2
2280.0,300.0,-2707790.990065077,-4285872.9160334105,3857653.53262241,-2707751.4136129217,-4285759.613081605,3857549.7468746486,158.66737500622915,2404.03864984954,1.946657259017229,4.21052423864603,8,True,2
2281.0,300.0,-2707799.914618747,-4285840.51930242,3857651.7673549233,-2707766.5815217206,-4285734.637383944,3857566.733491767,139.8314481823046,2396.473558057658,1.5808662750891276,2.151363205164671,7,True,2
2282.0,300.0,-2707814.9613332595,-4285817.344816715,3857666.0085910205,-2707781.5527478424,-4285709.681936796,3857583.8346015327,139.49908186258082,2402.6314720598793,2.332380960030215,3.967061970382929,7,True,2
2283.0,300.0,-2707834.2352483645,-4285793.232649935,3857691.1352318516,-2707796.315937452,-4285684.761899444,3857601.041392636,146.01601869928842,2412.4649094184533,1.5586115409220969,2.268932580947876,7,True,2
2284.0,300.0,-2707848.648517902,-4285767.484169904,3857707.975937911,-2707811.1340681463,-4285659.862810764,3857618.1864665295,145.0925223934141,2420.185516196231,0.7556279455976826,1.6751120798289776,7,True,2
2285.0,300.0,-2707853.6117820735,-4285733.56167518,3857705.35009444,-2707826.163409171,-4285634.933837766,3857635.2169613824,124.09480182664822,2409.1167770384254,1.2851270336125578,1.9301439337432384,7,True,2
2286.0,300.0,-2707875.419829969,-4285714.084349276,3857742.060253333,-2707841.2817539675,-4285609.980337768,3857652.212171328,141.68885377845805,2432.254491361513,0.8970767477793353,1.370822750031948,7,True,2
2287.0,300.0,-2707886.844890544,-4285684.149870266,3857746.8114382424,-2707856.2034179266,-4285585.047090748,3857669.3218724094,129.47931713341166,2429.704133691457,1.8011561131903104,2.657484747469425,7,True,2
2288.0,300.0,-2707906.350375514,-4285664.616311432,3857774.5325692613,-2707870.69653077,-4285560.280607911,3857686.546063745,141.06296759686123,2446.4259021197313,1.4525756696239114,3.034480717033148,8,True,2
2289.0,300.0,-2707917.502981684,-4285639.476462593,3857791.1947143218,-2707884.519755067,-4285535.729594276,3857703.999278264,139.47885141826885,2451.7772382097264,1.1471131783910096,1.999591689556837,8,True,2
2290.0,300.0,-2707930.476743743,-4285616.266844239,3857810.963050249,-2707897.383427697,-4285511.233765936,3857722.060355784,141.530223584258,2458.858621072305,1.470779881812632,2.5703307278454304,8,True,2
2291.0,300.0,-2707940.2286700713,-4285591.2480343925,3857827.156896021,-2707909.0370049896,-4285486.727881517,3857740.975978225,139.01270776382634,2466.847066235716,2.559314215289695,3.7139810882508755,7,True,2
2292.0,300.0,-2707953.385540615,-4285565.711356439,3857851.534650757,-2707919.5051913154,-4285462.284163809,3857760.6492259176,141.7928866059828,2472.1179881846983,2.552081134635955,5.043016582727432,8,True,2
2293.0,300.0,-2707966.716062083,-4285548.423196145,3857876.341524358,-2707928.878131113,-4285438.045267866,3857780.859837357,150.7705164276807,2481.8147212649515,2.712443302385509,7.595695976167917,8,True,2
2294.0,300.0,-2707971.7123144194,-4285515.353335109,3857886.8814913835,-2707937.2088439176,-4285414.161341985,3857801.405173869,136.88137128520611,2478.4468298473516,0.35522800451144576,0.6269552074372768,8,True,2
2295.0,300.0,-2707976.082009395,-4285490.236880339,3857901.731870405,-2707944.556371444,-4285390.6429950185,3857822.232371534,131.27443834236215,2479.4812222247033,1.9106861636973917,3.5964002162218094,8,True,2
2296.0,300.0,-2707987.074263017,-4285475.890088929,3857935.1244376837,-2707950.9666718766,-4285367.397317967,3857843.411908591,146.57976491121974,2496.0569550692107,2.5518529657274485,6.134327955543995,8,True,2
2297.0,300.0,-2707992.5755086797,-4285450.8436878435,3857956.171756479,-2707956.399821919,-4285344.377682976,3857865.0230724136,144.7472732448485,2497.6764468470847,1.3027070788666606,2.9290515892207623,8,True,2
2298.0,300.0,-2707993.15434074,-4285427.569532024,3857971.359653001,-2707960.66524043,-4285321.696541036,3857887.074668858,139.171083245494,2495.2645388500914,1.1887839073315263,2.3060395754873753,8,True,2
2299.0,300.0,-2707999.8918966153,-4285411.444656518,3857999.6511857375,-2707963.821968788,-4285299.364497632,3857909.5138334255,148.28264898940643,2505.0562455198683,1.755941348948649,3.5101536251604557,7,True,2
2300.0,300.0,-2708000.370749327,-4285382.806068641,3858021.963231594,-2707966.044575143,-4285277.343108337,3857932.261272273,142.64348473070172,2505.814599223976,1.203108181378671,2.486032161861658,7,True,2
2301.0,300.0,-2708006.3037897157,-4285360.0281378655,3858047.5426887698,-2707967.291531621,-4285255.682574699,3857955.290552361,144.63889347693666,2510.603483976974,2.697413420038564,5.731559358537197,7,True,2
2302.0,300.0,-2708005.9325755714,-4285347.058844821,3858077.545264817,-2707967.439842742,-4285234.436670631,3857978.6281005633,154.75803689563662,2520.049436323027,2.7093690307810903,6.644016921520233,8,True,2
2303.0,300.0,-2708004.2804340497,-4285323.1113162255,3858097.201023222,-2707966.5485508665,-4285213.615999828,3858002.221054247,149.78021841341842,2519.183334307708,2.002769005484879,4.991129122674465,8,True,2
2304.0,300.0,-2708002.100287752,-4285304.548973558,3858118.8837637655,-2707964.754561013,-4285193.221887224,3858025.972502145,149.73618798746804,2516.0547493837585,1.110938134137541,2.472539994865656,8,True,2
2305.0,300.0,-2708000.393680714,-4285285.991208442,3858141.8108403264,-2707962.1540432465,-4285173.257444582,3858049.8119638697,150.44920955886235,2519.5822199282566,2.7931895051151514,6.681245621293783,8,True,2
2306.0,300.0,-2707999.620075005,-4285269.83844984,3858167.6119797295,-2707958.6750230016,-4285153.824056018,3858073.677769836,154.7884771093439,2522.8802522345923,1.2968447795137763,3.018347602337599,8,True,2
2307.0,300.0,-2707989.0704230005,-4285244.372514241,3858182.673763107,-2707954.0944762547,-4285134.982811674,3858097.658017501,142.88842108315342,2514.2161597912354,0.7255848911590874,1.2243893891572952,8,True,2
2308.0,300.0,-2707988.2382763936,-4285224.310607493,3858209.1029974804,-2707948.438991988,-4285116.692956263,3858121.779134853,144.1908418714661,2520.2155687765867,3.3603000485648713,5.5913986302912235,6,True,2
2309.0,300.0,-2707983.179028313,-4285215.981546564,3858240.955524028,-2707941.8465418685,-4285098.891257438,3858146.014691234,156.30825945836563,2527.341034510043,0.8942920907090107,1.7135886996984482,6,True,2
2310.0,300.0,-2707973.026449959,-4285203.289988368,3858269.0979159498,-2707934.4919569464,-4285081.523130736,3858170.30301765,161.46983216462095,2530.236213397439,2.622202718896525,3.544279709458351,7,True,2
2311.0,300.0,-2707960.7223347896,-4285172.425973125,3858277.0264713997,-2707926.293244803,-4285064.624420848,3858194.661732815,139.96602113637914,2513.1317271840235,0.8947042226791382,2.108734145760536,7,True,2
2312.0,300.0,-2707956.2684502387,-4285163.072417703,3858315.1058138926,-2707917.298094743,-4285048.2208898105,3858219.0291686608,154.72648068711797,2524.8930945715197,0.9908041640051773,2.4336055032908916,7,True,2
2313.0,300.0,-2707942.948499901,-4285143.124632028,3858330.7584464224,-2707907.883795455,-4285032.098069089,3858243.378896345,145.57340741896238,2515.1594243627533,1.179669373269592,3.0044845938682556,7,True,2
2314.0,300.0,-2707935.805133872,-4285121.248554984,3858345.397614631,-2707898.431236552,-4285016.047200235,3858267.675677865,136.03246927367275,2505.0084983652655,1.1573131893362318,2.2957792952656746,7,True,2
2315.0,300.0,-2707932.6514472617,-4285115.797743966,3858393.791391046,-2707889.1237811963,-4284999.944422843,3858291.9283233127,160.2895327097694,2524.774096960553,1.8005645796656609,3.2634919695556164,8,True,2
2316.0,300.0,-2707921.066875462,-4285095.285786834,3858410.6981128203,-2707879.947002897,-4284983.76691132,3858316.172071109,151.86334672026555,2514.583442362799,2.2940899087116122,5.026718497276306,8,True,2
2317.0,300.0,-2707915.8663922646,-4285083.723714389,3858431.7623460195,-2707870.848017682,-4284967.580028821,3858340.3716835375,154.49356923937208,2512.7676198985982,2.2120432616211474,5.03269974514842,8,True,2
2318.0,300.0,-2707905.3544021277,-4285068.821227448,3858458.579792798,-2707861.8600803795,-4284951.386718356,3858364.500732814,156.63170010409482,2512.1782375520584,2.4103132905438542,4.168669048696756,8,True,2
2319.0,300.0,-2707889.2410413744,-4285046.859083465,3858479.331725783,-2707852.949935495,-4284935.184039036,3858388.585647869,148.40219193496944,2506.085545373383,1.9213791703805327,3.514269959181547,8,True,2
2320.0,300.0,-2707888.0845424854,-4285034.075706152,3858512.0546002164,-2707844.297866059,-4284918.810146332,3858412.679285328,158.3631128842599,2511.791289675653,1.7076373840682209,2.9507477544248104,8,True,2
2321.0,300.0,-2707881.045719086,-4285020.986921223,3858532.775509253,-2707836.259233648,-4284902.032483669,3858436.7904544193,159.27686035052352,2512.397410542616,1.1955921812914312,2.1012102663517,8,True,2
2322.0,300.0,-2707866.624259917,-4285003.387321284,3858566.0885607963,-2707829.0207286533,-4284884.749042957,3858460.901536364,162.95206889387995,2519.4184113181386,2.9927217522636056,6.448174387216568,8,True,2
2323.0,300.0,-2707863.9586687363,-4284989.279263489,3858587.2136159157,-2707822.5369394743,-4284867.020464502,3858484.977294113,164.6670552371232,2520.05288375361,2.797922438941896,5.492322165518999,8,True,2
2324.0,300.0,-2707861.8448933684,-4284964.179232824,3858599.3586814664,-2707816.624767357,-4284848.954469818,3858509.0265372777,153.23675172750566,2509.8040930621623,2.546460018493235,5.739795792847872,8,True,2
2325.0,300.0,-2707854.1918052873,-4284947.1793545885,3858630.1907297773,-2707811.32080184,-4284830.575851734,3858532.9964109473,157.73723538652212,2518.427238812532,3.3893065499141812,7.729814004153013,8,True,2
2326.0,300.0,-2707848.7069602017,-4284933.3215394765,3858658.3169266903,-2707806.7818176565,-4284811.801507115,3858556.869297644,163.75731214691487,2524.043125287484,2.210456170141697,4.454938471317291,8,True,2
2327.0,300.0,-2707847.070146266,-4284913.363909301,3858686.281487,-2707803.03358292,-4284792.6391085945,3858580.618770996,166.3679836097138,2533.1109764634457,1.334287871606648,3.6321571692824364,8,True,2
2328.0,300.0,-2707845.366068329,-4284894.510621305,3858712.3506032177,-2707799.919043829,-4284773.18790544,3858604.2448323225,168.73497302427725,2536.6615368380826,3.3930058176629245,7.643224783241749,8,True,2
2329.0,300.0,-2707834.9300302123,-4284869.312786553,3858715.79205573,-2707797.301037111,-4284753.462699664,3858627.8267645976,150.2500455841685,2524.7862446380045,1.3318921785269464,2.2123826034367085,7,True,2
2330.0,300.0,-2707839.083496781,-4284853.070561896,3858755.804708566,-2707795.339147869,-4284733.434515411,3858651.2852869015,164.77457687822388,2541.9954487812693,2.881971354596317,4.343481678515673,8,True,2
2331.0,300.0,-2707836.694699397,-4284828.895680194,3858764.61297548,-2707794.212317216,-4284713.022211759,3858674.585164489,152.7626270871424,2533.62337655519,0.5943935939243862,1.2415518052875996,7,True,2
2332.0,300.0,-2707837.2612323198,-4284809.571732981,3858797.5753974174,-2707793.965140531,-4284692.213575339,3858697.708781056,160.06507986696855,2544.7909984398752,1.9858112051151693,4.909761413931847,8,True,2
2333.0,300.0,-2707838.661597695,-4284792.652347384,3858825.068680335,-2707794.5380472806,-4284671.030275297,3858720.673756338,166.24414659201665,2552.459163047147,1.958754498977214,4.493129953742027,8,True,2
2334.0,300.0,-2707833.374856523,-4284754.0919818245,3858829.400830596,-2707795.7706450312,-4284649.549710728,3858743.506518737,140.43146363134454,2536.0159398669643,1.5813108459115028,3.5984293781220913,6,True,2
2335.0,300.0,-2707838.628235986,-4284742.836442439,3858856.5358340167,-2707797.6177934925,-4284627.816378877,3858766.189451826,151.90108686372974,2546.4151028822703,0.6953425412731511,0.8848132900893688,7,True,2
2336.0,300.0,-2707840.7174765305,-4284725.218741243,3858884.252444964,-2707800.1831221487,-4284605.828679004,3858788.652086239,158.22910426006027,2552.5790892828695,1.0272672921419144,1.5695263743400574,7,True,2
2337.0,300.0,-2707847.705305033,-4284702.628493144,3858909.706861505,-2707803.5766819217,-4284583.644847567,3858810.7534828912,160.92300777551452,2557.719090925275,1.3035445085593633,2.301992569118738,7,True,2
2338.0,300.0,-2707853.3459798815,-4284684.839788462,3858939.784917691,-2707807.6981740408,-4284561.288334934,3858832.5376893855,169.85479630003053,2568.499086034856,1.8633822984993458,3.4317771531641483,8,True,2
2339.0,300.0,-2707858.190129972,-4284661.320812166,3858960.0992090176,-2707812.4919044627,-4284538.770375613,3858854.031135159,168.39647741563857,2569.1038991291693,1.6142891645431519,3.2847526855766773,8,True,2
2340.0,300.0,-2707861.8370356653,-4284636.918740659,3858979.126028478,-2707818.0800668485,-4284516.085624226,3858875.154544292,165.30391365821436,2572.467630206025,1.733154883608222,3.218127254396677,8,True,2
2341.0,300.0,-2707872.2027960066,-4284615.310609598,3859005.9287464675,-2707824.4737408645,-4284493.235062112,3858895.899111585,171.1345159544966,2580.042480266247,2.349908835720271,4.611242566257715,8,True,2
2342.0,300.0,-2707878.542777543,-4284592.704312847,3859021.016971397,-2707831.616969316,-4284470.246063656,3858916.273649262,167.83687855956026,2579.381444933954,2.228996193036437,5.234873853623867,8,True,2
2343.0,300.0,-2707886.692637333,-4284568.050576567,3859039.146703021,-2707839.394237131,-4284447.1676706,3858936.3045867137,165.60892639959354,2580.6790067453667,1.168811567593366,2.6264547407627106,8,True,2
2344.0,300.0,-2707889.2125088023,-4284540.821425609,3859053.247125083,-2707847.6119096624,-4284424.074337158,3858956.044778877,157.50805890035528,2575.208316831695,1.6880521541461349,3.4314879588782787,8,True,2
2345.0,300.0,-2707901.515301744,-4284521.545875867,3859077.976542292,-2707856.184649983,-4284400.980060379,3858975.538271406,164.57394446097058,2584.1294451664185,1.0085782408714294,2.4186548180878162,8,True,2
2346.0,300.0,-2707908.265610078,-4284500.849000937,3859109.8839853136,-2707864.9051869214,-4284377.8880419,3858994.9260038887,173.8242251157223,2589.96132460345,2.9517001127824187,6.66007174924016,8,True,2
2347.0,300.0,-2707918.0227114246,-4284480.366798853,3859126.193609119,-2707873.56159117,-4284354.860340892,3859014.287254316,173.93014244046668,2588.025130083622,2.0442418307065964,4.699935793876648,8,True,2
2348.0,300.0,-2707927.1490832376,-4284455.864922305,3859142.9566520057,-2707882.189938509,-4284331.954033505,3859033.533937542,171.3142244487024,2588.118815340273,1.8418244537897408,3.8622489012777805,8,True,2
2349.0,300.0,-2707939.073783289,-4284439.412360155,3859166.6254247157,-2707890.775276641,-4284309.178573086,3859052.666054554,179.66725657866405,2594.042622060242,2.410949313081801,4.63707273080945,8,True,2
2350.0,300.0,-2707943.014145995,-4284412.451314137,3859181.82162118,-2707899.22092615,-4284286.56311834,3859071.718840289,172.88234816002523,2589.399287332276,1.6106813391670585,3.367599595338106,8,True,2
2351.0,300.0,-2707951.5682778684,-4284386.505997698,3859194.759768841,-2707907.5939255217,-4284264.081276356,3859090.674678502,166.59910591205858,2585.8153408725157,1.682340715546161,3.7771145217120647,8,True,2
2352.0,300.0,-2707964.237231037,-4284367.362887704,3859218.1526367837,-2707915.968002917,-4284241.750351961,3859109.4631025167,172.97931199509236,2588.9773015707565,0.681398056447506,1.1391258127987385,8,True,2
2353.0,300.0,-2707970.1228244165,-4284344.575207239,3859240.2368004494,-2707924.3730711136,-4284219.551441492,3859128.0841137487,174.0752913630437,2587.186729339413,1.3797690491192043,3.606753394007683,8,True,2
2354.0,300.0,-2707979.5228804434,-4284323.663672364,3859257.767321446,-2707932.8099189736,-4284197.436121422,3859146.590563933,174.5730987217905,2585.3305313650303,1.4107002350501716,3.02542357891798,8,True,2
2355.0,300.0,-2707989.623098207,-4284302.471676741,3859275.915748076,-2707941.1859987024,-4284175.406975034,3859165.044112569,175.45401274497598,2584.042374263051,1.4403215474449098,3.332980804145336,8,True,2
2356.0,300.0,-2707997.148258623,-4284277.970997999,3859290.982378482,-2707949.405155073,-4284153.460878071,3859183.515226816,171.26401428299383,2578.393016039545,1.7261529858224094,3.798894938081503,8,True,2
2357.0,300.0,-2708003.434260525,-4284261.723930915,3859316.0674381773,-2707957.467128474,-4284131.613972954,3859201.986289899,179.04213688957952,2580.0139797777892,1.5026637488044798,3.0335533022880554,8,True,2
2358.0,300.0,-2708014.0330573493,-4284238.112611891,3859328.513938072,-2707965.420653774,-4284109.82746884,3859220.4661101056,174.62696480527947,2571.7332673001774,1.465860387776047,3.00126576423645,8,True,2
2359.0,300.0,-2708022.692915549,-4284218.78611461,3859350.2825300563,-2707973.198176708,-4284088.160044739,3859238.9370708303,178.63569238279652,2571.675770973954,1.2967291520908475,2.9111281149089336,8,True,2
2360.0,300.0,-2708028.2955853287,-4284195.770921058,3859363.700566826,-2707980.6323798858,-4284066.661547621,3859257.4608298414,173.86170704610623,2562.897133710123,1.0223689922131598,2.1510687954723835,8,True,2
2361.0,300.0,-2708038.1179973306,-4284177.079018244,3859388.389555755,-2707987.359764553,-4284045.386009051,3859276.231167483,180.27465413786118,2563.3176907981447,2.0786690185777843,4.610613688826561,8,True,2
2362.0,300.0,-2708044.230830626,-4284159.734119458,3859406.202641731,-2707993.209409346,-4284024.377568934,3859295.31854721,182.26317131264213,2557.1258309466557,1.8744763256981969,3.9448883421719074,8,True,2
2363.0,300.0,-2708048.840310973,-4284134.744827006,3859422.5059522586,-2707998.2963012755,-4284003.619466782,3859314.661309133,177.1412545434211,2546.537057600998,1.3551443507894874,2.32750154286623,8,True,2
2364.0,300.0,-2708053.0014771842,-4284114.656909788,3859446.406304095,-2708002.5645000627,-4283983.139080086,3859334.2682591695,180.04379831150766,2543.5110151721065,0.9144047275185585,1.8725314736366272,8,True,2
2365.0,300.0,-2708058.737502195,-4284097.84937557,3859463.6817565104,-2708005.9802361946,-4283962.965748908,3859354.130586873,181.59950612913357,2536.277156092929,1.5650468417443335,3.0771009996533394,8,True,2
2366.0,300.0,-2708060.86540148,-4284072.310777669,3859486.1629473125,-2708008.6180254794,-4283943.068351697,3859374.230673784,178.7798277973421,2528.082057896927,1.9353001927956939,4.373541943728924,8,True,2
2367.0,300.0,-2708068.593335735,-4284065.817778159,3859516.24875135,-2708010.4033667315,-4283923.4780096365,3859394.5861338754,196.08282608755314,2532.7830546318714,2.2363329769245217,4.297580644488335,7,True,3
2368.0,300.0,-2708068.7428248613,-4284045.09480658,3859540.3130110707,-2708011.287798264,-4283904.217372118,3859415.20577284,196.97551289361144,2526.503932639979,3.518684223294258,6.612540356814861,7,True,3
2369.0,300.0,-2708064.6730065146,-4284020.599093119,3859555.891291394,-2708011.3716135584,-4283885.26298703,3859436.045548195,188.4672445420628,2509.723344662167,1.479900877457112,3.3864644169807434,8,True,2
2370.0,300.0,-2708063.834858051,-4284002.878681383,3859566.7825897983,-2708010.7814039565,-4283866.566788808,3859457.070225961,182.8453002606663,2494.638654217525,1.1795376669615507,2.9258895814418793,8,True,2
2371.0,300.0,-2708063.5398069965,-4283986.786642876,3859597.343272019,-2708009.450145073,-4283848.155170694,3859478.297420288,190.5683379286949,2488.4946904876474,2.1280170804820955,5.390947934240103,8,True,2
2372.0,300.0,-2708061.1562982984,-4283967.490485611,3859614.9816612783,-2708007.313901231,-4283830.09251792,3859499.700705476,187.2615924806096,2475.9310821346967,1.5099867121316493,3.1834978610277176,8,True,2
2373.0,300.0,-2708055.729482085,-4283949.345346187,3859627.0605916507,-2708004.3840249856,-4283812.363667085,3859521.28888772,180.52143841337818,2457.3067965525847,1.2246675023010798,2.38234044238925,7,True,2
2374.0,300.0,-2708056.1967277084,-4283935.858651851,3859653.7350379596,-2708000.62340027,-4283794.976104347,3859543.079580952,187.56576734429777,2450.155272937586,0.8860052088275552,2.1737930178642273,8,True,2
2375.0,300.0,-2708051.831669074,-4283916.98120433,3859679.5106707034,-2707995.976089721,-4283777.95720215,3859565.081591024,188.5246222735135,2440.8290953520723,1.7040712524737631,2.7725388780236244,7,True,2
2376.0,300.0,-2708046.422066289,-4283898.364201436,3859695.73862638,-2707990.586984856,-4283761.271291114,3859587.233261195,183.53592741735264,2423.969569127279,3.0994473537430167,7.071084078401327,8,True,2
2377.0,300.0,-2708036.226188431,-4283884.448698076,3859734.789416604,-2707984.5870617214,-4283744.827585184,3859609.543397749,194.54361930366403,2422.79758566263,2.666568275075406,6.486316099762917,8,True,2
2378.0,300.0,-2708031.208902803,-4283865.489213724,3859750.401654672,-2707977.950287252,-4283728.634551198,3859632.0208068416,188.62583046431178,2401.0842223283776,1.968607747927308,5.539943389594555,8,True,2
2379.0,300.0,-2708027.5147854486,-4283854.787550668,3859773.1781856413,-2707970.396427933,-4283712.8613496525,3859654.674294497,193.51673187706336,2393.953958314435,0.3952395681824003,0.9896742440760136,7,True,2
2380.0,300.0,-2708017.2225578222,-4283837.215580456,3859788.3651129454,-2707961.7128017363,-4283697.61845917,3859677.530281981,186.6897132866006,2376.5390483071114,1.774403804647071,2.904888439923525,7,True,2
2381.0,300.0,-2708006.06928425,-4283822.520944017,3859810.122914945,-2707952.141753928,-4283682.792624333,3859700.544728925,185.57898776469338,2366.660738441559,1.2935119766209806,2.2495684772729874,7,True,2
2382.0,300.0,-2707991.747333779,-4283805.546499659,3859829.234983214,-2707941.791310815,-4283668.33952141,3859723.6912108087,180.16894017634263,2352.6442676015313,1.3659110361976283,2.241616502404213,7,True,2
2383.0,300.0,-2707986.955288941,-4283792.065589985,3859858.010775306,-2707930.653483832,-4283654.296155573,3859746.934495871,185.7101240370383,2348.556562480418,1.740601159632206,2.345218624919653,7,True,2
2384.0,300.0,-2707977.2197188833,-4283780.336566393,3859894.970263759,-2707918.7349783424,-4283640.706222418,3859770.2217377145,196.1613942272052,2351.4715443956543,1.6627893382683396,3.9320397153496742,8,True,2
2385.0,300.0,-2707964.433011637,-4283766.669323772,3859912.947921619,-2707906.2709172773,-4283627.445054608,3859793.526513271,192.42582757071355,2340.612559443129,0.630467526614666,1.4587558954954147,8,True,2
2386.0,300.0,-2707950.0916482112,-4283755.925384911,3859937.9933486436,-2707893.5121508464,-4283614.330106108,3859816.8752448666,194.7307309176299,2334.6042719107327,1.9430380598641932,3.9344126284122467,8,True,2
2387.0,300.0,-2707936.563590217,-4283736.741708487,3859955.997242167,-2707880.540920567,-4283601.309386306,3859840.267932038,186.74508461811334,2321.87684465821,0.8684514993801713,1.905847866088152,8,True,2
2388.0,300.0,-2707927.09299097,-4283730.696616291,3859983.8777557113,-2707867.505458372,-4283588.369086234,3859863.6164999073,195.62865204462,2320.106299318548,1.2459017359651625,3.3470145277678967,8,True,2
2389.0,300.0,-2707910.0330725587,-4283715.449716599,3860009.7706770687,-2707854.6426747413,-4283575.503259409,3859886.762415546,194.38142774737537,2312.628925715285,2.3764497046358883,5.139539767056704,8,True,2
2390.0,300.0,-2707900.216891386,-4283703.93316952,3860036.9686259767,-2707842.012379873,-4283562.674100605,3859909.705681064,198.84100899760813,2310.1306908726915,1.9928128067404032,3.941049709916115,8,True,2
2391.0,300.0,-2707887.1488387967,-4283690.299617904,3860050.4721989697,-2707829.549617262,-4283549.778858413,3859932.604830856,192.24065812267503,2300.643729979222,2.0050188088789582,4.4530897699296474,8,True,2
2392.0,300.0,-2707872.594474565,-4283680.043217595,3860074.191677129,-2707817.036296806,-4283536.80359074,3859955.627204456,194.0665761989453,2297.1694397984074,2.031412608921528,3.0691702254116535,7,True,2
2393.0,300.0,-2707859.1683203503,-4283659.315649884,3860088.425645662,-2707804.3669753885,-4283523.862890414,3859978.719956848,182.71829578840507,2282.9440349444835,1.0966866165399551,2.600162234157324,7,True,2
2394.0,300.0,-2707853.630935041,-4283655.96662327,3860126.8492723596,-2707791.6200238494,-4283510.915204281,3860001.87428004,201.25609546730928,2293.0755557953557,0.7313852134559836,1.327768873423338,7,True,2
2395.0,300.0,-2707835.1656428427,-4283637.525178457,3860137.686183018,-2707778.877679557,-4283497.908545467,3860025.090173391,187.98670272685047,2281.5897512454308,0.9039121046662331,1.8314340114593506,7,True,2
2396.0,300.0,-2707825.885090848,-4283628.139741959,3860184.3720121174,-2707766.113387734,-4283484.883669617,3860048.3412146657,206.39606733523055,2294.8574956106204,2.6769550531171262,6.461804386228323,8,True,2
2397.0,300.0,-2707809.6625745865,-4283613.284813529,3860189.4364830074,-2707753.331015516,-4283471.830141441,3860071.6362106567,192.50863089402228,2279.6225465641396,1.9361242055892944,4.749529078602791,8,True,2
2398.0,300.0,-2707803.4785443693,-4283606.32195299,3860223.3402618403,-2707740.538297116,-4283458.7270908095,3860094.992775178,205.4721280344334,2287.037743289755,0.9351562969386578,1.6426410600543022,7,True,2
2399.0,300.0,-2707783.990158396,-4283588.391954796,3860234.899351073,-2707727.7429664177,-4283445.553647472,3860118.4285217873,192.69660796011595,2274.5495425408462,2.1030003832919255,3.3542169332504272,7,True,2
2400.0,300.0,-2707777.509566825,-4283579.252816021,3860271.5774646257,-2707714.8926906665,-4283432.342891656,3860141.943449647,205.69000193590523,2284.521186260015,1.8593241404742002,4.158513229340315,8,True,2
2401.0,300.0,-2707758.7304540756,-4283562.0148967365,3860288.776899084,-2707701.9614327988,-4283419.1032906445,3860165.546364964,197.05890863401214,2276.4381679827984,1.8236722918227315,3.720363847911358,8,True,2
2402.0,300.0,-2707743.398477186,-4283537.479797566,3860297.820409876,-2707688.9043369736,-4283405.863197746,3860189.2372667976,179.11683233735562,2262.066128402342,2.195409160107374,4.487948793917894,8,True,2
2403.0,300.0,-2707730.724934343,-4283531.654598621,3860329.063248781,-2707675.750790943,-4283392.635995732,3860212.980926293,189.27079538584718,2268.509557292986,1.959433516221387,2.8896485678851604,7,True,2
2404.0,300.0,-2707721.951991954,-4283522.273100611,3860357.8788230005,-2707662.641805016,-4283379.396469697,3860236.706887296,196.50462574244378,2273.7229460972558,1.8626918839290738,4.693465296179056,8,True,2
2405.0,300.0,-2707710.775657112,-4283509.441659489,3860383.1404960873,-2707649.663480628,-4283366.082202184,3860260.423956912,198.35821409877644,2275.8453378681475,0.9761613174341619,2.3001307398080826,8,True,2
2406.0,300.0,-2707703.5924828746,-4283507.240218944,3860440.080936047,-2707636.837986274,-4283352.695161403,3860284.114521465,229.49043575761362,2301.0156017201916,5.546545190115769,9.795000672340393,9,True,2
2407.0,300.0,-2707685.568626783,-4283492.982923942,3860455.9572233553,-2707624.203215766,-4283339.179432193,3860307.81380865,222.1884314360162,2296.620154755922,4.19160222960636,6.119378801435232,8,True,2
2408.0,300.0,-2707674.3221366345,-4283480.899403684,3860484.396271351,-2707611.875686903,-4283325.421407702,3860331.565852492,226.78206112255913,2300.11102896547,5.995501664467156,8.866239242255688,8,True,2
2409.0,300.0,-2707659.833128639,-4283456.122328475,3860485.956416373,-2707600.140249461,-4283311.193082488,3860355.42349317,203.97688645244668,2284.5491721559274,1.654517412185669,3.3369841761887074,8,True,2
2410.0,300.0,-2707655.817541091,-4283453.9863580875,3860539.9924806636,-2707589.2178179347,-4283296.330837755,3860379.4131498304,234.68384628359178,2307.452167992928,6.52150407852605,9.739567767828703,8,True,2
2411.0,300.0,-2707642.0241475995,-4283434.090795579,3860549.3345855353,-2707579.1638062936,-4283280.83959728,3860403.4907874074,220.69835917293335,2295.802069227944,6.220470767933875,9.037467267364264,8,True,2
2412.0,300.0,-2707628.9732474512,-4283410.115777093,3860559.653335111,-2707569.9704707856,-4283264.740236376,3860427.6387915495,205.0444225154647,2285.3571688647085,4.4072753502987325,5.772475749254227,8,True,2
2413.0,300.0,-2707626.8021836276,-4283403.7194239395,3860600.400130551,-2707561.663579471,-4283248.040437083,3860451.830741502,224.83738137283797,2303.1258226449786,3.599374254234135,5.473748113960028,8,True,2
2414.0,300.0,-2707611.0214535594,-4283380.859961443,3860621.3557604933,-2707554.268900075,-4283230.747881434,3860476.0402168864,216.49733509978236,2298.2798861262754,4.625960795208812,7.400408003479242,8,True,2
2415.0,300.0,-2707614.669299845,-4283369.780061953,3860652.5665395786,-2707547.621700424,-4283212.982680947,3860500.2496043113,228.6509305640059,2310.629888160665,2.697871955577284,5.864960256963968,8,True,2
2416.0,300.0,-2707608.1738402084,-4283349.918676007,3860674.6865808335,-2707541.725580396,-4283194.750548642,3860524.450097209,225.9723876799772,2312.619308251636,4.709774537477642,9.746755596250296,8,True,2
2417.0,300.0,-2707594.1951524946,-4283320.782864115,3860662.726743363,-2707536.7442212948,-4283175.995959845,3860548.588856457,193.10959160835205,2291.863909578104,1.8530021565301078,3.4116169288754463,7,True,2
2418.0,300.0,-2707592.4663323467,-4283304.1775595965,3860685.7135333596,-2707532.7925829613,-4283156.702179147,3860572.604237195,195.20158063723756,2295.2654273200314,1.7666200356824058,2.9106398597359657,7,True,2
2419.0,300.0,-2707589.522457572,-4283279.624129729,3860706.233674285,-2707529.8923090794,-4283136.90346836,3860596.443401919,189.6809049352897,2297.5176824259065,2.0842730088957717,3.580851446837187,7,True,2
2420.0,300.0,-2707590.898889175,-4283268.154672911,3860761.7705707713,-2707528.0132293277,-4283116.634878227,3860620.0887396336,216.76391690113542,2326.200652475486,3.650771093554795,9.450839705765247,8,True,3
2421.0,300.0,-2707585.6107455157,-4283242.025053372,3860764.4081708877,-2707527.024127668,-4283096.003325949,3860643.513833171,198.41919655655573,2313.5102119316343,1.614444829057902,3.254640530794859,8,True,2
2422.0,300.0,-2707591.339637349,-4283228.373662231,3860808.0967596206,-2707526.74223328,-4283075.10037208,3860666.745103993,218.2792171388354,2333.2527262486055,3.175303132738918,7.086280927062035,8,True,3
2423.0,300.0,-2707587.3842204036,-4283211.2870927565,3860831.1923497105,-2707527.1672826973,-4283053.94216353,3860689.764941425,219.96640233093007,2339.123742884982,3.8968421798199415,8.637656766921282,8,True,3
2424.0,300.0,-2707588.895619743,-4283178.829107383,3860838.412258833,-2707528.4369212817,-4283032.481642374,3860712.529316062,202.28531833780082,2327.469821089938,1.6723652077572686,3.7338460981845856,7,True,3
2425.0,300.0,-2707586.2868128945,-4283156.903646239,3860851.8882661564,-2707530.661988433,-4283010.728652735,3860734.9501676224,195.2838157937645,2328.139760414204,2.7112016401120593,4.555656712502241,7,True,2
2426.0,300.0,-2707594.417886904,-4283136.265051587,3860883.397485538,-2707534.0358070787,-4282988.624912807,3860756.9570494895,203.5455477554155,2339.60418040175,0.6073059381118843,0.9831558763980865,7,True,2
2427.0,300.0,-2707599.21900545,-4283114.80229831,3860899.443337708,-2707538.58414634,-4282966.178101834,3860778.5235470654,200.9660013199506,2339.762894188132,1.1251666913075107,2.032887376844883,7,True,2
2428.0,300.0,-2707601.1044232133,-4283084.477307308,3860919.349791501,-2707544.113666325,-4282943.446503148,3860799.720114264,193.5171665991828,2338.8592152713964,0.61216532013246,1.1374801844358444,7,True,2
2429.0,300.0,-2707610.188775122,-4283064.872202124,3860934.530412443,-2707550.3936537798,-4282920.512027314,3860820.617204023,193.36891079022072,2342.2158290068014,1.671712112213884,3.20279148966074,7,True,2
2430.0,300.0,-2707617.0051308107,-4283042.806548462,3860964.5822356436,-2707557.452724304,-4282897.436497965,3860841.126757669,199.80038975019258,2349.493838650065,1.325703292552914,2.8968271799385548,7,True,2
2431.0,300.0,-2707617.7377993856,-4283015.336264184,3860977.822875544,-2707565.4909096444,-4282874.205341191,3860861.1254930575,190.43622027225618,2347.08072354385,1.5776251655604159,2.891387168318033,7,True,2
2432.0,300.0,-2707635.4214823386,-4283001.349051357,3861010.2791408943,-2707574.623172409,-4282850.801817604,3860880.551772109,207.82226611451972,2365.7168286806823,1.0163235488746847,2.4620354808866978,7,True,2
2433.0,300.0,-2707638.7447069082,-4282969.750146091,3861012.571436316,-2707584.7750124214,-4282827.257035297,3860899.423211972,189.78813244970638,2355.525570893569,2.0514947479324683,3.4010749980807304,7,True,2
2434.0,300.0,-2707653.5707035847,-4282950.944351023,3861035.5265839347,-2707595.78711781,-4282803.583792007,3860917.836683895,197.24347824448438,2362.97361530047,1.6154760462897164,3.9233133606612682,7,True,2
2435.0,300.0,-2707667.2373096338,-4282925.642357091,3861059.6790339407,-2707607.6558740954,-4282779.776374418,3860935.8009976954,200.431036084701,2371.5035525359717,2.0228468546909943,2.8114297203719616,7,True,2
2436.0,300.0,-2707679.4834313644,-4282899.326204768,3861075.581899239,-2707620.481294225,-4282755.827491421,3860953.254514999,197.57814113484827,2375.667778430505,1.1376970394381456,1.6405281275510788,7,True,2
2437.0,300.0,-2707692.857848259,-4282876.259792856,3861093.538814046,-2707634.3373563928,-4282731.738317742,3860970.144403948,198.83984807079534,2379.8889647349056,1.117554975407464,1.418829284608364,7,True,2
2438.0,300.0,-2707704.4346894477,-4282847.17927314,3861106.7744043316,-2707649.264784439,-4282707.507074058,3860986.444250955,192.43541105174936,2379.298714139594,1.9967155392680849,3.7840015292167664,7,True,2
2439.0,300.0,-2707722.5140894633,-4282826.72691503,3861124.483366895,-2707665.189080812,-4282683.164864842,3861002.171672226,197.12019055351877,2384.0707168465574,1.529996452054807,2.02484293282032,7,True,2
2440.0,300.0,-2707738.4684302313,-4282800.698064585,3861135.4017440723,-2707682.117715852,-4282658.706956672,3861017.326671814,193.07666981387223,2383.0122991931685,1.6395432762801647,2.9274365603923798,7,True,2
2441.0,300.0,-2707756.5054984437,-4282775.5664108135,3861150.2440229454,-2707700.1164307506,-4282634.187683399,3861031.8035828583,192.86215120835945,2385.8936773733653,1.7121197022497654,2.733947165310383,8,True,2
2442.0,300.0,-2707776.081585202,-4282756.513113,3861186.113916477,-2707719.2249345365,-4282609.669845224,3861045.5055451095,211.107408952679,2403.3170356320215,4.989979499019682,7.468082562088966,8,True,2
2443.0,300.0,-2707801.9263800844,-4282738.397159146,3861201.024214832,-2707739.4135816577,-4282585.156189137,3861058.45017507,218.44450478431656,2409.103927925385,4.877739577088505,8.773226831108332,8,True,2
2444.0,300.0,-2707820.084368758,-4282709.611895293,3861217.029635378,-2707760.656337084,-4282560.655171487,3861070.6462830063,217.13563127095495,2412.2917402370476,5.265237218234688,10.192542411386967,8,True,2
2445.0,300.0,-2707842.3738797717,-4282686.49640866,3861221.4823747664,-2707782.9488281803,-4282536.209507938,3861082.049843871,213.44535590466006,2408.741788762871,2.507640637923032,3.7989914752542973,8,True,2
2446.0,300.0,-2707863.1318664947,-4282653.223806901,3861233.8496723725,-2707806.2797167297,-4282511.834347602,3861092.652055917,207.7496402559835,2408.7403141627,3.4725218708626926,7.640908427536488,8,True,2
2447.0,300.0,-2707888.270741122,-4282634.420924324,3861241.610077144,-2707830.633294201,-4282487.587566848,3861102.4000881487,210.38424653774587,2410.1141242798553,3.9982979028589196,9.26235206052661,9,True,2
2448.0,300.0,-2707908.278972275,-4282603.673062675,3861243.971209308,-2707855.928358885,-4282463.456554576,3861111.364390654,199.96455740787079,2401.2603750628105,4.947477360152536,9.117108814418316,9,True,2
2449.0,300.0,-2707930.306887971,-4282578.289200554,3861243.4328993177,-2707881.8228038205,-4282439.313923202,3861119.923615186,192.14415785410486,2395.6690719649846,5.233899571829372,8.118335857987404,9,True,2
2450.0,300.0,-2707957.6322024604,-4282555.7996362075,3861257.6499088593,-2707907.9747712584,-4282415.016145205,3861128.4740229496,197.41393393821127,2394.495966112509,5.96088868420985,12.457388579845428,9,True,2
2451.0,300.0,-2707981.004480319,-4282530.619640224,3861259.4029385094,-2707934.3358013104,-4282390.585863403,3861137.024419737,191.73921379826442,2388.059413384993,4.770296167996195,9.474654842168093,9,True,2
2452.0,300.0,-2708016.2759147077,-4282504.519206959,3861283.424617296,-2707960.8492023246,-4282366.098886265,3861145.5307768136,203.09361602339885,2396.0305486440348,4.000378811266273,7.081161864101887,8,True,2
2453.0,300.0,-2708034.8990611797,-4282478.222455482,3861283.724640775,-2707987.413693405,-4282341.64323571,3861153.96667714,194.28297031081624,2385.5565452078417,4.853549939890702,8.51884751394391,9,True,2
2454.0,300.0,-2708068.9355230895,-4282461.738534629,3861291.142086248,-2708013.887773372,-4282317.276419912,3861162.3673438826,201.20261332477708,2384.2258499037107,5.730264135532909,10.376712583005428,9,True,2
2455.0,300.0,-2708092.7313990733,-4282427.679829692,3861305.943535821,-2708040.135320747,-4282292.948637237,3861170.882474308,197.889696580304,2382.509135342118,4.399382000168164,7.955993324518204,9,True,2
2456.0,300.0,-2708119.475779143,-4282404.369064296,3861313.2974924175,-2708066.1491150204,-4282268.648471768,3861179.5296793794,197.88289503519084,2380.113162838047,3.077418100554496,4.676131475716829,8,True,2
2457.0,300.0,-2708146.308271149,-4282388.056709653,3861337.569847919,-2708092.0196817773,-4282244.502527072,3861188.1064276975,214.2297090898501,2386.716802118473,6.397784535307437,7.6205987595021725,8,True,2
2458.0,300.0,-2708175.2552770334,-4282365.287936578,3861356.7737738746,-2708117.579996596,-4282220.544495575,3861196.691970653,223.39043267219705,2390.4600016416184,7.250952651258558,12.29728913679719,8,True,2
2459.0,300.0,-2708184.68052479,-4282329.306910499,3861322.2371725235,-2708142.590816435,-4282196.693876996,3861205.541672578,181.59184979478167,2353.3776311397114,6.4721842971112995,12.525398522615433,9,True,2
2460.0,300.0,-2708220.378908829,-4282308.395782851,3861348.4411494103,-2708166.908544951,-4282172.905606451,3861214.805228562,197.67454832341647,2359.031041393833,4.76274663168523,8.296691935509443,9,True,2
2461.0,300.0,-2708239.525164532,-4282280.708569324,3861349.726702339,-2708190.367666397,-4282149.116508753,3861224.667555376,188.0763681786239,2344.7491336552253,2.8917535435822277,6.027065344154835,9,True,2
2462.0,300.0,-2708255.700886061,-4282250.842609793,3861360.5663570804,-2708212.989848408,-4282125.360854448,3861235.075816584,182.53158470798152,2337.643578177137,3.4442947609350085,6.966123886406422,8,True,2
2463.0,300.0,-2708283.004568864,-4282234.762274364,3861374.100937093,-2708234.864022861,-4282101.630372437,3861245.977175944,190.93798378341876,2331.694650106206,3.916956254746765,6.0120615139603615,8,True,2
2464.0,300.0,-2708303.247647945,-4282206.4213468805,3861379.3012764417,-2708256.03864424,-4282077.9024210805,3861257.362825434,183.34336681131927,2320.014731366364,4.923910977784544,7.683916345238686,8,True,2
2465.0,300.0,-2708322.151438084,-4282180.587554809,3861396.3948188145,-2708276.658067693,-4282054.173640447,3861269.135901152,185.05392894620843,2315.175613858022,4.569770011585206,8.676087703555822,8,True,2
2466.0,300.0,-2708340.2002011635,-4282157.81924427,3861402.917980946,-2708296.7779691224,-4282030.432804881,3861281.269984341,181.41397480285048,2301.9301260691545,3.7571925264783204,5.019008122384548,8,True,2
2467.0,300.0,-2708362.279606186,-4282133.621715692,3861414.080277982,-2708316.3026979733,-4282006.644490822,3861293.870739637,180.79663944209227,2290.8973713348287,3.9416569378226995,7.4278051145374775,8,True,2
2468.0,300.0,-2708377.1986775524,-4282104.9464350995,3861424.1858455967,-2708335.195889157,-4281982.767752919,3861307.008608663,174.42009479329266,2276.725133248275,5.199509542849329,10.903277512639761,9,True,2
2469.0,300.0,-2708396.4510631203,-4282084.1587031325,3861438.021816683,-2708353.5575557817,-4281958.795295482,3861320.6219496303,177.027019784139,2267.578961414728,2.9543372123605676,5.785938739776611,9,True,2
2470.0,300.0,-2708410.7330116625,-4282060.658792798,3861446.9736964307,-2708371.4245623727,-4281934.735780906,3861334.675537633,173.24155269171658,2253.078707285976,4.592156538118918,8.142985966056585,9,True,2
2471.0,300.0,-2708431.726762632,-4282032.432930805,3861464.632976895,-2708388.807742125,-4281910.606342293,3861349.142953454,173.2677278204482,2242.296814675552,3.229104566387832,6.034928668290377,8,True,2
2472.0,300.0,-2708446.8916294635,-4282005.567847903,3861481.0295232083,-2708405.7032323214,-4281886.417420043,3861364.015388937,172.0046980102998,2230.9362215065403,3.5179778425954282,6.326204344630241,8,True,2
2473.0,300.0,-2708459.172166616,-4281984.797349214,3861491.317953457,-2708422.254385744,-4281862.230232459,3861379.125538042,170.21386174715843,2215.009543748881,4.357928065376149,8.781743731349707,9,True,2
2474.0,300.0,-2708483.0606645006,-4281959.999903953,3861506.97080629,-2708438.733214231,-4281838.160519001,3861394.1564041018,171.86287532172153,2207.1735792437953,3.8911917777732015,4.68826987221837,8,True,2
2475.0,300.0,-2708495.090389836,-4281933.278143904,3861524.1749032624,-2708455.238985264,-4281814.249418122,3861408.9935174687,170.36056950215973,2195.2545459213316,4.875948058441281,7.8876355439424515,8,True,2
2476.0,300.0,-2708512.973433333,-4281910.302444056,3861541.8312287116,-2708471.668326836,-4281790.482377343,3861423.724933229,173.23988352117846,2185.044479862569,3.7920185867697,4.994052793830633,8,True,2
2477.0,300.0,-2708522.8477309374,-4281883.349603919,3861545.7482567816,-2708488.014018911,-4281766.84797857,3861438.368262806,162.2235473317047,2162.57910569666,3.062360537238419,5.921565011143684,8,True,2
2478.0,300.0,-2708541.520643855,-4281858.616278601,3861563.4321196587,-2708504.3794406923,-4281743.360776091,3861452.835453373,163.99671467656435,2153.9036094771636,3.4393386761657894,6.528671741485596,8,True,2
2479.0,300.0,-2708559.455947827,-4281836.382794577,3861575.035133366,-2708520.7253633416,-4281719.925669237,3861467.2585859015,163.33433319525435,2140.950010401512,3.7815188858658075,7.499360058456659,8,True,2
2480.0,300.0,-2708575.476452389,-4281812.774175746,3861591.268097192,-2708537.0901493914,-4281696.454434503,3861481.708103102,164.33862225823282,2128.98898407376,4.019810660276562,7.619361005723476,8,True,2
2481.0,300.0,-2708589.2378423777,-4281789.230315127,3861601.6688765665,-2708553.836485788,-4281672.941489772,3861495.9374568593,161.10704535875973,2113.7516787197146,4.0123196434643535,7.311917416751385,9,True,2
2482.0,300.0,-2708604.559521338,-4281761.856918111,3861609.3552595135,-2708571.1520678634,-4281649.451974309,3861509.744127482,153.86132380632424,2094.784898394997,4.53002483687467,8.999835401773453,9,True,2
2483.0,300.0,-2708624.409258427,-4281743.7768611815,3861628.735266028,-2708589.0667867656,-4281625.966973953,3861523.128117599,162.1145571231377,2084.970299503476,3.7401868833435907,7.636262368410826,9,True,2
2484.0,300.0,-2708642.366195738,-4281718.531954455,3861637.0411405326,-2708607.768339533,-4281602.551624991,3861535.886909449,157.73594055481152,2069.7700146767174,2.919462086425887,5.65128181502223,9,True,2
2485.0,300.0,-2708661.481731983,-4281695.644081091,3861654.8904401804,-2708627.381030723,-4281579.3031710405,3861547.826791896,161.74266586670564,2058.5333791688317,3.1699981528023877,5.767357461154461,9,True,2
2486.0,300.0,-2708681.101160582,-4281669.726970915,3861665.5307925534,-2708647.816183856,-4281556.213744904,3861559.018210946,159.17937113737634,2042.2508347853575,4.7844250823060674,11.326514147222042,9,True,2
2487.0,300.0,-2708705.8867401453,-4281652.604409479,3861671.336496489,-2708668.9920986583,-4281533.303046592,3861569.49639112,161.13794344835316,2026.695259559407,4.459125056862831,8.296185616403818,9,True,2
2488.0,300.0,-2708726.2287799567,-4281626.850427469,3861685.9855757835,-2708690.8783918344,-4281510.622272468,3861579.22611509,161.72883602794496,2011.3603995444441,5.558925056623088,10.068475157022476,9,True,2
2489.0,300.0,-2708749.3723417358,-4281606.265316431,3861694.3772234214,-2708713.3013215195,-4281488.161409472,3861588.339463562,162.7687250503811,1997.5913932030858,5.114003557297918,9.835469465702772,9,True,2
2490.0,300.0,-2708772.276732538,-4281585.664938722,3861702.6181583535,-2708736.216800452,-4281465.900375703,3861596.889269969,163.77566087808913,1984.057960926565,4.276779717455308,7.665470018982887,9,True,2
2491.0,300.0,-2708797.280708509,-4281564.184561121,3861710.510815094,-2708759.737560742,-4281443.96772582,3861604.6554079815,164.5203411409461,1967.5374448901562,3.5466899768345885,8.25927472114563,9,True,2
2492.0,300.0,-2708821.168452287,-4281538.970851138,3861717.953552438,-2708783.952041467,-4281422.387455535,3861611.5498290383,162.1681279350876,1948.787730309315,4.276962944616874,6.317320130765438,9,True,2
2493.0,300.0,-2708845.446904547,-4281514.306915992,3861723.6921459655,-2708808.7241131966,-4281401.109767759,3861617.722222932,159.34799139082136,1932.245519724362,3.5711232701109514,5.761334758251905,9,True,2
2494.0,300.0,-2708871.8032372883,-4281497.477564019,3861728.3294253014,-2708833.9390729684,-4281380.135273054,3861623.251837707,162.00064074924185,1916.918852193378,4.251189576668872,7.480158217251301,9,True,2
2495.0,300.0,-2708898.6840119236,-4281479.850120117,3861734.8462972813,-2708859.5460082125,-4281359.648094746,3861627.9713779,165.53718201810992,1903.4308807339157,5.479913351022535,9.456806939095259,9,True,2
2496.0,300.0,-2708920.9672454013,-4281454.031282617,3861733.30983637,-2708885.378808032,-4281339.865271728,3861631.757573769,156.88619109451088,1883.8094253400102,4.794351809968551,9.493931144475937,9,True,2
2497.0,300.0,-2708945.868249782,-4281437.259452541,3861738.632284415,-2708911.368105839,-4281320.72675959,3861634.7248932114,159.89644900765714,1866.8449791564783,4.721968799415562,7.991599578410387,9,True,2
2498.0,300.0,-2708971.3621332822,-4281419.737620364,3861740.6879405836,-2708937.4566055727,-4281302.108907736,3861637.049439271,160.39650182628213,1851.251480724936,4.522389750927687,8.958615973591805,9,True,2
2499.0,300.0,-2708996.9660186595,-4281392.476446681,3861742.8309965446,-2708963.718142105,-4281283.781105057,3861638.9337298,153.99591105944833,1830.289019557975,3.831528132160505,7.322696950286627,9,True,2
2500.0,300.0,-2709021.0342980786,-4281376.668747401,3861750.6079342826,-2708990.155681292,-4281265.549581446,3861640.589087393,159.3897885314628,1812.4654727335887,6.50049287867215,14.0460125207901,9,True,2
2501.0,300.0,-2709047.8400234953,-4281359.340085186,3861746.3762033116,-2709016.744675051,-4281247.325924933,3861642.1299784007,156.14534319109939,1791.7594280789326,4.889206756320265,9.312406610697508,9,True,2
2502.0,300.0,-2709078.165849632,-4281344.109514036,3861750.4581835177,-2709043.485616433,-4281229.077838203,3861643.591623256,160.79635170589668,1777.4731731065792,4.720520960374011,9.258796155452728,9,True,2
2503.0,300.0,-2709103.267649568,-4281325.643181785,3861750.855905405,-2709070.274634272,-4281210.823071674,3861645.0268525295,159.599452306778,1755.371590003746,5.601612196200424,9.177615784108639,9,True,2
2504.0,300.0,-2709130.9031485724,-4281308.542475919,3861754.851496299,-2709096.975341571,-4281192.527992702,3861646.567742511,162.28317145781674,1738.086487014486,5.574909654756387,11.010206077247858,9,True,2
2505.0,300.0,-2709160.7123777247,-4281288.709768927,3861753.550621877,-2709123.5590799814,-4281174.130779648,3861648.302343948,159.95596995530047,1717.9851148462283,3.8172965981066227,8.002469971776009,9,True,2
2506.0,300.0,-2709184.862385013,-4281268.556732114,3861753.582592497,-2709150.0406228867,-4281155.390206134,3861650.486003999,156.9972110580173,1695.55928503299,4.0341769605875015,7.2581601701676846,9,True,2
2507.0,300.0,-2709211.8065804257,-4281251.436763435,3861755.952594469,-2709176.2976117837,-4281136.079857659,3861653.453315097,158.34836543524008,1673.3611516494964,4.4745405531591835,6.704461608082056,9,True,2
2508.0,300.0,-2709233.6790092103,-4281224.854453947,3861757.92933084,-2709202.101599512,-4281116.136404219,3861657.433208024,151.38103527506567,1646.9727017778766,4.746154827790128,9.60339442268014,9,True,2
2509.0,300.0,-2709260.270565003,-4281209.460381928,3861766.6212655418,-2709227.3330219374,-4281095.635508342,3861662.425680966,157.79006126869936,1628.2156438651086,4.467280354350805,8.53544295579195,9,True,2
2510.0,300.0,-2709282.7615857967,-4281182.827366941,3861772.85622649,-2709252.0082140444,-4281074.718756659,3861668.263435584,153.53466514327445,1603.1199436976333,4.871560105846988,9.905296172946692,9,True,2
2511.0,300.0,-2709310.119549216,-4281165.832683621,3861774.5438769576,-2709276.164035283,-4281053.394808712,3861674.9112494686,154.0191971825599,1581.3103950594657,4.608073144323296,9.5024348013103,9,True,2
2512.0,300.0,-2709339.4867186197,-4281142.509777704,3861796.8672591923,-2709299.791599593,-4281031.517363979,3861682.536415896,164.21498137518083,1562.6957918891922,4.080472404344214,7.435112435370684,9,True,2
2513.0,300.0,-2709351.370602428,-4281122.916709873,3861781.438169475,-2709322.8499225117,-4281009.104362241,3861691.1477365377,148.05080863136553,1524.7348218140642,7.429016745752758,12.383716709911823,9,True,2
2514.0,300.0,-2709369.697783963,-4281096.244730376,3861788.1238561566,-2709345.277502717,-4280986.306670998,3861700.621937382,142.61596272873325,1495.496150155153,6.690474407954349,12.090365778654814,9,True,2
2515.0,300.0,-2709401.158575576,-4281075.289049185,3861814.908075002,-2709366.9480477488,-4280963.156243161,3861711.011844743,156.64786325690287,1484.9402982292302,2.674988350830972,4.787716828286648,8,True,2
2516.0,300.0,-2709419.1194592565,-4281047.942916258,3861820.815408722,-2709387.676961925,-4280939.625978555,3861722.475944053,149.6390321518858,1454.4697118356328,3.564273128286004,7.2548964358866215,8,True,2
2517.0,300.0,-2709442.1996993474,-4281027.269492226,3861838.879987037,-2709407.4473365685,-4280915.854523771,3861734.873350279,156.3278682899052,1437.09589289977,3.7509298088649907,8.249067571014166,9,True,2
2518.0,300.0,-2709456.2000720245,-4280996.025284662,3861845.753108863,-2709426.415526268,-4280892.022799478,3861747.895884944,145.87553723442016,1403.7711150438222,3.6061329189687967,6.0801658891141415,8,True,2
2519.0,300.0,-2709468.989642101,-4280969.895275541,3861851.125538492,-2709444.44440725,-4280868.14563325,3861761.622788772,137.71782915703164,1371.9916007689149,5.809101886219448,11.222931414842606,9,True,2
2520.0,300.0,-2709491.607801937,-4280950.155265288,3861873.1932936283,-2709461.599563676,-4280844.045582866,3861776.203740933,146.85616227893087,1354.0128752888104,4.616381338487069,7.644455712288618,9,True,2
2521.0,300.0,-2709508.2677280293,-4280921.642183136,3861883.9884202112,-2709478.156946388,-4280819.57997883,3861791.6035162425,140.91956287246802,1326.7455502241512,3.2712065995567374,4.7722510397434235,9,True,2
2522.0,300.0,-2709525.0508312695,-4280895.770162144,3861905.5868054084,-2709494.364032984,-4280794.776101361,3861807.619596978,144.01060318605101,1306.4328180659388,3.167513765860349,4.701957140117884,8,True,2
2523.0,300.0,-2709533.3417598396,-4280865.472259568,3861909.7604081696,-2709510.485394561,-4280769.754365987,3861823.935004097,130.57690672372587,1273.2584183590238,3.9350160215463905,6.891158111393452,9,True,2
2524.0,300.0,-2709555.953719536,-4280845.153999516,3861938.4282221394,-2709526.675973373,-4280744.544644505,3861840.4088581447,143.4824883183921,1261.7523998581185,4.09912008466199,6.956759504973888,8,True,2
2525.0,300.0,-2709572.0532558705,-4280817.6931348955,3861961.6723380955,-2709542.97722191,-4280719.096703673,3861857.0675723655,146.65888658434864,1245.2275742492543,5.33165568113327,8.92670989409089,8,True,2
2526.0,300.0,-2709586.486457687,-4280792.278895961,3861968.629497633,-2709559.385763489,-4280693.388683813,3861873.937559724,139.5717908093152,1218.5517876072095,4.04463657271117,7.378737855702639,8,True,2
2527.0,300.0,-2709600.7432380435,-4280763.53803991,3861986.866081486,-2709575.9567734064,-4280667.441631607,3861890.9571852814,138.01233600334578,1198.397096426604,3.2716802144423127,6.015124402940273,8,True,2
2528.0,300.0,-2709617.6124618286,-4280736.870362272,3862002.2631762926,-2709592.753384992,-4280641.239568433,3861908.100033677,136.491464416719,1176.7914309619953,5.232192835770547,7.196281082928181,8,True,2
2529.0,300.0,-2709636.9062461313,-4280712.482203011,3862022.129763555,-2709609.7047373867,-4280614.819343866,3861925.374908673,140.1408508524214,1162.5606261503904,4.717540204059333,6.9021759033203125,8,True,2
2530.0,300.0,-2709651.2195216785,-4280682.335120937,3862033.5790467705,-2709626.785283157,-4280588.157137361,3861942.825832705,133.05138280257236,1137.8022732204347,4.569447781890631,8.2297444306314,8,True,2
2531.0,300.0,-2709670.7666337024,-4280655.836941156,3862054.575462086,-2709643.96006104,-4280561.363041875,3861960.355953021,136.09271057513618,1121.7148508824428,3.623742223251611,7.91296024248004,8,True,2
2532.0,300.0,-2709685.4131148886,-4280626.882765118,3862066.0208368925,-2709661.262080057,-4280534.456144301,3861977.921245766,129.9518783078351,1100.3956338022354,4.192173641175032,7.260267585515976,8,True,2
2533.0,300.0,-2709703.09398255,-4280598.838369643,3862088.4208287927,-2709678.6809792,-4280507.38701836,3861995.5833430206,132.58258991490158,1084.3107600781368,3.101482497062534,4.680315401405096,8,True,2
2534.0,300.0,-2709718.3006886826,-4280565.609633888,3862102.770332568,-2709696.14131845,-4280480.251399558,3862013.2894164175,125.63399305982297,1062.2498151516065,4.335934492759407,6.2533159628510475,8,True,2
2535.0,300.0,-2709732.867161037,-4280541.748845467,3862120.279573504,-2709713.481141821,-4280453.239783062,3862030.9426152674,127.24293291152435,1044.6115185332835,3.7959670973941684,7.2024280317127705,8,True,2
2536.0,300.0,-2709753.6633688235,-4280517.118963083,3862135.8360128426,-2709730.5956203267,-4280426.4345301455,3862048.5253308816,127.98024293792785,1028.00888548145,2.667597812600434,4.303698789328337,8,True,2
2537.0,300.0,-2709766.8826873936,-4280480.313053068,3862131.527330627,-2709747.5445255674,-4280399.797808779,3862066.037563821,105.57262250215052,992.010525102401,1.625985350459814,2.832121819257736,7,True,2
2538.0,300.0,-2709782.458190518,-4280451.731118203,3862152.415056584,-2709764.494864404,-4280373.295876669,3862083.400074077,106.00866007114816,974.1598606584228,1.0155764802226,1.5122321657836437,7,True,2
2539.0,300.0,-2709800.2631447716,-4280425.753750902,3862163.705165089,-2709781.472183595,-4280346.952552601,3862100.5688404017,102.70795767919918,954.4276268871389,2.1250181921890805,3.4346850514411926,7,True,2
2540.0,300.0,-2709819.191699779,-4280406.798411421,3862195.046115473,-2709798.2803280707,-4280320.77205601,3862117.675931217,117.57535755328978,947.3404482547052,2.171400319252695,4.997275944799185,7,True,2
2541.0,300.0,-2709834.410381745,-4280383.557264698,3862219.996842459,-2709814.8595382087,-4280294.792225453,3862134.721346999,124.63297236688383,936.7086242281027,4.779094296041876,6.995139453560114,8,True,2
2542.0,300.0,-2709859.0398244993,-4280368.3638875,3862258.8578775316,-2709831.3119946406,-4280269.10833516,3862151.528999886,148.7951114643924,937.229352350861,6.242713035749538,8.79637911170721,7,True,2
2543.0,300.0,-2709867.0229813457,-4280330.020160544,3862237.908831954,-2709847.5307087805,-4280243.948087424,3862167.92280378,112.63389632095105,888.8189923753962,1.5404900440147944,3.533733956515789,7,True,2
2544.0,300.0,-2709884.8838441945,-4280304.324741942,3862252.2532943743,-2709863.306764159,-4280219.427767882,3862183.9203704833,111.09660244517214,872.1824317727913,2.3623771773917333,4.951631158590317,7,True,2
2545.0,300.0,-2709908.8879521512,-4280283.660859349,3862277.397262951,-2709878.580414421,-4280195.585220935,3862199.521702856,121.41032816648001,867.858968346936,2.198160439197506,5.49027244001627,7,True,2
2546.0,300.0,-2709915.2662557173,-4280249.891365037,3862277.8003988233,-2709893.4784311894,-4280172.356198831,3862214.709195015,102.30792390721815,836.6971216043704,2.6330167560705116,4.879054520279169,7,True,2
2547.0,300.0,-2709930.0490391105,-4280233.159990186,3862293.59220583,-2709908.087819799,-4280149.613647598,3862229.562088614,107.52740313145449,824.5760441705928,0.8733515137185653,1.3978285677731037,6,True,2
2548.0,300.0,-2709941.107554975,-4280204.798087875,3862306.5618555225,-2709922.433646914,-4280127.165747309,3862244.2740803673,101.26826787222483,806.2375656849844,3.3553579662527357,6.776949793100357,7,True,2
2549.0,300.0,-2709957.1847975445,-4280190.577791933,3862331.1081271814,-2709936.6918295007,-4280104.877129627,3862258.871584034,113.94157899879391,795.7624839022171,3.6579217735145773,6.265479143708944,7,True,2
2550.0,300.0,-2709972.693929616,-4280174.407296444,3862348.725918511,-2709950.9365924564,-4280082.732796039,3862273.319383344,120.68032685823464,782.6829942989092,4.907830711986337,11.146579902619123,7,True,2
2551.0,300.0,-2709987.805002686,-4280151.2941659065,3862362.7115640137,-2709965.1238384503,-4280060.71267981,3862287.670304691,119.79412103818008,767.6110571326687,2.970225164666772,6.5132890194654465,8,True,2
2552.0,300.0,-2710001.9779291586,-4280125.726645955,3862374.296597339,-2709979.2171796253,-4280038.775835741,3862301.9947824464,115.35184243394966,751.5418376252417,1.792987424348082,3.792028244584799,7,True,2
2553.0,300.0,-2710016.0644190456,-4280100.773980739,3862385.8760397416,-2709993.164807294,-4280016.923075987,3862316.328033574,111.32067017370053,734.8738141935297,2.173466659616679,4.110161829739809,8,True,2
2554.0,300.0,-2710028.866286112,-4280085.008778229,3862401.0579427755,-2710007.0223889817,-4279995.143151365,3862330.643645477,116.23751544819943,717.8770448548725,2.06202733842656,5.416449882090092,8,True,2
2555.0,300.0,-2710040.9326284756,-4280059.139415222,3862419.954465279,-2710020.837642664,-4279973.461839904,3862344.879989143,115.67468320354135,705.9915900168129,1.4176030810922384,3.790610436350107,8,True,2
2556.0,300.0,-2710055.023255585,-4280035.831227489,3862424.7171421037,-2710034.518513485,-4279951.849446917,3862359.133910645,108.51057167490943,684.5856398092645,2.5917983441613615,5.868503447622061,8,True,2
2557.0,300.0,-2710072.21410625,-4280022.844463426,3862451.56500928,-2710047.946920974,-4279930.284758405,3862373.511059349,123.48527999167177,679.3656564065217,2.056219080463052,5.725688870996237,8,True,2
2558.0,300.0,-2710084.6563040414,-4279994.117551103,3862462.2984439074,-2710061.1002177536,-4279908.79811494,3862387.993826247,115.56587556094318,660.6643161128819,1.9735206607729197,4.618438549339771,8,True,2
2559.0,300.0,-2710099.229827443,-4279975.265491499,3862475.5634922753,-2710073.9265954304,-4279887.390330126,3862402.61742699,116.97617696450997,648.7688345690883,1.6192040713503957,3.3756104819476604,8,True,2
2560.0,300.0,-2710111.007303931,-4279951.81398812,3862492.790870941,-2710086.347982024,-4279866.086847376,3862417.4082728415,116.78938698910545,636.8082243255536,2.014396471902728,4.1414504535496235,8,True,2
2561.0,300.0,-2710125.022643398,-4279933.0494402405,3862516.4656116804,-2710098.3985913782,-4279844.826011349,3862432.410382918,124.72968785951615,628.2725256920974,3.852039914112538,8.329086009413004,8,True,2
2562.0,300.0,-2710136.3237227835,-4279911.965192745,3862533.611391281,-2710110.063963088,-4279823.58498567,3862447.658971887,126.04941246048432,614.9968003295894,2.992358047515154,5.606210831552744,8,True,2
2563.0,300.0,-2710146.1979995207,-4279893.016276829,3862542.04945035,-2710121.4149406534,-4279802.326911116,3862463.145234051,122.7380805209498,597.1219668584499,1.6121753323823214,3.37283768504858,8,True,2
2564.0,300.0,-2710161.763606867,-4279871.164408444,3862564.66991708,-2710132.5402055685,-4279781.059624866,3862478.79873588,127.85436624513848,587.7123656547607,3.118763660080731,5.7907934486866,8,True,2
2565.0,300.0,-2710168.5739672347,-4279847.173463552,3862572.6541462117,-2710143.3918017284,-4279759.773500057,3862494.6634960063,119.81417528002359,568.3126851926189,2.71082429215312,5.752481691539288,8,True,2
2566.0,300.0,-2710175.8574846373,-4279825.60647758,3862583.1424597856,-2710153.910926011,-4279738.441781081,3862510.809944455,115.3747308785761,548.5813941611772,2.31523303873837,3.682649828493595,8,True,2
2567.0,300.0,-2710188.951071171,-4279807.453204502,3862596.5979187745,-2710164.186735784,-4279717.0400057975,3862527.202863493,116.634010926113,535.9315957179203,1.4581095902249217,3.2938369028270245,8,True,2
2568.0,300.0,-2710200.036455836,-4279784.454908842,3862625.403323576,-2710174.3038194967,-4279695.602599379,3862543.745408423,123.38928874555229,525.3450335295414,3.2138460255227983,7.058124985545874,8,True,2
2569.0,300.0,-2710207.303746266,-4279764.264368797,3862635.2395855393,-2710184.213744288,-4279674.15223334,3862560.4463820034,119.3623409753351,509.20099001928975,1.439775841044528,2.6802681908011436,7,True,2
2570.0,300.0,-2710214.811935664,-4279742.638981951,3862646.210802994,-2710193.945912126,-4279652.702286315,3862577.270567628,115.22480727950041,487.28604817391965,2.543232135474682,6.302291791886091,8,True,2
2571.0,300.0,-2710222.368449542,-4279716.0930020865,3862656.4520326126,-2710203.5253962493,-4279631.308875825,3862594.13872988,106.89413651235193,467.0910088896557,2.6955366523138116,4.233250103890896,7,True,2
2572.0,300.0,-2710237.2594485367,-4279699.287674802,3862683.3790409765,-2710212.9808872463,-4279610.033829508,3862610.9628303335,117.47257127512565,461.87005416121485,0.9708895443805626,2.1099110543727875,7,True,2
2573.0,300.0,-2710244.938030247,-4279676.882131112,3862696.0127721475,-2710222.315291126,-4279588.931306916,3862627.681242813,113.65004928830818,442.4015176958546,1.9909269570239954,2.598186530172825,7,True,2
2574.0,300.0,-2710255.226604968,-4279656.985547677,3862714.6596054644,-2710231.56548311,-4279568.009957553,3862644.2587530552,115.8998893243166,429.5804267244099,1.5342052573604243,2.530314091593027,7,True,2
2575.0,300.0,-2710267.3880719114,-4279635.6668972485,3862743.26004669,-2710240.746168192,-4279547.276472014,3862660.6777546257,123.86481852979168,422.7466873823369,2.930540068075061,7.32085232809186,8,True,2
2576.0,300.0,-2710278.0037929947,-4279624.232897262,3862760.733499166,-2710249.8831366617,-4279526.73852033,3862676.911837532,131.61305332327586,409.5279335250329,2.6865372200097357,5.370914053171873,7,True,2
2577.0,300.0,-2710286.793386962,-4279597.590230104,3862770.644901612,-2710258.984335849,-4279506.359074174,3862692.996217928,122.98693106916025,390.69209961831325,2.768439880106598,5.614891387522221,8,True,2
2578.0,300.0,-2710298.7528026793,-4279583.300615192,3862798.011255614,-2710268.001575216,-4279486.144657059,3862708.957307939,135.3348579926294,384.3332743742237,3.5027501257136464,8.178666152060032,8,True,2
2579.0,300.0,-2710304.421424681,-4279559.644044936,3862806.2624298786,-2710276.816300426,-4279466.106356231,3862724.8655377184,127.03068978303241,364.3160388049496,2.2219489701092243,4.939707282930613,8,True,2
2580.0,300.0,-2710312.139115335,-4279540.832301849,3862822.109152557,-2710285.4959734166,-4279446.185450356,3862740.7385149193,127.62861817866431,347.45341638766126,2.331028982065618,5.42106457054615,8,True,2
2581.0,300.0,-2710322.1530322684,-4279519.861073944,3862838.1814871333,-2710294.18203452,-4279426.324363488,3862756.541025329,127.26609101249876,333.38710076122635,1.6324975807219744,3.5981964580714703,8,True,2
2582.0,300.0,-2710330.677796483,-4279499.802557976,3862855.759160663,-2710302.9891894683,-4279406.522449922,3862772.193837086,128.2614549329122,318.8270396900717,2.1681516058743,4.80615571513772,8,True,2
2583.0,300.0,-2710340.605441252,-4279480.915965753,3862873.131675936,-2710311.828521315,-4279386.788024581,3862787.749772697,130.30061331744741,305.78712401728404,3.076358046848327,6.9798095263540745,8,True,2
2584.0,300.0,-2710351.4722237536,-4279461.7215945115,3862897.4515207596,-2710320.626051316,-4279367.119941891,3862803.261654173,137.01346649197998,296.96284121035393,3.5303753376938403,6.199911940842867,8,True,2
2585.0,300.0,-2710356.53639208,-4279441.742754665,3862890.5542024802,-2710329.448291916,-4279347.524078705,3862818.6766606113,121.56193933652138,267.88450320471406,2.2332796724513173,4.158994402736425,8,True,2
2586.0,300.0,-2710364.5036991052,-4279426.338056466,3862903.114301095,-2710338.199330304,-4279327.981180751,3862834.082827829,123.00950824914133,251.98974916817937,1.4919881140813231,3.5875341184437275,8,True,2
2587.0,300.0,-2710374.551415191,-4279404.003921491,3862920.7631837167,-2710346.890488833,-4279308.476077791,3862849.4889593767,122.35485615279862,238.3793172262574,1.8860374886010374,2.7847672514617443,7,True,2
2588.0,300.0,-2710384.273703004,-4279383.706801414,3862936.4649862777,-2710355.6253873277,-4279289.007144259,3862864.824627471,122.15192207307199,222.0594775718422,1.2893547995814256,2.5419907718896866,7,True,2
2589.0,300.0,-2710393.9076510468,-4279371.143948312,3862961.9361334336,-2710364.270768363,-4279269.578778055,3862880.177867129,133.7095461578982,212.22986349145236,0.8745868525334767,1.6701864451169968,7,True,2
2590.0,300.0,-2710401.2037333013,-4279347.845473749,3862979.510127177,-2710372.8343372825,-4279250.170098914,3862895.566285093,131.8782396888805,197.2455170945952,2.0149340420030057,4.8421012461185455,8,True,2
2591.0,300.0,-2710413.114315768,-4279328.089546971,3862991.613039969,-2710381.41586126,-4279230.789921352,3862910.910650408,130.3260712394235,179.07071609138885,0.9739417266100645,2.4113833382725716,8,True,2
2592.0,300.0,-2710420.8272351697,-4279312.762858312,3863006.226717546,-2710389.9963159347,-4279211.474297253,3862926.184553202,132.72779006315622,164.75659142828124,0.9243946352175304,1.4972113370895386,7,True,2
2593.0,300.0,-2710428.504987563,-4279289.492886377,3863015.986295923,-2710398.5349783725,-4279192.225019528,3862941.414404077,126.1753003790309,142.78794709260436,0.999850011896342,1.8173834644258022,8,True,2
2594.0,300.0,-2710439.8075244725,-4279276.36830645,3863048.2552652056,-2710407.0055922484,-4279173.066720792,3862956.591399983,141.94875323347225,139.65680379653045,1.6458874242380261,3.687347035855055,8,True,2
2595.0,300.0,-2710465.3246912113,-4279267.714264115,3863114.8256291994,-2710415.427418767,-4279153.947199387,3862971.75955794,189.47449316454873,159.56971650691617,10.18139418400824,20.157831095159054,8,True,2
2596.0,300.0,-2710453.2384416694,-4279233.686880272,3863071.147784448,-2710423.933155996,-4279134.646391911,3862987.068534305,133.1808485021749,98.83475148799808,0.9860768262296915,1.9121370129287243,8,True,2
2597.0,300.0,-2710462.939656522,-4279207.994893229,3863061.6187149887,-2710432.632150694,-4279115.023026316,3863002.597557726,114.21825577078853,66.34012160220261,3.1313932263292372,7.00650917366147,8,True,2
2598.0,300.0,-2710470.9919055393,-4279197.020971575,3863104.7189039947,-2710441.535481539,-4279095.07807943,3863018.337823392,136.82735567039393,67.16748116081372,2.7734663751907647,6.735154155641794,8,True,2
2599.0,300.0,-2710480.4995542592,-4279173.745307421,3863115.907146316,-2710450.5272643976,-4279074.892948696,3863034.280526553,131.65497346852598,48.65182417178997,0.4340910376049578,0.9723655991256237,8,True,2
2600.0,300.0,-2710492.589343965,-4279157.689497078,3863135.7582404255,-2710459.469447081,-4279054.547073941,3863050.434468983,137.8964575082992,38.27555104449966,1.3212399864569306,3.021055269986391,8,True,2
2601.0,300.0,-2710503.1900681704,-4279138.615811641,3863164.857687035,-2710468.324684852,-4279034.064107448,3863066.7996491417,147.51960072889403,28.880480446046867,3.2815835559740663,8.506727710366249,8,True,2
2602.0,300.0,-2710514.992228535,-4279118.794463719,3863176.161071625,-2710477.2436129404,-4279013.516651306,3863083.191198601,145.43649148645025,10.20928363722556,4.026388029567897,8.802461508661509,8,True,2
2603.0,300.0,-2710522.500969148,-4279099.778424022,3863204.0162551096,-2710486.226229946,-4278992.904704948,3863099.609117167,153.74881783663943,-2.2351781686418453,4.355681838467717,8.629794847220182,8,True,2
2604.0,300.0,-2710528.6099864542,-4279076.1092227455,3863199.788629655,-2710494.973000028,-4278972.217977458,3863116.27348316,137.4758793292191,-32.859875478589196,1.7245987781456538,4.296947944909334,7,True,2
2605.0,300.0,-2710536.7957015135,-4279055.099811927,3863216.693104716,-2710503.299090818,-4278951.445530668,3863133.3251446183,137.17306485738916,-47.92997102961593,1.2048170045018196,2.8931714445352554,7,True,2
2606.0,300.0,-2710540.364076121,-4279028.455986997,3863223.022428555,-2710511.2307568304,-4278930.5627315,3863150.7729016594,125.10728956129859,-73.0029633232538,1.9756719863840513,4.320577584207058,7,True,2
2607.0,300.0,-2710549.9039765275,-4279008.615334042,3863243.9804530367,-2710518.7272728328,-4278909.571372326,3863168.643160381,128.28640173595386,-85.62983552384254,1.1865095336522375,2.730290848761797,7,True,2
2608.0,300.0,-2710560.47317819,-4278991.114522655,3863284.0930906856,-2710525.840680057,-4278888.454488062,3863186.918311281,145.5384154844159,-85.70928541554092,2.785130414646119,6.109467249363661,8,True,2
2609.0,300.0,-2710576.878367196,-4278977.378904889,3863330.673664384,-2710532.578912107,-4278867.175045136,3863205.633563114,172.45973255023353,-78.26393603491945,7.30153852282092,14.518672186881304,8,True,2
2610.0,300.0,-2710574.8097613077,-4278946.594157024,3863323.52660357,-2710538.912561575,-4278845.719663322,3863224.824124153,145.62435191786528,-112.93764916146674,3.12809597607702,6.929120741784573,8,True,2
2611.0,300.0,-2710573.9948666655,-4278921.238028751,3863318.668563807,-2710544.8490935564,-4278824.083610087,3863244.489990284,125.66191915588168,-144.36795574947888,1.059018317077841,1.6516998074948788,7,True,2
2612.0,300.0,-2710576.8245985764,-4278898.433740248,3863336.1035315045,-2710550.2504652776,-4278802.346327781,3863264.639960235,122.6622085804179,-160.5793821842176,2.3710624552331865,4.735107012093067,8,True,2
2613.0,300.0,-2710593.133341695,-4278886.680111288,3863396.7679358744,-2710555.0417636437,-4278780.571273863,3863285.256423772,158.5713436579466,-146.30342839282295,3.857944106683135,8.564838480204344,8,True,2
2614.0,300.0,-2710590.9527418423,-4278855.716073363,3863389.8956644214,-2710559.265930973,-4278758.859270965,3863306.1985303313,131.87306172526223,-179.47174630438062,1.6107825613580644,4.134390898048878,8,True,2
2615.0,300.0,-2710588.8161756704,-4278835.455544497,3863402.7636747197,-2710562.984698294,-4278737.291240114,3863327.334233917,126.46381465972988,-199.93897909332472,0.7954939513334206,1.3038291409611702,7,True,2
2616.0,300.0,-2710601.473982082,-4278815.698477361,3863448.5340150134,-2710566.3200066797,-4278715.877954211,3863348.5667015207,145.5795404427835,-196.08559680357016,2.5302176866680384,4.620743051171303,8,True,2
2617.0,300.0,-2710595.0994977336,-4278793.421201704,3863442.213954225,-2710569.145141493,-4278694.683686263,3863369.913537823,125.10026289046183,-229.15915962564637,1.416743574930089,2.357244297862053,7,True,2
2618.0,300.0,-2710593.7565070475,-4278764.264778808,3863453.446774981,-2710571.341090556,-4278673.751827075,3863391.4099528254,111.99827066079865,-251.69030468643658,1.0218229804720198,2.6434061974287033,7,True,2
2619.0,300.0,-2710600.24033029,-4278752.225130941,3863483.4062002706,-2710572.8999275267,-4278653.119410004,3863413.020734092,124.59356080836018,-255.73826566922034,2.2768686211534908,3.2042978815734386,7,True,2
2620.0,300.0,-2710600.964381037,-4278725.985764659,3863503.198419655,-2710573.9886348187,-4278632.752672304,3863434.666656028,118.81373245496947,-273.3843525137179,1.5598057263663836,3.7235160656273365,7,True,2
2621.0,300.0,-2710603.0720441667,-4278707.779573021,3863532.8374126223,-2710574.953415517,-4278612.504311452,3863456.2684940742,125.42261371832377,-281.9298248077735,1.318197323275464,1.9318262450397015,7,True,2
2622.0,300.0,-2710597.6873710216,-4278681.662438027,3863540.1500090603,-2710575.966490453,-4278592.233215323,3863477.861459311,111.12716119811877,-307.46649229590633,0.9927078325833593,1.3804479651153088,7,True,2
2623.0,300.0,-2710602.6293398542,-4278674.621821178,3863572.816137786,-2710577.0333343777,-4278571.815881586,3863499.5775913214,128.7948034669183,-308.22502262211634,2.688561506037201,4.719183146953583,7,True,2
2624.0,300.0,-2710601.139512512,-4278646.646875263,3863587.5634039505,-2710578.1170711704,-4278551.243660132,3863521.452099321,118.33220551668813,-329.48170955707724,1.7394081838428974,2.2343451641499996,7,True,2
2625.0,300.0,-2710605.2660540994,-4278632.113716137,3863618.7469013403,-2710579.2290149746,-4278530.501377478,3863543.493784317,129.09696509127104,-332.6909388475831,0.8658038234072072,1.317985787987709,7,True,2
2626.0,300.0,-2710604.9062098856,-4278593.468129222,3863623.379415795,-2710580.4392911866,-4278509.600620152,3863565.6410268266,104.7191995237606,-365.6023269501613,3.0300725932632173,6.217563312500715,7,True,2
2627.0,300.0,-2710604.886692868,-4278580.149240635,3863653.204100166,-2710581.9291087063,-4278488.546619608,3863587.761788044,114.894678142484,-368.7266533971262,2.507015162812812,3.3062554709613323,7,True,2
2628.0,300.0,-2710605.4796672612,-4278557.000955507,3863678.017639151,-2710583.992149365,-4278467.241341908,3863609.759240872,114.79420975940018,-381.37037023888695,1.8260535906468118,2.6131135039031506,7,True,2
2629.0,300.0,-2710611.8615070856,-4278533.396947257,3863697.490677282,-2710586.798996846,-4278445.656736823,3863631.545361945,112.58445079810315,-395.4882201507526,1.3407836795917578,1.972223225980997,7,True,2
2630.0,300.0,-2710613.133677843,-4278513.200435423,3863720.52101722,-2710590.505761875,-4278423.741912175,3863653.067338756,114.30156911068887,-407.8752196002439,0.9532704874873161,1.7197181843221188,7,True,2
2631.0,300.0,-2710615.497418923,-4278493.817087417,3863740.985577613,-2710595.197730292,-4278401.482842681,3863674.28116186,115.70293509820216,-420.76542620086366,1.4437080983604704,2.9626775085926056,7,True,2
2632.0,300.0,-2710626.0658669192,-4278466.837789093,3863761.0114479745,-2710600.841405975,-4278378.892740622,3863695.195636576,112.7045962262275,-432.3759392883609,0.6984166290078845,1.5978097058832645,7,True,2
2633.0,300.0,-2710625.8175116535,-4278442.82809537,3863772.650979431,-2710607.410991404,-4278355.963934688,3863715.837172768,105.41342906009749,-454.80048954518384,2.0994759622429098,4.218287646770477,7,True,2
2634.0,300.0,-2710631.733971581,-4278418.1282959925,3863789.498326612,-2710614.6060229754,-4278332.750731725,3863736.355412422,102.01404036818454,-468.55472093924436,1.679900092205831,3.6675491109490395,7,True,2
2635.0,300.0,-2710638.743718225,-4278391.111707893,3863810.247396179,-2710622.0181133943,-4278309.351808798,3863756.926402533,99.0331021451166,-482.73792666394286,1.6256071031093597,3.788126654922962,7,True,2
2636.0,300.0,-2710655.0997844213,-4278378.686595313,3863846.810943778,-2710629.385450921,-4278285.96505175,3863777.514933552,118.57676256926975,-479.221825627587,1.5126265000019754,2.9266204945743084,7,True,2
2637.0,300.0,-2710657.4914650917,-4278341.8026922,3863859.406196529,-2710636.6509958305,-4278262.698628067,3863798.041785168,102.26127861059827,-502.60308371185266,0.7063836615000453,1.3548736721277237,7,True,2
2638.0,300.0,-2710672.4027595,-4278331.420759128,3863896.3462554985,-2710643.7889625034,-4278239.544868652,3863818.533364585,123.75287722601342,-497.47496527639044,1.32378121518663,3.1964025609195232,7,True,2
2639.0,300.0,-2710668.287222065,-4278295.242080799,3863892.801128162,-2710650.7769530346,-4278216.517967361,3863838.989672128,96.95240254195318,-533.126125965616,2.41742307054145,5.747258692979813,7,True,2
2640.0,300.0,-2710687.061580678,-4278285.254105894,3863939.365156942,-2710657.5443808017,-4278193.638640987,3863859.4371145945,125.11255113775188,-520.6949709562248,1.0871389939316682,2.3984149619936943,7,True,2
2641.0,300.0,-2710693.106942042,-4278263.644934865,3863962.1464590044,-2710663.6939611267,-4278171.006550793,3863880.0429325337,127.23200347683141,-530.3558209145837,2.4087900311819146,5.433098878711462,7,True,2
2642.0,300.0,-2710687.419878519,-4278233.297731846,3863965.154350552,-2710668.867817384,-4278148.552330693,3863901.1328022527,107.8179977343956,-558.3065752419514,1.7698349101202828,2.6196744441986084,7,True,2
2643.0,300.0,-2710690.517360149,-4278211.705777763,3863982.380913504,-2710672.9049059376,-4278126.153926776,3863922.953177196,105.64550910208715,-567.9318463901395,2.481353253658329,3.4341927617788315,7,True,2
2644.0,300.0,-2710694.312309255,-4278198.64827626,3864007.71028125,-2710675.749345137,-4278103.838742434,3863945.5128522166,114.89974551555643,-568.852997222276,4.273285793406623,6.15108747035265,7,True,2
2645.0,300.0,-2710697.136130093,-4278173.144094821,3864036.134145608,-2710677.5002167686,-4278081.6640497465,3863968.6797896,115.34408473528879,-575.5610866585642,2.3421085349151065,4.305679511278868,7,True,2
2646.0,300.0,-2710690.5024532652,-4278136.6302558845,3864041.7169184173,-2710678.14167479,-4278059.703917535,3863992.383567151,92.21838170079944,-602.6213035235646,0.6146285629698208,1.0387758612632751,7,True,2
2647.0,300.0,-2710701.904644217,-4278128.899081668,3864086.2297059805,-2710677.7393192933,-4278038.028831566,3864016.500951841,117.0617975094096,-589.6643564391125,2.151419070150171,3.1673819571733475,7,True,2
2648.0,300.0,-2710692.3262901083,-4278101.621812056,3864099.0146920616,-2710676.7046850007,-4278016.578126287,3864040.81189124,104.2306531627617,-609.2326764954358,2.7308131477662494,4.715028177946806,7,True,2
2649.0,300.0,-2710692.9665938667,-4278076.7972037215,3864115.106548861,-2710675.4384477376,-4277995.274006034,3864065.122741764,97.2195897944622,-626.0379016990122,1.1747465979840075,1.7140414491295815,7,True,2
2650.0,300.0,-2710693.9692186075,-4278056.094510569,3864147.3267029845,-2710674.129745739,-4277974.084670804,3864089.33668303,102.38193647464358,-630.630931682353,0.5205243453383446,1.1716647557914257,7,True,2
2651.0,300.0,-2710690.646158695,-4278034.981818824,3864165.8090389944,-2710672.919298459,-4277953.000997126,3864113.365697884,98.9211844193809,-640.7828894348005,2.3894858406856656,4.367196436971426,8,True,2
2652.0,300.0,-2710695.690463512,-4278020.456892304,3864215.188414904,-2710671.754385051,-4277932.08841001,3864137.174581173,120.28334368706224,-634.4872927090018,2.8264756905846298,5.682989228516817,8,True,2
2653.0,300.0,-2710692.763604013,-4277993.704992918,3864237.685745918,-2710670.4542141603,-4277911.573527549,3864160.640110641,114.80120380262225,-646.4626463829502,3.4003445031121373,8.145130131393671,8,True,2
2654.0,300.0,-2710694.1149309976,-4277973.962777799,3864252.8360626968,-2710669.1058735447,-4277891.577265328,3864183.568651909,110.50248783201255,-658.5966627506612,0.5697548897005618,1.6184999160468578,8,True,2
2655.0,300.0,-2710692.9330231403,-4277961.873663956,3864283.060176306,-2710667.8012154587,-4277872.145486312,3864205.845788445,121.01576473120156,-657.5944961902843,2.171183852944523,4.848297543823719,8,True,2
2656.0,300.0,-2710691.424611926,-4277940.825241267,3864300.6934734727,-2710666.658795968,-4277853.267113098,3864227.401113439,116.83981122809328,-666.990803804045,2.1911352844908834,5.4679041020572186,8,True,2
2657.0,300.0,-2710691.125200314,-4277925.115053899,3864333.183687968,-2710665.66731081,-4277834.957325002,3864248.225832264,126.46880035653352,-665.016319993651,2.655973927117884,6.953773934394121,8,True,2
2658.0,300.0,-2710688.827466989,-4277909.2431479925,3864349.7280644765,-2710664.7390017924,-4277817.14367328,3864268.46077764,125.16764481122968,-672.1394736357294,1.9604571089148521,3.474769104272127,8,True,2
2659.0,300.0,-2710692.2782018716,-4277889.967129713,3864374.303275178,-2710663.8609991,-4277799.690244068,3864288.264383561,127.90677998354273,-676.8768375817164,2.820739056915045,5.9288871847093105,8,True,2
2660.0,300.0,-2710691.4487876366,-4277869.287039712,3864384.3863999057,-2710662.91296951,-4277782.473184235,3864307.856692976,119.19620154030842,-691.0455210926925,1.66823496716097,3.551234781742096,8,True,2
2661.0,300.0,-2710689.331187578,-4277864.348292792,3864407.4427354205,-2710661.9182276656,-4277765.413688429,3864327.308120054,130.23472229644688,-691.7572769670957,3.888646281324327,7.477348256856203,8,True,2
2662.0,300.0,-2710689.17218332,-4277842.939572254,3864431.062180533,-2710660.925419676,-4277748.472929436,3864346.6274675424,129.81158276342234,-702.6227332632162,1.482080481480807,3.7994974553585052,8,True,2
2663.0,300.0,-2710682.7270547254,-4277819.594173149,3864446.148757503,-2710659.9940478625,-4277731.629213866,3864365.7971336194,121.28894064779182,-715.3727719027563,1.9032405046746135,4.749586082994938,8,True,2
2664.0,300.0,-2710688.1866997574,-4277811.005706508,3864465.1310424665,-2710659.172528827,-4277714.859868226,3864384.808318116,128.5985395751261,-717.7843059569279,2.6687657246366143,5.877576511353254,8,True,2
2665.0,300.0,-2710687.733140256,-4277793.135667176,3864491.2412079694,-2710658.352948284,-4277698.209262639,3864403.687426704,132.43822172034095,-724.1120510406603,3.2187085798941553,7.427600424736738,8,True,2
2666.0,300.0,-2710687.1715395018,-4277773.590220289,3864502.924990654,-2710657.47965487,-4277681.688649952,3864422.4608647386,125.70593543149317,-733.52880556491,1.7638692813925445,4.066365756094456,8,True,2
2667.0,300.0,-2710687.701560181,-4277761.55993602,3864531.1997072618,-2710656.6612481223,-4277665.205200961,3864441.1550372792,135.48349911780028,-737.5362790194359,2.5206469264812768,6.260496407747269,8,True,2
2668.0,300.0,-2710686.9332954693,-4277753.3982002055,3864556.1712513324,-2710655.87963254,-4277648.730359281,3864459.813951805,145.61736186764415,-739.2174150728403,4.35485318209976,9.342911195009947,8,True,2
2669.0,300.0,-2710685.494393909,-4277728.811518326,3864563.3277179096,-2710655.089785494,-4277632.308664929,3864478.4200059366,132.08542871628933,-760.5043491146762,1.3727852767333388,3.8145058155059814,8,True,2
2670.0,300.0,-2710679.552664941,-4277708.366409158,3864568.0422705305,-2710654.250759316,-4277615.958061761,3864496.9820014313,119.28558563956207,-781.6048023305123,1.1431921725826604,2.0067737698554993,7,True,2
2671.0,300.0,-2710680.2250744416,-4277698.171518543,3864592.109754993,-2710653.3290726226,-4277599.691762529,3864515.508739944,127.62982709723214,-786.0523647345982,1.9236985109746456,3.4009197615087032,7,True,2
2672.0,300.0,-2710690.5253377776,-4277686.85173576,3864624.6741066095,-2710652.3355847336,-4277583.526901895,3864533.973817979,142.69204914258484,-783.7486788559723,1.5990644879639149,2.732230570167303,7,True,2
2673.0,300.0,-2710680.9708869993,-4277665.876196769,3864631.6918474715,-2710651.35920512,-4277567.455170472,3864552.3244286072,129.85660282884282,-806.218808467522,1.6834751649626665,3.1374193876981735,7,True,2
2674.0,300.0,-2710677.699474188,-4277646.495277352,3864637.0526767834,-2710650.4612502577,-4277551.325643034,3864570.683789798,119.18057433479784,-829.6849943553382,1.373569633279528,2.2444416098296642,7,True,2
2675.0,300.0,-2710672.71997632,-4277630.199173444,3864655.965404533,-2710649.6885559647,-4277534.964547019,3864589.2103229193,118.5593577707939,-840.3325399992817,1.8353860804012843,4.182287193834782,7,True,2
2676.0,300.0,-2710678.048582659,-4277622.24943961,3864684.6593422424,-2710649.1415648474,-4277518.33224431,3864607.877623072,132.4002702288797,-841.1291831962724,2.240638297583376,2.9011552929878235,7,True,2
2677.0,300.0,-2710675.4846551274,-4277605.791493256,3864708.2063758257,-2710648.875470908,-4277501.449791231,3864626.624081082,135.095929923161,-848.8841543745671,2.5213163612144336,3.7695011347532272,7,True,2
2678.0,300.0,-2710678.0261093974,-4277581.330704766,3864722.3751274566,-2710648.886876931,-4277484.295321438,3864645.476099627,127.19442191954028,-868.2312832062836,0.7401225769094059,1.6599556431174278,7,True,2
2679.0,300.0,-2710677.884796384,-4277576.267030442,3864737.5649898984,-2710649.1834702403,-4277466.847948938,3864664.451279992,134.69193032983128,-873.4357285903199,2.853888430233513,4.6243590004742146,7,True,2
2680.0,300.0,-2710684.5331733176,-4277564.47943798,3864775.1187370396,-2710649.672265838,-4277449.14257853,3864683.576024319,151.32066042109767,-870.5463854121466,4.266792037657329,6.283039823174477,7,True,2
2681.0,300.0,-2710680.913689909,-4277535.682440202,3864782.179986842,-2710650.249194588,-4277431.21313405,3864702.885535481,134.69134054456995,-892.1399600751147,3.2265867111938342,5.167883947491646,7,True,2
2682.0,300.0,-2710681.342674395,-4277521.898531672,3864797.747245049,-2710651.103830473,-4277412.995514457,3864722.31820476,135.88154752977042,-901.6223455583262,1.3017238091145242,1.9970850870013237,7,True,2
2683.0,300.0,-2710685.550490131,-4277494.64806222,3864824.6997500965,-2710652.3467924814,-4277394.51568049,3864741.768419209,134.18861744307617,-912.3384756167227,0.46668788524610655,0.7126939594745636,7,True,2
2684.0,300.0,-2710683.2300183643,-4277475.563754668,3864843.075453612,-2710653.799131155,-4277375.871020811,3864761.253780599,132.28607062187703,-922.1535501243418,1.8472061338169234,3.0034980587661266,7,True,2
2685.0,300.0,-2710684.705535524,-4277452.541021077,3864857.1423675925,-2710655.3380032326,-4277357.115364447,3864780.800691433,125.6843642422784,-933.7979314768929,1.0235600732266903,1.8649788312613964,7,True,2
2686.0,300.0,-2710693.57860775,-4277443.269058325,3864897.2721527964,-2710657.041679924,-4277338.207112733,3864800.4003502536,147.50290042729037,-923.1959183195959,2.146212987601757,4.328487426042557,8,True,2
2687.0,300.0,-2710698.9653538195,-4277428.654238168,3864923.273448601,-2710658.9583440395,-4277319.139745523,3864820.026353941,155.7367891237022,-924.6359148868552,4.259851554874331,9.222160924226046,8,True,2
2688.0,300.0,-2710697.9580034562,-4277410.471569485,3864945.517666039,-2710660.853851396,-4277299.9895927925,3864839.7579099927,157.37887810306495,-928.8592500501012,4.39460316253826,10.372126311063766,8,True,2
2689.0,300.0,-2710695.44222981,-4277386.047786603,3864942.323218108,-2710662.58681188,-4277280.81423335,3864859.6302208,137.8104169553688,-951.6439768296727,1.1491411668913705,1.8206391595304012,7,True,2
2690.0,300.0,-2710698.400813949,-4277367.78365394,3864965.7793220636,-2710664.313544041,-4277261.546624757,3864879.608081875,140.9742209589717,-952.728966145644,2.7357438701604093,4.82892395183444,7,True,2
2691.0,300.0,-2710702.5909318514,-4277349.11652496,3864985.160120525,-2710666.189913449,-4277242.152034233,3864899.621086024,141.71578190327227,-957.8022228233377,1.32743880758062,2.4977330341935158,8,True,2
2692.0,300.0,-2710702.85182232,-4277334.326060532,3865003.322194013,-2710668.2050577924,-4277222.613325579,3864919.695635189,143.7829432983962,-960.7429963667822,1.8083996316418052,3.5516637675464153,8,True,2
2693.0,300.0,-2710706.4689196437,-4277315.52356993,3865027.3133369186,-2710670.265997956,-4277202.96540346,3864939.858130992,147.06599002342568,-964.5571020090982,1.7329831053502858,4.630907662212849,8,True,2
2694.0,300.0,-2710713.294555488,-4277303.143948803,3865055.666596615,-2710672.298306065,-4277183.239422356,3864960.126174033,158.70022141248185,-959.1755696774479,1.3972508935257792,2.857000831514597,8,True,2
2695.0,300.0,-2710712.403290417,-4277275.056004639,3865065.8766376367,-2710674.252895168,-4277163.506520524,3864980.4557599775,145.58662852086564,-974.1305059031783,1.7967843844422273,3.503458835184574,7,True,2
2696.0,300.0,-2710719.5438058935,-4277269.814115859,3865119.9107523686,-2710676.156005364,-4277143.742061501,3865000.8556889095,178.74778952453192,-954.6550398473584,5.246508721727878,6.602317690849304,8,True,2
2697.0,300.0,-2710715.0032208706,-4277234.369026862,3865113.8202540963,-2710678.0449611237,-4277123.92238967,3865021.3259601793,148.72648398216555,-981.5051306498019,0.9888151128377233,2.2440603114664555,7,True,2
2698.0,300.0,-2710718.7841380658,-4277215.18167686,3865121.9942923565,-2710680.008441819,-4277104.055352574,3865041.7961684,142.42314999621922,-994.6969040017387,1.4893008129937308,2.591567002236843,7,True,2
2699.0,300.0,-2710719.27581939,-4277193.022426465,3865147.8026149645,-2710682.090337249,-4277084.177184531,3865062.195909052,143.3825473016767,-995.3653736711743,0.6787876433559826,1.0559633113443851,7,True,2
2700.0,300.0,-2710726.735886508,-4277180.85849543,3865180.673493431,-2710684.1302642124,-4277064.381525612,3865082.5339833233,158.15652687539952,-988.6399314047933,0.778986261359283,1.6691000387072563,7,True,2
2701.0,300.0,-2710727.8224803563,-4277174.8844556585,3865219.756937774,-2710686.012182436,-4277044.76594034,3865102.7839902462,179.89330030361202,-977.0248768313118,4.830364041444328,8.654789689928293,9,True,2
2702.0,300.0,-2710734.1716057025,-4277147.312079873,3865239.127353767,-2710687.966383056,-4277025.264543757,3865122.857925778,174.7830185022661,-985.2535375269084,4.051762342918664,9.323507338762283,8,True,2
2703.0,300.0,-2710732.601101129,-4277119.860780551,3865249.3488931074,-2710690.168626837,-4277005.741924529,3865142.7821928896,161.80262596644755,-999.5434222527454,2.634421608876437,5.245299961417913,8,True,2
2704.0,300.0,-2710738.1257686303,-4277108.553224654,3865271.345802294,-2710692.512131144,-4276986.161673679,3865162.671198539,169.91311066579374,-999.5311752281982,3.0831112386658788,5.483032464981079,8,True,2
2705.0,300.0,-2710735.1108293734,-4277099.926235509,3865302.243380457,-2710695.1303632064,-4276966.503253962,3865182.454539801,183.7103590590907,-994.0351221208683,7.612911223123471,15.321996245533228,9,True,2
2706.0,300.0,-2710744.606661604,-4277073.7793815555,3865318.498666968,-2710698.3201164724,-4276946.706667035,3865201.991411539,178.5045086364137,-1002.3793435826818,2.0044525211883917,4.887060161679983,9,True,2
2707.0,300.0,-2710744.285030575,-4277063.805653283,3865344.011951371,-2710702.00696463,-4276926.803068644,3865221.2994166375,188.7207175658255,-999.2894599104893,6.575040974840522,13.399791818112135,10,True,2
2708.0,300.0,-2710753.272295712,-4277040.292733982,3865361.599602341,-2710705.9269179427,-4276906.8877123445,3865240.4577600495,186.316479539771,-1005.3941876741831,3.9719020783901215,6.56165736913681,10,True,2
2709.0,300.0,-2710757.3523719194,-4277018.710559424,3865386.4632425946,-2710710.109163054,-4276886.990141089,3865259.413641248,189.00738237596363,-1005.5104593619716,5.186068137362599,10.091011017560959,10,True,2
2710.0,300.0,-2710764.934689704,-4277001.446476516,3865403.091017456,-2710714.7948442474,-4276867.061606888,3865278.052658337,190.2837053942568,-1009.4956328717884,5.681418648734689,9.278805419802666,10,True,2
2711.0,300.0,-2710772.7935052407,-4276981.064435768,3865420.317076715,-2710720.0110913077,-4276847.012850928,3865296.454016275,189.99439033908573,-1011.304533730452,3.749361978471279,7.154881943017244,10,True,2
2712.0,300.0,-2710776.193461762,-4276961.9065267155,3865441.2907225247,-2710725.5472853445,-4276826.825230129,3865314.784921414,191.87420250723187,-1013.607156718251,4.260868231455485,6.161682620644569,9,True,2
2713.0,300.0,-2710781.3619204173,-4276938.76831716,3865456.5552326553,-2710731.433950548,-4276806.431351953,3865333.098175574,187.74322751728062,-1020.4565857145946,4.300878581032157,7.044177617877722,10,True,2
2714.0,300.0,-2710790.0672633233,-4276922.418958569,3865480.2537708934,-2710737.838027084,-4276785.79746582,3865351.3145772624,194.98369432694264,-1018.3784342629007,3.1161157488822937,6.0194006934762,10,True,2
2715.0,300.0,-2710799.502025689,-4276900.867543974,3865505.0276540844,-2710744.7407367914,-4276764.943475874,3865369.425327118,199.65505786035408,-1015.3178804590201,3.877567432448268,9.145944096148014,10,True,2
2716.0,300.0,-2710810.7139982306,-4276877.615208821,3865532.331193258,-2710752.0941134905,-4276743.859743205,3865387.474426673,205.694672499698,-1011.3486130091393,7.301155433058739,12.550623632967472,9,True,2
2717.0,300.0,-2710812.33107693,-4276857.941856486,3865529.4123264,-2710759.920767338,-4276722.515916476,3865405.479476652,190.9093424264819,-1024.4246958674883,2.816492256708443,5.122196160256863,8,True,2
2718.0,300.0,-2710817.597900813,-4276832.691764055,3865548.485907207,-2710768.109396381,-4276700.934493202,3865423.493277929,188.23455545513983,-1027.81205749427,4.572236471809447,8.736751567572355,8,True,2
2719.0,300.0,-2710827.559117768,-4276812.829675286,3865564.877653457,-2710776.46364009,-4276679.135833838,3865441.630231245,188.87752159067944,-1028.6398236344078,3.226040527638462,6.340105351060629,9,True,2
2720.0,300.0,-2710836.383613385,-4276793.674814853,3865586.08415146,-2710784.979205301,-4276657.162692314,3865459.8463354,192.90919878040765,-1027.0516465765738,3.2397790000670486,7.963924575597048,9,True,2
2721.0,300.0,-2710842.3708888707,-4276766.189784593,3865599.932944699,-2710793.622832891,-4276635.01212347,3865478.167989783,185.50109429642694,-1032.000615899401,3.3629313544370234,6.404926288872957,8,True,2
2722.0,300.0,-2710855.0761341136,-4276750.819837125,3865622.4642875944,-2710802.253367637,-4276612.725550949,3865496.647993459,194.13916761648088,-1028.524510791867,3.669532031286508,6.651998896151781,8,True,2
2723.0,300.0,-2710855.6481471155,-4276721.235789072,3865634.27163039,-2710810.9031732487,-4276590.370542082,3865515.189545492,182.50580401636208,-1037.8657032155418,4.201705386241277,7.8891801200807095,9,True,2
2724.0,300.0,-2710870.0378072937,-4276702.577698115,3865654.7357676327,-2710819.623164365,-4276568.010914804,3865533.687046081,187.88999010484284,-1034.488378127676,3.748312874800629,6.200198568403721,9,True,2
2725.0,300.0,-2710879.667923072,-4276679.040545152,3865675.4484659624,-2710828.29029602,-4276545.716657115,3865552.14929551,188.72627034130903,-1036.1008149303573,3.469045756591691,7.049758095294237,9,True,2
2726.0,300.0,-2710880.7901597586,-4276658.272246503,3865679.9135892843,-2710836.930804406,-4276523.463131869,3865570.5850939625,179.02474781356804,-1044.724243449721,5.913310774498516,10.57927331700921,9,True,2
2727.0,300.0,-2710896.229267211,-4276630.797897993,3865710.6885984573,-2710845.6078011654,-4276501.234357753,3865588.9680420575,184.83813901456494,-1038.8356080557537,2.752103654667735,6.519158970564604,8,True,2
2728.0,300.0,-2710907.1626097253,-4276615.818439728,3865734.58776477,-2710854.180137936,-4276479.071761045,3865607.3509392897,194.1545935742491,-1032.6686439081254,2.8446536818519235,4.564455322921276,8,True,2
2729.0,300.0,-2710918.7555470355,-4276595.628390903,3865754.120863915,-2710862.6767859887,-4276457.021042761,3865625.663387111,197.12470100459248,-1030.7528208197361,3.203620348125696,6.764306973665953,8,True,2
2730.0,300.0,-2710918.1928142994,-4276560.065810327,3865748.926064834,-2710871.2312108558,-4276435.061665268,3865643.834987747,169.92811116296016,-1051.8946789382983,1.9124411206160272,2.8139637298882008,7,True,2
2731.0,300.0,-2710928.0871074093,-4276551.071422117,3865779.2236340777,-2710879.7687768904,-4276413.2409429895,3865661.865742352,187.36268783016655,-1039.6900663679928,4.249334481855233,8.347748719155788,9,True,2
2732.0,300.0,-2710938.6760909497,-4276537.566780969,3865814.038629952,-2710888.1521821544,-4276391.589859783,3865679.8172503007,204.63945278058162,-1025.1563346642788,5.455049742841059,10.560637511312962,9,True,2
2733.0,300.0,-2710948.664496656,-4276505.503820313,3865824.525203711,-2710896.369903561,-4276370.139749127,3865697.663113066,192.74892030233536,-1033.2868648367112,3.1170699790947967,6.034740440547466,9,True,2
2734.0,300.0,-2710953.9536436545,-4276481.186726329,3865823.8360328525,-2710904.481654704,-4276348.852761344,3865715.4033314977,178.0938143295046,-1046.440374260342,0.6302933758124709,1.6221397779881954,8,True,2
2735.0,300.0,-2710964.2201369745,-4276462.370578118,3865845.982946815,-2710912.59510952,-4276327.700683683,3865732.99390806,183.21475597095605,-1044.334399753219,1.288879198687417,3.079938068985939,7,True,2
2736.0,300.0,-2710975.7501773513,-4276448.828679937,3865885.2535414845,-2710920.67679506,-4276306.696730309,3865750.4436435946,203.49023836805088,-1025.6355643165211,4.013766283790271,7.054531179368496,9,True,2
2737.0,300.0,-2710989.875541481,-4276432.875999233,3865907.8481092406,-2710928.697301329,-4276285.827514667,3865767.787737732,212.09182338873953,-1018.9445248022141,3.661107146905528,6.219885852187872,9,True,2
2738.0,300.0,-2710990.8703700174,-4276408.896274358,3865913.0025008344,-2710936.7455318514,-4276265.084730514,3865784.973393652,200.00677622294086,-1030.316725638212,3.8014853899367154,6.127783074975014,8,True,2
2739.0,300.0,-2710992.7266378836,-4276390.00843641,3865919.8077825406,-2710944.8178675496,-4276244.462666074,3865802.0094121695,193.2751344578113,-1036.1641579420234,5.0703070850835905,10.294441554695368,9,True,2
2740.0,300.0,-2710999.4093867755,-4276366.952905089,3865933.2626555655,-2710952.806421523,-4276224.005693686,3865818.922193125,188.89013465292786,-1035.4595983079341,7.653527748253611,14.065916258841753,9,True,2
2741.0,300.0,-2711021.1749182125,-4276346.759337435,3865968.7239808124,-2710960.6668570666,-4276203.709889893,3865835.746935621,204.46824803207534,-1020.0825513752073,3.054538016931878,5.485109593719244,9,True,2
2742.0,300.0,-2711028.96111805,-4276329.606070116,3865994.2405133834,-2710968.380409229,-4276183.595163288,3865852.474840803,212.3363207656469,-1011.2154165826626,4.944736580881807,7.682674128562212,9,True,2
2743.0,300.0,-2711037.152429374,-4276310.9447551,3866010.9413516675,-2710975.999105131,-4276163.644551475,3865869.0883104154,213.44639693952013,-1008.2556573932475,3.333572111195988,8.340443067252636,9,True,2
2744.0,300.0,-2711040.300594589,-4276286.421036211,3866011.3268385804,-2710983.581775277,-4276143.884831395,3865885.516949516,198.3978889351887,-1017.7013002403196,2.388378383798732,5.5664967224001884,9,True,2
2745.0,300.0,-2711049.361862961,-4276269.136314241,3866033.8570962474,-2710991.087705052,-4276124.317792441,3865901.787157839,204.47677219587544,-1009.0806310390918,3.485998153272602,7.172196213155985,9,True,2
2746.0,300.0,-2711057.645425831,-4276251.488096405,3866050.9541729605,-2710998.4911063635,-4276104.935760894,3865917.92533484,206.57563343009028,-1006.6122145177168,3.337710175663233,6.723972141742706,9,True,2
2747.0,300.0,-2711066.516416681,-4276240.503287435,3866073.083027885,-2711005.818433181,-4276085.6979417885,3865933.957879711,216.80578197085194,-996.3965921478784,3.5691184662282467,6.898695982992649,9,True,2
2748.0,300.0,-2711072.3600707278,-4276223.175724562,3866097.0291088694,-2711013.199525588,-4276066.578083148,3865949.823197495,222.91785873086425,-988.2424963342554,6.365143971724643,11.102797504514456,9,True,2
2749.0,300.0,-2711082.9062690316,-4276200.021897602,3866104.3514435543,-2711020.587300675,-4276047.501919313,3865965.635681175,215.37887623114563,-991.8383663184497,2.460264371501075,6.24189955368638,9,True,2
2750.0,300.0,-2711087.769013699,-4276180.514650673,3866116.287034556,-2711027.881774764,-4276028.476777247,3865981.4569265633,211.85172731015896,-991.7192528810183,4.308872962163554,7.407036628574133,9,True,2
2751.0,300.0,-2711101.661848096,-4276165.252743899,3866131.7853799565,-2711035.142653305,-4276009.464804182,3865997.286933593,216.29728965277152,-984.9490325710736,2.5431194723480277,5.06597039103508,9,True,2
2752.0,300.0,-2711098.3427343266,-4276141.726409563,3866149.513935788,-2711042.3850815827,-4275990.440379577,3866013.143300815,211.2242217467426,-984.1321183449099,5.144852915985717,10.679186560213566,9,True,2
2753.0,300.0,-2711116.1612141537,-4276124.6491540875,3866175.1723248214,-2711049.6427522264,-4275971.374132145,3866029.034827324,221.97771578101634,-971.8662044319137,3.7982542903295586,5.709417641162872,7,True,2
2754.0,300.0,-2711111.2812266694,-4276100.041213513,3866180.81974883,-2711056.800754462,-4275952.282851812,3866045.023107708,207.9456252113438,-980.349298494298,4.8898533127374115,8.549882512539625,9,True,2
2755.0,300.0,-2711119.619743163,-4276078.585901815,3866204.9858497856,-2711063.692593788,-4275933.16797831,3866061.2225314127,211.99554293304104,-977.3018141677433,7.442503813240263,16.371518649160862,9,True,2
2756.0,300.0,-2711137.619457144,-4276061.922773711,3866217.4174037725,-2711070.329792361,-4275913.998177814,3866077.6594945504,214.34051937990492,-967.3141737754315,2.6362757698765824,4.747783999890089,7,True,2
2757.0,300.0,-2711146.698913935,-4276052.262654714,3866241.407567781,-2711076.8012483297,-4275894.765141902,3866094.281200172,226.57740011992527,-956.7791169922028,2.7919916990213096,5.387943860143423,8,True,3
2758.0,300.0,-2711141.8902196954,-4276029.869810787,3866258.3547120974,-2711083.163259419,-4275875.409145799,3866111.114044417,221.3295441431698,-959.291992507811,7.125266905460093,12.106289241462946,9,True,2
2759.0,300.0,-2711150.0080731926,-4276002.238300694,3866273.3274923405,-2711089.423286286,-4275855.925456876,3866128.1580256782,214.8304883429219,-957.7102921473861,4.123979606562191,9.301520202308893,9,True,2
2760.0,300.0,-2711163.7144212723,-4275985.359304876,3866281.52588531,-2711095.4370030933,-4275836.317476384,3866145.509932762,213.0155201408716,-957.9927972806885,2.7114169895648956,7.6903095953166485,8,True,2
2761.0,300.0,-2711159.48254119,-4275962.791142181,3866298.5841855993,-2711101.1496369075,-4275816.531824295,3866163.266553424,207.6183454510918,-957.6158123431612,3.214208592557245,7.7347352132201195,9,True,2
2762.0,300.0,-2711167.2357751513,-4275951.196122976,3866320.3072839472,-2711106.472286667,-4275796.576807146,3866181.480678917,216.49979359057005,-951.1388662558395,4.494891143403947,6.916483126580715,8,True,2
2763.0,300.0,-2711161.888279763,-4275924.9105546605,3866325.0959438086,-2711111.349524673,-4275776.4475171305,3866200.19630076,200.4878053956042,-960.1814042043059,5.418681798037142,9.24365310370922,8,True,2
2764.0,300.0,-2711163.2017476927,-4275885.374192323,3866317.542498194,-2711115.915239771,-4275756.0910955295,3866219.378218588,169.07500920731462,-980.9093980019795,1.7795325267527784,3.854386556893587,7,True,2
2765.0,300.0,-2711175.4578697747,-4275874.954754724,3866339.4915348953,-2711120.2395607973,-4275735.519140283,3866238.964835314,180.54630860165656,-972.4176591096149,2.090298461594752,4.896186176687479,7,True,2
2766.0,300.0,-2711181.053782562,-4275860.137482709,3866366.570982411,-2711124.2478587013,-4275714.778967097,3866258.956147357,189.57047177833115,-963.6101687407687,1.205137307622603,2.44975109025836,7,True,2
2767.0,300.0,-2711182.1733935135,-4275835.798350902,3866379.845988805,-2711127.8429009616,-4275693.948245213,3866279.334553158,182.1422619841798,-964.5763995213434,1.1504130363464355,2.3952692709863186,7,True,2
2768.0,300.0,-2711191.7458094102,-4275813.904288612,3866426.088478212,-2711131.0325837247,-4275672.989924817,3866300.135244853,198.51239429931184,-948.6392955155411,1.8944199575732152,2.574357822537422,6,True,2
2769.0,300.0,-2711190.3423790624,-4275791.782191959,3866430.1942144204,-2711133.961662282,-4275651.868286037,3866321.296626193,186.04669042175678,-955.4382440620526,1.5803282266216618,3.098209422081709,7,True,2
2770.0,300.0,-2711193.4484102693,-4275767.908504913,3866463.3465159745,-2711136.904505311,-4275630.537513588,3866342.67791183,191.3868189601775,-950.6242395549269,1.5371570065617561,2.2053081914782524,7,True,2
2771.0,300.0,-2711193.8609866337,-4275744.166329894,3866471.3680952797,-2711139.8871182757,-4275608.989123276,3866364.2703008,180.70969325667403,-958.3421038583876,3.0934524440339635,6.1971121057868,7,True,2
2772.0,300.0,-2711196.574679227,-4275731.339504571,3866499.430569001,-2711142.8979778746,-4275587.254448289,3866386.047394605,191.0430211965583,-950.425856575039,2.3981229854481563,3.76478561013937,7,True,2
2773.0,300.0,-2711197.959138636,-4275702.926161938,3866509.412235563,-2711146.1035722946,-4275565.332049095,3866407.8948072623,178.68107873674896,-958.5175843502836,1.1936793087848596,2.3241406343877316,7,True,2
2774.0,300.0,-2711208.4328015423,-4275687.35183131,3866561.7461218345,-2711149.4471721933,-4275543.313967529,3866429.750946797,204.0807117433615,-936.1938961687646,3.046609540004283,6.371138468384743,8,True,2
2775.0,300.0,-2711205.4347035997,-4275657.631709262,3866569.134328744,-2711152.763957415,-4275521.352779,3866451.5630207793,187.53444161931066,-952.8487456072224,0.7719610721937248,2.0076952278614044,7,True,2
2776.0,300.0,-2711206.3627489614,-4275639.472949722,3866576.6514775637,-2711156.0129955686,-4275499.466429977,3866473.339828336,181.13591610712416,-961.3821371202264,1.084264616881098,1.5510917603969574,7,True,2
2777.0,300.0,-2711211.319591133,-4275620.565478277,3866603.3631027737,-2711159.205373376,-4275477.655902334,3866495.0725711454,186.72406869278467,-957.6658142692495,2.043741191604308,2.8161053471267223,7,True,2
2778.0,300.0,-2711214.2001314317,-4275594.130033865,3866623.9201774574,-2711162.403547259,-4275455.953688848,3866516.6820618976,182.4160132306747,-959.97875503408,1.6207368150353432,2.4709874279797077,7,True,2
2779.0,300.0,-2711217.806910313,-4275568.156398076,3866645.846002405,-2711165.547390921,-4275434.429962616,3866538.133107353,179.4878398895598,-961.6581990067593,1.485760427479233,3.6510917469859123,7,True,2
2780.0,300.0,-2711226.490421919,-4275554.7779771,3866672.4703360903,-2711168.659510116,-4275413.054370848,3866559.44330621,190.27638952949496,-955.4516684444231,1.374991484518562,2.145688071846962,7,True,2
2781.0,300.0,-2711231.6765348725,-4275535.602228576,3866704.753023045,-2711171.7478016345,-4275391.789865627,3866580.647854038,199.1872028491573,-948.9362004702857,2.727744607254863,6.4745244942605495,8,True,2
2782.0,300.0,-2711223.453827415,-4275506.581288811,3866700.3308060276,-2711174.82632854,-4275370.691618805,3866601.676363642,174.82372568852247,-971.3665025561213,1.499647221927132,2.3890582472085953,7,True,2
2783.0,300.0,-2711226.6611888646,-4275481.553820876,3866718.0203304444,-2711178.0287612644,-4275349.722933842,3866622.476045708,169.92117624465806,-977.3622509237606,1.2710952221282892,2.0077280327677727,7,True,2
2784.0,300.0,-2711234.7344050305,-4275465.651078342,3866747.574908287,-2711181.4796238644,-4275328.700703863,3866643.161282503,180.26004004328652,-970.2735577324789,0.7372455091348716,1.7706548050045967,7,True,2
2785.0,300.0,-2711238.9717936344,-4275443.080884177,3866775.012914871,-2711185.2471483685,-4275307.501547882,3866663.820059528,183.3901442782103,-969.5838942196002,0.7051046341657639,1.129100363701582,7,True,2
2786.0,300.0,-2711234.0360362013,-4275418.386136401,3866784.0380116007,-2711189.502951526,-4275286.016631156,3866684.452377031,171.5289484670022,-981.6098981653586,1.4536685730729784,3.6726656667888165,7,True,2
2787.0,300.0,-2711240.7649744144,-4275393.163370646,3866800.843901504,-2711194.547828129,-4275264.159342343,3866704.943856204,167.2569359326744,-985.844831021332,1.152123138308525,1.7691985256969929,7,True,2
2788.0,300.0,-2711250.949919391,-4275374.89725103,3866825.2546783485,-2711200.434430901,-4275241.8642382845,3866725.3296917975,173.880993771205,-979.5679470383722,1.5485234313777514,3.504631783813238,7,True,2
2789.0,300.0,-2711265.46606835,-4275352.171779117,3866861.3584108315,-2711207.0105370646,-4275219.171764765,3866745.671473127,185.71354423106266,-966.1192577999169,0.7571122076894555,1.2151838690042496,7,True,2
2790.0,300.0,-2711264.874280322,-4275328.471403574,3866866.609283326,-2711214.249913388,-4275196.106560345,3866765.960402288,173.8202390537269,-975.6518538196495,2.3059215593550886,3.0797152183949947,7,True,2
2791.0,300.0,-2711272.13998088,-4275310.910958006,3866897.512673453,-2711222.2932465603,-4275172.659510037,3866786.108496955,184.41542866329658,-965.0409276474719,0.9919603924666133,1.781836599111557,7,True,2
2792.0,300.0,-2711277.324729178,-4275275.813664475,3866905.4006542894,-2711230.7994415453,-4275148.886690512,3866806.291723497,167.62350453183242,-975.6569769892434,1.7120771620954787,3.854301691055298,7,True,2
2793.0,300.0,-2711290.525248418,-4275262.190781835,3866925.1650726544,-2711239.400754341,-4275124.901139072,3866826.6420550128,176.54728802698642,-968.2457938428936,2.0596468379454955,3.9495206028223038,7,True,2
2794.0,300.0,-2711300.8367887926,-4275234.416015828,3866951.5514591294,-2711248.0293835527,-4275100.793919729,3866847.1067007584,177.62937303617363,-963.1932282161837,1.8307749985584192,2.829730849713087,7,True,2
2795.0,300.0,-2711309.7258815863,-4275210.259538101,3866987.9819539227,-2711256.840730553,-4275076.562614389,3866867.5800815984,187.53217715670294,-950.4119510918067,2.4776961524039507,4.648353967815638,8,True,2
2796.0,300.0,-2711321.441145809,-4275188.491655158,3867008.0442303238,-2711265.886593421,-4275052.206416152,3866888.0270048687,189.9055266908253,-947.1418859868967,0.7047892872776303,1.237709864974022,7,True,2
2797.0,300.0,-2711329.5174816907,-4275165.220439717,3867017.024393024,-2711275.018812038,-4275027.739168193,3866908.535451998,183.41498122752776,-949.8598231818445,1.792388172021934,3.354392148554325,7,True,2
2798.0,300.0,-2711341.921614887,-4275144.658462736,3867061.8795887767,-2711284.178121,-4275003.166407282,3866929.140614788,202.42022640605546,-929.7214871107146,4.907384177669883,7.785553473979235,8,True,2
2799.0,300.0,-2711341.6955796164,-4275104.268824296,3867054.5737359156,-2711293.3088789824,-4274978.499384008,3866949.868886528,170.65266008412058,-948.5489540573972,1.7750062293240003,3.943669233471155,7,True,2
2800.0,300.0,-2711347.052523164,-4275080.727830884,3867066.5609367387,-2711302.4215279943,-4274953.787557722,3866970.6586798057,165.23619931821992,-947.8849183801502,2.4930583339716708,4.736369792371988,7,True,2
2801.0,300.0,-2711354.300982435,-4275050.696492588,3867085.445615363,-2711311.4970938843,-4274929.066997729,3866991.483600016,159.5455020446357,-948.6328257468494,1.5775674528309278,2.7779253758490086,7,True,2
2802.0,300.0,-2711366.0501881805,-4275029.073745304,3867107.6738248877,-2711320.479511491,-4274904.381274896,3867012.334848847,163.44546216685467,-938.4986646538983,1.6971676817962102,4.0384512431919575,7,True,2
2803.0,300.0,-2711379.273878239,-4275008.639936004,3867136.617940234,-2711329.4610857945,-4274879.743956063,3867033.133244464,172.6400017221654,-925.0675985141162,1.4184324161282607,2.0117837339639664,7,True,2
2804.0,300.0,-2711379.5234647067,-4274972.812932335,3867141.703087114,-2711338.4635617905,-4274855.189324271,3867053.8259998034,152.45855592790633,-935.3970661424556,2.5059896100844656,4.681655362248421,7,True,2
2805.0,300.0,-2711392.4703439227,-4274951.340410126,3867173.0515882787,-2711347.553877339,-4274830.690950246,3867074.395520056,162.19371423397206,-919.1436380090448,1.2281719371676445,1.6873022876679897,7,True,2
2806.0,300.0,-2711402.6698460663,-4274930.476208906,3867192.132436305,-2711356.750792374,-4274806.22892398,3867094.850604236,164.34628731435703,-912.1939295584399,0.7324952738625663,1.2898994460701942,7,True,2
2807.0,300.0,-2711415.317796479,-4274907.712393534,3867219.1760778567,-2711365.876309389,-4274781.83601985,3867115.279231852,170.53995633654228,-897.7757992575728,1.2260292092604297,2.571320913732052,7,True,2
2808.0,300.0,-2711429.105605558,-4274897.411440127,3867259.9772066223,-2711374.840474722,-4274757.601345227,3867135.646211877,194.80698990232338,-875.888048275059,3.0391058530658484,5.683463908731937,8,True,2
2809.0,300.0,-2711427.491236497,-4274854.228723758,3867251.5665962775,-2711383.676122546,-4274733.560166276,3867155.889960336,160.108349689723,-893.5202858854371,0.9588707584355559,1.7052604332566261,7,True,2
2810.0,300.0,-2711444.9608727023,-4274848.558221903,3867307.675204494,-2711392.4015911072,-4274709.724894066,3867175.984085064,198.44324613517009,-856.1255775283179,5.199843625538051,6.982722394168377,8,True,2
2811.0,300.0,-2711455.684842776,-4274824.080447698,3867322.4698824985,-2711401.001327334,-4274686.153475135,3867195.87580099,195.03896558014503,-846.4208171236755,3.685282772872597,6.0682758167386055,8,True,2
2812.0,300.0,-2711459.467977734,-4274791.097028348,3867321.2002510945,-2711409.522241465,-4274662.936352468,3867215.433144248,173.51200622442997,-854.3955350854399,2.050488768411534,3.1527637280523777,7,True,2
2813.0,300.0,-2711470.463161031,-4274782.208593044,3867366.8032393516,-2711418.0304277525,-4274640.11173886,3867234.568140925,201.06424034161316,-826.8503447819475,6.226124515291303,9.374666426330805,8,True,2
2814.0,300.0,-2711477.3197240215,-4274749.720861446,3867359.085039281,-2711426.785533602,-4274617.627127085,3867253.1576274014,176.70052531424537,-836.250871395816,2.1917198662246977,5.246142126619816,7,True,2
2815.0,300.0,-2711481.649796072,-4274727.774104926,3867397.3428751007,-2711436.289143543,-4274595.316608036,3867271.034453128,188.5640335307499,-815.8771010925257,6.139758900273591,10.883791003376245,8,True,2
2816.0,300.0,-2711502.785050667,-4274705.029301153,3867402.337867177,-2711446.9475419084,-4274572.946508017,3867288.1722310144,183.29616500951906,-810.6006039617522,1.6077495174748557,2.4763772822916508,7,True,2
2817.0,300.0,-2711505.934164151,-4274678.80045285,3867417.761181614,-2711458.916549909,-4274550.48208429,3867304.500586032,177.4942879938062,-805.4626004560763,2.6081517129205167,5.139087196439505,8,True,2
2818.0,300.0,-2711515.9157247776,-4274649.664330011,3867415.307938903,-2711472.318098358,-4274527.93412796,3867319.922750841,160.67771850025161,-806.8519525147312,1.697743583470583,2.973063677549362,7,True,2
2819.0,300.0,-2711533.681584354,-4274636.506257332,3867461.296244039,-2711487.007444304,-4274505.33835224,3867334.50031464,188.31012290351762,-769.793487029296,4.952572081238031,9.285252764821053,8,True,2
2820.0,300.0,-2711547.1021932247,-4274615.22380567,3867460.811985298,-2711502.813840486,-4274482.738953761,3867348.303663282,179.3650375531438,-768.5972675492795,4.838214031420648,8.898994091898203,8,True,2
2821.0,300.0,-2711565.150763825,-4274593.046159631,3867482.7143682665,-2711519.6884765616,-4274460.190926115,3867361.3064090414,185.6265746032177,-747.7660900913887,4.006886851973832,6.10474506020546,8,True,2
2822.0,300.0,-2711588.546850574,-4274577.685018649,3867519.3821734875,-2711537.722181066,-4274437.820949277,3867373.3062140574,208.52647519068972,-718.0203665397172,8.026853568386286,14.051274619996548,8,True,2
2823.0,300.0,-2711604.9541381076,-4274537.256772145,3867491.20949569,-2711556.90901368,-4274415.801064507,3867384.118336506,168.9033429934608,-735.4307552809299,0.5580343364604882,0.9707737378776073,7,True,2
2824.0,300.0,-2711621.540076912,-4274521.261565983,3867506.1161043886,-2711576.908759488,-4274394.122713632,3867393.989111515,175.29604902295236,-717.7998197174517,3.9341259444398538,7.242424499243498,7,True,2
2825.0,300.0,-2711649.4095913405,-4274500.114886405,3867522.1017091726,-2711597.284596138,-4274372.526102917,3867403.507973333,181.82515496245935,-702.0800369511381,1.3878936129622161,2.272658921778202,8,True,2
2826.0,300.0,-2711663.490532204,-4274466.242316801,3867508.6159177837,-2711617.701190808,-4274350.911433989,3867413.018024049,156.64237486142665,-709.3482815822175,3.008463176432997,4.570880368351936,8,True,2
2827.0,300.0,-2711684.7871057023,-4274456.617506614,3867538.017886026,-2711637.846479936,-4274329.380516347,3867422.624832954,178.0680508595709,-682.5270832791875,2.9381787297315896,7.926052521914244,8,True,2
2828.0,300.0,-2711701.686799179,-4274427.937837092,3867548.0701605678,-2711657.542054303,-4274307.99845734,3867432.381184175,172.38953731118923,-674.2357274527031,2.6909220991656184,4.042642116546631,8,True,2
2829.0,300.0,-2711719.888088775,-4274407.745725281,3867543.4934988893,-2711676.7393223853,-4274286.804105925,3867442.278279645,163.50294168574615,-669.2523780604356,2.755138418171555,5.993883017450571,8,True,2
2830.0,300.0,-2711744.6351545798,-4274391.985845595,3867573.128519775,-2711695.1404619305,-4274265.657853665,3867452.6768120513,181.43070313203853,-641.7086786291281,3.291894702706486,7.832771424204111,8,True,2
2831.0,300.0,-2711755.4953735773,-4274361.954771818,3867561.816342113,-2711712.681272275,-4274244.376055012,3867463.823105771,158.93544691061498,-648.9205624542554,2.808554766965764,6.110440589487553,7,True,2
2832.0,300.0,-2711772.294498383,-4274339.057397373,3867574.35982444,-2711729.5863879286,-4274222.752088744,3867475.7875359706,158.32688832897827,-638.3387191863513,2.0417091915650025,4.230220105499029,7,True,2
2833.0,300.0,-2711787.9311208203,-4274316.8867097385,3867585.251751779,-2711745.845764849,-4274200.704173981,3867488.666869081,156.83812791548843,-628.8905941485064,1.7353762196643012,3.7166397646069527,7,True,2
2834.0,300.0,-2711807.25815488,-4274295.110831283,3867605.1893135416,-2711761.2025532317,-4274178.355197256,3867502.505086436,162.16364270826008,-612.4271737769567,1.339291540639741,2.995586145669222,7,True,2
2835.0,300.0,-2711820.624716307,-4274269.850980927,3867612.8767552413,-2711775.53146293,-4274155.952944965,3867517.117438474,155.48636867534816,-608.2372085082911,1.5504222581429141,3.0612176433205605,7,True,2
2836.0,300.0,-2711840.1752188434,-4274254.06886305,3867637.993883228,-2711788.830402357,-4274133.6590313,3867532.327974245,168.22634182353545,-587.5231149643947,2.1489544457622936,5.943059995770454,7,True,2
2837.0,300.0,-2711850.3473278363,-4274230.88193152,3867651.3961303234,-2711801.05182808,-4274111.43150289,3867548.215865072,165.36208251459576,-581.1658564778502,1.8602966560671728,4.024644050747156,6,True,2
2838.0,300.0,-2711846.5007991833,-4274194.061435205,3867647.181522284,-2711812.2630894943,-4274089.211606866,3867564.798700589,137.66857512854034,-593.7517817333994,1.918310760919537,2.713539570569992,7,True,2
2839.0,300.0,-2711862.8017070633,-4274180.99510535,3867669.8085822077,-2711822.5315341856,-4274066.940588572,3867582.0940700416,149.41203186381958,-574.8776918053032,2.4377962624033294,4.022198606282473,6,True,2
2840.0,300.0,-2711874.535712714,-4274161.1317749005,3867698.5236079814,-2711831.8759160857,-4274044.598536944,3867600.110765058,158.38226368259404,-555.7166093716353,1.7057122228046258,3.091792818158865,6,True,2
2841.0,300.0,-2711883.2751313783,-4274136.356169044,3867716.0476825153,-2711840.4107114505,-4274022.200976288,3867618.7520108097,155.99748158729275,-545.3341480863513,0.8448135660340389,1.6292796470224857,6,True,2
2842.0,300.0,-2711888.531494245,-4274108.122077047,3867725.7737039397,-2711848.446719326,-4273999.743050872,3867637.806670378,145.22741300628525,-542.5156821189292,1.763148653631409,3.5084173940122128,6,True,2
2843.0,300.0,-2711902.0449893563,-4274092.6431534635,3867756.538562121,-2711856.3364943704,-4273977.137308506,3867657.1251890464,159.10337984846228,-516.4460608361435,2.273683713749051,4.010602332651615,6,True,2
2844.0,300.0,-2711936.1862446116,-4274092.32440699,3867813.389326807,-2711864.202802312,-4273954.329893675,3867676.681173208,207.1550649412341,-467.8294423933643,6.525899063795805,14.634755242615938,7,True,3
2845.0,300.0,-2711919.350599764,-4274048.544024043,3867794.54140941,-2711872.05972506,-4273931.3759832885,3867696.4042441626,159.986498828033,-493.8918820132137,1.4015750009566545,2.913734517991543,6,True,2
2846.0,300.0,-2711918.0226397784,-4274019.868831336,3867801.0443676854,-2711879.917720421,-4273908.325040798,3867716.2328210818,145.2136375278998,-492.8504307596206,1.2075170411595277,3.2282908260822296,7,True,2
2847.0,300.0,-2711927.8521069637,-4273993.762677904,3867824.3972439133,-2711887.716072105,-4273885.295736935,3867736.078932799,145.520110828376,-479.428588469263,1.9411934905995925,4.030942689627409,6,True,2
2848.0,300.0,-2711937.3999608266,-4273972.0930480175,3867843.7021964565,-2711895.456952112,-4273862.406915332,3867755.810624215,146.68057865517727,-467.7183897151253,1.1119098413203443,2.534488685429096,7,True,2
2849.0,300.0,-2711945.863954852,-4273954.331488843,3867873.2534359163,-2711903.1405713204,-4273839.642415796,3867775.4454902895,156.6692860914719,-447.4674930395067,1.602611799857446,2.253792989999056,7,True,2
2850.0,300.0,-2711955.432542921,-4273932.230573745,3867887.649312966,-2711910.771181016,-4273816.9594692215,3867795.0275166025,154.4696149634516,-436.65705207831957,1.5510296725801058,4.056203443557024,7,True,2
2851.0,300.0,-2711955.3063898548,-4273904.506935267,3867901.0996581498,-2711918.352201574,-4273794.3799519,3867814.530312868,144.87172270503444,-431.774837658286,1.6380101500877313,3.183841895312071,7,True,2
2852.0,300.0,-2711975.0698412415,-4273894.321485409,3867956.09495926,-2711925.905598178,-4273771.921988112,3867833.91869221,179.7937706503882,-385.9259359858041,5.246834402438253,11.429957151412964,8,True,2
2853.0,300.0,-2711971.4994167355,-4273856.689710272,3867937.90974602,-2711933.4952938226,-4273749.504942624,3867853.2366399686,141.78301260189372,-405.5087798184183,0.821796635964087,2.1598708406090736,7,True,2
2854.0,300.0,-2711982.5910857795,-4273838.679612667,3867966.1754099494,-2711941.185416054,-4273727.032017702,3867872.545734645,151.4798040813668,-383.1633317952051,1.33720506301948,2.3889399506151676,7,True,2
2855.0,300.0,-2711988.100578487,-4273817.966247788,3867980.797447272,-2711948.9542072164,-4273704.468927662,3867891.898757213,149.38894588841964,-372.780293940716,0.4235852834369455,0.8171699792146683,7,True,2
2856.0,300.0,-2711997.1628617723,-4273794.0980802355,3868002.384621344,-2711956.7200300307,-4273681.8354141945,3867911.330894444,150.09766823067378,-358.29323580498203,1.7814217289643628,2.683116838335991,7,True,2
2857.0,300.0,-2712007.0421271254,-4273776.19765012,3868022.865481473,-2711964.4750106093,-4273659.168533465,3867930.8069585855,154.8629884437553,-343.03129110128344,1.7571320916925157,3.272306963801384,7,True,2
2858.0,300.0,-2712016.690815797,-4273753.482446334,3868049.6580687966,-2711972.2517836643,-4273636.519713432,3867950.247778609,159.80461276249247,-322.708998787919,2.356489750955786,4.728836089372635,7,True,2
2859.0,300.0,-2712009.6824576133,-4273726.060292035,3868045.3000271516,-2711980.048491332,-4273614.034410665,3867969.4950139937,138.47154969256462,-327.12063123232383,2.6971599528832093,6.156596716493368,7,True,2
2860.0,300.0,-2712020.3099346533,-4273702.335792399,3868062.276091622,-2711987.71938053,-4273591.829168879,3867988.522276361,136.79723434829387,-314.1151902883206,3.925087007028716,9.545191515237093,7,True,2
2861.0,300.0,-2712036.831565377,-4273691.314019468,3868123.152550159,-2711995.168112017,-4273569.917037855,3868007.382347581,172.84620416863243,-265.4033092888342,3.6016266737133265,6.238291956484318,8,True,2
2862.0,300.0,-2712048.4976990484,-4273666.128558542,3868133.8415014716,-2712002.272344525,-4273548.319553196,3868026.1368055376,166.18076503455828,-253.67127427354288,2.5411291143723895,3.974115464836359,7,True,2
2863.0,300.0,-2712051.8810568075,-4273642.630672625,3868148.2688964605,-2712008.7728845053,-4273527.056926608,3868044.94399016,160.90879885740767,-242.97210158816947,1.5103091392666101,3.3122583143413067,6,True,2
2864.0,300.0,-2712055.631003069,-4273623.079365659,3868160.5844521294,-2712014.3406086634,-4273506.121607357,3868064.0414088606,157.17688475344508,-229.27012543318435,0.7214319333434105,1.3017918765544891,6,True,2
2865.0,300.0,-2712051.628947569,-4273595.800071594,3868154.8431931175,-2712018.732065694,-4273485.459690906,3868083.657769733,135.36827157772612,-237.63435713778043,0.5137196164578199,0.7669856511056423,6,True,2
2866.0,300.0,-2712064.8994504777,-4273583.056916654,3868202.274703773,-2712022.028896576,-4273465.051434117,3868103.757882036,159.58929308015084,-199.36264682473677,2.3134055829473903,4.943661920726299,7,True,2
2867.0,300.0,-2712076.648761707,-4273574.0593172265,3868242.2429462248,-2712024.3649514974,-4273444.843959363,3868124.306555341,182.5902456662436,-163.38652284731464,2.3085585875170573,4.470290061086416,7,True,2
2868.0,300.0,-2712078.5611976497,-4273563.474482415,3868261.7212486262,-2712025.721487206,-4273424.85717921,3868145.294989,188.57853981385907,-143.26457278167294,2.665358525833913,5.352876506745815,7,True,2
2869.0,300.0,-2712072.4644016186,-4273531.306636688,3868275.777056989,-2712026.1319704778,-4273405.07787195,3868166.714382384,173.13307660480865,-139.53673900223,2.889805842190981,4.9309460781514645,7,True,2
2870.0,300.0,-2712069.182892639,-4273507.1856486695,3868282.8558831336,-2712025.763093535,-4273385.488426072,3868188.467970678,160.01428361245192,-131.2963439784712,1.5205324201711587,2.4933101683855057,7,True,2
2871.0,300.0,-2712066.667854915,-4273483.146967194,3868293.871234039,-2712024.907930593,-4273366.023088001,3868210.4238046906,149.75101943390996,-123.97823522725591,1.3740955001364152,1.922615922987461,6,True,2
2872.0,300.0,-2712061.7101900917,-4273455.441308116,3868328.551794511,-2712023.7589675933,-4273346.671924965,3868232.4587333184,150.01650045685642,-101.40966085051025,1.485537369868585,2.1805789582431316,7,True,2
2873.0,300.0,-2712065.2647389085,-4273448.492019031,3868346.737443971,-2712022.5576815237,-4273327.353832592,3868254.493588759,158.1369083690865,-82.07049456816726,2.3563466471220766,3.5580016933381557,7,True,2
2874.0,300.0,-2712062.4511624593,-4273425.624177362,3868362.845935369,-2712021.4858800843,-4273308.025574619,3868276.44920426,151.56510440548251,-71.3064365428304,0.4696934015623161,1.005298312753439,7,True,2
2875.0,300.0,-2712063.7502121967,-4273408.81393153,3868389.2809876543,-2712020.435724731,-4273288.731541808,3868298.351969436,156.72910227550142,-50.46018015190686,0.5992214983063084,1.1696373969316483,7,True,2
2876.0,300.0,-2712060.9762182906,-4273387.193387075,3868413.343960109,-2712019.2620869856,-4273269.539791337,3868320.228273556,155.7336457638047,-32.62803041151949,2.5648879387548993,4.584119021892548,7,True,2
2877.0,300.0,-2712063.9811105803,-4273381.536083524,3868440.9744008253,-2712017.9653781806,-4273250.417997982,3868342.113301752,170.53714227221607,-7.920206947466748,3.0691691248544624,4.660392925143242,7,True,2
2878.0,300.0,-2712060.4519270873,-4273358.120411377,3868484.935532113,-2712016.679642819,-4273231.297123769,3868363.9894615593,180.63253065876623,18.59860826980314,5.803767167859608,12.358675736933947,9,True,2
2879.0,300.0,-2712065.460130634,-4273338.908979366,3868511.117007726,-2712015.449221006,-4273212.181094166,3868385.82156842,185.09455713172378,38.4307575265925,2.7330896891653538,5.96443048864603,8,True,2
2880.0,300.0,-2712066.6093433895,-4273326.68892959,3868526.7356852144,-2712014.292860196,-4273193.049994786,3868407.6184189017,186.50818331412233,55.14154128220047,3.5194359276857643,8.06913985684514,9,True,2
2881.0,300.0,-2712063.5155230933,-4273300.611036345,3868545.9537313054,-2712013.3139521065,-4273173.91837335,3868429.292052319,179.39112556188684,66.35960520298732,2.2535704494350486,5.177717637270689,9,True,2
2882.0,300.0,-2712063.5939781955,-4273296.632610423,3868572.2672077063,-2712012.594126732,-4273154.766489951,3868450.80728558,193.59621295347452,90.93934994021423,5.273831858765334,12.124560818076134,8,True,2
2883.0,300.0,-2712058.4564381843,-4273269.019111351,3868587.3519699853,-2712012.333729688,-4273135.547360306,3868472.076159765,182.29241615629365,94.21807111388739,5.793714284069008,17.7106940895319,9,True,2
2884.0,300.0,-2712063.2465223717,-4273245.374068013,3868615.037244475,-2712012.737343769,-4273116.171226802,3868493.054697147,184.72761881410833,112.19245833976876,2.1021330608054996,5.775306407362223,8,True,2
2885.0,300.0,-2712058.4077817616,-4273222.1170706,3868608.750553316,-2712013.764251713,-4273096.639880479,3868513.769288452,163.58181650491983,106.02569342131312,1.3818081840872765,2.3009651601314545,7,True,2
2886.0,300.0,-2712060.425100789,-4273205.635613839,3868639.5441539655,-2712015.2957338034,-4273076.980567436,3868534.2727119406,172.25230690935126,128.19122893042237,1.7933380103537016,2.91775119304657,7,True,2
2887.0,300.0,-2712058.278612694,-4273182.903227747,3868642.249678847,-2712017.3985003554,-4273057.183014843,3868554.5297858175,158.65539748367155,127.53404955983609,0.8614560456148216,2.028566624969244,7,True,2
2888.0,300.0,-2712066.79761865,-4273157.726780102,3868674.8944481798,-2712020.232586215,-4273037.169701176,3868574.5141246095,163.64143999882694,145.2928122908533,0.8022660841899258,1.6099936366081238,7,True,2
2889.0,300.0,-2712078.2453098497,-4273151.60334458,3868707.874984591,-2712023.891106859,-4273016.889541528,3868594.216934896,184.44603648739354,172.22181957989758,1.0185095226126057,2.09633557125926,7,True,2
2890.0,300.0,-2712068.8565975567,-4273113.147330108,3868707.479061271,-2712028.1517452924,-4272996.371394371,3868613.761361203,155.1660770633581,162.4513814082791,1.1074115511562144,2.156823515892029,7,True,2
2891.0,300.0,-2712078.0819476624,-4273104.844769761,3868731.438030435,-2712032.599097237,-4272975.702532289,3868633.34091325,168.4323353223062,186.61761776265917,1.9550023988953658,4.5482142716646194,7,True,2
2892.0,300.0,-2712082.677306896,-4273078.640827845,3868756.8600307275,-2712037.0537679754,-4272955.028882731,3868652.920407498,167.82391234761963,202.94929362211045,2.2503486504512176,4.851316321641207,7,True,2
2893.0,300.0,-2712088.40526553,-4273057.826397128,3868771.3108083173,-2712041.5705733867,-4272934.403843959,3868672.40309036,164.9525740646255,212.31771866488452,0.693948891546045,1.609509166330099,7,True,2
2894.0,300.0,-2712090.386983597,-4273040.100657226,3868789.4324849984,-2712046.028390883,-4272913.751964892,3868691.956082031,165.6300876572712,224.84815841997957,1.5889712790293353,2.840293027460575,7,True,2
2895.0,300.0,-2712087.7463208875,-4273005.209289382,3868805.7808161695,-2712050.5421031145,-4272893.056449448,3868711.5178117855,151.1553086099111,223.6773045643802,1.0627471456925075,2.2776441536843777,6,True,2
2896.0,300.0,-2712105.642380667,-4272996.590977796,3868838.011197635,-2712055.252592129,-4272872.292016453,3868731.0179139255,171.57192468126158,253.99511574439538,1.169635077140161,2.0241600573062897,7,True,2
2897.0,300.0,-2712107.3087177887,-4272972.835789556,3868851.8096998744,-2712060.0713787284,-4272851.434648972,3868750.5443457626,164.99780325780455,259.2553043721634,0.8656376892966884,1.414488185197115,7,True,2
2898.0,300.0,-2712114.1213136776,-4272956.943222212,3868876.072194423,-2712064.857578353,-4272830.509627336,3868770.167472272,172.12838146351447,276.3889498469898,1.2136392295360565,1.801342412829399,7,True,2
2899.0,300.0,-2712121.0340926102,-4272940.807025632,3868897.8603304946,-2712069.58156225,-4272809.519721045,3868789.904883844,177.58968913675395,290.7614772362161,1.093509451087032,2.4380770102143288,7,True,2
2900.0,300.0,-2712120.651440006,-4272913.133639548,3868912.5673961528,-2712074.254616507,-4272788.449747372,3868809.765375058,168.12790886705758,298.9549313302351,1.2454658672213554,2.278110284358263,7,True,2
2901.0,300.0,-2712122.4684162973,-4272890.071999212,3868927.934320176,-2712078.976504618,-4272767.308540704,3868829.669784657,163.15125518098532,306.5618162825373,0.23503397990550315,0.44370120018720627,7,True,2
2902.0,300.0,-2712132.387606953,-4272867.931291752,3868950.9740949282,-2712083.903021181,-4272746.06135278,3868849.54774788,165.80211385226684,320.8843343034706,1.7034676319786481,2.7596499621868134,7,True,2
2903.0,300.0,-2712137.365642504,-4272853.305178243,3868969.7574118953,-2712089.1867356063,-4272724.635392393,3868869.372878405,170.15926488020722,332.19596139418434,1.868065428520952,3.8033221773803234,7,True,2
2904.0,300.0,-2712154.1292348886,-4272841.282027429,3869013.099502945,-2712094.9088662174,-4272703.0432458045,3868889.074812759,194.93367227400128,366.5189167033254,2.3383071443864276,5.071313269436359,7,True,2
2905.0,300.0,-2712155.92856815,-4272811.75284193,3869031.9893653016,-2712101.0845248755,-4272681.259281217,3868908.671142972,187.7333812317115,372.688128686512,3.5777621031738818,6.710926957428455,8,True,2
2906.0,300.0,-2712162.52023076,-4272790.97738654,3869055.0981072015,-2712107.794727844,-4272659.312248759,3868928.073915566,190.9600336115184,386.3169653144552,2.595089556183666,6.236281864345074,8,True,2
2907.0,300.0,-2712161.9542595735,-4272759.121974006,3869048.3063325826,-2712115.1279491107,-4272637.226165214,3868947.1951780776,165.15071031673276,374.496522645735,2.7443665196853027,4.328574389219284,7,True,2
2908.0,300.0,-2712169.293080391,-4272742.655790569,3869067.505036984,-2712123.065642381,-4272615.004781275,3868966.043728329,169.4879150642659,383.86100751757266,0.717273438083274,1.7317568585276604,7,True,2
2909.0,300.0,-2712179.883027219,-4272717.0281989,3869090.311195966,-2712131.504209442,-4272592.649708899,3868984.689931583,170.19509474200814,398.8067613116196,0.43472291848489214,0.9104542769491673,7,True,2
2910.0,300.0,-2712184.2254102454,-4272687.676826444,3869099.2450086046,-2712140.450097828,-4272570.237033886,3869003.045836118,157.9957709576904,402.5216206568916,1.6836043846394335,2.896908078342676,7,True,2
2911.0,300.0,-2712202.600963022,-4272676.126389101,3869126.4662518855,-2712149.882552203,-4272547.948313396,3869020.926742665,174.20516047805742,424.74194412834106,1.3641900595809733,1.7344934977591038,7,True,2
2912.0,300.0,-2712214.7839082475,-4272658.447276569,3869151.77746044,-2712159.6592893754,-4272525.921978892,3869038.279883289,182.98463910781734,442.8787623275523,2.7030287917171205,7.153527107089758,7,True,2
2913.0,300.0,-2712225.5765870214,-4272635.264520635,3869171.5871563945,-2712169.732747897,-4272504.116060806,3869055.184419592,184.03274170280332,454.67500287747583,1.189787031461795,2.506016232073307,6,True,2
2914.0,300.0,-2712223.9301132034,-4272607.022210696,3869172.11966678,-2712180.19361864,-4272482.376770191,3869071.7458980186,165.90437080049014,447.2404730476903,1.7711562407868249,3.7199670523405075,7,True,2
2915.0,300.0,-2712245.0566099794,-4272590.616672631,3869198.407569296,-2712191.1136449305,-4272460.5863968935,3869088.043478202,178.87970452165823,468.35713532256284,0.5606914231819766,0.9573272466659546,7,True,2
2916.0,300.0,-2712249.919649074,-4272566.330249976,3869212.318439211,-2712202.5782776093,-4272438.714748274,3869104.050776466,173.9218460209959,474.9210261881611,1.492299341729709,2.555924840271473,7,True,2
2917.0,300.0,-2712262.297139125,-4272538.812218973,3869219.053711951,-2712214.680423233,-4272416.726897074,3869119.7414093474,164.42357161918065,478.84877980868487,1.9839510438697678,3.94176022708416,7,True,2
2918.0,300.0,-2712275.6729705483,-4272521.178619749,3869244.0228765123,-2712227.331798609,-4272394.582657662,3869135.220921099,173.7851317657454,494.53426811014276,2.6381672705922807,4.6676901914179325,7,True,2
2919.0,300.0,-2712288.4487297987,-4272504.828641977,3869270.8885169458,-2712240.288329218,-4272372.27659509,3869150.665216129,185.3189450042712,514.0748073949517,2.7845776178874075,6.7838819064199924,8,True,2
2920.0,300.0,-2712310.8802168183,-4272481.102010515,3869279.347636604,-2712253.4454178326,-4272349.8911441965,3869166.05670443,182.61950303129044,524.9497305616537,1.9161878627325808,3.5110452994704247,7,True,2
2921.0,300.0,-2712312.0403040834,-4272450.075262985,3869281.374233517,-2712266.621074651,-4272327.485705447,3869181.456952109,164.54351747636136,522.174054413482,1.2050415543573243,2.089102815836668,7,True,2
2922.0,300.0,-2712323.2980296924,-4272426.892308252,3869293.552706093,-2712279.6490240395,-4272305.045554913,3869196.997885379,161.47662492426375,531.3148186433713,1.1455087949122702,2.109751645475626,7,True,2
2923.0,300.0,-2712342.8233946115,-4272406.011816729,3869313.6361922757,-2712292.5397516824,-4272282.620168644,3869212.6179378014,167.20834698166718,549.8704227725607,1.514522691390344,2.872368346899748,7,True,2
2924.0,300.0,-2712352.8167114183,-4272382.755439745,3869334.895015641,-2712305.219491021,-4272260.192227273,3869228.387469165,169.2072513144445,563.6009412252766,1.6159468665719032,2.419574525207281,7,True,2
2925.0,300.0,-2712366.8504292453,-4272365.177009345,3869366.1282183556,-2712317.401626785,-4272237.606893963,3869244.675869321,182.94805680666536,587.4861430757197,3.383713774383068,9.173666916787624,9,True,2
2926.0,300.0,-2712377.6672868687,-4272341.7925999835,3869383.985491245,-2712328.8721116106,-4272214.8236405,3869261.6766244303,182.9249701441571,595.6771942333235,3.559205630173286,6.83520046249032,9,True,2
2927.0,300.0,-2712387.86125831,-4272317.9406145,3869390.162763843,-2712339.549320307,-4272191.862211488,3869279.424908914,174.6215323888185,604.14123056644,1.0138462508718173,2.292621698230505,6,True,2
2928.0,300.0,-2712400.3943698686,-4272291.641180068,3869403.517874917,-2712349.414310943,-4272168.758689882,3869297.894331917,169.86878947654097,611.734414296236,1.7467155664094858,3.4644702188670635,7,True,2
2929.0,300.0,-2712399.703970735,-4272265.345485898,3869412.3297226164,-2712358.4813978267,-4272145.552102939,3869317.0321178567,158.52882574079615,615.2129735640984,2.276636313647032,3.71263125911355,7,True,2
2930.0,300.0,-2712415.3539092243,-4272248.271453448,3869444.738230981,-2712366.986795553,-4272122.284942993,3869336.6271833545,172.9160984996165,641.8891522135112,2.1409235075116158,3.648491982370615,7,True,2
2931.0,300.0,-2712424.7344450816,-4272231.1784471655,3869481.7133123474,-2712375.2823901144,-4272098.918242908,3869356.477242272,188.7388158770262,668.8518215647142,4.247046950273216,7.4807031862437725,8,True,2
2932.0,300.0,-2712434.2136579975,-4272204.551229525,3869499.075821935,-2712383.6539522847,-4272075.374815599,3869376.46795931,185.13648407097753,681.5274338107993,3.828141972888261,5.963905766606331,8,True,2
2933.0,300.0,-2712442.233132638,-4272185.002972221,3869523.4017260917,-2712392.260892122,-4272051.6256210245,3869396.520179813,190.7502802632662,702.1087546424752,5.731545036658645,11.806400716304779,8,True,2
2934.0,300.0,-2712444.782828066,-4272150.893385824,3869518.6876490847,-2712400.932903721,-4272027.682549272,3869416.7394407433,165.82268630361148,698.3432410368933,1.1569768344717366,2.3493737019598484,7,True,2
2935.0,300.0,-2712452.6650749333,-4272119.716603056,3869528.9645563853,-2712409.566786443,-4272003.514884259,3869437.231277769,154.19240035707955,702.3044407125313,1.080814072063991,2.3968390487134457,7,True,2
2936.0,300.0,-2712465.498274976,-4272100.545306931,3869562.336371005,-2712418.2221831824,-4271979.084751552,3869457.995688362,166.95710054598607,731.0759577766745,2.267146155770336,4.97125581651926,7,True,2
2937.0,300.0,-2712474.2303528395,-4272070.551059705,3869581.3082783213,-2712426.9956195056,-4271954.36293636,3869478.997491113,161.8588805683346,743.2451265888753,0.8562170597059386,1.530617505311966,7,True,2
2938.0,300.0,-2712478.4135338794,-4272044.697225114,3869595.4564367705,-2712435.953598273,-4271929.355325138,3869500.183915673,155.51029965284198,749.75876750057,1.3411989243967193,2.3366569131612778,7,True,2
2939.0,300.0,-2712487.7123113624,-4272018.105001688,3869616.0116112907,-2712445.032440771,-4271904.126403199,3869521.528576306,154.07704620492984,763.7652015087681,1.1861837692558765,2.4010995887219906,7,True,2
2940.0,300.0,-2712494.888006544,-4271994.505181512,3869633.471830901,-2712454.1833821894,-4271878.731188405,3869543.0050876057,152.46217749398852,775.7699496918846,1.2950095518359117,2.934480480849743,7,True,2
2941.0,300.0,-2712519.8632312403,-4271980.035131926,3869678.4614751437,-2712463.391901358,-4271853.146816552,3869564.648626676,179.5634154094236,810.7531407216933,3.37613208219409,7.264697063714266,7,True,2
2942.0,300.0,-2712514.546043414,-4271946.11938278,3869683.8752718884,-2712472.680360692,-4271827.359083393,3869586.459191883,159.20627105738808,805.2476095739308,1.7216324034546102,4.061392143368721,7,True,2
2943.0,300.0,-2712524.651080751,-4271920.147807395,3869713.9065494747,-2712482.041299224,-4271801.372721171,3869608.436781576,164.45968056011992,823.1330100264383,3.0989014212973416,7.46822115406394,8,True,2
2944.0,300.0,-2712539.924940717,-4271895.900326672,3869740.1603493746,-2712491.4525417453,-4271775.185764946,3869630.598983112,170.07431273458872,841.7871561594687,1.639696221332997,3.5419564321637154,8,True,2
2945.0,300.0,-2712543.8000056134,-4271862.615788311,3869747.331369986,-2712500.9177124547,-4271748.803928533,3869652.937000157,153.9556025226539,839.4669591040929,2.1637177132070065,2.930947959423065,7,True,2
2946.0,300.0,-2712552.4738631765,-4271835.860627314,3869772.7489505196,-2712510.3920728667,-4271722.255615397,3869675.4508309327,155.3830746362892,854.0195697807268,1.091768114162343,2.392776168882847,7,True,2
2947.0,300.0,-2712557.937642577,-4271807.470712483,3869782.5148011395,-2712519.7849734225,-4271695.694629459,3869698.034940606,145.21145180602676,857.612104073474,0.9404753638165337,1.6710009910166264,7,True,2
2948.0,300.0,-2712571.1016937983,-4271778.216658978,3869813.2874031006,-2712529.149089845,-4271669.352199798,3869720.399113572,149.1298956695187,875.0859085721355,1.6146328396030836,3.0424025394022465,7,True,2
2949.0,300.0,-2712578.99996558,-4271761.750615444,3869845.307897969,-2712538.5461308747,-4271643.325497114,3869742.393847916,162.02568651982895,894.9710103841883,3.1610876149497926,4.009126525372267,8,True,2
2950.0,300.0,-2712584.847950887,-4271733.490660131,3869862.679368842,-2712547.876143158,-4271617.621856502,3869764.080707644,156.5700808299647,901.9417516077402,3.3086704770103097,4.6466157883405685,8,True,2
2951.0,300.0,-2712596.6854356667,-4271701.664116676,3869880.6388795013,-2712557.024459082,-4271592.241915845,3869785.5388445095,150.30045826175638,908.9569325971786,1.1179737012301172,2.1118638552725315,7,True,2
2952.0,300.0,-2712602.983297726,-4271671.542732399,3869898.722148391,-2712565.9958917783,-4271567.094397934,3869806.864997773,143.9279642421162,917.0037123419204,0.7730596379509994,1.8802363872528076,7,True,2
2953.0,300.0,-2712611.737636203,-4271649.72736619,3869913.0418959223,-2712574.798685377,-4271542.109906363,3869828.129522687,141.9722327648478,924.8862280014115,0.8487757215542453,1.655714686959982,7,True,2
2954.0,300.0,-2712624.0823863903,-4271624.419950601,3869933.6308641043,-2712583.566451136,-4271517.2517227065,3869849.279654526,142.27331667185007,936.2047076956591,0.785000457827534,1.3719911016523838,7,True,2
2955.0,300.0,-2712623.2870203163,-4271595.628982863,3869948.602634382,-2712592.3729619947,-4271492.537169111,3869870.245040852,133.12968687887852,937.5748583236929,1.166179180677448,2.49204882979393,7,True,2
2956.0,300.0,-2712640.1072562104,-4271576.278035876,3869981.7840762218,-2712601.2442165683,-4271467.957759604,3869891.0168892494,146.56841519521797,960.7564491720259,1.7508791142276354,3.151123572140932,7,True,2
2957.0,300.0,-2712636.329684007,-4271538.755581738,3869974.5280665876,-2712610.0504373,-4271443.539765386,3869911.6567605,117.08736746699485,945.2469382657246,3.0964694496776377,5.759581472724676,7,True,2
2958.0,300.0,-2712656.0965836523,-4271521.844815476,3870024.4481437807,-2712618.694712721,-4271419.34473528,3869932.164655831,142.9034937904966,979.3873708952999,1.8010497747787408,2.44376939535141,7,True,2
2959.0,300.0,-2712657.872834265,-4271491.030686534,3870024.5646855547,-2712627.176463588,-4271395.421170377,3869952.487811974,123.60632046012289,972.568861197348,0.6464490943721363,1.1600795723497868,7,True,2
2960.0,300.0,-2712667.847328094,-4271472.380760104,3870046.343678684,-2712635.594682428,-4271371.842572522,3869972.476731672,128.858395828917,983.4771304838733,1.0846185189272677,2.5247107222676277,7,True,2
2961.0,300.0,-2712681.757560127,-4271457.061446055,3870093.141370141,-2712644.100548019,-4271348.64930308,3869991.981919441,152.98522076104922,1010.2862360919532,4.7689225766807795,8.659404452890158,8,True,2
2962.0,300.0,-2712697.1083633723,-4271437.1881139,3870114.872542349,-2712652.6749452567,-4271325.893617572,3870010.959409522,158.61504573096164,1023.604018674139,2.7353450627997518,5.132348075509071,8,True,2
2963.0,300.0,-2712694.338757056,-4271403.455936968,3870104.9878217154,-2712661.289036658,-4271303.513624761,3870029.497146252,129.53606397282837,1009.6050521488827,1.857164445732321,3.4398491084575653,7,True,2
2964.0,300.0,-2712702.8782583047,-4271381.4370112745,3870124.736922216,-2712670.1035942296,-4271281.367119329,3870047.6391031058,130.50760740581006,1019.7120885888867,2.0134086422622204,3.5931023620069027,7,True,2
2965.0,300.0,-2712715.0316653023,-4271368.1568938475,3870162.126939239,-2712679.197188898,-4271259.380140455,3870065.411665129,149.90108746723814,1041.842195019324,3.1240644403733313,6.520491901785135,8,True,2
2966.0,300.0,-2712726.2739296067,-4271344.232393202,3870170.578245286,-2712688.75178474,-4271237.493276066,3870082.753277924,143.22840282062788,1041.2458218573036,1.6226317379623652,3.6873582787811756,6,True,2
2967.0,300.0,-2712743.8396051805,-4271332.183447884,3870212.668285903,-2712698.752667733,-4271215.699828377,3870099.681532651,168.4258648555583,1067.8801540861866,3.9575696853654727,5.498494379222393,7,True,2
2968.0,300.0,-2712741.494750979,-4271306.978782049,3870213.9567320785,-2712708.859252222,-4271194.023586454,3870116.407485242,152.77371354227813,1061.070228081686,3.940350539982319,5.045109651982784,8,True,2
2969.0,300.0,-2712751.7394141406,-4271276.680927595,3870216.5201136926,-2712719.0197458384,-4271172.465359437,3870132.966312599,137.5234489731763,1054.4230746784847,0.762153680303267,1.3809716552495956,7,True,2
2970.0,300.0,-2712764.78059494,-4271257.019143699,3870239.0326080574,-2712729.2572892923,-4271150.946276975,3870149.428366549,143.32577714935692,1065.2864910639405,0.8126169262187821,2.0760235749185085,7,True,2
2971.0,300.0,-2712771.2291219295,-4271230.055852832,3870241.6817763373,-2712739.353039184,-4271129.517092892,3870165.890379604,129.87864612906932,1059.3668041046053,1.4482891538313456,3.3419861644506454,7,True,2
2972.0,300.0,-2712784.403125237,-4271208.838097787,3870269.406074357,-2712749.0841366337,-4271108.2551798895,3870182.422701987,137.58801327785122,1076.9150349659494,0.9006572903266975,1.6943756565451622,7,True,2
2973.0,300.0,-2712790.8185999864,-4271189.085972701,3870281.6255771453,-2712758.525130284,-4271087.113193443,3870199.0253331694,135.14479716187145,1081.6653579678912,0.29440934530326296,0.7415665909647942,7,True,2
2974.0,300.0,-2712804.388412688,-4271173.431401792,3870301.2622639462,-2712767.913791628,-4271066.004293313,3870215.627922756,142.1415562339994,1091.4875180469185,0.32453115018350737,0.8749779686331749,7,True,2
2975.0,300.0,-2712811.7998554413,-4271152.903164826,3870314.9972913363,-2712777.465333002,-4271044.872008817,3870232.142533632,140.40833655456328,1094.6530426584238,1.5351296796330385,3.1722611784934998,7,True,2
2976.0,300.0,-2712821.289663255,-4271126.618929277,3870333.13681314,-2712787.2577347853,-4271023.69087555,3870248.5427853847,137.50820314203875,1103.0552847333392,1.6589888355561666,2.493715513497591,7,True,2
2977.0,300.0,-2712832.388200568,-4271109.208013202,3870364.6432336885,-2712797.227730395,-4271002.493054202,3870264.8374725305,150.28483322528822,1118.2330793648214,2.6604123264551163,5.177999597042799,8,True,2
2978.0,300.0,-2712835.855148561,-4271082.900488803,3870356.2646245775,-2712807.2854824574,-4270981.36769531,3870280.991421262,129.5808207766912,1106.5187183375049,2.4180229620209763,5.154170863330364,7,True,2
2979.0,300.0,-2712855.739136066,-4271068.972547392,3870389.5779594164,-2712817.364289533,-4270960.325077685,3870297.0398071087,147.78434001225045,1131.8524032042683,1.92196247416238,3.8793122358620167,6,True,2
2980.0,300.0,-2712857.0338130724,-4271040.411596282,3870396.506662144,-2712827.441790717,-4270939.379406163,3870312.9826308377,134.38547180820356,1127.2473158300193,0.8060963904219014,1.134875450283289,7,True,2
2981.0,300.0,-2712873.5159863094,-4271021.090249707,3870414.0971992547,-2712837.5070953965,-4270918.513532771,3870328.846273961,138.15333273434857,1139.7253537922747,1.7240892233593124,3.2745076827704906,7,True,2
2982.0,300.0,-2712883.8609329513,-4271001.111206075,3870432.7162529808,-2712847.609522415,-4270897.6239291625,3870344.7098791054,140.6019313215973,1149.7081786435742,1.2393053229898214,2.865655582398176,6,True,2
2983.0,300.0,-2712881.9026970663,-4270972.992907233,3870436.075393223,-2712857.676644525,-4270876.580103199,3870360.766904173,124.71446959510187,1142.5703485948743,0.8216257349898418,1.7675186954438686,6,True,2
2984.0,300.0,-2712896.056177508,-4270950.809506465,3870453.680871233,-2712867.7751608603,-4270855.37177495,3870376.982173679,125.66171535425984,1151.1615340523442,0.84746605095764,1.7710304521024227,6,True,2
2985.0,300.0,-2712912.8363033705,-4270934.493712612,3870474.0363563923,-2712877.8741000737,-4270834.114886845,3870393.250164491,133.50907506091173,1164.7024184923403,0.3822763753788812,0.7537473514676094,7,True,2
2986.0,300.0,-2712924.918176859,-4270915.93739664,3870493.3678738284,-2712887.89815397,-4270812.921456986,3870409.500528412,137.90031742052102,1174.5113519172846,1.375728754060609,3.291041597723961,7,True,2
2987.0,300.0,-2712929.997114978,-4270895.640401148,3870509.247479885,-2712897.91765704,-4270791.786923053,3870425.689298293,137.10071569849057,1181.4449854477582,0.7560846867660681,1.4348086826503277,6,True,2
2988.0,300.0,-2712933.1636294387,-4270866.613393722,3870509.4111692705,-2712907.854248736,-4270770.769085833,3870441.807681156,119.98719811541496,1170.675223995114,2.9641615519566193,4.550685949623585,7,True,2
2989.0,300.0,-2712952.5914748823,-4270865.832754866,3870576.5786770904,-2712917.618293707,-4270749.940933075,3870457.8380906894,169.56817100657514,1218.434647550676,6.603873562067747,12.17536785081029,8,True,2
2990.0,300.0,-2712955.419141322,-4270822.821423365,3870549.072795983,-2712927.268661091,-4270729.329257088,3870473.710180402,123.34001183567806,1190.4436928664825,1.6619118404175555,3.0530257299542427,7,True,2
2991.0,300.0,-2712961.6754713897,-4270800.287652261,3870557.5671079294,-2712936.642711149,-4270708.925055814,3870489.547058616,116.62113969325742,1192.45533279949,2.0061015715556487,3.1509238220751286,7,True,2
2992.0,300.0,-2712971.182977522,-4270784.575034282,3870573.1999891484,-2712945.452046324,-4270688.718984179,3870505.559765949,120.10688138539597,1203.1689456412419,2.1492907612451484,4.37768341973424,7,True,2
2993.0,300.0,-2712984.1409041574,-4270764.515163459,3870599.183356408,-2712953.407696105,-4270668.750200557,3870521.9065810186,126.8351615738199,1216.2159661094838,0.8559316582977772,2.374434918165207,7,True,2
2994.0,300.0,-2712981.212696607,-4270736.29821198,3870591.6028349916,-2712960.4540503514,-4270649.029968627,3870538.6138812657,104.18491689893514,1203.7525293120916,1.4108412292386805,3.7489420510828495,7,True,2
2995.0,300.0,-2712998.412952666,-4270723.874634511,3870637.200552568,-2712966.796568085,-4270629.387658169,3870555.725630371,128.70721587886706,1231.9159842929066,0.9245230983942747,2.0357010401785374,6,True,2
2996.0,300.0,-2713003.2680425146,-4270706.156572207,3870651.836443231,-2712972.541701343,-4270609.57913368,3870573.435276895,128.132948756595,1239.809005175472,1.5041847984705652,2.9365768991410732,7,True,2
2997.0,300.0,-2713003.492236382,-4270678.795433384,3870664.1647365256,-2712977.572097497,-4270589.518475924,3870591.918680726,117.7358115096381,1233.6349109505923,3.3390432175781046,6.141380645334721,7,True,2
2998.0,300.0,-2713004.220447491,-4270661.85611834,3870666.129369663,-2712981.7834033472,-4270569.271972546,3870611.1758353873,109.97788837602675,1232.6087334787887,1.5868451297283173,2.69880798086524,7,True,2
2999.0,300.0,-2713008.2403024756,-4270645.190815553,3870692.136634552,-2712985.011068174,-4270548.9922950845,3870631.1539750383,116.24387049613483,1245.7073818218237,0.9047553030153116,1.8194201104342937,6,True,2
3000.0,300.0,-2713019.2694500796,-4270616.354306318,3870739.7371470537,-2712987.260643094,-4270528.836384693,3870651.677230064,128.21271118897144,1256.6537971419034,5.018762273980038,10.00007526949048,7,True,2
3001.0,300.0,-2713021.0159618505,-4270604.986726057,3870754.4012304684,-2712988.6227318947,-4270508.963318386,3870672.5081809694,130.29308394502868,1271.62457770308,1.4815055829073702,3.5367441922426224,7,True,2
3002.0,300.0,-2713016.1723538223,-4270583.95740325,3870765.0860783085,-2712989.0442169867,-4270489.487080206,3870693.5588938594,121.55951570898098,1272.5996756686877,2.398559999253069,3.9686549566686153,7,True,2
3003.0,300.0,-2713007.3792667673,-4270553.691714351,3870770.0307439123,-2712988.517464138,-4270470.428571793,3870714.811780496,101.67424663008634,1260.4302653215123,2.3578511982091834,4.025890626013279,7,True,2
3004.0,300.0,-2713029.604476804,-4270551.695480895,3870832.2290546037,-2712987.1506512663,-4270451.711048756,3870736.275631975,144.9354107428658,1309.3724096050494,3.6757100400115763,7.251103673130274,7,True,2
3005.0,300.0,-2713015.047829533,-4270522.230089111,3870845.187143387,-2712984.956580151,-4270433.189976299,3870758.099927477,128.13199504367498,1304.484046354919,3.229740919811385,9.042943332344294,7,True,2
3006.0,300.0,-2713004.8932160647,-4270500.974411986,3870852.796422206,-2712981.8391225277,-4270414.862232731,3870780.3550073095,114.86756390324467,1300.8595979238166,1.3809959116790975,2.2689858600497246,7,True,2
3007.0,300.0,-2713026.9397397884,-4270499.644050321,3870911.8899349337,-2712977.6843981296,-4270396.976689177,3870802.847422143,157.6608553887758,1345.2459259527714,5.15508205230747,9.8331543430686,7,True,2
3008.0,300.0,-2712982.9046370466,-4270459.254135759,3870888.538663233,-2712972.464149457,-4270379.735849154,3870825.374932304,102.08730866520165,1302.3038653976203,2.422385814289252,3.3235408291220665,6,True,2
3009.0,300.0,-2712995.8322303263,-4270457.658743964,3870933.0805279007,-2712966.3895727354,-4270363.109854981,3870847.823229808,130.67199153561,1340.3837913890125,1.3746117459876197,2.592662535607815,7,True,2
3010.0,300.0,-2712986.3912661755,-4270437.036172415,3870943.0347672123,-2712959.614321462,-4270346.928878027,3870870.271451239,118.87316527114545,1335.3065834799154,1.737771738320589,2.744475442916155,7,True,2
3011.0,300.0,-2712971.8373804716,-4270410.09716583,3870959.6273940513,-2712952.1204336667,-4270331.148162695,3870892.781146442,105.30965723463856,1331.9919630642057,0.6892974860966206,1.7096320614218712,7,True,2
3012.0,300.0,-2712969.8326250236,-4270402.50020678,3870990.746253781,-2712943.602149812,-4270315.978007403,3870915.334729179,117.73286226706807,1351.1944655391997,2.0778241184140955,3.9746674709022045,7,True,2
3013.0,300.0,-2712962.734075578,-4270390.683535447,3871015.2847193144,-2712933.985138727,-4270301.449586665,3870937.949784549,121.53144087226669,1359.952828371221,3.4979724479573115,7.10012973472476,7,True,2
3014.0,300.0,-2712943.422877516,-4270368.09194078,3871025.359829711,-2712923.566776445,-4270287.438169348,3870960.555969965,105.35101249582492,1348.3221480483883,1.076828035925116,2.8060478381812572,7,True,2
3015.0,300.0,-2712930.5311144716,-4270355.245827011,3871044.120517301,-2712912.3921674234,-4270273.883002705,3870983.188456374,103.25524988020335,1350.8062922112592,1.5470712344561304,3.604352615773678,7,True,2
3016.0,300.0,-2712921.831447783,-4270345.040088287,3871073.12994759,-2712900.3324980494,-4270260.729506991,3871005.996719144,109.8969941340729,1360.8294621192508,1.9801654214305537,3.618837784975767,7,True,2
3017.0,300.0,-2712904.3531854027,-4270327.593662557,3871090.3594167973,-2712887.347633908,-4270247.930955388,3871029.0598903415,101.94590545443302,1356.7079629559473,1.8256720719592912,3.076536450535059,7,True,2
3018.0,300.0,-2712894.057774521,-4270312.120787967,3871115.3127325964,-2712873.670743127,-4270235.475624452,3871052.2284927135,101.33969341206334,1361.6130127440088,1.8171957635453768,3.1164595708251,7,True,2
3019.0,300.0,-2712874.6690984974,-4270301.040539295,3871133.240765572,-2712859.598059491,-4270223.335802365,3871075.3266733047,98.07754300197607,1360.5499320273127,2.3929619544318745,3.870330698788166,7,True,2
3020.0,300.0,-2712870.8150974503,-4270295.8340602415,3871165.5264711413,-2712845.1771811326,-4270211.553469909,3871098.275299794,110.8297825830886,1375.918790164766,0.9588655563337463,1.7365081124007702,7,True,2
3021.0,300.0,-2712853.7886182074,-4270285.828517314,3871185.755943023,-2712830.243204221,-4270200.313635147,3871120.9864484174,109.8283616525371,1378.808299518126,1.3028813850666796,2.905698899179697,7,True,2
3022.0,300.0,-2712836.0589468223,-4270267.996633729,3871215.913417255,-2712814.7185400985,-4270189.609417988,3871143.521669128,108.81421666147914,1384.9898376349938,1.4052260209407126,2.8022905737161636,7,True,2
3023.0,300.0,-2712814.763694261,-4270252.648354175,3871218.830541693,-2712798.650742669,-4270179.1698684925,3871166.144737885,91.83958291531619,1372.70379834687,1.2451488130858965,1.979999490082264,7,True,2
3024.0,300.0,-2712776.879179294,-4270223.88912114,3871215.214462077,-2712781.833399689,-4270168.933521339,3871189.06667238,61.06037303600645,1345.1518155737283,5.17364419198462,11.605508875101805,7,True,2
3025.0,300.0,-2712780.805427085,-4270233.761340767,3871268.245797163,-2712764.2013732325,-4270159.094217232,3871212.120413709,94.87324495945894,1382.96402800636,1.586827385549744,3.120782606303692,6,True,2
3026.0,300.0,-2712756.684949201,-4270218.301062507,3871286.9260631986,-2712745.924008144,-4270149.720910232,3871235.11252813,86.62377014890436,1380.041864199979,1.8067478037306242,3.9017746299505234,7,True,2
3027.0,300.0,-2712729.9692197465,-4270219.384316164,3871299.9824812724,-2712727.2273937464,-4270140.774287798,3871257.928715732,89.19402090719541,1380.4668182690975,5.567216593239989,9.346917480230331,7,True,2
3028.0,300.0,-2712725.290623541,-4270201.869954696,3871335.738748295,-2712708.178420211,-4270132.227904223,3871280.551393695,90.49025806482982,1393.3153353748949,2.4827624277344773,3.9346988312900066,7,True,2
3029.0,300.0,-2712693.1199017847,-4270186.513924894,3871347.4919500262,-2712688.6979882526,-4270124.204231476,3871302.9014333854,76.74871586784596,1384.3177604147384,1.354983791176762,2.0205612182617188,7,True,2
3030.0,300.0,-2712672.6248840843,-4270164.112810621,3871367.7417915994,-2712668.752092974,-4270116.764994921,3871324.9348762576,63.94721388474874,1378.8345978598247,1.9352799776409353,4.3691555224359035,7,True,2
3031.0,300.0,-2712647.952606712,-4270158.541576027,3871385.860862128,-2712648.37531211,-4270109.799953314,3871346.748440027,62.49564806617136,1384.497420876746,2.9261180151786124,5.10497834160924,7,True,2
3032.0,300.0,-2712636.9161451478,-4270161.3486841945,3871423.329260353,-2712627.442836584,-4270103.227891993,3871368.517970929,80.44903672281274,1404.6615790832102,2.741353883274964,5.506123226135969,7,True,2
3033.0,300.0,-2712614.971464842,-4270174.347086962,3871436.957132202,-2712605.910894909,-4270096.996361439,3871390.33139114,90.76997519047549,1408.1126734410482,3.049231145530939,5.586198773235083,6,True,2
3034.0,300.0,-2712580.659818185,-4270141.979151719,3871466.9566289936,-2712583.828214844,-4270091.050324439,3871412.2150766617,74.8359655328636,1411.0725904126507,11.382518881133624,27.30947371199727,7,True,2
3035.0,300.0,-2712570.813716736,-4270162.149376211,3871488.2531278576,-2712561.2997015477,-4270085.274982352,3871434.221779491,94.44350439557033,1417.8043213776807,2.019124290595452,3.628165055066347,6,True,2
3036.0,300.0,-2712544.5475685787,-4270140.763740145,3871496.6435066443,-2712538.56021059,-4270079.513112606,3871456.360290488,73.5542339603932,1404.6701912800384,0.5340493984520436,1.1139793917536736,5,True,2
3037.0,300.0,-2712521.4206077396,-4270132.472511076,3871528.0004135217,-2712515.885680177,-4270073.573374268,3871478.6481924425,77.04145290285588,1413.1196535685845,0.8259119881937901,2.0204456001520157,6,True,2
3038.0,300.0,-2712498.440060422,-4270119.127978435,3871542.877468466,-2712493.361532855,-4270067.425578644,3871501.059107764,66.69111543672375,1408.2224898284744,0.8898890550647464,2.0699375830590725,7,True,2
3039.0,300.0,-2712484.1571159866,-4270131.140692912,3871601.3332951167,-2712471.02847476,-4270061.067944054,3871523.56665921,105.49976783538138,1445.0181285361596,7.026344201527536,15.871122758835554,8,True,2
3040.0,300.0,-2712449.1246670405,-4270112.957907878,3871604.9163771663,-2712449.107958564,-4270054.2233715765,3871546.32030924,82.96532534824526,1433.733690236972,5.7919188886880875,12.884403247386217,8,True,2
3041.0,300.0,-2712439.543377204,-4270107.807605973,3871626.423431447,-2712428.03906734,-4270046.348116589,3871569.610189211,84.48291232075653,1437.2954722820805,2.53064838796854,5.424757707864046,7,True,2
3042.0,300.0,-2712407.430091573,-4270105.162058929,3871622.7389922924,-2712408.2209797804,-4270037.1484903,3871593.48025299,74.04420873584289,1423.503882495764,2.3152213458503996,4.819994132965803,7,True,2
3043.0,300.0,-2712394.312031133,-4270097.049056715,3871658.419415748,-2712389.625059557,-4270026.859370398,3871617.693113752,81.28463226283698,1436.555968310811,3.3874334070299352,6.1433666460216045,7,True,2
3044.0,300.0,-2712377.270886944,-4270079.0347580165,3871691.268705998,-2712372.107438486,-4270015.76475737,3871642.037763576,80.33330488403968,1441.0840649430427,0.583488968866212,1.1036545298993587,7,True,2
3045.0,300.0,-2712358.4225498694,-4270059.6280723065,3871708.441760538,-2712355.756785465,-4270003.872536702,3871666.443866546,69.85419923089458,1435.394942312188,2.1824905994747366,4.03194135427475,7,True,2
3046.0,300.0,-2712341.3408395518,-4270046.710888878,3871724.436340607,-2712340.606344574,-4269991.185673967,3871690.885046655,64.87895112963889,1435.166745669745,1.0833009981683321,1.8594944477081299,7,True,2
3047.0,300.0,-2712329.836121807,-4270032.991349291,3871756.8350104354,-2712326.5321042724,-4269977.871227855,3871715.264594344,69.11760855981125,1444.1291221452645,1.6219934741301196,2.4081801809370518,7,True,2
3048.0,300.0,-2712316.1328205257,-4270022.526054212,3871782.541823835,-2712313.559105185,-4269964.001578144,3871739.485801476,72.7018525973321,1450.4389164829233,1.5269867479801178,2.2879305854439735,7,True,2
3049.0,300.0,-2712302.7456148276,-4270012.031824675,3871803.6794198044,-2712301.8661974617,-4269949.4631237285,3871763.548669786,74.33769440938399,1455.672006906917,2.2143941005425796,3.9099160991609097,7,True,2
3050.0,300.0,-2712293.644642415,-4270008.936716404,3871836.236009462,-2712291.47478812,-4269934.322527554,3871787.3652845286,89.22069939701481,1474.1290919695118,4.428267685962575,6.944805581122637,7,True,2
3051.0,300.0,-2712282.051049435,-4269966.959623767,3871848.7114750026,-2712282.2543551144,-4269918.670728615,3871810.926856746,61.3150561040868,1460.1466992095882,1.481680501784597,2.4518039375543594,7,True,2
3052.0,300.0,-2712271.7565594898,-4269953.9639121825,3871867.3135736026,-2712274.081830528,-4269902.593930013,3871834.2245975737,61.14868999560835,1466.3391242035618,1.54430957830378,2.749941408634186,7,True,2
3053.0,300.0,-2712274.234265963,-4269944.928218567,3871912.5961970612,-2712267.0538989776,-4269886.046771401,3871857.240926686,81.13438511954026,1488.2854484257377,2.923726489767432,6.058933399617672,8,True,2
3054.0,300.0,-2712258.8373425216,-4269920.04023493,3871912.3033944834,-2712261.1540762144,-4269868.855132299,3871880.178052069,60.47577706500806,1475.9283032834583,1.3108192017035825,2.721623606979847,7,True,2
3055.0,300.0,-2712285.993997315,-4269930.38032727,3872044.9360140064,-2712256.116315897,-4269850.995385075,3871903.246970384,165.13760921400961,1564.61355328575,16.611650672741234,32.99583237618208,8,True,2
3056.0,300.0,-2712255.417696501,-4269879.076835393,3871970.6615682356,-2712251.9987248858,-4269832.559027906,3871926.307016852,64.36553432386006,1495.2415895008792,2.435362466145307,4.41318941488862,8,True,2
3057.0,300.0,-2712251.363386784,-4269862.76114139,3872013.7212273264,-2712249.06676342,-4269813.618210833,3871949.094448602,81.22144194070569,1512.8875480250344,4.419231183361262,9.171714000403881,8,True,2
3058.0,300.0,-2712235.8222610224,-4269838.525582037,3871990.937888094,-2712247.54192758,-4269794.208805793,3871971.415857589,49.824059609051254,1491.2314579488536,0.7450104111007282,1.9457582011818886,7,True,2
3059.0,300.0,-2712239.920208941,-4269814.660362491,3872003.015776324,-2712247.204647534,-4269774.446207925,3871993.297622649,42.008139496709845,1490.5530751303731,0.508080240871225,1.1275750622153282,7,True,2
3060.0,300.0,-2712245.3240566594,-4269789.333313394,3872040.726384775,-2712247.767913801,-4269754.520756713,3872014.730956796,43.51607537690017,1504.8858454859062,1.633074764162302,3.7146979682147503,7,True,2
3061.0,300.0,-2712238.015730776,-4269772.732021948,3872055.5396431764,-2712248.910160469,-4269734.7330338685,3872035.610368573,44.2694892633684,1510.7092257917514,1.1227504728095872,1.9421205893158913,7,True,2
3062.0,300.0,-2712237.6982108825,-4269763.444007436,3872080.8757401193,-2712250.255526701,-4269715.281671026,3872055.979819675,55.65162786303481,1527.9452476671413,1.0415322156623006,2.396921195089817,8,True,2
3063.0,300.0,-2712248.188711764,-4269746.002374936,3872112.6936111166,-2712251.805324601,-4269696.053473967,3872075.962392504,62.10599823833194,1542.9281747219375,2.043786552217272,4.902062047272921,9,True,2
3064.0,300.0,-2712249.181183857,-4269744.916937802,3872132.9524163078,-2712253.595609897,-4269676.808832352,3872095.795453976,77.70998027906126,1556.9586255729168,6.789393896503108,11.12308457866311,7,True,2
3065.0,300.0,-2712251.5562242344,-4269697.724932916,3872133.3719623894,-2712255.6177206747,-4269657.336535964,3872115.716368138,44.26554382460443,1540.9786054835793,2.630152989178896,3.829116638749838,7,True,2
3066.0,300.0,-2712257.996570641,-4269684.561093887,3872177.8793104915,-2712257.886928795,-4269637.594773662,3872135.760298933,63.086118849459,1569.381461607758,3.472782578319311,8.35798006132245,8,True,2
3067.0,300.0,-2712259.6092819977,-4269666.363760577,3872202.141466538,-2712260.361032869,-4269617.714693579,3872155.812960193,67.1835348078005,1583.7668256074694,3.8814020699688365,10.095645043998957,7,True,2
3068.0,300.0,-2712259.231500769,-4269638.566772121,3872217.534429808,-2712262.8856848027,-4269597.930794719,3872175.724902606,58.41808183475974,1581.6794687424613,4.015298462007195,7.821969695389271,8,True,2
3069.0,300.0,-2712262.172679721,-4269625.64590755,3872238.7486093915,-2712265.272358461,-4269578.55548002,3872195.285140916,64.15753630860259,1594.432883702891,4.695601167157292,9.84831952676177,8,True,2
3070.0,300.0,-2712258.532544495,-4269598.84287561,3872246.734839405,-2712267.218799374,-4269559.820899912,3872214.4497228414,51.38574085012588,1594.7155939509662,4.267213727347553,10.345016200095415,8,True,2
3071.0,300.0,-2712261.800388667,-4269593.345315588,3872276.2361660963,-2712268.5509255696,-4269541.7493589865,3872233.315353424,67.45301065582306,1615.8774588388574,4.432259089830849,11.066185027360916,9,True,2
3072.0,300.0,-2712268.625380032,-4269579.686122952,3872297.4847256164,-2712269.462494341,-4269524.217781124,3872251.882035214,71.81255515220771,1630.927281943518,3.3963243453763425,6.524745296686888,8,True,2
3073.0,300.0,-2712264.905168678,-4269564.533898735,3872307.6574931303,-2712270.155268133,-4269507.049841248,3872270.202516768,68.81028748483799,1631.8939180480932,3.3107479782775044,7.020652823150158,8,True,2
3074.0,300.0,-2712268.8899533013,-4269536.118594436,3872333.6942548035,-2712270.728351816,-4269489.98994217,3872288.487783685,64.61313566137588,1644.4284100828404,4.020219925791025,10.18244218453765,8,True,2
3075.0,300.0,-2712268.7969342354,-4269518.206427142,3872344.7824400472,-2712271.3160622795,-4269472.936703999,3872306.7554181744,59.175571244396714,1646.0383972328355,2.5420396802946925,5.918607052415609,8,True,2
3076.0,300.0,-2712258.587412268,-4269489.778932814,3872337.6395112947,-2712272.090453116,-4269456.045715649,3872324.715319582,38.5654869523822,1636.7555876522124,6.798840415797064,15.7161834128201,7,True,2
3077.0,300.0,-2712268.260696928,-4269488.279914796,3872357.1883023456,-2712273.319895301,-4269439.459544287,3872342.0246449136,51.370814394511406,1649.417103360593,1.1802728846669197,2.15747769549489,6,True,2
3078.0,300.0,-2712278.3861371167,-4269479.304075674,3872402.0934577105,-2712275.087955309,-4269423.309730612,3872358.481208839,71.05119938348784,1674.4256947196782,2.946838356554508,7.167810920625925,8,True,2
3079.0,300.0,-2712269.9768171688,-4269445.321930857,3872402.170628635,-2712277.114929059,-4269407.798055246,3872374.058645114,47.42654847020668,1666.130827410427,1.1587415443999427,1.822449378669262,7,True,2
3080.0,300.0,-2712267.556621867,-4269431.742715708,3872407.347376629,-2712279.1591145787,-4269393.037942627,3872388.800914188,44.459516027580015,1666.2433708167353,1.6252156543944563,3.039262682199478,7,True,2
3081.0,300.0,-2712279.4544200543,-4269430.406342973,3872441.953147454,-2712281.061518294,-4269379.026057412,3872402.822302426,64.60448546109927,1694.1486256572414,2.0261079919125353,3.214507732540369,7,True,2
3082.0,300.0,-2712283.5713870786,-4269418.037853199,3872472.9145094957,-2712282.5987917995,-4269365.888246561,3872416.1403960367,77.09622152284766,1712.5796785914767,5.524976376444101,9.461899384856224,8,True,2
3083.0,300.0,-2712283.421308391,-4269393.077766466,3872471.6315851263,-2712283.4645134383,-4269353.899460786,3872428.667291312,58.1452667513424,1702.975646440652,1.4357909310076917,2.5087019689381123,7,True,2
3084.0,300.0,-2712305.46498255,-4269428.416337438,3872605.3972264673,-2712283.485281389,-4269343.346474099,3872440.209595582,187.10142252030974,1808.8793303536404,20.503336632158607,36.40097375586629,8,True,2
3085.0,300.0,-2712299.6749624936,-4269409.533778496,3872617.2712546517,-2712282.6943648383,-4269334.232246684,3872450.740941704,183.55110057018484,1808.9981704040986,22.684093316085637,38.993481390178204,8,True,2
3086.0,300.0,-2712281.2812734134,-4269373.454664132,3872497.7292635385,-2712281.339335045,-4269326.255017835,3872460.419568063,60.16496786472885,1727.3073200583208,1.9502459125859397,3.275920644402504,7,True,2
3087.0,300.0,-2712270.4076532717,-4269350.081080741,3872487.4818580057,-2712279.9396409825,-4269318.948327285,3872469.3949210006,37.2457301942322,1712.318230128564,1.773064263164997,2.4053922183811665,7,True,2
3088.0,300.0,-2712295.4009341085,-4269383.416829803,3872622.0023188437,-2712278.905974797,-4269312.300117387,3872477.394490736,161.99103190456913,1814.8610797945664,17.030790839344263,29.58819740638137,8,True,2
3089.0,300.0,-2712278.482722256,-4269356.040363536,3872524.7433189023,-2712278.1914162794,-4269306.532859236,3872484.207303491,63.98629842895077,1749.9166866228038,3.1739025318196843,7.438653994351625,7,True,2
3090.0,300.0,-2712267.9444967867,-4269342.871683478,3872511.2604468386,-2712277.672376593,-4269301.781266413,3872489.771827931,47.37947617598202,1740.7823582783499,2.0083855257502625,3.9072786942124367,7,True,2
3091.0,300.0,-2712270.1484137867,-4269344.4500321355,3872530.526667792,-2712277.2611056,-4269297.956598604,3872494.246299957,59.40113497741469,1761.378914243093,0.42175413233538467,0.8590371608734131,6,True,2
3092.0,300.0,-2712272.041352045,-4269334.367216858,3872518.7537486944,-2712276.9100621347,-4269294.68769179,3872498.070256952,45.010841785235876,1753.1441687788576,2.0366449377366473,3.1802896969020367,7,True,2
3093.0,300.0,-2712269.141994714,-4269310.19396082,3872526.9706558683,-2712276.6153035644,-4269291.6720106,3872501.577746599,32.30654463592408,1751.5180798290016,5.433655698384557,7.968321990221739,7,True,2
3094.0,300.0,-2712269.5337224132,-4269338.3474512175,3872528.7392127225,-2712276.368271852,-4269289.01132202,3872504.6632810654,55.32101947193608,1770.8547177527776,0.6761962654335159,1.561168871819973,7,True,2
3095.0,300.0,-2712267.115729642,-4269327.514010844,3872538.4780370207,-2712276.183132257,-4269286.760847436,3872507.256535417,52.13271794460919,1776.301252093136,1.4698366618582182,3.0708255544304848,7,True,2
3096.0,300.0,-2712267.5929193585,-4269320.245772478,3872538.5867498694,-2712276.0066767177,-4269284.721595052,3872509.6124401856,46.60760792378708,1777.0851982743511,1.9766655883618764,2.9999022036790848,7,True,2
3097.0,300.0,-2712271.3031871314,-4269329.212293819,3872540.3356876546,-2712275.843277168,-4269282.834595689,3872511.792530417,54.646272759124074,1786.8032690491796,1.8496852341507162,2.8248998709023,7,True,2
3098.0,300.0,-2712263.677740875,-4269323.39898936,3872533.1230342886,-2712275.7270533885,-4269281.351106836,3872513.497923081,47.941165470439486,1785.2895905321527,2.250528876802751,4.111670628190041,7,True,2
3099.0,300.0,-2712266.272233347,-4269320.134484434,3872548.6375879985,-2712275.6387318405,-4269280.339565849,3872514.6670837775,53.154134328573875,1795.849200664017,2.538943273680551,5.646514415740967,7,True,2
3100.0,300.0,-2712270.0348816644,-4269317.445222632,3872555.537501005,-2712275.589397649,-4269279.800958322,3872515.291222109,55.38687794244305,1804.2839876888606,4.535218233508723,9.262236841022968,7,True,2
3101.0,300.0,-2712269.5481065605,-4269319.571980147,3872531.749075889,-2712275.5799736497,-4269279.654423661,3872515.458245034,43.53373297061681,1795.657993592727,1.278101128659078,2.5947858951985836,7,True,2
3102.0,300.0,-2712257.8198580905,-4269318.808823788,3872570.8398871673,-2712275.569073484,-4269279.637266164,3872515.484617074,70.09744289818033,1826.5155559325506,9.137941142810243,14.934561491012573,7,True,2
3103.0,300.0,-2712265.383704212,-4269327.02004681,3872561.7421524366,-2712275.5378491418,-4269279.456416502,3872515.7043840727,66.96925939014999,1825.9604468987586,2.9399484284222126,6.004992783069611,7,True,2
3104.0,300.0,-2712269.7857689206,-4269323.386069244,3872556.5496004135,-2712275.4894373906,-4269278.836948152,3872516.416429096,60.23144912836432,1825.1680721682173,1.9816934892109461,4.408843137323856,7,True,2
3105.0,300.0,-2712273.6595942844,-4269321.00502797,3872559.6473519853,-2712275.392301318,-4269277.301193359,3872518.165773951,60.28058352063482,1827.8915788563488,1.4544947115438325,3.6122289337217808,7,True,2
3106.0,300.0,-2712273.298901085,-4269320.342459387,3872568.5232277517,-2712275.23011761,-4269274.658833978,3872521.172184632,65.82434589362002,1838.0823616774157,2.4559371382929385,4.503951996564865,8,True,2
3107.0,300.0,-2712264.7712134663,-4269311.886088118,3872554.716005952,-2712274.9924806594,-4269271.173357032,3872525.154358082,51.34093688555959,1829.1127274182534,0.6483702308365277,1.4312017373740673,7,True,2
3108.0,300.0,-2712270.846704411,-4269308.605680374,3872559.8321691845,-2712274.6319132647,-4269267.115746565,3872529.848572713,51.32989841151844,1833.1932607489125,1.4513334642563547,2.380599021911621,7,True,2
3109.0,300.0,-2712261.498552982,-4269301.794193707,3872537.3015219523,-2712274.160180473,-4269262.7514608605,3872534.955944776,41.111476878785005,1818.3417421283368,2.970519100315869,6.842242531478405,8,True,2
3110.0,300.0,-2712266.17870341,-4269315.189583831,3872564.088750785,-2712273.6205133726,-4269258.181473818,3872540.3358229618,62.20535927830225,1846.1856935092108,3.6564939016742364,5.747913479804993,7,True,2
3111.0,300.0,-2712272.1835859246,-4269306.367298604,3872606.0442788415,-2712273.108172277,-4269253.160631754,3872546.190391311,80.0892758718503,1872.1733592038486,6.215889837127179,12.641164809465408,8,True,2
3112.0,300.0,-2712276.562167572,-4269295.257330573,3872615.668846636,-2712272.609727492,-4269247.569023389,3872552.6602986585,79.11936262937552,1875.3651922988056,5.398657429549429,11.814719635993242,9,True,2
3113.0,300.0,-2712270.692960129,-4269284.076109335,3872601.1971508833,-2712272.102638049,-4269241.437020855,3872559.727961957,59.49598884319417,1864.2445248992938,3.2228496042080224,6.6205825060606,8,True,2
3114.0,300.0,-2712266.737617883,-4269274.361742704,3872602.94378392,-2712271.5185498297,-4269234.920432621,3872567.270310732,53.39542059631679,1863.9614667348712,1.0731551903299987,2.28883208706975,8,True,2
3115.0,300.0,-2712271.6546070646,-4269276.070204025,3872616.6230234765,-2712270.819467484,-4269228.107615422,3872575.217018557,63.36848275756963,1876.7164070646977,4.0712726027704775,7.6337354220449924,8,True,2
3116.0,300.0,-2712269.557189568,-4269267.850061841,3872625.893232036,-2712270.032665928,-4269220.876879697,3872583.682361639,63.15428329268484,1881.5859931781679,2.9141980512067676,4.5161237642169,8,True,2
3117.0,300.0,-2712263.9303133325,-4269257.039362038,3872621.3167934287,-2712269.2699102,-4269213.157216658,3872592.666337989,52.67829320266473,1875.4076218194218,1.2557495185174048,2.936144456267357,8,True,2
3118.0,300.0,-2712264.555079048,-4269246.084173043,3872630.948925797,-2712268.8017833307,-4269204.897133313,3872602.0370870167,50.50050653851507,1879.27246620018,1.5347904142524516,2.1903541646897793,7,True,2
3119.0,300.0,-2712274.163136438,-4269256.857736668,3872674.2539872243,-2712268.876513743,-4269196.059338716,3872611.662748799,87.41885780888954,1915.9406245156267,7.908769269939512,19.660524982959032,8,True,2
3120.0,300.0,-2712274.544322876,-4269233.777884889,3872664.445579655,-2712269.822634777,-4269186.700021988,3872621.253234421,64.06401642659101,1903.139791743909,3.320478937455586,5.984682343900204,7,True,2
3121.0,300.0,-2712271.1958816955,-4269220.8813641565,3872680.550157414,-2712272.16020071,-4269176.946362831,3872630.3074839874,66.74983509860598,1908.6737887644902,3.9318658262491226,6.789542984217405,8,True,2
3122.0,300.0,-2712269.898123505,-4269209.073580572,3872677.434034774,-2712276.095997888,-4269166.827538272,3872638.6496893694,57.68333542154894,1904.9752102919945,2.692829241976142,4.164448097348213,8,True,2
3123.0,300.0,-2712278.140080309,-4269204.810483673,3872674.0148880715,-2712281.2315247003,-4269156.259551395,3872646.6490545166,55.81790841328323,1902.2063602387866,3.0281130789468684,4.607481297105551,6,True,2
3124.0,300.0,-2712282.4699375574,-4269187.131832531,3872690.170158037,-2712287.192978576,-4269145.263129351,3872654.54292405,55.17785084629335,1907.857984394707,1.3650136153612817,3.492210742086172,7,True,2
3125.0,300.0,-2712287.853835698,-4269178.109947826,3872682.801402692,-2712293.724487712,-4269133.896465567,3872662.445574653,49.02709764700521,1899.1664297412635,1.6649073527327605,3.4743745550513268,7,True,2
3126.0,300.0,-2712289.0640536333,-4269161.457381965,3872701.423095438,-2712300.6034353203,-4269122.220710644,3872670.444911036,51.30615572154026,1908.9020217652796,2.2526896691748073,3.6282941326498985,7,True,2
3127.0,300.0,-2712307.693789991,-4269160.704292533,3872711.534426716,-2712307.6555453786,-4269110.274332228,3872678.620047019,60.22075016021345,1914.4015032468524,1.639049423592431,3.3871998637914658,7,True,2
3128.0,300.0,-2712297.9841650636,-4269126.523617633,3872695.5668346407,-2712314.821023082,-4269098.111372498,3872686.953401047,34.131022542636586,1891.1972826091123,4.17076499653714,7.744972545653582,7,True,2
3129.0,300.0,-2712309.4777478147,-4269109.6512262365,3872716.53515791,-2712321.9884683467,-4269085.770493687,3872695.480134282,34.20703926546949,1904.29345366774,6.812429958688361,16.081017930060625,7,True,2
3130.0,300.0,-2712317.4224491906,-4269113.364026572,3872728.967039229,-2712328.88747907,-4269073.287015873,3872704.34968328,48.411030877096124,1908.899758659832,2.190431432532413,3.041739497333765,7,True,2
3131.0,300.0,-2712330.2212872542,-4269105.430364527,3872736.67916139,-2712335.2772743334,-4269060.693497046,3872713.69390291,50.54970251864416,1912.0961736950924,2.0147248416074683,5.209380347281694,7,True,2
3132.0,300.0,-2712325.405001133,-4269072.032028033,3872753.2895792713,-2712341.216910453,-4269048.000584208,3872723.460048745,41.44065226415799,1914.0269888683824,9.125835228179183,22.509065996855497,7,True,2
3133.0,300.0,-2712341.4892092207,-4269076.5650018845,3872754.631140056,-2712346.8319519632,-4269035.224836556,3872733.542634226,46.71487180252794,1912.1144514442667,2.531231545444046,4.152689050883055,7,True,2
3134.0,300.0,-2712356.8821702003,-4269067.358800802,3872795.194171632,-2712352.278865996,-4269022.266841238,3872743.9416579097,68.41999261764789,1939.161101103253,3.7065764125436544,8.128635883331299,8,True,2
3135.0,300.0,-2712355.860959366,-4269055.530893755,3872799.3531213556,-2712357.8178800107,-4269009.009427194,3872754.60437613,64.57961434336656,1935.8656389615971,2.3965613464824855,4.977551966905594,8,True,2
3136.0,300.0,-2712363.1237846874,-4269041.215096677,3872810.8595801974,-2712363.5374844573,-4268995.476648952,3872765.442884132,64.45814944047127,1935.8390680529692,4.50806610006839,9.638099886476994,8,True,2
3137.0,300.0,-2712375.579383229,-4269029.712265033,3872830.4401299017,-2712369.3733375515,-4268981.797693931,3872776.3604873833,72.51847255580618,1945.7690983424518,4.9994532954879105,8.787718065083027,8,True,2
3138.0,300.0,-2712370.2382368552,-4269007.434776433,3872811.723141921,-2712375.224577677,-4268968.060729303,3872787.3308145353,46.58502782486384,1927.3259214557618,0.8370376655033657,1.912012591958046,7,True,2
3139.0,300.0,-2712375.3218652746,-4268994.704478943,3872826.529633898,-2712381.072485793,-4268954.285676179,3872798.345075022,49.60966248821065,1931.5861302296241,1.7126305747245039,2.540280617773533,7,True,2
3140.0,300.0,-2712382.1275066934,-4268982.613325256,3872843.6406627907,-2712386.949949949,-4268940.5078362,3872809.341736596,54.52104644698966,1941.79842250761,3.124595883768052,5.695440195500851,8,True,2
3141.0,300.0,-2712389.8021087837,-4268975.329388778,3872862.307198403,-2712392.9416481988,-4268926.761718729,3872820.224106316,64.34020454847594,1954.5220579037298,3.3582664518617094,6.078981265425682,8,True,2
3142.0,300.0,-2712396.4610388638,-4268954.2900387375,3872872.5457306914,-2712398.9688924053,-4268913.137463241,3872830.9482334447,58.56770079639879,1957.2563848701245,1.83957489579916,3.940038990229368,8,True,2
3143.0,300.0,-2712404.0313258613,-4268946.0595691865,3872890.0047417167,-2712404.656431006,-4268899.78518834,3872841.610811463,66.96029842071658,1967.6881098030378,3.6691954566372766,8.334918819367886,9,True,2
3144.0,300.0,-2712405.6387503017,-4268937.7637585495,3872893.2288114475,-2712409.50962326,-4268886.94693172,3872852.290952765,65.3700376320217,1970.6856808323878,4.0405726688914,7.362991329282522,8,True,2
3145.0,300.0,-2712408.1127397646,-4268924.085563019,3872898.7899657222,-2712412.9071728736,-4268874.945211457,3872863.0677692313,60.941250910990256,1974.2761016826055,3.994195908308029,9.41537445411086,8,True,2
3146.0,300.0,-2712413.6775123877,-4268913.794237291,3872911.0836291634,-2712415.0958588994,-4268863.87212063,3872873.668764062,62.40273687370327,1984.7806648195633,3.785595250315964,6.558809377253056,8,True,2
3147.0,300.0,-2712403.269885946,-4268900.252291834,3872934.1068398803,-2712417.007911495,-4268853.384218588,3872883.8214421943,70.09972080016306,1993.1636043866924,7.052328592631966,14.075106155127287,8,True,2
3148.0,300.0,-2712411.234293908,-4268887.818955352,3872923.2213894674,-2712418.9233804746,-4268842.918194893,3872893.947734217,54.149305015988574,1988.0117560256895,2.8604149807776724,4.888924162834883,7,True,2
3149.0,300.0,-2712406.1219496154,-4268866.401577607,3872914.3058368373,-2712420.76758826,-4268832.208383223,3872904.3904566336,38.496545793860804,1974.6633844880641,2.459626211651734,3.808215819299221,7,True,2
3150.0,300.0,-2712410.995513854,-4268856.571423345,3872936.3372211824,-2712422.5594318896,-4268821.218687632,3872915.1759783938,42.79413884042724,1991.024940448505,1.3563364132174425,2.0597780235111713,7,True,2
3151.0,300.0,-2712414.78941854,-4268847.283492387,3872943.8863012246,-2712424.254205627,-4268809.977511198,3872926.30429782,42.31365347955515,1994.8640185574675,0.6970696513141904,1.7501405514776707,7,True,2
3152.0,300.0,-2712378.070944914,-4268822.094067013,3872914.9862313317,-2712425.8410042385,-4268798.467694013,3872937.80178354,57.97183360497944,1959.4775112494153,1.0062622420489788,1.8633651062846184,5,True,2
3153.0,300.0,-2712413.3921843325,-4268816.9381460585,3872960.583946752,-2712427.4061369644,-4268786.90736891,3872949.369570112,34.98572120112425,1997.6063233715324,1.8113650988255228,3.044140249490738,7,True,2
3154.0,300.0,-2712416.4774001455,-4268808.00420308,3872980.925039922,-2712428.983399344,-4268775.580155246,3872960.673633804,40.22236123926693,2010.478072656108,0.2663453109562397,0.5885875932872295,7,True,2
3155.0,300.0,-2712418.937877987,-4268806.888576902,3872990.0525603583,-2712430.556438336,-4268764.624907812,3872971.5733347833,47.56774587275958,2017.504304655276,2.3932094126939774,4.590992167592049,7,True,2
3156.0,300.0,-2712421.173676148,-4268785.55747761,3873005.5593791776,-2712431.7981681675,-4268754.185235298,3872982.138995528,40.56614091376948,2019.5282936130714,1.9435079177575452,3.3459432721138,7,True,2
3157.0,300.0,-2712420.0155617623,-4268773.836770304,3873007.73042619,-2712432.6935118106,-4268744.28678077,3872992.3530375455,35.64262027950494,2020.173532907024,2.7054037504962514,5.3932914435863495,7,True,2
3158.0,300.0,-2712420.676699036,-4268768.356729688,3873020.7133330363,-2712433.699853448,-4268734.711178972,3873002.136352165,40.57991932103073,2026.670327731491,1.139385714594807,2.684655848890543,7,True,2
3159.0,300.0,-2712430.0230624657,-4268770.7940805815,3873045.9631732595,-2712434.936582825,-4268725.366512709,3873011.5065213377,57.228205168178455,2048.131758267265,1.1896525589483125,2.3975898139178753,7,True,2
3160.0,300.0,-2712435.394957398,-4268760.029895919,3873053.335508659,-2712436.177465914,-4268716.308220029,3873020.560236919,54.648107925795586,2054.8524932237483,2.0934980139136314,3.619966082274914,7,True,2
3161.0,300.0,-2712426.018134439,-4268744.657011679,3873061.329807685,-2712437.210262382,-4268707.663137113,3873029.3062902046,50.19278987239354,2053.501510903419,0.6321861121271338,1.2849952764809132,7,True,2
3162.0,300.0,-2712429.4494530237,-4268741.540902027,3873064.603246932,-2712437.981734728,-4268699.5614438495,3873037.639202581,50.61753083392821,2058.4235272634205,1.939366885061775,4.031329717487097,7,True,2
3163.0,300.0,-2712431.7434176346,-4268729.353996825,3873071.692640705,-2712438.585655845,-4268692.216545425,3873045.26011642,46.0943039895667,2057.383577566881,1.0357017086020537,1.6223312728106976,7,True,2
3164.0,300.0,-2712427.5909623397,-4268718.75812022,3873063.2809864013,-2712439.122337462,-4268685.588793726,3873052.1426642807,36.84072545385367,2048.7699425084174,1.518057007342577,2.786653146147728,7,True,2
3165.0,300.0,-2712430.921958971,-4268720.525248456,3873079.939989732,-2712439.6599248075,-4268679.538543539,3873058.392327975,47.122858084892194,2061.5379195661694,1.3373125775584154,2.9033631794154644,7,True,2
3166.0,300.0,-2712436.167466418,-4268715.21793078,3873119.6783794006,-2712440.2431226126,-4268674.037391791,3873064.009109297,69.36508775100435,2088.3034730251347,5.637943527195603,10.86597403883934,8,True,2
3167.0,300.0,-2712437.6586687714,-4268709.148026473,3873105.6524696536,-2712440.8577659857,-4268669.359302185,3873068.702941672,54.39342259455628,2079.2232593094436,2.178132946603,4.941306971013546,8,True,2
3168.0,300.0,-2712434.364365457,-4268705.527216295,3873107.0246926052,-2712441.314701471,-4268665.881403582,3873072.192548977,53.229464266269225,2078.3313688130856,4.027388115879148,8.303361643105745,8,True,2
3169.0,300.0,-2712435.1276433934,-4268703.579381403,3873106.6732267872,-2712441.578132564,-4268663.49798083,3873074.6185721145,51.72647647550466,2078.2726906398584,1.4766399008887154,3.002044130116701,7,True,2
3170.0,300.0,-2712434.679994291,-4268702.110100386,3873102.509589363,-2712441.704935689,-4268662.084575361,3873076.077701545,48.477181733289754,2074.4193057338634,1.766749576798507,4.3780633844435215,7,True,2
3171.0,300.0,-2712432.328786754,-4268693.632092687,3873090.683191482,-2712441.742722661,-4268661.683196456,3873076.490828492,36.20465891120313,2066.7248343090523,2.466749256742852,5.912313859909773,7,True,2
3172.0,300.0,-2712429.648179513,-4268694.123388022,3873090.5074850726,-2712441.742722661,-4268661.683196456,3873076.490828492,37.351180228832426,2066.7872096394494,1.5402043951409203,2.3993483260273933,7,True,2
3173.0,300.0,-2712426.4734183527,-4268698.70898397,3873080.7742098756,-2712441.742722661,-4268661.683196456,3873076.490828492,40.27912550117232,2060.646682677732,2.2968949813927924,4.938094671815634,7,True,2
3174.0,300.0,-2712421.4266722444,-4268681.943983012,3873071.7884753756,-2712441.742722661,-4268661.683196456,3873076.490828492,29.074963477323145,2052.7281506080567,4.708145060709545,8.137211758643389,7,True,2
3175.0,300.0,-2712426.0730237863,-4268683.995976832,3873076.9501594007,-2712441.742722661,-4268661.683196456,3873076.490828492,27.269224700921725,2055.386312275108,2.995706661471299,5.523918971419334,7,True,2
3176.0,300.0,-2712424.06425224,-4268677.490337668,3873076.630703674,-2712441.735272441,-4268661.687930561,3873076.490828492,23.706551634389292,2051.2571377858735,4.579827136227062,9.150136604905128,7,True,2
3177.0,300.0,-2712433.1824221048,-4268702.4785004705,3873091.188391893,-2712441.735272441,-4268661.687930561,3873076.490828492,44.19321455122465,2068.5234704679333,2.4475159948425635,4.790828861296177,7,True,2
3178.0,300.0,-2712426.0047152992,-4268700.4852179075,3873094.1087049535,-2712441.735272441,-4268661.687930561,3873076.490828492,45.42102491650312,2070.440122116443,1.8799762049955981,3.4699730277061462,7,True,2
3179.0,300.0,-2712429.8339423994,-4268699.936922069,3873099.7672190648,-2712441.735272441,-4268661.687930561,3873076.490828492,46.32944383681882,2073.539711566119,1.2605702504515648,2.1331500820815563,7,True,2
3180.0,300.0,-2712427.7295890297,-4268691.640540146,3873095.0272831162,-2712441.735272441,-4268661.687930561,3873076.490828492,37.90670308581023,2068.482732304878,2.816747696804149,5.605021741241217,7,True,2
3181.0,300.0,-2712444.5937450547,-4268712.203547248,3873149.203297064,-2712441.735272441,-4268661.687930561,3873076.490828492,88.58386693287106,2108.604642335292,7.15423202002421,16.90228994563222,8,True,2
3182.0,300.0,-2712436.7348506735,-4268706.153340371,3873106.5187673084,-2712441.735272441,-4268661.687930561,3873076.490828492,53.88741965463321,2082.8825768598435,1.3239483056323869,2.7709030769765377,7,True,2
3183.0,300.0,-2712429.4446874405,-4268686.062737314,3873101.817867734,-2712441.735272441,-4268661.687930561,3873076.490828492,37.23773087439919,2068.8065976688586,2.192675778908389,5.354348182678223,7,True,2
3184.0,300.0,-2712433.3902409025,-4268701.989191781,3873088.969698529,-2712441.735272441,-4268661.687930561,3873076.490828492,43.006434457094215,2068.911327749972,1.3988542588693755,3.322239428758621,7,True,2
3185.0,300.0,-2712434.9593384974,-4268704.703719373,3873073.347608748,-2712441.7316379896,-4268661.682210901,3873076.4996184288,43.66519662902095,2061.112449368938,2.6331080043954507,5.408357698470354,7,True,2
3186.0,300.0,-2712431.660438531,-4268708.701629363,3873094.4822194492,-2712441.7316379896,-4268661.682210901,3873076.4996184288,51.33837463844732,2076.4460155282486,2.029637329812561,3.259692206978798,7,True,2
3187.0,300.0,-2712434.2359741824,-4268693.641339603,3873088.8522755313,-2712441.7316379896,-4268661.682210901,3873076.4996184288,35.07362286389276,2066.90349218722,1.550268720303263,3.429353818297386,7,True,2
3188.0,300.0,-2712434.73412049,-4268698.158432859,3873098.4232649663,-2712441.7316379896,-4268661.682210901,3873076.4996184288,43.12918150167505,2075.8199700696455,1.6673282086849213,2.6594879366457462,7,True,2
3189.0,300.0,-2712431.191688025,-4268689.512265474,3873088.2326246365,-2712441.7316379896,-4268661.682210901,3873076.4996184288,31.98852790382789,2064.6699176385864,2.830917214708669,5.161882352083921,7,True,2
3190.0,300.0,-2712434.169626111,-4268702.634914009,3873109.7230407624,-2712441.7316379896,-4268661.682210901,3873076.4996184288,53.273855755570196,2079.732486734296,2.3911861990179335,4.879727222025394,7,True,2
3191.0,300.0,-2712438.988130839,-4268710.233364,3873118.818286898,-2712441.7316379896,-4268661.682210901,3873076.4996184288,64.46402872734512,2088.988472656377,2.836632376802819,4.036972004920244,7,True,2
3192.0,300.0,-2712437.4385448326,-4268687.930058762,3873115.4146062746,-2712441.7316379896,-4268661.682210901,3873076.4996184288,47.13551150948322,2078.326598892165,2.4270378183573484,4.677157945930958,6,True,2
3193.0,300.0,-2712435.4165647123,-4268707.648726426,3873100.699365047,-2712441.7316379896,-4268661.682210901,3873076.4996184288,52.32999557049787,2076.1201447535723,4.779438944267375,7.069125093519688,7,True,2
3194.0,300.0,-2712435.2480862485,-4268701.10671743,3873097.129010442,-2712441.7316379896,-4268661.682210901,3873076.4996184288,44.96554206385876,2068.3238273637553,0.20418037474155426,0.5133828222751617,6,True,2
3195.0,300.0,-2712425.5818809434,-4268702.128196736,3873101.025298107,-2712441.7316379896,-4268661.682210901,3873076.4996184288,49.9820106288142,2073.1976207681696,3.000546896564109,7.18040756508708,7,True,2
3196.0,300.0,-2712426.97285739,-4268693.793973571,3873089.3336577215,-2712441.7316379896,-4268661.682210901,3873076.4996184288,37.59919508607174,2061.037322462152,5.077946236091001,9.745729438960552,7,True,2
3197.0,300.0,-2712430.9640899333,-4268702.79872985,3873101.0698791193,-2712441.7316379896,-4268661.682210901,3873076.4996184288,49.093848209750504,2069.058209814781,5.060733390173742,9.095847431570292,7,True,2
3198.0,300.0,-2712422.6677166577,-4268707.544726875,3873076.641920721,-2712441.7316379896,-4268661.682210901,3873076.4996184288,49.667129149403046,2057.9576703871594,1.3743402391672135,2.227354373782873,5,True,2
3199.0,300.0,-2712431.2898768885,-4268699.874907766,3873102.9523097617,-2712441.7316379896,-4268661.682210901,3873076.4996184288,47.61782594204664,2069.834229880613,2.8857795106513158,4.2030705362558365,7,True,2
3200.0,300.0,-2712427.7223795764,-4268705.987364264,3873095.0447266256,-2712441.7316379896,-4268661.682210901,3873076.4996184288,50.031259966865925,2063.20962408693,2.877693128372942,6.322556607425213,7,True,2
3201.0,300.0,-2712416.1217849776,-4268683.607692393,3873059.253015986,-2712441.7316379896,-4268661.682210901,3873076.4996184288,37.8686757855837,2032.3619258256729,3.001682155366455,7.04332410544157,7,True,2
3202.0,300.0,-2712416.925716826,-4268686.699886877,3873073.2930648276,-2712441.7316379896,-4268661.682210901,3873076.4996184288,35.37654338705557,2038.755076205799,1.5054915926108758,2.8691629841923714,6,True,2
3203.0,300.0,-2712426.27277034,-4268690.729479583,3873080.4720713836,-2712441.7316379896,-4268661.682210901,3873076.4996184288,33.14363874679924,2041.2080831871974,0.40950107884903747,0.7176701501011848,6,True,2
3204.0,300.0,-2712427.4318220587,-4268686.532385097,3873087.323404091,-2712441.7316379896,-4268661.682210901,3873076.4996184288,30.645884377727874,2044.261492931935,1.8237439238776763,3.8627630658447742,6,True,2
3205.0,300.0,-2712423.1176864565,-4268673.661951445,3873080.0175304217,-2712441.7316379896,-4268661.682210901,3873076.4996184288,22.413591411770607,2030.3449371032411,3.3521580348412194,6.095370057970285,6,True,2
3206.0,300.0,-2712427.710786833,-4268676.054371724,3873099.1614150787,-2712441.7316379896,-4268661.682210901,3873076.4996184288,30.277058993311275,2042.0156908132747,1.7232641644775868,2.793524369597435,5,True,2
3207.0,300.0,-2712426.0919601447,-4268690.938358177,3873087.4413486216,-2712441.7316379896,-4268661.682210901,3873076.4996184288,34.93197870401358,2046.1755909207943,3.730148617710386,8.711665205657482,7,True,2
3208.0,300.0,-2712438.882958807,-4268703.754221635,3873139.15847407,-2712441.7316379896,-4268661.682210901,3873076.4996184288,75.52682470863867,2086.4824731950052,9.991840521804988,25.24486242607236,8,True,2
3209.0,300.0,-2712434.936086142,-4268683.040578823,3873109.0046827476,-2712441.7316379896,-4268661.682210901,3873076.4996184288,39.483396656970584,2050.9410353666694,0.616578595340252,0.9996032416820526,5,True,2
3210.0,300.0,-2712434.6581501146,-4268667.705622325,3873113.570555496,-2712441.7316379896,-4268661.682210901,3873076.4996184288,38.21740560197118,2043.9748499033312,3.2674799598753452,5.297426577657461,5,True,2
3211.0,300.0,-2712425.9842523723,-4268692.102511612,3873076.3463144884,-2712441.7316379896,-4268661.682210901,3873076.4996184288,34.25490258669406,2040.0302378237438,5.42922278555731,9.008834153413773,6,True,2
3212.0,300.0,-2712424.8504808485,-4268699.483033911,3873069.537898246,-2712441.7316379896,-4268661.682210901,3873076.4996184288,41.9802481483484,2038.3674520372172,4.531948917855819,7.520814653486013,6,True,2
3213.0,300.0,-2712433.479594064,-4268698.29064945,3873093.271861808,-2712441.7316379896,-4268661.682210901,3873076.4996184288,41.10452712242435,2049.272279119572,2.8217418622225523,5.050488945096731,6,True,2
3214.0,300.0,-2712431.435654862,-4268710.568321183,3873090.1932427064,-2712441.7316379896,-4268661.682210901,3873076.4996184288,51.80129721326212,2047.8780963310578,0.3716447924574216,0.7494506612420082,6,True,2
3215.0,300.0,-2712436.6909200456,-4268711.685097423,3873094.3963522175,-2712441.7316379896,-4268661.682210901,3873076.4996184288,53.34782636889441,2048.01621752624,1.8821250995000203,3.722636565566063,6,True,2
3216.0,300.0,-2712442.443299583,-4268704.741525877,3873123.8064993573,-2712441.7316379896,-4268661.682210901,3873076.4996184288,63.97305723236133,2061.133366969071,0.12015998860200246,0.24276505410671234,6,True,2
3217.0,300.0,-2712446.5110836653,-4268661.130287557,3873148.650215331,-2712441.7316379896,-4268661.682210901,3873076.4996184288,72.31083151018072,2048.792853157495,1.4220919191837311,2.3060432001948357,5,True,2
3218.0,300.0,-2712438.428363625,-4268700.806942682,3873106.4097606465,-2712441.7316379896,-4268661.682210901,3873076.4996184288,49.35861491115076,2044.9405094754666,1.1204730793833733,1.8169942870736122,5,True,2
3219.0,300.0,-2712432.5487835677,-4268707.378767077,3873102.886733188,-2712441.7316379896,-4268661.682210901,3873076.4996184288,53.560992214426335,2047.652753295016,0.7295708209276199,1.1831283532083035,5,True,2
3220.0,300.0,-2712433.8695308934,-4268694.399865938,3873103.593320179,-2712441.7316379896,-4268661.682210901,3873076.4996184288,43.200999452184746,2044.4551958881225,2.862795627117157,4.6426612585783005,5,True,2
3221.0,300.0,-2712431.5333048403,-4268708.077948615,3873097.56963439,-2712441.7316379896,-4268661.682210901,3873076.4996184288,51.96648968010701,2043.694631610319,0.43191863149404525,0.7004719264805317,5,True,2
3222.0,300.0,-2712434.5779935354,-4268728.2207074715,3873096.707335169,-2712441.7316379896,-4268661.682210901,3873076.4996184288,69.9063514332804,2046.33563715629,6.1795752961188555,12.695850726217031,6,True,2
3223.0,300.0,-2712431.487837698,-4268728.770318405,3873085.1483006477,-2712441.7316379896,-4268661.682210901,3873076.4996184288,68.41454024551052,2044.6988722688582,4.520162633061409,7.331063631922007,5,True,2
3224.0,300.0,-2712423.679495734,-4268731.351630889,3873061.9316316866,-2712441.7316379896,-4268661.682210901,3873076.4996184288,73.42979067928194,2032.3823826107273,2.7442167341709136,4.450854543596506,5,True,2
3225.0,300.0,-2712428.630235136,-4268707.726127137,3873086.616645999,-2712441.7316379896,-4268661.682210901,3873076.4996184288,48.928961014815314,2033.6825024325606,0.95362456834742,2.052706476300955,7,True,2
3226.0,300.0,-2712430.217620519,-4268724.297285517,3873083.0303120096,-2712441.7316379896,-4268661.682210901,3873076.4996184288,63.998985352264725,2038.0423396308472,1.7400292679667473,3.642026375979185,6,True,2
3227.0,300.0,-2712428.451775296,-4268715.514054668,3873081.1430448107,-2712441.7316379896,-4268661.682210901,3873076.4996184288,55.63976604113307,2029.4775045600131,2.286501018330455,3.318626184016466,6,True,2
3228.0,300.0,-2712431.4399292674,-4268672.2459649155,3873099.116187408,-2712441.7316379896,-4268661.682210901,3873076.4996184288,27.00039554716414,2016.8330780709096,2.9822136921187243,5.880349323153496,6,True,2
3229.0,300.0,-2712422.741467341,-4268692.022290479,3873077.674770598,-2712441.7316379896,-4268661.682210901,3873076.4996184288,35.81239998554357,2017.685383151833,4.266948496301969,8.962041035294533,6,True,2
3230.0,300.0,-2712420.114952895,-4268696.694590636,3873069.4328791425,-2712441.7316379896,-4268661.682210901,3873076.4996184288,41.7502887812704,2013.5377847218242,4.346278980995218,9.726254969835281,6,True,2
3231.0,300.0,-2712431.10502377,-4268706.6440614415,3873091.5995103875,-2712441.7316379896,-4268661.682210901,3873076.4996184288,48.60555185348491,2026.9688864784189,0.7975245996245316,1.8455870561301708,7,True,2
3232.0,300.0,-2712428.538897762,-4268696.07434088,3873094.457579566,-2712441.7316379896,-4268661.682210901,3873076.4996184288,40.97993859711821,2023.0429896386966,3.0187528947634354,5.189873084425926,7,True,2
3233.0,300.0,-2712429.7781067602,-4268703.203831438,3873102.6269529816,-2712441.7316379896,-4268661.682210901,3873076.4996184288,50.49326184471129,2030.0859850583884,2.584167397980179,3.878131628036499,7,True,2
3234.0,300.0,-2712432.265851844,-4268699.613007123,3873092.8401788156,-2712441.7316379896,-4268661.682210901,3873076.4996184288,42.37169247425143,2022.02069396152,1.793590450393302,2.630326271057129,7,True,2
3235.0,300.0,-2712431.965294861,-4268690.908399971,3873119.816040898,-2712441.7316379896,-4268661.682210901,3873076.4996184288,53.1588566585115,2032.4080962991814,4.722076976937907,9.006757911294699,7,True,2
3236.0,300.0,-2712443.6123696594,-4268713.65617517,3873144.0826364597,-2712441.7316379896,-4268661.682210901,3873076.4996184288,85.27774879563687,2055.034938732519,7.205062078045947,15.148218523710966,7,True,2
3237.0,300.0,-2712431.1240757015,-4268697.633295601,3873094.7361839293,-2712441.7316379896,-4268661.682210901,3873076.4996184288,41.684207922038766,2017.7669255974133,1.2050757041821878,2.8263048119843006,6,True,2
3238.0,300.0,-2712424.871605005,-4268702.687689693,3873084.6534086103,-2712441.7316379896,-4268661.682210901,3873076.4996184288,45.0798657663869,2013.891166164504,0.4968864252524717,1.071572583168745,7,True,2
3239.0,300.0,-2712425.709425313,-4268696.189818582,3873080.294717922,-2712441.7318193065,-4268661.666037478,3873076.5171982977,38.247591107339915,2006.0375132097677,1.8930020933704717,4.909547485411167,7,True,2
3240.0,300.0,-2712427.191947043,-4268702.111544392,3873093.973701352,-2712441.7367229755,-4268661.558543174,3873076.631467448,46.44189371165805,2019.519367896987,1.2707572307969843,2.107284292578697,7,True,2
3241.0,300.0,-2712424.5289364583,-4268687.8509439295,3873089.7793797804,-2712441.755793673,-4268661.177086214,3873077.035804428,34.21487991653231,2007.147805327857,1.5755459410803658,3.128428801894188,7,True,2
3242.0,300.0,-2712427.681966789,-4268702.351371351,3873079.5719895493,-2712441.780674528,-4268660.607267784,3873077.642309853,44.10291834137433,2010.6655859008788,1.9769176164021094,4.140248365700245,6,True,2
3243.0,300.0,-2712427.1803191914,-4268688.221063082,3873079.545341601,-2712441.785388606,-4268660.186758699,3873078.099386367,31.64365752245063,2003.3464651108966,1.3897042897130762,3.066827032715082,7,True,2
3244.0,300.0,-2712454.9964539614,-4268715.052840582,3873172.9452811647,-2712441.777567495,-4268659.894651451,3873078.424613869,110.23303195356286,2069.786640185539,14.405841810894865,26.412969019263983,7,True,2
3245.0,300.0,-2712434.631296277,-4268700.510503769,3873111.069570987,-2712441.7839215626,-4268659.657769693,3873078.679521896,52.623390332347896,2021.3635423319133,4.741734199846785,7.707928862422705,6,True,2
3246.0,300.0,-2712408.5340411677,-4268792.464505485,3873019.5844073687,-2712441.784828098,-4268659.5769025525,3873078.7674212153,149.22251496563413,2023.177304811303,0.8418880961835384,1.3662454262375832,5,True,2
3247.0,300.0,-2712436.85515744,-4268698.7474607,3873104.6395938112,-2712441.7895503924,-4268659.485581643,3873078.864110464,47.22519372795208,2023.8590657642383,5.749583683287104,8.829729471355677,6,True,2
3248.0,300.0,-2712442.7627751683,-4268703.587379367,3873134.6629505027,-2712441.778819979,-4268659.123060982,3873079.268447308,71.03938880290828,2038.4873437151118,7.746346155447619,15.440717309713364,7,True,2
3249.0,300.0,-2712451.476612197,-4268701.707274082,3873155.4709734186,-2712441.633968797,-4268658.187377591,3873080.393558396,87.33542961584762,2052.030228918563,10.645121317356825,21.469553723931313,9,True,2
3250.0,300.0,-2712440.2411459954,-4268698.810011492,3873125.811763385,-2712440.9230567925,-4268656.607747273,3873082.617410216,60.39245195604431,2029.0110081722344,1.9767847172915936,4.470698170363903,9,True,2
3251.0,300.0,-2712437.5796371484,-4268705.61378526,3873132.958494701,-2712438.961941844,-4268655.035680414,3873085.702673756,69.23270953298805,2032.6283325816976,4.044037998964389,9.210275031626225,9,True,2
3252.0,300.0,-2712437.3982733693,-4268697.428139675,3873155.2506703883,-2712435.4024764146,-4268654.17414612,3873089.12195275,79.04364908363873,2037.878151835784,6.666599700848262,13.011372990906239,9,True,2
3253.0,300.0,-2712426.9223667625,-4268699.076301776,3873141.9947346016,-2712430.2501174123,-4268654.196313921,3873092.681868591,66.76111134783193,2025.9099023203794,4.643039344913429,11.18368037417531,9,True,2
3254.0,300.0,-2712424.971231239,-4268701.883982693,3873162.808730189,-2712423.767253829,-4268654.790924114,3873096.5406394014,81.30599968365543,2033.0689854637933,8.098771434649825,14.861880790442228,10,True,2
3255.0,300.0,-2712405.86226943,-4268698.392266925,3873138.655453156,-2712416.054908145,-4268655.524437445,3873101.102600168,57.89436462973504,2005.896426177841,4.8756103198975325,7.839574575424194,8,True,2
3256.0,300.0,-2712417.1605572673,-4268700.820750749,3873161.2620826983,-2712407.060377076,-4268656.149315268,3873106.675395756,71.25487477471107,2017.6288520417286,13.891862474381924,44.58364814892411,10,True,2
3257.0,300.0,-2712399.8199176006,-4268703.77621518,3873155.400536506,-2712396.977729649,-4268656.51011562,3873113.294183154,63.364873491286055,2005.3363134159945,4.265666903555394,10.228967521339655,10,True,2
3258.0,300.0,-2712375.8968739863,-4268701.815847422,3873149.7308482826,-2712386.0395634007,-4268656.643702411,3873120.756792082,54.615865516866485,1987.3845110689967,3.1761606808751823,7.53098202496767,10,True,2
3259.0,300.0,-2712375.7680889135,-4268705.880914598,3873174.8165274337,-2712374.48756562,-4268656.765836476,3873128.65888588,67.41259906417271,1995.3227811873246,5.560534942481253,12.801146857440472,9,True,2
3260.0,300.0,-2712359.0142858736,-4268692.2513042195,3873168.0031263027,-2712362.495645691,-4268657.199582341,3873136.525810821,47.239437578724555,1973.7345375458965,5.582574835668008,17.630087248981,9,True,2
3261.0,300.0,-2712345.298610269,-4268696.624762711,3873186.986468682,-2712350.1692019,-4268658.110811023,3873144.102661527,57.84520769741934,1975.1484178108212,4.435243986546993,9.721736181527376,8,True,2
3262.0,300.0,-2712331.503766016,-4268700.080982708,3873191.9346509962,-2712337.3883044994,-4268659.639957577,3873151.3191203154,57.61706031486922,1970.9330754582916,3.7984922756440938,7.422214034944773,8,True,2
3263.0,300.0,-2712319.0839853105,-4268711.287353615,3873212.494191576,-2712323.884744134,-4268661.957439266,3873158.175188365,73.53259035825106,1977.2751367552173,4.614822541673978,11.85362160205841,9,True,2
3264.0,300.0,-2712304.362141798,-4268706.51729548,3873207.741471623,-2712309.5607522666,-4268664.876466407,3873164.9433511375,59.9388297661778,1964.5501201574225,4.101095446944237,8.697181861847639,10,True,2
3265.0,300.0,-2712293.6820656476,-4268714.65875232,3873224.079029505,-2712294.504091069,-4268668.156594959,3873171.825774492,69.95376347622832,1969.2225302989766,7.830672278255224,20.72524269297719,10,True,2
3266.0,300.0,-2712274.589399481,-4268712.365948091,3873222.532167108,-2712278.678415485,-4268671.740617714,3873178.91035606,59.74947630924785,1960.363635042027,5.6722034890204664,12.054166309535503,10,True,2
3267.0,300.0,-2712259.2368729725,-4268714.578263885,3873236.2795027494,-2712262.218373402,-4268675.494796351,3873186.249833927,63.55607399636758,1959.7445568290555,4.92896172321505,8.499604400247335,9,True,2
3268.0,300.0,-2712239.6240927214,-4268722.7835822385,3873230.8886817615,-2712245.310039136,-4268679.316952462,3873193.8266276857,57.40447493919657,1951.2176746466905,4.80432418063283,9.269305877387524,10,True,2
3269.0,300.0,-2712222.1171472147,-4268724.177301482,3873244.93165866,-2712228.0604428584,-4268683.227396269,3873201.544049069,59.95583512971149,1949.783989200479,3.4582161936495037,7.333897959440947,9,True,2
3270.0,300.0,-2712205.713339933,-4268729.653228805,3873252.1893388857,-2712210.48466646,-4268687.200482094,3873209.419677096,60.45035342992651,1949.4296626627272,3.430856265127659,6.03156503289938,9,True,2
3271.0,300.0,-2712185.457229419,-4268729.635662804,3873251.2744991677,-2712192.631045806,-4268691.213523448,3873217.4447214566,51.69311650714381,1940.6501455679995,4.3703336048871275,9.806478790938854,10,True,2
3272.0,300.0,-2712167.1377937677,-4268733.355028528,3873261.743458125,-2712174.680932031,-4268695.255671628,3873225.504915032,53.11960030473222,1942.340313584727,4.098660601302981,7.658682387322187,10,True,2
3273.0,300.0,-2712143.7807643046,-4268734.14631003,3873263.4313274217,-2712156.839117059,-4268699.204838012,3873233.591467963,47.76865348634982,1933.9086781781193,4.233908078074455,7.23961678519845,10,True,2
3274.0,300.0,-2712133.174101579,-4268740.318226668,3873286.1974042337,-2712139.424328551,-4268703.00304417,3873241.546165279,58.525390406430695,1940.5707354939639,4.1254472190307245,10.482432778924704,9,True,2
3275.0,300.0,-2712112.7149595716,-4268742.425947338,3873287.6998403403,-2712122.850694235,-4268706.660171712,3873249.070157474,53.61134415112727,1933.1454358002034,3.67516956590116,7.49494231492281,10,True,2
3276.0,300.0,-2712106.0632109023,-4268749.648385759,3873294.394131219,-2712107.529615868,-4268710.099520197,3873255.961283003,55.16653816205238,1934.886769825977,10.204150909930467,33.37682117521763,10,True,2
3277.0,300.0,-2712084.9228081303,-4268753.999332229,3873305.2667732676,-2712093.780184489,-4268713.230781254,3873262.0964882136,60.03500125888573,1936.6417580106943,8.132654559984804,17.736309502273798,10,True,2
3278.0,300.0,-2712073.32445547,-4268753.796800318,3873303.043919814,-2712081.417233444,-4268716.075265702,3873267.581251377,52.40236713948683,1933.278045767716,6.759108907729387,19.108498889952898,10,True,2
3279.0,300.0,-2712052.906298073,-4268745.977811377,3873296.016360052,-2712070.243602378,-4268718.734162762,3873272.4419431374,39.9818914417413,1917.9373795434315,2.0365753513243465,3.9173257909715176,9,True,2
3280.0,300.0,-2712053.5490906574,-4268746.175283635,3873308.4772287826,-2712060.336701496,-4268721.230564217,3873276.599457848,41.04269688390173,1925.9831169622207,5.665269878506661,14.225218411535025,10,True,2
3281.0,300.0,-2712037.1917221704,-4268752.172220409,3873305.788572928,-2712052.0107146404,-4268723.58165673,3873279.8164758943,41.371157750753355,1927.0774742810495,2.551259416155517,5.632060617208481,8,True,2
3282.0,300.0,-2712037.859061325,-4268761.908115968,3873312.5018501994,-2712045.446261872,-4268726.17050543,3873281.548039605,47.88403501652272,1938.0895382830295,4.845673594623804,14.069267675280571,9,True,2
3283.0,300.0,-2712032.738494244,-4268770.143250971,3873310.5391155807,-2712040.5928231343,-4268729.213886075,3873281.591987916,50.74287726556378,1943.0335376180067,3.908461576120721,6.977917764335871,9,True,2
3284.0,300.0,-2712028.9566878574,-4268767.001587879,3873313.4583611363,-2712037.436046023,-4268732.343552146,3873280.361435081,48.6670881610065,1944.5976390044266,4.580469820648432,9.277592439204454,9,True,2
3285.0,300.0,-2712025.1086930465,-4268764.923732917,3873305.8347997214,-2712035.6215884644,-4268735.495580262,3873278.1728083994,41.733953834536756,1942.353120002657,3.586237101091279,8.775634076446295,9,True,2
3286.0,300.0,-2712020.60784386,-4268765.325365693,3873302.2548537985,-2712034.60212254,-4268738.993614984,3873275.0524759344,40.36298171184225,1943.7303886433986,4.726682026767069,9.636262159794569,9,True,2
3287.0,300.0,-2712022.8239332708,-4268767.997127628,3873294.666863138,-2712034.0265704747,-4268743.140994442,3873270.912539604,36.1606737194176,1944.8524494496485,3.5503527567618423,9.9847730435431,9,True,2
3288.0,300.0,-2712020.8646795624,-4268771.870607854,3873285.3132020794,-2712033.6214444158,-4268748.247963578,3873265.6035728753,33.30516259458405,1944.5768117614914,3.7052542297169566,8.44348717853427,8,True,2
3289.0,300.0,-2712025.784676657,-4268776.502942393,3873283.2064222787,-2712033.034940017,-4268754.353357188,3873259.327735851,33.367081218070375,1950.1410650358239,5.025464989244938,14.971601761877537,9,True,2
3290.0,300.0,-2712024.792464557,-4268795.7032090975,3873278.1763590346,-2712032.262149913,-4268761.235472984,3873252.331137413,43.72409533410869,1961.9664178373364,5.5417392539481325,12.418445277959108,9,True,2
3291.0,300.0,-2712031.790259235,-4268800.914796109,3873271.4423036687,-2712031.4827891947,-4268768.699838681,3873244.701672394,41.86835775264234,1966.7850748330943,4.429620443946785,9.555907871574163,9,True,2
3292.0,300.0,-2712019.836164366,-4268810.9050793685,3873255.2109877784,-2712030.679958047,-4268776.6046350775,3873236.606343319,40.49989056041246,1963.8707139053863,3.9350212613741555,8.608222216367722,9,True,2
3293.0,300.0,-2712019.128174005,-4268810.251741805,3873250.554858827,-2712029.8405741206,-4268784.797589984,3873228.220943151,35.51722329519944,1965.6364495641956,4.234498526901007,10.039424948394299,9,True,2
3294.0,300.0,-2712012.2688425235,-4268812.468267804,3873238.2395992232,-2712028.9920784207,-4268793.140832621,3873219.677316953,31.587571807962025,1964.8734737797386,4.585303863976151,9.231716353446245,8,True,2
3295.0,300.0,-2712012.523497097,-4268829.388840225,3873234.021194108,-2712028.146659139,-4268801.209112601,3873211.432531415,39.350068911712434,1973.5879193778562,2.764011579565704,5.33886431530118,8,True,2
3296.0,300.0,-2712004.8974736044,-4268824.053809414,3873203.7043941766,-2712027.3206897345,-4268808.534380539,3873203.9876043024,27.271477814373274,1957.9533056783903,0.750024253236396,1.4712058082222939,7,True,2
3297.0,300.0,-2712008.961641017,-4268838.393041198,3873219.147654908,-2712026.531239049,-4268815.571475289,3873196.8327313904,36.4344679822891,1979.6795525984107,2.396064821165055,5.327393092215061,8,True,2
3298.0,300.0,-2712006.0401496426,-4268848.936146034,3873216.626416847,-2712025.732498359,-4268822.775033291,3873189.502055049,42.51968274632985,1988.0648149329243,3.337215792387724,7.016305793076754,8,True,2
3299.0,300.0,-2712007.0589983133,-4268850.7980368715,3873199.196426278,-2712024.863767939,-4268830.27996292,3873181.890097158,32.21040527114718,1986.1833986637773,2.252086487133056,5.417591031640768,8,True,2
3300.0,300.0,-2712005.035061929,-4268855.512192457,3873179.2993680346,-2712023.883794015,-4268838.136557307,3873173.97048733,26.1836660471856,1983.936783858943,1.4582215760435377,2.781930334866047,7,True,2
3301.0,300.0,-2712006.3833517577,-4268872.066592164,3873178.01703728,-2712022.874347364,-4268846.308921938,3873165.72564483,32.9619301610499,1997.7871332504053,2.3207236379384995,4.846394777297974,7,True,2
3302.0,300.0,-2711997.189449258,-4268869.01870832,3873145.731651214,-2712021.895942664,-4268854.678320849,3873157.2434667135,30.799016629042804,1984.2544209324683,5.713968265801668,15.597510304301977,7,True,2
3303.0,300.0,-2712004.9425720563,-4268884.175320907,3873157.463775403,-2712020.9941947227,-4268863.135485224,3873148.611850464,27.904943126328146,2006.4701164617786,1.093228674360684,2.6308672353625298,7,True,2
3304.0,300.0,-2712004.560332006,-4268898.0233579,3873160.3167615198,-2712020.162930686,-4268871.571933137,3873139.953853399,36.84788982669293,2020.4614016212922,1.1268562711775303,2.3445264250040054,8,True,2
3305.0,300.0,-2711995.476109455,-4268902.113382088,3873135.2064680574,-2712019.341103994,-4268879.82572904,3873131.489221964,32.86480429322746,2013.3533759105885,1.3461774614240443,2.506308525800705,7,True,2
3306.0,300.0,-2712014.1306984825,-4268911.858612789,3873149.51481635,-2712018.5906961644,-4268887.648751,3873123.446493589,35.85479659307791,2038.1316569768785,10.486797975169289,34.86817726120353,9,True,2
3307.0,300.0,-2712006.4518703427,-4268921.770492275,3873150.8759611673,-2712017.992591769,-4268894.756784375,3873116.0805764007,45.537319493122425,2048.04552092469,5.2849900759756565,12.639129281044006,8,True,2
3308.0,300.0,-2712000.377506696,-4268924.890857725,3873117.84371077,-2712017.407082821,-4268900.748840589,3873109.927655996,30.586065088227063,2035.1725855793045,1.2720156069844961,2.9732653982937336,8,True,2
3309.0,300.0,-2711996.935531709,-4268922.332457283,3873111.7877480485,-2712016.295396782,-4268905.517600785,3873105.479969969,26.407041465936388,2034.43658883523,0.8156396429985762,1.1888017542660236,6,True,2
3310.0,300.0,-2711995.437425177,-4268992.19295138,3873141.7183557306,-2712014.3164319256,-4268909.464430117,3873102.535354056,93.46514187895167,2092.670734759317,11.850098858690924,22.381077844649553,9,True,2
3311.0,300.0,-2711997.075964374,-4268940.253629141,3873119.1413320727,-2712012.2344780173,-4268912.705931738,3873100.434567574,36.58687204540758,2059.685054044162,2.8615202945657074,6.636777125298977,8,True,2
3312.0,300.0,-2711994.4913256555,-4268978.0417786585,3873125.2602926497,-2712010.943593765,-4268915.003293199,3873098.8172252257,70.3119021909756,2086.2488679660646,8.250903238438898,15.189344715327024,9,True,2
3313.0,300.0,-2712008.535033859,-4268969.0729123475,3873120.3225275422,-2712010.404882437,-4268916.525743349,3873097.5251090433,57.30989088830042,2085.7801128780006,6.476604862138629,12.727598745375872,8,True,2
3314.0,300.0,-2712006.6555775492,-4268943.058279623,3873110.150041389,-2712010.2003765213,-4268917.6030441,3873096.487899953,29.106506556161733,2069.8291599228824,5.865673752967268,13.987529892474413,8,True,2
3315.0,300.0,-2712006.2936658063,-4268947.331364946,3873115.0306901787,-2712010.093643251,-4268918.537943906,3873095.538589795,34.977748657508116,2077.513450135593,3.784686293452978,8.32126584649086,8,True,2
3316.0,300.0,-2711999.833458765,-4268952.431408269,3873120.99316501,-2712010.007250137,-4268919.636551445,3873094.395901461,43.43297242056055,2083.000072168603,4.028351279182567,8.298713594675064,9,True,2
3317.0,300.0,-2711994.268813398,-4268943.780269753,3873115.7259103544,-2712009.762905832,-4268921.293135595,3873092.752187898,35.68655246055036,2077.5064963288537,3.088393706828356,7.545396309345961,8,True,2
3318.0,300.0,-2712008.5664991005,-4268953.871817542,3873120.1497850376,-2712009.0095131435,-4268923.811030594,3873090.519549568,42.21134950912874,2094.0247033173246,5.289756499644783,15.126257937401533,9,True,2
3319.0,300.0,-2711992.3062390415,-4268952.700746222,3873103.1480350094,-2712007.277884034,-4268927.143074382,3873088.075952422,33.234205529879034,2082.2204379802665,0.9092116486281157,1.836304310709238,8,True,2
3320.0,300.0,-2711983.5436231857,-4268956.673778644,3873105.168182649,-2712004.142461084,-4268930.981556002,3873086.054270649,38.07550471081876,2087.752119294432,3.140474461019039,7.124635227024555,9,True,2
3321.0,300.0,-2711983.7339130957,-4268960.388330154,3873105.058844931,-2711999.5751110422,-4268934.8706567045,3873084.9731101417,36.13214569724565,2092.9812270337293,2.949098033209642,6.930016003549099,9,True,2
3322.0,300.0,-2711978.5661045155,-4268968.647800862,3873108.6824563537,-2711994.1142969145,-4268938.291665438,3873085.0258496823,41.50754490425074,2101.542995747935,3.1230278429057865,6.9660804606974125,9,True,2
3323.0,300.0,-2711971.1951845363,-4268969.991455702,3873103.95273945,-2711988.20233114,-4268941.051900526,3873086.115800103,38.01180467551743,2101.2390837135563,2.2892575873993337,5.262082327157259,8,True,2
3324.0,300.0,-2711963.9185362635,-4268969.48461242,3873107.9173683184,-2711981.602413912,-4268943.486453084,3873088.0407927446,37.198146110773656,2104.129891035286,2.491079586558044,5.4278576001524925,8,True,2
3325.0,300.0,-2711954.1890929104,-4268973.066109814,3873111.851821759,-2711973.8097012546,-4268946.084637296,3873090.616238645,39.54640465570155,2108.646063889961,2.6204196754842997,5.953956238925457,8,True,2
3326.0,300.0,-2711945.946771657,-4268967.481723493,3873114.835641844,-2711964.9112220206,-4268948.999901462,3873093.613599336,33.93527974530035,2108.280503611633,3.8954015243798494,5.772028028964996,8,True,2
3327.0,300.0,-2711936.8214626755,-4268972.577745403,3873116.445484364,-2711955.778865993,-4268951.991462971,3873096.69006784,34.25572429477818,2113.1651741960127,2.6761953746899962,4.684318169951439,8,True,2
3328.0,300.0,-2711927.4185984298,-4268981.374162727,3873120.1912584766,-2711947.727018433,-4268954.609699556,3873099.4237286528,39.49757849373232,2120.3856886907042,4.154658674728125,7.207192234694958,8,True,2
3329.0,300.0,-2711920.0160654867,-4268975.805647039,3873102.2342826235,-2711941.4865565654,-4268956.655256593,3873101.524515456,28.7788674348583,2108.785158561491,1.1228260179715497,2.0971475541591644,7,True,2
3330.0,300.0,-2711915.563048655,-4268987.303172471,3873117.407955847,-2711936.656423419,-4268958.270522334,3873103.115487444,38.62770878482348,2125.2981648696286,3.8183491067029536,6.535548083484173,8,True,2
3331.0,300.0,-2711914.2567556514,-4268987.921686996,3873127.974322982,-2711932.15265706,-4268959.80690858,3873104.565820691,40.72667470003775,2134.8024977051564,4.827661190647632,8.235837522894144,8,True,2
3332.0,300.0,-2711910.2905238406,-4268978.053793111,3873119.4513267726,-2711927.2778178104,-4268961.450562375,3873106.156791948,27.220949349818408,2125.3320879821676,2.190583552633013,4.207469541579485,7,True,2
3333.0,300.0,-2711903.1669785995,-4269001.749463657,3873144.8079623156,-2711921.67536854,-4268963.331634957,3873107.99387983,56.3361937783976,2152.347196609974,7.064895636867732,12.208296835422516,8,True,2
3334.0,300.0,-2711892.9815217117,-4268993.686800178,3873111.992781913,-2711915.296970515,-4268965.472802258,3873110.0858740215,36.02284319197923,2132.2492481982786,2.0843525182987963,4.3242897391319275,7,True,2
3335.0,300.0,-2711898.4432904846,-4269001.767235394,3873154.997604354,-2711908.1609753272,-4268967.88648788,3873112.406404619,55.28425404796775,2164.4376500587605,6.422257398720831,13.042735736817122,8,True,2
3336.0,300.0,-2711874.504546348,-4268982.985771297,3873109.5176585014,-2711900.256480977,-4268970.5555273285,3873114.981841035,29.112375255211415,2128.905764873411,2.3130626752972603,3.394641000777483,7,True,2
3337.0,300.0,-2711864.2876886693,-4268994.265067784,3873117.995429121,-2711891.6839805148,-4268973.424105384,3873117.8033930887,34.42294871836489,2140.4347281001938,1.0254549155277866,1.7598876133561134,7,True,2
3338.0,300.0,-2711859.9023214006,-4268993.531826442,3873112.779176149,-2711882.833631027,-4268976.332682782,3873120.7743718345,29.75867365790685,2138.4314999927847,0.4874704107642174,0.9234373085200787,7,True,2
3339.0,300.0,-2711849.50342119,-4268996.436075649,3873122.914897267,-2711874.1882667714,-4268979.102993327,3873123.754139117,30.174188821447625,2145.7623072918086,0.7763528909002032,1.534361232072115,7,True,2
3340.0,300.0,-2711846.397401422,-4269000.634378006,3873131.2726456667,-2711866.2041867333,-4268981.613774548,3873126.558107693,27.8625011183079,2156.6339751086257,1.3260049532566751,1.7554487884044647,7,True,2
3341.0,300.0,-2711836.8686157377,-4269002.048320145,3873130.6695953747,-2711859.444901773,-4268983.74791848,3873128.92258184,29.114351247126297,2160.870337292741,0.8435456289776734,1.4582769498229027,7,True,2
3342.0,300.0,-2711830.3315759744,-4269002.374683716,3873128.697336788,-2711854.4699225463,-4268985.414947022,3873130.557496556,29.559307135657292,2164.0873624656606,1.5896350028259414,2.7223039530217648,7,True,2
3343.0,300.0,-2711845.3577586287,-4269022.27516167,3873200.634926925,-2711851.2605311223,-4268986.634786312,3873131.454062517,78.04531426698952,2220.2341146026233,10.197283745743334,20.802421618252993,8,True,2
3344.0,300.0,-2711824.5204065456,-4269005.664604088,3873131.6508933874,-2711848.9532021536,-4268987.562591933,3873132.04298323,30.41049292177629,2171.003146567153,0.5659862394843783,0.9628589451313019,7,True,2
3345.0,300.0,-2711825.1503911316,-4269005.902115705,3873135.0533076874,-2711846.8537617624,-4268988.422564527,3873132.561585008,27.97820022881973,2177.826804267521,0.7165241496903556,2.082992523908615,7,True,2
3346.0,300.0,-2711823.296622702,-4269006.009258064,3873138.4673909238,-2711844.5237131994,-4268989.396913919,3873133.1153461854,27.480970359290612,2181.8734616707625,1.5821162313222885,2.1217010281980038,7,True,2
3347.0,300.0,-2711820.30979616,-4269006.5812613135,3873136.888650524,-2711841.4395169723,-4268990.665671703,3873133.871274065,26.624718870492526,2183.664354113879,1.0991670420127255,2.273199003189802,7,True,2
3348.0,300.0,-2711814.563274533,-4269004.259417452,3873133.1670193733,-2711837.32314284,-4268992.285024065,3873134.9612164376,25.78016379804313,2182.316167024527,1.8605115780872958,3.185597687959671,7,True,2
3349.0,300.0,-2711807.1627598666,-4269009.047705027,3873134.6404902455,-2711832.3868463635,-4268994.128162994,3873136.376383284,29.357462402762273,2184.582872090619,0.9134087355009147,1.6128694377839565,7,True,2
3350.0,300.0,-2711806.989792489,-4269009.026030592,3873150.500037766,-2711827.05748978,-4268996.060411264,3873137.96734689,26.97940139621669,2193.599395586403,0.17358181838478362,0.43165069073438644,7,True,2
3351.0,300.0,-2711802.392016088,-4269022.088263046,3873145.0695297583,-2711821.84371114,-4268997.911203945,3873139.5670999656,31.514684843554445,2199.5045104889464,0.48531212391597883,0.8353871218860149,7,True,2
3352.0,300.0,-2711793.0728309173,-4269030.801849581,3873143.638832419,-2711817.064978499,-4268999.557889596,3873141.0877440153,39.47551435017268,2204.576172000139,3.9116855652204583,5.710574317723513,7,True,2
3353.0,300.0,-2711791.353533439,-4269019.437079844,3873143.783758648,-2711812.765997084,-4269000.972071687,3873142.52927909,28.302364646070195,2199.7719291756052,0.8003713909004416,1.327681414783001,7,True,2
3354.0,300.0,-2711785.6521772225,-4269013.80324736,3873142.007852235,-2711809.093066848,-4269001.972503701,3873143.988393541,26.331812429121108,2197.0557785701053,1.7376796869294984,3.3886133395135403,7,True,2
3355.0,300.0,-2711787.170275355,-4269023.06197364,3873156.815913392,-2711806.1392317344,-4269002.508111586,3873145.456297515,30.188133833125182,2211.0190233545354,1.2696955704263277,2.77213591337204,7,True,2
3356.0,300.0,-2711778.95111339,-4269017.140158571,3873143.956097933,-2711803.957346848,-4269002.810263065,3873146.6429262375,28.94609927684437,2198.867627939852,1.2643966770597868,2.157020188868046,7,True,2
3357.0,300.0,-2711782.0193429724,-4269023.414996103,3873157.774507363,-2711802.727297717,-4269002.997517799,3873147.293374484,30.91192256117736,2211.8819570959754,1.73175055959395,2.5151580907404423,7,True,2
3358.0,300.0,-2711779.6572555457,-4269017.964814846,3873153.027485815,-2711802.3567744754,-4269003.056258092,3873147.486750977,27.717015833065513,2208.453805621133,2.020154927990266,4.187387838959694,7,True,2
3359.0,300.0,-2711778.761848021,-4269022.146192266,3873149.9494321975,-2711802.3642252926,-4269003.051525103,3873147.486750977,30.45887925920889,2210.1194743260694,1.6072138675621577,2.7466097436845303,7,True,2
3360.0,300.0,-2711780.7971683415,-4269017.527260982,3873155.7033829745,-2711802.3716761065,-4269003.046792117,3873147.486750977,27.251722977582205,2214.697388476421,1.3770156667700835,2.694608349353075,7,True,2
3361.0,300.0,-2711778.086912172,-4269022.718606583,3873152.326433294,-2711802.3716761065,-4269003.046792117,3873147.486750977,31.625188832100175,2216.8598561332788,1.6628322069134032,3.1863800548017025,7,True,2
