t,n_satellites,gdop,pdop,hdop,vdop,mean_cn0_db_hz,min_elevation_deg,mean_elevation_deg,position_error_m
0.0,7,2.978686094129477,2.514954658463566,1.867770037912062,1.6841710185149148,32.042857142857144,19.83588279701088,43.77630075082897,38.4686594697414
1.0,7,2.3368184023917675,2.0927231617484745,1.4046108604118817,1.5513086612700664,31.214285714285715,4.479928644394804,37.651374963820096,38.36130473526967
2.0,6,3.191535532394156,2.724343485954844,1.9342231225356292,1.9185484986606702,34.63333333333333,19.82595360230115,43.17887587354098,37.97122596488332
3.0,8,2.0740979070095764,1.829616644050131,1.2740172943892407,1.3131553593472411,30.400000000000002,4.490740980238545,38.86631757622041,47.38046034627658
4.0,7,2.978920992913441,2.5151071727474474,1.8676382806219665,1.6845448474769327,33.18571428571429,19.81604053521588,43.77737885451802,32.781938017607246
5.0,7,2.978979333046997,2.5151450173998087,1.867605364399491,1.684637842806972,31.28571428571429,19.81108216548313,43.77764902001561,38.511595757162524
6.0,8,2.074314347181071,1.8297710636365314,1.273863269000066,1.3135198960099648,30.174999999999997,4.506936101195588,38.86904691087308,52.64446504792965
7.0,7,2.9790955506510732,2.515220365046932,1.8675395594670308,1.6848232781429957,32.614285714285714,19.8011579309702,43.77818487158316,32.342932518895246
8.0,7,2.9791534277473604,2.5152578677421613,1.867506670673235,1.6849157178416412,33.72857142857143,19.79620257560105,43.778456348828186,35.78175907468631
9.0,7,2.979211150171586,2.51529525618668,1.8674737909432162,1.6850079720687934,33.75714285714286,19.79124588986979,43.77872505868307,29.426706537643977
10.0,7,2.9792687177206436,2.515332530220492,1.8674409202478774,1.6851000406412617,33.1,19.78630382860214,43.77900104699948,29.912599855540016
11.0,7,2.9793261302425647,2.515369689719265,1.8674080585489568,1.6851919234392285,32.9,19.78135771261704,43.77927583334015,31.482337119590536
12.0,7,2.979383387565094,2.515406734545282,1.8673752058253366,1.6852836203038764,32.57142857142857,19.77639428761904,43.77954027763415,33.122333577009066
13.0,7,2.979440489491387,2.5154436645410296,1.8673423620097325,1.685375131097975,33.22857142857143,19.77144520905884,43.779811377096266,28.82802169896711
14.0,7,2.9794974358836086,2.5154804795947934,1.8673095270971471,1.685466455683613,32.94285714285714,19.766482816294875,43.78007914717394,35.069804149822936
15.0,7,2.979554226529845,2.5155171795363622,1.8672767010398827,1.685557593882863,33.0,19.761541099043523,43.780350650946176,34.31029782907472
16.0,7,2.9796108613130015,2.5155537642700145,1.867243883815959,1.6856485456004562,32.385714285714286,19.756578384361543,43.78061483034436,33.79191596457942
17.0,7,2.9796673400076656,2.515590233617951,1.8672110753783755,1.6857393106463254,33.542857142857144,19.75163871312768,43.78088950843674,46.559075918099
18.0,7,2.9797236624699415,2.5156265874615413,1.8671782756921342,1.6858298889053867,33.042857142857144,19.74670140933281,43.781160993528296,48.142130400987895
19.0,8,2.0752497731594817,1.8304384468696469,1.2732002545569374,1.3150916392307856,31.7875,4.577231774441095,38.880894901564226,32.99354360297623
20.0,8,2.0753215576421113,1.8304896613782622,1.2731495514201483,1.3152120057737386,32.987500000000004,4.582642448308339,38.881804176669164,34.15304289642992
21.0,7,2.9798916907191724,2.515734954570855,1.8670799288067943,1.6861005014815806,34.82857142857143,19.73184010344566,43.78195726365231,38.896352519796665
22.0,7,2.9799473865357085,2.5157708450201826,1.867047163804065,1.6861903311265785,35.457142857142856,19.726882150710203,43.782220868758984,35.70423837656613
23.0,7,2.9800029252471254,2.515806619265081,1.8670144073749908,1.6862799732524274,35.34285714285714,19.72191195862461,43.782475770750786,38.833795735374
24.0,7,2.980058306724924,2.5158422771994418,1.866981659500079,1.6863694277454164,35.114285714285714,19.7169362516647,43.78272980590486,32.10838259354953
25.0,7,2.980113530754984,2.5158778186546633,1.8669489201344807,1.6864586944266504,35.25714285714286,19.7119775366196,43.78298832837835,30.20657577892218
26.0,7,2.980168597191966,2.515913243511147,1.8669161892520747,1.6865477731695866,34.45714285714286,19.70701746553713,43.78324781771689,28.037893108887456
27.0,8,2.075823341924617,1.8308476541410128,1.2727958206958012,1.316052404539026,32.8375,4.620490807209329,38.888137334798095,47.65424752262516
28.0,8,2.0758949230665107,1.8308987221773518,1.2727454578753197,1.3161721507190474,33.175,4.625909166139506,38.88905028957189,62.44363106464805
29.0,8,2.075966478314224,1.8309497715032856,1.2726951375847873,1.3162918189124984,33.3,4.631316677239648,38.889958984609805,45.97440958223365
30.0,8,2.0760380075202374,1.8310008019990616,1.2726448598019178,1.316411408998328,32.7375,4.636734680813755,38.89085410263335,84.67140397214229
31.0,8,2.076109510626523,1.831051813610385,1.272594624557879,1.3165309208948615,32.9625,4.6421448707873925,38.89176410025302,56.22969780879851
32.0,8,2.0761809874765405,1.8311028062108312,1.2725444318183685,1.3166503544833936,33.9875,4.647551426060438,38.89266979073797,62.20426467019663
33.0,7,2.980549635209033,2.5161579411692414,1.8666873076462451,1.6871660500322572,35.9,19.67234811738973,43.78507707948295,36.59200471478296
34.0,7,2.980603434751909,2.5161924283005495,1.8666546433777278,1.6872536201156552,34.95714285714285,19.667396608375785,43.785335788316594,31.96991389293433
35.0,7,2.980657075195584,2.516226797621927,1.8666219872871015,1.6873410009974414,35.642857142857146,19.662439845514907,43.78559337442649,31.54785242683046
36.0,7,2.980710556351091,2.5162610489827397,1.8665893393433406,1.6874281925099828,35.714285714285715,19.657469206728447,43.785843202499564,29.707823762539174
37.0,7,2.980763878059937,2.516295182255054,1.8665566995106313,1.6875151945247706,36.34285714285714,19.652510245658465,43.786097906324926,27.815881423788237
38.0,7,2.980817040148252,2.516329197299496,1.8665240677486943,1.6876020069011515,35.65714285714286,19.64756418895225,43.7863543465104,35.34977558792954
39.0,7,2.980870042438843,2.516363093973922,1.8664914440225406,1.6876886294884674,36.357142857142854,19.64260328244592,43.78660933888288,28.338607237279856
40.0,7,2.9809228847856573,2.516396872159383,1.8664588283147558,1.6877750621511847,35.15714285714286,19.637654195281065,43.7868639145563,28.897290023188752
41.0,8,2.0768230802678604,1.8315608695180607,1.2720946097980552,1.3177217166277897,33.7875,4.696259164622213,38.900759118024624,33.333581807152406
42.0,7,2.9810280889597887,2.516464072513642,1.8663936207865437,1.687947357158759,35.58571428571428,19.62772471737087,43.78736402982532,26.221154821567527
43.0,7,2.9810804504490958,2.51649749441049,1.8663610289039498,1.6880332192118923,35.7,19.62278604503392,43.787627479031016,32.511842175446816
44.0,7,2.9811326513040903,2.516530797264775,1.8663284448832584,1.6881188907780529,35.957142857142856,19.617821446373377,43.78787554448212,23.504765868739188
45.0,7,2.981184691392155,2.516563980968484,1.86629586871552,1.6882043717285315,35.128571428571426,19.61286128950889,43.78812844113646,24.990609763068026
46.0,7,2.9812365705204584,2.5165970453674977,1.8662633003593074,1.688289661901774,35.57142857142857,19.60793274429632,43.78839187273869,31.701052561092663
47.0,7,2.981288288540964,2.5166299903423024,1.8662307397749718,1.6883747611858153,35.17142857142857,19.60296014792168,43.78863539480334,31.527947229667657
48.0,7,2.9813398452722453,2.516662815747662,1.8661981869362856,1.6884596694154916,35.51428571428571,19.598014365336915,43.78889094860218,35.331170128498584
49.0,7,2.9813912405632985,2.5166955214614593,1.866165641802137,1.6885443864765246,34.971428571428575,19.593063987535803,43.7891455520602,38.694193484566064
50.0,7,2.981442474217103,2.5167281073272156,1.8661331043416445,1.6886289121920919,34.32857142857143,19.58811043766508,43.789396379464506,41.76678218482306
51.0,7,2.981493546137051,2.5167605732625806,1.866100574551431,1.6887132464654306,34.77142857142857,19.583136213728626,43.789632830123445,29.271836574739964
52.0,7,2.9815444561026596,2.516792919095282,1.8660680523543243,1.688797389147286,35.5,19.57818903018427,43.78988741291911,34.00958652123224
53.0,7,2.9815952039711315,2.5168251447076964,1.866035537754649,1.6888813400797684,35.72857142857143,19.57323712684956,43.79013813103309,35.117257578872
54.0,7,2.9816457895576316,2.516857249952748,1.8660030306817232,1.6889650991439504,35.57142857142857,19.56828837239429,43.7903897896732,39.04242438716746
55.0,7,2.9816962127333704,2.5168892347249296,1.8659705311409271,1.6890486661987831,35.48571428571429,19.563310087869866,43.7906269484436,34.427356623074054
56.0,7,2.981746473295842,2.516921098863582,1.8659380390840787,1.6891320410801887,35.41428571428571,19.558352625350395,43.79087192237157,35.24938291487156
57.0,7,2.981796571107616,2.5169528422569174,1.8659055544732577,1.6892152236855489,35.91428571428572,19.553393173268383,43.79111582575557,35.46032258568599
58.0,7,2.9818465059981234,2.5169844647684654,1.8658730772763943,1.6892982138689776,35.72857142857142,19.5484216525968,43.79135645894899,41.82651183603009
59.0,7,2.9818962778190827,2.5170159662776266,1.8658406074861673,1.6893810114808752,35.71428571428571,19.543458524981144,43.79159814767833,29.744721405530758
60.0,7,2.9819458863806294,2.5170473466335856,1.865808145037414,1.6894636163904855,34.885714285714286,19.538498406798453,43.79183770873693,29.14890089064345
61.0,7,2.981995331531098,2.5170786057136905,1.86577568991124,1.689546028457885,34.699999999999996,19.53352547427573,43.7920756479968,30.08945269886129
62.0,7,2.9820446131097618,2.517109743388886,1.8657432420772135,1.689628247546327,35.542857142857144,19.52858750637047,43.79232889740818,31.38914790491014
63.0,7,2.9820937309384203,2.517140759515778,1.8657108014855377,1.6897102735190614,35.25714285714286,19.523635571315538,43.79257233167397,47.22909521476538
64.0,7,2.9821426849136436,2.5171716540095366,1.8656783681584104,1.6897921062470604,34.84285714285715,19.51866720925304,43.792807757390314,30.0734260305659
65.0,7,2.9821914747800595,2.5172024266695154,1.8656459419931954,1.6898737455665793,34.25714285714285,19.513712012118475,43.79305112163722,41.21863972166797
66.0,7,2.9822401004700985,2.51723307743527,1.8656135230119055,1.6899551913850688,34.07142857142857,19.50876133604176,43.79329779879329,34.50243124074773
67.0,7,2.9822885617469916,2.5172636061218485,1.8655811111419958,1.6900364435288873,35.300000000000004,19.50379392547149,43.793530632191995,46.944951838422185
68.0,7,2.9823368585291328,2.5172940126586756,1.8655487064152545,1.6901175018795551,35.357142857142854,19.498830342068885,43.793770022455476,32.55211444668127
69.0,7,2.9823849905836393,2.5173242968622342,1.8655163087308673,1.69019836629672,35.214285714285715,19.49387473724476,43.794010203548034,28.89065704573119
70.0,7,2.982432957765664,2.51735445861598,1.8654839180742244,1.6902790366445992,34.642857142857146,19.48892894206555,43.794257458635435,34.267002011951675
71.0,8,2.0789469435991483,1.8330757143322922,1.2706200397497933,1.3212461122217454,32.712500000000006,4.858813631027493,38.927529256409215,101.2716988195014
72.0,7,2.982528396905832,2.5174144142823383,1.8654191577564105,1.6904397945836025,35.12857142857143,19.47901083809548,43.79472892833114,33.120604890381955
73.0,8,2.0790875866069953,1.8331760053119983,1.2705230920950994,1.3214784670605735,33.475,4.869654806156299,38.92929534048798,100.99278425174364
74.0,8,2.079157861863204,1.833226116528459,1.2704746818243269,1.3215945207079933,33.225,4.875073643180018,38.93017856898835,79.56059730730026
75.0,8,2.079228106120217,1.83327620475767,1.270426313905404,1.3217104916990765,32.65,4.8805003354267695,38.931063558469745,86.28749725891839
76.0,8,2.0792983192877674,1.833326269922309,1.270377988345953,1.3218263799430454,33.237500000000004,4.885925411235126,38.93195448541139,81.01496179278939
77.0,7,2.9827640985137776,2.517562151735054,1.8652573779521107,1.69083828376461,35.614285714285714,19.45419022542488,43.795897362002854,30.335620716754192
78.0,8,2.079438651891235,1.8334263306711744,1.27028146428097,1.3220579077720314,33.3875,4.896774394127751,38.93371622058028,90.48842763396225
79.0,8,2.0795087711129674,1.8334763260750762,1.270233265775518,1.3221735471544651,33.712500000000006,4.902193563840213,38.93459826241601,73.19332625232627
80.0,8,2.079578858803053,1.8335262980442615,1.2701851096095678,1.3222891033907918,33.575,4.907621048003012,38.93547638610668,62.14869825774427
81.0,8,2.0796489148122506,1.8335762464560308,1.2701369957665598,1.322404576350553,32.9875,4.913049893722599,38.93635649611006,110.47930818066165
82.0,7,2.982995646678626,2.5177068024877465,1.8650957678650129,1.6912318942076185,35.542857142857144,19.42938565317713,43.79705918770527,28.11040112986375
83.0,8,2.079788931505345,1.833676072358002,1.2700408951114988,1.3226352721300956,33.9375,4.923892637180892,38.93811146668402,65.8355148255692
84.0,8,2.0798588919228336,1.8337259496284244,1.2699929082708836,1.3227504947201227,33.9125,4.929322496479963,38.93899864559016,66.31933270693
85.0,7,2.983132573690199,2.517792104703984,1.8649988816748855,1.6914657117012881,35.199999999999996,19.41452119123888,43.79775791455637,31.52762912455026
86.0,8,2.0799987163677187,1.8338256323615416,1.269897061546064,1.3229806888170665,32.95,4.940169364001042,38.94076179435928,84.68599416530132
87.0,7,2.9832230216372153,2.517848350652988,1.8649343236530498,1.6916206091635064,35.12857142857143,19.40460209063135,43.7982183011245,31.529396847343538
88.0,7,2.983267994119706,2.517876286589081,1.8649020543828125,1.6916977632326604,35.228571428571435,19.399634147378706,43.79844100624239,31.627162251921447
89.0,7,2.983312798735447,2.517904097667431,1.8648697915683137,1.6917747206842866,35.35714285714286,19.3946701581091,43.7986713523026,35.39696355760586
90.0,7,2.9833574353253804,2.5179317837593675,1.8648375351739406,1.6918514813871846,34.885714285714286,19.38969700405832,43.798889734781234,30.09489505091855
91.0,7,2.9834019037290065,2.517959344737371,1.8648052851731163,1.6919280452018826,34.9,19.384748185651524,43.7991248517397,35.013391565803005
92.0,7,2.9834462037892133,2.517986780474586,1.8647730415283372,1.6920044120019089,34.457142857142856,19.379792485622023,43.799351878262364,38.117618533426025
93.0,7,2.983490335362413,2.518014090854873,1.8647408042229598,1.692080581653723,35.1,19.374840655609304,43.79958329768723,36.971338094793246
94.0,7,2.9835342982886184,2.5180412757505803,1.8647085732162687,1.6921565540331538,35.1,19.3698484957719,43.79979436336231,39.62326199465271
95.0,7,2.983578092416545,2.5180683350390285,1.8646763484915703,1.6922323289969285,34.52857142857143,19.364899268575023,43.80002720134758,44.79223592683792
96.0,7,2.9836217175917743,2.518095268596871,1.8646441300097238,1.6923079064254911,34.9,19.35993129679646,43.800246171353656,47.021270232255816
97.0,7,2.9836651736502082,2.5181220762917733,1.8646119177368372,1.6923832861800971,35.42857142857143,19.35496978411667,43.800473507675086,48.96167870733144
98.0,7,2.9837084604492743,2.5181487580095308,1.8645797116525697,1.6924584681340225,35.642857142857146,19.35000023523472,43.800689752908546,44.06402822558111
99.0,7,2.9837515778255925,2.5181753136190967,1.8645475117223214,1.6925334521511641,35.371428571428574,19.345047257392,43.80092011365954,48.92189407926519
100.0,7,2.9837945256261094,2.5182017429965753,1.864515317918526,1.6926082380982808,35.24285714285714,19.340083102590345,43.8011399364897,55.64556086262019
101.0,7,2.983837303693717,2.518228046016671,1.8644831302030924,1.692682825851618,34.82857142857143,19.33512516251088,43.80136224889901,52.23363609589841
102.0,7,2.983879911913229,2.5182542225843565,1.8644509485797824,1.6927572152863184,34.74285714285715,19.33015626512267,43.801582081607194,43.8102786762253
103.0,7,2.983922350076285,2.5182802725357365,1.8644187729777926,1.6928314062571752,35.48571428571429,19.325200077838662,43.801805931682324,45.18542673956658
104.0,7,2.983964618067743,2.5183061957760713,1.8643866033948582,1.6929053986463425,35.25714285714286,19.32024632112521,43.8020318205983,49.37050240748275
105.0,7,2.9840067157167596,2.518331992168211,1.864354439782393,1.6929791923238717,35.01428571428572,19.31528054236584,43.80224585748327,43.093826767417966
106.0,7,2.9840486428698876,2.5183576615904246,1.8643222821222003,1.6930527871492553,35.385714285714286,19.310307157890545,43.80246122219232,49.21399007622837
107.0,7,2.984090399400297,2.518383203938785,1.8642901303947335,1.6931261830099276,35.41428571428571,19.30536110342254,43.80268951166642,67.01047812593164
108.0,7,2.9841319851226498,2.5184086190659203,1.8642579845501837,1.6931993797619942,35.75714285714286,19.300390562878963,43.80290143096344,49.93288737635819
109.0,7,2.984173399907404,2.5184339068661794,1.8642258445727522,1.6932723772861404,35.62857142857143,19.29540271720481,43.803107016717675,45.82065658622709
110.0,7,2.9842146435757146,2.5184590671979117,1.8641937104239892,1.6933451754344169,35.728571428571435,19.2904572915182,43.8033328367247,43.84283467453317
111.0,7,2.984255716016184,2.518484099969137,1.8641615820899726,1.693417774105718,35.7,19.2854981839072,43.80355045820197,48.77175128936604
112.0,7,2.9842966170712812,2.518509005053709,1.864129459544508,1.6934901731616054,35.628571428571426,19.28051314525656,43.80375462840048,44.1013244757705
113.0,7,2.984337346557348,2.518533782306004,1.864097342738946,1.6935623724593631,35.628571428571426,19.275565426559165,43.803976880814254,49.94306379873655
114.0,7,2.9843779043565686,2.5185584316296157,1.8640652316591668,1.6936343718914324,35.42857142857143,19.27059585246236,43.804189368082625,47.2212199514525
115.0,7,2.984418290298896,2.5185829528885284,1.8640331262681358,1.6937061713165418,34.88571428571428,19.26562588348808,43.80439949360368,40.21527064308821
116.0,7,2.9844585042569642,2.518607345979586,1.864001026552397,1.693777770616306,35.385714285714286,19.260656911722737,43.80460819174895,37.66430117324953
117.0,7,2.9844985460723024,2.5186316107759255,1.8639689324748954,1.6938491696630287,35.92857142857143,19.255683452390265,43.80481791413154,45.92155946795168
118.0,7,2.9845384155659747,2.5186557471353206,1.8639368439935007,1.6939203683117248,36.18571428571429,19.25071320216774,43.805025709136636,32.436865011526386
119.0,7,2.9845781126225104,2.5186797549631117,1.8639047611005692,1.6939913664501567,36.57142857142857,19.24575715457591,43.805238909834394,33.318505606677434
120.0,7,2.9846176370971134,2.5187036341425677,1.8638726837675879,1.6940621639562072,36.02857142857143,19.240770215748075,43.80544213604644,29.98665527984133
121.0,7,2.984656988812662,2.5187273845327893,1.8638406119516953,1.694132760687578,35.98571428571428,19.23581955484045,43.805657137687014,36.21874010049072
122.0,7,2.9846961676664643,2.518751006049846,1.8638085456483247,1.694203156544512,36.857142857142854,19.23085839974369,43.80586936661266,37.74498450152138
123.0,7,2.9847351734589473,2.5187744985349894,1.8637764848075404,1.694273351365899,36.642857142857146,19.225906268665035,43.80608523182916,41.40442862676161
124.0,7,2.9847740060869663,2.518797861903082,1.8637444294202694,1.694343345055084,36.24285714285714,19.22092776218629,43.806283919146594,40.30949122921932
125.0,7,2.9848126653609697,2.5188210960049684,1.863712379438433,1.6944131374631177,36.214285714285715,19.21596816234837,43.80649621955637,39.33023687491039
126.0,8,2.3600539039429105,2.0332217654203757,1.3500516554702275,1.5203128871851503,33.275,0.7403046752764643,38.4234051269355,121.8264710037147
127.0,7,2.984889463334024,2.5188671759912187,1.8636482956171971,1.6945521179736824,36.371428571428574,19.20604189797191,43.80691204899042,36.56810059030381
128.0,7,2.9849276017204085,2.5188900216256687,1.8636162617151688,1.6946213058132311,36.4,19.201080284119342,43.80711817464176,38.5924758108852
129.0,7,2.984965566202101,2.5189127375491496,1.863584233130938,1.6946902918861384,36.22857142857143,19.1961051730502,43.80732279311436,32.45992223822554
130.0,7,2.985003356610319,2.5189353236268794,1.8635522098214838,1.6947590760591065,35.98571428571429,19.19114777063424,43.80753359524846,33.240110881863494
131.0,7,2.98504097278935,2.5189577797340656,1.8635201917544417,1.6948276582019368,36.41428571428572,19.186177331079165,43.807731141809214,31.54790494698576
132.0,7,2.9850784146164204,2.5189801057709857,1.8634881789159772,1.6948960382012876,36.114285714285714,19.18120800326917,43.80793629002467,42.8058870885597
133.0,8,2.361148799984796,2.034072123829365,1.3503903956024434,1.5211492972106258,33.2625,0.7376690741280367,38.424333070300364,175.6978853942495
134.0,8,2.083313688107409,1.8361874019526732,1.2676474439148935,1.3284028504281915,33.8125,5.201009520334785,38.98241839258902,50.07032169441241
135.0,7,2.985189692507069,2.519046302275218,1.8633921714942392,1.6950999640789428,35.214285714285715,19.16630892657693,43.808544020268634,38.43919343445096
136.0,7,2.9852264354497704,2.519068106847048,1.8633601792915437,1.6951675342468535,35.92857142857143,19.16134642444422,43.8087471748918,33.92800973752191
137.0,8,2.3617699738635656,2.034554482219435,1.3505830106888883,1.5216233017267224,33.175,0.7360525648288219,38.42482473950801,126.7991408823344
138.0,7,2.985299395942931,2.5191113239038496,1.8632962101350254,1.6953020661572547,35.82857142857143,19.151397751090595,43.80914058165298,32.331734200163524
139.0,7,2.985335613210095,2.5191327361613873,1.8632642331312106,1.6953690276556077,35.81428571428572,19.146431708372937,43.80934172184611,33.06450242665672
140.0,7,2.9853716549545606,2.5191540174084346,1.8632322611395251,1.6954357860072289,34.98571428571429,19.14144973922689,43.809533594134,33.15529066845897
141.0,7,2.98540752104194,2.519175167537367,1.8632002941272559,1.695502341107504,34.24285714285714,19.136490289611608,43.809737996556365,37.328762087428665
142.0,7,2.9854432113420533,2.5191961864430708,1.8631683320862897,1.6955686928284868,35.142857142857146,19.13150383092798,43.809924239887614,29.820468099597576
143.0,7,2.98547872568352,2.519217073988647,1.8631363749740781,1.6956348410328128,35.04285714285714,19.126548734820148,43.81012740389398,30.471024098250435
144.0,7,2.9855140639399265,2.519237830071874,1.8631044227664546,1.6957007856144075,34.41428571428571,19.12158494073176,43.81032834894967,31.5585990838462
145.0,7,2.9855492259510754,2.5192584545657,1.863072475437444,1.695766526432266,33.457142857142856,19.116628345168653,43.810527700502696,38.83149154378934
146.0,7,2.985584211634905,2.5192789473995507,1.8630405329850954,1.6958320634028594,34.871428571428574,19.11163233044709,43.81071364310724,29.6736036896299
147.0,7,2.9856190207734388,2.5192993084038364,1.8630085953398616,1.6958973963697932,34.67142857142857,19.106667977629755,43.81090874333089,27.109109626194392
148.0,7,2.985653653282201,2.519319537507711,1.862976662520581,1.6959625252262343,34.042857142857144,19.101702754437422,43.81110995875072,32.237677304558034
149.0,8,2.3636138047070134,2.035985910232244,1.3511566709041336,1.5230279962415256,32.075,0.731333704531183,38.42630974893604,130.9743581165106
150.0,7,2.985722387716333,2.5193595994605684,1.8629128111581976,1.6960921700829756,33.971428571428575,19.09178470006835,43.81150349037232,28.820543818916715
151.0,7,2.985756489409812,2.5193794321211698,1.8628808925928153,1.696156685865956,34.457142857142856,19.08681980410099,43.811697509750175,37.961925108624506
152.0,7,2.9857904138895006,2.5193991324128304,1.8628489787352178,1.6962209970483442,34.300000000000004,19.081850175375774,43.811889130940145,43.744946868565314
153.0,7,2.9858241609797243,2.519418700196569,1.8628170695276718,1.6962851035060431,34.128571428571426,19.076870952785075,43.81207714419786,25.307258492291325
154.0,7,2.9858577305755456,2.5194381353855837,1.8627851649824403,1.696349005115554,34.385714285714286,19.071909801179647,43.81227027146974,38.7003962998977
155.0,7,2.98589112255737,2.5194574378833154,1.8627532650662981,1.6964127017888087,33.85714285714286,19.06694021519344,43.8124612219363,34.96215755595818
156.0,7,2.9859243367418506,2.5194766075452115,1.8627213697449927,1.6964761933675543,34.44285714285714,19.061972400716773,43.81265390397456,43.77132500223781
157.0,7,2.985957373016565,2.5194956442783734,1.862689479008135,1.6965394797440163,34.971428571428575,19.05701256311958,43.81284669806849,41.98376542681972
158.0,7,2.9859902312584716,2.5195145479839147,1.8626575928314306,1.696602560816767,34.371428571428574,19.05203036707405,43.813027812109276,45.49051588541576
159.0,7,2.986022911281222,2.519533318514528,1.8626257111685622,1.696665436436612,34.885714285714286,19.04706054613114,43.81321933687246,35.33718689941737
160.0,7,2.9860554129863646,2.5195519557893675,1.8625938340173989,1.696728106504514,34.114285714285714,19.042086198408075,43.813405581397184,36.76150630450292
161.0,7,2.986087736214157,2.519570459680588,1.8625619613350735,1.6967905708963302,33.91428571428572,19.03712902293565,43.81359528543732,40.15218152293316
162.0,7,2.9861198808335656,2.519588830083775,1.8625300931065714,1.6968528294921024,34.542857142857144,19.03215737538808,43.81378372184564,32.71848617606043
163.0,7,2.986151846705923,2.5196070668866226,1.862498229304757,1.6969148821734268,34.84285714285715,19.027174143857284,43.81396193722433,33.55478409151016
164.0,7,2.9861836337005294,2.519625169983862,1.862466369921512,1.696976728811445,34.72857142857142,19.022213906238232,43.814151075350786,34.17012758236479
165.0,7,2.9862152416914514,2.519643139273955,1.8624345149065902,1.6970383693290396,34.028571428571425,19.01724155153656,43.81433618732671,33.32800277763107
166.0,7,2.9862466705180615,2.519660974629772,1.862402664250664,1.6970998035661553,33.357142857142854,19.012273852110766,43.81452163643759,37.55759906301675
167.0,7,2.9862779200583294,2.519678675951231,1.8623708179272613,1.697161031421677,34.457142857142856,19.00729005601919,43.814700522545095,35.1123372890962
168.0,7,2.9863089901634905,2.5196962431212566,1.8623389759067819,1.6972220527726634,34.85714285714286,19.00232894092036,43.81488727281981,36.25066849128031
169.0,7,2.9863398807270674,2.5197136760514036,1.8623071381836445,1.697282867512284,34.285714285714285,18.9973488456802,43.815067963103374,30.68460602986074
170.0,7,2.9863705915649823,2.519730974596633,1.862275304707514,1.6973434754987673,34.27142857142858,18.992386970710864,43.81525440736932,32.780530570059696
171.0,7,2.986401122590477,2.519748138685018,1.8622434754687893,1.6974038766541504,34.457142857142856,18.987411767274374,43.81543464113616,32.67787347657454
172.0,7,2.986431473620636,2.519765168172451,1.8622116504355868,1.6974640708177324,34.44285714285714,18.982446486997173,43.81561584363181,36.91472919060006
173.0,7,2.9864616445833723,2.5197820629978738,1.8621798296090906,1.6975240579157866,34.885714285714286,18.977474681874067,43.815799404062325,33.07795073684809
174.0,7,2.986491635288656,2.5197988230108126,1.8621480129381203,1.6975838377992665,34.614285714285714,18.97249270888482,43.815973823617426,34.532231474135465
175.0,7,2.9865214456388096,2.5198154481318995,1.8621162004160305,1.6976434103757865,34.57142857142857,18.96751103120687,43.816147881321264,39.58341104408815
176.0,7,2.986551075468143,2.519831938228907,1.8620843920018593,1.6977027755121084,34.457142857142856,18.96254149187302,43.8163279615323,38.94266059251634
177.0,7,2.986580524646953,2.5198482931979633,1.8620525876787897,1.6977619330905651,35.285714285714285,18.95757785817712,43.81650691661686,41.84390339092325
178.0,7,2.986609793080359,2.519864512960545,1.8620207874425574,1.697820883017311,35.285714285714285,18.952614804858896,43.81669281950627,40.63790701300929
179.0,7,2.986638880586134,2.519880597373342,1.8619889912352654,1.697879625161133,35.17142857142857,18.94764191627078,43.81686618318942,38.97258208499149
180.0,7,2.9866677870762537,2.519896546362725,1.8619571990708874,1.6979381594153786,35.1,18.942654768740013,43.8170355001189,29.87994958393943
181.0,7,2.9866965123958793,2.5199123598059283,1.8619254109056065,1.6979964856638166,35.12857142857143,18.937687728939625,43.817215750041164,40.07280105628777
182.0,7,2.9867250563990733,2.5199280375871944,1.8618936267042765,1.6980546037910695,35.51428571428571,18.932712879603496,43.817387346580624,37.64932299239533
183.0,7,2.9867534189853404,2.519943579623597,1.8618618464752674,1.698112513682735,35.41428571428572,18.92773517124801,43.81755868349706,34.21107186314388
184.0,7,2.986781599987285,2.5199589857824622,1.8618300701696,1.6981702152134333,35.81428571428571,18.922767577668623,43.81773270873593,34.4321313216274
185.0,7,2.9868095993091517,2.5199742559854656,1.8617982977860361,1.698227708286059,35.49999999999999,18.91779108383945,43.817905780871946,36.29380696988871
186.0,7,2.9868374168010194,2.5199893901130084,1.8617665292845715,1.6982849927847246,35.18571428571428,18.912811575287087,43.818075370447175,35.11089182110105
187.0,7,2.9868650523374454,2.5200043880643364,1.8617347646490017,1.6983420685953807,35.68571428571428,18.90782747147085,43.81824165523171,31.61456896294957
188.0,7,2.9868925057819213,2.5200192497297906,1.8617030038619633,1.6983989355920004,35.9,18.9028699495926,43.81841992958198,32.663652941615936
189.0,7,2.9869197770116758,2.520033975010513,1.8616712468933643,1.6984555936785017,36.08571428571428,18.897911574962432,43.81860031083645,46.71262297135642
190.0,7,2.9869468658982807,2.5200485638039583,1.861639493733886,1.6985120427305285,35.6,18.892933248062047,43.818769301049024,46.73767435204074
191.0,7,2.986973772293523,2.5200630159914685,1.861607744342637,1.6985682826343882,35.84285714285714,18.887963629940387,43.81894100141961,47.04316123299905
192.0,7,2.987000496084592,2.5200773314818243,1.8615759987056968,1.698624313287503,35.65714285714286,18.88299540249272,43.81911126133094,38.72768987521626
193.0,7,2.9870270371555794,2.5200915101816306,1.861544256807523,1.6986801345858085,36.08571428571429,18.8780225261006,43.81927889297024,36.31805004391234
194.0,7,2.9870533953604146,2.520105551973874,1.8615125186262769,1.6987357463970671,36.25714285714285,18.87303949662116,43.81944064767286,32.0907047723305
195.0,7,2.9870795705657813,2.520119456752357,1.861480784128826,1.6987911486174303,36.18571428571429,18.86806257892632,43.819607712022126,37.05138653373678
196.0,7,2.9871055626527845,2.5201332244209156,1.8614490533042938,1.6988463411335089,35.800000000000004,18.86310354401813,43.81978015208201,39.522548866188615
197.0,7,2.987131371503201,2.5201468548849033,1.8614173261231444,1.6989013238545767,35.67142857142857,18.858122975762782,43.81994341258685,35.55631759746372
198.0,7,2.9871569969846345,2.520160348037598,1.861385602582058,1.6989560966432344,36.00000000000001,18.85315345508908,43.82011429615108,48.26814764665338
199.0,7,2.9871824389368884,2.5201737037520435,1.8613538826222853,1.6990106593927647,34.457142857142856,18.84817081681701,43.82027275868517,37.28515379553808
200.0,7,2.987207697291193,2.5201869219709536,1.861322166268208,1.6990650120086799,34.72857142857143,18.84319818639283,43.820443960619365,37.76205699054427
201.0,7,2.987232771876661,2.520200002558075,1.8612904534690433,1.699119154361672,34.54285714285714,18.838238218253373,43.820613994287775,49.17220110436941
202.0,7,2.9872576625826515,2.520212945424656,1.861258744205857,1.6991730863579657,35.65714285714286,18.8332569528703,43.820774077955356,38.568086576718365
203.0,7,2.987282369281608,2.520225750468987,1.861227038468784,1.6992268078745956,35.31428571428572,18.828288938784965,43.820941017585675,47.56533757037072
204.0,7,2.9873068918582826,2.5202384175967087,1.861195336235257,1.699280318813377,35.528571428571425,18.823312048954826,43.82110319268021,56.299277722163225
205.0,7,2.9873312301766988,2.5202509466998557,1.8611636374789666,1.6993336190600068,34.642857142857146,18.818345581509192,43.82126776319173,69.87114695518184
206.0,7,2.9873553840987364,2.520263337668546,1.8611319421751742,1.699386708495586,34.9,18.81336452076661,43.82142757854839,66.61750879764607
207.0,7,2.9873793535210336,2.5202755904191423,1.8611002503093457,1.6994395870289265,34.9,18.808382247747456,43.821583291647926,59.331098064031366
208.0,7,2.987403138302431,2.520287704838369,1.8610685618565912,1.6994922545361877,35.042857142857144,18.80340208011379,43.82174093725376,61.94166078052076
209.0,7,2.987426738320791,2.520299680828463,1.861036876803678,1.6995447109037363,35.24285714285714,18.79843306404744,43.8219072201854,62.517135735086846
210.0,7,2.98745015347545,2.520311518307498,1.8610051951261402,1.6995969560536885,34.32857142857143,18.7934536427564,43.82205907449592,63.79834106230194
211.0,7,2.987473383623769,2.5203232171616436,1.8609735168020443,1.6996489898580378,33.957142857142856,18.78846330737409,43.82221230199074,69.39888486903412
212.0,7,2.9874964286394032,2.520334777290837,1.8609418418121422,1.6997008122062205,33.27142857142858,18.78348731834972,43.82236834654852,60.03725082748989
213.0,7,2.9875192884108897,2.5203461986031277,1.860910170146664,1.6997524229892866,33.599999999999994,18.77850594526109,43.822525042126934,48.17972937265656
214.0,7,2.9875419627836166,2.5203574809774416,1.8608785017519287,1.6998038221031428,33.25714285714286,18.7735349554992,43.82267843972121,47.93453996574164
215.0,7,2.9875644517150075,2.520368624376728,1.8608468366627404,1.6998550094713702,33.457142857142856,18.76856679286528,43.822840325918264,53.75495597633171
216.0,7,2.987586754995344,2.5203796286345725,1.8608151748201935,1.6999059849282954,33.74285714285714,18.76359312547308,43.82299783682738,58.29184626383025
217.0,7,2.9876088725631993,2.5203904937000936,1.8607835162189128,1.6999567484209062,34.74285714285715,18.758616929625088,43.823150512240026,53.39277710335667
218.0,7,2.9876308042517445,2.520401219441504,1.8607518608235447,1.700007299809015,35.4,18.753623100895776,43.82329669625718,48.08093572764575
219.0,7,2.9876525499671276,2.5204118057818774,1.8607202086319734,1.7000576389973518,35.82857142857143,18.748652928038748,43.823452692547654,37.14596842822292
220.0,7,2.9876741095854222,2.5204222526232596,1.8606885596152254,1.7001077658888348,34.84285714285714,18.743682223579857,43.823606613884216,48.32047115110089
221.0,7,2.9876954830016382,2.520432559879268,1.8606569137706916,1.7001576803746419,34.15714285714285,18.738701377863848,43.82376065116387,57.71953804254661
222.0,7,2.9877166700638944,2.520442727429694,1.8606252710571713,1.700207382338008,34.285714285714285,18.73373110802672,43.82391559759502,67.06768010700691
223.0,7,2.9877376706649605,2.520452755189125,1.8605936314562137,1.7002568716888142,34.114285714285714,18.72875227041704,43.824062431723,63.01733158731264
224.0,7,2.9877584846655854,2.5204626430457453,1.8605619949519838,1.7003061482948998,34.08571428571428,18.7237667529812,43.82420837617492,40.2497428533211
225.0,7,2.9877791119769297,2.5204723909269715,1.8605303615359787,1.700355212074208,34.2,18.71879127072846,43.82436205322835,42.22912215616007
226.0,7,2.9877995524550145,2.5204819987178277,1.8604987311728776,1.7004040629111445,33.957142857142856,18.71382336183722,43.82451672384226,37.566175854065456
227.0,7,2.9878198060127676,2.520491466349632,1.8604671038594855,1.7004527007235506,34.5,18.708836585324345,43.82465943605054,36.013080673693565
228.0,7,2.9878398725216506,2.520500793717292,1.8604354795861906,1.70050112538228,35.17142857142857,18.70386109034853,43.824810722479825,31.095562131000975
229.0,7,2.9878597512916785,2.5205099802843125,1.8604038580454063,1.7005493364447248,34.6,18.698877988087155,43.82495357298935,46.59278280645065
230.0,7,2.987879443303763,2.5205190268075333,1.8603722397397346,1.7005973344988394,34.05714285714286,18.69389878908657,43.825105783215214,32.49869526973398
231.0,7,2.987898948521536,2.52052793325306,1.860340624704616,1.7006451194716026,34.48571428571428,18.68890960426037,43.82524624736437,36.695204360016525
232.0,7,2.987918265022477,2.520536698133252,1.860309012037388,1.700692690161557,34.58571428571429,18.683931078821107,43.82538730791557,42.02996719743988
233.0,7,2.9879373944843586,2.5205453227399497,1.8602774026083349,1.7007400475472503,35.27142857142858,18.678971552130605,43.825539087389096,40.21926495357278
234.0,7,2.9879563361886614,2.520553806515561,1.8602457960919427,1.7007871911742336,34.52857142857143,18.67399245287136,43.82568428142231,39.40911649313133
235.0,7,2.9879750900601887,2.5205621493971786,1.8602141925005666,1.7008341209515963,33.87142857142857,18.66900766476986,43.82582860807788,40.76460743296465
236.0,7,2.9879936558887747,2.5205703512212625,1.8601825917542854,1.700880836740184,34.3,18.66403421182075,43.8259758990369,36.588173412022265
237.0,7,2.9880120336475953,2.520578411962001,1.8601509938917844,1.700927338475189,34.15714285714286,18.659057165903857,43.826121860014844,44.9861892224604
238.0,7,2.9880302231497105,2.5205863314729533,1.8601193988512787,1.7009736260228843,34.128571428571426,18.654097625983063,43.82627551577229,34.49697142317476
239.0,7,2.9880482243127355,2.5205941096861006,1.8600878066283675,1.7010196993029607,34.4,18.64910995004821,43.82640716671731,34.511259942750684
240.0,7,2.988066037033464,2.5206017465188606,1.8600562172210753,1.7010655582108394,33.84285714285714,18.64413642910321,43.82655466801989,43.16229602751916
241.0,7,2.9880836612196533,2.5206092418954067,1.8600246306270152,1.7011112026523643,34.6,18.639141114751293,43.8266815462208,35.84337443445821
242.0,7,2.9881010967083994,2.520616595687894,1.8599930467936479,1.7011566325111016,34.199999999999996,18.634168333518936,43.82682492614515,38.03420844605236
243.0,7,2.988118343420415,2.520623807831679,1.8599614657271695,1.7012018477000048,34.55714285714286,18.629192715862786,43.826965547718586,33.59534225715859
244.0,7,2.988135401225528,2.5206308782231264,1.859929887395035,1.7012468481165752,33.871428571428574,18.624220686560413,43.827113195676695,33.71037046945644
245.0,7,2.9881522700103758,2.520637806769701,1.8598983117866348,1.701291633650737,34.957142857142856,18.61923496983588,43.8272425828897,35.9667622468193
246.0,7,2.9881689496614796,2.5206445933833055,1.8598667388844534,1.7013362042065048,34.357142857142854,18.6142648769474,43.82738760399076,34.147786636016434
247.0,7,2.9881854400765473,2.520651237979617,1.8598351686694645,1.7013805596950968,34.028571428571425,18.60927861759244,43.827522670567085,33.07020409591182
248.0,7,2.988201741152823,2.520657740475558,1.8598036011390788,1.7014247000115699,33.4,18.604307172412387,43.82766610382965,36.49096281605458
249.0,7,2.988217852736269,2.5206641007509942,1.8597720362469823,1.7014686250438387,33.65714285714286,18.599316518440187,43.827798496060446,35.00326253552734
250.0,7,2.988233774751886,2.5206703187428636,1.8597404739980765,1.7015123347083496,33.642857142857146,18.594338745862093,43.82793491183166,33.831092122880285
251.0,7,2.9882495070961927,2.520676394368661,1.8597089143824361,1.7015558289089123,32.67142857142857,18.589357017243,43.82806666844518,33.356138524673945
252.0,7,2.9882650496353866,2.5206823275222567,1.8596773573675143,1.7015991075390233,32.82857142857143,18.58437894780253,43.82820337410144,35.20245656565509
253.0,7,2.988280402266898,2.5206881181203262,1.8596458029377985,1.7016421705073081,32.94285714285714,18.579402754006,43.82834102805932,34.20758692306783
254.0,7,2.9882955648600316,2.5206937660601927,1.8596142510874927,1.7016850176830673,33.57142857142857,18.57441494825191,43.828469838951335,36.23081673278037
255.0,7,2.988310537353432,2.520699271289968,1.8595827017963333,1.7017276490266073,32.857142857142854,18.569441710734026,43.828604816937805,43.67811131892044
256.0,7,2.9883253196145776,2.520704633704144,1.859551155055997,1.7017700644057203,33.48571428571429,18.56445263561747,43.828734177525284,49.34089534773547
257.0,7,2.9883399115428353,2.5207098532224745,1.8595196108419785,1.7018122637432622,33.357142857142854,18.559460263075888,43.82885865861197,55.49644991585656
258.0,7,2.98835431299371,2.5207149297300866,1.859488069128816,1.701854246911804,33.15714285714286,18.55449331592056,43.82899546255355,68.64617419765244
259.0,7,2.988368523877348,2.5207198631550964,1.8594565299179506,1.7018960138181598,33.01428571428572,18.54951523963832,43.82912709220384,74.78528867418594
260.0,7,2.9883825440423077,2.520724653377687,1.859424993142056,1.7019375643732426,33.642857142857146,18.544532961675948,43.82926050206943,31.53254370235423
261.0,7,2.9883963734275483,2.520729300347212,1.8593934588324212,1.701978898482631,33.357142857142854,18.539539664585227,43.82938123359802,78.03241105811676
262.0,7,2.9884100119813124,2.5207338040178477,1.8593619270158146,1.7020200160639491,34.24285714285714,18.534563292285185,43.829510077657616,64.88308700005308
263.0,7,2.9884234595479904,2.520738164268749,1.8593303976219917,1.7020609170296546,33.10000000000001,18.52957940748744,43.82964054635035,64.38157062001846
264.0,7,2.988436716018005,2.5207423810120866,1.85929887065761,1.7021016012570518,34.25714285714286,18.524592563183223,43.82976260349377,54.07035649752636
265.0,7,2.988449781276039,2.5207464541558293,1.8592673460858704,1.7021420686646551,33.87142857142857,18.519620875673336,43.82989461185396,54.2067933987035
266.0,7,2.9884626552447218,2.5207503836366882,1.8592358239193905,1.7021823191595244,34.57142857142857,18.51463947898539,43.83002412513406,41.273177058468654
267.0,7,2.988475337760433,2.5207541693258806,1.8592043041040238,1.7022223526246163,35.285714285714285,18.509652908505693,43.83014598788663,48.31777388137348
268.0,7,2.9884878287534753,2.5207578111669364,1.8591727866434424,1.7022621689867816,34.9,18.50466741976579,43.83026612210454,72.13800624009161
269.0,7,2.9885001281561774,2.520761309102725,1.8591412715527065,1.7023017681594146,34.67142857142857,18.499691419048816,43.83039339682206,44.09186103743508
270.0,7,2.988512235818217,2.5207646630155818,1.8591097587907819,1.7023411500274968,33.957142857142856,18.49470942186956,43.830518005626125,31.166900876780065
271.0,7,2.9885241516401932,2.5207678728255365,1.8590782483411776,1.7023803145049812,33.81428571428571,18.48974194403217,43.83064801767283,31.051091363803582
272.0,8,2.0923186526278625,1.8425754847421052,1.2617185093690502,1.3428145144018016,31.025,5.954617744792672,39.09624739765678,29.108892933300844
273.0,7,2.9885474073250653,2.5207738597876856,1.859015234297227,1.702457990917759,34.65714285714286,18.47975315418973,43.830878868439235,35.80378693080157
274.0,8,2.0924424587845003,1.8426628711840665,1.2616384171117294,1.3430096653814958,32.0125,5.965577156892255,39.09783297252689,35.00220406511618
275.0,8,2.092504282355879,1.8427065023017477,1.2615984331301107,1.3431070869996893,31.975,5.97105985671478,39.0986236016753,32.66967627813233
276.0,7,2.9885808495264405,2.520781757434609,1.8589207302686312,1.7025728727994747,34.614285714285714,18.46482746932277,43.831251396226385,35.45235965158318
277.0,7,2.9885916121553264,2.520784100903012,1.858889233399488,1.702610731000152,34.67142857142857,18.45982028777209,43.83135620638178,35.02382617395763
278.0,7,2.9886021822233717,2.5207862996918893,1.8588577387520988,1.7026483711547022,34.94285714285714,18.45484111573895,43.83147368607063,36.19378973043032
279.0,7,2.988612559649849,2.520788353735447,1.8588262463233816,1.7026857931831092,35.2,18.449866408725164,43.83160288018876,28.756374415266848
280.0,7,2.988622744317213,2.520790262939682,1.858794756080323,1.7027229969962236,34.885714285714286,18.44487900433884,43.83171532550442,29.93754676398432
281.0,7,2.988632736106648,2.520792027211406,1.8587632680056607,1.7027599824888728,34.714285714285715,18.439887468742373,43.83182797566845,28.804648349969792
282.0,7,2.9886425349507744,2.520793646494227,1.858731782096952,1.702796749594135,34.68571428571428,18.43490969762805,43.83195037327885,29.06502323583538
283.0,7,2.9886521407298328,2.520795120693241,1.858700298343989,1.702833298196514,34.48571428571428,18.42992719506924,43.83205959000265,41.102277953245775
284.0,7,2.988661553321584,2.5207964497126825,1.8586688167089953,1.7028696282092908,35.65714285714286,18.424952663476443,43.832184064439836,29.149605772897623
285.0,7,2.9886707724205293,2.5207976333377746,1.8586373375205147,1.702905738969711,35.3,18.41996598596468,43.832301381077336,29.354495547036898
286.0,7,2.9886797984118223,2.5207986718117037,1.8586058601328426,1.7029416315562627,34.9,18.414989068941825,43.832419299547944,32.184695380103896
287.0,7,2.988688630915843,2.5207995648656514,1.8585743848271923,1.702977305277754,34.871428571428574,18.409997714269547,43.83252576189854,37.24010922574684
288.0,7,2.988697269908745,2.5208003124764553,1.8585429116389567,1.703012760074916,34.98571428571428,18.40500409060136,43.83263601294505,31.275264766424637
289.0,7,2.9887057152196044,2.5208009145111996,1.8585114405033412,1.703047995835319,34.9,18.40002401825204,43.83274856596446,33.09396947915298
290.0,7,2.988713966775737,2.5208013709097634,1.85847997142415,1.703083012479378,34.285714285714285,18.39503675515888,43.83286130724542,31.934257357543306
291.0,8,2.093486158251028,1.8433988921571138,1.2609643196497582,1.3446517988595774,32.337500000000006,6.058824977070272,39.11121092755957,38.3095817580319
292.0,8,2.093547063671049,1.8434418051782415,1.2609250391426443,1.3447474613257073,32.9625,6.064287833005252,39.11198401450184,53.90200321694183
293.0,7,2.9887375579851887,2.5208018655459092,1.858385576466468,1.703186746813493,35.785714285714285,18.380100801503144,43.833205094424066,34.59797754780717
294.0,7,2.9887450341795474,2.520801739109039,1.8583541158118613,1.7032208864795755,35.24285714285714,18.375109979814304,43.83330697874352,32.02130820037463
295.0,7,2.988752315515885,2.5208014661722604,1.8583226568622588,1.7032548062015305,35.042857142857144,18.37013268747232,43.833421933671175,36.413513759802825
296.0,7,2.9887594025231263,2.5208010471402877,1.858291199902433,1.7032885062809375,35.17142857142857,18.365143558552923,43.833525586990206,37.41731741701599
297.0,8,2.0938507640438715,1.8436557228214867,1.2607292564915011,1.3452242066357583,32.0125,6.091739326898334,39.11589142427182,47.61236931981857
298.0,8,2.093911337957756,1.8436983761730052,1.2606902238969626,1.345319241545888,32.237500000000004,6.097200276865417,39.11666061820232,66.00680184606166
299.0,8,2.093971856272145,1.8437409859546272,1.2606512326051191,1.3454141715546684,32.4625,6.102697916956152,39.11744536674097,56.40382878839598
300.0,8,2.0940323188382512,1.8437835520447639,1.2606122825988304,1.3455089965331977,33.137499999999996,6.108189912126429,39.118227775189624,69.7333687508039
301.0,8,2.0940927255887196,1.8438260743826602,1.2605733738985632,1.345603716400696,33.1375,6.113686248875476,39.119005940566936,41.94121374954924
302.0,8,2.094153076367499,1.8438685528431602,1.2605345064622013,1.345698331046756,33.9125,6.119186481061788,39.11978417066629,60.69005971316379
303.0,8,2.094213371108442,1.8439109873675268,1.2604956803125462,1.3457928403911572,33.375,6.124672514239451,39.120571623720295,41.08346272117112
304.0,8,2.09427360967511,1.843953377844442,1.2604568954266318,1.3458872443244954,33.324999999999996,6.130165747842474,39.12134403795507,44.73458770463519
305.0,8,2.094333791959833,1.8439957241816605,1.2604181518072135,1.3459815427393997,32.7375,6.135660026791286,39.122133221760265,52.26045153182326
306.0,8,2.094393917891054,1.8440380263202585,1.2603794494520102,1.3460757355788575,33.2625,6.14114960004324,39.12289728045533,37.48119589103764
307.0,8,2.0944539872864048,1.844080284112087,1.2603407883275317,1.346169822692832,32.8125,6.146645815749925,39.1236797379317,107.88389770235985
308.0,8,2.0945140001700375,1.8441224975677641,1.2603021684917173,1.3462638040631723,33.4,6.152136871338153,39.12444848036915,47.459038807564426
309.0,8,2.0945739563260504,1.8441646665153446,1.2602635898791268,1.3463576795371386,33.7,6.157612140957331,39.125213065632806,38.373308571005545
310.0,8,2.094633855653821,1.8442067908695405,1.2602250524984147,1.346451449011325,33.349999999999994,6.163112889909071,39.1259976981897,55.49957370245422
311.0,7,2.9888423236819652,2.5207771786691455,1.8578195764151813,1.7037675915416675,34.07142857142857,18.29036222175677,43.83508410142288,46.09628453002874
312.0,8,2.0947534835152615,1.8442909055321675,1.2601481014454536,1.3466386696705543,32.9375,6.174112496631514,39.127547135163056,33.44716584255627
313.0,8,2.0948132117897793,1.844332895628062,1.2601096877426978,1.34673212063602,32.3625,6.179599327391998,39.128314725021156,45.71518423437719
314.0,8,2.0948728828338963,1.8443748407934364,1.260071315257846,1.346825465238973,32.5375,6.185094339842597,39.12909137936593,52.561578661851165
315.0,8,2.094932496558124,1.8444167409528163,1.2600329839905156,1.3469187033978576,32.8625,6.190582370956892,39.12985269953418,39.3563699740334
316.0,8,2.094992052830689,1.8444585959970297,1.2599946939259237,1.3470118349984352,32.175,6.196071434331775,39.130618507106696,27.909018143064923
317.0,8,2.0950515515403825,1.8445004058346417,1.2599564450551548,1.3471048599452584,32.725,6.201575167122501,39.13139177101499,26.262504492970315
318.0,8,2.0951109925713967,1.8445421703698466,1.2599182373642852,1.3471977781415678,33.0375,6.20707468627634,39.13216168260345,65.60559765417695
319.0,8,2.095170375862106,1.8445838895470115,1.2598800708765896,1.3472905895108083,33.2,6.21255400168822,39.13292495726215,48.8804943606935
320.0,8,2.0952297012784094,1.8446255632574542,1.259841945570114,1.3473832939460804,32.2625,6.218065119002425,39.133713868458706,42.38155686325904
321.0,7,2.9888731466198775,2.520742871153497,1.857505389779505,1.7040593737928456,33.24285714285714,18.2404832587633,43.83604062212711,28.39468235764762
322.0,7,2.9888751485032508,2.5207386276039414,1.8574739807155445,1.7040873333427928,33.55714285714286,18.23548967760178,43.83613113113624,36.81027024383388
323.0,8,2.0954073292040962,1.8447503106857197,1.259727816661624,1.3476607646971095,32.2375,6.234550146977552,39.1360096002936,57.43727324086284
324.0,8,2.095466422072509,1.8447918016486853,1.2596898560226102,1.347753040458057,32.125,6.2400510953266455,39.136779178555685,37.10248959783764
325.0,7,2.9888799730803792,2.5207250083157575,1.857379763746486,1.7041698802565206,34.81428571428571,18.22050882381,43.836392554773845,30.25088944299053
326.0,8,2.0955844321644634,1.8448746455373273,1.259614058304021,1.3479372692634302,33.25,6.251036740499661,39.13830057022926,62.89823176169037
327.0,7,2.988882204160037,2.520715187426828,1.8573169611758462,1.704223800400871,35.18571428571429,18.21053608732997,43.836572224588494,31.94725395628386
328.0,7,2.988883024048668,2.5207100545002032,1.8572855622489013,1.7042504273492787,35.128571428571426,18.205546011161115,43.8366625291548,30.699850414586564
329.0,7,2.9888836466339117,2.52070477310137,1.857254164969122,1.7042768319263388,34.871428571428574,18.20057055048052,43.836754602217184,36.847313444593006
330.0,7,2.988884071843412,2.5206993431724847,1.8572227693382573,1.7043030140564004,34.614285714285714,18.19555122758368,43.836827475518575,36.66295470985056
331.0,7,2.98888429961094,2.5206937646592817,1.8571913753711122,1.7043289736548337,34.5,18.190574258753404,43.83691851490687,30.359498931273247
332.0,7,2.98888432980035,2.520688037456025,1.8571599830140795,1.7043547106353925,35.028571428571425,18.185583824298124,43.83700656650159,34.30344412666458
333.0,7,2.988884162377652,2.5206821615327817,1.8571285922951009,1.7043802249350328,35.15714285714286,18.18059414664256,43.83709105697431,33.639207262971674
334.0,7,2.9888837972444002,2.5206761368121993,1.8570972031895523,1.704405516477818,35.371428571428574,18.17560116571322,43.83717181983226,37.63416416378587
335.0,8,2.096112565092658,1.8452451523794642,1.2592750038776157,1.348760963621406,32.75,6.30050606231234,39.14515941979427,74.67097210013733
336.0,8,2.096170950086561,1.845286086570876,1.2592375366920496,1.348851944239173,33.337500000000006,6.306005663113144,39.14592570489565,72.55147186562783
337.0,8,2.0962292754160186,1.8453269737998879,1.2592001106009492,1.3489428163180266,34.1125,6.31150529534264,39.14669109511391,37.14761588247612
338.0,8,2.096287540924897,1.8453678139415364,1.25916272556433,1.3490335797454311,34.3125,6.317005059844265,39.14745211585347,64.29558154704752
339.0,8,2.096345746592917,1.8454086069718254,1.259125381624841,1.3491242344698253,34.0625,6.322514392042368,39.14821162937672,37.62884936502186
340.0,7,2.988877449949023,2.5206368600902698,1.8569089021655723,1.7045525833789885,34.885714285714286,18.14566662009984,43.83767791743308,34.08387009479865
341.0,8,2.0964619777814786,1.845490051191447,1.2590508169148504,1.3493052173146953,33.087500000000006,6.333516834900214,39.14972838273307,37.65594489728986
342.0,8,2.0965200031156894,1.8455307022240568,1.2590135961462745,1.3493955452610793,33.8625,6.339025800514436,39.150487155539494,40.44725744930842
343.0,8,2.096577968136845,1.8455713057558671,1.2589764164227835,1.3494857641044837,33.575,6.34452942617231,39.15124861577796,53.42793906297588
344.0,8,2.0966358727498484,1.8456118617057595,1.2589392777523873,1.3495758737474883,34.1125,6.350031258498181,39.15200351520298,56.59038586095142
345.0,8,2.0966937169290443,1.8456523700669456,1.2589021800931421,1.3496658742409051,34.125,6.355534381289671,39.15276316012203,56.7682124217538
346.0,8,2.096751500301269,1.8456928304889744,1.258865123505923,1.3497557650696734,32.575,6.3610390523328935,39.15351236925116,71.95910347129323
347.0,8,2.09680922305041,1.8457332431621198,1.2588281079377923,1.349845546564315,33.212500000000006,6.366536890247058,39.15426311512769,50.05203678091861
348.0,8,2.096866884939133,1.8457736078797657,1.2587911333795108,1.3499352184718398,33.9875,6.372029837874045,39.15501958948459,56.830771281331
349.0,8,2.0969244859028517,1.8458139245840883,1.2587541998447764,1.3500247807213213,34.575,6.37754294510655,39.15577856965781,46.82165034548218
350.0,8,2.0969820258019007,1.8458541931609762,1.2587173073118514,1.3501142331979028,33.7125,6.383049581003418,39.156529538404556,59.07212543412171
351.0,8,2.0970395045681283,1.8458944135522681,1.2586804557888225,1.350203575835405,33.9625,6.388546698560492,39.15728277930965,46.00898680052895
352.0,8,2.0970969220559623,1.8459345856384053,1.2586436452568408,1.3502928085088077,34.125,6.394069396127216,39.158047473035296,55.1639163202345
353.0,8,2.097154278202035,1.8459747093646173,1.2586068757232,1.3503819311572816,33.875,6.399569334254622,39.158794636239335,49.93496007642065
354.0,8,2.09721157287037,1.8460147846185238,1.2585701471718058,1.3504709436630298,33.975,6.40506375865587,39.159539969084406,55.15374293200109
355.0,8,2.097268805964878,1.8460548113197723,1.2585334596001632,1.3505598459393513,33.6375,6.410574878867263,39.16029358260286,53.4770856206416
356.0,8,2.097325977385719,1.846094789385121,1.2584968130080794,1.3506486378934386,34.2125,6.416067303361839,39.16104212373301,47.230271032355546
357.0,8,2.09738308703101,1.846134718729324,1.2584602073828526,1.3507373194413888,34.962500000000006,6.421585278296215,39.1617926088352,45.5797336474872
358.0,8,2.0974401347812326,1.8461745992538494,1.2584236427194164,1.3508258904740114,34.4875,6.427079994629021,39.16254178189705,41.3883046737449
359.0,8,2.097497120537405,1.8462144308753967,1.258387119012769,1.3509143509028647,35.7,6.432584686095069,39.163285429447704,41.60384427925922
360.0,8,2.097554044202612,1.8462542135138236,1.2583506362559935,1.351002700645592,35.150000000000006,6.438093959808464,39.164040866035194,48.76926606179247
361.0,8,2.0976109056762353,1.846293947083217,1.2583141944548124,1.3510909396001667,34.7,6.44360814292372,39.16479511720023,31.14164441367776
362.0,8,2.0976677048268617,1.8463336314781995,1.2582777935710636,1.3511790676788225,34.4125,6.449111472156914,39.16552986615372,60.92424097566653
363.0,8,2.0977244415976046,1.8463732666464738,1.2582414336410424,1.3512670847969712,34.875,6.454617458666289,39.16628118988899,47.90426287106431
364.0,8,2.0977811158487385,1.846412852474468,1.2582051146329514,1.3513549908496965,34.5,6.4601220592876585,39.16703085832637,42.59215530715782
365.0,8,2.0978377274712603,1.8464523888715236,1.258168836540523,1.3514427857396047,33.8875,6.4656371662409695,39.1677794344776,59.04657942841117
366.0,8,2.0978942763899493,1.8464918757732383,1.2581325993725088,1.351530469391181,34.325,6.47113957321767,39.168522161877746,50.9043836166755
367.0,8,2.097950762479607,1.846531313076424,1.2580964031133821,1.351618041698509,34.662499999999994,6.476640983731205,39.16926449469725,47.71095627620394
368.0,8,2.0980071856288354,1.8465707006887406,1.2580602477540856,1.3517055025644586,34.0,6.482158847947871,39.1700076160293,56.23715748515378
369.0,8,2.098063545741239,1.8466100385295228,1.2580241332921742,1.3517928519016806,33.875,6.487666730386763,39.17075337752894,71.2827963509437
370.0,8,2.0981198427330696,1.8466493265277697,1.2579880597288806,1.3518800896325944,33.95,6.493177353471493,39.17149069591956,63.62676106978404
371.0,8,2.09817607647674,1.8466885645782052,1.2579520270520939,1.351967215645202,34.25,6.498691053404627,39.17224442417832,51.82418712755618
372.0,8,2.098232246879606,1.8467277526034003,1.257916035257589,1.352054229858194,34.3,6.504204292872936,39.17297751050761,50.300587945010285
373.0,8,2.0982883538297803,1.846766890510683,1.2578800843362292,1.352141132173997,34.525000000000006,6.509708470795615,39.17372195949308,50.92515167577917
374.0,8,2.098344397233818,1.8468059782215442,1.257844174286644,1.3522279225071436,34.4625,6.51521382509428,39.174461655645636,42.735208562803415
375.0,8,2.0984003769733492,1.8468450156378735,1.2578083050968156,1.3523146007552878,33.725,6.520726477415024,39.175203126529425,47.089342991203885
376.0,8,2.0984562929628017,1.8468840026875553,1.257772476769672,1.3524011668376694,34.175000000000004,6.526242217933232,39.17594920810499,38.54616565724168
377.0,8,2.098512145088393,1.846922939276531,1.2577366892935464,1.3524876206571244,34.525000000000006,6.531756843378204,39.17669290132262,34.97817101396118
378.0,8,2.098567933230233,1.8469618253058129,1.257700942655887,1.3525739621105655,34.15,6.537265735129573,39.177424200096915,41.35925401572054
379.0,7,2.9886614733002883,2.5202500121279137,1.8556862658496045,1.7053118795011954,36.04285714285714,17.950960078396438,43.8403711590008,38.95844665777606
380.0,8,2.09867931722686,1.847039445401369,1.2576295719050772,1.3527463076048105,33.5125,6.54829589946954,39.17890694408841,45.94460087175238
381.0,7,2.9886421874129163,2.5202239901583994,1.8556236251809524,1.705341585208144,35.771428571428565,17.940968278185682,43.84048499456452,32.92118396429794
382.0,7,2.988632242650445,2.520210751793315,1.8555923069091456,1.705356098882055,35.7,17.935972056024145,43.840536798337034,39.72780999981156
383.0,7,2.9886220966210857,2.520197361796829,1.855560990034025,1.7053703863594105,36.31428571428571,17.93097755433688,43.840595370082795,38.41652596704354
384.0,7,2.988611749232234,2.5201838200967486,1.855529674526143,1.7053844475748996,36.542857142857144,17.925985396287643,43.84065140797163,38.29454738932626
385.0,7,2.988601200431303,2.520170126651087,1.8554983603938542,1.7053982824666722,35.98571428571428,17.920978407615266,43.84069868792475,38.61903435344001
386.0,7,2.9885904501611473,2.5201562814138425,1.855467047640395,1.7054118909724665,36.05714285714286,17.91599100628786,43.8407537624535,43.33742135685572
387.0,7,2.988579498343786,2.520142284323366,1.85543573625604,1.7054252730209551,36.44285714285714,17.911011611815912,43.84081673858783,46.58613622969738
388.0,7,2.988568344923523,2.520128135335673,1.8554044262384877,1.705438428558793,36.17142857142857,17.906005308800413,43.84085813091741,42.805141147625264
389.0,7,2.9885569898357236,2.5201138344001164,1.8553731175881671,1.705451357519769,36.51428571428571,17.901008034781004,43.8409101537685,42.73567273609207
390.0,7,2.9885454330321255,2.520099381476997,1.8553418103109673,1.7054640598478663,35.85714285714286,17.8960211872695,43.840965270117586,49.03152101300156
391.0,7,2.9885336744510806,2.520084776517893,1.8553105044020755,1.7054765354857733,35.8,17.891014046634155,43.84100950653828,40.488500687944594
392.0,7,2.988521714022216,2.5200700194667376,1.8552791998621883,1.7054887843588422,35.49999999999999,17.88602105679091,43.84106106224101,40.69382492134604
393.0,7,2.988509551689306,2.5200551102796207,1.855247896681077,1.7055008064222283,35.528571428571425,17.881013616627424,43.84110425678298,46.64841280610624
394.0,7,2.9884971873834454,2.5200400489012655,1.8552165948664538,1.7055126015947268,35.442857142857136,17.876019066289828,43.84115354478074,45.8910256942777
395.0,7,2.988484621063493,2.5200248352994783,1.8551852944136293,1.7055241698426842,35.55714285714286,17.87101544148175,43.84119586775696,42.71345243350951
396.0,7,2.988471852661989,2.520009469420706,1.8551539953269809,1.705535511090979,34.8,17.866015337652676,43.8412434498911,54.74057813020174
397.0,7,2.9884588821134304,2.5199939512124967,1.8551226975975161,1.7055466252806126,35.528571428571425,17.86101475369236,43.84128737164126,53.95094369192186
398.0,7,2.988445709359909,2.519978280628642,1.855091401232043,1.7055575123445774,35.614285714285714,17.85602931931855,43.841338660921714,48.59633928294941
399.0,7,2.988432334354589,2.5199624576334383,1.8550601062265029,1.7055681722431602,35.114285714285714,17.851022687352398,43.841379277778515,41.00165392618688
400.0,7,2.988418757037157,2.519946482177871,1.8550288125872672,1.7055786049055903,35.2,17.846032829032854,43.84142614483768,29.2360687357246
401.0,7,2.9884049773381234,2.5199303542079137,1.8549975203000049,1.705588810276162,34.8,17.841046446810406,43.84147521454313,28.306039978896703
402.0,7,2.9883909952184067,2.519914073691786,1.8549662293755793,1.7055987883045878,35.05714285714286,17.83605151396197,43.84151955706391,37.687430488701736
403.0,7,2.988376810607862,2.5198976405741713,1.8549349398099932,1.7056085389219218,35.371428571428574,17.831041569616914,43.8415542927501,29.842170520275083
404.0,7,2.9883624234586437,2.519881054816935,1.8549036516112918,1.7056180620714603,35.12857142857143,17.826050411878626,43.84159656288777,29.842440813222726
405.0,8,2.1000496577938166,1.8479923284788495,1.2567512017094438,1.3548623779257247,32.6875,6.686201718552492,39.197202885373926,49.29205533438184
406.0,8,2.1001036131362727,1.8480297644521955,1.2567165963591702,1.3549455364466352,32.212500000000006,6.691719892118481,39.19792913035303,50.8732894918963
407.0,8,2.1001575015399774,1.8480671474050538,1.2566820316784477,1.355028579984342,32.75,6.697247482151769,39.19865664799032,57.74471998907229
408.0,8,2.1002113229106296,1.8481044772578783,1.2566475076697405,1.3551115084479375,32.837500000000006,6.702767346048935,39.199377190807255,53.65185548483039
409.0,8,2.1002650771278635,1.8481417539123828,1.2566130243116151,1.3551943217431048,32.9125,6.708295335555641,39.20010922902506,68.1550773560112
410.0,8,2.1003187641304577,1.8481789773135766,1.2565785816265251,1.3552770197938604,32.0875,6.713807529871859,39.20082777857381,43.90562971188528
411.0,7,2.209037702740403,1.9693768477015412,1.3520900983549478,1.4318860060051455,33.728571428571435,6.719331925802179,40.29493145108965,52.94137569398824
412.0,8,2.100425935965395,1.8482532639276479,1.2565098181881018,1.3554420697381748,31.775,6.724854032739407,39.2022669919187,36.549694583134816
413.0,8,2.1004794205918955,1.8482903269696571,1.2564754974177903,1.3555244214540432,32.25,6.730377763216644,39.20299090795985,57.740934313586834
414.0,8,2.1005328376041557,1.8483273364263244,1.256441217293777,1.3556066575766599,32.0625,6.73591038553313,39.20371944708488,33.91235270596668
415.0,8,2.100586186845562,1.8483642921707695,1.2564069777870608,1.3556887779796414,32.150000000000006,6.741429057619809,39.20443807215946,34.24105268729076
416.0,8,2.1006394682423166,1.8484011941401415,1.2563727789001888,1.355770782594653,31.987499999999997,6.746960466075128,39.205165330342375,37.576472539403966
417.0,7,2.9881569347500596,2.519651530192614,1.8544970293454541,1.705721138331488,34.42857142857143,17.761056969905383,43.84207754338878,33.62512917726127
418.0,7,2.9881397064153425,2.5196328030164867,1.8544657603224108,1.7057274711478798,34.51428571428572,17.75605691720843,43.84211254799168,37.21210827326127
419.0,8,2.1007989043107957,1.8485115765214868,1.256270425900821,1.356016100767584,32.2875,6.763532684355393,39.2073137605979,50.08205279810558
420.0,7,2.988104639692475,2.5195948888172928,1.854403226419719,1.7057394518502411,34.02857142857143,17.746062188537692,43.842182387796605,29.673311167817484
421.0,8,2.1009048539587756,1.848584894367207,1.2562023935699398,1.3561790656368986,31.7625,6.774588717658404,39.20876013199192,39.623091154881074
422.0,7,2.9880687592502886,2.51955636124161,1.8543406980587007,1.7057505189787376,34.82857142857143,17.73605963511663,43.842242144297636,31.23080743900212
423.0,7,2.9880505137656765,2.5195368673444016,1.8543094359615226,1.7057557098282572,34.614285714285714,17.731063161927178,43.842272399420395,38.73474246486222
424.0,8,2.1010632647053042,1.848694463757997,1.256100649416222,1.3564226402068102,32.075,6.791161183933563,39.21091546544827,22.924184121768405
425.0,7,2.988013412020001,2.519497419131831,1.8542469159523687,1.7057654058202396,33.228571428571435,17.721060686238463,43.84232468237489,29.20395785552681
426.0,7,2.9879945556831684,2.519477464753731,1.8542156580697147,1.7057699108528623,33.04285714285714,17.716062228681448,43.842357624350754,60.406192270318144
427.0,6,3.0666346523756003,2.606667624524996,1.933191968060866,1.7485665327266622,35.949999999999996,17.711066695128117,45.90758162897723,34.276097695498805
428.0,8,2.1012735159905547,1.848839792435846,1.255965558416126,1.356745773594556,31.4375,6.813273144818358,39.21377100206945,65.6811544102555
429.0,7,2.98793676415754,2.5194166800417803,1.8541218927628342,1.705782053619486,33.7,17.701065332686483,43.8424430967447,38.29969582608991
430.0,7,2.9879170926795746,2.5193961111684295,1.8540906404921875,1.7057856435701046,33.471428571428575,17.6960594388909,43.842462779574376,27.09730148665035
431.0,7,2.9878972172972973,2.5193753885781227,1.8540593896339315,1.7057890046202728,33.34285714285714,17.691056550648383,43.8424862671082,28.139677381608514
432.0,7,2.987877137987268,2.519354512249959,1.8540281402015693,1.7057921367314774,32.971428571428575,17.686057088564226,43.84251001743947,29.638353628014062
433.0,7,2.9878568546705977,2.5193334821241464,1.853996892183275,1.7057950398352475,33.18571428571429,17.681058751878503,43.842535727180675,30.139066179851124
434.0,8,2.101586816275542,1.8490561378422627,1.2557641380726812,1.3572269634894236,31.212500000000006,6.846423767845391,39.21803732920681,70.07619586811607
435.0,7,2.9878156759312824,2.5192909604065017,1.8539344004522178,1.7058001588714282,33.75714285714285,17.67104855887422,43.84257568633187,31.27696316224748
436.0,7,2.987794780424882,2.519269468748343,1.8539031567491988,1.7058023747090145,33.7,17.666033837353787,43.84258888203387,24.685775022997863
437.0,7,2.987773680718306,2.519247823140921,1.8538719144667766,1.7058043613356013,33.542857142857144,17.66105523883495,43.84261853640116,25.89345658071517
438.0,7,2.987752376823707,2.5192260235920982,1.8538406736296533,1.7058061187426927,34.51428571428572,17.656042735746297,43.84263402158316,31.980938736474982
439.0,7,2.987730868697469,2.5192040700659715,1.853809434254579,1.7058076468657524,34.67142857142857,17.65104151460587,43.84265209508745,32.02273305604928
440.0,7,2.987709156275256,2.5191819625145184,1.8537781963294915,1.7058089456536094,35.042857142857144,17.646057745126942,43.84268053601973,34.13125681096144
441.0,7,2.9876872395403726,2.5191597009232654,1.8537469598705365,1.7058100150739353,34.24285714285714,17.64105059711345,43.842700440361696,29.55581515897584
442.0,7,2.9876651184242777,2.519137285238901,1.8537157248691998,1.7058108550637954,34.457142857142856,17.636053095510558,43.84271936575577,32.8870908720371
443.0,7,2.9876427929078857,2.5191147154466873,1.8536844913421862,1.7058114655897658,34.57142857142857,17.631048967644414,43.84273605962215,31.55234176417706
444.0,7,2.987620262950001,2.5190919915130006,1.8536532592921933,1.7058118466057042,35.34285714285714,17.626041868260696,43.84274939353475,26.32451739046178
445.0,7,2.9875975284935903,2.519069113394293,1.8536220287138756,1.7058119980595068,35.32857142857143,17.62104976278982,43.842773951095474,34.146903835022776
446.0,7,2.9875745895205275,2.5190460810766506,1.853590799628796,1.7058119199135382,35.07142857142857,17.616038223502596,43.84278475120761,26.707058703216862
447.0,7,2.9875514459843853,2.5190228945225335,1.8535595720310194,1.7058116121251097,35.02857142857143,17.611035727489426,43.84279751227204,28.74084326894271
448.0,7,2.9875280978447476,2.5189995537006986,1.8535283459325445,1.7058110746412933,35.300000000000004,17.606018485544194,43.84280353980718,25.01240013545029
449.0,7,2.9875045450544584,2.518976058575041,1.85349712133173,1.7058103074167532,35.5,17.60102010665247,43.842819330918005,25.186891907825824
450.0,7,2.9874807875841687,2.518952409121861,1.8534658982318932,1.7058093104190362,35.27142857142857,17.596025510572648,43.84283600779401,29.588118320766636
451.0,7,2.9874568254132616,2.518928605324798,1.8534346766576035,1.7058080836033866,35.02857142857143,17.591023414237007,43.84284926411639,36.403910936196766
452.0,8,2.1025115644696415,1.849693144315935,1.2551686209454582,1.3586450828392407,33.0125,6.945993043706133,39.23075012485655,39.504384569175606
453.0,7,2.987408286763038,2.5188805345381544,1.8533722380726299,1.7058049403190472,34.81428571428571,17.581014271946724,43.842870004555074,28.049588310804257
454.0,8,2.1026128940256146,1.8497627946382118,1.2551032608908717,1.3588002800002907,32.875,6.95706314047816,39.23215981482359,61.13160615797011
455.0,7,2.9873589288096625,2.518831845986425,1.8533098056112256,1.705800877236456,35.48571428571429,17.57101171328998,43.84289163775803,33.11871255864991
456.0,8,2.102713936697597,1.849832216965739,1.2550380623885067,1.3589550003147581,32.825,6.968132870916585,39.23355754345691,33.019157211866826
457.0,7,2.9873087512840066,2.5187825394589414,1.8532473793446709,1.7057958940140945,35.32857142857143,17.561012843024194,43.84291253631453,35.08798457512647
458.0,8,2.1028146916229224,1.8499014105881493,1.254973025351426,1.359109243047193,33.6375,6.979202468752315,39.2349558358425,66.31318011283275
459.0,8,2.102864960953518,1.8499359214445588,1.2549405673756595,1.3591861851143818,33.599999999999994,6.984737143340072,39.23565262224615,89.37757469404679
460.0,8,2.102915158090932,1.8499703749096779,1.2549081497624253,1.3592630075534684,33.775000000000006,6.990277293710151,39.236348935327186,66.36104367704968
461.0,7,2.987205936420187,2.5186820716197524,1.8531225455910145,1.705783165856975,34.54285714285714,17.541000688535302,43.84294164122169,35.01443977230242
462.0,7,2.987179720054676,2.518656568099766,1.8530913411094458,1.7057794082287676,34.75714285714286,17.535988876061662,43.84294330179845,35.98613066606864
463.0,7,2.9871532985540314,2.518630909897184,1.8530601382253902,1.7057754202736117,35.042857142857144,17.530986687622704,43.84295105704747,41.64195140175372
464.0,7,2.9871266719063065,2.51860509700268,1.8530289369511874,1.7057712019697815,35.24285714285715,17.525969726644508,43.842947908541426,41.16371672392422
465.0,7,2.9870998400488644,2.518579129367832,1.8529977372769166,1.7057667532619614,35.214285714285715,17.520966058203037,43.842950606978,42.07207745676354
466.0,7,2.987072802961471,2.5185530069772026,1.8529665392167514,1.7057620741173154,35.114285714285714,17.515965610607658,43.84295637984297,36.6570721441509
467.0,7,2.9870455606261825,2.518526729816191,1.8529353427885493,1.7057571645001874,35.42857142857143,17.510970877025308,43.84296415597083,41.18988974544902
468.0,7,2.987018113011334,2.518500297860047,1.8529041479995685,1.7057520243714024,36.042857142857144,17.505965648031736,43.842964941167835,37.21799687554452
469.0,7,2.986990460094491,2.5184737110919713,1.8528729548594187,1.7057466537009214,35.9,17.500962915058196,43.84297001302239,41.94941026045108
470.0,7,2.986962601835319,2.5184469694798413,1.852841763372153,1.7057410524420664,34.5,17.495956882360154,43.84296713260556,37.94265998184907
471.0,8,2.103462532128953,1.8503455505847817,1.2545542175401303,1.3601001330127025,32.5125,7.051199044905193,39.24399159840503,45.590942143818985
472.0,7,2.986906269166448,2.5183930216301595,1.852779385383968,1.7057291580118137,35.285714285714285,17.485945060312257,43.84296353924463,40.88733009989643
473.0,7,2.986877794696537,2.5183658153455637,1.8527481989010546,1.7057228647614548,34.91428571428572,17.480940130815817,43.84296308784693,36.53517238775997
474.0,7,2.9868491147682326,2.518338454128169,1.852717014102129,1.7057163407780167,35.1,17.475944098234276,43.842965989701234,45.08140704456184
475.0,7,2.98682022937488,2.518310937972244,1.852685831006376,1.7057095860371005,35.17142857142857,17.470934930271817,43.842962653137626,49.07811627156688
476.0,7,2.986791138470904,2.5182832668421136,1.8526546496172875,1.7057026004870937,35.65714285714286,17.465918276645407,43.84295152684258,36.2892590053785
477.0,7,2.9867618420124256,2.5182554407056905,1.8526234699351483,1.705695384085113,35.885714285714286,17.46092172185792,43.84295057995107,44.11810165952424
478.0,8,2.1038062459509375,1.850580627563607,1.2543315260576902,1.3606252540106332,33.625,7.089993572249727,39.24882347813275,81.8673853386374
479.0,8,2.1038550524850717,1.8506139748895853,1.2542998739927307,1.3606997869326103,34.3875,7.095528419156148,39.2495009276428,54.18625577723992
480.0,8,2.103903784852055,1.8506472631869646,1.254268262155853,1.360774198495084,34.225,7.101067300118428,39.250195299552296,45.42425959878512
481.0,8,2.103952442963529,1.8506804923809028,1.254236690547593,1.3608484886141596,33.587500000000006,7.106619415714328,39.25088013925297,33.72180169351927
482.0,8,2.1040010267329827,1.8507136624011395,1.2542051591503787,1.3609226572288422,34.3875,7.112158769676285,39.251565213494786,34.19061568126924
483.0,8,2.1040495360471256,1.850746773153135,1.2541736679671538,1.3609967042261921,34.6,7.117704676576617,39.25225451118098,38.40271685908724
484.0,8,2.104097970812149,1.8507798245601494,1.2541422169768015,1.3610706295396322,35.125,7.12324733681651,39.25294036242596,40.8813143520753
485.0,8,2.1041463309715565,1.8508128165718614,1.2541108062009692,1.361144433099082,34.8,7.128786996584919,39.25362596776651,39.18243083494556
486.0,8,2.1041946163670584,1.8508457490606354,1.2540794356051566,1.3612181147810503,34.575,7.134333719572018,39.25431068824126,50.48188824955487
487.0,8,2.10424282697083,1.8508786219997504,1.2540481052101309,1.3612916745483226,35.15,7.139875498697928,39.25499600133611,39.63090607573864
488.0,8,2.1042909626462634,1.8509114352786422,1.2540168149915172,1.3613651122912522,35.35,7.145423050604881,39.25568063135075,40.31163532988808
489.0,8,2.104339023298505,1.8509441888179243,1.253985564947925,1.361438427921394,35.9625,7.150967940447887,39.256358395547664,43.46538431787405
490.0,8,2.1043870088552796,1.8509768825569541,1.2539543550743315,1.3615116213791119,35.2125,7.1565150016573424,39.25704333350933,40.45234053998882
491.0,8,2.1044349192022542,1.851009516401229,1.2539231853639137,1.3615846925603738,34.5,7.162059470658182,39.25772750755509,39.18933760447581
492.0,8,2.104482754234795,1.851042090265145,1.2538920558015634,1.3616576413808597,34.75,7.167604783935078,39.25840380735351,55.28023524990797
493.0,8,2.104530513881847,1.851074604088497,1.2538609663956652,1.361730467769123,35.2375,7.173154445650673,39.259085545429635,61.50311219359078
494.0,8,2.1045781980603575,1.8511070578009676,1.2538299171413516,1.361803171652154,34.8125,7.178702339441408,39.25976067206647,46.52886960596707
495.0,7,2.9861993318181304,2.5177280454856885,1.8520625403939197,1.7055259767868696,36.58571428571429,17.370787877045032,43.84276110838724,33.17639277956424
496.0,7,2.986166125732393,2.5176972710769046,1.852031395233198,1.705514368118506,36.471428571428575,17.3657673721903,43.842736024781196,30.056643340586685
497.0,7,2.986132713661677,2.5176663413326303,1.8520002520020433,1.7055025279557934,36.957142857142856,17.360758308652365,43.84272002189154,31.707200284304616
498.0,7,2.9860990956149487,2.5176352562597275,1.8519691107163336,1.7054904562953546,36.871428571428574,17.355750319323715,43.842704478638,27.826469206808195
499.0,8,2.1048154832442423,1.8512684216747552,1.2536752727960625,1.3621648503282773,34.275000000000006,7.206441481588526,39.26315374112271,34.11811430217502
500.0,7,2.9860312414205445,2.5175726199970816,1.8519068339848053,1.7054656182988106,36.114285714285714,17.345740533446065,43.84266797692853,32.95587197003968
501.0,7,2.9859970052723988,2.5175410688079305,1.851875698578619,1.7054528519277594,36.371428571428574,17.340729713733204,43.842646524206465,33.258715000547355
502.0,7,2.9859625630741333,2.517509362234372,1.8518445651692166,1.7054398539353266,36.31428571428571,17.335721719641406,43.8426288872889,33.431036857462466
503.0,7,2.985927914780663,2.5174775002429572,1.8518134337445236,1.7054266242887277,36.557142857142864,17.33070979511889,43.842606564145754,34.20584954469048
504.0,8,2.1050508670356822,1.8514282706419252,1.2535216311260533,1.3625234536077637,33.4,7.234183989761892,39.26653261446386,37.48584554145673
505.0,7,2.985857999917121,2.5174133100131892,1.8517511769685797,1.7053994699269264,36.385714285714286,17.320679434991682,43.84255722033259,31.1606680592429
506.0,7,2.9858227333130904,2.517380981750232,1.851720051630947,1.705385545167322,35.9,17.31568377374984,43.84253985497777,30.763941741548084
507.0,7,2.9857872605605076,2.517348498029713,1.851688928340587,1.7053713886404163,36.41428571428571,17.310673435277053,43.84251644210066,31.11564511388116
508.0,7,2.985751581677196,2.5173158588658984,1.8516578071245977,1.705357000341067,36.51428571428571,17.305655347992047,43.84248675925679,27.992028810520708
509.0,7,2.9857156966069485,2.5172830642163118,1.8516266879710848,1.705342380222662,36.31428571428571,17.300653255575888,43.84246478628673,35.212913880431145
510.0,8,2.1053308012497567,1.8516180760420982,1.2533385835875666,1.362949703553493,33.375,7.267489873422579,39.270568191026065,28.575882933371016
511.0,8,2.105377187685944,1.8516494956426006,1.253308215832269,1.3630203119692794,33.5125,7.273040691641275,39.2712440405183,34.7450441925624
512.0,8,2.105423496951974,1.8516808537218097,1.2532778881173334,1.3630907963874184,33.537499999999994,7.278589822257926,39.271913222049335,33.927110752647074
513.0,8,2.105469728962814,1.8517121502096934,1.2532476004329598,1.3631611567394497,33.625,7.284146330656617,39.2725843392442,34.083851480653735
514.0,8,2.1055158835678283,1.8517433849845444,1.2532173527512367,1.3632313929033475,34.2875,7.289698928485619,39.273253640154664,50.81491221485618
515.0,8,2.1055619607495917,1.8517745580263776,1.2531871451028302,1.363301504841392,33.925,7.295254062681373,39.273923815392855,35.10090022623382
516.0,7,2.9854587276738696,2.517049147948505,1.8514089133124294,1.7052335467306479,35.42857142857142,17.265580331982047,43.842272601187084,34.315679438679695
517.0,8,2.105653882359761,1.8518367185205238,1.2531268498183277,1.3634413556604685,33.5375,7.306363344877124,39.27525585213381,31.795805710512663
518.0,8,2.1056997265963564,1.8518677058140551,1.2530967621679172,1.363511094374114,34.375,7.311921306544655,39.27592027276134,49.78603308727309
519.0,8,2.105745493025968,1.8518986310581793,1.253066714515812,1.3635807085345943,34.8375,7.317468608218226,39.276588640540524,40.818151670227095
520.0,8,2.1057911815300545,1.8519294941564597,1.2530367068462347,1.363650198042938,34.5,7.323023141507813,39.27725802533561,38.81470145493345
521.0,8,2.10583679200947,1.8519602950262386,1.2530067391501787,1.363719562812644,33.724999999999994,7.32857962072544,39.27792613829254,49.72944131655511
522.0,8,2.1058823243905715,1.8519910336068024,1.2529768114265443,1.3637888027797276,33.825,7.334138191331152,39.278590349974074,59.97271050843449
523.0,8,2.105927778574276,1.852021709815718,1.252946923668175,1.3638579178562522,33.6875,7.339694675533579,39.27925817881099,68.12930670128887
524.0,7,2.985152673662264,2.516772483131034,1.851160159656737,1.7050952451828594,35.44285714285714,17.225495427631966,43.842017516901116,33.414525004638044
525.0,8,2.106018452002331,1.8520828748295377,1.2528872680302146,1.3639957730303383,32.675,7.35081677226229,39.28058561341268,59.19533614018746
526.0,7,2.9850740971459917,2.516701761278098,1.8510979940259746,1.7050583484835042,35.02857142857143,17.215467565790764,43.84194452452681,35.95397981412946
527.0,8,2.106108811540223,1.8521437894462727,1.2528277721761751,1.3641331276853006,33.025000000000006,7.36192049199609,39.28190946194489,72.08072034616848
528.0,7,2.9849946953188864,2.516630417097624,1.8510358377493636,1.705020522934687,34.94285714285714,17.205444027240524,43.84187003842351,35.17160202413986
529.0,7,2.984954684927747,2.5165945116473996,1.8510047631753823,1.705001261804771,34.31428571428571,17.200430651579982,43.841832060334504,38.91996537740393
530.0,8,2.1062437607039475,1.8522346905496907,1.2527388278891354,1.364338219788137,32.1375,7.378589349793624,39.28389427010467,102.55061169273476
531.0,8,2.1062885860654985,1.8522648650967635,1.252709259650271,1.3644063329002842,32.9,7.384147501629425,39.28455135533814,51.954435920882
532.0,8,2.1063333323549753,1.8522949765503425,1.2526797313023783,1.3644743203658452,34.1875,7.389708695575304,39.28521518369557,65.66636408971753
533.0,8,2.1063779995678815,1.8523250249020702,1.2526502428728037,1.3645421821655646,34.675,7.39526582599355,39.28587055770212,42.16001180362893
534.0,8,2.106422587567033,1.8523550100414117,1.2526207943327288,1.3646099181930207,34.5,7.400829338999705,39.28653164823433,40.30401135316788
535.0,8,2.1064670962484593,1.852384931882407,1.2525913856750783,1.3646775283551702,34.6375,7.40637543320167,39.28718983641758,63.48336515303368
536.0,7,2.9846688342638723,2.5163388167517926,1.8507873087960418,1.7048599292291777,36.114285714285714,17.165336310746408,43.84154427766263,32.85327434650208
537.0,7,2.984627173043615,2.5163016665341122,1.8507562537703421,1.704838809428129,36.442857142857136,17.160330831111764,43.841504632215035,32.09355334814361
538.0,7,2.984585305447595,2.516264360708397,1.8507252012498883,1.7048174572164019,36.614285714285714,17.155311137154577,43.84145880657004,33.556807208662136
539.0,7,2.9845432315036713,2.5162268992956207,1.850694151281859,1.704795872575357,36.12857142857143,17.15029797970456,43.841414579262484,29.057875977877888
540.0,7,2.984500951188004,2.5161892822805334,1.8506631038553782,1.7047740554958608,35.91428571428572,17.145282421618095,43.841367216184274,32.74705575271762
541.0,8,2.1067324782812094,1.8525631300002257,1.252415771173863,1.3650805422213044,33.0875,7.439745625275459,39.29112738779151,45.82687919370561
542.0,8,2.106776429404061,1.8525926068103715,1.2523866415946205,1.3651472692584472,33.5875,7.44530770103414,39.291783127599224,46.48756370308216
543.0,8,2.1068203005003827,1.852622019734954,1.25235755185164,1.3652138698119747,34.15,7.450871623332785,39.29244441712976,62.2636421816467
544.0,8,2.1068640915312793,1.852651368739043,1.2523285019594919,1.3652803438380503,34.175,7.456425999515794,39.293088011721096,44.48606925695034
545.0,8,2.1069078023479157,1.8526806537028628,1.2522994918858983,1.3653466912206542,34.375,7.461993276940685,39.29374569187152,51.84345682879241
546.0,8,2.1069514328869694,1.8527098745716646,1.2522705216424639,1.3654129118917342,33.574999999999996,7.467559196773872,39.29439770630496,49.92513195844397
547.0,8,2.1069949830461603,1.8527390312621965,1.2522415912137173,1.3654790057693749,34.1375,7.473116968932404,39.29505142357972,44.122934821419946
548.0,8,2.1070384527451784,1.8527681237075633,1.2522127005947687,1.3655449727841265,34.1875,7.478676030693436,39.29569856974821,55.81354456683052
549.0,7,2.9841111424502036,2.515843727821211,1.8503837949168478,1.7045672396026075,36.08571428571428,17.10017550407123,43.840941461462585,42.19806460239264
550.0,7,2.984066798637447,2.5158045550060515,1.8503527740137113,1.7045430973398592,34.65714285714286,17.095145230291312,43.84088262575919,46.92836521362405
551.0,7,2.9840222484938654,2.515765226630429,1.8503217558655745,1.7045187224825051,34.5,17.090136350703023,43.84083182569842,33.29922455227035
552.0,7,2.983977492011449,2.5157257426918624,1.8502907404856788,1.7044941150134494,34.699999999999996,17.085116295930376,43.84077439639855,36.3810277902036
553.0,7,2.983932529210767,2.5156861032069995,1.8502597279022917,1.7044692749274644,35.871428571428574,17.080099275976043,43.840721404416946,30.25845980390139
554.0,8,2.1072975761602195,1.8529413250006512,1.252040192569849,1.3659381062423086,33.05,7.512052876023668,39.299590227854026,131.31062443375873
555.0,7,2.983841984652677,2.5156063576013947,1.8501977111627204,1.7044188968715372,35.699999999999996,17.070070733785364,43.84060951031736,36.4748095098403
556.0,7,2.9837964029208774,2.5155662515025674,1.85016670705935,1.7043933588781202,35.58571428571428,17.06506438588079,43.8405570660196,34.605206659931774
557.0,8,2.1074260444714037,1.8530270523876207,1.251954475553712,1.3661329540060818,33.33749999999999,7.528759223375217,39.30153586533788,51.30205168123915
558.0,7,2.9837046205794,2.51548557274162,1.8501047074844712,1.7043415848987062,36.32857142857143,17.05502414290236,43.84044577726198,25.371723761500466
559.0,7,2.983658419989128,2.5154450000979733,1.8500737120466864,1.7043153489045644,35.87142857142857,17.050008244916757,43.84038505271322,23.175478151876405
560.0,7,2.983612013106689,2.515404271937054,1.8500427195251472,1.7042888802110923,36.01428571428571,17.045005048218083,43.8403365306419,27.61229786865881
561.0,7,2.983565399969437,2.515363388289969,1.8500117299541736,1.7042621788274122,35.68571428571428,17.0399965705184,43.84028007955209,30.230151718861137
562.0,7,2.9835185805724618,2.515322349153163,1.849980743347915,1.7042352447333329,37.142857142857146,17.034977141418523,43.84021887194209,32.99938603502605
563.0,7,2.983471554934721,2.51528115454412,1.849949759727225,1.7042080779323823,36.971428571428575,17.02995660914728,43.84015694555732,32.183167470564186
564.0,8,2.1077229522978547,1.8532248050509443,1.251755860089849,1.3665831276533575,33.45,7.567721244027228,39.30604112066392,84.47831352116079
565.0,7,2.9833768849628646,2.51519829893228,1.8498878015308184,1.7041530461491161,36.128571428571426,17.019916215377748,43.84002760798507,32.010033190227134
566.0,7,2.9833292406560004,2.5151566379541936,1.8498568269961042,1.7041251811592213,35.31428571428572,17.014895816966842,43.839967802293856,37.04139326025691
567.0,7,2.983281390143608,2.5151148215357813,1.8498258555293279,1.704097083421058,36.25714285714286,17.009885580104296,43.83990468497924,37.31783939989355
568.0,8,2.1078908125856946,1.8533363673660779,1.2516432392550474,1.3668375515140128,34.05,7.589990122562133,39.30861143279849,47.81723289626211
569.0,8,2.107932572078645,1.853364093669256,1.2516151832663966,1.3669008364616237,34.65,7.595564277596949,39.30925124496734,41.84338324373099
570.0,8,2.107974249150766,1.8533917541068887,1.2515871669480383,1.3669639928404822,33.225,7.601137413787393,39.309897251582,59.29248293687965
571.0,7,2.9830879263328445,2.5149460017229903,1.8497020007742913,1.7039823649069963,35.21428571428571,16.989823131217815,43.83965144694587,41.35634810037987
572.0,8,2.108057355756998,1.853446877152702,1.251531253326031,1.3670899196377966,32.462500000000006,7.612286215123948,39.31117819473506,76.41555550308078
573.0,8,2.1080987851151445,1.853474339615646,1.2515033560120112,1.3671526899012882,33.6875,7.61783562059817,39.3118073818228,62.30404249293463
574.0,8,2.108140131727666,1.8535017359433281,1.2514754983487375,1.367215331313144,33.8625,7.623416626791899,39.31244960608701,54.25543590938952
575.0,8,2.108181395480397,1.8535290660424688,1.2514476803274155,1.367277843771118,34.175,7.628968340003923,39.313075772616585,58.363440031624016
576.0,8,2.108222576314302,1.8535563298632491,1.2514199019454437,1.3673402272261919,34.0,7.634556609720701,39.31372220949572,57.08435752418401
577.0,7,2.982791546766539,2.5146881108687067,1.8495163143012834,1.7038033038111589,36.74285714285714,16.95972266596167,43.8392418079106,34.5546308557067
578.0,8,2.1083046888647,1.8536106583714036,1.2513644640813166,1.36746460680434,34.4875,7.645692521082109,39.31499091754954,60.09943518499888
579.0,8,2.1083456204475435,1.8536377229458125,1.2513368046046767,1.3675266028013837,34.775,7.651258725553027,39.315623298312175,43.75700772162795
580.0,8,2.1083864686919354,1.8536647209003614,1.2513091847094953,1.3675884694498828,34.9375,7.656824598570292,39.316256069432754,43.65485115934271
581.0,8,2.1084272336136403,1.8536916522404094,1.251281604439044,1.3676502067335168,34.05,7.662409502353471,39.31689213796021,40.999837771114656
582.0,8,2.1084679150725147,1.85371851685386,1.2512540637680298,1.3677118145394755,35.349999999999994,7.667995314053468,39.31753563035944,48.57345397999232
583.0,8,2.108508513008357,1.8537453146901464,1.2512265626931471,1.3677732928182074,35.212500000000006,7.673568629607631,39.31816625915225,65.07914365247984
584.0,8,2.1085490273550955,1.853772045693085,1.2511991012172001,1.3678346415069316,35.5125,7.679126998866208,39.31879029964101,59.63580680796831
585.0,7,2.9823848360590675,2.514335560216554,1.8492689183025866,1.7035515187893415,36.61428571428571,16.919581199638007,43.83866714316833,34.69918408033801
586.0,8,2.1086298048408034,1.8538253068409183,1.2511442970068554,1.3679569497433193,34.1125,7.690267978000384,39.32004734185196,69.63314111282156
587.0,8,2.108670067825315,1.85385183685723,1.2511169542651068,1.3680179091551867,35.3625,7.695852237421455,39.32068471271121,63.240758601727954
588.0,8,2.1087102468651575,1.853878299747561,1.251089651093884,1.3680787386699242,35.3375,7.70142798259244,39.32131690203539,55.33964734987379
589.0,8,2.108750341844509,1.853904695418199,1.251062387474283,1.3681394381936338,35.537499999999994,7.706995007166588,39.32193977263958,73.20552570334786
590.0,7,2.9821239494083986,2.5141101723730848,1.849114408391362,1.7033865866294962,37.07142857142857,16.894491252640954,43.83828461067572,40.15718349246488
591.0,8,2.108830279365206,1.8539572848826884,1.2510079788984736,1.3682604470282498,34.05,7.718141405852813,39.32319243461585,80.83944357754203
592.0,8,2.1088701217288763,1.8539834785302094,1.250980833929923,1.3683207561836406,34.4875,7.723719749218634,39.323818956518444,78.95054421422195
593.0,8,2.1089098797319292,1.8540096047077455,1.2509537285057237,1.3683809350784593,35.0875,7.729298379789508,39.32444320739906,56.341503627766464
594.0,7,2.9819115355893575,2.5139270704785126,1.8489908652177112,1.7032504501764079,37.385714285714286,16.87439969357096,43.837955696355166,36.61149514043011
595.0,8,2.1089891422286233,1.85406165430592,1.2508996362242388,1.3685009017394443,35.075,7.740440722704908,39.325690008120866,67.42000168038999
596.0,8,2.1090286465955748,1.854087577619173,1.2508726493738072,1.3685606893851237,35.4875,7.746025643943733,39.32632356573406,45.5933262442017
597.0,8,2.1090680662095065,1.8541134331423301,1.2508457020153247,1.368620346446971,35.4125,7.751606156287793,39.32695183874466,79.3543032051581
598.0,8,2.1091074010712902,1.8541392208699186,1.2508187941886075,1.368679872896751,35.537499999999994,7.75718064104199,39.32757270718261,42.63811988017777
599.0,8,2.109146651025686,1.854164940679289,1.2507919258472888,1.3687392686262283,35.5875,7.762751256016584,39.328185887800146,43.5858841518633
600.0,8,2.109185816010816,1.8541905925172628,1.2507650970035196,1.368798533567776,35.4875,7.768347217594898,39.328820473570204,44.409530279020046
601.0,8,2.1092248959522375,1.854216176322429,1.2507383076463416,1.3688576676637108,35.3375,7.773918867925748,39.32943975870625,43.11692631544077
602.0,8,2.1092638907433012,1.854241692007953,1.2507115577642294,1.3689166708224032,35.45,7.779513773555532,39.330076783319015,58.16295812341149
603.0,8,2.1093028003347185,1.854267139531104,1.2506848473644037,1.368975542994812,35.9125,7.785088364678225,39.330691161194196,48.31927461696493
604.0,8,2.1093416246280436,1.8542925188117778,1.2506581764380185,1.3690342840959309,36.275,7.79066082797699,39.33130968844674,44.23997123160274
605.0,8,2.1093803635208146,1.8543178297665497,1.2506315449667922,1.3690928940448495,36.099999999999994,7.796239769551257,39.33193463124101,64.09386432001025
606.0,8,2.1094190169665374,1.8543430723546876,1.2506049529592644,1.3691513727939573,34.3625,7.801820681254427,39.33255695551158,50.4614071120028
607.0,8,2.1094575848774495,1.8543682465037974,1.2505784004130818,1.3692097202626874,35.275000000000006,7.807395864690381,39.33317131714647,29.505177127023288
608.0,8,2.109496067116808,1.8543933521052713,1.2505518872933445,1.3692679363511286,35.5,7.812979808916885,39.33379078290679,49.420666986458656
609.0,8,2.1095344636617437,1.854418389135738,1.2505254136238884,1.3693260210211402,35.8,7.818555968807482,39.3344044744421,37.53754292132079
610.0,8,2.1095727744069155,1.85444335751062,1.2504989793850398,1.369383974191401,35.825,7.8241214916440285,39.33501220903823,39.54098130143744
611.0,8,2.109610999277574,1.8544682571667612,1.250472584578213,1.369441795790317,34.775000000000006,7.829728060849086,39.33564511287052,31.007532021413983
612.0,7,2.980914967005339,2.513072441029964,1.8484356770444974,1.7025917425188435,36.68571428571429,16.784029133135945,43.836392501768174,37.614261138347
613.0,7,2.9808576509703117,2.5130234917091774,1.8484048713891654,1.7025529364184209,36.6,16.779008444637636,43.83630108785548,41.9300421595996
614.0,7,2.980800129764473,2.512974387837766,1.8483740699271525,1.7025138976083363,37.228571428571435,16.773971633760898,43.836196230594304,33.5815118361359
615.0,7,2.980742403400858,2.5129251294287593,1.848343272673158,1.7024746260894539,36.800000000000004,16.768976015470543,43.83611477030711,38.06259959063716
616.0,8,2.1098008325233955,1.8545917222178552,1.250341201720869,1.3697289277073048,33.787499999999994,7.857619462153668,39.33871082819654,36.0255380000456
617.0,8,2.109838540389158,1.8546162081179423,1.250315043349378,1.3697859583847463,34.5625,7.863202199527047,39.33932644321311,30.377230769051103
618.0,8,2.109876161789252,1.8546406248134075,1.2502889243596904,1.3698428569846086,34.412499999999994,7.868792492888024,39.339938667701965,38.17656612635607
619.0,7,2.980509447118394,2.5127265510400836,1.8482201263848854,1.7023152130929313,36.88571428571429,16.748861422703364,43.83571730303057,28.96212067133445
620.0,8,2.1099511449207204,1.854689250364342,1.250236804516866,1.369956257713545,34.074999999999996,7.879956266797405,39.34116216463897,34.41843616555588
621.0,8,2.1099885064962587,1.8547134590905408,1.2502108036577477,1.3700127597030063,33.3375,7.8855542882612975,39.34178200700329,24.717339473615628
622.0,8,2.110025781255699,1.854737598325278,1.2501848421405166,1.3700691293228644,33.65,7.891136662713558,39.34238675715034,45.9070060739922
623.0,7,2.9802732111293135,2.512525502412473,1.8480970497429403,1.702152077519659,36.128571428571426,16.72876652576515,43.83532529952057,22.062646740662192
624.0,7,2.980213639933756,2.512474854496745,1.8480662916687245,1.7021107120502617,36.41428571428572,16.723724445952808,43.835214013105706,22.63203611173504
625.0,7,2.9801538639276037,2.5124240523352506,1.8480355380896498,1.7020691139640542,36.300000000000004,16.71870561053233,43.835115033413274,21.718404877261936
626.0,8,2.110174010999073,1.8548334593849465,1.2500813896185794,1.370293282981132,33.400000000000006,7.913482442198562,39.34482702677277,24.89898217489629
627.0,7,2.980033697655803,2.512321985419213,1.847974044523566,1.7019852200262935,36.957142857142856,16.708667790791687,43.83491640343197,22.236517352527866
628.0,8,2.110247603040591,1.854880971361724,1.2500298993443921,1.3704045638660367,34.95,7.924647957961131,39.346036474296426,88.88745141984828
629.0,8,2.1102842681209335,1.854904622517213,1.250004213204724,1.3704600051100224,35.712500000000006,7.930243940699786,39.34664941699157,68.60481477836991
630.0,7,2.9798519131314376,2.5121677290101356,1.847881838576122,1.7018576348627028,37.67142857142857,16.69358725684205,43.834595428171305,23.96944515279806
631.0,8,2.1103573359121617,1.8549517147655457,1.2499529588475178,1.3705704888038317,34.162499999999994,7.941423264733435,39.34786418389079,75.54673616851419
632.0,8,2.1103937384981735,1.8549751557532468,1.2499273906358064,1.3706255311353814,34.7375,7.947012372629233,39.34846787641894,41.14962907538238
633.0,8,2.1104300533593454,1.8549985265017022,1.2499018616803281,1.3706804403257298,35.125,7.95259462635648,39.34906687848215,63.1807066011485
634.0,8,2.1104662805022536,1.8550218270117733,1.249876372023906,1.3707352163515958,34.912499999999994,7.958199104345638,39.34967800291467,49.40731616071669
635.0,7,2.9795448478885715,2.5119075544251,1.8477282556880155,1.7016403424666482,36.728571428571435,16.668475729972148,43.834074659994585,26.566149725090085
636.0,7,2.97948282153358,2.5118550577157452,1.8476975534211733,1.7015961865417955,36.728571428571435,16.663438493890634,43.833956343009675,31.25794981898021
637.0,7,2.979420590844749,2.511802407159919,1.847666855996269,1.701551798173428,36.957142857142856,16.658422826877473,43.83384979642782,29.886655516186483
638.0,7,2.979358155863064,2.5117496027926656,1.8476361634460652,1.7015071773740538,37.285714285714285,16.653404750929226,43.83374418689751,31.151435141323507
639.0,8,2.110646097214456,1.8551372733572813,1.2497495128344251,1.3710070963235768,34.5875,7.986124343620541,39.352697473206405,100.3681735109644
640.0,7,2.979232673872478,2.5116435332863376,1.847574793409258,1.7014172389680953,36.785714285714285,16.643347501326172,43.83351858456753,25.66325829034713
641.0,8,2.1107174070959838,1.8551829579609975,1.2496990439813949,1.3711149138496395,34.3375,7.997312246147228,39.3538942166726,81.61172175440629
642.0,8,2.110752929316078,1.8552056939502393,1.2496738684409032,1.371168621797238,34.7,8.002894652616448,39.35449199643953,43.4350092074545
643.0,8,2.1107883632004185,1.8552283592064243,1.2496487321132461,1.3712221961197675,34.9875,8.008494694310436,39.35509974157991,54.00736562218125
644.0,8,2.1108237085497996,1.855250953553389,1.2496236350173326,1.3712756365759684,34.675,8.01408608117505,39.35569674225651,61.05385917537392
645.0,8,2.1108589651463103,1.8552734768020205,1.2495985771502953,1.3713289429269022,35.0375,8.019685996986444,39.35629896547768,60.04084540444093
646.0,8,2.1108941332099684,1.855295929153179,1.2495735584997523,1.3713821154698729,34.8625,8.0252702520654,39.35689501530129,46.96838721343639
647.0,8,2.110929212484904,1.8553183103876474,1.2495485790508942,1.3714351539360385,35.712500000000006,8.030869976330383,39.357496284272585,66.97191532673514
648.0,8,2.110964202934244,1.855340620472926,1.2495236388172888,1.3714880582832878,35.362500000000004,8.036473161673166,39.35809773866177,57.82449093255866
649.0,8,2.1109991047474637,1.8553628595196774,1.2494987376544782,1.371540828807112,35.125,8.042068135398495,39.35869573958252,57.78511572067587
650.0,8,2.1110339172712607,1.855385027083375,1.2494738758147408,1.3715934646904913,34.2,8.047667205228517,39.35929256353245,50.29383748303732
651.0,8,2.1110686407099912,1.8554071232860407,1.2494490531589486,1.3716459662393892,33.662499999999994,8.053252361752039,39.35988396633845,46.23175377781725
652.0,8,2.111103275001793,1.855429148077055,1.2494242696842492,1.3716983334020372,34.412499999999994,8.058845128889198,39.36048420536468,52.406995682419385
653.0,8,2.1111378200573427,1.8554511013818886,1.2493995253879744,1.3717505660941305,34.825,8.064425400730764,39.36106374931689,58.25174492993152
654.0,8,2.1111722758061506,1.8554729831426338,1.249374820263446,1.3718026642574748,34.4875,8.070036576941101,39.36166911971927,43.41172624513575
655.0,8,2.1112066421595,1.85549479328757,1.2493501542987602,1.3718546278199255,34.9875,8.075631558986862,39.36225934412397,49.86241398444638
656.0,8,2.1112409190677512,1.8555165317740334,1.2493255275007351,1.3719064567315613,34.0625,8.081216207607728,39.36284691228315,35.14768140115404
657.0,7,2.9781331336247834,2.510717144140646,1.8470539706522104,1.7006152437808104,36.314285714285724,16.55791163122692,43.83153858965236,46.88048883087388
658.0,8,2.1113092041517314,1.855559793451377,1.249276391335939,1.3720097102877844,35.0,8.092426180530532,39.364045706015546,59.93966382304344
659.0,7,2.9779999074592642,2.510605245675796,1.8469927988870647,1.7005164805064819,36.82857142857143,16.547864420035534,43.83129166531358,40.0642581552317
660.0,7,2.977932989457292,2.510549066994033,1.846962221333903,1.7004667508510551,37.31428571428571,16.542828613545737,43.83116384710443,31.249438551357308
661.0,8,2.1114109589200662,1.855624146875576,1.249202980647481,1.3721635790273543,34.55,8.109225246787492,39.365814664253946,42.01810274097407
662.0,7,2.9777985438727024,2.5104362509466083,1.84690108304763,1.7003665956211775,37.357142857142854,16.532779868098448,43.83091457555936,30.369074006074424
663.0,7,2.977731016392178,2.5103796136665832,1.8468705223784447,1.7003161700937723,37.57142857142857,16.52775045747867,43.830790596684785,31.99332478914213
664.0,7,2.977663285854297,2.51032282360471,1.8468399674054203,1.7002655126493245,36.98571428571429,16.522709010322767,43.83065330503881,30.718271904547574
665.0,8,2.111545372665108,1.8557089424487325,1.2491056474094067,1.3723668462528962,34.4875,8.131605614295173,39.36816294470645,41.06691583212706
666.0,8,2.1115787507041626,1.8557299607341486,1.249081411850804,1.3724173249180318,34.85,8.13720847762269,39.36875200648006,80.05823896393662
667.0,8,2.1116120384771113,1.8557509066857765,1.2490572154020214,1.3724676682229093,35.6875,8.14279434343056,39.36933706902389,61.85184788841738
668.0,8,2.1116452358811943,1.855771780220944,1.249033058044078,1.3725178760866725,35.95,8.148395223636868,39.369918649792936,42.67992465903093
669.0,8,2.11167834284771,1.8557925812824738,1.249008939774852,1.3725679484475686,35.5125,8.153993989570006,39.37050760590934,38.765745940151966
670.0,8,2.1117113592593237,1.8558133097773202,1.248984860564429,1.3726178852206123,34.787499999999994,8.159588293072204,39.37109180358747,36.72132301895199
671.0,8,2.111744285067339,1.8558339656626341,1.248960820426954,1.3726676863485672,34.625,8.16518399959603,39.37166953504079,40.46610279802786
672.0,8,2.111777120167065,1.8558545488557112,1.248936819335463,1.3727173517576925,34.2625,8.170770680536158,39.37224676706213,52.43336329235153
673.0,8,2.111809864565849,1.8558750593561963,1.2489128573313668,1.3727668814233416,34.037499999999994,8.176388836098129,39.37284050907408,30.195965513035485
674.0,7,2.9769748243393432,2.509746530026243,1.8465347382020783,1.6997461885798568,36.785714285714285,16.472441426105664,43.829344531529124,38.92208288571768
675.0,8,2.1118750807936686,1.8559158619105045,1.2488650504516305,1.3728655332010695,34.2875,8.187589192382537,39.37401197008178,34.447982439743484
676.0,8,2.111907552460943,1.8559361538311778,1.248841205566814,1.3729146551683726,34.625,8.193184193385083,39.37458600323794,35.984890935899095
677.0,8,2.111939933092661,1.8559563727879962,1.2488173997208025,1.3729636411234456,34.7625,8.198788137062012,39.375175740698914,41.90192810161566
678.0,8,2.111972222606115,1.8559765187137498,1.2487936329050433,1.3730124909965802,35.3375,8.204399499467991,39.375763577874224,49.52914374571012
679.0,8,2.1120044209262026,1.855996591545901,1.24876990511534,1.3730612047203963,35.4375,8.20999538774344,39.37633776766942,47.40243146067923
680.0,8,2.112036527983024,1.8560165912276234,1.2487462163457987,1.3731097822367513,35.075,8.215615879512912,39.37692824436524,41.84973581324778
681.0,8,2.112068543703168,1.8560365176988785,1.2487225665894224,1.3731582234841346,35.75,8.221211055975438,39.37750003770961,37.40484359702717
682.0,8,2.112100468000932,1.856056370889392,1.2486989558356785,1.3732065283903898,35.4125,8.226814763988108,39.3780758165819,34.430571023412206
683.0,8,2.1121323007949293,1.856076150734098,1.2486753840743505,1.3732546968900847,35.0625,8.232411556504115,39.37865670439655,42.27459471578881
684.0,8,2.1121640420346783,1.8560958571891526,1.2486518513131404,1.3733027289301518,35.1625,8.23801138033497,39.37923008919706,45.0351129934038
685.0,8,2.112195691645409,1.8561154901936792,1.2486283575407824,1.3733506244517204,34.65,8.243614441543196,39.37980337823387,42.60511799440639
686.0,8,2.11222724953608,1.8561350496738744,1.2486049027475723,1.3733983833770018,34.525000000000006,8.249231430336074,39.38038522001279,42.477344373960655
687.0,8,2.1122587156622656,1.8561545355921285,1.248581486936646,1.3734460056654225,34.1625,8.254820179130375,39.38095306675541,36.804215963283696
688.0,8,2.1122900899092754,1.856173947856449,1.248558110090134,1.373493491221982,34.3875,8.26042757268041,39.38152797690701,41.23945388920468
689.0,8,2.1123213722532057,1.8561932864451387,1.248534772213739,1.3735408400252216,35.3625,8.266040075340612,39.38210479829053,37.38845658602507
690.0,8,2.112352562586189,1.8562125512712067,1.2485114732921343,1.3735880519845336,34.912499999999994,8.27164775681339,39.38268567165893,39.10427952562296
691.0,8,2.1123836608343125,1.8562317422740242,1.2484882133205388,1.373635127035323,34.599999999999994,8.277266763889804,39.38327020214014,52.2118406880341
692.0,8,2.1124146669766017,1.8562508594342142,1.2484649923112592,1.3736820651531807,35.099999999999994,8.282869046082961,39.383838783202535,40.86697369454623
693.0,7,2.975611024818356,2.508609663444324,1.8459565041059531,1.698695684481235,36.24285714285715,16.37689231566577,43.82668510854705,41.93830508965836
694.0,8,2.112476402506342,1.8562888718754587,1.2484186670969437,1.3737755302423147,34.3625,8.294071436487046,39.384976546760676,42.14388820841159
695.0,8,2.1125071317609536,1.8563077670476296,1.2483955628825374,1.3738220571007544,34.0875,8.299669364670711,39.38554923078695,54.16416231128347
696.0,7,2.9753890350216503,2.508425156136629,1.845865420342964,1.6985221852896606,36.471428571428575,16.361810833838238,43.8262477269253,41.25212622674496
697.0,7,2.9753146361959435,2.5083633513632075,1.8458350727624102,1.6984638902909444,36.800000000000004,16.35676522501212,43.82608648490544,40.42109324809592
698.0,7,2.9752400363835814,2.5083013955255216,1.8458047320895685,1.698405364390679,36.67142857142857,16.351731933626475,43.82593578238417,38.046628042873365
699.0,7,2.9751652356486074,2.508239288675977,1.8457743983557227,1.698346607625293,36.98571428571429,16.34668314441178,43.825775198754215,29.90919224589314
700.0,8,2.1126593901772055,1.8564011301559293,1.2482806255851626,1.3740526321189181,33.725,8.327716702604711,39.38838756201936,73.06923344668705
701.0,7,2.975015031629973,2.5081146221290065,1.8457137518469517,1.6982284015939606,36.31428571428571,16.336636065602892,43.82548371798726,39.107048755769554
702.0,7,2.9749396285076064,2.5080520625618092,1.8456834391572057,1.698168952413562,37.51428571428572,16.331595331529556,43.82532485986774,29.10293606700452
703.0,7,2.97486402472446,2.507989352201743,1.8456531335525723,1.6981092725042428,37.357142857142854,16.326554843861373,43.82516444361949,37.4706164381821
704.0,8,2.1127795272476027,1.8564744818734382,1.2481893759372813,1.3742346173941882,35.9125,8.350149972168538,39.390652510950815,28.132116503727307
705.0,8,2.11280932899708,1.8564926333568867,1.2481666607085284,1.3742797694807667,35.5375,8.35576206839234,39.3912234648775,43.60834186500228
706.0,7,2.9746360101474636,2.507800316963722,1.8455622596637393,1.6979288487649349,37.48571428571429,16.311462020874803,43.82470097961344,35.57592806885037
707.0,7,2.9745596044605302,2.507737004036673,1.8455319828121475,1.6978682463113237,38.0,16.306427173929553,43.82453985910285,31.56460639529969
708.0,7,2.9744829984677397,2.50767354060892,1.845501713243111,1.6978074133089474,37.285714285714285,16.301392963887245,43.82438678375638,29.12015560921284
709.0,7,2.9744061922501386,2.507609926747111,1.8454714509936592,1.6977463498084775,37.38571428571429,16.29635110615397,43.824223501434986,29.371291980593163
710.0,7,2.9743291858819774,2.507546162512678,1.845441196109107,1.6976850558438235,37.82857142857143,16.291320147832543,43.82406557897982,25.913265677639156
711.0,8,2.1129861812439397,1.8565999719191755,1.2480311854046724,1.3745477859964315,34.925,8.389429416266642,39.39459297165128,51.76195340890027
712.0,8,2.1130153295785705,1.856617599413835,1.248008742139039,1.3745919721858284,35.9875,8.395029275778537,39.39515078904484,50.184345280842216
713.0,8,2.1130443844515945,1.8566351519671436,1.2479863376999243,1.3746360203466186,35.6875,8.40065734502794,39.395723016595554,44.1134427195412
714.0,8,2.113073345453301,1.8566526292262153,1.2479639720738067,1.3746799300267627,35.9875,8.406271549303424,39.39628390778867,77.45710508251928
715.0,7,2.9739411551649115,2.5072250884677674,1.8452900334830977,1.6973751313631742,38.371428571428574,16.266165379886317,43.823273723367606,29.901370722344005
716.0,8,2.113130986427902,1.8566873583168244,1.2479193571608054,1.3747673346995373,35.5125,8.417512833837312,39.397407900682,73.14197236130414
717.0,7,2.973784544043816,2.507095608106074,1.8452296213608357,1.697249549311271,38.300000000000004,16.256077727404644,43.82294197862666,28.674313472248883
718.0,7,2.9737059390894443,2.5070306430553524,1.8451994267860037,1.6971864130398695,38.08571428571429,16.251054579324116,43.82278530491974,30.189276373077625
719.0,7,2.973627134665795,2.50696552819329,1.8451692399402027,1.6971230466669045,38.199999999999996,16.246007155090993,43.82260862889228,29.063716809495705
720.0,7,2.973548130833283,2.506900263571523,1.8451390608525753,1.6970594502288503,38.92857142857143,16.240980654269716,43.82244857810603,34.023744813739064
721.0,8,2.1132734437185032,1.8567728616959782,1.2478084991942533,1.3749834214525125,35.6875,8.445577814977206,39.400197019713616,34.5438168385987
722.0,8,2.113301652722656,1.856789735828345,1.2477864439507538,1.3750262227936698,36.1875,8.451198442639766,39.40075302256276,36.24164378240277
723.0,8,2.1133297674189326,1.856806534317449,1.2477644274844022,1.3750688853248396,35.675,8.456813822608147,39.401311566152124,35.482765402200066
724.0,7,2.9732301230161293,2.506637708806692,1.8450184229101512,1.696802764711857,38.271428571428565,16.220848145891498,43.82178243086224,37.79982838503468
725.0,7,2.973150123340855,2.5065716963765055,1.8449882832294213,1.6967380186174719,38.25714285714285,16.21581989313754,43.82161581296949,32.4782722197677
726.0,7,2.973069924728774,2.506505534575863,1.844958151552143,1.6966730427164605,38.25714285714286,16.21077721768735,43.82143965002751,36.347173445798
727.0,7,2.972989527279225,2.5064392234857595,1.8449280279383558,1.6966078370546878,38.714285714285715,16.20574861571124,43.82127330781105,33.17784464392809
728.0,8,2.113468923941233,1.8568893902176697,1.2476549264981216,1.375280113972392,35.3625,8.484880522476734,39.40407667377673,61.25547787399688
729.0,7,2.9728281361100635,2.5063061536411873,1.8448678049924934,1.6964767366167632,38.45714285714286,16.195691061341915,43.82093873569057,36.84070265599461
730.0,7,2.9727471425650855,2.506239395029921,1.844837705755981,1.6964108419309736,38.92857142857143,16.190648007699043,43.820758623928114,33.62504292320829
731.0,7,2.9726659504975808,2.506172487390078,1.8448076147382675,1.6963447176663928,38.41428571428571,16.18561765211775,43.82059498903569,32.95832257846261
732.0,7,2.9725845599749503,2.5061054307772705,1.8447775319674877,1.6962783638658108,38.41428571428571,16.180571512217895,43.82041310262601,33.31316052738732
733.0,7,2.9725029710886743,2.5060382252663644,1.8447474575002931,1.6962117805693937,38.01428571428571,16.17554457921403,43.82024579557139,30.66392732321153
734.0,7,2.9724211839191494,2.505970870923818,1.844717391371031,1.6961449678290876,38.35714285714287,16.170511530482898,43.820074813919014,28.75948651393801
735.0,8,2.113659763375228,1.857002196167117,1.2475032519795735,1.3755699883575117,36.3,8.52420464090735,39.407933892170945,46.07322931242796
736.0,8,2.1136866459943566,1.8570180063434478,1.247481739040113,1.3756108412793384,36.525,8.529833304556531,39.408480048659115,28.532946798152025
737.0,7,2.9721746335181285,2.5057679155753347,1.8446272434233995,1.6959431533948734,38.42857142857143,16.15540354048075,43.819548628478955,40.62958817197347
738.0,8,2.1137401254047288,1.8570493974005378,1.2474388292187195,1.3756921282551307,36.3625,8.54106314433281,39.40957125119149,37.90829493241376
739.0,8,2.1137667220789105,1.8570649781851356,1.2474174323313971,1.3757325622073144,36.3625,8.546681563173744,39.41011536499307,36.59865862950527
740.0,8,2.113793223328534,1.8570804824152005,1.2473960741255112,1.3757728564060767,36.7625,8.552310718546305,39.41065897150288,32.69006054181295
741.0,8,2.1138196290768105,1.8570959100290854,1.2473747545929876,1.3758130107870183,36.1875,8.55795751256434,39.41121657510119,31.378496394977407
742.0,8,2.1138459392554885,1.8571112609711624,1.247353473724594,1.3758530252948857,36.8625,8.563570266590737,39.41176023709224,34.702357557086074
743.0,8,2.1138721537855747,1.8571265351774005,1.2473322315093376,1.3758928998646487,36.1875,8.569175965096976,39.412301346620936,46.071237501291805
744.0,8,2.1138982726552547,1.8571417326358364,1.2473110279667616,1.3759326344738454,36.95,8.5748215745185,39.412859076108774,35.58163495895144
745.0,7,2.971508462303804,2.5052201700309085,1.844387226414721,1.6953948977650917,39.114285714285714,16.11509945598238,43.81809929066565,39.555464387574055
746.0,7,2.9714243023329465,2.505151035149828,1.844357263681913,1.6953253353902378,39.18571428571429,16.110047950514197,43.817911601357814,37.70557309115083
747.0,7,2.9713399451775206,2.5050817523443496,1.8443273098375619,1.6952555441926684,38.957142857142856,16.10501924499619,43.817732549720404,39.5817056646664
748.0,7,2.971255390946578,2.5050123217017743,1.8442973649342327,1.695185524234548,38.89999999999999,16.09998696282713,43.81754632153082,33.739043305364575
749.0,8,2.114027429194258,1.8572165663769673,1.2472055898377605,1.3761292058169887,36.775000000000006,8.60293439640644,39.41556570240257,35.32559160312898
750.0,8,2.1140529725082224,1.857231302062558,1.2471846180968802,1.376168099377225,36.925,8.608542048382018,39.41608836642719,29.800804766136608
751.0,8,2.114078419687773,1.857245960615568,1.2471636849792835,1.3762068525813036,36.0625,8.614172888546216,39.41664120268335,33.12250217484288
752.0,8,2.11410377065152,1.8572605419705541,1.2471427904684025,1.376245465367077,36.4375,8.61979843692215,39.41717953949032,33.28849475017541
753.0,8,2.114129025340435,1.8572750460793466,1.2471219345618803,1.3762839376827998,36.10000000000001,8.625424829924356,39.417715236539074,38.78081074856097
754.0,8,2.114154183712597,1.8572894729065799,1.2471011172655844,1.3763222694865225,36.025,8.631039336407419,39.418251149975305,34.016205050978165
755.0,8,2.1141792456683794,1.8573038223731702,1.2470803385561577,1.3763604607037532,36.462500000000006,8.636673507351821,39.41879644288014,42.209002470913696
756.0,8,2.1142042111632566,1.8573180944419503,1.2470595984354256,1.376398511293714,37.125,8.642292729590677,39.419328699652375,52.84103541377473
757.0,8,2.1142290801484624,1.857332289072385,1.2470388969052468,1.3764364212110236,36.949999999999996,8.647910494869475,39.41985365014217,48.16557249141214
758.0,8,2.114253852542094,1.8573464061985918,1.2470182339544624,1.3764741903878612,36.3125,8.653546385561093,39.42039991950576,43.29934436856076
759.0,8,2.114278528288405,1.8573604457755397,1.2469976095763946,1.3765118187804526,36.675,8.659177797807255,39.4209366755278,45.18216811748541
760.0,8,2.1143031073359078,1.8573744077606034,1.24697702377125,1.376549306342002,37.3875,8.664786252945646,39.42146502942505,38.19923472676747
761.0,8,2.1143275895938727,1.857388292081073,1.246956476521854,1.3765866530008377,37.212500000000006,8.67042299456147,39.42199781831547,39.98876716828668
762.0,8,2.11435197502549,1.8574020987062232,1.2469359678333811,1.3766238587216595,36.962500000000006,8.67604613691916,39.422535655472494,40.3166766546415
763.0,8,2.1143762635712564,1.8574158275873416,1.2469154977028731,1.3766609234522367,36.5625,8.681664721551977,39.4230677464247,36.33619784395739
764.0,8,2.11440045512817,1.8574294786424617,1.246895066105628,1.3766978471151352,36.6,8.68729454133546,39.42359868623712,43.72697306779457
765.0,7,2.969787903461878,2.503809453494791,1.8437897128137095,1.6939602339878652,38.785714285714285,16.01432484482288,43.81429968878725,37.25730457000977
766.0,8,2.114448547169052,1.8574565471831086,1.2468543185496563,1.3767712711222106,36.2625,8.698556378676209,39.424662464365355,39.10459231217827
767.0,7,2.9696115360108117,2.503665149283746,1.8437301699997195,1.6938117486813016,39.8,16.00425026002863,43.81390779024959,38.19683784673384
768.0,7,2.9695230594063378,2.5035927776747915,1.843700413339409,1.693737164461319,38.800000000000004,15.999211490002963,43.8137139965162,44.883784330904206
769.0,7,2.9694343876795775,2.503520259837723,1.84367066656705,1.6936623526128662,39.128571428571426,15.99416475130498,43.813510234773496,36.00779580247221
770.0,7,2.969345520922957,2.503447595848212,1.8436409297335632,1.693587313181507,38.9,15.98913783719818,43.81331570195574,35.712794662137114
771.0,7,2.969256459242533,2.5033747857931496,1.8436112028880498,1.693512046231315,38.58571428571428,15.984083641071468,43.81311433320958,38.95412134253292
772.0,7,2.9691672027319287,2.503301829749954,1.84358148607324,1.693436551819244,38.5,15.979036855027406,43.812906785215304,35.87307916938742
773.0,8,2.114613806142421,1.8575488290014373,1.2467129155454186,1.377023804564341,35.55,8.737974316636395,39.428368182982,36.17047815324945
774.0,8,2.1146370247744315,1.8575616993176447,1.2466928691259462,1.377059314932502,36.1375,8.743615399889226,39.42889791420676,41.12993215824911
775.0,8,2.1146601458007903,1.857574491304652,1.2466728612070817,1.3770946837002476,36.225,8.749242471370065,39.42942369435817,33.09735289232505
776.0,8,2.1146831691286927,1.8575872048887554,1.2466528917660833,1.3771299107991526,36.425,8.754864048375378,39.42994971667595,33.773245749326094
777.0,8,2.1147060947016425,1.8575998400241,1.2466329607969502,1.3771649961831705,37.3625,8.76049404541916,39.43047088881832,46.285654384524
778.0,8,2.114728922495408,1.857612396689283,1.246613068313343,1.3771999398214096,37.025,8.766134868816783,39.43100457580701,35.43966865666043
779.0,8,2.1147516523987084,1.857624874796191,1.246593214286055,1.3772347416317692,36.7,8.771776847683876,39.431536046937865,44.97843769550191
780.0,8,2.114774284407136,1.857637274339102,1.246573398734164,1.377269401599543,36.9125,8.777406504103416,39.43204965952575,33.79049248578557
781.0,8,2.1147968184033474,1.857649595225728,1.2465536216228423,1.3773039196420251,36.8125,8.783042969565003,39.43257794116184,46.40829160289479
782.0,8,2.114819254381625,1.8576618374484186,1.2465338829758659,1.377338295737596,37.0,8.788671310140145,39.43309991725877,39.56271680744632
783.0,8,2.1148415922534256,1.8576740009374506,1.2465141827716533,1.3773725298219335,37.475,8.794290849162214,39.433612571698816,41.41055681787402
784.0,8,2.1148638319692954,1.8576860856512931,1.2464945210114597,1.3774066218480419,37.362500000000004,8.799923957533275,39.43412679620432,36.45445477561608
785.0,8,2.114885973451436,1.8576980915289467,1.2464748976779418,1.37744057175947,37.525000000000006,8.805552155172755,39.43464893414634,56.32447734589129
786.0,8,2.1149080166855643,1.857710018556107,1.2464553127895972,1.3774743795302764,36.8125,8.811190540733179,39.43517504396782,42.74224826048993
787.0,8,2.1149299615805504,1.8577218666607405,1.2464357663222083,1.3775080450952855,37.225,8.816801060117264,39.43567711582428,40.45204390157579
788.0,8,2.114951808081336,1.857733635797465,1.246416258276941,1.3775415684022672,37.225,8.822458460908068,39.43620683412418,36.291319380687504
789.0,8,2.1149735561248293,1.857745325916143,1.246396788642011,1.377574949404263,37.25,8.828098625193045,39.43672788963511,39.88135705364997
790.0,8,2.114995205850244,1.8577569371383287,1.2463773574264894,1.3776081882669486,37.037499999999994,8.833742357695066,39.43724460029635,32.34813602231577
791.0,8,2.1150167568232616,1.857768469093373,1.2463579646082583,1.3776412845204276,36.8875,8.839372006836431,39.43775890763997,33.50948594236108
792.0,8,2.115038209181133,1.8577799219021385,1.2463386101916318,1.3776742383336877,36.6125,8.845019580477544,39.43828539708342,40.163889243242096
793.0,8,2.1150595626951727,1.8577912953687135,1.246319294171727,1.3777070494568326,36.699999999999996,8.850659935623002,39.43879850727379,31.98675282649598
794.0,8,2.1150808155532084,1.8578025878624629,1.2463000163942453,1.3777397158404658,37.2,8.856317235338828,39.43932600313951,34.50697583024083
795.0,8,2.115101963649299,1.8578137958825647,1.246280776939555,1.3777722327012267,35.9,8.861952591250237,39.439839208748324,46.505727977096825
796.0,8,2.1151230132565746,1.8578249249436565,1.2462615759888518,1.3778046073212582,34.199999999999996,8.867585720343387,39.440358220000746,74.13604538100041
797.0,8,2.1151439710795286,1.8578359807468672,1.2462424133518881,1.377836847569601,33.525,8.873225120048428,39.440870967159135,79.79483377736422
798.0,7,2.966778401573556,2.50135394390582,1.842812487598652,1.6913940073926206,35.871428571428574,15.84797621424318,43.80745650304886,37.00644223304622
799.0,8,2.115185590907509,1.8578578551236111,1.2462042034654743,1.3779009010482166,33.7875,8.884489228900613,39.4418910543296,65.63920436813751
800.0,8,2.115206251943041,1.857868672862305,1.246185156188873,1.3779327131967136,34.3625,8.89013631831185,39.44241431052494,54.51419298790218
801.0,8,2.1152268141502795,1.8578794112386219,1.2461661471429546,1.3779643828558314,33.9,8.895775699291073,39.44292029551988,46.44434502951452
802.0,8,2.1152472771494786,1.857890069989542,1.2461471764391565,1.3779959095797285,34.6625,8.901420304278771,39.443436351383994,49.95771144286375
803.0,8,2.1152676409331113,1.8579006491079473,1.246128244086883,1.3780272933598496,35.3875,8.907045571968114,39.44393898620183,42.114153794955
804.0,8,2.115287905396846,1.8579111485107707,1.2461093500638463,1.3780585341138707,36.125,8.912689280221185,39.44444955110717,52.09950288926101
805.0,8,2.1153080705146814,1.8579215681761552,1.246090494378888,1.3780896318138098,35.9625,8.918332097789843,39.44496629326949,51.91319945099441
806.0,8,2.115328136236281,1.8579319080628858,1.2460716770265272,1.3781205864185082,35.075,8.92398310026941,39.4454718165486,45.17421850642056
807.0,8,2.115348102133333,1.8579421678062606,1.2460528979848189,1.378151397465555,35.5,8.92961663999707,39.44598435677824,61.32373572939248
808.0,8,2.115367962558792,1.8579523425684348,1.2460341573278588,1.3781820583753754,35.825,8.935251845452363,39.44647827485453,50.45008114654701
809.0,8,2.115387698278954,1.857962415926557,1.2460154552990996,1.3782125467979989,36.1375,8.940899666199527,39.44699648365787,61.399264123405885
810.0,8,2.1154072937533535,1.8579723747185337,1.2459967923433535,1.3782428445986221,35.475,8.946515773493667,39.44750793344683,36.70881063437934
811.0,8,2.115426753924636,1.8579822230104623,1.2459781679443283,1.3782729577369628,35.025,8.952125058838359,39.448019001978736,41.61332842024142
812.0,8,2.1154460845547183,1.8579919658073167,1.2459595821712908,1.3783028929085506,34.6,8.957717534506285,39.44853539147813,39.44308207182316
813.0,8,2.115465291389178,1.858001607566828,1.2459410338598242,1.3783326571859311,34.45,8.96330109016499,39.449046799296276,33.16918223418449
814.0,8,2.1154843830386274,1.8580111547964109,1.2459225210678366,1.3783622611069482,35.025000000000006,8.968869247265795,39.44956432443213,31.88384266198113
815.0,8,2.1155033631810376,1.858020610273486,1.2459040429115495,1.3783917092240918,33.6625,8.974427564506406,39.45007468515223,29.106649459223707
816.0,8,2.1155222297045415,1.8580299724799816,1.245885599986839,1.378420998961999,33.2875,8.979973699972543,39.450582200754724,27.21365988053002
817.0,8,2.11554098358554,1.8580392421541305,1.245867192025098,1.3784501315681292,33.625,8.985529320400143,39.451104486126,42.29505845940072
818.0,8,2.1155596313383094,1.858048425059201,1.2458488193875499,1.3784791144938053,33.375,8.99106141012658,39.45161687059407,29.75671713018387
819.0,8,2.115578175779664,1.8580575244244733,1.245830483782018,1.3785079505573645,33.5375,8.996609752441977,39.45213175075543,30.027400176520523
820.0,8,2.1155966124419283,1.8580665371054428,1.2458121866940053,1.3785366341870327,33.325,9.002132372199048,39.45264785775184,37.08276380832292
821.0,8,2.115614941658945,1.858075463213202,1.2457939277417633,1.378565165886874,32.825,9.007669200715169,39.4531590068554,32.54178763365638
822.0,8,2.115633164729728,1.858084303700981,1.2457757065399337,1.3785935472991628,32.125,9.013205777355893,39.453675400424515,36.67731970549006
823.0,7,2.964347555199504,2.499380596829585,1.842074632384783,1.6892792594869206,33.68571428571429,15.72322413751194,43.80211106859229,34.8545047765712
824.0,8,2.115669294640535,1.8581017307019765,1.2457393794736602,1.3786498613013605,32.15,9.024268066516846,39.45469912976435,31.579931478577755
825.0,8,2.115687210300281,1.8581103244950194,1.2457212729587304,1.3786778043085581,32.1625,9.02979766092028,39.45521620101455,29.513258131303928
826.0,7,2.964046002903191,2.4991364008278305,1.8419856404846955,1.6890149940692858,33.4,15.708484488227116,43.801495935642755,32.74362658267128
827.0,8,2.1157227753592065,1.858127299914765,1.2456851729721388,1.3787332999989186,31.175,9.040868654090255,39.45623049534113,28.013637793357034
828.0,8,2.11574042508854,1.858135681886912,1.245667179638581,1.378760853038917,32.175000000000004,9.0464091782285,39.45673766537143,32.97809918687206
829.0,7,2.9637431263147427,2.4988912207370304,1.841896925865039,1.6887489593084948,34.3,15.693693829140033,43.80086369965795,33.16150529189269
830.0,8,2.115775451256313,1.8581522283554908,1.2456313076184058,1.3788155602629875,32.55,9.057518465456113,39.45775912764252,38.5243130371686
831.0,7,2.9635404803607392,2.4987272269958796,1.841837950840869,1.6885706137952377,34.3,15.683794639345493,43.80042718107144,29.193923331311144
832.0,7,2.9634388802564473,2.498645023382448,1.8418084868137197,1.6884811076156083,35.25714285714285,15.678853444705748,43.80021462250902,30.470300167551983
833.0,7,2.963337050967653,2.4985626479683094,1.8417790152416758,1.688391354170535,35.3,15.673920836698482,43.80000219042979,35.987366096621976
834.0,7,2.963235022684298,2.498480124096438,1.8417495562227153,1.688301366065426,35.84285714285714,15.66897564798152,43.79977897989969,30.76505425108149
835.0,7,2.9631328538228447,2.4983974963063718,1.8417201377340715,1.6882111786784084,36.67142857142857,15.664027723961723,43.799561709916965,38.34991424161761
836.0,8,2.1158781463568253,1.8581999639933233,1.2455246191039289,1.3789762613586938,33.762499999999996,9.09087992286385,39.46078423778074,32.130967182079864
837.0,8,2.115894931664364,1.8582076571474584,1.2455069735000883,1.3790025656408682,34.6375,9.096447664758283,39.46128222942994,94.80970254857452
838.0,8,2.115911630981268,1.8582152818175568,1.2454893653985022,1.3790287430867922,35.325,9.102026745882956,39.461783677292885,51.06963182098864
839.0,8,2.1159282552549628,1.858222847877789,1.2454717958959232,1.3790548060185366,35.8375,9.107617039545712,39.462277666751106,73.8472437434709
840.0,7,2.9626202414949683,2.497983054356587,1.8415737446890723,1.6877575307859036,37.84285714285715,15.63917420969336,43.79842537775708,32.37618854370291
841.0,8,2.1159613100689993,1.858237833223956,1.2454367780003759,1.3791066227195434,35.95,9.118835580124552,39.463262056753265,66.04208897712071
842.0,7,2.9624148367020124,2.4978170255991574,1.8415157621401768,1.6875750623786503,36.714285714285715,15.629120227743282,43.79793742515782,31.913157961219287
843.0,7,2.9623120176582267,2.4977339274555868,1.8414868814895438,1.6874835814503872,36.971428571428575,15.62406411838604,43.79768211041125,29.25113296733176
844.0,7,2.962209013380756,2.4976506911202003,1.8414580152281332,1.6873918789081805,37.34285714285714,15.619021293350734,43.797436677605994,32.15231325528794
845.0,7,2.962105822597165,2.4975673156287326,1.841429162762257,1.6872999539576852,36.82857142857143,15.613967142288445,43.7971838991839,28.842196562521984
846.0,7,2.962002445402961,2.497483801062738,1.8414003241219812,1.6872078066717933,36.142857142857146,15.608919779017995,43.796930921632395,30.061881387205915
847.0,7,2.961898881941881,2.4974001475403553,1.841371499368983,1.6871154371429995,36.300000000000004,15.603868780498397,43.79667710334285,27.464928704273326
848.0,7,2.9617951337778967,2.497316356257586,1.8413426892464813,1.6870228463154266,37.01428571428572,15.598811793516822,43.796420266599355,18.44553625374069
849.0,7,2.9616911990785595,2.4972324258046923,1.841313892458927,1.6869300335011361,37.300000000000004,15.593765541907498,43.79616917925642,32.2140577822031
850.0,7,2.9615870775921223,2.4971483560440713,1.8412851097191578,1.6868369977031323,37.32857142857143,15.588717539979683,43.79591145562059,37.012311552635545
851.0,7,2.961482770359253,2.497064147752611,1.841256341094275,1.6867437399829281,37.25714285714286,15.583677284829308,43.79565978501291,29.20003056657892
852.0,7,2.96137827751103,2.496979801037451,1.8412275866447716,1.6866502604177602,36.92857142857144,15.578625909226073,43.795405065604065,45.02767548952882
853.0,7,2.9612735991671637,2.4968953159972376,1.841198846416776,1.686556559087918,36.82857142857143,15.573581268100506,43.79515312797645,36.55438715139885
854.0,7,2.9611687354639478,2.4968106927452904,1.8411701204643525,1.686462636086699,37.2,15.568530887824329,43.794893717063395,30.53904689498952
855.0,7,2.9610636865445192,2.4967259313954235,1.8411414088628226,1.6863684914848733,37.228571428571435,15.563475375052969,43.79463344649326,29.000560074086767
856.0,7,2.9609584525242845,2.4966410320449084,1.8411127116528474,1.6862741253665032,36.785714285714285,15.558440039826456,43.79437920934332,36.640748508166176
857.0,7,2.9608530335564303,2.4965559948172653,1.8410840289062143,1.6861795378204798,36.685714285714276,15.553383938071436,43.79411742876492,37.49058299518491
858.0,7,2.960747429767378,2.4964708198169827,1.84105536067199,1.68608472893227,37.18571428571429,15.548321173478246,43.79384977841753,29.597263326677844
859.0,8,2.116241765631324,1.8583591604607952,1.2451286388037508,1.3795482746534353,34.8125,9.22060750978614,39.47196755990777,71.41440328554059
860.0,7,2.960535668229814,2.4963000569138933,1.8409980679575326,1.6858944474447204,36.800000000000004,15.538223293939424,43.793327128442854,32.17227799157479
861.0,8,2.1162708913541146,1.8583710072688537,1.2450951632338423,1.3795944458967444,35.3625,9.231922412434129,39.472921720425056,96.90038851398644
862.0,8,2.116285300907827,1.8583768076204923,1.2450784825491465,1.3796173133861604,35.6875,9.237589605413776,39.47340397389775,75.58690755811077
863.0,7,2.960216643069478,2.4960428819750007,1.8409122391517512,1.685607367211995,37.971428571428575,15.523080553471315,43.792538064568916,31.95200212763381
864.0,8,2.1163138131134875,1.8583881619929123,1.2450452353284474,1.379662611880646,36.1375,9.248912215855878,39.47435817501745,74.86297288341451
865.0,8,2.1163279156815302,1.858393715947471,1.2450286687815735,1.3796850428213798,35.9,9.254553201217192,39.474826752534774,93.33055490097946
866.0,8,2.1163419158517,1.858399187713544,1.2450121402827476,1.3797073281833838,35.325,9.260209959233723,39.4753038851554,80.94200663475308
867.0,8,2.1163558135583616,1.8584045772393099,1.244995649817874,1.3797294679170216,35.724999999999994,9.265872230527398,39.47577341168324,84.06586319916919
868.0,8,2.116369608756016,1.8584098844885322,1.2449791973819726,1.379751461985389,36.1125,9.271544420312168,39.476256471492505,86.51137202337516
869.0,8,2.1163833014185096,1.8584151094400208,1.2449627829786012,1.379773310364112,35.85,9.277188234775275,39.47671813984961,74.68837864302348
870.0,8,2.1163968914749978,1.8584202520384825,1.2449464065896405,1.3797950130024093,35.7,9.28285615812971,39.47719538633544,92.3108287859724
871.0,8,2.1164103789008166,1.8584253122630898,1.2449300682224904,1.379816569872861,35.6375,9.288514010894204,39.4776670480241,86.56767656347724
872.0,8,2.1164237636607397,1.8584302900859428,1.2449137678733986,1.379837980948553,35.412499999999994,9.294171130124464,39.4781344952451,79.32498167668956
873.0,8,2.1164370456762236,1.8584351854447563,1.2448975055299363,1.3798592461640529,35.7,9.299837853455122,39.478606953954234,80.06684500413141
874.0,7,2.2191063036352774,1.9727452448692997,1.34345975151629,1.4445898024042054,37.74285714285714,9.30550977847134,41.00655380934469,74.75583985944435
875.0,8,2.1164633013650893,1.858444728685222,1.2448650948454876,1.379901338941746,34.65,9.31116799316868,39.47954194152084,89.47969854278206
876.0,7,2.2190995369826405,1.9727154046914603,1.3434387477658274,1.444568585740524,36.88571428571428,9.316827981711704,41.00930773194596,86.93583401510479
877.0,7,2.219095983025414,1.9727003354944777,1.3434282970166684,1.4445577262383527,37.114285714285714,9.322497312828164,41.01068620825355,84.1895527277785
878.0,7,2.219092315301118,1.9726851668899386,1.3434178803469554,1.444546699290708,37.31428571428571,9.328163783674084,41.01206227790038,66.36036810873293
879.0,8,2.1165145781533794,1.8584628242805492,1.2448007294038794,1.379983772842422,35.0125,9.333830221973878,39.48141574887751,70.02342378725518
880.0,8,2.1165271398790257,1.8584671415353788,1.244784732991212,1.380004016182083,35.349999999999994,9.33948342283349,39.481878505311236,89.7034425366763
881.0,8,2.11653959853675,1.8584713760673026,1.2447687745624851,1.38002411338922,35.15,9.3451583755692,39.48234801702675,73.29792989305092
882.0,8,2.1165519540805087,1.8584755278426592,1.2447528540979746,1.3800440644432326,35.15,9.350814590487936,39.48281151038761,76.6967354920948
883.0,8,2.116564206465676,1.8584795968254162,1.2447369715958008,1.3800638693041987,34.9875,9.356484517977442,39.483275020236135,81.42044023375311
884.0,8,2.1165763556575796,1.8584835829879487,1.2447211270536085,1.3800835279439132,34.8625,9.362157201252977,39.483738244997625,85.57383466097518
885.0,8,2.1165884016112546,1.8584874862932272,1.2447053204758591,1.3801030403153263,34.4375,9.367818858961549,39.484206817054584,68.26917519347151
886.0,8,2.1166003442686074,1.8584913066976363,1.2446895518370225,1.3801224063895348,34.65,9.3734864327229,39.48467112587601,83.83249281925919
887.0,7,2.9576051320048173,2.493941313219789,1.840230554464205,1.6832393710345568,36.785714285714285,15.40180545331552,43.78599032802392,37.98729335931989
888.0,8,2.1166239196069574,1.8584986987284418,1.2446581284220273,1.3801606995304163,34.875,9.384824988261215,39.48559863032517,48.64605680790228
889.0,8,2.1166355521899707,1.8585022702794507,1.2446424736212718,1.3801796265311967,35.4875,9.390473892128062,39.48605391686955,46.39370801736329
890.0,7,2.9572713361067002,2.493673142433243,1.8401459860019522,1.6829344881764672,36.51428571428571,15.386649953047716,43.785144434535496,59.2756469358571
891.0,8,2.1166585069422044,1.8585091642592706,1.244611277806814,1.3802170411901826,34.7,9.401822415439764,39.48697851995451,52.94625796074887
892.0,7,2.9570479048824465,2.493493692241125,1.8400896895534322,1.6827301410640476,37.285714285714285,15.376538240506076,43.78457283935798,29.154151582238995
893.0,8,2.1166810477738287,1.8585157260599856,1.2445802337096685,1.3802538700802338,35.8875,9.4131545477689,39.48789858986209,43.24766724130425
894.0,8,2.11669216269658,1.8585188821675567,1.2445647685311922,1.3802720645960507,36.3625,9.418815685668974,39.48835539394301,48.86076143925338
895.0,8,2.1167031739783777,1.858521955099583,1.2445493412704942,1.3802901125235794,36.775,9.4244880772539,39.48881100002103,41.147747208735545
896.0,8,2.1167140804324283,1.8585249438453975,1.2445339518709115,1.3803080125595553,36.400000000000006,9.430157407589023,39.489270224727576,56.02264604560625
897.0,8,2.11672487949401,1.8585278458649404,1.2445185994397254,1.380325762095296,36.800000000000004,9.435835001723282,39.48972696948176,38.855357393007495
898.0,8,2.116735564663312,1.8585306549150946,1.2445032820937798,1.3803433544292303,35.862500000000004,9.441487774328818,39.49018278065195,38.016470077547424
899.0,8,2.1167461365908933,1.8585333707614409,1.244487997940514,1.3803607909586155,36.6875,9.447138839041626,39.49063966710476,42.064090898314056
900.0,8,2.116756610976257,1.8585360087894873,1.2444727521694696,1.3803780877262952,36.837500000000006,9.45278748523008,39.49109680567369,34.76289519416749
901.0,8,2.1167669945271785,1.8585385767949194,1.2444575499109731,1.3803952506092096,36.3,9.4584659956611,39.49155378208124,35.81091356258193
902.0,8,2.1167772759846826,1.8585410625732857,1.2444423846448938,1.380412269059634,37.2875,9.464123537025555,39.49200232907177,33.64802147980158
903.0,8,2.1167874636098403,1.8585434672763226,1.2444272425143017,1.3804291571260534,37.3125,9.469781374398105,39.49246260659136,32.545911192489044
904.0,8,2.1167975996888138,1.8585458222054718,1.244412113354164,1.3804459661192237,35.85,9.475418785218048,39.49290382167565,31.527085307142155
905.0,8,2.116807706512231,1.8585481476298067,1.2443970008580107,1.3804627200014399,35.237500000000004,9.481064705643895,39.49335877917602,30.590608212036127
906.0,8,2.116817763335741,1.8585504284680638,1.2443819106796048,1.3804793933747073,34.1875,9.486701459574697,39.49379674137185,28.287811003839124
907.0,8,2.1168277475273083,1.8585526470654092,1.244366846061293,1.3804959595512438,35.25,9.492340524046192,39.49425016496342,36.293885712311024
908.0,8,2.1168376348753295,1.8585547874287625,1.2443518174073485,1.3805123876262033,36.1125,9.497970028554654,39.49468364735429,30.539071651721407
909.0,8,2.116847402302998,1.8585568342495884,1.2443368344889583,1.3805286481887478,37.087500000000006,9.503616760630196,39.495128316874414,29.276316957263266
910.0,8,2.116857038770484,1.8585587799614403,1.2443219013840088,1.3805447273840288,37.6125,9.509257379090228,39.49556930087057,31.572448721310543
911.0,8,2.116866536124227,1.858560618615456,1.2443070202329467,1.3805606152818035,36.287499999999994,9.514906767639728,39.49601471845745,27.085975209792974
912.0,7,2.954774580787685,2.491670085530752,1.839528403917081,1.6806412663953902,36.800000000000004,15.27563008364914,43.77872530185317,33.84968183668859
913.0,7,2.9546590716964047,2.491577539453911,1.8395005747390243,1.6805345193259207,36.32857142857143,15.270569985577067,43.778421293325714,33.34864067285435
914.0,7,2.9545433526412834,2.4914848398049743,1.8394727991579611,1.6804274837481066,36.800000000000004,15.265512406971284,43.77811963733455,27.44042765836745
915.0,7,2.9544274486943642,2.491392003661825,1.8394450529385828,1.6803202114864468,36.8,15.260461233572364,43.777824704100354,25.357039774864795
916.0,7,2.9543113800645124,2.4912990444497805,1.8394173104155453,1.6802127505229896,35.92857142857143,15.255406746351392,43.77752496621673,47.08638942543251
917.0,7,2.95419515985664,2.4912059711559547,1.8393895599758834,1.6801051268818892,36.142857142857146,15.250356038415037,43.777217855454786,36.58975837474848
918.0,7,2.9540787733724643,2.4911127738300234,1.8393618166175678,1.6799973093753553,36.714285714285715,15.245284060036989,43.77690516495959,26.059137105073123
919.0,7,2.9539621954667794,2.4910194354249056,1.8393341057219263,1.679889244918467,36.714285714285715,15.240243344940364,43.77660750346617,32.46409868053372
920.0,7,2.953845423519793,2.4909259544836693,1.8393064355453475,1.6797809222877391,37.15714285714286,15.235183911252674,43.77630044293825,29.471573283009032
921.0,7,2.9537284635930665,2.4908323349819486,1.839278797342868,1.6796723569305414,37.7,15.23011286006902,43.77598990822961,27.04170331744308
922.0,7,2.953611323203165,2.4907385819111694,1.8392511814062298,1.6795635668579654,37.300000000000004,15.225065253152843,43.77569183251156,28.49987716156163
923.0,7,2.9534940083115266,2.490644699445338,1.8392235839214277,1.6794545624167325,37.142857142857146,15.220001504258322,43.775381581997586,34.03597342327285
924.0,7,2.9533765182514267,2.4905506871118392,1.8391960049687788,1.6793453427988354,36.614285714285714,15.214956969225348,43.77508562884831,27.678777096418106
925.0,7,2.9532588531041815,2.49045654497936,1.8391684445911443,1.6792359080399402,37.214285714285715,15.20988928295114,43.77477239626409,39.269654118575055
926.0,7,2.953141013077383,2.490362273216248,1.839140902862695,1.67912625828917,37.114285714285714,15.204828209722336,43.774461050960554,32.148093961556214
927.0,7,2.953022998501797,2.4902678720609037,1.839113379512188,1.6790163941778535,37.72857142857142,15.19978440805126,43.77415772657672,25.034632020897444
928.0,7,2.952904812628483,2.490173343695966,1.8390858707066249,1.6789063231226458,37.65714285714286,15.194692846906117,43.7738280185578,24.567995541010728
929.0,7,2.9527864742637804,2.490078700830655,1.839058356381809,1.6787960859356093,36.82857142857143,15.189665043460598,43.773533697288265,30.562797279316623
930.0,8,2.1170247592921023,1.8585780243835028,1.2440324096265163,1.380831501856808,35.25,9.62267695258972,39.504405791076984,36.30678214310404
931.0,8,2.117032139353346,1.8585781669322907,1.244018293440554,1.3808444112870375,33.7375,9.628342005028744,39.50483810027794,36.68194274447914
932.0,8,2.1170394489977395,1.8585782476747554,1.244004199162926,1.380857217526407,34.225,9.633991987657534,39.505264321123164,30.29159391154684
933.0,8,2.1170466865309416,1.8585782651150742,1.2439901265781295,1.38086991875929,35.875,9.639626118107977,39.50568242584811,34.53877947504904
934.0,8,2.11705385610169,1.8585782224005618,1.24397607490996,1.3808825199245742,35.599999999999994,9.64527642946391,39.5061187845188,34.903138887455924
935.0,7,2.952073318529529,2.4895084703844605,1.8388926888842567,1.678131729896078,36.31428571428571,15.159386193368594,43.7716291278493,29.17233371109188
936.0,7,2.9519539195504616,2.489413024658205,1.8388650150735906,1.678020459850331,35.34285714285714,15.154355372013876,43.77131055406848,34.58717213065095
937.0,7,2.9518343595588488,2.4893174586821867,1.8388373433543301,1.6779090067061235,35.49999999999999,15.149331268627664,43.770991472891815,52.83152580755496
938.0,7,2.9517146301939685,2.489221766635823,1.8388096792643183,1.6777973557427674,34.357142857142854,15.144294693798455,43.77066665311528,41.27667527308771
939.0,7,2.951594725244971,2.4891259445137743,1.8387820326610331,1.6776854901961062,33.814285714285724,15.139259792106357,43.7703417432346,44.22016916406808
940.0,8,2.117095086957577,1.8585764768365336,1.2438923859970683,1.3809555576877273,34.2,9.679018594265482,39.508641300669595,28.420737656627505
941.0,8,2.117101595545801,1.8585758936833905,1.2438785674781203,1.3809672197230438,33.8875,9.684652741101123,39.509061093510724,56.23663507393254
942.0,8,2.117107993247821,1.8585752223596508,1.2438647890908119,1.3809787267113478,35.0375,9.690275648260474,39.50948334181867,28.146808234180547
943.0,7,2.9511133485488474,2.4887413583047087,1.838671686870851,1.6772358142002168,34.65714285714286,15.119119617919536,43.769035136502644,32.04264045460735
944.0,8,2.1171204856019545,1.8585736344831039,1.2438373392084592,1.3810013136802421,34.875,9.701532843326584,39.510315158819196,29.266501872460637
945.0,8,2.1171265898853004,1.858572724298726,1.2438236635890811,1.3810124059555093,34.8375,9.707144088148643,39.510721430650094,26.523321179597797
946.0,8,2.1171325991105814,1.8585717363195406,1.2438100210614293,1.381023363507294,34.1875,9.712772977435648,39.51114661195721,30.32219866327337
947.0,8,2.1171385162524348,1.8585706725810742,1.243796410512832,1.3810341900814265,34.5375,9.718385669299227,39.51155236237891,24.065128187682934
948.0,8,2.1171443455894647,1.8585695361724122,1.243782830756285,1.381044890908336,37.262499999999996,9.724008307402514,39.511973359690245,30.500285092100818
949.0,8,2.1171500862133192,1.8585683263776285,1.2437692818903932,1.3810554649397666,37.2625,9.72961653011576,39.512382165488205,33.50793367160453
950.0,8,2.1171557362343347,1.8585670418686093,1.243755764520066,1.3810659098476579,36.525,9.73522326086306,39.512787630936685,32.79306226073624
951.0,8,2.117161290548372,1.8585656791916645,1.2437422806256317,1.381076219204909,36.05,9.740844608496078,39.513203364771805,30.22139842673364
952.0,7,2.9500205107915183,2.487868798559832,1.838423969176847,1.6762125367636378,37.34285714285715,15.073866698182016,43.76605599807062,30.27483655831582
953.0,7,2.949898271837097,2.4877712435456214,1.838396493662799,1.6760978767067434,37.01428571428572,15.068853321371533,43.765725310666376,33.78495251027365
954.0,8,2.117177353740136,1.8585611061339942,1.2437020427122254,1.381106300828236,36.1125,9.757654543836455,39.51442062553287,31.390846827192934
955.0,8,2.1171824937697465,1.8585594102018164,1.243688706609551,1.3811160278201051,36.5875,9.763262199573106,39.51482100529082,29.39749164746413
956.0,8,2.1171875130403293,1.8585576192902769,1.2436754140209634,1.3811255876210995,36.5625,9.768877729956918,39.51522813941739,27.320146092326205
957.0,8,2.1171924074416353,1.8585557311233196,1.2436621678010162,1.381134974603067,36.025,9.77448671474722,39.51563039516077,28.76959542796424
958.0,8,2.117197176864111,1.8585537456644192,1.2436489680821052,1.381144188602898,36.3875,9.780110874575788,39.51604116798143,31.33799389766177
959.0,8,2.1172018273217175,1.858551666702868,1.2436358118144055,1.3811532374710396,36.3125,9.785727329523464,39.5164426713454,31.081217204242552
960.0,8,2.1172063679321993,1.8585494998941916,1.2436226941550839,1.3811621331832842,36.7375,9.791355662381209,39.51684361480713,28.14662583886689
961.0,8,2.117210804309372,1.8585472490214263,1.2436096128643421,1.3811708828513989,36.1625,9.79697295200412,39.517248804172866,33.78433346836392
962.0,8,2.1172151394832954,1.8585449162745815,1.2435965671241043,1.3811794901631123,36.9375,9.802601871550443,39.51765210177983,36.78965932967901
963.0,8,2.117219375167871,1.8585425027827018,1.2435835561796535,1.3811879573212893,36.324999999999996,9.808225346178924,39.518057398285904,31.90591479549433
964.0,8,2.1172235077354404,1.8585400061819854,1.2435705816593117,1.3811962796831072,37.225,9.813848971791582,39.51846395500418,29.163409268491797
965.0,8,2.117227529425546,1.858537421148428,1.2435576463792044,1.3812044475532443,36.33749999999999,9.819473080264329,39.518860768496936,28.556627735353903
966.0,8,2.117231442183792,1.8585347492277604,1.243544750152041,1.381212463184572,35.975,9.825092842850996,39.51926999914927,33.359841528312664
967.0,8,2.117235247271886,1.8585319913278644,1.2435318926271617,1.3812203281186628,36.1,9.83071382971557,39.51966888645849,34.0051056007422
968.0,8,2.1172389461450556,1.8585291486320064,1.2435190737358939,1.381228044013672,35.974999999999994,9.83634718189279,39.520072892118996,33.59555376945785
969.0,8,2.1172425423965606,1.8585262253453856,1.2435062965977661,1.3812356137235513,36.887499999999996,9.841988091160324,39.520477414039,32.861819641686886
970.0,8,2.1172460344346336,1.8585232234059164,1.2434935695226756,1.3812430323787601,35.925,9.847628114585447,39.52087556808493,31.74760455046389
971.0,8,2.1172494103818713,1.8585201363438986,1.2434809011397805,1.381250283509959,37.224999999999994,9.853306271537232,39.52127170340728,28.95384578424073
972.0,8,2.1172526725601544,1.8585169665598982,1.2434682927019718,1.3812573692240881,37.0,9.859000443711144,39.521675559534856,32.40165492679155
973.0,8,2.1172558291937915,1.858513719983186,1.2434557419995702,1.3812642994930546,36.35,9.864711165498909,39.5220728478141,31.847263937894716
974.0,8,2.1172588660172957,1.8585103869608328,1.243443254602304,1.3812710563192636,36.9375,9.870453598210164,39.522467249310004,28.251480188141816
975.0,8,2.1172617483673575,1.858506942286628,1.2434308394807791,1.381277597717315,36.225,9.876219454852883,39.52286858232914,34.22045070373776
976.0,8,2.1172644423241676,1.8585033596371259,1.2434185011543775,1.381283884206822,37.8875,9.882009656066144,39.523271574920116,29.84596016093621
977.0,8,2.1172669371698216,1.8584996280636668,1.2434062342740668,1.3812899058782602,37.925,9.88780436031976,39.52367458175117,32.17053707165224
978.0,8,2.1172692350321367,1.8584957458246472,1.243394029824844,1.381295668509913,36.400000000000006,9.893597872647636,39.52408392093861,28.51526179777292
979.0,8,2.117271340512165,1.8584917131773913,1.2433818786207924,1.381301180722895,36.7875,9.89940168040456,39.52449306098141,29.997656047272464
980.0,8,2.117273271685767,1.8584875410977189,1.2433697703805324,1.3813064665450991,36.125,9.9051765385652,39.52491067242795,31.503958637051888
981.0,8,2.1172750466199997,1.8584832420853385,1.2433576987440016,1.3813115485241017,37.5,9.91094018326735,39.525322174465515,30.987171127865416
982.0,8,2.117276669570097,1.8584788189454313,1.2433456618091543,1.3813164321505633,36.7,9.916689665687665,39.52574189067953,32.732307904089936
983.0,8,2.1172781484406458,1.8584742771960592,1.2433336568819064,1.3813211272778247,35.4625,9.922409520284976,39.52616018782798,32.20239785447079
984.0,8,2.1172794944970543,1.858469624277752,1.2433216790713504,1.3813256483227576,36.6125,9.92811718294452,39.5265752039723,29.42727637841501
985.0,8,2.1172807218922602,1.858464869915712,1.2433097232213561,1.3813300130142903,36.9875,9.933810316860542,39.526997478079934,31.44683481000222
986.0,8,2.11728183779754,1.8584600198207601,1.243297788718992,1.3813342295905962,35.325,9.939468308578617,39.52741685589777,30.72703381352772
987.0,8,2.117282845483978,1.8584550775384618,1.2432858776968907,1.3813383009053077,34.9,9.94512845238098,39.52783398949575,29.92804619969423
988.0,8,2.117283761696516,1.858450055637848,1.243273986838937,1.3813422468562724,35.6125,9.950774819778314,39.5282545642561,31.50894984549793
989.0,8,2.1172846113735653,1.8584449719958156,1.2432621090809346,1.3813460978553327,35.6875,9.956400851620709,39.52866951010166,32.734854922580766
990.0,8,2.117285405012199,1.8584398346418198,1.243250242758174,1.3813498662052477,34.5875,9.961999260070709,39.52908292079861,29.479028681934288
991.0,8,2.1172861403755587,1.8584346425029141,1.2432383898478891,1.3813535486845365,34.3625,9.967598247394392,39.52948534656785,33.27943289685934
992.0,7,2.3632908628384834,2.102950391693645,1.2830902531244897,1.666157181139099,31.028571428571432,9.97319718684957,38.27128556927086,29.635451923929963
993.0,6,2.5524869267730748,2.297471441263836,1.4174282403318692,1.8081128855612496,28.283333333333335,9.97880427643832,35.38331787689819,36.98441224847632
994.0,6,2.5461500543241447,2.324756072742393,1.7727383290560876,1.5039579829397043,28.53333333333333,9.984342516155122,34.03959886300478,49.02462451486566
995.0,8,2.1172881819756255,1.8584131072684806,1.2431912233676696,1.3813670255977906,33.5,9.989879183651762,39.5311124666877,27.408534620578912
996.0,7,2.944471239419212,2.483451059061691,1.837247249650625,1.6709433582278752,38.42857142857143,14.85202151481996,43.75097418287089,30.872582994540807
997.0,8,2.117288546109261,1.8584017965110609,1.243167821199049,1.3813728698692282,36.1125,10.000990948876131,39.53193926891879,35.91016562836275
998.0,8,2.1172885582825205,1.858396001720651,1.243156168150957,1.3813755610982592,36.9625,10.006533212839972,39.53234551047204,35.21026032943347
999.0,8,2.1172884588063576,1.858390115615427,1.2431445478654768,1.3813780999166951,38.0375,10.012065287183924,39.53275421873287,31.170502361803887
1000.0,8,2.1172882457544566,1.8583841372200856,1.2431329619141502,1.3813804836010222,38.2,10.01759346648092,39.53316311181623,29.883767910627597
1001.0,8,2.1172879188745424,1.8583780663265734,1.2431214102775854,1.3813827118916615,37.9375,10.023124184062926,39.5335690082753,29.363144635279152
1002.0,8,2.117287478320336,1.8583719030709016,1.2431098929547515,1.3813847849753487,37.6125,10.02864264226131,39.53397289179355,29.18383419782313
1003.0,8,2.1172869262673477,1.8583656491909555,1.24309840978322,1.381386705339005,37.375,10.034152468669252,39.53438001404449,32.075339377235814
1004.0,8,2.1172862660994234,1.858359307337706,1.2430869603902275,1.3813884768871005,37.775000000000006,10.03966588669538,39.53478725922589,30.04335646706912
1005.0,8,2.1172855000725397,1.8583528796401236,1.243075545465501,1.3813901018656487,37.6125,10.045164183803736,39.53519078196722,31.68914475461378
1006.0,8,2.1172846265771312,1.8583463652235812,1.2430641661896977,1.381391578038178,37.5875,10.050674502521614,39.5355945289628,30.38254771615368
1007.0,8,2.117283643265027,1.8583397626449913,1.2430528238317802,1.3813929023240568,38.625,10.056181844872391,39.535999170012445,30.65437930957865
1008.0,8,2.1172825454038064,1.8583330689272337,1.2430415208011012,1.3813940685528503,38.75,10.061694356415822,39.53640132274664,29.50898879571184
1009.0,8,2.117281334896818,1.8583262856288003,1.2430302570628207,1.3813950788551663,39.025000000000006,10.067195352498912,39.53680559188723,29.080241356584068
1010.0,8,2.1172800194692907,1.8583194180463491,1.243019029818438,1.381395942877114,38.5,10.072703520288968,39.5372100460562,32.42297969249401
1011.0,8,2.1172786040601514,1.858312469443529,1.2430078369554671,1.3813966669123672,38.6375,10.078207539331611,39.537609616197685,30.26403337610021
1012.0,8,2.1172770881511576,1.8583054394386997,1.2429966785833415,1.381397250351339,38.9125,10.08371031256888,39.53801067121174,32.38366272927354
1013.0,8,2.1172754679826475,1.8582983253935392,1.2429855558925793,1.381397688575903,38.912499999999994,10.089219630035188,39.53840904224691,28.30393531408672
1014.0,8,2.117273741449729,1.8582911260680883,1.2429744701743295,1.381397978758565,38.425,10.094730767736378,39.53880841973556,29.943790234056845
1015.0,8,2.1172719055388503,1.8582838392406156,1.2429634220925871,1.3813981173154708,37.7625,10.100227731905328,39.539208840970915,32.14316005137366
1016.0,8,2.117269955510886,1.8582764612846203,1.2429524123554427,1.3813980987334087,36.75,10.105742386273716,39.53961110689306,29.03998221740749
1017.0,7,2.2744245890781083,2.0256632854122447,1.3864074053990434,1.476883967047453,34.271428571428565,10.111254279315546,37.21542377933252,29.798780980133436
1018.0,8,2.1172657289561565,1.8582614431439883,1.2429305028940556,1.3813976096877787,31.725,10.116761814472346,39.540404815798965,31.214156740448544
1019.0,8,2.1172634617421178,1.8582538097594286,1.242919600898797,1.3813971504194604,32.65,10.122249960904895,39.54079904774974,30.203924065383635
1020.0,8,2.11726108937115,1.8582460920756811,1.2429087357987203,1.3813965445120266,34.275000000000006,10.127754277978688,39.54119379137556,24.576681798991444
1021.0,8,2.117258610531012,1.8582382894151515,1.242897908643004,1.3813957901120861,36.225,10.133259533264182,39.54158857368103,27.16833504567188
1022.0,8,2.1172560275509236,1.8582304035842858,1.2428871191546913,1.3813948899009183,37.85,10.138761693041284,39.54197580841122,29.289163070636786
1023.0,8,2.1172533355431895,1.8582224310459028,1.2428763685946271,1.3813938379879858,37.925,10.14426995418607,39.54236646243895,27.965322204146226
1024.0,8,2.1172505345034054,1.8582143717980977,1.2428656569611911,1.3813926343742484,38.175,10.149780953808168,39.542761650529116,28.707934601560915
1025.0,8,2.1172476357835883,1.8582062341435595,1.2428549815469023,1.3813912926662155,38.474999999999994,10.155296691755236,39.54315030230245,28.46678684813453
1026.0,8,2.117244655113838,1.8581980295449978,1.242844338504665,1.3813898317462072,38.3,10.160813756793962,39.543543592486344,26.258818162154466
1027.0,8,2.1172415961597504,1.8581897608823092,1.2428337274979278,1.3813882557925055,38.4875,10.166331549247152,39.54393569621706,31.97578023910113
1028.0,8,2.1172384703612135,1.8581814366336005,1.2428231461298138,1.3813865783674397,37.775000000000006,10.171846012741565,39.5443202335758,34.49504243574089
1029.0,8,2.1172352885207397,1.8581730644733527,1.2428125912488543,1.3813848126310058,36.825,10.177361201834888,39.544696158328534,30.838474964888533
1030.0,8,2.117232044486569,1.8581646394234133,1.242802063047636,1.381382951714724,35.775,10.18289111324942,39.5450777844289,31.91952905549616
1031.0,8,2.11722873874728,1.858156161999646,1.2427915618596126,1.381380996013699,35.05,10.188422314578316,39.54545606676369,30.59395461521373
1032.0,7,2.9396499706703794,2.4796284315748904,1.836289332460872,1.6663128896353636,36.557142857142864,14.676215718395165,43.738953601197146,27.53758585915939
1033.0,7,2.9395137250944754,2.4795205484360148,1.83626322714809,1.666181115827483,36.34285714285715,14.671285405398702,43.73858552280744,26.6418649026326
1034.0,7,2.939377435841777,2.4794126347184635,1.8362371707974263,1.6660492387031711,36.01428571428571,14.666358179491946,43.73821866308499,26.68561305375633
1035.0,7,2.939241108098034,2.4793046943842163,1.8362111662667775,1.6659172609925177,35.68571428571429,14.661407602216084,43.7378422035934,26.46220227948158
1036.0,7,2.9391047390362908,2.479196725492059,1.8361852158798653,1.665785177228672,35.971428571428575,14.656454900731136,43.73746519689856,27.08428503237424
1037.0,8,2.1172076886511593,1.8581042805022083,1.2427291695372582,1.3813673401386997,35.675,10.221678617054453,39.54765589660971,33.63913359576478
1038.0,7,2.938831935591237,2.4789807474052368,1.8361335219367876,1.6655207100561178,37.814285714285724,14.646503976842602,43.73669546334911,25.651545222547323
1039.0,7,2.938695484507375,2.4788727263415624,1.8361077850869674,1.665388301551047,38.07142857142857,14.641504620228702,43.73629867517185,27.38464602792112
1040.0,7,2.938558990865218,2.478764677019492,1.836082124519207,1.6652557629567244,37.285714285714285,14.63650413879181,43.73590721883737,25.79292131857631
1041.0,7,2.938422421332817,2.478656574326988,1.8360565272870712,1.6651230711454754,36.800000000000004,14.631501635752414,43.735515014903335,24.49886743722914
1042.0,7,2.9382857400989315,2.478548391123686,1.8360309764291447,1.664990204395946,37.24285714285714,14.626476290147084,43.73510861351257,26.045319055453227
1043.0,7,2.938148916564638,2.4784401041141835,1.8360054554194902,1.664857146229488,37.42857142857143,14.621469739504912,43.73471155704017,26.87731467994701
1044.0,7,2.9380119164901046,2.478331687247054,1.8359799460137505,1.6647238779593976,37.14285714285715,14.6164410192403,43.73430699891443,28.59730170747189
1045.0,7,2.937874729893309,2.47822313266599,1.8359544377925785,1.6645903993567222,36.17142857142857,14.61144447649854,43.73391657102173,28.143222025729564
1046.0,7,3.400594793125366,2.8657454653133465,1.6483500802291922,2.3442352878865265,35.45714285714286,10.272056390574315,43.11430997690089,33.3777322202202
1047.0,7,3.4012138847233144,2.866237227249764,1.6483737799487486,2.3448197637451558,36.285714285714285,10.277658068670249,43.115425955969634,30.83348179113384
1048.0,6,5.543400740510267,4.500617721443837,2.828964905257184,3.500359615724866,38.03333333333333,27.763739733378387,48.58875140416811,29.74519782327041
1049.0,6,5.5437962253216755,4.50092937924921,2.828900773159259,3.500812147574849,38.08333333333333,27.757760914709817,48.589111287669404,28.826371637728272
1050.0,7,2.9371865782371196,2.4776787366099624,1.8358272460837324,1.6639201436324274,37.34285714285714,14.586383159376425,43.731893106824245,26.39170302669761
1051.0,6,5.544581584905538,4.501548316529594,2.82877031071732,3.501713262855007,38.7,27.745821704889043,48.58983778902472,29.00041341040285
1052.0,6,5.5449714144160875,4.5018555603572175,2.8287039558526725,3.502161820427868,39.01666666666667,27.73982152566991,48.59019260602736,27.08284776435279
1053.0,6,5.545359337468691,4.502161315969257,2.8286368486831694,3.5026090408839208,39.4,27.733843620227155,48.59054893156479,29.48679117355449
1054.0,6,5.545745341621431,4.502465574057273,2.8285689879425107,3.5030549133607325,38.8,27.72786540154107,48.59090847184935,30.850530731601115
1055.0,7,2.936495011354211,2.477131849961451,1.835700758135932,1.6632453002105871,37.285714285714285,14.56130258587424,43.72984138168795,29.33077078031149
1056.0,8,2.117121034447587,1.857923884319833,1.24253996147327,1.3812949011952882,35.712500000000006,10.328055955919655,39.554251802733205,27.554371069209616
1057.0,8,2.117115467953802,1.857913578455529,1.2425303578602929,1.3812896780925432,37.375,10.3336588628803,39.554593216583186,32.27244100815595
1058.0,8,2.1171097997174053,1.85790319039353,1.242520789384913,1.3812843128120833,37.4125,10.339258910207263,39.554931233432384,30.974560325974227
1059.0,8,2.1171040298883703,1.8578927204209932,1.2425112564829133,1.3812788053490763,37.3,10.344851222265914,39.55526646140656,32.34850124336971
1060.0,8,2.117098157772914,1.857882167851448,1.2425017588226333,1.3812731550794215,36.6375,10.35044683680104,39.55560211454659,30.095800723096332
1061.0,7,3.4098662277327705,2.8731103654938663,1.6487029953677554,2.352985678956353,37.471428571428575,10.356048199466397,43.13089696532672,37.03928632893255
1062.0,8,2.1170861096693816,1.8578608163978791,1.2424828665558068,1.3812614305126525,36.325,10.361637989327106,39.55626320677372,33.191715360714205
1063.0,7,2.9353808911251016,2.4762512664655145,1.8354995580870226,1.6621557408782155,37.300000000000004,14.521179096675366,43.726512681566085,25.289439992150136
1064.0,7,2.9352409622946634,2.476140707813054,1.835474495530366,1.6620187066174918,36.957142857142856,14.516161509243105,43.72608896653252,27.66672436395789
1065.0,7,2.9351008830725664,2.4760300389990926,1.8354494493860591,1.661881485778772,37.67142857142857,14.51115318276818,43.72567013695599,27.157950236765885
1066.0,7,2.9349606450450456,2.475919253919338,1.8354244205040833,1.661744068304666,36.82857142857143,14.506139167271492,43.72524613117084,27.47496688961519
1067.0,7,2.934820233885512,2.4758083417972068,1.835399403301381,1.6616064442802243,36.9,14.501142337126046,43.72483250290975,28.420851238231283
1068.0,7,2.9346796253832568,2.475697284220086,1.83537438468173,1.6614686007110906,37.14285714285713,14.496136064331967,43.72440614985884,28.160526806157687
1069.0,6,5.551303532326589,4.5068484045332955,2.82745950219452,3.5095805026946216,39.516666666666666,27.637994903264328,48.59613159903603,27.11853779004042
1070.0,6,5.551658126334231,4.507128137545355,2.827379209719379,3.510004394968714,39.516666666666666,27.63200663603612,48.596477136310405,32.45191028292418
1071.0,6,5.5520106028258365,4.507406217800831,2.8272980743828664,3.510426813203848,38.81666666666667,27.62604714226557,48.59682197109135,27.797280475088723
1072.0,6,5.552360967517827,4.507682650521319,2.827216107788138,3.510847754841299,38.81666666666666,27.62007946329168,48.597162906278335,29.561319174482687
1073.0,7,2.933973190008612,2.4751394896083756,1.835249108806753,1.660775783073329,36.07142857142857,14.471279084155215,43.72233614313939,29.59275821805681
1074.0,7,2.9338313073122193,2.475027492834915,1.8352240664781834,1.6606365394353957,37.67142857142858,14.466330357958078,43.721924452037065,28.776391624040222
1075.0,6,5.553399806543746,4.508502393177474,2.826965494856723,3.5121019233753015,30.916666666666668,27.60223315658181,48.59820670755974,30.47949133352151
1076.0,7,2.93354706625388,2.4748031533069343,1.8351740681805713,1.6603574275123765,34.685714285714276,14.4564121314253,43.721095212288525,23.93643703810208
1077.0,7,2.9334047170599447,2.4746908176280606,1.8351491185233786,1.660217562741554,35.8,14.45145942545201,43.720682130663725,37.65885520273089
1078.0,7,2.9332622190323927,2.474578374046906,1.835124202734349,1.6600774951306485,35.642857142857146,14.446504013039092,43.720265134308875,31.255712725593803
1079.0,6,5.554756634521896,4.509573339303326,2.826620684729292,3.5137540049377196,38.21666666666667,27.57842565033512,48.59956929850525,32.2710933751435
1080.0,6,5.555090800957045,4.509837149700139,2.8265326051928135,3.51416342087237,38.45,27.572478885083843,48.59991018329932,26.527651962184468
1081.0,7,2.932833876860246,2.4742404305765566,1.8350496901082454,1.659656091825441,36.357142857142854,14.431623400097097,43.71901310439937,28.39720027624924
1082.0,7,2.9326908043529873,2.4741275715334643,1.8350249238851284,1.6595152210638067,37.01428571428572,14.426661142907076,43.71859425146768,26.66886511050962
1083.0,7,2.932547574064364,2.4740145980212156,1.8350001899961934,1.6593741392272,38.285714285714285,14.421708706511252,43.71817980006517,27.794646467244107
1084.0,7,2.932404195622147,2.473901517172636,1.8349754897610677,1.6592328554621862,37.142857142857146,14.416752169285177,43.717761265353715,29.48387943847577
1085.0,7,2.9322606811198133,2.47378833786195,1.8349508232505498,1.659091382894239,37.91428571428571,14.411782042259654,43.7173380616916,26.124580928521507
1086.0,7,2.93211701913623,2.473675051431982,1.8349261846292095,1.6589497150423547,37.65714285714286,14.406821831859885,43.71691628142536,27.91248574756377
1087.0,7,2.931973205952275,2.4735616552064066,1.8349015745298498,1.6588078471888588,38.00000000000001,14.401865765035922,43.71649694004479,27.62768526781754
1088.0,7,2.9318292544666056,2.4734481589431403,1.834876998647083,1.6586657875579043,38.3,14.396900528477198,43.716072905072146,26.146598211099576
1089.0,7,2.9316851767956242,2.47333457172328,1.8348524606851095,1.6585235455667728,38.15714285714285,14.391935641384832,43.71564720135463,29.56601312543209
1090.0,7,2.931540987518191,2.4732209045543048,1.8348279667312775,1.6583811308698555,36.885714285714286,14.386962232049186,43.715219306796044,25.907958353182508
1091.0,7,2.9313967054012946,2.4731071717410145,1.8348035272662213,1.6582385531787254,36.18571428571429,14.381995833257644,43.71479415197486,32.86628233361549
1092.0,6,5.558943293753607,4.512880091368848,2.8254162685558994,3.5189642834864006,38.099999999999994,27.50110419563068,48.6039179943057,27.80336970309169
1093.0,8,2.1168418991300864,1.857483603396908,1.2422084607439423,1.3810008967935274,35.6625,10.533989841301704,39.56643446627368,34.22194526789652
1094.0,8,2.1168323070781816,1.8574700676764397,1.2422002164777282,1.3809901065889658,35.5375,10.53956752561081,39.56675207580912,41.33848249847099
1095.0,8,2.116822619411478,1.8574564562818974,1.2421920113780298,1.3809791793694461,36.575,10.545152375634425,39.56706456865652,32.416556697990764
1096.0,8,2.1168128374494044,1.8574427703191685,1.2421838455424605,1.3809681165343002,35.75,10.550739433994597,39.56737540152903,32.41758173025623
1097.0,8,2.1168029572251785,1.8574290065140409,1.2421757188289941,1.38095691380702,36.825,10.55633442427571,39.56769033371516,31.76892417221581
1098.0,8,2.1167929759002804,1.8574151624894804,1.2421676310227803,1.3809455681832925,36.2625,10.561927154359791,39.568005217765815,33.769699141027296
1099.0,8,2.116782897961464,1.8574012421054282,1.2421595827596494,1.3809340842825053,35.862500000000004,10.567521171868792,39.56831345894045,35.60354954111024
1100.0,8,2.1167727272893226,1.8573872483549732,1.242151573613266,1.380922466513506,35.9125,10.573124296403016,39.56862081721556,38.80001912075035
1101.0,7,3.4344154704612464,2.8926144945259114,1.6496220407972229,2.3761240995489694,36.714285714285715,10.578741894204445,43.17421459904292,33.08079279947618
1102.0,7,3.435024879412227,2.8930987614184227,1.6496443156858829,2.3766981455468983,37.028571428571425,10.584347645736855,43.17528104200377,47.740153944143394
1103.0,7,3.4356340668709704,2.8935828560176873,1.64966655058722,2.3772719694038247,36.785714285714285,10.589966680371102,43.176347064953,43.313432738838415
1104.0,7,3.4362430408404525,2.8940667839822605,1.6496887495880417,2.377845575228145,37.32857142857142,10.595591873929244,43.1774194699563,41.02233440109302
1105.0,7,3.436851806637201,2.8945505489328776,1.649710913505281,2.378418966916719,38.32857142857143,10.601217616559708,43.17849081274976,38.52952597868803
1106.0,7,3.4374603541539726,2.8950341437354346,1.6497330433249338,2.3789921351605625,38.114285714285714,10.606832393897294,43.17955629260407,39.576929121907554
1107.0,8,2.1166986990072134,1.8572870308582734,1.2420965631434069,1.3808371528973564,36.962500000000006,10.61245720807246,39.57076500600764,34.20058214915364
1108.0,7,3.438676761830539,2.8960008001716706,1.6497772105686974,2.3801377670385224,38.685714285714276,10.61807377035917,43.181690505074634,37.53624576995599
1109.0,8,2.1166765707849535,1.8572576181055662,1.2420811886871042,1.3808114211291822,36.650000000000006,10.623705894156094,39.57137728063313,34.45929019361919
1110.0,8,2.116665338515509,1.8572427780606118,1.2420735598888597,1.3807983228854654,36.9125,10.62932369657558,39.57167939465643,44.48592709661989
1111.0,7,2.928488504208777,2.470816456944334,1.834325261622394,1.6553503552060775,37.01428571428572,14.281613445420932,43.70583811975369,31.312678998111508
1112.0,7,2.9283417355996026,2.4707009445202353,1.834301762121801,1.6552039761703201,37.271428571428565,14.27658208237898,43.70538222689287,35.10769937811455
1113.0,6,5.5649926252339625,4.517665182613092,2.823203765744167,3.526871021072721,39.416666666666664,27.37544851206161,48.61048777235516,35.825205415671384
1114.0,7,2.92804776172423,2.470469602724218,1.8342548294856347,1.6549106557433797,37.028571428571425,14.266526525752417,43.70446984196118,32.77099994570317
1115.0,7,2.9279005824346633,2.4703537928907164,1.8342314058300284,1.6547637329589828,37.94285714285714,14.261496294956263,43.704014055746924,38.06264801165842
1116.0,7,2.927753273856339,2.470237889694559,1.8342080108968315,1.6546166336781811,37.84285714285715,14.256456113179528,43.70354576793799,27.42023982171085
1117.0,8,2.1165837664791827,1.8571365297628686,1.2420211658758529,1.3807025435248743,36.2875,10.66867531252668,39.57377843309895,33.90246926798218
1118.0,7,3.4447455383527372,2.9008237160099624,1.6499960574177996,2.385852309316644,37.271428571428565,10.674296387088164,43.19232568273027,41.72545401841891
1119.0,7,2.9273103963144917,2.469889487044954,1.8341379183845723,1.6541741669362064,37.128571428571426,14.24137987571114,43.702163781223824,32.37737529999989
1120.0,7,2.927162405445484,2.4697730858968883,1.8341145654781519,1.6540262562975017,36.87142857142857,14.236289431348371,43.70164551265602,28.726535304869422
1121.0,7,2.9270141876964537,2.469656518045693,1.834091202927857,1.653878102058378,35.27142857142858,14.231353743746151,43.70124437262092,28.685784596826498
1122.0,7,2.926865760317332,2.469539796746018,1.8340678424848216,1.6537297109489921,32.31428571428571,14.226344738032536,43.70078172623691,31.23534189177678
1123.0,6,3.010681168313751,2.5557030831367156,1.9282191808219737,1.6773756406555898,38.23333333333333,14.22135352096386,46.43111189728206,35.087552855081135
1124.0,7,2.926568409702543,2.4693059946490283,1.8340211937128688,1.653432295626782,38.028571428571425,14.216366593841771,43.69987371300874,26.49167015889892
1125.0,7,2.926419508489361,2.469188930334181,1.833997911775992,1.6532832888788778,38.0,14.211365486826873,43.699413517725866,27.425025720055327
1126.0,7,2.9262704599086793,2.4690717595446166,1.8339746577845322,1.6531340866320727,37.214285714285715,14.206370980216043,43.698953104894365,28.534645763645347
1127.0,6,5.568515506477959,4.520457216384172,2.8215352383900894,3.53178033627273,38.26666666666667,27.29176353103454,48.614680569862195,29.56203816184205
1128.0,8,2.1164443371540473,1.8569605061792027,1.2419423289806948,1.3805366974460793,36.5,10.730228323654146,39.57705818218462,32.44683373331951
1129.0,8,2.1164309813456113,1.8569439596392192,1.2419353845760632,1.3805206879212233,36.675,10.73581535547568,39.57735002444457,31.693865547749795
1130.0,8,2.1164175169735535,1.8569273267121493,1.2419284784762825,1.3805045277143841,36.3125,10.741403786290524,39.57764911912187,32.026916697012844
1131.0,8,2.116403939816195,1.8569106040258627,1.2419216107754136,1.3804882122034565,36.45,10.746996546798158,39.57794240018663,32.731460123603064
1132.0,8,2.1163902480499583,1.856893790262438,1.2419147819064242,1.3804717392245023,37.05,10.752581179189264,39.578231216627074,37.26248902247836
1133.0,8,2.116376445773031,1.8568768887960858,1.2419079920538987,1.3804551131484444,36.1875,10.758165952990296,39.57852547734221,37.59296954118667
1134.0,8,2.1163625336988474,1.8568599000230168,1.2419012406905026,1.3804383349809142,36.175000000000004,10.763768583387174,39.57882133834842,32.34326304968122
1135.0,7,2.9249229004476107,2.468012825355744,1.8337669983653222,1.6517826436388894,38.0,14.161423046089052,43.694791931317575,30.76719394627755
1136.0,8,2.1163343736419,1.8568256553284226,1.2418878534753621,1.3804043152917855,36.599999999999994,10.774950482821705,39.579405451221646,42.13831908871687
1137.0,8,2.1163201232856053,1.8568083975317446,1.2418812177185514,1.380387071158772,36.6,10.780542470719494,39.579695723513254,40.47479437839502
1138.0,8,2.1163057645984145,1.856791053410959,1.2418746198350161,1.3803696768027807,37.1,10.786142063004812,39.5799870575794,36.94045629922231
1139.0,8,2.116291301456683,1.8567736258019638,1.241868058972518,1.38035213680336,37.0625,10.791728652389844,39.58027663220902,39.15353346185271
1140.0,8,2.1162767342294915,1.8567561149138776,1.2418615348727104,1.3803344516723737,36.89999999999999,10.797325610614244,39.58056016377479,35.2625382160216
1141.0,8,2.1162620622235897,1.856738520019754,1.2418550470410863,1.3803166208749815,36.8,10.802925360874896,39.580851139023856,34.54034478952661
1142.0,8,2.116247280080332,1.8567208366024859,1.2418485948859013,1.3802986388654261,36.787499999999994,10.808517621587496,39.58114424371561,36.32335983987658
1143.0,8,2.1162323927109807,1.8567030682612262,1.2418421773524146,1.3802805114321022,37.1375,10.8141164060921,39.58143014901434,34.0720448842971
1144.0,8,2.1162174055883107,1.8566852191631342,1.241835793724745,1.3802622448226598,36.8625,10.819696364483937,39.58171431368215,34.45168621822058
1145.0,8,2.1162023189360437,1.8566672894978713,1.241829444022268,1.380243839272872,37.087500000000006,10.8252985940377,39.5820078292973,34.88929917268477
1146.0,7,2.923260972941742,2.4667078699180114,1.83351705853614,1.650109969539132,37.24285714285714,14.106470587727902,43.68963123972866,29.22339412251257
1147.0,7,2.923109094739689,2.4665886663727288,1.833494503191488,1.6499568345399205,35.77142857142857,14.101478039491914,43.68915799093799,28.179261573685363
1148.0,7,2.9229570833491025,2.466469367032724,1.833471975278155,1.649803519932124,36.728571428571435,14.096496144271306,43.688685670472374,35.07741307738426
1149.0,7,2.9228049435094827,2.4663499757808616,1.833449482589729,1.6496500228308164,35.92857142857142,14.0914919956637,43.688207036365384,38.717502845026736
1150.0,7,2.92265267302011,2.466230491476498,1.8334270339990386,1.6494963316388118,37.57142857142857,14.086503690378231,43.68773172595934,29.886986868882254
1151.0,7,2.9225002742609845,2.4661109158513335,1.833404629013925,1.6493424494602131,37.457142857142856,14.08151677325841,43.68725794382497,32.26300706389498
1152.0,7,2.922347746392429,2.4659912478347876,1.8333822584724797,1.649188384847566,37.457142857142856,14.07651566056361,43.68677869786172,30.09890158282654
1153.0,7,2.9221950911591605,2.465871488658523,1.8333599211955163,1.6490341409240046,37.24285714285714,14.071534319075829,43.686305528081945,33.49988420552821
1154.0,6,5.574125054505881,4.524917462246883,2.8178733450280227,3.5404050406030314,37.68333333333333,27.13103419447237,48.62237583868168,28.6258631971826
1155.0,7,2.921889370472873,2.46563167641651,1.8333153484838713,1.6487250822262485,36.25714285714285,14.061545051602891,43.68534150514887,33.21282844162689
1156.0,7,2.921736304432224,2.4655116229757765,1.833293113518288,1.6485702663080728,37.357142857142854,14.056553312283713,43.68486557853437,33.63391570556874
1157.0,7,2.921583115122965,2.4653914817915807,1.8332709188288232,1.6484152682704103,37.142857142857146,14.051555856799624,43.68438200873147,34.58039061151881
1158.0,7,2.9214298040932754,2.4652712540676416,1.8332487655260779,1.64826008864783,37.15714285714285,14.04656244075947,43.68390287842383,30.606058380098887
1159.0,8,2.115979935510345,1.8564073277399644,1.2417443761601794,1.379970677500505,36.0875,10.903552696655469,39.58593747578439,38.86257479898139
1160.0,8,2.1159632326988103,1.8563881070145716,1.2417385829726704,1.379950033668672,36.775000000000006,10.909156738251648,39.5862193587804,34.47761793619402
1161.0,8,2.1159464260614405,1.8563688033809176,1.2417328268491408,1.3799292448858171,36.55,10.914752458285989,39.5864959410202,33.75605831101392
1162.0,8,2.115929518670104,1.8563494189511707,1.2417271067415394,1.3799083149338707,33.225,10.920352106830752,39.58677214379723,20.94590138190322
1163.0,3,,,,,19.766666666666666,27.07746414437764,49.50435101341363,
1164.0,7,2.9205073469440537,2.464548044184435,1.8331166846438105,1.6473251902929822,32.15714285714286,14.01657959832154,43.68099293713191,27.032793776603597
1165.0,7,3.4729496812255722,2.9232401984324494,1.6509770361760554,2.4123863877394753,37.58571428571429,10.937140956845022,43.24129986925401,40.88575334111799
1166.0,8,2.1158609565588176,1.856271137586919,1.2417045983084791,1.3798232592538122,36.6375,10.942749024494992,39.587858221839284,38.59856849796779
1167.0,7,3.4741363516057473,2.924183458195466,1.6510163970789609,2.4135023832100115,36.885714285714286,10.948367186217707,43.2433492547251,39.10912714378381
1168.0,8,2.115826158763402,1.8562315881732556,1.241693576548198,1.3797799719126056,36.1,10.953998243930446,39.5883853000675,44.09691686241547
1169.0,8,2.1158086204015008,1.8562117038672676,1.2416881263079422,1.379758126107506,36.95,10.959631734435032,39.58865061301567,37.90526578973755
1170.0,8,2.1157909750767225,1.8561917349857002,1.2416827156794343,1.3797361307917426,37.6,10.965270977487242,39.58890916722967,45.649247500815
1171.0,8,2.1157732175601875,1.8561716771311332,1.241677344059585,1.3797139805890708,36.5125,10.970912663948146,39.58918293978863,34.47087572969593
1172.0,8,2.115755345086912,1.8561515282513188,1.2416720119409612,1.379691672292107,36.7375,10.976544637812394,39.589437063317476,37.543922225720735
1173.0,8,2.1157373538275346,1.8561312854614669,1.241666719840706,1.3796692015511756,36.625,10.982185553324204,39.58970297601503,42.18433000209211
1174.0,8,2.115719242948761,1.8561109480215627,1.2416614675579023,1.379646567548175,35.6,10.987817866145118,39.58996439792928,40.22199960067461
1175.0,8,2.1157010148881374,1.8560905170742341,1.2416562526621477,1.3796237740043082,36.425,10.993459040375509,39.590226613547614,46.09845519981816
1176.0,8,2.1156826604690333,1.8560699845491766,1.2416510730196908,1.379600811979114,36.175000000000004,10.999093890412972,39.59049163881549,43.47438486050882
1177.0,8,2.1156641631017044,1.8560493372483433,1.24164592892289,1.3795776634496615,36.0125,11.004701467239308,39.59074603756383,43.04543317615852
1178.0,8,2.1156455250504855,1.8560285774586767,1.2416408217260135,1.379554330270044,35.8375,11.010317432778608,39.591010125265164,47.78305093404308
1179.0,6,5.577919332097836,4.527954713235608,2.813964425066564,3.5473903224162338,38.96666666666666,26.98189342479367,48.62886016593273,43.11764615138276
1180.0,7,2.9180290366362094,2.4626065455703197,1.8327731874766064,1.64480194599612,37.50000000000001,13.93614481304019,43.6729780233387,33.82563464912673
1181.0,8,2.1155887922706684,1.8559656424524502,1.241625717795053,1.3794832521179285,35.8375,11.02713164159722,39.59181810794799,38.34720356724246
1182.0,8,2.1155696001639286,1.855944438581756,1.2416207545753768,1.3794591914624448,36.087500000000006,11.032713839512647,39.59208738018911,42.05177323411906
1183.0,8,2.115550270017354,1.85592312402062,1.2416158271010682,1.37943494959588,35.525,11.03828818743391,39.59235315099293,36.24656114865384
1184.0,7,2.917402095600095,2.462115841991014,1.8326878962679232,1.644162246937988,36.685714285714276,13.916261812030124,43.671012541921705,40.32131593453411
1185.0,7,2.917244822697853,2.461992775105779,1.8326665772285842,1.644001715747986,35.81428571428572,13.911320220598952,43.67053341694071,52.14222391382102
1186.0,8,2.115491431521245,1.8558585028581767,1.2416012663289218,1.3793611122840206,33.875,11.054974299422064,39.59316881413008,38.731150920968
1187.0,7,2.916929602984907,2.461746150820267,1.8326239345161617,1.643679903666436,36.07142857142857,13.9014744482503,43.669574755787075,36.56812680039106
1188.0,7,2.916771699019656,2.461622625516339,1.8326026252184668,1.6435186547454632,36.171428571428564,13.89655182207978,43.66909647687977,34.34490582926672
1189.0,7,2.9166136333144634,2.4614989838774033,1.8325813366810266,1.6433572016083025,36.228571428571435,13.891642872690204,43.668619836582785,38.89169674699808
1190.0,7,2.916455439842018,2.4613752513342453,1.832560080291887,1.6431955696146794,35.24285714285714,13.886725053925185,43.668139726021295,44.42852611292884
1191.0,7,2.9162971328004588,2.4612514386431066,1.8325388631719421,1.6430337669041521,35.84285714285714,13.88180815837065,43.667659059629806,34.41897369112946
1192.0,7,2.916138707791898,2.461127542815176,1.8325176895086328,1.6428717842976692,34.54285714285714,13.876894746267498,43.667181227173096,32.11820867473478
1193.0,7,2.9159801604921487,2.4610035605212883,1.8324965556373198,1.642709620862987,34.14285714285714,13.8719766362441,43.66669500739251,52.882214049680485
1194.0,7,2.9158214866333285,2.460879488254728,1.8324754536149144,1.6425472801754188,35.285714285714285,13.867064231353744,43.666215977027434,32.87412893239918
1195.0,7,2.9156626857466166,2.460755325777228,1.8324543851529396,1.6423847599374375,35.05714285714286,13.862146466926896,43.6657339532876,39.33933244101389
1196.0,8,2.1152873319407233,1.8556367284849082,1.2415551068415236,1.3791042690014073,32.6,11.11037423774366,39.59589218499221,37.39637243851589
1197.0,8,2.1152663243592564,1.8556140738335198,1.2415506923456936,1.3790777604417237,33.087500000000006,11.115906452317027,39.596156855089504,34.95896303862355
1198.0,8,2.1152452111930073,1.8555913350438695,1.2415463149330177,1.3790511051321246,34.087500000000006,11.121450409340408,39.59642616529129,44.20807396760269
1199.0,8,2.1152239912049384,1.8555685111879245,1.2415419747878305,1.3790243016539285,33.325,11.126987735275318,39.59669577931692,50.44363685852205
1200.0,8,2.115202662594583,1.8555456007249835,1.2415376716050999,1.3789973482045665,33.55,11.132535682351758,39.59696657745823,26.455756411563684
1201.0,7,2.91470732193134,2.4600085427810945,1.8323287914610724,1.641405870142656,34.17142857142857,13.832667477213128,43.66282553971975,28.694307723921263
1202.0,7,2.914547665535888,2.4598837757042653,1.8323079937181965,1.6412420924804085,35.18571428571429,13.827745326743422,43.66232942859374,34.165792400174105
1203.0,7,2.914387884140823,2.459758920146911,1.8322872318754324,1.6410781349919215,34.8,13.8228380242807,43.661848803632815,42.01978264484232
1204.0,7,2.914227977670725,2.4596339759092856,1.8322665027318488,1.6409140009196461,35.357142857142854,13.817930447014204,43.661363491046465,38.99523418394667
1205.0,7,2.9140679530430296,2.459508948130764,1.8322458075902233,1.6407496964812602,35.44285714285714,13.813021753544891,43.66087253474446,33.0379193577747
1206.0,7,2.9139078149675166,2.4593838404793256,1.8322251506291263,1.640585222477916,35.028571428571425,13.808103194257992,43.6603823862136,35.30271549474912
1207.0,7,2.9137475612843287,2.4592586513595296,1.8322045311927833,1.6404205772189413,35.228571428571435,13.803194441184893,43.659890919811176,34.091397957390605
1208.0,7,2.9135871861565876,2.459133376401056,1.8321839468757777,1.6402557568075644,35.58571428571428,13.79827730733436,43.659395886713604,28.56992703962509
1209.0,7,2.9134266817932453,2.459008010013867,1.832163399442609,1.6400907508596165,35.55714285714286,13.793373018426625,43.658906153651216,38.22442643665143
1210.0,7,2.913266051148606,2.458882554580246,1.8321428930166546,1.6399255583067305,36.75714285714285,13.788458290755411,43.658412829602334,31.09025390906704
1211.0,7,2.9131053095839063,2.458757021472339,1.8321224301678696,1.6397601932951373,35.057142857142864,13.783548653276943,43.65791800982947,30.063329008863924
1212.0,7,2.9129444603155,2.4586314130353584,1.8321020104344803,1.6395946598248536,35.042857142857144,13.77864664230484,43.65742813027266,38.74591307023144
1213.0,7,2.9127835058021923,2.4585057310400504,1.8320816330088179,1.639428961421786,35.300000000000004,13.773730829466496,43.656932542428784,38.36885396386689
1214.0,7,2.912622462910589,2.4583799880930925,1.8320613031393498,1.6392631110947204,35.199999999999996,13.768810427864755,43.65642889468963,37.69313255677362
1215.0,7,2.9124613705129963,2.4582542134434724,1.8320410373287404,1.6390971342345817,35.17142857142857,13.763885020663976,43.65593095801342,25.11223622169561
1216.0,7,2.9123002634756654,2.458128433352548,1.8320208509739067,1.638931052989446,35.82857142857143,13.758954295133272,43.65543023365374,49.459882223195066
1217.0,7,2.9121391433443136,2.4580026488216657,1.8320007412630104,1.638764871977095,36.957142857142856,13.754012921444836,43.654922021676875,34.96166471664155
1218.0,7,2.911977996682154,2.4578768497605172,1.8319807025815793,1.63859858231276,36.41428571428571,13.74906561213338,43.65440940634761,27.43148023480181
1219.0,7,2.911816803707263,2.457751021450122,1.8319607294158609,1.6384321680549443,37.1,13.744111842622011,43.65389796578841,41.8526489246961
1220.0,7,2.9116555707199985,2.457625168635263,1.8319408243599389,1.6382656333918904,36.07142857142857,13.739138377594504,43.65337587442078,48.381112558611
1221.0,7,2.911494323220565,2.4574993105661918,1.8319209995260515,1.638098993629134,37.142857142857146,13.734172122086536,43.652857817183204,38.654955815160655
1222.0,7,2.9113330657317205,2.4573734510930425,1.8319012656525144,1.637932242505057,35.885714285714286,13.72919453857961,43.652337156517014,39.9233899263519
1223.0,7,2.911171781296486,2.4572475778387073,1.8318816228670582,1.6377653612761955,36.471428571428575,13.724185276596176,43.65180018725563,34.44767826383967
1224.0,8,2.114660629349849,1.854971677663852,1.2414453416986424,1.3783081616640693,34.800000000000004,11.26582680071707,39.603090673114025,48.395942314642745
1225.0,7,2.9108490977047072,2.456995763765071,1.8318425802624034,1.6374312029203193,35.75714285714286,13.7141792968026,43.65073812083607,36.5058067101186
1226.0,7,2.9106876790999134,2.456869808178252,1.8318231687961686,1.6372639165997047,36.228571428571435,13.709158985819322,43.65020109363625,36.42644495682124
1227.0,7,2.910526180638916,2.4567437984916314,1.8318038141612514,1.6370964778690906,35.75714285714286,13.704136459256953,43.64966064009947,40.69088058788513
1228.0,7,2.91036457696344,2.4566177154356454,1.8317845011440141,1.6369288748020867,36.44285714285714,13.699116488808848,43.64912376988728,36.43370235205031
1229.0,7,2.9102028583356607,2.4564915516223453,1.8317652239152602,1.63676110280231,35.81428571428571,13.694086667941235,43.648578518695125,48.59362064600111
1230.0,7,2.910041031798775,2.4563653123603872,1.8317459854160825,1.6365931665137208,35.6,13.689065539771375,43.64803874840169,41.46630094097587
1231.0,6,5.5812796423465745,4.53073514291265,2.804173421334972,3.5586756466840614,36.88333333333333,26.67627392936096,48.64141124840402,32.68410725040852
1232.0,7,2.90971706657859,2.456112616268993,1.8317076296303583,1.6362568084960412,36.75714285714286,13.679022276536932,43.6469534843316,40.51733284395865
1233.0,7,2.90955491155458,2.4559861471075375,1.8316885037446045,1.6360883778188697,36.17142857142857,13.673997755805628,43.64640681691872,45.71625345163184
1234.0,7,2.9093926500011023,2.4558596035424904,1.8316694159856066,1.6359197849695517,36.01428571428572,13.668979914468236,43.6458645944611,35.866123195450484
1235.0,7,2.909230286368633,2.4557329889857074,1.831650369226465,1.6357510318215398,36.94285714285714,13.66395968142324,43.64532186642935,41.24781871389793
1236.0,7,2.909067815524802,2.455606299600495,1.8316313613941273,1.6355821149043948,35.98571428571429,13.65893964385572,43.6447761648901,48.44921987677693
1237.0,8,2.1143454249375857,1.8546436169679024,1.2414043047032528,1.3779035881454178,35.7875,11.33897430599738,39.6060688577447,41.917037637932594
1238.0,7,2.9087425284641504,2.455352678525068,1.8315934515201184,1.6352437751873106,34.971428571428575,13.648888370053845,43.643677921854035,40.55654588235411
1239.0,7,2.9085797127913926,2.4552257474701107,1.8315745535829695,1.635074348678833,36.87142857142857,13.64388477275337,43.643135797370455,47.18830037503109
1240.0,7,2.9084167877999154,2.4550987402720597,1.8315556977651635,1.63490475272091,37.285714285714285,13.638860592362072,43.642581684657365,46.46911321904601
1241.0,7,2.9082537339468373,2.4549716421727372,1.8315368739570874,1.6347349764435233,36.82857142857142,13.633834987310513,43.64202890869168,45.02073163028307
1242.0,7,2.9080905224377975,2.4548444313815874,1.8315180664816315,1.6345650046530957,36.81428571428571,13.628821806009912,43.64148070983504,51.13352330012624
1243.0,7,2.907927155040232,2.454717109345634,1.8314992781008017,1.6343948363937113,36.05714285714286,13.62382527011952,43.64093731447086,56.14262885360145
1244.0,7,2.9077636412050003,2.4545896832667777,1.8314805144542294,1.6342244761274904,35.81428571428571,13.618818478836763,43.64038514994453,41.38484248631693
1245.0,7,2.9075999681024,2.4544621434519303,1.8314617686265373,1.634053917010696,37.27142857142858,13.613826251652691,43.63984191830548,41.22673118157591
1246.0,7,2.907436127963912,2.4543344841391077,1.8314430384489027,1.6338831527840147,37.31428571428571,13.608839266900976,43.639297540003376,40.68573322530234
1247.0,7,2.9072721306890523,2.4542067128113745,1.8314243286039,1.63371218940368,38.27142857142858,13.60385836280544,43.63875285685668,44.06472078947307
1248.0,7,2.907107984118013,2.4540788353792227,1.831405642402029,1.6335410320020285,38.371428571428574,13.598871188580778,43.63820678281684,47.82314356661782
1249.0,7,2.9069436787077785,2.4539508447803495,1.8313869776088079,1.6333696724388718,38.87142857142857,13.59389776202666,43.637661818765196,46.865637563595705
1250.0,7,2.9067792063899507,2.453822734970794,1.8313683307385695,1.6331981055056897,38.07142857142857,13.588923677184312,43.63711957659433,49.91220527538758
1251.0,7,2.9066145698147703,2.453694508043038,1.8313497045767704,1.6330263311861024,38.371428571428574,13.583967979967074,43.63657832396366,50.99293933014882
1252.0,7,2.9064497703962586,2.453566165025361,1.8313310985974254,1.6328543515779974,37.8,13.579014956816154,43.6360413433227,44.59735237016498
1253.0,7,2.9062848173787645,2.453437712999973,1.8313125191084394,1.632682170211716,37.5,13.574061144912898,43.635497746081576,65.04130246187586
1254.0,7,2.906119710145188,2.4533091517280083,1.831293970064073,1.6325097822553367,38.91428571428572,13.56910514162701,43.634956568246636,42.79332603776195
1255.0,7,2.9059544428165553,2.4531804769298025,1.8312754513378635,1.6323371813803782,36.75714285714286,13.564163788186828,43.6344195202732,43.82911323918457
1256.0,7,2.9057890107796163,2.4530516852972535,1.8312569638007867,1.6321643615980654,35.214285714285715,13.559224347760606,43.63388407512461,51.88243838464619
1257.0,7,2.905623424813536,2.4529227848590622,1.8312385102167932,1.631991331833511,33.357142857142854,13.554276254415765,43.6333372333313,46.82813077950309
1258.0,7,2.905457693913266,2.4527937822417822,1.8312200913395453,1.6318181011615036,33.57142857142858,13.54935018472403,43.632806727363864,77.70976729105136
1259.0,8,2.1137688335907434,1.8540539113011159,1.241348642328047,1.377159923248306,32.7875,11.461939432241172,39.610981709535764,39.582074921679386
1260.0,8,2.1137411819724616,1.8540259605234308,1.2413465439055382,1.3771241847519078,34.1,11.467501076237806,39.61121111201402,52.59712592687458
1261.0,8,2.11371341033122,1.8539979149078623,1.2413444843304513,1.3770882831921367,32.825,11.473050371376294,39.611434907826094,63.90599675117734
1262.0,8,2.113685524791449,1.8539697794216978,1.2413424639120592,1.3770522249710346,34.325,11.478601489327676,39.61166005476142,51.82562632724416
1263.0,8,2.1136575299831484,1.8539415576087113,1.2413404822159224,1.3770160152447595,33.65,11.484153279683468,39.61188506868488,60.26048487540292
1264.0,8,2.1136294242823817,1.8539132483663925,1.2413385398207062,1.3769796520007935,34.275000000000006,11.489703538139292,39.61210505200954,52.877654592083125
1265.0,7,2.260941345191756,1.9977358273354164,1.3714864605165606,1.4525747224977024,34.44285714285714,11.495258642293788,35.94050680725983,55.5598183594192
1266.0,8,2.1135729051079517,1.8538563858551846,1.2413347681612636,1.376906493822318,34.0375,11.500817222334476,39.61255642378667,63.898796097472655
1267.0,8,2.1135445002893087,1.8538278390758582,1.241332937692188,1.3768697086991015,35.475,11.506379190584717,39.61277830463647,64.31164513110332
1268.0,8,2.1135160023988884,1.8537992182200644,1.2413311440198609,1.3768327902689077,36.1875,11.511941417410936,39.61299950257822,64.43443395973415
1269.0,8,2.11348741667432,1.8537705277531256,1.241329388116601,1.376795743661407,36.212500000000006,11.517497753668165,39.613211617563486,57.25042531261542
1270.0,8,2.1134587453285647,1.8537417697843788,1.2413276710935925,1.3767585707089962,37.087500000000006,11.52308589314529,39.613436062147564,60.71586248641288
1271.0,8,2.1134299834341843,1.8537129401521477,1.2413259921726307,1.3767212665039184,37.325,11.528654603288649,39.61365206362376,49.792543177275256
1272.0,8,2.1134011305471043,1.8536840382099486,1.2413243504167055,1.3766838310145457,37.199999999999996,11.53422559563197,39.61386603900226,58.9439233332643
1273.0,8,2.1133721907946095,1.8536550671292558,1.2413227455078868,1.3766462687919243,37.6625,11.539813155342555,39.61408256774657,63.52873093516496
1274.0,8,2.1133431681765673,1.8536260295996287,1.2413211759360332,1.376608584813442,37.825,11.545407107979225,39.61429944560937,56.57704288214914
1275.0,8,2.113314062770302,1.8535969253580578,1.241319640674213,1.3765707796453066,37.8,11.550995727271014,39.614508780330645,56.29576384170587
1276.0,8,2.1132848752321283,1.853567755087745,1.2413181402407085,1.3765328537344725,37.262499999999996,11.556591426855952,39.61471855481794,60.36415351497893
1277.0,8,2.1132556041904746,1.8535385178925567,1.241316675242412,1.376494805321277,37.0875,11.56219001196152,39.61492379766048,67.36578871223422
1278.0,8,2.113226246662711,1.8535092114538505,1.241315245831202,1.3764566311407334,36.412499999999994,11.56778449546805,39.615131423672835,56.18373853525512
1279.0,8,2.1131968016711933,1.8534798355761861,1.2413138538300628,1.3764183292796863,37.150000000000006,11.573379866873902,39.615338465797265,64.51306943347863
1280.0,8,2.1131672700244293,1.8534503912057179,1.2413125002239058,1.3763799001178796,37.150000000000006,11.57898877364002,39.615539733271696,58.39486139238965
1281.0,8,2.1131376511264857,1.8534208780391577,1.2413111855460879,1.3763413427597124,36.387499999999996,11.584601106272762,39.61574359206017,57.01058859522285
1282.0,8,2.113107941655457,1.8533912932909373,1.2413099093133797,1.3763026538836078,36.7,11.59021313997056,39.6159447591796,60.694084006133046
1283.0,8,2.1130781407373167,1.8533616364743188,1.2413086721830058,1.376263832234949,36.6625,11.595833872484638,39.6161410243533,56.80914911389697
1284.0,8,2.1130482483602657,1.8533319079538235,1.2413074753412439,1.3762248772281758,35.65,11.60145093518433,39.61633771140461,62.67993200365736
1285.0,8,2.113018260563711,1.853302104604592,1.2413063188311357,1.3761857846096601,35.837500000000006,11.607089748038446,39.61653927745603,59.52374089849465
1286.0,8,2.1129881703384887,1.8532722206042151,1.241305201785864,1.3761465473134153,35.849999999999994,11.61272259093569,39.61673369831325,61.402565926460575
1287.0,8,2.1129579754097416,1.853242253939962,1.241304123527366,1.3761071632334554,36.325,11.618362102591671,39.61693367793448,59.406973664457645
1288.0,8,2.1129276761421556,1.853212204821718,1.2413030837942107,1.3760676328811585,37.45,11.623994901088386,39.61712459453931,61.01094121690644
1289.0,8,2.1128972733926337,1.853182073539743,1.241302081339083,1.3760279577655108,37.0,11.629625586679923,39.6173150662543,62.2656522137374
1290.0,8,2.1128667676390527,1.8531518602581645,1.2413011154691018,1.3759881387255701,37.1,11.635268299982812,39.61751363061879,61.87108265398562
1291.0,8,2.112836157843192,1.853121563938665,1.2413001854839474,1.375948174987707,36.7375,11.640909498337344,39.61770471883648,64.80322498517538
1292.0,8,2.112805442547501,1.8530911833853834,1.2412992912281322,1.3759080650745446,36.712500000000006,11.646540331031431,39.61789424849263,61.87420288658187
1293.0,8,2.1127746238274727,1.8530607202186324,1.2412984326209333,1.3758678112340632,35.900000000000006,11.652179214478972,39.61808900864717,59.59036312346291
1294.0,8,2.112743703118079,1.8530301757169296,1.2412976101062054,1.3758274147806977,37.2875,11.657812754663931,39.618276386585656,64.53802380514624
1295.0,8,2.11271268173523,1.852999550875196,1.2412968235224753,1.3757868771930815,37.4375,11.663447130025386,39.61846909545236,60.56630058221452
1296.0,8,2.112681558949898,1.8529688451426387,1.2412960729420892,1.3757461976570358,36.537499999999994,11.66907319068114,39.618653499339445,60.72216461129463
1297.0,8,2.112650333738086,1.8529380577724526,1.2412953585545647,1.3757053749885706,35.95,11.674707051457458,39.61884319748468,65.43314826657137
1298.0,8,2.1126190030200043,1.8529071864182851,1.2412946806288478,1.3756644057774599,35.775,11.680332099631936,39.61902556465424,62.33918985794303
1299.0,8,2.1125875649024213,1.8528762298027333,1.2412940398566534,1.3756232876715704,37.0625,11.685974017946911,39.619219038199034,66.25954554948099
1300.0,8,2.112556015842096,1.8528451854758545,1.2412934373488582,1.375582016360969,37.2125,11.69161111931438,39.619406023875285,59.62124271493716
1301.0,8,2.112524356625545,1.8528140537650892,1.2412928721434786,1.375540593147006,37.1125,11.697236795339586,39.619590002785586,64.53855565681368
1302.0,8,2.112492590475416,1.852782837003993,1.2412923435356649,1.3754990218012888,37.2375,11.702865582807348,39.6197741750471,64.76681777791534
1303.0,8,2.112460719908944,1.8527515372675842,1.241291851790772,1.3754573048718135,36.875,11.708500331716388,39.61996056032872,65.51262971013352
1304.0,8,2.1124287463444054,1.852720155819958,1.24129139734972,1.3754154436558828,36.900000000000006,11.71413039269863,39.62014706016223,58.17299656069509
1305.0,8,2.1123966723751404,1.852688694705632,1.2412909801877878,1.375373440922319,37.8875,11.719765882525651,39.62033522120559,63.40881964704014
1306.0,8,2.1123644995429087,1.8526571551499844,1.2412906003206334,1.375331298300186,36.675,11.72540189014228,39.62051818589349,61.32953288392719
1307.0,8,2.1123322270457616,1.8526255366347473,1.241290258105552,1.37528901476142,37.150000000000006,11.731027436604814,39.62069654701529,66.86339941369206
1308.0,8,2.1122998533474555,1.8525938380361961,1.2412899538305806,1.3752465885247485,36.6125,11.736670246917038,39.62088141493413,57.949368761546936
1309.0,8,2.112267376393487,1.8525620574834696,1.241289686678829,1.3752040177995992,37.3125,11.742304726603622,39.621058688011615,66.89655850098579
1310.0,8,2.112234794210038,1.8525301934022251,1.241289456590241,1.3751613005116123,36.9875,11.747942776004065,39.62123887035547,70.36554249679826
1311.0,8,2.1122021051044815,1.8524982444036318,1.241289263386337,1.3751184349430932,36.2,11.753578747445555,39.6214206676294,59.42599929136237
1312.0,8,2.112169309602535,1.8524662109245889,1.2412891071169911,1.3750754216296668,35.9875,11.7592203167874,39.62159862688165,58.85562597374305
1313.0,8,2.112136407488772,1.852434093113914,1.241288988793732,1.3750322598507292,37.1,11.76486293127387,39.62178058488116,63.3930627420856
1314.0,8,2.1121033983997286,1.8524018912275455,1.241288910158641,1.3749889483703355,37.475,11.770492194948066,39.62195668629161,63.5634661632736
1315.0,8,2.1120702789295533,1.8523696031107768,1.241288872925448,1.3749454827302237,37.9875,11.776137489892642,39.622138833829084,64.31202783624852
1316.0,8,2.112037049829291,1.8523372294297007,1.2412888773164295,1.3749018636185704,36.575,11.78178131984684,39.62231336314295,70.97011108258587
1317.0,8,2.1120037067838875,1.852304766501114,1.241288922424937,1.37485808688311,37.425,11.78742566127072,39.622491092132016,64.99433385989317
1318.0,8,2.111970250998724,1.8522722154114957,1.2412890086695292,1.374814153600998,36.325,11.793075281820864,39.6226718087366,60.49113424250014
1319.0,8,2.111936685662766,1.8522395789221648,1.2412891368314605,1.3747700667784293,36.825,11.798728261417024,39.622846096522466,73.33298262407182
1320.0,7,2.8950195358771413,2.444686425781364,1.8301843980764991,1.6207766007186255,37.74285714285715,13.239857377031782,43.59711542570848,50.69117525986342
1321.0,8,2.111869199933246,1.8521740286927275,1.2412895181471466,1.374681404799626,36.5125,11.81002885664812,39.623192330438975,76.10572318038973
1322.0,8,2.111835251898747,1.8521410927473987,1.2412897699514276,1.3746368009250516,36.287499999999994,11.815694736994516,39.62337604732171,66.80636050888201
1323.0,8,2.111801153281398,1.85210803856824,1.2412900620555178,1.37459200069377,36.425,11.82133349197158,39.623551137667306,73.36739624625393
1324.0,8,2.1117669150174607,1.8520748751503127,1.2412903956174735,1.374547015169311,35.462500000000006,11.826976874347922,39.62373726937443,66.01325133758148
1325.0,7,2.8941621895971017,2.444022130203178,1.8301097355763725,1.6198587989918933,37.88571428571429,13.214786039445638,43.594103202683996,61.91913122120037
1326.0,7,2.8939902546776852,2.4438889463655467,1.8300949229748031,1.6196745830782031,27.814285714285713,13.209782396311752,43.593506527942104,80.84688134874501
1327.0,7,2.8938181461728663,2.4437556404935696,1.8300801409467846,1.6194901383325349,37.61428571428571,13.204789521371143,43.592905800327856,64.65980108786731
1328.0,7,2.893645892160991,2.443622233386503,1.8300653956054587,1.619305489186113,38.74285714285714,13.199802617035438,43.59231190786779,59.99571365175981
1329.0,7,2.8934735321667455,2.4434887545036785,1.8300506996829577,1.6191206656626476,38.75714285714285,13.194809738853488,43.59171513629167,56.650229118470286
1330.0,7,2.893301080548509,2.443355214768896,1.8300360622880585,1.6189356739115899,38.57142857142857,13.189829707951112,43.59112223396665,59.69863296338138
1331.0,7,2.8931285436410445,2.4432216189438587,1.830021486023241,1.6187505181367319,37.785714285714285,13.18483204266262,43.59052149621617,69.78825825818853
1332.0,8,2.1114883416124064,1.8518059124240438,1.241294531534649,1.3741808553719637,36.462500000000006,11.872069469635894,39.625193436885596,77.0337965659725
1333.0,7,2.892783247187022,2.4429542839502636,1.8299925299533397,1.618379737201971,38.9,13.174848980897934,43.589325009818104,59.39154606236343
1334.0,7,2.8926104956098255,2.4428205508047727,1.8299781538787658,1.618194116835368,38.528571428571425,13.169851398397176,43.58872175490361,69.69982634151027
1335.0,7,2.8924376827995286,2.4426867795239593,1.8299638460990706,1.618008351286058,38.58571428571429,13.164852759351064,43.5881201773145,69.30810956171818
1336.0,7,2.8922648189830196,2.4425529776703705,1.8299496084191873,1.617822449891476,37.857142857142854,13.159842168121235,43.587513896999745,72.2412042790743
1337.0,7,2.89209190096676,2.4424191428217363,1.8299354385250715,1.6176364115746527,37.92857142857143,13.15483662981947,43.58691070163922,67.86610156243417
1338.0,7,2.8919189151234197,2.4422852651184286,1.8299213378610177,1.6174502197766507,37.0,13.149828314780512,43.586304279747345,65.61307976084382
1339.0,7,2.8917458462857746,2.4421513338632144,1.8299073139687059,1.6172638497702574,37.17142857142857,13.144822486597088,43.58569959811682,68.04476036306468
1340.0,7,2.8915726852801327,2.4420173431649466,1.829893383699095,1.6170772735440506,37.214285714285715,13.139798251902436,43.585091029069574,69.05918500291556
1341.0,7,2.8913994498524107,2.441883306430636,1.8298795566048378,1.6168905004805663,37.42857142857143,13.134772690002643,43.58448061624137,67.21959757417497
1342.0,8,2.111130398699428,1.8514621073408686,1.2413033802660276,1.3737095228101257,35.974999999999994,11.928662333215163,39.62696903331667,76.95469192985944
1343.0,7,2.891052749291071,2.44161508743931,1.8298521523950864,1.6165164198319606,38.12857142857143,13.124710981311884,43.58326166745281,69.987581717239
1344.0,7,2.890879277905041,2.4414809010377603,1.8298385835769948,1.6163290964977064,38.728571428571435,13.119669518569523,43.582651716934116,68.63640052026035
1345.0,7,2.890705754785656,2.4413466855094876,1.8298251243609658,1.6161415943863138,38.628571428571426,13.114629822391365,43.58204130625178,73.20124754066174
1346.0,7,2.8905322175661565,2.4412124684133394,1.8298117767289401,1.6159539528343094,37.285714285714285,13.1095633104395,43.581418804183606,67.66261676797812
1347.0,6,5.566472014512661,4.519523019268171,2.774423120117498,3.567725419963309,38.199999999999996,25.991609506702364,48.66018266942799,66.06835163067515
1348.0,8,2.110910213193353,1.851251679254279,1.2413109497863912,1.3734190569095053,33.6625,11.962991028999133,39.62803074594686,89.05500297224471
1349.0,6,5.565939393172629,4.5191135351259994,2.773817612331083,3.567677535439673,37.51666666666666,25.979946075769814,48.66042785020608,76.84995665777772
1350.0,7,2.889838651462949,2.4406761259773555,1.8297597913550527,1.6152024819991286,34.92857142857143,13.089173399479751,43.57891955571519,69.57965374816665
1351.0,7,2.8896653912041184,2.44054216213333,1.8297471628988364,1.6150143544297333,35.7,13.084035377651428,43.57827678991974,69.94839602599338
1352.0,8,2.1107618407801376,1.8511102196761937,1.2413170071925046,1.3732228999853917,34.5375,11.986218225557272,39.62870692678164,61.45437447268991
1353.0,8,2.110724508791331,1.8510746787671566,1.2413186583286948,1.3731734977263361,34.2625,11.992065023437664,39.628871816439606,110.4410343984889
1354.0,8,2.1106870605925967,1.8510390513730544,1.2413203647801103,1.3731239280160514,34.2875,11.99792438176894,39.62903523630603,83.27919780811202
1355.0,8,2.110649495556834,1.851003336440535,1.241322124664629,1.3730741911244573,34.875,12.003823704998965,39.62921794914527,88.51905527583862
1356.0,8,2.1106118224938757,1.8509675397484542,1.2413239342140612,1.3730242982372056,33.7875,12.00968465432019,39.62936463025628,85.36361052410335
1357.0,6,5.563718220168033,4.517405239528044,2.7713704810300883,3.567415837127833,38.949999999999996,25.933023810779886,48.661300968329215,50.71670937247954
1358.0,6,5.563429807495705,4.517183347494573,2.7710614500000488,3.5673749221529687,39.21666666666667,25.927196361065093,48.661414103221,58.14893442183583
1359.0,8,2.1104980687544166,1.8508595842251248,1.2413296376008185,1.3728736035527165,34.287499999999994,12.02736663640956,39.629870539947305,56.39284647221817
1360.0,8,2.110459873518401,1.850823384401312,1.2413316280733186,1.372823000022789,33.525,12.0332658404648,39.630039676473615,81.98108715479685
1361.0,8,2.1104215453371227,1.8507870814201548,1.2413336621101974,1.3727722171080756,32.175,12.039172763425272,39.63020309388952,95.11162399869528
1362.0,7,3.582439664285962,3.010271071924375,1.6535677510431592,2.5154414362443007,34.84285714285714,12.045067855073809,43.43087368499657,71.26697636437196
1363.0,8,2.110344602109908,1.8507142531298668,1.2413378580729664,1.3726702331051188,34.625,12.05097041929996,39.63054636177331,66.46273500610468
1364.0,8,2.1103059899314256,1.8506777320508245,1.2413400265625156,1.3726190317646616,34.225,12.056888882593643,39.6307063711534,72.88519840546347
1365.0,8,2.1102672726679965,1.8506411315404818,1.2413422446941311,1.3725676774888629,35.05,12.062813984380483,39.63086500310311,76.86363047136216
1366.0,8,2.110228439585053,1.8506044435207714,1.2413445136311962,1.3725161583225722,36.25,12.068760278786163,39.63102839318651,75.07960932362273
1367.0,8,2.1101894877490617,1.8505676655431231,1.2413468328907258,1.372464471389292,35.5875,12.074697882985769,39.631198149374164,74.44559080342123
1368.0,8,2.110150426404012,1.8505308037930388,1.2413491988976593,1.3724126282510847,34.575,12.080639525126434,39.63135570048657,77.61179828772265
1369.0,8,2.11011126427031,1.8504938640275312,1.2413516080269575,1.3723606399385075,35.900000000000006,12.086615236447305,39.631519451325914,79.36032918216726
1370.0,8,2.110071996176931,1.85045684134473,1.241354057458336,1.3723085023824786,35.137499999999996,12.092576092332644,39.63168772799194,80.45628848244012
1371.0,8,2.1100326199162205,1.8504197330024597,1.2413565438194423,1.3722562149254574,36.175,12.098529320324976,39.63184455383398,78.97019877543251
1372.0,8,2.109993144230625,1.8503825455844198,1.2413590661597225,1.3722037872949264,36.125,12.1045000230828,39.632011088523406,81.7453121795333
1373.0,8,2.1099535768588815,1.8503452853405284,1.2413616250626862,1.372151227381169,34.6625,12.110471037468884,39.6321747204266,80.41691450795969
1374.0,8,2.1099139212049476,1.850307955417581,1.2413642220987646,1.3720985379974417,36.65,12.11644238731448,39.63233545908862,79.82545188308394
1375.0,8,2.109874177505997,1.850270556188873,1.2413668578969121,1.3720457190686575,37.875,12.122413040513136,39.63249769401626,75.52439631933424
1376.0,8,2.1098343345333124,1.8502330790884118,1.2413695332595125,1.3719927583074356,36.7875,12.128387819224788,39.63265037393171,79.47357002648083
1377.0,8,2.109794382012885,1.8501955169111302,1.2413722510280165,1.3719396434157296,37.05,12.134363053559984,39.6328117193793,79.77466272958854
1378.0,8,2.1097543192828234,1.8501578695178875,1.2413750124587655,1.3718863730579032,36.775000000000006,12.140346134706284,39.63296972207453,76.9822339302868
1379.0,8,2.1097141537833854,1.850120142555032,1.2413778169094294,1.3718329554187825,37.4375,12.146319659484847,39.6331219658888,82.17074782021892
1380.0,8,2.1096738911481365,1.8500823402336173,1.2413806636849662,1.3717793967957714,37.275,12.15230920493985,39.63328422737035,74.7554208497563
1381.0,8,2.1096335341700283,1.8500444645296321,1.2413835520608527,1.3717257004990147,36.5625,12.158305661909417,39.633434065486206,76.77455918169248
1382.0,8,2.109593089495925,1.850006519995568,1.2413864798232592,1.3716718746617678,36.650000000000006,12.16430049967468,39.63358836909572,78.75136489097729
1383.0,8,2.109552562083948,1.8499685096245597,1.2413894439761055,1.3716179260228447,37.575,12.170302222651156,39.63373931486265,83.24179609392456
1384.0,8,2.1095119523846395,1.8499304335218707,1.2413924436812105,1.3715638554736012,36.9375,12.176311792733436,39.63389186876514,86.33545358081997
1385.0,8,2.1094712610474264,1.8498922925752272,1.2413954802072238,1.3715096630539307,36.775,12.182326587907207,39.63404084480914,76.83129217366664
1386.0,8,2.1094304917997033,1.8498540896583553,1.2413985533896168,1.3714553527796336,36.5625,12.188329118908683,39.63418858516515,78.32945022994343
1387.0,8,2.1093896510274677,1.8498158291548283,1.2414016611449463,1.3714009324403758,36.099999999999994,12.194334517392724,39.63433284773304,79.78654279523965
1388.0,8,2.1093487359555416,1.8497775087972625,1.2414048031587994,1.3713463992538386,36.1875,12.200345793137084,39.63447236245283,79.8528906503871
1389.0,8,2.1093077421570547,1.8497391252767472,1.2414079799696667,1.371291748260456,36.3875,12.2063618007743,39.634612530382185,77.35718879328857
1390.0,8,2.109266668186913,1.8497006773266762,1.2414111911147128,1.3712369781616578,37.0625,12.212379932918168,39.63475563151951,87.9670704482383
1391.0,8,2.109225515226697,1.8496621656952255,1.2414144359924089,1.3711820905022065,36.375,12.218390849333884,39.63489655097631,83.47764812710511
1392.0,8,2.1091842871661464,1.8496235930800387,1.2414177134214301,1.3711270899817494,36.8,12.224414380135029,39.635033413323285,88.87596640265456
1393.0,8,2.1091429821490193,1.8495849581879136,1.2414210239347507,1.3710719743645048,36.087500000000006,12.230429273256735,39.63516751520698,87.150973444138
1394.0,8,2.109101598921118,1.849546260041018,1.2414243675397236,1.3710167423158313,36.1375,12.23643416067946,39.63530896342546,88.99681170661998
1395.0,8,2.1090601400820015,1.8495075002826051,1.2414277429091063,1.3709613972454555,35.55,12.24244876814511,39.63543719100527,77.4354114137569
1396.0,8,2.1090186084631464,1.8494686807905103,1.2414311488893095,1.3709059427226797,34.575,12.248461150064276,39.63557103129339,86.18023451961804
1397.0,8,2.108977001279994,1.8494297998215454,1.2414345869454857,1.3708503750604781,34.3,12.254468292043434,39.6356990501779,79.37769241231753
1398.0,8,2.1089353151212027,1.8493908549425422,1.2414380578789177,1.3707946902417327,33.0375,12.260485615481317,39.63582391263504,105.15527938920788
1399.0,8,2.1088935489385428,1.8493518453021822,1.241441561567435,1.3707388872194424,33.2375,12.266494607565898,39.63594875611668,78.48080581657595
1400.0,8,2.1088517062921697,1.849312773021094,1.2414450957573273,1.3706829708867945,34.5,12.272506315999216,39.63607177186234,86.27477948706557
1401.0,8,2.108809787592084,1.8492736381330865,1.2414486594534497,1.3706269421820128,34.962500000000006,12.278498437546029,39.63618762939492,103.38883144919588
1402.0,8,2.1087677914773515,1.849234439793604,1.2414522534005192,1.3705707992823783,34.45,12.284508254432748,39.63631228497741,101.11642558517202
1403.0,8,2.108725716289284,1.8491951770470927,1.2414558787480146,1.3705145398485283,35.337500000000006,12.290512384140774,39.63642792958838,103.13805944087224
1404.0,8,2.108683565258781,1.8491558516619289,1.2414595328982272,1.3704581686106543,35.25,12.296509526957424,39.63655463631312,80.42647106666612
1405.0,8,2.108641339522291,1.8491164645263511,1.2414632158453822,1.3704016867638753,34.625,12.302503987136372,39.63666729291043,94.04345863124104
1406.0,8,2.1085990347278276,1.849077013230657,1.2414669309493722,1.3703450880041694,33.375,12.308507206580089,39.636781836423665,89.07569510146286
1407.0,8,2.108556645302594,1.8490374943224495,1.2414706812719938,1.3702883648897755,32.7625,12.31450189526995,39.63689495377729,128.38002855788957
1408.0,8,2.1085141630901445,1.8489979023233776,1.2414744698918179,1.3702315072290083,33.5375,12.320508232131404,39.637013793618166,101.84289762373147
1409.0,8,2.1084715854393674,1.8489582352485852,1.2414782970748501,1.370174512091687,34.1625,12.326509890965005,39.63712513038177,72.52363196112613
1410.0,8,2.1084289118081894,1.848918492310715,1.241482161557556,1.3701173795492507,33.375,12.33250153063616,39.637237564712706,114.81115753289436
1411.0,8,2.1083861411926708,1.8488786727345707,1.2414860633903988,1.3700601084989514,33.7,12.338510232275183,39.63735247823072,83.55248507859687
1412.0,8,2.1083432714735775,1.8488387750584794,1.2414900031933729,1.3700026963953964,33.85,12.34450077583735,39.637458394529375,115.71685055637508
1413.0,8,2.108300298701538,1.8487987963235013,1.2414939814019106,1.3699451388395303,33.9,12.350504904694509,39.637572979659346,92.86451643292352
1414.0,8,2.1082572172186387,1.848758732003385,1.2414979976312381,1.3698874300599995,34.125,12.356486792663924,39.637676285238925,111.27522448105108
1415.0,8,2.1082140249084818,1.8487185805499646,1.2415020522275613,1.3698295676416938,34.599999999999994,12.362492209223632,39.637782629323375,73.4534833961497
1416.0,7,2.878293399894009,2.4317704922536985,1.8290954504922408,1.6024723273693,35.51428571428571,12.74069671807166,43.5335244217917,98.75563425219346
1417.0,7,2.878116680245263,2.4316344894801434,1.8290873925335267,1.602275132711065,34.94285714285714,12.735382793500044,43.5327924776638,86.47809144313163
1418.0,7,2.877939857970037,2.431498419973021,1.8290794075983539,1.602077740632755,34.614285714285714,12.730050240129364,43.532061921466735,103.0699291561855
1419.0,8,2.1080400333709157,1.8485570261809356,1.2415186941734486,1.369596440949216,32.225,12.386479804194217,39.63822820124014,126.70532589513697
1420.0,8,2.1079962136241113,1.8485163897689416,1.2415229674176131,1.3695377193122378,32.9,12.392479631973934,39.6383343622238,125.54576662990635
1421.0,8,2.107952265226256,1.8484756543623118,1.241527285911224,1.3694788217084946,31.650000000000002,12.398466896831708,39.63843966597532,109.64066710624516
1422.0,7,3.6116642582259852,3.033501793273848,1.6536250684338085,2.5431589141937105,32.357142857142854,12.404477771904968,43.48566883882629,115.70349481694996
1423.0,7,2.171333983882534,1.9198210712885035,1.3441551463450108,1.3707515779008101,33.385714285714286,12.410505218969062,37.326570429309676,100.70466513010342
1424.0,8,2.107819686547217,1.8483528851212667,1.2415405158481774,1.3693011120434948,32.050000000000004,12.416531372340774,39.638776038114415,102.8677405510613
1425.0,8,2.107775260101983,1.8483117826379662,1.2415450163053348,1.3692415485683023,34.375,12.422547123836743,39.63889954869161,98.89749644701725
1426.0,8,2.107730720702182,1.848270593155838,1.2415495610044815,1.3691818261626951,34.4125,12.428573221619253,39.63901475526106,96.46655533586082
1427.0,8,2.1076860629591536,1.8482293129762934,1.2415541516706325,1.3691219382561357,35.95,12.434595929840492,39.639129873145436,99.83767766833358
1428.0,8,2.107641281463849,1.8481879384702176,1.2415587903236813,1.3690618781036852,35.325,12.44063022487934,39.639241285471286,105.47873595778528
1429.0,8,2.107596375614594,1.8481464688039169,1.2415634756864964,1.369001645723501,34.0125,12.4466523668589,39.63934715574601,100.69771323347818
1430.0,8,2.107551348996434,1.8481049065575632,1.2415682069875986,1.368941245284011,32.537499999999994,12.452715266433456,39.63947857824068,113.51568662285416
1431.0,8,2.107506203854897,1.8480632533047592,1.2415729835992477,1.3688806794647341,32.800000000000004,12.458757630087792,39.639601577410694,100.0603539703007
1432.0,8,2.107460935839485,1.848021505417225,1.2415778046816233,1.3688199441148232,34.1375,12.46481663786439,39.63972288138399,102.21196029042922
1433.0,8,2.1074155477851644,1.8479796647344837,1.2415826689319762,1.3687590428851695,34.4875,12.47086601897029,39.63983869058282,104.19914348701562
1434.0,8,2.1073700417173873,1.8479377332570641,1.2415875777722214,1.3686979771728183,36.375,12.476912571166164,39.639946462638314,99.43158044167556
1435.0,8,2.1073244151985446,1.8478957095183868,1.2415925326836688,1.3686367436396754,36.8375,12.482981128477084,39.6400649044933,106.02495086273186
1436.0,8,2.1072786659620366,1.847853591588577,1.241597533082667,1.3685753401949925,35.65,12.489040622555288,39.64018418569039,110.76278223156008
1437.0,8,2.1072327908388595,1.8478113771903706,1.2416025796142407,1.3685137631640527,36.3875,12.495109091360648,39.64030569527894,102.3734312134307
1438.0,7,3.6190603345534758,3.0393787260345975,1.653568996779424,2.550202465131265,38.214285714285715,12.501165900196655,43.499998441956215,101.3792950386584
1439.0,7,3.619516146503001,3.039740932993485,1.6535645572213475,2.5506370174561237,37.92857142857143,12.507247415984985,43.50089927055915,103.8973881676984
1440.0,8,2.107094402335672,1.8476841501444234,1.2416179993838503,1.3683279805298747,35.7,12.51330969668355,39.64066867596529,101.36898692724914
1441.0,8,2.107048018595991,1.8476415466368659,1.241623232672651,1.3682657026126854,34.2375,12.519401054952995,39.640797745294115,93.65557183772776
1442.0,7,3.620878918457243,3.0408238654228934,1.6535505866094267,2.5519365662275084,37.5,12.52546120291976,43.50360905327644,102.98875707442018
1443.0,7,3.621331606086737,3.0411836025107526,1.6535457184539013,2.552368363140997,36.67142857142857,12.53156073901047,43.504518261631816,94.76049634987945
1444.0,7,3.621783514383108,3.04154272294452,1.6535407427755198,2.5527994726335534,35.77142857142857,12.53764518363771,43.505423979415,107.1286560123168
1445.0,7,3.622234667878969,3.041901243691296,1.6535356569427502,2.5532299167112944,35.300000000000004,12.54373561633084,43.506334032202794,103.0225585673166
1446.0,7,3.622685103792299,3.0422591905305314,1.6535304554841836,2.553659729712193,34.94285714285714,12.549818297173578,43.50723678894519,103.05096307878657
1447.0,7,3.623134834474436,3.0426165717497202,1.6535251314068025,2.55408892611282,35.32857142857143,12.55590539425645,43.50814334211979,106.19165327246336
1448.0,7,3.6235838686468487,3.0429733931914758,1.653519680903573,2.5545175154098647,35.81428571428572,12.56199348867938,43.50904927054555,92.80476603896692
1449.0,7,3.6240322109550314,3.0433296578723557,1.6535141012066268,2.554945503058003,35.028571428571425,12.56808481390069,43.50995068089645,91.42036430337065
1450.0,7,3.62447986481395,3.04368536804086,1.653508392428345,2.5553728917312744,35.84285714285714,12.574168535197584,43.510857572270204,90.87554163628396
1451.0,8,2.10657755986102,1.8472103971493716,1.2416779374488833,1.3676337780961052,35.075,12.55400986123159,39.6420427135138,101.37783980327367
1452.0,8,2.1065299534856963,1.8471668419370115,1.2416836167645322,1.367569792665114,35.8125,12.548675140111577,39.6421631008065,92.60787324502826
1453.0,8,2.106482256087023,1.8471232149427732,1.2416893332273087,1.3675056749169445,35.112500000000004,12.543345021998553,39.642284235033465,110.08492401154476
1454.0,7,3.626263569724341,3.045102641624847,1.6534842461136368,2.5570764450607726,35.2,12.598505906949654,43.51446452938303,93.82124420403748
1455.0,6,4.560674899198058,3.758170069670599,2.328937089499104,2.949558323838225,36.23333333333334,12.60459586522778,46.54150381144831,94.23540244536233
1456.0,7,3.627151258765072,3.0458079230025827,1.6534713533736143,2.557924625042367,35.128571428571426,12.61067284873433,43.51625122522795,90.11711206537676
1457.0,7,3.6275940888993228,3.046159742493332,1.6534646895839131,2.5583478452091337,34.714285714285715,12.616767511086856,43.51714741697648,96.7823097996822
1458.0,7,3.628036252229693,3.046511020802352,1.653457876073754,2.5587704961406486,35.214285714285715,12.62284394180424,43.518032951062544,96.90299556960062
1459.0,7,3.6284777345069315,3.0468617478930664,1.6534509162568143,2.559192563740269,34.15714285714286,12.628950087294296,43.518934006407186,123.32053142484268
1460.0,7,3.628918527253127,3.047211917714682,1.6534438117404473,2.5596140398270224,33.74285714285714,12.635044322460036,43.519826272407315,107.20954906564656
1461.0,7,3.6293586119754924,3.0475615172781385,1.6534365669282778,2.560034906156371,34.18571428571429,12.641118777008115,43.520709191326304,94.82408870088123
1462.0,7,3.6297979694133327,3.047910533157713,1.6534291894847988,2.560455141863137,34.214285714285715,12.647230674760314,43.521605443228886,107.69572595178349
1463.0,7,3.630236600619308,3.0482589660091417,1.6534216817201066,2.5608747463070065,35.214285714285715,12.653311103241764,43.52248933894468,103.24133448983714
1464.0,7,3.6306745316169624,3.0486068338270664,1.6534140398996167,2.5612937433882745,36.48571428571429,12.659410379430264,43.52337602794556,102.96053814009952
1465.0,8,2.1059035220280173,1.846594635140329,1.241760723306906,1.366726765883128,35.900000000000006,12.479144132749491,39.64362434552133,103.28044794556712
1466.0,8,2.1058547209112644,1.8465501321846,1.2417669048368571,1.3666610204153977,35.6,12.473793345196944,39.6437295673025,105.60963598920009
1467.0,8,2.1058058220916775,1.8465055515241982,1.2417731207384157,1.3665951369814173,35.4,12.468453637200106,39.64383727349819,105.9728259499267
1468.0,8,2.1057568250521608,1.846460892998383,1.2417793718384493,1.3665291145997924,35.5375,12.463113484795864,39.643945960401936,103.4672459287178
1469.0,8,2.105707729477092,1.846416156864165,1.2417856598782437,1.3664629520224059,36.275,12.457752645684822,39.64404540765484,108.64597989534066
1470.0,8,2.1056585347490175,1.8463713433016524,1.2417919871519565,1.366396647394432,35.9375,12.452421418702531,39.64415624017035,93.19578748504932
1471.0,7,3.6337205332631783,3.051026139885991,1.653356837121088,2.56420975651614,35.800000000000004,12.702034657264056,43.529572786514095,108.35256393341166
1472.0,7,3.6341527295568925,3.0513693890009215,1.6533481343978584,2.5646237725278493,36.65714285714286,12.70811224377431,43.53045040128311,103.67268697004614
1473.0,7,3.634584164464717,3.0517120286593995,1.6533392935072233,2.565037131584941,35.98571428571429,12.714205976224251,43.531335326590636,98.89174772651974
1474.0,7,3.63501484647191,3.0520540646004783,1.653330312261636,2.5654498419967484,36.214285714285715,12.720317444021727,43.53222243250656,95.24860770730136
1475.0,7,3.6354447855829912,3.052395503632045,1.6533211885069146,2.565861913320202,34.84285714285714,12.726419154080908,43.53310497137439,94.90816127042623
1476.0,7,3.6358739758638903,3.052736341369267,1.6533119199553323,2.566273341881225,35.97142857142857,12.73251767612924,43.53398389104775,98.84624868187584
1477.0,8,2.1053115759359495,1.8460556278562927,1.2418374003970594,1.365928714141029,33.5375,12.414951485693802,39.64487377689878,97.08311798277006
1478.0,7,3.6367301512381065,3.053416241300808,1.6532929462786445,2.5670943061026863,36.714285714285715,12.74473290296265,43.535741982826146,96.67058847222128
1479.0,8,2.105211692123874,1.8459648326156255,1.241850719014857,1.365793891821133,35.474999999999994,12.40420587585211,39.64506368539826,101.92894530277086
1480.0,8,2.105161627305716,1.8459193376302436,1.2418574324304683,1.3657262970868218,35.675,12.39884254300834,39.64516213069608,83.85884759720479
1481.0,7,3.6380089947315413,3.0544317157847716,1.653263397800247,2.5683210943894625,34.614285714285714,12.763056792047909,43.53836582881344,89.94574665633169
1482.0,7,3.63843381055007,3.0547690260890454,1.6532532685290329,2.568728758131361,35.08571428571428,12.769166925819531,43.53924358837441,98.9851023943418
1483.0,7,3.638857893108269,3.0551057452379453,1.6532430027832499,2.5691357862779705,37.15714285714286,12.77527771460006,43.54011930506284,94.58256014202053
1484.0,7,3.639281229860293,3.0554418643858132,1.6532326043145888,2.5695421659651076,36.08571428571428,12.781383005034836,43.54099505057742,97.1310783287103
1485.0,7,3.639703803662911,3.055777371310623,1.6532220719921409,2.5699478834583545,37.07142857142857,12.787497385512069,43.54186528299931,86.56345840765228
1486.0,7,3.6401255904952268,3.0561122489169965,1.6532114029846394,2.5703529203247677,37.48571428571428,12.79360525123526,43.542738380039474,92.63856183715706
1487.0,7,3.6405465834694133,3.05644649227084,1.6532005991514507,2.5707572695764194,38.08571428571428,12.799721192244975,43.54361119384676,94.29838899049456
1488.0,7,3.6409667832109944,3.056780101860436,1.6531896673067403,2.5711609274878393,38.028571428571425,12.805824845658972,43.54448026661513,90.6089482920692
1489.0,7,3.6413861824103146,3.057113072583119,1.6531786138025402,2.571563883986651,37.24285714285715,12.811941460165473,43.545357143286935,87.22578208672677
1490.0,7,3.6418047604312322,3.057445390029994,1.653167446645078,2.5719661168780306,36.82857142857142,12.81805079838512,43.546226597498574,95.61307480604074
1491.0,7,3.6422225108057518,3.0577770495382506,1.653156167085386,2.5723676199000804,36.628571428571426,12.824161113909412,43.54709949435894,80.61431598383092
1492.0,7,3.642639440134743,3.058108055542886,1.6531447735909304,2.5727683993949557,37.857142857142854,12.83027540130941,43.547977731175074,97.42153640487756
1493.0,7,3.6430555616448745,3.058438417090351,1.653133263290924,2.573168468043869,38.042857142857144,12.836377859750067,43.54884560800194,86.61652773215324
1494.0,7,3.643470880675675,3.058768137787167,1.6531216366625514,2.5735678299085305,36.971428571428575,12.842486649775577,43.54972457655126,85.16027261517493
1495.0,7,3.6438854075257834,3.0590972246271004,1.65310989076105,2.5739664952732424,36.871428571428574,12.848587591859255,43.55059072921689,92.9157663059255
1496.0,7,3.644299157459106,3.0594256879657604,1.6530980183050188,2.574364481199348,35.614285714285714,12.854695396065363,43.55147020173747,98.28856477925342
1497.0,7,3.644712152197393,3.059753542598231,1.6530860086268107,2.57476181219248,36.58571428571429,12.860786354238629,43.55234130492202,103.94417220308094
1498.0,7,3.64512440011604,3.060080794164276,1.6530738583907048,2.5751584971644625,36.75714285714286,12.86688543089636,43.55321461724443,97.583080345569
1499.0,7,3.645535894422541,3.060407437718621,1.6530615666416715,2.5755545309186596,36.44285714285714,12.872984501210755,43.55408106295321,90.14735222951894
1500.0,6,4.615877599949459,3.8007832826039194,2.3413447672618313,2.994003714449444,35.9,12.879071708483156,46.63105767848083,87.28529243311424
1501.0,7,3.6463566171903614,3.0610588964799943,1.6530365512744223,2.5763446446215394,35.01428571428571,12.885171530271062,43.55582773017938,93.28639752862696
1502.0,7,3.646765853893243,3.0613837171309863,1.6530238258275556,2.576738732343884,34.99999999999999,12.891267919916826,43.556697192251214,93.5405172518373
1503.0,7,3.647174333464628,3.061707926558239,1.6530109534729103,2.577132168758159,35.65714285714286,12.89736511142846,43.55756448939983,97.51166650539336
1504.0,6,4.620774016832214,3.8045632495004074,2.3424521262298352,2.997935882531583,36.166666666666664,12.903471009803992,46.63893464126941,101.60162952754098
1505.0,7,3.6479890035102502,3.0623544983747855,1.652984755101191,2.5779170803420617,35.68571428571429,12.909561499784129,43.559296628657236,94.03853972629676
1506.0,7,3.648395217539705,3.0626768765540393,1.6529714124799333,2.578308585042314,35.285714285714285,12.915670354419085,43.56016065938484,94.770808117107
1507.0,7,3.6488006847974,3.0629986496237214,1.6529579017459959,2.578699459543941,35.028571428571425,12.921776190613697,43.56102552131697,93.90598514631162
1508.0,7,3.6492054056270025,3.063319817653156,1.652944221838693,2.5790897046664822,35.4,12.92788895496178,43.56188804845449,98.07233954152107
1509.0,7,3.649609376375082,3.0636403779684636,1.652930373820869,2.57947931661007,36.44285714285714,12.934002371411705,43.56274665467489,93.33212302115165
1510.0,7,3.650012587212138,3.063960323602054,1.6529163604394193,2.5798682853973975,34.81428571428571,12.940122087745277,43.56360546572754,100.14629334187494
1511.0,7,3.65041505004718,3.064279662691922,1.6529021786983111,2.5802566226718024,35.02857142857143,12.946233839844874,43.56445949908147,83.30258616150024
1512.0,7,3.650816775978261,3.06459840282253,1.6528878260023965,2.5806443391594036,36.08571428571428,12.952368354278049,43.56531553152981,84.74078352259109
1513.0,7,3.651217750095324,3.0649165334487036,1.652873304596402,2.5810314209555427,36.628571428571426,12.958494788327927,43.56616758130196,96.58605103273725
1514.0,7,3.651617935648602,3.0652340288860613,1.652858624406577,2.5814178312636398,37.75714285714286,12.9646153079848,43.5670145540627,90.3735027136689
1515.0,8,2.10334526718372,1.8442769952872424,1.2421169209769902,1.3632693020707174,36.1375,12.211369290860432,39.64830870353278,93.45287669643402
1516.0,7,3.6524158813489285,3.0658670724059385,1.6528288142313863,2.582188571059331,36.471428571428575,12.976900899478316,43.568724808717356,86.48913582792481
1517.0,7,3.6528136580576636,3.066182631876949,1.6528136859888802,2.582572913091072,36.957142857142856,12.983038578361429,43.569573973275446,81.54368855285686
1518.0,7,3.653210628806794,3.0664975436702413,1.6527984103352111,2.5829565617967765,37.65714285714286,12.989175403755818,43.57042344013798,86.58903740488161
1519.0,7,3.653606792248666,3.066811806718451,1.652782987997752,2.583339515513382,37.60000000000001,12.995321494531629,43.57126959460682,86.69192601114177
1520.0,8,2.103077544306366,1.8440358995354604,1.2421577377014605,1.3629059224480404,35.9125,12.184396393439316,39.648653103693434,84.65683237877364
1521.0,8,2.1030237210695226,1.8439874625093295,1.2421660152602787,1.3628328409691324,33.599999999999994,12.17899648740642,39.64871828782745,75.96599352331098
1522.0,8,2.1029698031313004,1.843938950949231,1.242174329008495,1.362759623403939,32.462500000000006,12.173616278612872,39.64878525825661,84.50068712073157
1523.0,7,3.655183548717205,3.068062492646652,1.652719856911702,2.584864509670662,32.21428571428571,13.01987548388268,43.57466019460258,63.530842643596806
1524.0,6,4.468526989768275,3.735438032582342,1.665300937952702,3.3436910864068303,36.0,13.026007105322924,40.82146897144122,85.12664725469274
1525.0,6,4.468165496758202,3.735144516407936,1.6652745353987126,3.343376329431803,36.699999999999996,13.032136309289829,40.82110392539052,75.90686869560173
1526.0,6,4.467802469267644,3.7348497698768117,1.665248069180979,3.343060225547529,36.51666666666667,13.038255960212766,40.820726670426275,80.14167863800796
1527.0,7,2.2263009402605722,1.981684307027014,1.4017649262926897,1.4007597167725758,36.34285714285714,12.146688191192862,36.72412003928828,91.99570939306795
1528.0,8,2.102644242704547,1.8436462621428216,1.2422249530667542,1.3623174027705505,33.2625,12.141305417855143,39.649164856299095,85.75167728253449
1529.0,8,2.10258963058287,1.8435972023134397,1.2422335108661875,1.3622432047395234,34.3375,12.135945515208892,39.649230653965304,87.9100963161668
1530.0,8,2.1025349139947864,1.843548060876074,1.2422421063483242,1.3621688595674222,35.65,12.13058391951895,39.6492968882107,85.42524161091909
1531.0,7,3.65829962367051,3.07053360873925,1.6525867895337718,2.5878820578719854,36.41428571428572,13.068824320220816,43.58137639207779,81.46703446149813
1532.0,6,4.654954200196363,3.830949515581026,2.3501856463460356,3.0253597502841814,37.21666666666667,13.074937004986351,46.693754582463754,89.82569966250672
1533.0,7,3.659070525444006,3.0711448564980603,1.6525521728325183,2.5886293758784813,36.65714285714286,13.081028651038215,43.583064506162394,77.58007264179913
1534.0,7,3.6594547229994396,3.0714494751918946,1.6525346798050404,2.5890019333129546,36.971428571428575,13.087132685435424,43.58390423481712,80.08675981389545
1535.0,7,3.659838064425591,3.0717534090267855,1.652517060336443,2.589373741112835,37.57142857142857,13.093225912572157,43.584744350731214,87.75482314375405
1536.0,6,4.659825370426301,3.8347098128416666,2.351291589075407,3.0292618262288618,37.03333333333334,13.099325313899168,46.70151706455209,83.83723895005907
1537.0,6,4.661042542850062,3.8356494117748157,2.351568212437199,3.030236517551626,37.03333333333333,13.10542754863547,46.70345880117162,82.38616810612497
1538.0,6,4.662259460121262,3.8365888151874348,2.3518448932465836,3.0312108694268187,37.8,13.111527628436791,46.70539407694028,85.61857268586482
1539.0,7,3.6613625388833078,3.072962060358001,1.6524452933928746,2.590853214048111,37.699999999999996,13.117620253699563,43.58811784047447,80.50104757419045
1540.0,7,3.66174144772561,3.073262460584253,1.652427028656073,2.5912211535496614,37.371428571428574,13.123715580918304,43.58896004921002,86.44187927813344
1541.0,7,3.6621194731916082,3.0735621558638027,1.6524086354762217,2.591588321350781,37.471428571428575,13.129810856725593,43.5898085827816,71.48654843286988
1542.0,7,3.6624966111813686,3.073861143190436,1.6523901147920612,2.5919547133685596,36.77142857142858,13.13590398964024,43.590651797950684,75.29753858633079
1543.0,6,4.668340218704921,3.8412828875036813,2.3532290667315947,3.036077598039643,37.86666666666667,13.142001178444648,46.715078844261164,79.54233320434052
1544.0,6,4.669555589922132,3.8422211017390837,2.3535060724151307,3.0370499109751563,36.68333333333333,13.14808485165476,46.7170110021979,85.18322918782924
1545.0,7,3.663622655295802,3.0747538242236203,1.652333782779856,2.5930491992752835,36.557142857142864,13.15419003397312,43.593200450593486,66.95089078252012
1546.0,7,3.6639962242621964,3.0750499641841933,1.6523147262973983,2.593412486954199,37.542857142857144,13.160289299930623,43.59404429856465,84.87243563795823
1547.0,8,2.1015856207496433,1.8426979260167355,1.24239459033193,1.3608788808929084,34.8875,12.04005088325776,39.65054304514702,75.83205988862196
1548.0,8,2.1015287356789085,1.8426471159993638,1.2424039416830015,1.3608015431323237,36.3375,12.034720166406096,39.650615891759074,69.01632678210741
1549.0,8,2.1014717605603424,1.8425962365586441,1.2424133338766674,1.3607240715095559,38.0125,12.029393159545087,39.65068839831302,75.47422779854354
1550.0,8,2.101414696244578,1.8425452881444215,1.2424227661307523,1.360646467332062,37.5125,12.02410541606136,39.65076795864324,65.82433867048184
1551.0,8,2.101357549026977,1.842494275324794,1.242432237355285,1.3605687377655635,37.3875,12.01876091043954,39.650837188204406,81.66151362216824
1552.0,8,2.1013003221727744,1.8424432003002196,1.2424417463522466,1.3604908868690355,37.35,12.013443140784688,39.65091239257506,71.79709132397385
1553.0,8,2.1012430165810794,1.8423920635996653,1.2424512925023248,1.3604129159098481,37.625,12.008119658712223,39.65098332350213,80.03112351827833
1554.0,8,2.1011856398839113,1.8423408710746911,1.2424608756355642,1.3603348329536957,37.9375,12.00278562055295,39.65105120613718,66.99314755045641
1555.0,8,2.101128207847191,1.8422896345038722,1.2424704943095894,1.360256655256829,37.650000000000006,11.99744629101875,39.65111454686627,70.17087624769451
1556.0,8,2.1010707259380035,1.8422383578256711,1.24248014748611,1.3601783890898722,36.1375,11.992108558259826,39.65117873713562,71.0560641759195
1557.0,7,3.668049298800069,3.0782623293408022,1.6520946926849138,2.597360601580189,36.5,13.227467230197783,43.60331144830259,74.47872257880816
1558.0,7,3.6684128662032314,3.0785504006632287,1.652073671720715,2.5977153717509083,36.98571428571428,13.233596135177368,43.6041427155357,88.52274042923136
1559.0,7,3.6687756276981123,3.0788378178741054,1.652052478471951,2.5980694596462324,37.51428571428572,13.239716431566338,43.60497767111923,81.09622748981438
1560.0,8,2.100840232956867,1.8420327978043571,1.242519102073196,1.3598643716084946,36.474999999999994,11.970728017873594,39.651421914537586,76.88200020458508
1561.0,7,3.669498759152252,3.0794107076603976,1.652009567498811,2.5987756146589303,36.94285714285714,13.251952356430149,43.60663270365488,79.17067140870668
1562.0,7,3.669859146369166,3.079696192005768,1.651987845762533,2.599127698384151,36.3,13.258074078747011,43.607454058369136,80.88564389530332
1563.0,8,2.100666765555947,1.8418781471113805,1.242548670952366,1.3596278568494253,33.2125,11.954651024002564,39.65157276787347,81.58832038981275
1564.0,7,3.6705775374407072,3.0802652209335033,1.651943891578115,2.59982984258014,35.17142857142857,13.270323245169616,43.609100676802306,91.9614240839334
1565.0,8,2.100550809881861,1.8417747966821023,1.242568548080596,1.3594696778576119,35.3875,11.943937268151675,39.651674177510984,78.0536284399164
1566.0,8,2.1004927492773833,1.8417230543756014,1.2425785353610048,1.359390448869895,35.425,11.938555258097184,39.65171297216548,81.68064776703358
1567.0,8,2.100434626294715,1.8416712619868303,1.242588555834665,1.3593111189631628,35.1625,11.93319069781836,39.65175639130617,85.88508410150995
1568.0,8,2.100376438745488,1.8416194173942955,1.2425986078792908,1.3592316867334107,35.0,11.927826022596072,39.65179763056659,82.17363023750484
1569.0,8,2.100318184749567,1.8415675188063931,1.2426086902107218,1.3591521509145064,34.1375,11.922458856669856,39.65183570199558,95.11941346124938
1570.0,7,2.222359423375551,1.9782225036982715,1.4038430433601519,1.3937679088526773,36.02857142857143,11.917098445066388,36.67784564145694,85.59156961048129
1571.0,8,2.1002014826786377,1.841463564638676,1.2426289491240732,1.3589927721259525,35.6625,11.91172890798786,39.651913094256784,80.98663710101343
1572.0,8,2.100143038411534,1.8414115125837505,1.2426391278590505,1.358912931938494,36.275,11.90637763254633,39.65195583292866,84.91255421498771
1573.0,8,2.1000845265515062,1.8413594067895103,1.2426493410336081,1.3588329846603504,35.6125,11.90101228231411,39.651985858726704,85.3601268104547
1574.0,7,2.849667058280203,2.4098788373320263,1.8286849814514938,1.5695309010129455,36.9,11.895649354470146,43.41209511280561,71.4142133526756
1575.0,7,2.8494833518577973,2.409739226981531,1.8286878635947714,1.56931317447944,37.528571428571425,11.89028663790177,43.41125928004816,75.15898741160917
1576.0,8,2.09990860782987,1.8412027838423735,1.242680185535683,1.3585925245289356,33.9875,11.884914395788291,39.65208538111082,81.44340918146223
1577.0,8,2.0998498189571255,1.8411504577449522,1.2426905354502291,1.3585121424399822,34.075,11.87954684058643,39.652113230889114,73.81366246449033
1578.0,8,2.099790938466029,1.841098059780554,1.2427009211335798,1.3584316274076778,34.7625,11.874181918761725,39.652136482037704,72.39022402309003
1579.0,8,2.0997319599357973,1.8410455851726544,1.2427113431831485,1.3583509723954468,35.0625,11.868820408742687,39.65216749031087,78.85620042054249
1580.0,8,2.099672885077248,1.8409930352690682,1.2427218016802444,1.3582701791388279,34.075,11.863460371920429,39.65218923814396,77.49948133422431
1581.0,8,2.099613718088093,1.8409404135435803,1.242732297480609,1.358189251546549,32.7,11.85809424402104,39.65221294560633,82.38835683071666
1582.0,8,2.0995544620985482,1.8408877226056048,1.2427428313109652,1.3581081924740959,33.8625,11.852735672904544,39.65223494131148,70.37672298628281
1583.0,7,2.848012663424704,2.4086219777394833,1.828713208518308,1.5675674890225098,34.371428571428574,11.847378334238476,43.40451746671166,82.99435861180638
1584.0,8,2.0994356754048495,1.8407821280077712,1.242764016089953,1.3579456701594472,32.3,11.842020763556532,39.65228744171506,73.16958916203484
1585.0,8,2.099376129885929,1.840729213952037,1.2427746707715541,1.3578641893743053,33.5125,11.836664479899182,39.652322986695,78.10533794794942
1586.0,8,2.099316467776498,1.8406762111062624,1.2427853695724,1.3577825449273162,35.599999999999994,11.831302881307217,39.6523448294457,81.2656190460684
1587.0,8,2.0992566966456447,1.8406231247894957,1.242796110558076,1.3577007457799992,35.9125,11.825945444972913,39.652364788986716,89.03691583242765
1588.0,8,2.099196814974995,1.8405699539411093,1.2428068941007107,1.3576187901345953,36.1375,11.82059368533196,39.65239343156932,81.08673699600809
1589.0,8,2.0991368195834057,1.8405166961603276,1.2428177203379671,1.3575366745907331,34.85,11.81524186319183,39.65241740733002,87.91185945198427
1590.0,8,2.099076709378424,1.8404633502959826,1.2428285880741259,1.3574543986625804,35.775,11.809890940017862,39.65244221128401,85.2463728003506
1591.0,8,2.0990164903024304,1.8404099204757167,1.2428394955985074,1.357371969493212,34.775,11.804545976028914,39.65247583354633,89.40248153389697
1592.0,8,2.0989561664589185,1.8403564106058132,1.2428504456778147,1.3572893898267862,32.8,11.799188813145218,39.65250128647635,88.73707636313699
1593.0,6,4.439934552337893,3.7122727792277863,1.6633307339729881,3.3187799048470317,34.55,13.447489441047042,40.794850124767734,85.30904481334433
1594.0,8,2.0988351878259492,1.8402491396059983,1.2428724797219084,1.3571237581630247,31.6375,11.788496776282292,39.65256165002743,76.62856729344456
1595.0,7,3.68128760745047,3.0887406383114744,1.6511782197648452,2.610350401254776,36.65714285714286,13.459711541953506,43.63393680367348,89.40689880996095
1596.0,7,3.6816185536464903,3.0890023660509205,1.6511510825113458,2.6106772531643574,35.58571428571429,13.465821093965044,43.6347387438472,92.08699504689734
1597.0,8,2.0986528881939184,1.840087599900826,1.242905858497528,1.3568741291001554,33.712500000000006,11.772471137385011,39.65265395739934,90.47834322335314
1598.0,7,3.6822776119839533,3.0895235527828664,1.651096365535627,2.611328507659484,36.400000000000006,13.478046040992703,43.6363395424147,93.10561553442471
1599.0,8,2.098530789727656,1.839979474347309,1.2429283220038454,1.3567069146945865,33.425,11.761788540245105,39.65271953763062,72.60176023956491
1600.0,7,3.6829328224693425,3.0900416653200455,1.651041073238576,2.611976429429081,36.22857142857143,13.490262559409397,43.63793080996533,91.16993422546996
1601.0,8,2.0984082277547578,1.839870995520577,1.2429509587445207,1.356539050051253,35.0,11.751116154746232,39.65277563873235,93.26844481893836
1602.0,7,2.2721695912257274,2.007180166560327,1.3818684851756373,1.4557512530345047,35.871428571428574,11.74577552248461,35.99596632740788,104.02075784987125
1603.0,8,2.098285232792614,1.839762185706633,1.2429737639626068,1.356370569592498,34.212500000000006,11.740444697678685,39.652843535424076,93.34047567429688
1604.0,8,2.0982235652298202,1.8397076506841403,1.2429852294040724,1.356286090568308,34.825,11.735131098155293,39.65288156723803,82.48912752789194
1605.0,8,2.098161779814939,1.8396530256172496,1.242996737179473,1.3562014474346666,36.025,11.729789904524273,39.652914647262534,90.31275305109088
1606.0,8,2.09809987900866,1.8395983122217543,1.2430082865773733,1.3561166431502527,36.212500000000006,11.724469540137706,39.65295020839514,100.26719412791412
1607.0,8,2.0980378680137624,1.8395435143434078,1.243019876978426,1.3560316834792003,37.1375,11.719152562818024,39.65299044867952,90.86210286742184
1608.0,8,2.0979757431534924,1.8394886293012473,1.243031508889148,1.3559465643001387,37.8875,11.71384169561032,39.65303339546805,91.78769839636324
1609.0,8,2.0979134971799014,1.8394336516944283,1.2430431829116295,1.3558612777134778,37.125,11.70852006114505,39.6530723893383,90.25897813481734
1610.0,8,2.0978511334187964,1.8393785840141748,1.2430548987485373,1.3557758273502498,35.900000000000006,11.703229033071842,39.65311665522094,90.44722281097005
1611.0,7,3.6864679253379564,3.092836438329242,1.650726433663448,2.615480735058445,36.58571428571429,13.557491639718297,43.64676189983065,91.63896648556984
1612.0,8,2.0977260743398642,1.8392681948090914,1.2430784542786775,1.355604458883353,35.125,11.692622570404255,39.65320091351394,97.38674108545476
1613.0,8,2.097663394155526,1.8392128847414098,1.2430902932550156,1.3555185569419468,35.075,11.687310438358846,39.653236535283845,100.3212273332332
1614.0,8,2.097600621882664,1.8391575043039436,1.243102173740088,1.3554325181580151,35.375,11.681996189148336,39.653277478571425,88.50843527990625
1615.0,8,2.0975377611940935,1.8391020562628737,1.2431140955067324,1.3553463464748814,35.3875,11.676698449178131,39.65332577211423,89.02980965879978
1616.0,8,2.09747481395611,1.8390465417762507,1.2431260574774785,1.3552600444341625,36.375,11.67139733262149,39.65336148326146,91.92828692678778
1617.0,8,2.097411781854509,1.838990962011445,1.2431380591494334,1.355173614063512,36.725,11.666081519923196,39.65339959805512,96.63260928321048
1618.0,8,2.0973486616371537,1.8389353150162715,1.2431501025640004,1.3550870508233446,37.3,11.660769887435642,39.653442157937434,97.47083080929023
1619.0,8,2.09728545118544,1.8388795991289162,1.2431621875650445,1.3550003525833552,36.15,11.65545966959514,39.653482290923876,96.74679538424176
1620.0,8,2.0972221539666425,1.8388238165632849,1.2431743124206118,1.3549135239187422,35.325,11.65015734603184,39.653521553175466,93.80873880774617
1621.0,7,2.8409871752713696,2.4032962787925793,1.8289000430652895,1.559152858488879,36.5,11.644857356117042,43.372841772838,73.90296297850325
1622.0,7,3.6898874391688135,3.09553855000508,1.6503930747788778,2.618885567047456,37.11428571428571,13.62477677894252,43.65561123311603,85.64041691784523
1623.0,8,2.097031850944813,1.838656151394994,1.2432109210656712,1.3546523719411179,35.2625,11.634195833456705,39.65363444159786,83.78622542045406
1624.0,8,2.0969682962084106,1.8386001702645483,1.2432232028473427,1.3545651161899974,35.4375,11.628861261054707,39.65366671465371,78.87428842886716
1625.0,8,2.096904697130257,1.838544155292192,1.2432355254250513,1.354477773638304,36.625,11.62352983877328,39.65369774767248,87.84076684697557
1626.0,8,2.096841060645164,1.8384881117862255,1.2432478887549439,1.354390351518223,36.4875,11.618190338806931,39.65372787484479,73.79239882228075
1627.0,8,2.0967773841569026,1.8384320378140258,1.2432602930645684,1.354302846984394,36.55,11.61283929621179,39.65375621122236,76.30780619081848
1628.0,7,3.6917048318462626,3.096973942009207,1.6502022713639992,2.620702207628548,38.15714285714286,13.661666105076682,43.66039251310507,85.23781182923014
1629.0,7,3.692004504685298,3.0972105671810484,1.6501697885685738,2.621002282782962,37.18571428571429,13.667838970328514,43.66118068905802,85.15181236008007
1630.0,8,2.0965861553898084,1.838263660532834,1.243297737401623,1.3540398892970542,36.2,11.596696816274626,39.65381459771912,87.65797700201882
1631.0,7,3.6926011988990597,3.097681661865368,1.650104232617802,2.6216002173775093,37.18571428571429,13.680224065861518,43.662759471649075,80.9769103920277
1632.0,7,3.6928982562217283,3.0979161564080777,1.6500711584177807,2.6218981071529077,36.542857142857144,13.686394033130156,43.66354193327704,78.4426376143355
1633.0,7,3.6931944688147893,3.0981499595906787,1.6500378878336441,2.6221952903674457,36.385714285714286,13.692580291165454,43.66432553318491,81.55794005138259
1634.0,7,3.69348983459641,3.0983830698530155,1.6500044220311851,2.6224917644921844,36.5,13.698769468518494,43.665100767567374,76.93423476300153
1635.0,8,2.0962667625100755,1.837982479735671,1.2433608266155913,1.353600181240044,36.037499999999994,11.569679990357583,39.653848329468914,72.52402440741126
1636.0,8,2.0962027749518475,1.8379261529791067,1.2433735381460043,1.3535120200585091,34.9875,11.5642529761888,39.65384336811143,98.04098303329894
1637.0,8,2.096138749800224,1.8378697949187541,1.2433862803736284,1.3534237846488943,34.7125,11.558846250410731,39.65383949232435,86.26807398080257
1638.0,8,2.096074685680357,1.8378134042635277,1.2433990523792995,1.3533354740909427,35.775,11.553424531112386,39.65383495670653,78.71405005522523
1639.0,8,2.0960105796636497,1.8377569788194934,1.2434118543486568,1.353247085223163,35.137499999999996,11.548015255159306,39.653826166131296,84.47167439198265
1640.0,8,2.0959464292806436,1.8377005165316551,1.2434246856489182,1.3531586158243243,33.975,11.54260157075165,39.65381792497785,89.7268700454064
1641.0,8,2.095882237486327,1.837644018864078,1.243437543182321,1.3530700707175636,35.1125,11.5371890454626,39.65380511367913,81.93884194817299
1642.0,8,2.095817999844647,1.8375874821453506,1.2434504258925498,1.3529814458760792,34.9375,11.53176166510913,39.65378362694213,85.63571874717886
1643.0,8,2.0957537062254388,1.837530899125163,1.243463335726266,1.3528927296516298,35.4375,11.526341309667364,39.65375794300574,88.3483715832942
1644.0,8,2.0956893529529617,1.8374742671641502,1.243476273348997,1.3528039178345548,34.3125,11.520932423171978,39.65374014377916,75.2524402395884
1645.0,8,2.0956249390492823,1.8374175856779917,1.2434892393527959,1.3527150090734354,33.6125,11.515542280551184,39.65371936696108,81.59615490204784
1646.0,8,2.095560469677559,1.8373608583642231,1.2435022327260998,1.3526260093071254,33.4,11.510135122579753,39.65369546890825,83.89854369047188
1647.0,8,2.09549594728297,1.8373040869691444,1.2435152529345592,1.3525369213861114,31.9125,11.504749427341345,39.65367499105875,95.91840880352906
1648.0,8,2.09543136370377,1.8372472658210401,1.243528302205741,1.3524477355447768,32.5,11.499357432775197,39.653643720678055,102.06754311391995
1649.0,7,3.697821255579825,3.1017982988878265,1.6494794662257148,2.626855568447406,33.214285714285715,13.79118563202296,43.67642658842216,86.31010042272193
1650.0,7,3.698103318740036,3.1020204822563913,1.6494429915761781,2.627140820336512,33.98571428571429,13.797321959645506,43.677168003389525,90.27348167465954
1651.0,7,3.698384438539308,3.1022419032934123,1.6494063472768354,2.6274252659423865,31.728571428571428,13.803432262091318,43.67789653701487,112.06636836088369
1652.0,7,3.6986645851408153,3.1024625410033995,1.6493695403502802,2.627708876130302,29.185714285714283,13.809556520005357,43.67863467121447,73.39730684926944
1653.0,6,4.799607333701792,3.942578807491345,2.3831992277341403,3.1407465822965204,32.96666666666667,13.815681489103753,46.92280587068601,90.29293476125824
1654.0,7,3.699222007113934,3.1029015000194398,1.6492954411142033,2.6282736285902186,31.157142857142855,13.821773807307164,43.68009275806493,75.44166782486073
1655.0,7,3.6994992544407896,3.103119801345038,1.649258147440761,2.6285547482599516,32.07142857142857,13.827903310271562,43.68083447410152,98.25268880260988
1656.0,7,3.6997755118081943,3.1033373070875228,1.6492206915424699,2.628835018054464,30.62857142857143,13.834025788636833,43.68156908017733,100.64280480865122
1657.0,7,2.18399338606214,1.9332634442823675,1.3454564611001523,1.3882559044651592,34.9,11.45089891163661,41.86167347449397,89.06202506959117
1658.0,8,2.0947808443718285,1.8366754178155806,1.2436608097003923,1.3515488821435213,35.9,11.445519878584316,39.6533434732558,94.87568491091264
1659.0,8,2.0947152129153515,1.8366177928458955,1.243674294410321,1.3514581630302578,36.012499999999996,11.44015930242203,39.653325611954834,95.06093981190222
1660.0,8,2.094649457371527,1.8365600752229765,1.2436878281121906,1.351367269142111,35.087500000000006,11.434790688937914,39.65330134987287,95.38067879482058
1661.0,8,2.0945835846110987,1.836502269558956,1.2437014082519053,1.3512762090732684,35.675,11.429424525628118,39.653280141952564,89.61095604132646
1662.0,8,2.094517596903596,1.8364443775302852,1.2437150345482504,1.3511849853374043,36.487500000000004,11.424052725960989,39.65325587094841,96.57040518682204
1663.0,8,2.0944514969441226,1.8363864009652455,1.2437287060533204,1.3510936012686243,36.775,11.4186751770394,39.65322866155289,99.95973296443366
1664.0,8,2.0943852945793036,1.836328346676632,1.2437424199195055,1.3510020687256203,37.1,11.41330035831973,39.653205399255036,98.32642514426244
1665.0,8,2.094318997215617,1.8362702197084502,1.243756173682732,1.350910396811798,37.337500000000006,11.40794792274141,39.65318859415275,89.08504467336317
1666.0,8,2.0942526127630794,1.836212025848129,1.2437699662778672,1.350818594354713,37.075,11.402575781078593,39.65316194325443,96.01345282009926
1667.0,8,2.0941861453041133,1.836153768039071,1.243783796967228,1.350726666015691,36.3375,11.39721579282404,39.65313726862028,101.0050981277464
1668.0,8,2.0941195946814255,1.8360954461990295,1.2437976658719458,1.350634611552774,36.900000000000006,11.391855555542945,39.65311719239434,99.79975213384688
1669.0,8,2.0940529604623963,1.8360370600634446,1.2438115732143922,1.350542430382828,36.9375,11.38648861786349,39.6530925716504,96.18876146397744
1670.0,8,2.0939862449322266,1.8359786113969332,1.2438255190243532,1.3504501248586744,37.837500000000006,11.381120184228829,39.653067422595754,98.66619564758534
1671.0,8,2.093919450829386,1.8359201021393599,1.2438395026684184,1.3503576981825887,35.2,11.375762250212746,39.65303955469954,98.29397653473372
1672.0,8,2.0938525766798053,1.8358615313029485,1.2438535246616342,1.3502651485189257,35.925000000000004,11.37039961125012,39.653008018082545,109.84511692547416
1673.0,8,2.093785616416079,1.8358028945546228,1.2438675861655752,1.350172468887496,36.65,11.365031119305534,39.652977154570394,113.38408843264556
1674.0,8,2.0937185694249045,1.8357441915961155,1.2438816878209298,1.3500796582730332,36.4,11.359680283440936,39.65296190203331,96.7338445969514
1675.0,8,2.0936514406301088,1.8356854260451687,1.2438958290082134,1.3499867221460373,35.2625,11.354315235844494,39.65292935062524,100.34988746954065
1676.0,8,2.093584231212476,1.8356265987794693,1.2439100096054356,1.3498936617934347,34.825,11.34895774124766,39.65290627275249,103.98844391881276
1677.0,8,2.093516943085589,1.8355677111149928,1.2439242290049404,1.349800479545921,36.6875,11.343598552891832,39.65287976949372,104.906960773387
1678.0,8,2.093449578709275,1.83550876476777,1.2439384865375152,1.3497071783353827,36.7625,11.338236743716251,39.652850060527626,105.38518104982178
1679.0,8,2.0933821386848,1.8354497601520938,1.2439527819915552,1.3496137589020976,36.625,11.33286200752743,39.65281356238698,104.82157255145756
1680.0,8,2.0933146249437846,1.8353906990466613,1.2439671165224648,1.3495202225820022,37.25,11.32750921426494,39.65278659080888,107.32736131986896
1681.0,8,2.093247038795044,1.8353315830659658,1.2439814925103456,1.3494265693586875,36.349999999999994,11.322137822673852,39.65275289634434,110.48698754825156
1682.0,8,2.0931793774785703,1.8352724103759095,1.2439959110101655,1.3493327957464716,35.849999999999994,11.316778439408614,39.65272091130923,106.37940385032672
1683.0,8,2.0931116395988316,1.8352131797136557,1.2440103712276587,1.3492389007409806,35.8125,11.311413916707524,39.65268897666773,109.46405591307077
1684.0,8,2.0930438250680585,1.8351538911631087,1.2440248737265311,1.3491448839175082,35.875,11.306033684488154,39.65265770715037,109.01129593049224
1685.0,8,2.092975930395036,1.8350945424525016,1.2440394200393379,1.3490507407533432,36.25,11.300659152848649,39.652625209019085,108.87260258817324
1686.0,8,2.0929079447991215,1.8350351259539426,1.2440540125241482,1.3489564586773617,36.875,11.295275501203166,39.652587571233795,112.90650971185488
1687.0,8,2.0928398615971124,1.8349756366894105,1.2440686516521577,1.3488620304612662,35.8625,11.289888761861414,39.65255349329091,111.07380481219415
1688.0,8,2.0927716832789303,1.8349160764349386,1.2440833368975301,1.3487674589836811,36.9125,11.284506737343678,39.65251789506887,112.19572264336752
1689.0,8,2.0927034066947026,1.8348564428579324,1.2440980685130845,1.3486727408156798,35.55,11.279121038234331,39.652486656904614,106.1572569790996
1690.0,7,2.2117403696700233,1.96900053444585,1.4103045795649665,1.3740466140222922,35.6,11.27374285893949,36.53975649066484,106.32345002525156
1691.0,7,3.7088004191187514,3.1104335112072983,1.6478064579260305,2.6380922093169206,36.32857142857143,14.048667528412444,43.70729441363426,110.0525097200294
1692.0,7,3.7090396839702633,3.1106213453638314,1.6477630072775278,2.638340809311945,36.98571428571429,14.05482601983495,43.70802722290405,114.412997300769
1693.0,8,2.0924292491237355,1.8346171207647806,1.2441574493273773,1.3482923351730693,35.5875,11.257594927364266,39.65236718073862,110.64158843493249
1694.0,7,3.709515008768708,3.1109944490262667,1.6476756222243232,2.6388352555246666,37.61428571428571,14.06716376978161,43.70949640387374,117.1087763492493
1695.0,8,2.09229153511692,1.8344969811478467,1.2441874020039052,1.3481012137578303,35.775000000000006,11.246835187321569,39.65230928114205,116.90105900515697
1696.0,7,3.7099860193541847,3.1113641037134614,1.6475876048511795,2.639325987864596,35.72857142857143,14.079514985954244,43.710971513952536,117.11852094312862
1697.0,7,3.710219923020491,3.111547648788618,1.6475433563833985,2.6395699762497107,36.24285714285714,14.085683463619024,43.711702865042184,112.10733511886984
1698.0,7,3.7104527550429505,3.111730336147683,1.6474989493582373,2.639813042009846,37.114285714285714,14.091853539368156,43.712440072683094,116.42587263948084
1699.0,8,2.0920148098812965,1.8342557222052012,1.2442478217270105,1.3477171114778181,35.400000000000006,11.225340944571396,39.65220273639241,112.6922478284062
1700.0,8,2.0919453566570163,1.8341952019804693,1.2442630330885958,1.3476206971760796,34.6,11.219972502468432,39.6521792268493,124.96553332491364
1701.0,8,2.091875800132673,1.8341346037035948,1.2442782868152,1.347524133165404,33.4125,11.214611796406318,39.65215251849865,101.0948075774399
1702.0,7,3.71137336351152,3.112452503938901,1.6473197259179926,2.6407760809801735,35.32857142857143,14.116529831571455,43.7153964458933,113.80301238148878
1703.0,8,2.0917363552862733,1.834013156565113,1.2443089222963326,1.3473305327007432,34.075,11.20390267839842,39.65211323542529,85.01601305612209
1704.0,7,3.7118272222432176,3.112808427698644,1.6472291581484775,2.6412520531174533,37.01428571428572,14.12886107215031,43.71688297522608,109.52974496459284
1705.0,8,2.091596491342145,1.8338913920723434,1.2443397241316747,1.3471363289826852,34.8,11.193196406793083,39.652069817311414,97.34365429885484
1706.0,8,2.0915264278656185,1.833830410144991,1.2443551863417412,1.347039028163979,34.9125,11.187851811961636,39.65205125187636,104.43533035534018
1707.0,8,2.0914562830377865,1.833769366778654,1.2443706901419818,1.346941600831808,35.5875,11.182481001690515,39.65202709840386,110.2033363818816
1708.0,8,2.0913860624403346,1.8337082661880273,1.2443862353292112,1.3468440528916086,36.225,11.177144242821807,39.65200851012157,109.03868593100728
1709.0,8,2.0913157697458966,1.8336471111697024,1.244401821858772,1.346746388172459,34.4375,11.17178213901357,39.65198430513103,106.230701428283
1710.0,7,3.7131636659562934,3.113856002560087,1.6469533275038788,2.6426584988801305,36.557142857142864,14.165883913929202,43.7213228323128,97.88335366443276
1711.0,7,3.7133827748630623,3.1140276753516956,1.6469067333941658,2.642889815023934,36.885714285714286,14.172075388612358,43.72205975801103,126.60870840590738
1712.0,7,3.7136008609558786,3.114198523185967,1.64685996464529,2.643120258077973,37.800000000000004,14.178254144655472,43.722801276840705,116.81301456284189
1713.0,7,3.7138179347248803,3.114368553304739,1.6468130174184943,2.6433498390251806,37.15714285714285,14.184423979010742,43.72353576412337,105.29256411730556
1714.0,8,2.090963163125247,1.8333404652818674,1.2444803444414836,1.346256266072229,35.2125,11.144997622918773,39.65186204295881,121.39202347277804
1715.0,8,2.090892411051043,1.8332789596822416,1.2444961641364134,1.346157881328693,34.96249999999999,11.13963956513856,39.65183670526147,106.8728047055712
1716.0,7,3.714463037083871,3.114873704772976,1.6466711047431022,2.6440333714781774,35.65714285714286,14.202937609686686,43.725742872800424,102.89232981872432
1717.0,7,3.7146760189225105,3.115040433093743,1.6466234429768305,2.644259468518168,35.7,14.209117602167222,43.72647389941498,94.4078498727106
1718.0,7,3.714887957261026,3.1152063213015917,1.6465756041037019,2.6444846765008725,36.27142857142857,14.215282043697476,43.72721276615086,111.9089661099459
1719.0,8,2.090608644792934,1.8330323610799186,1.244559839014217,1.3457631455345802,33.1875,11.118218166747816,39.65173094286591,98.40729725462695
1720.0,8,2.0905375096257224,1.8329705651070776,1.2445758600354806,1.345664156157064,33.675,11.112856408071424,39.65170161535549,104.7920100212188
1721.0,7,3.715517453837813,3.115698903915523,1.646431023549889,2.6451549188190957,35.714285714285715,14.233831539461615,43.72941690336802,111.59066543791234
1722.0,7,3.715725212687362,3.115861426840408,1.6463824705097287,2.645376569048389,35.6,14.240009558509636,43.730147340105546,106.75680881350895
1723.0,7,3.715931944145518,3.116023120491395,1.6463337372386677,2.6455973452259687,36.285714285714285,14.246198689988915,43.73087522648393,104.26166327042051
1724.0,7,3.716137646428572,3.1161839835242016,1.6462848240980956,2.6458172456005093,36.84285714285714,14.252371659698246,43.73160626372568,110.06664812917946
1725.0,7,3.7163423187857614,3.116344015313447,1.6462357300334287,2.646036270148473,37.971428571428575,14.258559657514288,43.732339955967696,111.17795482729149
1726.0,7,3.7165459547396242,3.116503211205097,1.6461864543034106,2.6462544139065027,36.82857142857142,14.264737080754218,43.73307249846619,100.08145125792194
1727.0,7,3.7167485376558225,3.1166615593941316,1.6461369944610986,2.646471664551057,37.3,14.27092675696427,43.73379855630676,95.2212891035971
1728.0,7,3.716950065571249,3.1168190583831823,1.6460873465139758,2.646688022859363,37.77142857142858,14.277125888381862,43.73452539061176,100.81392799947696
1729.0,8,2.089894124886877,1.832411994236183,1.244721826088365,1.3447681184055007,36.712500000000006,11.06459741957776,39.65141838900273,104.79235747147314
1730.0,8,2.089822331909647,1.8323496998677857,1.2447382466504993,1.3446680333565624,35.475,11.059229231785924,39.65138462852147,95.45630826667092
1731.0,6,4.888182527803468,4.010845611076237,2.403385855528713,3.211015251495083,38.2,14.29572031456738,47.06410440194369,102.52234151253349
1732.0,7,3.7177458384199418,3.117440709051668,1.6458868586580067,2.647544715948995,36.271428571428565,14.301929930168294,43.737429251187564,97.96925875773388
1733.0,7,3.717942169264041,3.117594015552667,1.6458362711382168,2.6477566758325155,36.357142857142854,14.308145148699737,43.738153529850386,103.72026756150484
1734.0,6,4.891483115023063,4.0133874134793714,2.4041355929403045,3.2136288804764326,39.416666666666664,14.31435303491667,47.069472192598504,97.60600282390229
1735.0,7,3.7183316223218523,3.117898048752767,1.6457345572772943,2.64817786589187,38.1,14.320565175680931,43.73960177699058,94.76204766710164
1736.0,6,4.893678502490741,4.015077994680904,2.4046340395421737,3.215367232408441,38.03333333333333,14.326788389334842,47.073042673277506,111.35240912968244
1737.0,7,3.7187168543736924,3.11819868182247,1.6456321229199886,2.6485954646440897,36.81428571428571,14.33300431505833,43.74104212974138,81.00198414138362
1738.0,7,3.718907895361039,3.11834772861123,1.6455806373495492,2.648802922551066,37.614285714285714,14.339216302469731,43.74176346700712,85.33808324705686
1739.0,7,3.719097893522862,3.118495933847101,1.645528972479533,2.649009492272792,38.114285714285714,14.345441542133196,43.742482615184926,95.6439424170081
1740.0,7,3.719286853870921,3.1186433009658763,1.6454771280214002,2.6492151780891224,37.3,14.351645563527857,43.743203858384256,85.29473213239312
1741.0,7,3.7194747771650327,3.118789830421526,1.6454251050086726,2.6494199799480502,38.08571428571429,14.357856666228551,43.74392169516606,91.95617209857342
1742.0,8,2.088955537434067,1.831598179364488,1.2449384387532827,1.3434582890309046,35.7,10.994557305818352,39.650880229965985,79.31955025612164
1743.0,7,3.719847511542013,3.1190803752642173,1.6453205257258523,2.6498269292509606,35.94285714285714,14.370281697886988,43.74535867403437,92.86281010378028
1744.0,7,3.7200322879119487,3.1192243661205477,1.645267982784682,2.650029039656689,35.971428571428575,14.376489020616486,43.74606992463284,78.49004593085203
1745.0,7,3.7202159856360755,3.119367489771179,1.6452152762570293,2.6502302222659555,35.67142857142857,14.382682543605345,43.746788633428615,88.73961951222489
1746.0,7,3.7203985775888544,3.1195097270696013,1.645162411440046,2.650430451316659,35.94285714285714,14.38889471927008,43.747503851632835,84.19949843441779
1747.0,7,3.720580061782099,3.119651076520781,1.6451093875171663,2.6506297256199627,37.628571428571426,14.395081931833117,43.748224016147205,83.73288927754975
1748.0,8,2.0885175799988125,1.8312189551522449,1.245040644883217,1.3428464745821327,37.1375,10.962262484948536,39.65059739478811,86.24088343766952
1749.0,8,2.08844420550136,1.8311554624274928,1.2450578200917972,1.3427439637571665,36.05,10.956974660736314,39.65057638338497,86.14332695775896
1750.0,8,2.0883707228824764,1.831091887582809,1.2450750340752175,1.3426412999361264,35.087500000000006,10.951620067507257,39.650534085877155,70.06901427997137
1751.0,7,3.721295089603554,3.1202077124976317,1.6448956604700498,2.651417438898768,37.02857142857143,14.419824944888434,43.751095902157594,98.07109861522778
1752.0,7,3.721471143851413,3.120344697834264,1.6448418185795537,2.6516120427306693,34.68571428571429,14.425996373086711,43.75181320613729,96.30443103383014
1753.0,7,3.7216461068701943,3.1204808063935046,1.644787813008037,2.6518057080507416,36.385714285714286,14.432162041129484,43.752526582832864,78.97987568064016
1754.0,8,2.088075732009987,1.8308367825354912,1.2451442753556237,1.342229137604317,35.5875,10.93028365061826,39.65037806708679,85.01470564297932
1755.0,8,2.08800170772511,1.8307727961524596,1.245161681774019,1.3421257084839677,34.3875,10.92498046935575,39.650346573604864,80.93120791966032
1756.0,7,3.72216448487482,3.1208838961165535,1.644624824261086,2.6523810963856294,36.98571428571429,14.450643133158682,43.75469367859039,78.83664410545228
1757.0,8,2.087853350131616,1.8306445889606735,1.2451966109081578,1.3419184070851073,35.45,10.91437813122327,39.65027767407641,87.37328213933478
1758.0,8,2.0877790156832203,1.83058036708494,1.2452141326959767,1.3418145341629895,36.2625,10.909071121467802,39.650245120551546,78.8623647360839
1759.0,8,2.0877045732277244,1.8305160633797293,1.2452316935535828,1.3417105081428324,34.0,10.903762043873476,39.650208668147656,85.69825868266368
1760.0,8,2.08763002795,1.830451681670148,1.2452492929523646,1.3416063347087732,32.587500000000006,10.898491984948564,39.65018637463018,62.60594151820338
1761.0,8,2.0875553926175536,1.8303872313301306,1.2452669295019079,1.3415020279169434,33.087500000000006,10.893221528614305,39.65015608804763,83.54725278818995
1762.0,8,2.087480681828873,1.8303227236529336,1.24528460397763,1.3413976024343306,33.075,10.88793829579497,39.65012711880535,74.11754871757472
1763.0,8,2.08740589949851,1.8302581615550932,1.2453023161051466,1.3412930624744865,34.1375,10.88265531029939,39.65009446779764,74.74279372709879
1764.0,8,2.087331047388601,1.830193546130988,1.2453200648476412,1.34118841047311,34.5125,10.877389520397044,39.65006770731628,73.41065144884242
1765.0,8,2.0872561300773973,1.8301288809324219,1.245337850467236,1.341083651013837,33.725,10.872100492677498,39.65002860844807,76.40937542963682
1766.0,8,2.0871811487598295,1.8300641668840236,1.2453556729988926,1.3409787853066097,34.075,10.866847902428562,39.65000391706596,71.11619682013426
1767.0,7,3.723982589811255,3.1222953265201507,1.6440140573265243,2.6544200657247816,33.48571428571429,14.5181476840074,43.76259642864388,69.82978288929976
1768.0,8,2.0870309846183335,1.8299345848499855,1.2453914279142388,1.340768725809124,33.375,10.856305112670752,39.649932678718145,72.70482958428313
1769.0,8,2.086955809286382,1.8298697227102911,1.2454093608590215,1.3406635394373045,34.8625,10.851035737234724,39.64990179313121,68.71808184211488
1770.0,8,2.0868805779007413,1.8298048187233449,1.2454273345198448,1.3405582527641118,34.525000000000006,10.845781794880883,39.649870748407,60.95602473530769
1771.0,7,3.724612218652731,3.122783107648413,1.6437864641666715,2.65513472306712,36.44285714285714,14.54265481006655,43.76544815357591,65.48041547031156
1772.0,7,3.72476689856164,3.1229028577850295,1.643729091889571,2.6553110800126207,36.01428571428571,14.548795501090028,43.76615552779416,68.74923719790101
1773.0,8,2.0866545831783845,1.8296098876663935,1.245481519387248,1.3402418162076073,34.5625,10.829905689418204,39.6497480780649,74.24683589238629
1774.0,8,2.0865791842491186,1.82954486271573,1.245499669638647,1.3401361787592858,35.4,10.824599873161567,39.64970486545112,70.87390675069722
1775.0,8,2.0865037695381794,1.829479827033672,1.2455178627561696,1.3400304813990083,32.9,10.819256526992614,39.649654651173236,68.15188000961498
1776.0,7,3.7253747917999482,3.123373133847087,1.6434975924350217,2.656007416574371,35.01428571428571,14.573434784169434,43.76897990349877,80.09186430709465
1777.0,8,2.086352852589501,1.8293496921087848,1.2455543740397665,1.339818867358163,32.825,10.808613465051186,39.64955009541724,82.49586563027617
1778.0,8,2.0862773548458415,1.829284595925678,1.2455726907478344,1.3397129561791106,35.162499999999994,10.80325415513928,39.649495760148724,58.83831794279917
1779.0,8,2.086201844767296,1.8292194905395371,1.2455910458438169,1.3396069912789461,35.525,10.797926511016154,39.64944137322982,75.08315885152359
1780.0,8,2.0861263159536585,1.8291543704716544,1.2456094367756945,1.3395009675363774,37.012499999999996,10.792543406031166,39.64937125041335,65.44436961156913
1781.0,8,2.086050765004361,1.8290892327056625,1.2456278617307577,1.3393948825047264,36.1375,10.787188769941734,39.64930461400942,71.00799645740244
1782.0,8,2.085975191816573,1.8290240769908856,1.2456463199883414,1.339288736498543,35.6875,10.78181171670454,39.649234613202964,77.98026620557901
1783.0,8,2.0858995926223223,1.8289589002293003,1.2456648105476653,1.3391825262044084,34.462500000000006,10.77642704148766,39.64916212048249,80.16257858659417
1784.0,8,2.0858239608688134,1.828893697212892,1.2456833324034975,1.3390762454308416,32.925,10.771061151534733,39.649084642419666,64.87998516596817
1785.0,8,2.085748291326135,1.828828463890634,1.2457018851938002,1.3389698889673314,34.15,10.765702589734582,39.64901401173338,68.30164376887704
1786.0,7,3.726823228695835,3.1244908870373913,1.642904511267721,2.657688482504275,35.87142857142857,14.635310160351684,43.77587996776436,77.28751178543777
1787.0,8,2.085596834226914,1.8286979021462242,1.2457390807322295,1.3387569458458175,34.625,10.754963019525682,39.64885315120763,57.643225788976586
1788.0,8,2.0855210691487627,1.8286325904851752,1.2457577222338043,1.338650383214141,35.15,10.749604342785496,39.648775048806705,75.4133962580351
1789.0,8,2.0854452871982567,1.8285672646107274,1.2457763955047563,1.338543766041714,35.6375,10.744236324753537,39.648688731208374,83.18875433038401
1790.0,7,2.2033305330245083,1.9618275906355527,1.4164426696016088,1.3573715994932136,37.471428571428575,10.73885892811737,36.421623208650836,78.14879974900906
1791.0,7,2.2032494335765924,1.9617589739123034,1.416507541067591,1.357204722149205,36.41428571428572,10.733492614124009,36.42037729634008,75.45778456559734
1792.0,8,2.0852176561175977,1.8283710697185072,1.2458326368629098,1.338223378031787,35.7625,10.728127904696416,39.64842434310508,77.51000704425876
1793.0,8,2.0851416836962717,1.828305598791951,1.2458514578846593,1.33811640280682,37.1375,10.722742031729586,39.648331203736895,79.01696667062647
1794.0,8,2.085065680498362,1.8282401036320193,1.2458703127203252,1.3380093573703342,36.900000000000006,10.717362006196272,39.648230704739234,81.70251506988627
1795.0,8,2.0849896398086654,1.828174579493298,1.2458892027770447,1.3379022339128805,36.7375,10.711996440152728,39.64814396837466,75.62053741601648
1796.0,8,2.0849135556361733,1.828109022067349,1.245908128993187,1.3377950256570454,35.912499999999994,10.706620306608492,39.648046892386446,82.82645316338322
1797.0,8,2.084837437045379,1.8280434376374368,1.2459270889134058,1.3376877434592365,37.3625,10.701246754767768,39.64794836054825,82.7499037939965
1798.0,8,2.0847612831863604,1.8279778257085282,1.245946083126812,1.3375803860789202,37.6875,10.695860564619569,39.64784441178932,75.48459873370084
1799.0,8,2.084685092999698,1.827912185445627,1.245965111476757,1.3374729525053286,38.775000000000006,10.690473495871942,39.6477393130526,81.4071563732015
1800.0,8,2.0846088679281487,1.8278465179349084,1.2459841739101323,1.3373654442568248,38.2375,10.68509441608388,39.647635762961656,75.77214793647249
1801.0,8,2.0845325989337464,1.8277808170324912,1.246003273325511,1.337257850219647,38.075,10.67971125115386,39.64753130114233,82.02393346984249
1802.0,8,2.0844562773808355,1.827715077016338,1.2460224131113717,1.337150159397572,37.0,10.674323306118213,39.64742172887789,78.9879137884476
1803.0,8,2.084379901292197,1.8276492967340598,1.246041594677559,1.3370423688821194,37.400000000000006,10.668929206851937,39.64731299100974,81.13106007299407
1804.0,8,2.0843034672290277,1.8275834738707017,1.2460608192032054,1.3369344743898028,36.8,10.663539078595385,39.64720508241669,69.90400822022208
1805.0,8,2.084226976098406,1.8275176090839103,1.2460800865373685,1.3368264769396199,36.8625,10.658146059965926,39.64709459551321,70.91086443614181
1806.0,8,2.084150428777499,1.8274517027670114,1.24609939552279,1.33671837812749,36.375,10.652745999680482,39.646983577554366,81.88953258104628
1807.0,8,2.084073822479118,1.8273857524698593,1.2461187447184674,1.3366101759268123,36.5,10.647345539044943,39.646871591949605,73.7227222701391
1808.0,8,2.0839971503490315,1.8273197529574252,1.2461381339057556,1.3365018633635595,36.525,10.641950069989688,39.64676176864242,84.2421817215339
1809.0,8,2.083920407886806,1.8272537011406174,1.2461575643798344,1.3363934349849986,37.0625,10.636552968353756,39.646650763610765,78.92518949203132
1810.0,8,2.0838435940116886,1.8271875963737543,1.246177036820424,1.3362848892521255,37.4125,10.631151353610663,39.64653794178686,87.3422317402393
1811.0,8,2.083766706850681,1.8271214374495024,1.246196552069671,1.3361762237059898,36.975,10.625750242204278,39.6464240670517,69.3733113084872
1812.0,8,2.083689744262239,1.8270552233920616,1.2462161127857305,1.3360674345097403,36.4,10.620345869653702,39.64630904472256,76.81799888814874
1813.0,8,2.0836126999214097,1.8269889502765648,1.2462357225402834,1.3359585129401146,36.475,10.614942830151644,39.64619729455168,73.91434594441264
1814.0,8,2.083535563805857,1.8269226107940075,1.2462553824634577,1.3358494479211545,36.5875,10.609535584024758,39.64608620658076,72.31060214137392
1815.0,8,2.0834583358210206,1.826856204703248,1.246275091799672,1.335740239800566,36.900000000000006,10.604127282826402,39.6459771485767,76.91418148579436
1816.0,8,2.0833810156099006,1.8267897317939277,1.2462948507616471,1.3356308880647878,35.8125,10.59870726466435,39.64586279965788,68.3827494504092
1817.0,8,2.083303599835154,1.8267231894197162,1.2463146588025067,1.3355213895770193,34.5125,10.593286050606164,39.645750261064705,70.13463402340129
1818.0,8,2.083226082159369,1.8266565724843855,1.2463345146164722,1.335411738557111,35.125,10.587867171014118,39.6456384470216,67.78485947264294
1819.0,8,2.083148462229454,1.8265898803394693,1.2463544165514349,1.3353019356315219,35.5625,10.58245942349287,39.64553347290519,74.36277607831224
1820.0,8,2.083070745579263,1.8265231166721516,1.2463743624575836,1.335191987822801,35.7875,10.577045166213972,39.64542810515927,67.48206415740133
1821.0,8,2.082992932111911,1.8264562814477985,1.2463943524418124,1.335081894956738,35.9875,10.571640769351497,39.645324844234864,80.6431412153831
1822.0,8,2.082915013896155,1.8263893691244533,1.2464143883752725,1.334971647677176,35.1125,10.5662404905862,39.64521745827635,59.64469879716653
1823.0,8,2.082836988824331,1.8263223780697908,1.2464344700408199,1.3348612439248342,35.587500000000006,10.560840377486231,39.64511735543194,61.02458637331969
1824.0,8,2.08275887051094,1.8262553181516854,1.2464545955695963,1.3347506989174973,35.4875,10.555438743430246,39.64500779150527,59.57819867191058
1825.0,8,2.0826806745106805,1.8261882009134345,1.2464747639742388,1.3346400293452958,36.475,10.5500327887805,39.64490517724754,66.6445250676008
1826.0,8,2.0826024065458415,1.8261210307699591,1.246494975574163,1.3345292409268164,36.8,10.544637598475925,39.64480914973381,65.21089374167126
1827.0,8,2.0825240714988706,1.8260538112645464,1.2465152297055784,1.334418339107277,36.737500000000004,10.539223810214644,39.644700129233335,66.07823670440754
1828.0,8,2.0824456799555304,1.82598655019769,1.2465355254637585,1.3343073353840382,36.550000000000004,10.533827005432514,39.64459705994159,64.0510553258114
1829.0,8,2.0823672446889923,1.8259192567670888,1.2465558608711877,1.3341962441712127,36.55,10.52840459311484,39.64449097265985,64.79596669057193
1830.0,8,2.0822887773583645,1.8258519393535142,1.2465762340680473,1.3340850786579221,37.2125,10.52299206373077,39.644378209928945,61.95828921876859
1831.0,8,2.0822102928709065,1.8257846085105134,1.246596642003507,1.333973856122926,35.862500000000004,10.51756919234558,39.64426817235034,65.24581747391231
1832.0,8,2.0821317969650392,1.8257172680561198,1.2466170824613994,1.3338625838495248,36.0,10.51214064102716,39.644149012460055,63.42214987402168
1833.0,8,2.0820532823943796,1.8256499123821275,1.2466375548841893,1.3337512546697903,37.2,10.506703126380506,39.64402473396294,68.40368563609677
1834.0,8,2.0819747381162625,1.8255825333084517,1.2466580599499455,1.3336398567389705,36.25,10.501290564737834,39.64390670477141,65.16587092611948
1835.0,8,2.081896158018071,1.8255151263309901,1.2466785981242363,1.3335283834408025,36.225,10.495871706725348,39.643786928949,66.98789530710572
1836.0,8,2.0818175523588147,1.8254476985541908,1.2466991666299423,1.3334168470815864,36.65,10.490441293498458,39.64365729539817,73.02764482354979
1837.0,8,2.081738926227952,1.8253802534537944,1.2467197638659244,1.333305253902921,36.9625,10.485026772162367,39.64353017219775,61.65922080255402
1838.0,8,2.081660268405608,1.8253127829800244,1.246740391623686,1.3331935911953297,37.6875,10.479591100977188,39.643390522473986,71.89171444287236
1839.0,8,2.0815815770149935,1.825245285721626,1.2467610498986934,1.3330818570157374,37.775,10.474174319738587,39.64325998570257,72.82132311147313
1840.0,8,2.081502856489097,1.8251777645672702,1.2467817367032084,1.3329700571633667,36.5,10.468757242193044,39.643128164899906,70.88203919813807
1841.0,8,2.0814240994205675,1.825110214123025,1.2468024528600992,1.332858183468232,36.2375,10.463351439644908,39.642988715441184,71.42652129595247
1842.0,8,2.0813452919438213,1.8250426250465162,1.2468232031417752,1.332746218656786,35.5125,10.45793563772636,39.64284852402756,77.13653101738174
1843.0,8,2.081266424331477,1.8249749905054697,1.2468439896960999,1.3326341513443032,34.6875,10.452527789586313,39.64270525229102,70.18153764309157
1844.0,8,2.0811874885866075,1.8249073046033637,1.2468648130910878,1.3325219729032767,34.05,10.447134916673912,39.64257785536097,84.80203199565261
1845.0,8,2.0811084771430486,1.8248395620869582,1.2468856752441924,1.332409674322637,34.9375,10.441728067478026,39.64243189416426,89.44642032822317
1846.0,8,2.08102938705011,1.8247717609610055,1.2469065770922876,1.332297251969216,34.7,10.436337801407154,39.642298025283736,70.76907843521589
1847.0,8,2.0809502220931724,1.8247039039354263,1.2469275179507182,1.3321847101713962,34.6875,10.430939327004207,39.64215246184098,68.07568656099127
1848.0,8,2.0808709849010323,1.8246359932374587,1.2469484987963888,1.3320720510419395,35.55,10.425543451515924,39.642013843097104,84.10257476895656
1849.0,8,2.0807916686996593,1.8245680246073284,1.2469695232233242,1.3319592653574972,35.825,10.42015378862102,39.641876267657594,92.53250589512476
1850.0,8,2.0807122672453047,1.82449999393719,1.2469905937685042,1.331846345090033,36.5125,10.414766400733424,39.64174150148965,84.9213608106839
1851.0,8,2.080632781015908,1.824431901445727,1.2470117097811582,1.331733291121591,36.4875,10.409378279023423,39.641603587112584,82.85155639056624
1852.0,8,2.0805532118188212,1.8243637483399762,1.2470328705377434,1.3316201057566996,36.637499999999996,10.40399294015258,39.641467371924406,73.58268556961659
1853.0,8,2.0804735557140592,1.8242955319040408,1.2470540770919871,1.3315067842610864,37.0875,10.398596284640218,39.64132826873224,83.45311770075988
1854.0,8,2.0803938090265537,1.8242272496317442,1.2470753305406932,1.3313933221463217,37.175,10.393207180921651,39.64119440054434,82.0517986524903
1855.0,8,2.080313969172394,1.8241588996155969,1.2470966310146512,1.3312797166481178,37.474999999999994,10.387819629300935,39.64106064359336,79.05303196514073
1856.0,8,2.080234040639555,1.8240904850199617,1.2471179775114496,1.3311659730131742,37.5125,10.382426796874483,39.64092641097737,82.14971816570511
1857.0,8,2.0801540271718535,1.8240220083209087,1.2471393684838186,1.3310520960566583,37.3625,10.3770359316667,39.64079034090095,83.45073595837384
1858.0,8,2.080073921436216,1.823953464180597,1.2471608047230331,1.3309380776952011,37.449999999999996,10.371638676332086,39.64065420627656,85.04873930080005
1859.0,8,2.0799937190760933,1.8238848492884394,1.2471822860726698,1.3308239135101467,36.975,10.366252768088184,39.640522148480244,85.66857255791555
1860.0,8,2.0799134246819513,1.8238161667591606,1.2472038109834478,1.3307096091936974,36.462500000000006,10.36086259390143,39.64039056857432,84.00167215167944
1861.0,8,2.0798330438261443,1.8237474205853672,1.2472253784903116,1.3305951710950552,36.2,10.355487588898043,39.64025364677788,83.85844960996343
1862.0,8,2.079752575905177,1.823678610397202,1.2472469889021989,1.3304805983909227,35.537499999999994,10.350109405962629,39.640128918925555,88.55908529277237
1863.0,8,2.07967201750522,1.823609733862896,1.2472686432120623,1.330365886927143,34.45,10.34474544953768,39.64000111130535,85.97053810398162
1864.0,8,2.0795913682510454,1.8235407905619525,1.2472903407726061,1.330251036706481,33.9125,10.339369541034694,39.639873829382545,93.8507415769248
1865.0,8,2.07951063285691,1.8234717840053956,1.2473120813310943,1.3301360527514896,33.962500000000006,10.33400377900233,39.63974474912024,95.40847657033584
1866.0,8,2.079429813729016,1.8234027160741628,1.2473338651243089,1.3300209373918468,34.6625,10.328626394778318,39.63961618514847,96.61974008245508
1867.0,8,2.0793489054629077,1.8233335830907842,1.247355693802868,1.3299056840108037,33.7625,10.32325931729486,39.6394922642219,94.0760954539449
1868.0,8,2.079267907221745,1.8232643847300036,1.2473775686259907,1.329790290953273,32.9875,10.317908946957695,39.6393710281245,73.38999294102031
1869.0,8,2.0791868227310024,1.8231951236194124,1.2473994887637991,1.3296747625721927,32.925000000000004,10.312528907199182,39.639234784839815,75.9955720616505
1870.0,8,2.0791056508514085,1.8231257987987606,1.2474214537305828,1.329559097978837,34.7625,10.307162141268488,39.639112831091836,104.043456734603
1871.0,8,2.079024391356124,1.823056409899877,1.2474434626200208,1.3294432974909463,35.9875,10.301806048803222,39.63899357062322,91.34238626479076
1872.0,8,2.0789430445449986,1.8229869572665405,1.2474655158868657,1.3293273611255567,36.7,10.29644441500235,39.638871215165395,93.97120634931235
1873.0,8,2.078861612033164,1.8229174420213812,1.2474876130674961,1.329211290829617,36.487500000000004,10.291090079187228,39.638749314130706,105.42496483937433
1874.0,8,2.0787800981813374,1.8228478673617923,1.2475097537182898,1.3290950913772748,37.0375,10.28573668777348,39.63862940755871,96.53758411194276
1875.0,8,2.0786985126324415,1.8227782406651702,1.247531938254227,1.3289787724708266,36.2875,10.280370472273054,39.638506512622456,96.47398621221984
1876.0,8,2.0786168597789687,1.8227085653491089,1.2475541670922645,1.328862338381118,36.525,10.275008627642888,39.63838479075032,98.4406510559376
1877.0,8,2.0785351459407106,1.8226388462902832,1.2475764406792076,1.3287457953531119,36.4875,10.269650286335423,39.63826318033162,92.93528134543864
1878.0,8,2.0784533796680336,1.822569089867975,1.2475987586960795,1.3286291524131857,36.7125,10.264284902772598,39.63814167541548,96.07069926382364
1879.0,8,2.078371559538365,1.8224992950932284,1.2476211214693682,1.3285124078753763,36.725,10.25891826252272,39.63801905290215,96.28832910679508
1880.0,8,2.0782896804495445,1.8224294581307983,1.2476435290106298,1.3283955564442453,36.8125,10.25354675875735,39.63789575989601,105.47769023131492
1881.0,8,2.078207745593323,1.8223595812509845,1.2476659806983592,1.3282786017945427,36.6125,10.24816656000333,39.63777111563435,98.32427741638712
1882.0,8,2.078125758939768,1.822289667274085,1.2476884757611493,1.3281615484972884,36.425,10.242783068036156,39.63764595571679,87.68235834213735
1883.0,8,2.0780437136168493,1.8222197111296583,1.2477110146224546,1.328044389175023,36.3875,10.237408531645084,39.63752267505832,101.87234540924796
1884.0,8,2.077961608501695,1.822149711903337,1.24773359695151,1.3279271228602347,35.887499999999996,10.232041955574834,39.63740356724563,97.4990492579842
1885.0,8,2.0778794467941277,1.8220796718724017,1.2477562221318441,1.327809753233462,35.9625,10.226652619256184,39.63727683939198,87.99456805025144
1886.0,7,2.2711344674150493,2.0067098439229656,1.39259667852841,1.4448387067935897,36.67142857142857,10.221280522290469,36.031375207723265,102.16908739377511
1887.0,8,2.077714956345737,1.82193947208155,1.2478016035739445,1.3275747052603442,35.2625,10.215882518206216,39.6370220464432,107.89736419645776
1888.0,8,2.077632620641755,1.8218693072506669,1.2478243605151234,1.3274570192691921,34.8125,10.21050276557691,39.63689643524487,99.09597030985844
1889.0,8,2.077550225090576,1.8217990996526763,1.247847162274255,1.3273392253299048,35.5375,10.20512503440073,39.63677466417188,99.05309207017976
1890.0,8,2.0774677764214133,1.8217288543543706,1.2478700088160248,1.3272213304060412,35.85,10.199712917866789,39.636641693237834,112.84306462818088
1891.0,8,2.0773852758537052,1.8216585722938543,1.2478929001855612,1.327103335719624,35.25,10.194322909292874,39.636516002608275,85.58886443780874
1892.0,8,2.077302720123018,1.8215882509604115,1.2479158361274552,1.3269852380412248,35.4125,10.188919964045342,39.636387547022245,102.55336489203722
1893.0,8,2.0772201076889525,1.8215178890449886,1.24793881593731,1.3268670362127082,35.0625,10.18351438718102,39.63625742091865,91.377485396393
1894.0,8,2.077137434593443,1.821447483588313,1.2479618396818122,1.3267487260850055,34.949999999999996,10.17810760070582,39.63612633925588,86.97677392191136
1895.0,8,2.077054701159516,1.8213770346263247,1.247984906421117,1.3266303085672586,35.3375,10.17270295799903,39.63599738622403,93.769893139932
1896.0,8,2.076971911547034,1.821306545260554,1.2480080159785463,1.3265117880600332,35.5,10.167314527866711,39.635869550592375,87.09700041478683
1897.0,8,2.0768890686120116,1.8212360176259146,1.248031168255021,1.3263931675645455,35.35,10.161901553702313,39.63573880152285,89.06646380581088
1898.0,8,2.076806170217588,1.8211654501056822,1.2480543631712437,1.3262744449124597,34.925,10.1564768683445,39.63560295013278,90.05245727510285
1899.0,8,2.076723214056409,1.8210948410121937,1.248077600906219,1.3261556175944824,34.699999999999996,10.151065569870914,39.635470393359945,91.47204992596674
1900.0,8,2.076640200324363,1.821024190540443,1.2481008816184436,1.326036685705467,35.8625,10.145657807724549,39.635339900008915,81.79821510400822
1901.0,8,2.0765571320414566,1.8209535007296183,1.2481242042539413,1.325917653014288,35.0125,10.14024083615036,39.63520572004643,94.64742799601684
1902.0,8,2.076474013586076,1.8208827744681375,1.2481475669947588,1.3257985251763729,34.6375,10.1348174871756,39.63506819383611,95.4233746413485
1903.0,8,2.076390841572765,1.820812009090297,1.2481709692802672,1.3256792990363102,35.2,10.129408887666608,39.634935413526776,87.33337447058895
1904.0,7,2.270744597330073,2.006419270525763,1.393326817346107,1.443730816046157,36.54285714285714,10.123986886657743,36.03329157052432,85.01792793040143
1905.0,8,2.076224329446735,1.8206703551874008,1.2482178913857755,1.3254405448312891,36.025,10.118585659033863,39.63466453236339,75.64115080360311
1906.0,8,2.076140991676036,1.8205994684021722,1.2482414110179687,1.3253210192878337,35.225,10.113158402326562,39.63452146051478,95.09412677862755
1907.0,8,2.0760576044449115,1.8205285458680591,1.248264971268617,1.325201398967051,34.6875,10.107757833803216,39.63438632647269,83.42480621191679
1908.0,8,2.0759741611438973,1.820457582885957,1.2482885732835938,1.325081676311536,34.7,10.10235595090874,39.63424710271867,87.01796913571499
1909.0,8,2.07589065572462,1.8203865748468928,1.2483122167642076,1.3249618452468856,35.8,10.096948282584634,39.63410731544054,76.2217209802236
1910.0,8,2.0758070943864944,1.8203155261119426,1.2483359003387908,1.3248419130332265,35.325,10.09152261588942,39.63396396686659,84.99564612402501
1911.0,8,2.075723482035246,1.820244439956943,1.2483596221467852,1.3247218859019811,35.775000000000006,10.086109303717166,39.633825872544236,96.56028524282225
1912.0,8,2.075639814782427,1.8201733127159374,1.2483833788828325,1.3246017619089867,35.1875,10.080700881811357,39.63368198059466,91.5721765612298
1913.0,8,2.0755560869733785,1.8201021398411918,1.2484071691903158,1.324481536061831,35.575,10.07530326004924,39.63354327019229,83.31273277778824
1914.0,8,2.0754722978637283,1.8200309207575274,1.248430992942539,1.3243612076673037,35.625,10.069905333528736,39.63339804797015,83.48617316065487
1915.0,8,2.0753884494525265,1.819959656991708,1.2484548501880237,1.3242407787556516,36.25,10.064521332413072,39.63325614477577,84.92924543177288
1916.0,8,2.075304542880952,1.8198883497113933,1.24847874222983,1.324120249681078,35.5,10.05914699339589,39.63311808836186,81.69934893951029
1917.0,8,2.075220579439293,1.8198170006136305,1.2485026722109627,1.3239996197901553,35.4125,10.053757082544914,39.632970215486125,82.80628405882078
1918.0,8,2.075136558464122,1.8197456099146994,1.2485266432364746,1.3238788864289974,35.85,10.048376606947905,39.6328231863903,65.98385740199308
1919.0,8,2.0750524813913263,1.8196741786613617,1.2485506551140302,1.32375805119411,36.0375,10.042992213546343,39.632681033631115,80.47015260962074
1920.0,8,2.0749683540178485,1.819602710865808,1.248574706278078,1.3236371210542592,36.1875,10.037621349925262,39.63253657670029,81.43250964998781
1921.0,8,2.074884176583825,1.819531206948621,1.2485987977413875,1.323516095609973,35.650000000000006,10.032227632630612,39.632386533760865,76.29994422829883
1922.0,8,2.074799945054886,1.8194596643677055,1.248622931627392,1.3233949693403178,34.962500000000006,10.026844180632375,39.6322386899442,77.46460119644051
1923.0,8,2.07471566065943,1.8193880842268049,1.2486471086870445,1.3232737430305068,34.4,10.021477827901789,39.63209697515728,82.00457545009081
1924.0,8,2.0746313247492707,1.8193164673150244,1.2486713278799269,1.323152418723633,33.574999999999996,10.016082163158266,39.63194430836058,85.19255393404792
1925.0,7,2.270243555146011,2.006043021272042,1.3941850033564382,1.4423788613295299,35.114285714285714,10.010718873940103,36.03539530713584,57.73472784524902
1926.0,7,2.2702184569808135,2.006024106015463,1.39422603618691,1.442312890441486,35.2,10.005330175662074,36.03549037622129,76.55947202176533
1927.0,8,2.074377982421396,1.819101376071327,1.2487442346529034,1.3227878336474561,33.95,9.99995037272496,39.63150569768303,85.23091853717578
1928.0,8,2.0742934279068694,1.8190296019780803,1.2487686189668388,1.3226661064517329,34.0625,9.994558494437667,39.63135278695906,81.77128330758345
1929.0,8,2.074208820395876,1.8189577896716833,1.2487930437358794,1.3225442807423025,34.375,9.989186535619334,39.63120774557819,74.10174706959363
1930.0,8,2.0741241619002917,1.8188859406534335,1.2488175088672169,1.3224223586484782,33.45,9.983813503358904,39.6310585327301,77.72395907680682
1931.0,8,2.0740394627231726,1.818814062867215,1.248842015231676,1.3223003502516484,33.712500000000006,9.97841137157139,39.63090165773767,58.52088484356969
1932.0,7,3.735437687104208,3.1306955497470432,1.6321634880096916,2.671572004197899,36.285714285714285,15.543018186849787,43.86756441590103,83.11271402257788
1933.0,8,2.073869975275586,1.8186702458081916,1.2488911518344614,1.32205610843777,34.5125,9.967654369715513,39.630596213682004,68.1431998757908
1934.0,7,3.7353871742213838,3.1306448482986426,1.6319902240605686,2.6716184373427216,37.67142857142857,15.55552383436226,43.86874994105474,72.02850651584677
1935.0,7,3.7353602490146876,3.130618149024784,1.631903314577165,2.6716402390433163,38.042857142857144,15.561783736549094,43.869340173696855,73.22554475766337
1936.0,7,3.7353322602168704,3.1305905852341462,1.6318162137443228,2.6716611418587153,37.31428571428571,15.568054480612885,43.869931438638936,77.4588547574608
1937.0,8,2.0735307426081224,1.8183824398695665,1.2489899201331243,1.3215668265478857,36.325,9.946015010582052,39.629950845709885,76.72896065369055
1938.0,8,2.07344587179857,1.8183104426464862,1.2490147008181267,1.3214443397197877,36.5625,9.940605389222966,39.62978185718867,80.11213647511609
1939.0,8,2.0733609707303176,1.8182384231510396,1.2490395165523376,1.321321781215114,36.7375,9.935214213520826,39.62962072280193,74.63401222710847
1940.0,8,2.0732760455859767,1.818166387451585,1.2490643736567548,1.3211991533906635,36.387499999999996,9.929791198840286,39.629447362641,79.83621947539329
1941.0,8,2.073191101979873,1.8180943396358349,1.2490892715422792,1.321076462410046,35.3875,9.924394371760634,39.62928314979055,81.40536950667797
1942.0,8,2.073106139114455,1.8180222786145859,1.2491142079929851,1.3209537088516874,34.7,9.918992880689055,39.62911177819328,64.90805806092241
1943.0,8,2.073021149196723,1.8179501985667825,1.2491391831071097,1.320830884593295,34.587500000000006,9.913584323792284,39.62893671651855,64.19888836574124
1944.0,8,2.072936131620915,1.8178780989616687,1.249164196506004,1.3207079892436482,36.137499999999996,9.908165127116202,39.62876107914984,83.96709232669711
1945.0,8,2.072851088753726,1.8178059813301524,1.249189247059482,1.3205850259603291,36.2125,9.902742285978457,39.62858328957722,93.56851886459371
1946.0,8,2.0727660182163676,1.8177338437452009,1.249214334100647,1.3204619927033796,35.5875,9.89732786315802,39.628405448586236,87.35403641513659
1947.0,8,2.0726809182493104,1.817661684923727,1.2492394577530115,1.3203388875711888,35.087500000000006,9.891907424244003,39.628224225588454,91.25873192821562
1948.0,8,2.072595783147151,1.817589500722909,1.249264618594676,1.3202157042944356,35.675,9.886486812665323,39.628039502312895,106.97120770549132
1949.0,8,2.07251059906479,1.8175172808061204,1.2492898168036304,1.32009242845326,34.65,9.881066095574266,39.62785321085427,77.88984548438229
1950.0,8,2.0724253513053847,1.8174450141369045,1.2493150522716117,1.3199690449319914,35.0125,9.875664260367436,39.62767093103655,76.47282399728019
1951.0,8,2.072340040064135,1.817372700942234,1.2493403253009363,1.3198455537323381,34.800000000000004,9.87025693566894,39.627487750663065,62.613125970142185
1952.0,8,2.072254672154617,1.8173003464132222,1.2493656361937733,1.3197219616918352,35.075,9.864849760207704,39.62729903083505,58.6206147426171
1953.0,8,2.0721692508666365,1.8172279532749416,1.249390986050404,1.3195982714977437,35.087500000000006,9.859449022141806,39.62711547728193,60.41811802140116
1954.0,8,2.0720837726407053,1.8171555192603188,1.2494163766223927,1.3194744783458336,36.5,9.85405475604644,39.62693220606634,61.80081433508361
1955.0,8,2.071998242732663,1.8170830481458533,1.2494418071210598,1.3193505881596013,36.55,9.84865732967387,39.62674693729189,62.22647473079578
1956.0,8,2.071912668946658,1.8170105459617563,1.2494672782960252,1.319226608511124,36.1,9.843254281977048,39.62655879447188,60.331746847228736
1957.0,8,2.071827060638067,1.8169380199883574,1.2494927913024754,1.3191025483116774,35.925,9.837859109097568,39.62637057420991,57.96465729751839
1958.0,8,2.0717414184425613,1.816865470702893,1.249518346105917,1.318978408230089,35.862500000000004,9.832462093179872,39.626181934598506,61.31547120432392
1959.0,8,2.0716557320647344,1.816792890840002,1.2495439447101298,1.3188541763383168,35.7,9.827051961394217,39.62598988693331,59.98139620150073
1960.0,8,2.071569998939212,1.8167202786648364,1.249569587919596,1.3187298494606439,36.175,9.821645409442336,39.62580005316701,59.81412835560207
1961.0,8,2.0714842152880744,1.816647631610211,1.2495952768891103,1.3186054229417594,35.775000000000006,9.816228715183591,39.625606058762834,65.26292101503898
1962.0,8,2.071398380173178,1.8165749490061458,1.2496210117265747,1.3184808957311946,35.625,9.810823485280672,39.625417096292075,63.24476591924843
1963.0,8,2.0713124976469897,1.8165022338024588,1.2496467919983227,1.318356272279092,36.25,9.805393534531182,39.62521676596981,61.739406186812325
1964.0,8,2.0712265685709896,1.8164294864696238,1.249672616870121,1.3182315540000114,36.074999999999996,9.79997931620881,39.62502733423466,61.66335488003856
1965.0,8,2.0711405943499495,1.816356708027822,1.2496984861580156,1.3181067424499546,36.5875,9.794556123427853,39.62483107815298,59.40070725123948
1966.0,8,2.0710545773806563,1.8162839001862738,1.2497243994265483,1.3179818403733095,36.325,9.789126883211145,39.6246328066034,60.363520584159566
1967.0,8,2.0709685179588213,1.8162110631237338,1.2497503564451715,1.3178568482115993,36.45,9.783705144213345,39.62443894758552,56.84713719257408
1968.0,8,2.0708824167624607,1.8161381976554993,1.249776358564078,1.317731765784554,35.25,9.77827313493605,39.62424405654046,62.79227995858693
1969.0,8,2.0707962761729126,1.8160653059053191,1.2498024072808513,1.3176065945751674,35.375,9.772846142002798,39.62404823222643,62.56026291387127
1970.0,8,2.070710097382811,1.8159923887556546,1.2498285025169205,1.3174813358506376,35.762499999999996,9.767402786787226,39.62384787919778,57.86149398585447
1971.0,8,2.0706238785701214,1.8159194448405274,1.2498546442289014,1.317355987745672,36.162499999999994,9.761955227255916,39.6236481655923,53.09455557163683
1972.0,8,2.0705376208090955,1.8158464746145555,1.2498808307982505,1.3172305523989278,36.1,9.756512833993796,39.62344931259135,53.27040365390047
1973.0,8,2.0704513231097144,1.8157734769105287,1.2499070602581508,1.3171050300445206,35.3125,9.75105683594887,39.62324701052518,57.9729530989732
1974.0,8,2.070364978659658,1.8157004465924205,1.249933332415176,1.3169794137621924,35.2875,9.745606923945026,39.62304140077636,59.698633505057785
1975.0,8,2.070278584290192,1.8156273812989425,1.249959647273433,1.3168537002683824,35.0375,9.740161297516009,39.62284067817174,58.613518479168434
1976.0,8,2.0701921395127503,1.8155542805025149,1.2499860040551876,1.3167278895493741,36.22500000000001,9.734703489360376,39.622634014142655,54.57281710434575
1977.0,8,2.0701056498418064,1.8154811480317932,1.2500124013438318,1.31660198820504,36.45,9.7292494400152,39.62242615879735,56.256609299173846
1978.0,8,2.070019113455074,1.815407982524435,1.250038839099828,1.3164759943711066,35.9,9.723804165757556,39.62222229096447,57.40902549196294
1979.0,8,2.0699325231275423,1.815334778886197,1.2500653187069535,1.3163498996846852,36.1625,9.718348714674184,39.622015656665255,60.93011988693786
1980.0,8,2.069845881704019,1.815261539120035,1.2500918395374716,1.3162237074791878,36.075,9.712889418718436,39.62180480018328,64.23222691015842
1981.0,8,2.0697591893585163,1.8151882634026164,1.2501184017507911,1.316097417822349,36.0125,9.707447289302628,39.62159940977266,62.87952870572244
1982.0,8,2.069672446906338,1.8151149522933159,1.2501450050642384,1.3159710317296889,35.3625,9.70199876678293,39.62139157508747,57.909783157254985
1983.0,8,2.0695856542253823,1.8150416057363008,1.2501716495846662,1.3158445489983093,35.4,9.696556216642492,39.621184445062006,59.64072246353621
1984.0,8,2.0694988068329314,1.8149682205498392,1.2501983360572504,1.3157179645066537,35.6125,9.691107017422372,39.620973079179834,61.65782551241008
1985.0,8,2.069411909904505,1.8148948004185237,1.2502250635623176,1.315591284186237,36.3,9.68565806618296,39.62076262574425,65.77278251932195
1986.0,8,2.0693249673688756,1.8148213480168873,1.2502518308400024,1.3154645128999316,36.2875,9.680223237905146,39.62055835731,59.48891009506095
1987.0,8,2.0692379730644586,1.814747859025805,1.2502786391688578,1.315337643450081,36.0125,9.674775905769804,39.62034750439367,71.74983991977824
1988.0,8,2.0691509261078513,1.8146743328513961,1.2503054888020368,1.3152106747518284,36.0875,9.669343154356932,39.62013750277195,69.777576580946
1989.0,8,2.0690638325028297,1.814600773798515,1.2503323788325331,1.315083613582478,36.1875,9.663893375532036,39.61992423854305,71.28828927884112
1990.0,8,2.0689766902190088,1.8145271805226704,1.2503593100050097,1.3149564573548995,35.6625,9.65846536273062,39.619716895674685,69.8295857445199
1991.0,8,2.068889498255071,1.8144535522766658,1.2503862822779894,1.3148292050530515,36.025000000000006,9.653026279064552,39.61950359874744,74.45391897141113
1992.0,8,2.06880225801273,1.814379890081269,1.2504132954727443,1.314701858231101,35.5,9.647591775632405,39.61929261837933,68.3265530331647
1993.0,8,2.068714966482918,1.8143061919125634,1.2504403505746813,1.3145744131341275,36.3875,9.642145156524592,39.61907556726092,73.14545772176315
1994.0,8,2.0686276236480694,1.8142324577061282,1.250467447298548,1.3144468699194622,36.25,9.636711151781244,39.61886161203657,70.80608300261031
1995.0,8,2.0685402315639947,1.8141586890260408,1.2504945857113476,1.3143192306571825,36.6125,9.631272155637472,39.618645551862954,75.90378566371493
1996.0,8,2.06845279093147,1.8140848864320969,1.2505217659252263,1.314191495988544,36.6625,9.625844427357002,39.61843435538084,76.5814225955204
1997.0,8,2.0683652909370345,1.8140110423688915,1.2505489903307463,1.3140636531839023,36.075,9.620403485824667,39.618219235931804,74.97831950915662
1998.0,8,2.0682777169254103,1.8139371465332255,1.250576261883157,1.313935685179244,36.025000000000006,9.61496962740794,39.61800626271403,81.8238148405526
1999.0,8,2.0681900621012472,1.8138631940760213,1.2506035815874013,1.3138075842924755,35.5875,9.609539770376246,39.61779233568734,77.08639415390334
2000.0,8,2.0681023258837063,1.8137891844900371,1.2506309490431289,1.3136793501720714,35.25,9.60411135543788,39.617583810215564,80.11687593142321
2001.0,8,2.068014514490889,1.8137151222175463,1.2506583632399706,1.3135509898814464,34.9875,9.598690677127966,39.61737461192507,78.48274630952321
2002.0,8,2.067926627772797,1.8136410071497393,1.2506858241283816,1.3134225032865212,34.8,9.59325824775787,39.61716508182387,76.8394278332988
2003.0,8,2.0678386642129434,1.8135668381640235,1.2507133316935557,1.3132938888201147,33.625,9.587830572526094,39.6169576121675,92.07962508765264
2004.0,8,2.067750621184781,1.8134926132968987,1.2507408858723847,1.313165143799354,33.6,9.58240548500766,39.6167517010084,60.74982188583207
2005.0,8,2.0676624979633593,1.8134183319888024,1.2507684865255215,1.3130362675523117,33.45,9.576993010197349,39.61654586783398,121.12358988033576
2006.0,7,3.730592204857658,3.1264158420273085,1.6252893588263488,2.6707509276166435,35.142857142857146,16.006541812581904,43.908455291844824,84.98485803894903
2007.0,7,3.730483109216113,3.126322975076129,1.6251904002320907,2.670702437090721,35.800000000000004,16.012827573634553,43.90899347012742,76.27924006756568
2008.0,7,3.730372786989419,3.1262291296193796,1.6250912966669642,2.6706528880365616,35.871428571428574,16.019094394097014,43.90954067342602,78.67579764967105
2009.0,8,2.0673091845197487,1.8131206272111526,1.2508793468728998,1.3125194354314875,36.425,9.555329913660705,39.61573961347645,84.783593189644
2010.0,8,2.0672206528308155,1.8130460568019453,1.250907172899967,1.3123898997144465,36.5375,9.549929404620883,39.6155416023346,87.0602672319267
2011.0,8,2.0671320561067192,1.8129714406888375,1.2509350422703198,1.312260250397577,36.4875,9.544518829905162,39.615342809512235,83.11370905788182
2012.0,8,2.067043408462097,1.8128967894803365,1.2509629552120658,1.3121305018919447,36.1375,9.53912043946786,39.615146918243425,91.728702491625
2013.0,8,2.0669547181011154,1.812822109412983,1.2509909121730984,1.3120006623614398,37.3625,9.53372017140712,39.61495172434934,88.08022779671596
2014.0,8,2.0668659861765173,1.8127474014576517,1.2510189136158099,1.3118707326817636,37.25,9.52830447472595,39.61475112990407,80.3257186961965
2015.0,7,3.729567335642735,3.1255456292772292,1.6243933341717507,2.670277471835534,37.91428571428571,16.06308181956311,43.91335795117576,84.07111736869506
2016.0,8,2.0666884023548704,1.8125979055254295,1.2510750503190669,1.3116106074534157,35.5125,9.517490232927576,39.61435228151488,86.01060714195788
2017.0,7,3.729326832994091,3.125342011288362,1.6241924858315344,2.6701613165672904,35.642857142857146,16.07566574065868,43.91444742818196,100.56221508606492
2018.0,7,3.7292049170250854,3.12523885948353,1.6240918103455841,2.6701018183571796,36.471428571428575,16.081970623158785,43.91498919388597,100.98815117567936
2019.0,7,3.729081905327455,3.1251348224983655,1.62399096476237,2.6700413864137156,36.68571428571429,16.088266506862844,43.9155311934591,86.10618026140043
2020.0,7,3.7289578202769924,3.1250299162132884,1.6238899457040235,2.669980041399077,37.385714285714286,16.094575167788904,43.91606784940659,88.29437731300655
2021.0,7,3.7288326766128663,3.124924151109445,1.6237887511391755,2.6699177968358807,36.942857142857136,16.100880637158543,43.916600857601615,83.99639985310226
2022.0,7,3.728706469641896,3.124817523903612,1.6236873822967912,2.6698546481532084,36.971428571428575,16.10722396795737,43.91714426041523,87.13932890274968
2023.0,7,3.728579198183878,3.1247100337680895,1.623585840645343,2.669790593508586,36.628571428571426,16.113541462210957,43.91767128219429,86.16326349285362
2024.0,7,3.728450887642408,3.12460169871134,1.623484122701346,2.6697256561164546,36.728571428571435,16.119874248362084,43.91820386574927,86.33671608137891
2025.0,7,3.7283215574055495,3.1244925324726935,1.6233822263686464,2.6696598533498612,36.91428571428571,16.1262051158315,43.91873131981203,79.06701797685702
2026.0,7,3.728191205025651,3.1243825333205733,1.6232801533689643,2.6695931821528753,36.9,16.132533442734786,43.919256680480885,77.19843785097164
2027.0,7,3.7280598252132506,3.124271697523645,1.6231779056554771,2.66952563698856,36.01428571428572,16.138868561583465,43.91977660635572,87.94381265138551
2028.0,7,3.7279274326934093,3.124160035488916,1.6230754824269544,2.66945723054156,36.65714285714285,16.145208170021835,43.92029680327424,85.88747481315849
2029.0,8,2.065533748122217,1.8116261916173284,1.2514441185181229,1.3099149118856168,35.7,9.446607241143482,39.611539194185056,81.07428753546971
2030.0,8,2.0654449702101543,1.8115514904311136,1.251472784252577,1.3097842084703462,35.0875,9.441119068621,39.61129990077664,79.2530231755617
2031.0,8,2.0653561977305386,1.8114767944061727,1.2515014844589223,1.309653469841995,35.8625,9.435643067804024,39.61106239968409,86.97034635082638
2032.0,8,2.0652674301230767,1.8114021029687066,1.2515302183822226,1.3095226959146602,36.525000000000006,9.430144251183243,39.61081713949093,86.83927039654614
2033.0,8,2.06517866016761,1.8113274108808834,1.2515589866813122,1.30939187879935,36.3625,9.424655056527588,39.61057054097837,84.14948775509413
2034.0,8,2.0650898747041895,1.811252708976372,1.2515877923718792,1.3092610029172684,36.6375,9.419168252066171,39.610323884790915,77.63067097511976
2035.0,8,2.065001064247058,1.8111779907626853,1.2516166381504117,1.3091300566896396,37.025,9.413682893821353,39.610074812749716,75.90086657148241
2036.0,8,2.0649122237507047,1.8111032527321902,1.2516455251731762,1.3089990341368032,36.5,9.408193905102944,39.609824637607794,82.78740054729187
2037.0,8,2.064823346123748,1.811028490034384,1.251674455456144,1.3088679265971743,36.224999999999994,9.402714201590308,39.60958105655568,78.5336977625277
2038.0,8,2.0647344295237957,1.8109537015240802,1.2517034300247027,1.3087367314812253,36.0,9.397218863320695,39.60932528304537,83.4934557550754
2039.0,8,2.0646454749820085,1.8108788879015951,1.2517324485105972,1.3086054500854651,36.0125,9.391731092760892,39.60907614870443,74.52970000341482
2040.0,8,2.0645564839507697,1.8108040502550216,1.2517615108838918,1.3084740839197646,34.325,9.38623537575728,39.60882002623135,85.46658302765093
2041.0,8,2.064467454469943,1.8107291870578015,1.2517906168012451,1.3083426311755515,35.6875,9.380735090629509,39.60856710677266,73.82217768147898
2042.0,7,3.7259660916921287,3.1225089595664195,1.6216237658055597,2.6684074960071524,37.199999999999996,16.233784001843073,43.92732121980053,74.79158350988438
2043.0,8,2.06428925245274,1.8105793638849934,1.2518489615598853,1.3080794358018264,33.5875,9.369743703727268,39.60805484758731,84.64071773891634
2044.0,8,2.064200051902899,1.8105043839836303,1.2518782048204697,1.3079476613073717,35.5,9.364256612142,39.60780908422848,77.10608346851356
2045.0,8,2.0641107670286685,1.810429346165732,1.251907500054322,1.3078157472541063,35.05,9.358755848183684,39.607554761685805,83.50935142232812
2046.0,7,3.725364764269703,3.122004324859048,1.6212035133172227,2.6680723702415747,36.51428571428571,16.259133229478362,43.92931202019954,76.14056498274748
2047.0,8,2.0639319465134958,1.8102790991941593,1.2519662498060302,1.3075515004487743,35.4375,9.34776330249412,39.607052915400956,86.20241357196818
2048.0,8,2.0638424088971266,1.8102038884217126,1.251995703510244,1.3074191661624734,35.6375,9.342261810040764,39.6068093445292,74.07480710174264
2049.0,8,2.063752782205153,1.8101286162724617,1.252025209304326,1.3072866872705906,33.8,9.336763804149689,39.60656625562084,70.5431051526986
2050.0,8,2.0636630656237354,1.8100532819739628,1.252054766334807,1.3071540634841041,33.625,9.331273238532658,39.60632657237963,78.07916657086943
2051.0,8,2.063573265284504,1.8099778898741647,1.2520843734879867,1.307021301854155,34.650000000000006,9.325773802186204,39.606085462439225,93.08904541695657
2052.0,7,3.7244240172109673,3.1212166934183507,1.6205692733623767,2.667536106129985,35.22857142857143,16.29727324514604,43.93235557001264,88.07945083044626
2053.0,8,2.0633933984912596,1.8098269211792235,1.2521437377220666,1.3067553499827271,35.1375,9.31481683029808,39.60561262485833,76.82973508547235
2054.0,8,2.0633033314969143,1.8097513437232353,1.2521734924871186,1.3066221606955346,35.3625,9.309328335010932,39.60538007701282,74.84953382841522
2055.0,8,2.0632131896653685,1.8096757144528304,1.2522032939571477,1.3064888449899723,36.25,9.3038356297981,39.6051448965815,76.60001469497044
2056.0,8,2.063122988532329,1.8096000445887135,1.252233140387872,1.3063554200483887,36.3875,9.298362167637936,39.604921569394186,78.70904967272047
2057.0,8,2.063032747977992,1.809524348606616,1.2522630301317192,1.3062219074741943,35.9125,9.292896322239065,39.604692229546416,71.30517115069087
2058.0,8,2.062942474584436,1.8094486314067213,1.2522929631234259,1.306088314093349,36.0,9.287399920111197,39.604449986023305,75.42326888294974
2059.0,8,2.0628521666790878,1.809372891916829,1.2523229401413558,1.3059546376498608,36.55,9.281903343129668,39.60420618329958,78.8483216018718
2060.0,8,2.0627618201487072,1.8092971271281428,1.2523529613969615,1.3058208737473955,36.6,9.276423713275223,39.60397932323703,74.30352863374871
2061.0,8,2.0626714354209583,1.809221337383513,1.25238302695553,1.305687022772874,35.949999999999996,9.270934934861115,39.603744628921234,85.6261970527013
2062.0,7,3.7227584036854937,3.1198261775157587,1.619501371701331,2.6665578345443963,36.771428571428565,16.360971172642135,43.937523324162434,76.48783970655379
2063.0,7,3.722585588621541,3.119682107103699,1.6193937750402145,2.6664546219172713,36.14285714285715,16.36734211552586,43.93803979826135,67.14083088424024
2064.0,7,3.722411652239845,3.119537135531882,1.619286030919575,2.666350443964782,36.04285714285714,16.373716249849533,43.938551962134646,70.91166503764035
2065.0,7,3.7222366043897943,3.1193912698295425,1.619178138309917,2.6662453095519916,36.98571428571429,16.38009558904283,43.93906269039418,77.2634484659471
2066.0,7,3.722060438304028,3.1192445053059985,1.6190700979558992,2.666139212754416,37.18571428571429,16.386481135615522,43.93957922185442,64.61449601421275
2067.0,7,3.7218831474834904,3.1190968374488395,1.6189619107990452,2.666032147736643,37.81428571428571,16.392862513722253,43.94009280931365,65.18585355512799
2068.0,7,3.7217047256234754,3.118948261874234,1.6188535779207003,2.665924108728839,37.142857142857146,16.39925154763355,43.940605416536236,53.41028423248386
2069.0,7,3.7215251682762935,3.118798775478678,1.618745100639192,2.665815091315209,38.457142857142856,16.405634187638245,43.94111886363858,77.36297600823849
2070.0,7,3.7213444806348996,3.118648381952797,1.6186364792179433,2.6657050996690796,38.31428571428571,16.41201830291998,43.94162299364871,66.92551547131832
2071.0,7,3.721162687228385,3.11849709862663,1.6185277118253323,2.6655941551924522,37.457142857142856,16.418408865392315,43.942137840558196,53.94111167113721
2072.0,7,3.720979800181578,3.1183449340768754,1.6184187979983025,2.6654822682150114,37.0,16.424792331798358,43.942647281164,66.045976926972
2073.0,7,3.720795823815082,3.1181918914341638,1.618309737283613,2.665369442688726,37.6,16.431170830211315,43.94315619236113,68.3810778549609
2074.0,7,3.72061073860519,3.118037957042406,1.6182005314903884,2.6652556615532035,37.91428571428571,16.43753527226048,43.94365596121442,60.28436782402233
2075.0,7,3.720424518687712,3.117883112659002,1.6180911848328519,2.665140900922577,37.128571428571426,16.443942802090966,43.944174477710455,62.10960269595753
2076.0,7,3.7202371324592436,3.1177273359198776,1.6179817032051365,2.6650251310701485,36.642857142857146,16.450315973253726,43.944679102912765,60.98844740831737
2077.0,7,3.7200485904426106,3.1175706341922322,1.6178720873718093,2.6649083601656813,36.300000000000004,16.456692198346005,43.9451828456529,56.07407160371727
2078.0,7,3.719858943885661,3.1174130437009953,1.6177623318015744,2.6647906339600183,37.699999999999996,16.463057021199507,43.945686371667485,59.91290006785356
2079.0,7,3.719668224387769,3.1172545868237966,1.6176524328334398,2.664671980867824,37.885714285714286,16.469415548902795,43.946195839725206,60.85392431809954
2080.0,7,3.719476455513587,3.1170952802689893,1.6175423878574853,2.664552422032547,37.800000000000004,16.47577864004166,43.946701096025656,63.28509469533847
2081.0,7,3.719283650946006,3.1169351337900335,1.6174321951505826,2.664431969922494,37.27142857142858,16.48212144825857,43.94720783150514,70.64217294035441
2082.0,7,3.719089801878914,3.116774141317599,1.617321855019621,2.6643106172633004,36.6,16.488462811767295,43.94770831355944,73.16728180287424
2083.0,7,3.7188948785425304,3.116612282011332,1.6172113698155257,2.6641883382605056,36.214285714285715,16.4947849512831,43.94820455020538,73.06543417531375
2084.0,7,3.7186988695581733,3.116449547979229,1.6171007402951114,2.664065123234968,37.185714285714276,16.501129573939277,43.94870662413434,62.83199242467995
2085.0,7,3.7185017749747318,3.1162859393617675,1.6169899663195724,2.6639409724477154,36.871428571428574,16.50746811420124,43.94920714854667,72.19087446273447
2086.0,7,3.718303600515951,3.116121460288879,1.6168790472953867,2.6638158911024723,37.51428571428572,16.513794201250313,43.949701493500406,67.32530726923703
2087.0,7,3.718104346745066,3.1159561112321277,1.6167679834924262,2.6636898795991018,37.771428571428565,16.520134776129442,43.950200531376254,69.77615530198632
2088.0,7,3.717904020476406,3.1157898971129394,1.6166567739303404,2.6635629443015243,37.87142857142857,16.52646268356109,43.95069350351226,70.93486131509677
2089.0,7,3.7177026368037853,3.115622828695969,1.6165454167124258,2.6634350989647784,37.92857142857143,16.532795173756107,43.9511914920912,75.45499860392933
2090.0,7,3.717500208240766,3.1154549149103246,1.616433910404656,2.663306354915411,37.65714285714285,16.539125274144073,43.95168375221572,63.82101136169301
2091.0,8,2.0599409308125476,1.8069350113902092,1.2533046774385233,1.3016303318909155,35.349999999999994,9.106745022865407,39.596492931231296,74.63778748144833
2092.0,7,3.7170922640232704,3.115116585201462,1.616210445270298,2.66304621364264,36.34285714285714,16.551790292501202,43.952662641119865,99.47260422995896
2093.0,7,3.716886682761219,3.114946122926614,1.6160984974880888,2.6629147555173986,36.92857142857143,16.558110600448384,43.953150570387415,68.292913327739
2094.0,7,3.7166799989587793,3.114774774698585,1.6159864114016176,2.6627823447033636,37.228571428571435,16.56442424158957,43.95363376846448,82.77324038710104
2095.0,7,3.7164722261287926,3.114602550178918,1.6158741851139613,2.6626489936646385,37.01428571428572,16.570751360284454,43.95412575266264,74.85436913413963
2096.0,7,3.716263371499249,3.114429454561045,1.6157618179351667,2.6625147089058974,37.07142857142857,16.577081716398325,43.954613644008305,68.1534072131281
2097.0,7,3.7160534408152817,3.11425549200126,1.6156493092507938,2.6623794956725164,35.25714285714286,16.583412947383714,43.955106419142616,65.85108865318385
2098.0,7,3.7158424303299986,3.114080659943709,1.615536659647694,2.6622433506292804,35.614285714285714,16.58974077050854,43.95559279450062,66.39200569013414
2099.0,7,3.7156303355188967,3.113904955251754,1.6154238703060027,2.6621062694015434,35.00000000000001,16.59605662767883,43.95607539034348,99.21165822872442
2100.0,8,2.0591155361103843,1.8062449970710408,1.2535883326682624,1.3003988932793547,33.45,9.05775946453069,39.59420579959504,90.81561851626977
2101.0,7,3.715202865643629,3.113550909010116,1.6151978773021292,2.6618292732924127,35.41428571428571,16.60870792501476,43.957042273437416,106.15299491348836
2102.0,8,2.0589317289021256,1.8060914114493212,1.2536518317806218,1.3001243291255236,34.425,9.046892826066292,39.59369883373222,101.21435939916974
2103.0,8,2.058839770216094,1.8060145831033751,1.2536836454884668,1.2999869197098892,35.175,9.041464670231052,39.593433820957394,92.20792338855664
2104.0,8,2.0587477784976396,1.8059377338744822,1.2537155022144861,1.299849429025831,35.4375,9.03603524036598,39.593185741829956,88.08143296109215
2105.0,8,2.058655756687419,1.8058608660103677,1.2537474022101243,1.2997118599286075,36.39999999999999,9.030592149323647,39.59293069009052,90.3918141311359
2106.0,8,2.05856370290528,1.8057839781909057,1.2537793457969928,1.2995742102488177,35.925,9.025165365506112,39.592672191510474,90.03460530411522
2107.0,8,2.0584716130864025,1.8057070675571298,1.2538113336986156,1.2994364752902188,35.275,9.019726323720182,39.59241806586023,93.5774193595371
2108.0,8,2.0583794824324495,1.8056301307317262,1.2538433667706568,1.2992986495073005,35.237500000000004,9.014294143138695,39.59215462020957,104.82480425366956
2109.0,8,2.058287304567813,1.8055531630815282,1.253875445449023,1.2991607260126536,35.6625,9.008855868882977,39.59188992986462,96.00868565687637
2110.0,8,2.0581950803898237,1.8054761653695537,1.2539075701435776,1.2990227054421248,35.4375,9.00342581158126,39.591641477033036,92.48209262535217
2111.0,8,2.058102816660214,1.8053991426019416,1.2539397407266493,1.298884594848291,34.05,8.997990729569574,39.59138368605717,84.60789114063923
2112.0,7,3.7127729977159545,3.111540411087722,1.6139452135964205,2.660237691887917,36.2,16.67826928962569,43.962355180326476,95.97297621280612
2113.0,7,3.7125453506476656,3.111352235727411,1.61383054731643,2.6600871600972607,36.0,16.68459486453088,43.96283754316852,95.37805585250368
2114.0,7,3.712316576890261,3.1111631590518125,1.6137157516370404,2.659935652447208,37.41428571428571,16.690928165307565,43.96331473149725,98.62916506609132
2115.0,7,3.712086675337664,3.1109731804022096,1.6136008266586925,2.6597831681150668,36.74285714285714,16.69726881732258,43.963798648080925,102.51547269764158
2116.0,7,3.71185565588262,3.110782306872193,1.613485771291015,2.659629716067731,36.228571428571435,16.70359884814086,43.96427966825813,88.88840396838758
2117.0,7,3.7116235310987182,3.1105905474537012,1.6133705840742818,2.6594753077161912,36.357142857142854,16.709940482121418,43.9647635123086,91.6500451277744
2118.0,7,3.7113903041394662,3.110397904487877,1.6132552647568479,2.6593199459592842,37.01428571428571,16.71628131106316,43.965249395769355,75.00445918333139
2119.0,7,3.7111559741297406,3.1102043774600188,1.6131398136364272,2.6591636300221344,37.07142857142857,16.722616570236383,43.96572474574169,84.65357153101786
2120.0,7,3.7109205461764967,3.1100099700351582,1.61302423079907,2.6590063641467943,36.3,16.728963477145616,43.966205435938136,92.67527056011056
2121.0,7,3.710684022505318,3.1098146838588216,1.6129085165189117,2.6588481500989682,35.957142857142856,16.73530965705946,43.96668979444253,89.42573234026874
2122.0,7,3.7104464134610673,3.1096185263115372,1.6127926700694903,2.6586889969588507,35.27142857142858,16.74165462662031,43.96716984121418,110.02391234693324
2123.0,7,3.710207723141578,3.109421500312012,1.6126766919923818,2.658528907818591,34.97142857142857,16.748004616371855,43.96764581429187,79.00332428897946
2124.0,7,3.709967944238908,3.109223600778321,1.6125605836860848,2.6583678758928193,35.41428571428571,16.754353474361928,43.96812912458942,102.4300730982922
2125.0,7,3.7097270822985546,3.1090248317689553,1.612444344298756,2.6582059064517436,36.542857142857144,16.76070075200681,43.96860723221475,89.81280174272159
2126.0,7,3.7094851212688718,3.1088251820808823,1.6123279757104418,2.658042985258459,36.871428571428574,16.767051437756432,43.96908837180234,81.16171580805688
2127.0,7,3.7092420668509827,3.1086246558749338,1.612211477184149,2.6578791176329397,36.98571428571428,16.77339823334795,43.969562785352494,96.4172492892565
2128.0,7,3.7089979116090483,3.1084232479941916,1.612094849994488,2.657714296776839,36.92857142857143,16.779753503653204,43.970042287948864,81.11054418619406
2129.0,7,3.7087526551591656,3.1082209582376326,1.6119780948139815,2.6575485220532764,37.699999999999996,16.78610863580273,43.97051397173067,85.26890153466623
2130.0,7,3.708506303715881,3.1080177910808398,1.6118612113348916,2.6573817988894706,36.214285714285715,16.79247322665292,43.97099177383736,87.09498843150082
2131.0,7,3.7082588528495255,3.107813743461658,1.6117442007506009,2.6572141229859465,36.55714285714286,16.798834537924055,43.97146683003758,81.08264125051579
2132.0,7,3.708010306062826,3.1076088179426025,1.611627063072194,2.65704549733871,36.82857142857143,16.805194306381818,43.97194136720157,68.81949033492029
2133.0,7,3.7077606776633676,3.107403024723204,1.6115097969578402,2.656875934696202,36.385714285714286,16.811556297252654,43.97241549233553,87.51042526863151
2134.0,7,3.7075099645747156,3.1071963616943856,1.6113924034394465,2.6567054319710475,37.2,16.81792942376965,43.972889505035944,79.07998408704876
2135.0,7,3.707258173016849,3.1069888333453304,1.6112748821838387,2.656533994620817,37.55714285714286,16.82429451245932,43.973362843964345,90.57348275641414
2136.0,7,3.7070053174654687,3.1067804499678116,1.6111572320193939,2.6563616353978996,37.91428571428571,16.830647000108353,43.973829190999844,80.55792660233591
2137.0,7,3.7067514045273464,3.1065712162840047,1.6110394529563223,2.6561883598236165,37.771428571428565,16.837021802470183,43.97430480909441,71.66268752607402
2138.0,7,3.706496432548279,3.1063611311867736,1.6109215458941608,2.6560141660619845,38.42857142857143,16.84338728323829,43.974776432780665,73.00437102620026
2139.0,7,3.7062404146584043,3.106150204023292,1.6108035098226516,2.6558390656621054,38.0,16.849739164838304,43.975239666923414,74.90783832230542
2140.0,7,3.7059833658243546,3.1059384453882384,1.6106853439660331,2.655663071489629,37.9,16.85609770556772,43.97571035038241,92.07479953887044
2141.0,8,2.055319578491891,1.8030790759564461,1.2549258870285,1.294702735077703,35.8375,8.834561749725953,39.583475093111076,102.04948775399146
2142.0,7,3.70546617221253,3.105512431658169,1.6104486269022196,2.6553083970213684,37.01428571428572,16.86880032915604,43.9766459198186,100.47616379104656
2143.0,7,3.7052060160432982,3.1052981687719905,1.6103300772089715,2.655129706702636,36.98571428571428,16.875140780868254,43.977107961729835,100.70430711719222
2144.0,7,3.7049448230662345,3.1050830707285284,1.610211399319581,2.654950117351771,37.12857142857143,16.881485077516995,43.977568071396774,83.10154297334716
2145.0,8,2.0549464319321338,1.8027684879067505,1.25506032069146,1.294139796318559,36.3375,8.812783264860682,39.58237812166297,99.715022238458
2146.0,8,2.054853079349212,1.802690801371706,1.2550940325052045,1.2939988774801887,36.212500000000006,8.807342198374588,39.582100320131104,116.0069591984045
2147.0,7,3.704155047540024,3.1044327838327037,1.6098545966586744,2.6544059762877663,37.32857142857143,16.90049250923275,43.978951505261016,86.9457641348731
2148.0,7,3.7038897109457185,3.104214348656428,1.609735409666514,2.6542227926966175,37.9,16.906834790998634,43.979414071088016,91.05383988394496
2149.0,7,3.7036233415176443,3.103995081600253,1.6096160961505015,2.654038712907515,38.199999999999996,16.91316378516102,43.97986950696604,97.48983684391123
2150.0,8,2.054479376741189,1.8023798761638763,1.2552292922153077,1.2934344366705133,36.075,8.785612045863314,39.58099313556597,86.63186073521103
2151.0,7,3.7030875282941076,3.103554069346084,1.6093770876302311,2.653667886372647,38.3,16.925820912650725,43.980783637089964,91.83013241221416
2152.0,7,3.70281808739123,3.103332326393941,1.6092573930663412,2.653481141991206,37.60000000000001,16.93215039545628,43.981245294490506,92.92178737463388
2153.0,7,3.7025476093844945,3.103109749012803,1.6091375735098599,2.6532934975115547,37.68571428571429,16.938480688001007,43.98169787724815,97.6633986710162
2154.0,7,3.7022760838296973,3.102886329971327,1.6090176302402261,2.6531049437025778,37.528571428571425,16.944808333103364,43.98215433551754,93.83993529340913
2155.0,7,3.7020035046359383,3.1026620650860455,1.6088975642847207,2.652915475050552,37.62857142857143,16.95114124469682,43.98261128293167,93.81382359676616
2156.0,7,3.7017298714198517,3.1024369541714405,1.608777376254434,2.652725090969749,37.91428571428571,16.957460695487175,43.983063643574134,99.10592346855398
2157.0,8,2.0538244340131233,1.8018351957958472,1.2554676157464797,1.292443862850727,34.699999999999996,8.747603356051961,39.579021340274366,106.4977297650472
2158.0,7,3.7011794325196674,3.101984187327172,1.6085366368002814,2.652341566710263,37.7,16.970111066290627,43.98396060592227,103.54322326889478
2159.0,7,3.700902635394501,3.101756537633191,1.6084160853176581,2.652148433862943,38.01428571428572,16.97645561139448,43.984416250964486,107.9549131494416
2160.0,7,3.7006247973593243,3.10152805153275,1.6082954122186723,2.6519543965688603,38.57142857142857,16.9827441874005,43.98485553532904,116.5709162178724
2161.0,7,3.700345922088169,3.1012987317158434,1.608174617601687,2.651759457915436,38.142857142857146,16.989078208601907,43.98530449486755,105.50041851130857
2162.0,7,3.70006600354149,3.1010685740250894,1.608053702535753,2.651563612393083,37.771428571428565,16.995439332582915,43.985770678032914,110.46924598685158
2163.0,7,3.6997850330466333,3.1008375724456045,1.6079326684611948,2.651366852094522,37.18571428571429,17.001747196735064,43.98620621039619,108.09805459944144
2164.0,7,3.6995030099584074,3.10060572663919,1.6078115157470116,2.6511691764010523,37.25714285714286,17.008071555192114,43.98665967058527,101.9380593641926
2165.0,7,3.6992199336353093,3.1003730362803372,1.6076902447575403,2.6509705847114935,37.42857142857143,17.01439606819445,43.98710718045191,105.13307461820868
2166.0,7,3.69893580471978,3.100139501953154,1.6075688556304113,2.6507710776258064,37.98571428571428,17.020721805832167,43.98755223461944,106.26184840090676
2167.0,8,2.052886629441148,1.8010558449433838,1.2558118030084082,1.2910224134497035,35.3875,8.693330015003195,39.57616768063229,93.73579103804454
2168.0,8,2.0527927183732757,1.8009778381684531,1.2558464655848172,1.2908798660030443,35.537499999999994,8.687908479808607,39.57587745842108,80.15858032339852
2169.0,8,2.052698797879278,1.8008998290519171,1.2558811727621138,1.290737259933594,36.16250000000001,8.682480605827351,39.575594293443416,111.08025636452896
2170.0,8,2.052604877352695,1.8008218244810748,1.255915924178953,1.2905946051805242,36.325,8.677031203153682,39.57529858134187,112.17596259667772
2171.0,8,2.0525109646697763,1.800743830038595,1.2559507185553451,1.2904519107593202,34.8125,8.671600571643054,39.57500622329985,116.36337866005792
2172.0,8,2.052417061160981,1.800665846509932,1.255985554841734,1.2903091787692715,35.6375,8.666157451422473,39.57470833743076,115.802536852147
2173.0,8,2.0523231623992806,1.800587870623288,1.2560204330125222,1.290166404651254,35.4875,8.660708072915906,39.5744059810297,123.21881283473654
2174.0,8,2.052229263758041,1.8005098992589446,1.2560553545610849,1.2900235825781952,34.1125,8.655266698881183,39.57410672129353,122.96495936558492
2175.0,8,2.0521353650928864,1.800431932594441,1.256090320890879,1.2898807114109436,35.55,8.649810955512892,39.573803208572144,128.3109085697396
2176.0,8,2.052041472876415,1.800353975250674,1.2561253311202831,1.289737798437676,34.7625,8.644357151900037,39.5734966222681,124.210083698205
2177.0,8,2.051947591717705,1.8002760305571537,1.2561603848003344,1.289594848724551,36.225,8.638905823423375,39.57319429337171,119.61909709346727
2178.0,8,2.0518537223310243,1.8001980988980688,1.2561954811666076,1.289451863534586,35.65,8.633442360460993,39.57288350801587,126.76423783632724
2179.0,8,2.0517598633304357,1.8001201792078068,1.2562306199704398,1.2893088416046137,35.4,8.62797451927809,39.572569271878265,131.4725291650673
2180.0,8,2.0516660096641717,1.8000422677304504,1.2562658010687795,1.2891657778118377,35.6875,8.622518341964154,39.57226192141538,126.11785237334732
2181.0,8,2.051572158600261,1.7999643619521237,1.256301021888235,1.2890226711351094,35.849999999999994,8.617060637776165,39.571946226723455,137.14056473884878
2182.0,8,2.0514783033140214,1.799886456567029,1.256336281056255,1.2888795154843424,35.7125,8.611596810845626,39.571631902286,134.1336213348075
2183.0,8,2.05138443987219,1.7998085486650548,1.2563715784971812,1.2887363068495865,35.1375,8.606138362482621,39.57131609350533,133.74635740713623
2184.0,8,2.051290569732724,1.7997306392625692,1.2564069138333385,1.2885930469982532,35.4625,8.600676337933509,39.5709923420953,132.07292868851425
2185.0,8,2.0511966902408423,1.7996527264658106,1.256442287358211,1.2884497329790916,35.8625,8.595217058679003,39.57067028445016,139.43158201222627
2186.0,8,2.051102803105963,1.7995748115629324,1.2564776991388757,1.288306366505437,35.55,8.58977277576163,39.57035303829706,141.19636806630425
2187.0,8,2.051008905761056,1.7994968927535324,1.256513149611097,1.2881629446168752,35.2875,8.584318035878468,39.57002580096672,137.28206084611287
2188.0,8,2.0509150007991193,1.7994189718336024,1.256548638092287,1.2880194704673984,35.574999999999996,8.578865966794408,39.56970127158148,136.77240099995836
2189.0,8,2.0508210890090526,1.799341049276573,1.2565841639622384,1.2878759453033668,36.462500000000006,8.573414629577286,39.56936916595561,144.56063792340876
2190.0,8,2.0507271702280225,1.7992631252458897,1.2566197286163259,1.2877323679716364,36.7875,8.567962541862883,39.569037458536165,143.90966406009298
2191.0,8,2.0506332450025235,1.799185200478987,1.2566553337088073,1.2875887378677318,36.0125,8.562519402041064,39.56871042855478,142.81342592820778
2192.0,8,2.0505393195833985,1.7991072796302985,1.2566909793651584,1.2874450613525117,35.2375,8.557087933321517,39.56838177221209,156.3874320838325
2193.0,8,2.0504453967217273,1.7990293646661106,1.256726665201919,1.2873013415286314,34.025000000000006,8.551650333730189,39.568049150673495,147.79273134726012
2194.0,8,2.0503514781708483,1.7989514568318299,1.2567623909019472,1.2871575804274256,33.974999999999994,8.546209330238558,39.567718287892916,140.88989122371314
2195.0,8,2.0502575632217175,1.7988735554396988,1.2567981555690348,1.2870137779443291,32.925,8.540775991367594,39.56738316797153,142.29458407528327
2196.0,8,2.0501636490955373,1.7987956585477798,1.2568339597350355,1.2868699308271572,33.837500000000006,8.535327030167485,39.56704012420941,149.90841079679467
2197.0,8,2.0500697306550073,1.7987177627397428,1.256869805281927,1.2867260324428182,33.2375,8.529899182914486,39.5667026513437,139.06179338358982
2198.0,8,2.049975803960009,1.7986398655982907,1.2569056947022639,1.2865820769560161,33.3375,8.524448085931594,39.566359028037155,150.99769074242562
2199.0,8,2.049881866313115,1.7985619652683766,1.2569416286544934,1.2864380611072708,33.5375,8.519016214965301,39.56602434832129,141.19943003444385
2200.0,8,2.0497879168128974,1.7984840613606543,1.2569776085109878,1.2862939829876807,34.0625,8.513573879887037,39.56568058993596,147.04394647526553
2201.0,8,2.0496939545230273,1.7984061534573519,1.2570136356338597,1.2861498406576952,34.45,8.508125737645392,39.565337032484734,148.1642921804268
2202.0,8,2.0495999785602588,1.7983282409323573,1.2570497101137588,1.2860056331283243,34.2375,8.502669356700046,39.5649882331068,158.87874801261896
2203.0,8,2.0495059901262613,1.7982503245263592,1.2570858311389852,1.2858613622038586,33.475,8.497224580289089,39.564642942946904,139.6282380819574
2204.0,7,3.687422533174986,3.090685863685441,1.6028650922637642,2.642567426573501,34.34285714285715,17.26085848424856,44.0032331753521,148.85524720607225
2205.0,8,2.0493179721902086,1.798094476856468,1.2571582099323801,1.2855726284039144,34.212500000000006,8.48631703427545,39.5639520567059,149.10375118461062
2206.0,7,3.686777957140709,3.090157129968951,1.6026128766891887,2.642102014564909,35.34285714285714,17.273472598135506,44.00400256246193,141.03467891265578
2207.0,7,3.6864541418469323,3.089891540448387,1.6024866139755678,2.641867972432314,35.67142857142857,17.2797810694216,44.00437872616142,141.316254968003
2208.0,7,3.6861293061464133,3.0896251343919596,1.6023602489402302,2.641633037286356,35.44285714285714,17.28609539796174,44.004765566742385,147.83239791616873
2209.0,7,3.6858034647725857,3.0893579222720216,1.6022337805819278,2.6413972219768547,35.142857142857146,17.292389823447763,44.00513919284548,145.68862917223808
2210.0,7,3.6854765995632954,3.089089891419988,1.6021072112807409,2.6411605102370053,35.800000000000004,17.298688783981138,44.00551998748032,144.49510283236927
2211.0,7,3.6851486489243848,3.0888209985910176,1.6019805481884626,2.640922847143135,35.25714285714285,17.305006618002036,44.005898826149995,151.77057932879418
2212.0,7,3.6848195731108286,3.0885512159074535,1.6018537961635473,2.6406841971352506,35.528571428571425,17.311319293233744,44.00627470083214,150.52793373358796
2213.0,6,5.237283070656621,4.2754406480209175,2.4694319542504886,3.4901717089673587,37.18333333333334,17.3176483009773,47.83352663125388,136.26079849819928
2214.0,8,2.0484706851223553,1.7973925402473734,1.257486228769341,1.2842695699082676,34.724999999999994,8.437233032292479,39.56082622660238,132.82807643395776
2215.0,8,2.0483763923135694,1.7973144679726938,1.2575229294631867,1.2841243626137977,36.025000000000006,8.431768743053464,39.560479941570904,150.1647128559346
2216.0,8,2.048282065413205,1.7972363774111553,1.2575596840434984,1.2839790642212159,36.825,8.426286825182618,39.56013203913673,147.85369866308807
2217.0,8,2.0481877041519447,1.7971582684095304,1.2575964926896057,1.2838336743081422,35.462500000000006,8.420813930449391,39.559788568772504,149.92733213933798
2218.0,8,2.048093306457868,1.7970801394934073,1.257633355634534,1.283688190549818,35.375,8.415340266765435,39.5594487365296,152.3548892486318
2219.0,8,2.047998876256999,1.7970019933627055,1.2576702717932944,1.2835426177563867,35.650000000000006,8.40986039366971,39.55910268963123,150.09020280757497
2220.0,8,2.04790441205655,1.796923828820695,1.2577072406155954,1.2833969547598014,35.9625,8.404361102073567,39.55875537416649,144.43902356082498
2221.0,8,2.047809910293603,1.7968456431677333,1.257744261664399,1.28325119817639,35.199999999999996,8.398867007074283,39.558410288539214,148.99893535698197
2222.0,8,2.047715367951632,1.7967674341037925,1.2577813344815003,1.2831053452019685,35.175,8.393370028017744,39.55806293860881,148.27340116759447
2223.0,8,2.047620777080526,1.7966891958786315,1.257818459598015,1.2829593872299623,34.425,8.38787561275776,39.55772055914714,149.20689052471548
2224.0,8,2.04752613605592,1.796610927244358,1.2578556366845894,1.2828133228005694,34.275,8.382386111720015,39.55738298503516,140.98747972376546
2225.0,8,2.0474314514257186,1.7965326328335651,1.2578928646416605,1.2826671594453092,34.3125,8.376885332931016,39.55703952495194,132.94230442843366
2226.0,8,2.047336727033642,1.7964543155773853,1.2579301439094646,1.2825209008045544,33.6,8.371377162875438,39.55669482483736,145.03434651133216
2227.0,8,2.047241963924116,1.7963759762179554,1.2579674742793505,1.2823745480896929,33.3,8.36587960674867,39.556358004967905,144.97019468727814
2228.0,8,2.0471471546490196,1.7962976094423173,1.2580048566276318,1.2822280929653176,33.675,8.360374800793629,39.55601943914135,136.81714986224145
2229.0,8,2.0470522919707417,1.796219210076601,1.2580422917312448,1.2820815273857613,33.287499999999994,8.354878144296366,39.55568905751678,137.2881882028437
2230.0,8,2.0469573765949307,1.7961407785044559,1.2580797788019709,1.2819348526255834,33.625,8.349366630250493,39.555349952859814,137.6537995183844
2231.0,7,3.67835580778732,3.0832581661961145,1.5994289935137345,2.635964304409806,35.07142857142857,17.432442395072044,44.01375193787341,157.52157095161704
2232.0,7,3.6780044977019712,3.0829708009625714,1.5993005394406419,2.635706118696216,34.75714285714285,17.43885598768291,44.01415482327035,137.91452148836365
2233.0,7,3.6776521033207197,3.082682577172916,1.599172002506262,2.6354469787885244,35.885714285714286,17.445275945014558,44.0145606355,142.7010088555632
2234.0,7,3.677298607098141,3.0823934824676287,1.5990433855717379,2.6351868684816626,35.871428571428574,17.451689887031748,44.014968564537426,122.79273665635816
2235.0,7,3.6769440034788423,3.0821035130107926,1.5989146898733841,2.6349257825260595,36.54285714285714,17.458107493720185,44.0153785709832,126.29374771494524
2236.0,7,3.6765883231761802,3.081812690636798,1.5987859122281232,2.6346637483805995,36.51428571428572,17.464518911626428,44.015781287288455,133.11260556572748
2237.0,8,2.046291632346187,1.7955909487184605,1.2583435877676534,1.2809052542025465,35.2375,8.310864404337098,39.55303287144544,144.54464265760495
2238.0,7,2.2572921448434364,1.9960227597389613,1.4077691676108317,1.4150239673306757,37.34285714285715,8.305358359664341,36.05392314534458,143.73838205303562
2239.0,7,2.257235092139403,1.9959782298775517,1.4078150875880282,1.414915465073669,37.4,8.29987330423723,36.05395920681598,138.2632710034674
2240.0,7,2.2571779564862835,1.9959336334630506,1.4078610215591296,1.4148068465919648,36.41428571428572,8.294363522804364,36.05399549068175,145.0286601097952
2241.0,8,2.045910446366668,1.795276327396791,1.2584953721864944,1.2803149963569465,34.05,8.28886754445265,39.551706570316476,145.41183738413656
2242.0,7,3.6744333111579315,3.08005104183727,1.5980113447370448,2.6330731403465713,35.642857142857146,17.5030590641388,44.01823210722132,137.51053709554273
2243.0,7,3.674070726580045,3.079754700365272,1.5978819291661985,2.6328050354832753,35.642857142857146,17.509475768304917,44.01863634911443,147.62971222018518
2244.0,7,3.6737071854935084,3.0794575919900766,1.5977524210479428,2.6325360893823966,35.457142857142856,17.51591020261981,44.01904738703758,147.62587657503872
2245.0,7,3.673342701033155,3.0791597261201535,1.597622819290261,2.632266313700682,35.385714285714286,17.52231900208962,44.019453196114014,115.56421524945402
2246.0,7,3.6729772662981772,3.0788610980045643,1.5974931252659204,2.6319957020356233,36.214285714285715,17.528728725801997,44.01985583898396,136.3501727968796
2247.0,7,3.672610866239763,3.0785616971264473,1.5973633412671895,2.631724240681343,36.44285714285714,17.535153663763527,44.02025309228225,146.9537111080481
2248.0,7,3.6722435018612027,3.0782615243536466,1.5972334675595061,2.6314519304794213,36.614285714285714,17.541556291347217,44.020652356306094,139.58868496963447
2249.0,8,2.045147195210458,1.7946466947087583,1.258801072340246,1.2791311969865007,35.612500000000004,8.244905032231516,39.549034413736166,153.85700401270194
2250.0,7,3.6715059301019872,3.077658899121275,1.596973446706111,2.6309048082087623,36.971428571428575,17.5543860882127,44.0214560299582,147.50788685652932
2251.0,7,3.6711357369245694,3.0773564570117493,1.596843298749893,2.6306300087145407,36.07142857142857,17.560793915447793,44.02185913727083,131.99939191451924
2252.0,7,3.670764602576026,3.0770532599916067,1.5967130601308273,2.6303543807693717,33.800000000000004,17.567217726728,44.02226035505696,115.43482957406228
2253.0,6,3.9924040937103227,3.3690131607266354,1.7933096007664335,2.8520677328822694,38.23333333333333,17.573625567489916,40.693024604536284,137.90937797587478
2254.0,6,3.992259215198021,3.3689030900887236,1.7932563264627697,2.851971209183326,38.6,17.580023096051875,40.693972595122254,150.37935821692702
2255.0,8,2.0445741622623914,1.7941742594090804,1.2590322057431522,1.2782406573207,34.7375,8.211976604377373,39.547011404307796,169.27351749164467
2256.0,8,2.044478612638157,1.794095507244541,1.2590708850835157,1.2780920136868312,35.425,8.206481308180528,39.54667353922224,148.79340688577332
2257.0,8,2.044383052305624,1.7940167528214435,1.259109609369903,1.2779433089915868,34.875,8.201001311420125,39.546335497876896,149.27254919344267
2258.0,8,2.04428747827019,1.7939379940284872,1.2591483790379516,1.2777945398165744,34.8625,8.195511077771943,39.545998254173696,159.05830483701706
2259.0,8,2.0441918893494138,1.7938592300113587,1.2591871941052661,1.2776457049191108,35.725,8.190038487512837,39.54565887385021,161.51813388394547
2260.0,8,2.04409628324331,1.7937804591470445,1.2592260548851342,1.2774968016853128,36.95,8.184525621658784,39.54530478516038,159.10981290758582
2261.0,8,2.044000661356889,1.7937016825530565,1.2592649617618248,1.2773478312788007,36.0625,8.179052873297676,39.54496746985575,158.96272392004
2262.0,8,2.043905029806864,1.793622904744988,1.2593039147534415,1.2771987999965022,35.7125,8.17355882729572,39.54462669095764,158.92678259662313
2263.0,8,2.043809390752394,1.7935441274672985,1.25934291463948,1.277049709494416,35.4375,8.16807863846291,39.54428487745545,154.20705527712622
2264.0,8,2.043713739438938,1.793465347250729,1.2593819615181288,1.2769005547778294,35.824999999999996,8.162585119013373,39.54394379297126,157.2854175324535
2265.0,8,2.043618072946345,1.7933865620630194,1.2594210559554557,1.2767513324074744,35.974999999999994,8.157090598968194,39.54359905947992,160.66680165720453
2266.0,8,2.0435223944059104,1.7933077741876158,1.2594601977844269,1.2766020457286418,35.912499999999994,8.15159825054249,39.54325324185047,157.65852787316203
2267.0,8,2.0434267064654845,1.7932289854889987,1.259499386492155,1.2764526978403032,35.9375,8.146116980506088,39.54290876493392,160.82521446428194
2268.0,8,2.043331010743705,1.79315019715389,1.2595386220065035,1.2763032904552871,36.15,8.140609524176321,39.54256260889554,155.2764950041385
2269.0,8,2.0432353022587577,1.7930714055619417,1.259577904500358,1.276153818290869,36.25,8.135124699182736,39.54222236217517,148.17884077412347
2270.0,7,3.6639212917021133,3.071465399966608,1.5943540628412247,2.625249478715064,37.57142857142857,17.682712437978306,44.02933591020589,157.22740385860183
2271.0,8,2.0430438312834576,1.7929138013691992,1.2596566119117332,1.2758546622586782,36.4625,8.12411229666157,39.54152285925791,151.20648032322978
2272.0,8,2.04294808403923,1.7928349998407893,1.2596960359501743,1.2757049947638914,35.599999999999994,8.118625578261332,39.54118161340827,159.50779996051887
2273.0,7,3.6627506572539,3.070510064126908,1.5939583127775565,2.6243721060535514,38.057142857142864,17.70200837782164,44.03051020610153,153.693330627278
2274.0,7,3.6623585597291757,3.070190112479687,1.5938262366774427,2.624077981700745,37.857142857142854,17.708443441258584,44.03089896170318,145.4596025949161
2275.0,8,2.0426607998304087,1.7925986016288737,1.2598145928114328,1.275255636451436,36.962500000000006,8.102112314579804,39.54013673815315,147.81761261523604
2276.0,8,2.042565019168837,1.7925198007508771,1.2598542073107526,1.2751057259715208,36.7375,8.096608145283785,39.53978784746579,145.6782038564976
2277.0,8,2.042469223893066,1.792440995519045,1.2598938697410564,1.274955748018813,36.525000000000006,8.091101575287786,39.53943998250481,151.40655197909865
2278.0,7,3.660780643704345,3.068902709998987,1.5932971606409905,2.6228930594541,37.92857142857143,17.734203938805255,44.032446765058424,153.73263703204373
2279.0,7,3.6603837999071427,3.068578972811455,1.5931646994982513,2.6225947366402704,37.91428571428572,17.74065100653278,44.032835661519854,139.1482795436245
2280.0,8,2.0421817686372887,1.792204565994543,1.2600131378970154,1.2745054329812036,36.2375,8.074574669276746,39.53838824943051,158.6673750147599
2281.0,7,3.659587354018933,3.067929291553615,1.5928995412634517,2.6219956501518746,38.142857142857146,17.75353608154182,44.03360461202863,139.83144817770156
2282.0,7,3.6591877220934803,3.067603326606693,1.5927668487248754,2.6216948592487794,37.58571428571429,17.759984652260307,44.03398994793353,139.499081863612
2283.0,7,3.6587871461842987,3.0672766089874335,1.5926340818188207,2.621393232132595,37.68571428571429,17.766422423458355,44.034369695303674,146.01601869943565
2284.0,7,3.6583856529850034,3.0669491577727865,1.5925012378982482,2.6210907927150773,37.885714285714286,17.77287480736513,44.03475929280021,145.09252239267792
2285.0,7,3.657983251751059,3.0666209797105433,1.592368316350425,2.6207875492462502,38.114285714285714,17.77931359957785,44.03514471585155,124.09480183438755
2286.0,7,3.6575799316635997,3.0662920672698077,1.5922353190053824,2.6204834917842126,38.300000000000004,17.785763398953122,44.03552491346141,141.6888537917293
2287.0,7,3.657175671053892,3.0659624051867675,1.5921022489330399,2.6201786005845076,38.07142857142857,17.792207714694648,44.03590892506573,129.479317130275
2288.0,8,2.041414659521404,1.7915739417672898,1.2603332051380696,1.2733017713197392,37.587500000000006,8.030528354793384,39.535570331454196,141.06296760362784
2289.0,8,2.0413186756041743,1.7914950708375996,1.2603734175357704,1.273150987591267,37.075,8.025041908527516,39.535219859392924,139.4788514192927
2290.0,8,2.041222638942317,1.7914161674805016,1.2604136766582976,1.273000097723186,36.025,8.019536876229369,39.53486600991243,141.5302235832484
2291.0,7,3.6555489311160203,3.064636054942259,1.5915692860210058,2.618950430429457,37.25714285714286,17.817969212774788,44.037441846194085,139.01270777133897
2292.0,8,2.041030374871433,1.7912582401688835,1.2604943378216187,1.272697963891105,34.325,8.008543807480107,39.534164217358395,141.79288661179615
2293.0,8,2.040934154421536,1.791179220779682,1.260534736662029,1.2725467294450516,34.85,8.003080863557521,39.5338217776244,150.77051642540204
2294.0,8,2.040837880338262,1.7911001676306904,1.2605751780947703,1.2723953909292605,36.3125,7.997613338066385,39.53347788080188,136.88137128248212
2295.0,8,2.0407415554446673,1.7910210827727557,1.2606156618961977,1.272243951417536,36.75,7.992150370088225,39.53313456448086,131.2744383443669
2296.0,8,2.0406451812417243,1.7909419675551,1.2606561893280903,1.272092411524772,37.4,7.986686318507584,39.53279327163491,146.57976490719955
2297.0,8,2.0405487557436275,1.7908628206661676,1.2606967611070272,1.2719407686597017,36.725,7.9812162771759,39.53245047242772,144.7472732432838
2298.0,8,2.040452271480196,1.7907836363979652,1.260737375896464,1.2717890160747647,37.087500000000006,7.975783211088177,39.53211261395355,139.17108324816303
2299.0,7,2.727204884961684,2.32087890558528,1.8562886978056674,1.3930797410018092,37.78571428571428,7.97033871165957,42.62641212924117,148.28264899190717
2300.0,7,2.7270717433247,2.3207902358107964,1.8563697572824098,1.3928239812991365,37.34285714285714,7.964912774285753,42.625115041524865,142.64348472587255
2301.0,7,2.72693868110555,2.3207016512224223,1.8564509255248407,1.3925681725159593,36.971428571428575,7.959489765675269,42.623817771834275,144.63889347672136
2302.0,8,2.0400658116290193,1.7904665730061,1.2609002623023462,1.2711809775079561,35.8375,7.954075402433951,39.53077129093241,154.7580368911233
2303.0,8,2.039969066976772,1.7903872260932008,1.260941088948621,1.2710287131134261,36.5625,7.948674521106511,39.530441602278835,149.78021841359237
2304.0,8,2.039872276717746,1.790307851291265,1.2609819570455267,1.2708763537027428,36.1375,7.94326948055618,39.53011123153884,149.73618798971972
2305.0,8,2.0397754452551853,1.7902284518216862,1.2610228664323349,1.27072390394084,36.775000000000006,7.937903807904314,39.529789880162156,150.44920955854957
2306.0,8,2.039678570263514,1.7901490257563717,1.2610638157845675,1.2705713623938455,35.8875,7.932511391391057,39.529455149615174,154.7884771144571
2307.0,8,2.0395816424639146,1.790069566203087,1.2611048045358535,1.2704187198806127,32.45,7.927152997428062,39.529131157948186,142.88842107904662
2308.0,6,5.245784448621157,4.279808924851474,2.4639748976430886,3.499370248633753,32.33333333333333,17.92656507098486,47.965547502563396,144.19084186122998
2309.0,6,5.2457504505024835,4.279757309509564,2.463881288682314,3.499373032927715,33.61666666666667,17.932913609743906,47.966904242788054,156.30825946387492
2310.0,7,3.6476092070028225,3.058167247816383,1.5890236948354088,2.6129275942644212,32.35714285714286,17.9392380968134,44.04489063428218,161.46983216555827
2311.0,7,3.64718203565627,3.057819390811642,1.5888890598325778,2.612602339118609,33.871428571428574,17.945548668803067,44.04529182626309,139.96602114444946
2312.0,7,3.6467539688872717,3.057470819320255,1.5887543584906496,2.6122762869520204,35.02857142857143,17.951866794584504,44.04568916321373,154.7264806874157
2313.0,7,3.6463250124126922,3.057121537745593,1.5886195907754597,2.61194944291661,34.957142857142856,17.958173932129192,44.04608587152372,145.57340742685446
2314.0,7,3.645895173358593,3.0567715514882847,1.5884847565427467,2.6116218133986067,35.55714285714286,17.9644843408427,44.046482229141176,136.03246927281702
2315.0,8,2.0388047938582,1.7894330467271202,1.2614341987943554,1.2691943865425603,34.7,7.88442285138225,39.5265663392761,160.2895327045447
2316.0,8,2.038707611946951,1.7893534544536094,1.2614755733670528,1.269041040614263,35.025,7.879099823859864,39.52624484534482,151.86334671545723
2317.0,8,2.038610426169936,1.7892738660298337,1.2615169944331754,1.2688876390026165,35.15,7.873782335673349,39.52592858742301,154.49356923909255
2318.0,8,2.038513238131291,1.789194282632287,1.2615584619279412,1.2687341834056776,35.025000000000006,7.868445655350745,39.52560407311242,156.631700106408
2319.0,8,2.038416046463289,1.7891147032868704,1.2615999759506953,1.2685806723257578,35.4,7.863129083157082,39.52528550740144,148.40219193265665
2320.0,8,2.0383188580848373,1.7890351334469687,1.2616415385708852,1.2684271113706544,34.650000000000006,7.857789605573286,39.52496011631456,158.36311288208685
2321.0,8,2.038221687096837,1.7889555839684854,1.2616831526290027,1.2682735130026823,34.4375,7.852447938606417,39.52463474575865,159.2768603493451
2322.0,8,2.038124541131747,1.7888760606737446,1.261724819351829,1.268119884192031,33.8,7.8470965358439555,39.52430573106341,162.95206889175407
2323.0,8,2.0380274187163,1.7887965623488482,1.2617665379653928,1.2679662239751828,34.037499999999994,7.841743548466884,39.523975118596184,164.66705524151055
2324.0,8,2.037930312670553,1.788717083510864,1.261808307201118,1.2678125258577706,34.025,7.836385848331956,39.523646955731394,153.23675172802595
2325.0,8,2.0378332248961435,1.7886376254963343,1.261850126683199,1.2676587920772528,34.325,7.831018579113474,39.523314241697776,157.73723538845107
2326.0,8,2.0377361618044554,1.788558193188264,1.2618919974098057,1.267505028508352,35.0,7.825660386157604,39.5229829141152,163.7573121503215
2327.0,8,2.037639124703303,1.7884787875317325,1.2619339192653913,1.267351236579057,35.3875,7.820267083145641,39.522643932562566,166.36798360724933
2328.0,8,2.0375421074831417,1.7883994038448978,1.2619758910672356,1.2671974108393065,35.912499999999994,7.814882397633507,39.52230678812593,168.73497302055125
2329.0,7,3.6393423293013574,3.0514377872161367,1.5864545881467742,2.606613590273511,37.3,18.059460455315005,44.052322410465116,150.25004557789964
2330.0,8,2.0373481221746497,1.7882406947342875,1.26205998467083,1.2668896468897484,36.075,7.8040926377364,39.52162414516765,164.7745768828519
2331.0,7,3.6384539477874824,3.050714912161473,1.5861828489426286,2.605932739923391,37.58571428571429,18.07221613357344,44.05307549305876,152.76262708697217
2332.0,8,2.0371542450342357,1.7880820952605105,1.2621442818883133,1.2665817743390482,35.875,7.793276732522756,39.52093655557902,160.06507986473127
2333.0,8,2.0370573496762714,1.7880028386478766,1.262186507153798,1.2664277998258564,34.975,7.787855840676283,39.52058636826353,166.2441465930175
2334.0,6,4.513855503526324,3.70804888760179,2.29116515470781,2.915508323894413,38.083333333333336,20.37617535169273,48.38135051601136,140.43146363744944
2335.0,7,3.636667101818784,3.0492611041216273,1.5856386498982367,2.6045620271089613,36.114285714285714,18.097781769600967,44.05458063570903,151.90108686508907
2336.0,7,3.636218303035492,3.048895983486974,1.5855024516767926,2.604217482056727,36.07142857142857,18.104189716849408,44.05495963120693,158.22910426313305
2337.0,7,3.63576870010466,3.0485302174247546,1.5853661918148056,2.603872217372128,36.028571428571425,18.110604799189105,44.0553215438673,160.92300778356253
2338.0,8,2.0365732213264307,1.7876069217107424,1.2623983770282197,1.265657475079523,35.975,7.760672499453106,39.51881563277996,169.85479629346275
2339.0,8,2.0364764719241975,1.7875278159479167,1.2624408970230365,1.265503328447302,36.6875,7.755227711625626,39.518457745747185,168.39647741677123
2340.0,8,2.0363797515773725,1.7874487386769782,1.2624834653381685,1.2653491585904857,35.900000000000006,7.749767748662002,39.518093726388024,165.30391365639255
2341.0,8,2.0362830608902835,1.7873696903479113,1.2625260819772626,1.2651949661224275,34.95,7.744305614719516,39.517728108548546,171.1345159556149
2342.0,8,2.0361863976811407,1.7872906693175197,1.2625687466412874,1.2650407490014368,35.537499999999994,7.738850572687316,39.51736743981645,167.8368785537076
2343.0,8,2.036089757339194,1.7872116721241318,1.2626114588046973,1.264886502841978,35.575,7.733372624716556,39.516996061232994,165.6089263982336
2344.0,8,2.035993131986023,1.7871326928663032,1.2626542176655597,1.2647322200857134,34.8875,7.7279111871053665,39.51662788911193,157.50805890314743
2345.0,8,2.0358965180997686,1.7870537289609767,1.26269702314779,1.2645778971368435,34.575,7.722430558698681,39.516253326622866,164.57394446137846
2346.0,8,2.0357999067341837,1.7869747739024948,1.2627398754547232,1.2644235245757105,35.474999999999994,7.716963179193483,39.51588265859213,173.82422511920575
2347.0,8,2.0357032891386417,1.7868958211861348,1.2627827739707351,1.2642690937989611,36.462500000000006,7.711484774303684,39.515506158755414,173.9301424428635
2348.0,8,2.035606667403464,1.7868168722134785,1.2628257178805067,1.2641146075757297,36.9375,7.706011825340149,39.51513182290718,171.31422445115103
2349.0,8,2.0355100410504146,1.7867379266298,1.2628687070841933,1.2639600654786742,37.5375,7.700536188342655,39.51475591892377,179.66725658064576
2350.0,8,2.0354134061574305,1.786658981526433,1.2629117412991993,1.263805463652415,37.5125,7.69507473514052,39.51438445055957,172.88234816526125
2351.0,8,2.0353167656002538,1.7865800390762991,1.26295482083527,1.2636508048328943,36.8,7.68960346673384,39.51401116958556,166.59910591502958
2352.0,8,2.0352201228327753,1.786501101768158,1.2629979453908706,1.2634960928144103,36.1125,7.684124534783991,39.51362389654636,172.97931199364865
2353.0,8,2.0351234791415185,1.786422170599357,1.2630411152116756,1.2633413287365236,36.974999999999994,7.678665335157241,39.51325365796909,174.07529136478854
2354.0,8,2.035026834355664,1.7863432455766801,1.263084330988234,1.263186511893407,37.225,7.673204839192406,39.51287837738628,174.57309872116446
2355.0,8,2.0349301845655683,1.7862643238643339,1.2631275928006742,1.2630316381690838,37.325,7.667733177311657,39.512498888246725,175.45401274526404
2356.0,8,2.03483352566758,1.7861854024992538,1.2631709008082603,1.2628767031870807,37.675,7.662268331768788,39.51212038770627,171.26401428005846
2357.0,8,2.034736857875478,1.7861064816147623,1.2632142548014864,1.2627217073182,36.7,7.656822391002263,39.51174812527957,179.04213688668045
2358.0,8,2.034640183181864,1.7860275627687363,1.2632576552852264,1.2625666522338157,37.0,7.651351843842161,39.511367071974696,174.6269648100547
2359.0,8,2.0345434991584126,1.785948644072053,1.263301101532342,1.2624115359620156,37.662499999999994,7.645901488567387,39.51098800486372,178.63569238062814
2360.0,8,2.034446798944884,1.785869720430673,1.2633445930395975,1.2622563517719942,38.037499999999994,7.6404458649561455,39.510612856000066,173.86170704752897
2361.0,8,2.034350067160325,1.7857907805422515,1.2633881294426275,1.2621010840076015,37.2375,7.634992705088504,39.51023578752974,180.27465414117643
2362.0,8,2.034253296759759,1.7857118191943637,1.2634317103123376,1.2619457256901683,36.325,7.629553810492808,39.50986056241342,182.26317131337225
2363.0,8,2.0341564927886417,1.7856328401171377,1.263475335773184,1.2617902819397664,37.474999999999994,7.62410767096166,39.50948624713611,177.14125454519848
2364.0,8,2.0340596531151265,1.7855538417136194,1.2635190055080368,1.2616347507810044,37.3,7.618657277339403,39.50910438141523,180.04379830726302
2365.0,8,2.0339627765820434,1.7854748230909234,1.2635627191465257,1.261479131287792,36.9875,7.613235244380095,39.5087346948637,181.5995061273128
2366.0,8,2.033865866376497,1.7853957866609396,1.2636064770566378,1.261323426472032,35.574999999999996,7.607811642486805,39.50836289648956,178.7798277958595
2367.0,7,2.7185008593681363,2.3151669156046366,1.862113803122255,1.3756925642496796,35.94285714285714,7.6023982176966785,42.53725901910371,196.0828260885581
2368.0,7,2.7183784476957533,2.3150879540334945,1.8622043384833227,1.3754371074843381,37.357142857142854,7.596996861558726,42.535930028877026,196.9755128942886
2369.0,8,2.033574915065124,1.785158556600899,1.2637380138049408,1.2608557826610258,36.425,7.591593550420566,39.50726277133633,188.46724453924463
2370.0,8,2.0334778670239584,1.785079446615882,1.2637819476627927,1.260699734073146,35.675,7.586185656379733,39.50689301303707,182.84530025898985
2371.0,8,2.0333807876347705,1.785000320590674,1.2638259256855087,1.2605436026072148,36.900000000000006,7.580800310919171,39.50652737823879,190.56833792992148
2372.0,8,2.033283674641678,1.7849211767516087,1.2638699470528,1.2603873865415742,36.675,7.575413724599494,39.50616505504597,187.2615924795435
2373.0,7,3.6190344047514897,3.0349247085879862,1.5804254797026276,2.5909502677405043,37.528571428571425,18.34134750204574,44.068055523576405,180.52143840620977
2374.0,8,2.0330893480029477,1.7847628359155865,1.2639581203884167,1.2600747003132897,34.075,7.564678630281127,39.505443218812175,187.5657673465089
2375.0,7,3.61807265205771,3.03414338709174,1.5801492952343947,2.590203524475013,34.199999999999996,18.354057296401383,44.06876678796895,188.52462226095008
2376.0,8,2.0328948831587557,1.784604421266795,1.264046467123295,1.2597616716498838,32.5875,7.553950215769778,39.50472613774023,183.5359274183236
2377.0,8,2.032797610337985,1.7845251949048901,1.2640907069406884,1.2596050396360468,33.9125,7.54860420070729,39.504370104196724,194.54361930271597
2378.0,8,2.03270031136413,1.784445956491776,1.2641349913548892,1.2594483297348977,32.9125,7.543257662789873,39.50401680783078,188.62583046472452
2379.0,7,3.616139141135556,3.032572816341342,1.5795964559675453,2.588701010682236,35.64285714285714,18.37942355047957,44.07019655218489,193.51673187308143
2380.0,7,3.615653679255063,3.032178523001534,1.5794581499673126,2.5883235013911223,35.98571428571429,18.38572807920456,44.070551158622145,186.68971328008672
2381.0,7,3.61516739012168,3.031783574259202,1.579319805768931,2.587945245219436,36.385714285714286,18.39204263658317,44.07091279893712,185.57898776717536
2382.0,7,3.6146802793545616,3.031387974294539,1.5791814234525932,2.58756624698186,36.785714285714285,18.398355259662583,44.07127222076685,180.16894017104516
2383.0,7,3.6141923534422946,3.0309917278308456,1.5790430027129603,2.587186512364784,36.957142857142856,18.404670316388387,44.07162825947957,185.71012403147105
2384.0,8,2.032115739524535,1.783970098485057,1.264401586008327,1.258506234227074,35.125,7.511332426908472,39.501906638892876,196.16139422670204
2385.0,8,2.0320182091780703,1.783890738417999,1.264446167973187,1.258348940044627,37.075,7.506035094036443,39.50155826539332,192.4258275672845
2386.0,8,2.031920667903054,1.7838113777671667,1.2644907957410032,1.2581915827638817,36.637499999999996,7.500749929173106,39.50121401047853,194.73073091587307
2387.0,8,2.0318231190618516,1.7837320191131463,1.2645354699711646,1.2580341653525422,35.4625,7.495454654502118,39.50086548421797,186.7450846177265
2388.0,8,2.0317255691116283,1.7836526671992852,1.2645801907283052,1.257876694443731,35.7375,7.490164512075431,39.50051755157458,195.62865203792276
2389.0,8,2.0316280284006507,1.7835733295796228,1.2646249579008038,1.257719180835743,36.325,7.484871468153512,39.50017073018165,194.3814277496816
2390.0,8,2.031530499395347,1.7834940081487092,1.2646697719746736,1.2575616267029919,36.762499999999996,7.479579067918172,39.49981585989551,198.84100899598164
2391.0,8,2.031432978740585,1.7834147007162473,1.2647146344311102,1.2574040274257934,36.5125,7.474291551959522,39.49946595244075,192.24065812212731
2392.0,7,3.609765360497253,3.027397175657065,1.5777955057339352,2.583736635429813,36.58571428571429,18.46130558621974,44.074843546351765,194.0665761918307
2393.0,7,3.6092695474431213,3.026994662864351,1.5776567144234717,2.583349759603566,36.22857142857143,18.467599422316297,44.075204488931,182.7182957965126
2394.0,7,3.60877294251482,3.0265915222031023,1.577517889749564,2.5829621657685533,37.385714285714286,18.473898908937315,44.075553551095666,201.2560954638899
2395.0,7,3.6082755475048325,3.0261877551535714,1.577379032305724,2.5825738552621624,37.442857142857136,18.480189593639043,44.07590907520564,187.98670273145248
2396.0,8,2.03094535112673,1.7830182639753098,1.2649396684314063,1.2566152016023726,33.9625,7.447810145894341,39.497706313824395,206.39606733594215
2397.0,8,2.0308478272079338,1.7829390014984259,1.2649848194340563,1.256457277294215,34.8125,7.442524641302564,39.4973563274619,192.5086308891789
2398.0,7,3.6067786523397944,3.0249727186161373,1.5769622649215733,2.581404649291801,36.800000000000004,18.49907238294278,44.07696545817662,205.4721280357687
2399.0,7,3.6062781148299843,3.0245664602020454,1.576823279719076,2.58101348634894,36.685714285714276,18.50537628626972,44.077321171185396,192.69660795706457
2400.0,8,2.0305552640660274,1.7827012684143833,1.265120563486691,1.255983189477219,36.4,7.426637701681269,39.4962945666816,205.690001938693
2401.0,8,2.030457742652151,1.7826220397905457,1.265165908205536,1.2558250520918377,37.224999999999994,7.421347633748649,39.49594115481822,197.0589086348217
2402.0,8,2.0303602186167993,1.782542817201798,1.2652113008403203,1.2556668584396373,35.2125,7.416051270094485,39.495588094218135,179.11683233471504
2403.0,7,3.604268118102314,3.022935210507536,1.5762670364309523,2.5794417064138946,37.042857142857144,18.53057510837497,44.078725998866105,189.27079538430635
2404.0,8,2.0301651731478447,1.7823843977658462,1.2653022295001672,1.2553503134269033,35.9875,7.405449096201973,39.49487122266724,196.5046257426993
2405.0,8,2.0300676612228026,1.7823052080563981,1.2653477665721242,1.2551919710928277,36.95,7.400153305526196,39.49451562960857,198.35821409892105
2406.0,9,1.5854256471255863,1.440277508037262,1.1192889849045289,0.9064168292951178,34.099999999999994,2.805221980395277,35.417611317508204,229.4904357562521
2407.0,8,2.0586864349920537,1.8207360038736982,1.2460543651244258,1.3275647309853962,36.1625,2.810052181694187,38.92136781275539,222.1884314366904
2408.0,8,2.058714850624546,1.8207670184395566,1.2460269414741962,1.3276330052231047,36.0,2.814899057206936,38.922277298132755,226.7820611246276
2409.0,8,2.058743163330902,1.8207979553590237,1.2459995457741793,1.3277011433941526,34.725,2.8197507919109865,38.923188257056005,203.97688645205756
2410.0,8,2.05877136138111,1.8208288055148822,1.2459721749323582,1.3277691359144788,34.9125,2.82461053020741,38.92409851240507,234.6838462813187
2411.0,8,2.0587994445314823,1.8208595685903508,1.2459448281372842,1.32783698312895,34.2875,2.829472573417478,38.92501261304198,220.6983591733737
2412.0,8,2.0588274140170126,1.8208902454965379,1.2459175055016471,1.3279046861988986,35.125,2.8343532646865968,38.9259219827837,205.044422519286
2413.0,8,2.058855269981647,1.8209208362670324,1.2458902066514363,1.3279722455388405,35.1375,2.839230223155785,38.92683489573638,224.8373813736346
2414.0,8,2.058883012606528,1.8209513409643374,1.2458629312138678,1.3280396616016437,35.35,2.8441272548336007,38.92774995753575,216.4973350978864
2415.0,8,2.058910650451381,1.8209817662340344,1.2458356815437737,1.3281069413075082,34.4625,2.849024733452064,38.92865522076052,228.6509305610146
2416.0,8,2.05893818377154,1.8210121122447565,1.2458084575965171,1.3281740849463584,34.2375,2.8539381482720803,38.929565777813494,225.97238768298172
2417.0,7,3.5971364705978988,3.017149233264223,1.5743167403089329,2.5738524233082876,35.714285714285715,18.61925901589128,44.08356296681722,193.10959161043203
2418.0,7,3.596621434790816,3.0167314845651516,1.574177254180981,2.5734480415166514,35.67142857142857,18.62563935157997,44.08390345231579,195.2015806408548
2419.0,7,3.59610568362359,3.0163131666491045,1.574037743987861,2.5730430038773844,35.74285714285714,18.6320542175922,44.08423626322208,189.68090492525496
2420.0,8,2.028608289406021,1.7811208434466377,1.2660371951926777,1.252813345773711,34.65,7.319904796220013,39.48898691034162,216.76391690809336
2421.0,8,2.0285113162885717,1.7810421909604717,1.2660835904056336,1.2526546324054597,35.85,7.314491502171202,39.48860093631836,198.4191965574265
2422.0,8,2.02841437706178,1.7809635718787922,1.266130036938152,1.2524958977666392,34.65,7.309065519241812,39.48821091485047,218.2792171357192
2423.0,8,2.02831747188068,1.7808849862881457,1.266176534589094,1.2523371421635956,33.625,7.303656826291958,39.48782800449706,219.96640233547424
2424.0,7,2.7117557086607142,2.3108815349638214,1.8674904791591975,1.361121882450833,35.50000000000001,7.298200316252282,42.46217822555821,202.2853183326825
2425.0,7,3.5929963374600424,3.0137914417164477,1.5732001761695997,2.5705991635926524,35.77142857142857,18.67058406501513,44.086212664933576,195.28381580042284
2426.0,7,3.59247570140379,3.0133692295324983,1.5730604960605712,2.5701896407127145,35.74285714285715,18.677030138215475,44.08653364898432,203.54554774758847
2427.0,7,3.5919544005629227,3.012946485058504,1.5729207910705074,2.569779505491575,36.08571428571429,18.683484040717047,44.08684948671495,200.96600132245047
2428.0,7,3.5914324253011847,3.0125232015984236,1.572781062365541,2.569368749329908,36.05714285714286,18.689939796964094,44.08717636662853,193.5171665887765
2429.0,7,3.5909097657523996,3.0120993722753813,1.5726413109545745,2.5689573635116685,36.44285714285714,18.69639409061456,44.08749084224165,193.36891078914812
2430.0,7,3.5903864361462743,3.011675007258168,1.5725015357428624,2.568545360594168,36.34285714285714,18.702851051263544,44.087809460617045,199.8003897494495
2431.0,7,3.589862456733989,3.0112501210401503,1.5723617355572095,2.5681327582544946,36.05714285714286,18.70930525730825,44.08813179184189,190.43622027090564
2432.0,7,3.5893378384422245,3.01082472152205,1.5722219100904806,2.567719565910532,36.82857142857143,18.715780564529325,44.08843435703424,207.82226611797884
2433.0,7,3.588812579752724,3.0103988077652573,1.572082059871124,2.5673057821042367,36.48571428571429,18.72224985787529,44.08874740398017,189.7881324518169
2434.0,7,3.588286667415985,3.0099723705620187,1.5719421866230976,2.566891394948632,36.357142857142854,18.72873079292175,44.089056311585054,197.2434782471201
2435.0,7,3.5877601015366016,3.0095454101504773,1.571802290933413,2.56647640432837,37.74285714285714,18.735221424686973,44.08935609127218,200.431036084701
2436.0,7,3.587232893008921,3.009117934405393,1.5716623724493268,2.5660608196586328,38.457142857142856,18.74170710524333,44.08965730652769,197.57814113185668
2437.0,7,3.586705051218694,3.0086899501190234,1.5715224308895817,2.565644649042051,37.48571428571428,18.748192587694547,44.08995799698347,198.83984806906804
2438.0,7,3.5861765816306783,3.0082614613193224,1.571382466363448,2.5652278971008777,36.857142857142854,18.75468499395048,44.090258542760296,192.43541104982043
2439.0,7,3.5856474827671607,3.0078324671005743,1.5712424793941149,2.5648105624181605,37.642857142857146,18.761184404072026,44.090553985029,197.1201905476466
2440.0,7,3.5851177561084513,3.0074029686763706,1.5711024704602925,2.564392646089326,37.271428571428565,18.76767487964529,44.0908460657609,193.076669813798
2441.0,8,2.026581047755415,1.77947766194281,1.2670221669643658,1.2494781221671603,36.125,7.204813722378192,39.480347509685195,192.86215121299304
2442.0,8,2.0596197062559067,1.8217748167763574,1.2451086705021326,1.3298751376279436,37.599999999999994,2.98492081861263,38.95311719511882,211.10740895159563
2443.0,8,2.0596447217290996,1.8218032286075585,1.2450820557210616,1.3299389753993753,37.1625,2.9900985472892607,38.95401163967905,218.4445047859191
2444.0,8,2.059669657299432,1.8218315782642696,1.2450554622701728,1.3300027050469057,36.25,2.9952797317450464,38.95490718256947,217.1356312762531
2445.0,8,2.0596945155034927,1.8218598676088187,1.245028890187648,1.3300663290985664,35.575,3.000467433276663,38.95580128757422,213.44535590392204
2446.0,8,2.0597192973252434,1.8218880973810891,1.2450023396537993,1.3301298484115944,36.7375,3.005671428011772,38.956693033114,207.7496402520506
2447.0,9,1.585398666034364,1.4403944740696701,1.12023010179692,0.9054395396482879,35.55555555555556,3.010885015494788,35.425801057962744,210.3842465406996
2448.0,9,1.5853981042773204,1.4403974912502828,1.1202537335873304,0.9054151010358481,34.97777777777778,3.016107434892528,35.425976204359614,199.96455740892503
2449.0,9,1.5853975482754272,1.4404005171443068,1.120277400139358,0.9053906320073052,35.011111111111106,3.021333324791964,35.426147596876916,192.14415785690565
2450.0,9,1.5853969991738661,1.440403552582773,1.1203011064603148,0.9053661276836397,35.05555555555556,3.026569558006388,35.42631988931617,197.41393394118023
2451.0,9,1.58539645707723,1.4404065976443852,1.1203248527929204,0.9053415878838192,34.57777777777778,3.031796072043111,35.4264937681359,191.73921379750135
2452.0,8,2.0598663977149236,1.822056251833796,1.244843600025416,1.3305086983264645,36.4375,3.037033631670232,38.96203634602408,203.09361602523623
2453.0,9,1.585395394155674,1.4404127168443666,1.1203724648504927,0.9052924029570782,34.455555555555556,3.042265236602193,35.426836321293486,194.28297030963765
2454.0,9,1.585394873749197,1.4404157912978635,1.1203963314644036,0.9052677572195732,34.63333333333334,3.0475139103135227,35.426999145681194,201.20261332675145
2455.0,9,1.5853943612517654,1.4404188760482244,1.1204202406477202,0.9052430738884084,33.6,3.052737726271696,35.42716985799372,197.88969657903425
2456.0,8,2.059963013122581,1.8221672626232606,1.244738486684358,1.3307590438327594,35.5875,3.057968851050552,38.96558483650958,197.88289503322207
2457.0,8,2.0599870066935537,1.8221948959946666,1.2447123081850533,1.330821366240282,34.4875,3.0631938947446464,38.96646982909907,214.2297090930253
2458.0,8,2.060010943112301,1.8222224870285983,1.2446861713977881,1.330883588810008,34.375,3.06841779763069,38.967361423554664,223.390432672624
2459.0,9,1.5853923901178424,1.4404313179254045,1.120516298635193,0.9051439698485564,33.45555555555555,3.073641246175431,35.42785516348649,181.59184979209368
2460.0,9,1.585391918778604,1.4404344553868043,1.1205404250067013,0.9051190950318527,32.91111111111111,3.078854096701872,35.428024254196586,197.67454832589843
2461.0,9,1.585391457066819,1.4404376044076417,1.1205646007429935,0.9050941761790986,32.63333333333333,3.0840553875061048,35.42819630481024,188.0763681801136
2462.0,8,2.0601060793734027,1.8223324088457822,1.2445820986786633,1.3311314014695486,33.95,3.0892480124640747,38.97090479160637,182.53158471119647
2463.0,8,2.0601297075711145,1.822359776764762,1.2445562032582433,1.331193078746107,33.412499999999994,3.094440793954681,38.97178763943913,190.9379837830709
2464.0,8,2.060153271040078,1.8223870976947327,1.2445303556130516,1.3312546442367374,34.725,3.099623869874417,38.972670512749175,183.3433668093108
2465.0,8,2.06017676816587,1.8224143701028677,1.244504553603734,1.3313160978584322,35.2875,3.104800479582793,38.97355813030047,185.05392894531155
2466.0,8,2.060200197729124,1.8224415929582587,1.2444787964284127,1.3313774389647455,35.9375,3.109965236483013,38.97444238367694,181.41397480197264
2467.0,8,2.0602235584761033,1.8224687655644227,1.2444530855603784,1.33143866524041,36.5,3.115141250507208,38.975324825518584,180.79663944399863
2468.0,9,1.5853884829837799,1.4404599629405614,1.12073516377644,0.9049185584955809,35.41111111111112,3.1203059907121355,35.42938786101305,174.42009479198575
2469.0,9,1.5853880942883862,1.4404632015996983,1.1207597183527858,0.9048933024841311,35.388888888888886,3.1254479727666213,35.429559349154005,177.02701978228612
2470.0,9,1.5853877144899655,1.4404664513018899,1.120784319520467,0.9048680049837677,35.788888888888884,3.130597702302947,35.429731242820814,173.24155268869185
2471.0,8,2.0603162847564698,1.8225769316173162,1.2443507005070067,1.3316823967490568,36.912499999999994,3.1357429184631544,38.97886671127979,173.26772782316036
2472.0,8,2.060339287674672,1.8226038419917217,1.2443252163184177,1.3317430386065876,37.0625,3.140889378844182,38.97974662057803,172.00469800548396
2473.0,9,1.5853866277682507,1.4404762661870187,1.1208583984851688,0.9047918677758757,35.888888888888886,3.146016820007594,35.43024759568907,170.21386174624158
2474.0,8,2.0603850916691226,1.8226575128122624,1.244274371382951,1.3318639937060182,37.25,3.151171400947748,38.981509843618504,171.86287531992562
2475.0,8,2.0604078983768694,1.8226842764868147,1.2442490049351045,1.3319243167200852,37.175,3.156300030865582,38.98239974749619,170.3605694972532
2476.0,8,2.060430642099569,1.8227109928956924,1.2442236768916322,1.3319845365037344,36.8625,3.1614288470855287,38.983282715326204,173.23988351762748
2477.0,8,2.0604533221944017,1.8227376615799815,1.2441983873856688,1.3320446523179923,35.9625,3.1665578409810524,38.984164251853535,162.22354733417532
2478.0,8,2.060475938535965,1.8227642821955818,1.2441731348876446,1.3321046651340223,36.325,3.1716905213445425,38.98504366963002,163.99671467216552
2479.0,8,2.0604984859257085,1.8227908510224997,1.2441479201315218,1.3321645691894592,36.9125,3.1768265887834124,38.985923146570435,163.33433319391483
2480.0,8,2.060520958860939,1.8228173639314467,1.2441227427002628,1.3322243592375738,36.625,3.181960142444834,38.98679925641223,164.3386222613434
2481.0,9,1.585384066428898,1.4405028862732916,1.121057728800575,0.9045872727703943,35.599999999999994,3.187089748411132,35.43159568685049,161.10704535796407
2482.0,9,1.5853837781938631,1.4405062577285854,1.1210828176262824,0.904561548253257,35.788888888888884,3.192233598395572,35.43176157078773,153.86132380498157
2483.0,9,1.5853834961734627,1.4405096383157676,1.1211079410837779,0.9045357939404697,36.388888888888886,3.197373703147304,35.43192660244363,162.1145571203677
2484.0,9,1.5853832198198334,1.4405130276434217,1.1211330965964386,0.9045100123970428,35.788888888888884,3.202530806040272,35.43208939839291,157.73594055509554
2485.0,9,1.58538294869036,1.4405164253998581,1.1211582818872237,0.9044842059441798,35.91111111111112,3.2076921707215,35.43225209885797,161.74266586660747
2486.0,9,1.5853826830395445,1.440519831772371,1.1211834979366906,0.904458373660141,36.199999999999996,3.212864772937744,35.43241006937336,159.17937113745424
2487.0,9,1.5853824230573572,1.440523246903908,1.1212087453626292,0.9044325150020516,35.56666666666667,3.2180488970700725,35.432566116470184,161.13794345175094
2488.0,9,1.5853821687525367,1.4405266708072424,1.1212340239291216,0.904406630277945,36.13333333333334,3.2232347047336103,35.43272060925465,161.72883602932558
2489.0,9,1.5853819205865871,1.4405301038205154,1.1212593354913507,0.9043807177216018,35.97777777777778,3.228422812356704,35.43287814232294,162.7687250487891
2490.0,9,1.585381678719645,1.4405335460617812,1.1212846807118289,0.9043547766945789,35.94444444444444,3.2336139467347995,35.43303250809694,163.77566088112968
2491.0,9,1.5853814426819568,1.440536997202588,1.1213100570985433,0.9043288097584369,35.955555555555556,3.238811820316475,35.433184584332494,164.52034114114525
2492.0,9,1.5853812122396502,1.440540457078543,1.121335463514112,0.9043028180568992,35.355555555555554,3.244018003134162,35.43333864468613,162.16812793800273
2493.0,9,1.5853809878261151,1.4405439260041764,1.1213609018629143,0.9042767997249056,34.77777777777778,3.2492293786046447,35.4334881152362,159.3479913866917
2494.0,9,1.585380769733673,1.440547404195387,1.1213863732922023,0.9042507536787732,35.477777777777774,3.2544439011742203,35.43363785782414,162.00064074698656
2495.0,9,1.5853805577912905,1.4405508915459135,1.1214118763595957,0.904224681532957,35.8,3.2596610993807023,35.433788307522356,165.53718201836998
2496.0,9,1.5853803520416638,1.4405543881076563,1.12143741042783,0.9041985841556859,36.08888888888889,3.264887387108029,35.433935479891254,156.88619109375847
2497.0,9,1.5853801527656608,1.4405578940846977,1.121462976837168,0.9041724602050524,36.72222222222222,3.270106366170715,35.43408020228704,159.89644900599703
2498.0,9,1.5853799603247285,1.4405614097335944,1.1214885774828558,0.9041463077340532,36.922222222222224,3.27533221540649,35.43422463237694,160.39650182320324
2499.0,9,1.585379774954645,1.4405649352112522,1.121514214082239,0.9041201248571433,36.55555555555556,3.280564577562028,35.434370317445456,153.9959110649768
2500.0,9,1.5853795969886932,1.4405684707467992,1.1215398886658263,0.9040939094149554,35.7,3.285783327830532,35.43451291844194,159.38978853704938
2501.0,9,1.5853794266575774,1.440572016503111,1.1215656024237035,0.9040676601846758,35.78888888888889,3.2910127562937546,35.43465975368568,156.14534318818147
2502.0,9,1.5853792640317517,1.4405755725313376,1.121591355695057,0.9040413768208374,35.099999999999994,3.2962379769778147,35.43480296063783,160.7963517068029
2503.0,9,1.585379109339322,1.4405791390009672,1.1216171493281035,0.9040150585349043,35.57777777777777,3.3014693590579407,35.434946583280464,159.5994523068305
2504.0,9,1.585378962975807,1.4405827161984976,1.1216429850459535,0.9039887036390689,35.77777777777778,3.306699931279818,35.435086185350166,162.28317145707226
2505.0,9,1.5853788251289416,1.4405863042572238,1.1216688637910452,0.9039623111696594,35.53333333333334,3.311924482591589,35.43522862263949,159.95596995263296
2506.0,9,1.5853786961883782,1.4405899034406593,1.1216947879693042,0.9039358785542622,36.50000000000001,3.3171464562196027,35.435370619320835,156.9972110606469
2507.0,9,1.5853785768484354,1.4405935142340969,1.1217207612021558,0.9039094020649422,36.65555555555556,3.322372073095401,35.435514658953124,158.34836543505898
2508.0,9,1.5853784677629978,1.440597137106378,1.1217467864356603,0.9038828787848354,36.077777777777776,3.327594398974437,35.43566030736067,151.3810352741054
2509.0,9,1.585378369091688,1.4406007721810863,1.121772864053661,0.903856308426062,35.56666666666666,3.3328091614443927,35.435803019831376,157.79006127141116
2510.0,9,1.5853782805615033,1.4406044192734313,1.1217989923850902,0.9038296927596132,35.099999999999994,3.3380268875817065,35.43594133433298,153.53466514342645
2511.0,9,1.5853782020797573,1.4406080783182127,1.121825170964308,0.9038030322512727,34.54444444444445,3.343240945747137,35.43608207654218,154.01919718102857
2512.0,9,1.5853781339347353,1.4406117495124238,1.1218514014246586,0.9037763251793974,33.400000000000006,3.3484440317110336,35.43622783964643,164.21498137135703
2513.0,9,1.5853780761821794,1.440615432897179,1.1218776839708053,0.903749571346968,33.27777777777778,3.35364446189111,35.43637706754336,148.05080863075415
2514.0,9,1.5853780287333403,1.4406191284252379,1.1219040176205466,0.9037227718894595,32.56666666666667,3.3588265292749315,35.4365289132634,142.61596272786318
2515.0,8,2.061264747521239,1.8237124995498863,1.2432614404845097,1.3342519520760974,34.724999999999994,3.3640228984283795,39.01690615342222,156.6478632575168
2516.0,8,2.0612845617348747,1.8237370029751507,1.2432375628011425,1.3343076925735908,35.2875,3.369200412326624,39.017763913977674,149.63903215470208
2517.0,9,1.5853779508494543,1.440630289814008,1.121983335706599,0.903642089727059,34.17777777777778,3.3743673356719293,35.43696980703573,156.32786828974233
2518.0,8,2.0613239603415887,1.8237858433310106,1.243189961959992,1.3344187951376127,36.0,3.379519334540405,39.0194884988023,145.87553723486684
2519.0,9,1.5853779514146424,1.44063779229351,1.1220364702159764,0.9035880743400673,35.18888888888889,3.3846754010174065,35.4372702397,137.7178291538935
2520.0,9,1.5853779675197623,1.4406415620583162,1.12206311452029,0.9035609981417144,34.922222222222224,3.38981703521216,35.43742140818151,146.8561622819469
2521.0,9,1.5853779938513743,1.440645343921301,1.122089809348697,0.9035338769066316,35.63333333333334,3.3949474750951696,35.43757358162648,140.9195628743569
2522.0,8,2.061401832376673,1.8238828503709994,1.24309535861203,1.3346394948729303,35.4875,3.4000864868649368,39.02293808947688,144.01060318444755
2523.0,9,1.5853780745883288,1.440652942079748,1.1221433383923747,0.9034795114581459,35.099999999999994,3.405224147517326,35.437876439363386,130.5769067185156
2524.0,8,2.061440245139428,1.8239309650751923,1.2430483122832288,1.3347490620674507,36.7375,3.410357578578054,39.02466171820005,143.48248832147877
2525.0,8,2.0614593200699955,1.8239549234013435,1.2430248448025563,1.3348036551506672,37.4375,3.4154881814345592,39.02552816436287,146.65888658407064
2526.0,8,2.061478304994067,1.8239788139371669,1.2430014143772012,1.3348581188830186,37.4375,3.420631272342083,39.026387968943084,139.57179081403743
2527.0,8,2.0614972006486036,1.8240026370851705,1.242978020195612,1.3349124545842896,36.724999999999994,3.425757914883156,39.027257036962325,138.0123360014029
2528.0,8,2.061516005571706,1.824026391616966,1.2429546613935767,1.3349666613946538,37.1,3.4308997723508807,39.02811598813827,136.4914644177596
2529.0,8,2.0615347224514977,1.824050079667628,1.2429313389534637,1.3350207413305721,37.125,3.4360524161621195,39.02897603543277,140.14085085604577
2530.0,8,2.0615533500708993,1.8240737003990832,1.2429080532943977,1.335074692870603,37.425,3.4411899469172,39.02984117312436,133.0513828000549
2531.0,8,2.0615718951013284,1.8240972587843993,1.242884804771092,1.3351285224928287,37.1875,3.4463331652204574,39.030704674783806,136.09271056910006
2532.0,8,2.061590358362284,1.8241207553413428,1.2428615928915552,1.3351822313759785,35.8125,3.4514758428096703,39.03156540913607,129.9518783053651
2533.0,8,2.061608737020555,1.824144188009521,1.2428384179024072,1.3352358164888913,36.8875,3.456616122483922,39.03242620948012,132.58258992055713
2534.0,8,2.0616270372324097,1.8241675614812638,1.2428152807538346,1.3352892833709358,36.375,3.461776363523724,39.03328791266142,125.6339930576024
2535.0,8,2.0616452713626927,1.8241908852126172,1.2427921834894597,1.3353426430509483,36.824999999999996,3.466912776418774,39.03415372037621,127.24293290883789
2536.0,8,2.061663445017857,1.8242141635636822,1.2427691275011294,1.3353959002020432,36.4875,3.4720593913932176,39.0350111407457,127.98024294199186
2537.0,7,3.530628110376078,2.9632848675874377,1.5575063983931876,2.5209583545622047,37.74285714285714,19.26019264910637,44.11567424208789,105.57262250342424
2538.0,7,3.5300351800004695,2.9628055910837996,1.5573668614658331,2.520481190043973,36.98571428571428,19.25465292337493,44.11591881013805,106.00866007882624
2539.0,7,3.5294417092098964,2.962325888858266,1.5572273440873416,2.5200035060742674,37.628571428571426,19.24910826026216,44.11616216069405,102.70795768815148
2540.0,7,3.5288476798299744,2.9618457482786167,1.5570878480367556,2.5195252866546873,36.34285714285715,19.243564847185457,44.11640551630075,117.5753575478642
2541.0,8,2.061753346914829,1.8243298260496168,1.2426544384847686,1.335660608361394,33.787499999999994,3.497746533182198,39.039279252525404,124.6329723649252
2542.0,7,2.1089400726978216,1.8763465071119994,1.3023366905318803,1.350775836046037,31.514285714285716,3.5028821600105493,35.60860035121652,148.79511146866912
2543.0,7,3.527062349511741,2.960402774760079,1.5566694769681921,2.5180875140238372,35.24285714285714,19.22694756296351,44.11713023230505,112.6338963213074
2544.0,7,3.5264662149287997,2.9599209728879643,1.5565300511561282,2.5176072699271295,34.52857142857143,19.221395713568,44.1173613844926,111.09660245098534
2545.0,7,3.525869571726354,2.9594387684292154,1.5563906400629426,2.5171265362723214,34.84285714285714,19.21585359193453,44.117595672771735,121.410328176916
2546.0,7,3.5252724246706393,2.9589561649484164,1.5562512443890093,2.5166453167707004,33.58571428571428,19.21035210396733,44.11784039751202,102.30792390633246
2547.0,6,3.8975859501822354,3.2941303189033575,1.7683899811833972,2.7792249697296043,34.6,19.204816045985623,40.96402654735888,107.5274031293656
2548.0,7,2.2357760266092,1.979204414287097,1.4227978265903258,1.3758257368516464,32.42857142857143,6.611691903578359,36.05731844583846,101.2682678734828
2549.0,7,3.5234778344409423,2.9575058743402454,1.555833178808135,2.5151986236631156,35.228571428571435,19.19376023825693,44.118542694238904,113.94157900423558
2550.0,7,3.52287856944589,2.9570216051591434,1.5556938709839208,2.5147153622549454,35.128571428571426,19.188248152416044,44.11877864763331,120.68032686131144
2551.0,8,2.0160951601956354,1.7710310922494525,1.2725353212471742,1.2317487511228256,34.3125,6.595164475423434,39.42853144791046,119.79412103865356
2552.0,7,3.521678420557015,2.9560517978623917,1.5554153323728157,2.5137472775649186,35.32857142857143,19.17719032314049,44.11923898023428,115.35184243401515
2553.0,8,2.0159056909742787,1.7708794375142902,1.2726411112861575,1.2314213673943062,33.625,6.584140904581612,39.42755728315865,111.32067017183532
2554.0,8,2.0158109795152512,1.7708036418442914,1.272694080565075,1.2312576153119312,33.5125,6.578636129473619,39.4270738258359,116.2375154495516
2555.0,8,2.015716286512083,1.7707278694735988,1.2727470990813132,1.2310938264448457,34.2625,6.573134055850393,39.42659300911299,115.67468320345596
2556.0,8,2.015621608084817,1.770652117661998,1.2728001672427545,1.2309299964042368,34.2375,6.567628541858575,39.42609863614027,108.51057167385471
2557.0,8,2.015526939342931,1.7705763829236174,1.272853285354205,1.2307661198334505,34.4625,6.562114369040029,39.425611625054245,123.48527998922556
2558.0,8,2.0154322795887514,1.7705006647127053,1.2729064530367054,1.2306021963110765,35.0375,6.556618015930837,39.425125563979215,115.56587556787898
2559.0,8,2.015337626780728,1.7704249615648202,1.2729596703000543,1.2304382236916132,35.8625,6.551116387832964,39.424639912270145,116.97617696469962
2560.0,8,2.015242977905721,1.7703492712681288,1.2730129368381553,1.2302741990801436,35.91250000000001,6.545622453377132,39.42415790822622,116.78938698643204
2561.0,8,2.015148334229909,1.7702735948679351,1.2730662534540933,1.230110123120284,36.5875,6.540121524447686,39.42367242487691,124.72968786076548
2562.0,8,2.0150536951600126,1.7701979319911585,1.2731196204533874,1.2299459949292069,36.225,6.534628371633059,39.42318985968866,126.04941245867612
2563.0,8,2.0149590635974066,1.7701222848203937,1.273173038315461,1.2297818171221873,36.675,6.529140820179901,39.42270625248024,122.7380805229029
2564.0,8,2.0148644434073795,1.7700466561552897,1.2732265069519948,1.2296175937913965,36.3625,6.523637902758863,39.42221868081975,127.85436624510764
2565.0,8,2.014769832642408,1.7699710446168342,1.2732800264962714,1.2294533227852373,36.0,6.5181554144195,39.42173867811808,119.81417527896691
2566.0,8,2.0146752288680103,1.7698954485065332,1.2733335973123936,1.229289001252196,35.125,6.512673593950086,39.42126128570929,115.37473087928466
2567.0,8,2.0145806358058382,1.7698198705771424,1.2733872197188292,1.2291246327962202,34.8125,6.507178091116702,39.420770743440244,116.6340109245104
2568.0,8,2.014486057251448,1.7697443135285231,1.273440893288294,1.2289602217190172,34.7625,6.501695188036665,39.42029262665156,123.3892887456066
2569.0,7,2.234090035153117,1.9778873586010621,1.4238776020672372,1.372811340878688,35.614285714285714,6.496202890657828,36.056826115684764,119.36234097488644
2570.0,8,2.0142969396084887,1.7695932590426733,1.2735483929196794,1.2286312682578822,34.9,6.490726415862239,39.4193339007779,115.22480727871584
2571.0,7,3.51016663497017,2.946752598424948,1.55277533407465,2.5044439778548733,36.94285714285714,19.07284315016564,44.1236517494084,106.89413651441627
2572.0,7,3.5095552673877446,2.94625890175244,1.5526367272947037,2.503949022885867,36.48571428571428,19.067377633822783,44.12388195803395,117.4725712773447
2573.0,7,3.5089433966363437,2.9457648115601214,1.5524981528833226,2.5034535766256396,36.17142857142857,19.06190685977396,44.12411031856108,113.6500492801757
2574.0,7,3.5083310292987817,2.945270332655092,1.5523596107637394,2.502957644725074,35.91428571428572,19.056441477436245,44.12433951320424,115.89988933091502
2575.0,8,2.013824437582223,1.7692160124909937,1.2738180070058631,1.227808203215039,33.6125,6.463288580458731,39.416908650933735,123.86481852918074
2576.0,7,3.507104821931059,2.94428022139597,1.5520826237032244,2.5019643385352275,36.31428571428572,19.045523965971142,44.12479719438141,131.613053321992
2577.0,8,2.013635576408665,1.7690652856245601,1.27392619232002,1.2274787335522037,34.3875,6.452332863014783,39.41593391943891,122.98693106355728
2578.0,8,2.0135411761293507,1.7689899593811262,1.2739803581521263,1.2273139465653515,34.287499999999994,6.446851455466421,39.41544976173268,135.3348579894537
2579.0,8,2.0134467906628712,1.76891465402569,1.2740345726203741,1.2271491192984034,35.275,6.441382312612177,39.41496771710955,127.03068978433232
2580.0,8,2.01335242266922,1.7688393716035729,1.2740888364945637,1.2269842538740467,34.875,6.4359220212131705,39.4144861179131,127.62861817757366
2581.0,8,2.0132580778716322,1.7687641163733512,1.274143150526202,1.226819355625418,36.0,6.430438434685107,39.41399334979356,127.26609101436284
2582.0,8,2.013163761117584,1.7686888918576347,1.274197514745321,1.226654429575598,35.55,6.4249570051394125,39.41350244867154,128.26145493497415
2583.0,8,2.0130694688681094,1.7686136954957754,1.2742519290635097,1.2264894721004123,35.7375,6.419483156357514,39.4130104808894,130.30061331382277
2584.0,8,2.0129751981635167,1.7685385251631205,1.2743063935115715,1.226324480079264,34.85,6.414014429337641,39.41252600228716,137.0134664940083
2585.0,8,2.0128809518633783,1.7684633829311938,1.2743609080314393,1.2261594565348048,35.4125,6.408534153704102,39.41203363261589,121.56193933989448
2586.0,8,2.01278672605687,1.7683882660214885,1.2744154728869732,1.2259943971604268,34.4375,6.403079410182016,39.41154429776979,123.00950824881971
2587.0,7,3.5003254192736897,2.9388070654037297,1.5505617284757394,2.496466561733445,36.528571428571425,18.985451910572795,44.127258371611155,122.3548561528334
2588.0,7,3.499706163190568,2.938307208132419,1.550423693845572,2.495963865709033,36.142857142857146,18.980004237013794,44.12748329010288,122.15192208076655
2589.0,7,3.4990864115525535,2.9378069655777974,1.550285699810584,2.4954606821106666,36.67142857142857,18.97454093712811,44.12770091466501,133.70954615848632
2590.0,8,2.0124100432960974,1.7680880634172993,1.2746342381768627,1.2253338152789324,34.162499999999994,6.381205031594827,39.40958438833787,131.87823968888463
2591.0,8,2.0123159288038326,1.7680130799094544,1.2746890562749722,1.2251685845399953,34.575,6.37572711657516,39.4090875010675,130.32607124767335
2592.0,7,3.4972242225141046,2.9363039555714563,1.5498719639351477,2.4939482382183455,36.25714285714285,18.95817903540086,44.12835961087664,132.72779006109965
2593.0,8,2.012127770476077,1.76786319570653,1.2747988433477586,1.2248380251008384,33.9125,6.364788844420215,39.40809949660139,126.17530037787344
2594.0,8,2.0120337242119555,1.7677882932388007,1.274853812021934,1.2246726941045496,33.8125,6.359325647758955,39.407610650696455,141.94875323100854
2595.0,8,2.011939700292134,1.7677134175878064,1.274908831374292,1.2245073288485453,34.175,6.353856857492295,39.40711893509808,189.47449316673823
2596.0,8,2.0118457032883934,1.7676385724494712,1.274963904204278,1.2243419317279747,34.35,6.3484021779479125,39.40662721695563,133.18084849450509
2597.0,8,2.0117517373285634,1.7675637610706931,1.2750190323416557,1.2241765054994818,34.4875,6.342913233044859,39.40612069287715,114.21825577403828
2598.0,8,2.011657802977722,1.7674889838696324,1.2750742157887458,1.224011050739012,34.7875,6.337457199373159,39.405639141830335,136.8273556666238
2599.0,8,2.0115638958773694,1.7674142375626252,1.2751294535148687,1.22384556375302,34.400000000000006,6.331975443262318,39.40514103032025,131.65497346676435
2600.0,8,2.0114700107833716,1.7673395182331275,1.2751847445165516,1.2236800399045331,34.2625,6.326484871437836,39.40463993319696,137.89645750829925
2601.0,8,2.011376146373645,1.767264824897752,1.2752400885058115,1.2235144780461622,34.1875,6.321017959627248,39.404151652350244,147.5196007311708
2602.0,8,2.011282309253398,1.7671901622208261,1.275295484594331,1.223348885814419,34.6875,6.315529937941154,39.40365297400527,145.4364914836834
2603.0,8,2.011188499544445,1.7671155303048225,1.2753509328042396,1.2231832633092434,34.375,6.310065253380135,39.40316440704842,153.74881784113964
2604.0,7,3.4897313199261415,2.9302576746817675,1.548221051844817,2.487854821860779,35.77142857142857,18.8927349788253,44.13095927344911,137.47587933210005
2605.0,7,3.4891036679868503,2.9297513125549233,1.5480837902234426,2.487343830648412,35.2,18.88729824376109,44.13117916934264,137.1730648560853
2606.0,7,3.48847549329802,2.929244549094384,1.547946580340547,2.486832325029407,35.48571428571429,18.8818525861616,44.13139503911217,125.1072895606523
2607.0,7,3.4878467935619324,2.928737382865745,1.5478094227575425,2.486320302901108,35.214285714285715,18.876416600547024,44.131612367726284,128.28640174332568
2608.0,8,2.0107196067774624,1.7667426486464062,1.2756289606543008,1.2223544253963934,32.9625,6.282637328208874,39.400682796503084,145.53841548786562
2609.0,8,2.010625854660439,1.7666681247742153,1.2756847250504315,1.2221885064777231,33.575,6.277162736554817,39.4001866763025,172.45973254729444
2610.0,8,2.010532111018635,1.7665936182524038,1.2757405429852569,1.222022536221735,34.0,6.2716915600661,39.39970029240776,145.62435192320035
2611.0,7,3.4853267614561756,2.9267047061945037,1.547261328118626,2.484267058866587,35.58571428571428,18.85470880335463,44.13249023412557,125.66191915753096
2612.0,8,2.0103446452835576,1.7664446544075798,1.275852338684688,1.2216904382690104,33.4375,6.260731845331361,39.39872076770627,122.66220858300836
2613.0,8,2.010250915283156,1.766370191155794,1.2759083146394068,1.2215243038260781,34.4875,6.255249633251041,39.398230701402014,158.57134365893756
2614.0,8,2.010157188542276,1.766295741138227,1.2759643411363695,1.2213581150962518,34.375,6.249786190085899,39.39774486892595,131.87306172339603
2615.0,7,3.4827984115242447,2.924665657603754,1.5467140935045622,2.482205616326165,36.42857142857143,18.833158419279577,44.13339456524189,126.46381466124411
2616.0,8,2.0099697590736114,1.7661468907417628,1.2760765426914056,1.221025592225464,33.3625,6.23885521971399,39.3967736451808,145.57954044169514
2617.0,7,3.481531341340619,2.9236439041919073,1.5464407770861652,2.4811720217436832,34.557142857142864,18.82239852209073,44.133841902241045,125.10026289019272
2618.0,7,3.4808970969077904,2.923132480914306,1.5463041924510292,2.480654519554183,35.4,18.81702591306585,44.13406789715788,111.99827065718706
2619.0,7,3.480262384117954,2.92262069665615,1.5461676564627806,2.480136551609865,35.371428571428574,18.81165893522364,44.13429095423805,124.59356081082991
2620.0,7,3.479627216531122,2.922108561135755,1.5460311691176758,2.479618129305298,35.98571428571429,18.806295964480075,44.134516175239845,118.8137324603015
2621.0,7,3.478991609500203,2.921596085377191,1.545894731717786,2.479099264760998,36.042857142857144,18.800948377836853,44.134742537174574,125.4226137151622
2622.0,7,3.4783555616719113,2.9210832686647143,1.5457583465659266,2.4785799556388546,35.228571428571435,18.79558825589617,44.13496610282607,111.12716120738352
2623.0,7,3.4777190573672145,2.920570100213894,1.5456220166245258,2.4780601873217147,35.285714285714285,18.79023520358749,44.13518987659161,128.7948034754367
2624.0,7,3.477082093144394,2.920056577785403,1.545485742661447,2.477539956629962,35.1,18.78486250040984,44.13540966706875,118.33220551131362
2625.0,7,3.4764446694927202,2.9195427019053057,1.5453495252688907,2.477019263752252,35.51428571428572,18.77951854858846,44.13563570883902,129.09696508519272
2626.0,7,3.4758067966743287,2.9190284799466646,1.5452133641152832,2.4764981175238687,35.02857142857143,18.774145735827062,44.13585354826701,104.71919952554212
2627.0,7,3.4751684952638637,2.9185139265307387,1.5450772582874526,2.475976535687848,32.85714285714286,18.76879679008651,44.13607847563134,114.8946781391677
2628.0,7,3.474529782444035,2.917999053935945,1.5449412084740954,2.475454532228308,34.04285714285715,18.763440246092767,44.13630103805834,114.79420976177444
2629.0,7,3.473890672923954,2.9174838726706462,1.544805214597305,2.4749321195229346,35.84285714285715,18.75806838012788,44.1365208553335,112.58445079080222
2630.0,7,3.4732511766411336,2.9169683899003127,1.5446692771568402,2.4744093056496106,36.75714285714286,18.75268229801661,44.13673753549653,114.30156911746016
2631.0,7,3.4726113017216163,2.9164526115050684,1.5445333963323495,2.4738860973716617,36.457142857142856,18.74730089069973,44.13695552438397,115.70293510129528
2632.0,7,3.4719710481596007,2.9159365376431103,1.5443975724394023,2.473362494622527,35.57142857142857,18.74188253487945,44.137163861540465,112.70459622910693
2633.0,7,3.4713304136798375,2.9154201668841604,1.544261806158045,2.472838495235053,34.9,18.736491600558114,44.13738539225021,105.41342906375218
2634.0,7,3.470689377230555,2.9149034845977875,1.5441260985407856,2.4723140812456528,35.214285714285715,18.731074254984872,44.13759518577699,102.01404037701268
2635.0,7,3.4700479131654767,2.914386472910067,1.5439904502851338,2.4717892310853466,34.42857142857142,18.725660654373417,44.137806382559965,99.0331021509372
2636.0,7,3.469406024809173,2.913869134252755,1.543854859047041,2.471263949024414,35.15714285714286,18.72021102531758,44.13800626582635,118.5767625674658
2637.0,7,3.4687637232333683,2.913351476522926,1.543719323160013,2.470738245355162,34.385714285714286,18.714806568258265,44.13822095626632,102.26127861178792
2638.0,7,3.4681210062537113,2.9128334983689905,1.5435838432738587,2.470212118018296,34.285714285714285,18.70935615207267,44.138420834366215,123.75287723738558
2639.0,7,3.4674778750474835,2.9123152007814026,1.543448419532919,2.4696855680316383,34.628571428571426,18.70395225321423,44.13863384576684,96.95240253500016
2640.0,7,3.4668343269680615,2.9117965820726335,1.5433130522545568,2.4691585931467817,33.285714285714285,18.698526467432345,44.13883592487155,125.11255113393028
2641.0,7,3.4661903375740057,2.9112776252230015,1.5431777419408421,2.4686311729179886,34.385714285714286,18.69313207065118,44.13905004981122,127.2320034655752
2642.0,7,3.46554586249599,2.9107582993006478,1.543042492521847,2.4681032683458697,35.01428571428572,18.68775341257157,44.139265708061316,107.8179977325937
2643.0,7,3.464900869759389,2.9102385820968957,1.5429073078708133,2.4675748507480355,35.128571428571426,18.682380985819453,44.139481601917744,105.64550910002583
2644.0,7,3.464255359178348,2.909718473652742,1.5427721879932754,2.467045920097655,34.45714285714286,18.67701444331549,44.13969498133986,114.89974551889448
2645.0,7,3.4636093504078205,2.9091979879204293,1.5426371313519196,2.466516493740635,35.27142857142857,18.6716631188076,44.13991204276106,115.3440847329507
2646.0,7,3.4629628538653168,2.9086771323636267,1.5425021367101266,2.465986581184047,35.92857142857143,18.6663335568624,44.14013351277799,92.21838170381504
2647.0,7,3.462315887649376,2.9081559198370015,1.5423672024297228,2.465456198546651,34.542857142857144,18.660966655417887,44.14033911774693,117.06179751344798
2648.0,7,3.4616684860056193,2.907634374568311,1.5422323276986214,2.4649253748486064,35.34285714285714,18.655656888622765,44.14056058420566,104.23065316001158
2649.0,7,3.4610206796702845,2.9071125183272417,1.542097512179955,2.4643941359172548,36.528571428571425,18.65034403438881,44.140780538328556,97.2195897942191
2650.0,7,3.460372484578365,2.906590362477258,1.5419627557690305,2.4638624951621906,36.05714285714286,18.645006723509493,44.14099170924254,102.38193647354358
2651.0,8,2.0067070443886634,1.763561773783234,1.2780736544687175,1.2151863493729858,33.5125,6.04734323195703,39.379470517342696,98.92118442224584
2652.0,8,2.0066141814375076,1.7634883748290908,1.278131636410396,1.2150188344895034,34.724999999999994,6.041896243129748,39.37897781385672,120.28334368857234
2653.0,8,2.0065213449870067,1.7634150059464533,1.2781896654635672,1.2148512922573134,34.9625,6.0364530207930684,39.378488340020844,114.80120380279529
2654.0,8,2.006428539120865,1.7633416699136222,1.2782477401889136,1.2146837282007596,35.5625,6.030992216004547,39.37798751171161,110.50248782975332
2655.0,8,2.0063357678400373,1.7632683695680238,1.2783058600765922,1.2145161469543835,35.4625,6.025561305177075,39.37748860516665,121.01576473160978
2656.0,8,2.0062430360018313,1.7631951084521726,1.2783640253382733,1.2143485534189087,35.125,6.020138164111873,39.376991553132996,116.83981122674648
2657.0,8,2.006150343292098,1.7631218863343223,1.2784222358081314,1.2141809474137029,35.9375,6.014695417160224,39.37648828405281,126.4688003582746
2658.0,8,2.0060576859559824,1.7630487006322038,1.2784804923746587,1.2140133242342739,35.2375,6.009285650043825,39.37599336262825,125.16764481335066
2659.0,8,2.005965063092966,1.7629755509246356,1.2785387967419404,1.2138456814536571,35.2375,6.003858660360756,39.37548967099727,127.90677998409376
2660.0,8,2.005872469447556,1.7629024336228414,1.2785971504082525,1.2136780122591138,34.4875,5.998431160302281,39.3749865389886,119.19620154527088
2661.0,8,2.005779905789426,1.7628293494204605,1.2786555543705629,1.213510316583865,34.412499999999994,5.99302006437203,39.374486400178874,130.23472229099423
2662.0,8,2.005687374071786,1.762756299802994,1.278714009159376,1.213342596002752,34.7,5.987607915972727,39.37398435315161,129.8115827613752
2663.0,8,2.005594876711076,1.7626832865624924,1.278772515071201,1.2131748527830706,35.075,5.982201242705766,39.373487190368536,121.28894064654082
2664.0,8,2.005502415692722,1.7626103111813458,1.2788310724269802,1.2130070887171518,34.7,5.976782644659776,39.37297986308742,128.59853957219852
2665.0,8,2.005409986908535,1.7625373706403322,1.2788896806631989,1.2128392999886326,35.575,5.971367847620172,39.37247710283561,132.43822171777242
2666.0,8,2.0053175882319505,1.7624644634004432,1.2789483396345778,1.2126714844900777,35.075,5.965944501545184,39.37196818596293,125.70593543245116
2667.0,8,2.005225223843407,1.7623915926367333,1.2790070505458566,1.212503645541171,34.337500000000006,5.96053459026786,39.371462558201,135.48349911830323
2668.0,8,2.0051328930031835,1.7623187578717514,1.2790658137553244,1.2123357820459901,33.5625,5.955118950815415,39.37095847285228,145.61736186749872
2669.0,8,2.0050405941545892,1.762245957927641,1.2791246287264944,1.2121678928339992,34.4375,5.9496961188973,39.37044868946727,132.08542871807575
2670.0,7,3.4473364807000073,2.896091265236607,1.5392795519026075,2.4531537003771855,36.385714285714286,18.53832858461835,44.145042877297556,119.28558563608352
2671.0,7,3.446680928105909,2.895563421740629,1.5391460496172615,2.452614312783378,36.60000000000001,18.53297518074744,44.14523040339635,127.62982709937306
2672.0,7,3.446025013064985,2.895035300849769,1.539012613958924,2.4520745435735907,34.628571428571426,18.527648062404133,44.14542728990135,142.69204914169237
2673.0,7,3.4453687446361676,2.894506909081582,1.5388792449058988,2.4515344003947535,35.857142857142854,18.52230950685905,44.14561924250685,129.85660282139773
2674.0,7,3.4447121093798625,2.893978237236223,1.538745945744891,2.4509938702596825,35.5,18.51697165416373,44.145809935638944,119.18057433713534
2675.0,7,3.4440550892169335,2.8934492728661767,1.5386127203023834,2.4504529360045884,34.85714285714285,18.51163315754201,44.14600123639978,118.55935776221594
2676.0,7,3.4433976901066776,2.892920020328252,1.5384795692268336,2.44991160230071,35.22857142857143,18.506303080764653,44.14619429016471,132.40027023138765
2677.0,7,3.442739921966644,2.892390486736359,1.538346492088239,2.4493698777528072,33.857142857142854,18.500965172219928,44.1463867330317,135.09592992168376
2678.0,7,3.4420817829015147,2.8918606709365684,1.5382134897181192,2.4488277604108672,34.99999999999999,18.495611616394665,44.14657308210629,127.194421916419
2679.0,7,3.4414232722289757,2.891330572626823,1.538080562834288,2.4482852494016933,34.642857142857146,18.49026222289187,44.14676070622526,134.69193033865423
2680.0,7,3.4407643870683224,2.8908001899475675,1.5379477115308127,2.447742342404124,35.04285714285715,18.48491642348824,44.146951342449725,151.32066042009396
2681.0,7,3.4401051232745803,2.890269520156384,1.537814935939747,2.447199036029895,36.34285714285714,18.479559873767386,44.14713720771174,134.6913405466448
2682.0,7,3.439445492268186,2.8897385714419848,1.5376822367640346,2.4466553394419734,35.25714285714286,18.47420978249645,44.14732553121663,135.88154753054587
2683.0,7,3.438785510107726,2.8892073552131095,1.5375496131887565,2.4461112665618128,35.82857142857143,18.468853939764205,44.14751388994007,134.18861744607344
2684.0,7,3.4381251739678844,2.888675869633292,1.5374170643586733,2.44556681569333,35.94285714285714,18.46350495743132,44.14770134096615,132.28607062290328
2685.0,7,3.4374644806087202,2.8881441125892824,1.5372845900899195,2.445021984391184,36.44285714285714,18.4581500480021,44.14788894384718,125.6843642408968
2686.0,8,2.0034770999888347,1.7610142329212424,1.2801327086209222,1.2093102897395909,35.075,5.857444826622707,39.36174404097271,147.50290042845003
2687.0,8,2.003385497328651,1.7609421541781585,1.2801925035413912,1.2091420198794012,34.887499999999996,5.8519891139356695,39.36121963611281,155.73678912224625
2688.0,8,2.003293927615129,1.7608701113836038,1.280252352200208,1.2089737233910174,33.725,5.846552030240892,39.36070867847663,157.3788781095615
2689.0,7,3.4348181630789227,2.8860143928632067,1.5367554473059473,2.4428388753638837,36.07142857142857,18.436711923188764,44.14862761201859,137.81041696051855
2690.0,7,3.43415568698678,2.8854812833749044,1.5366233508590281,2.4422921435204383,36.300000000000004,18.431344135461103,44.14880837438345,140.9742209588923
2691.0,8,2.0030194085860953,1.760654193197549,1.2804322193305362,1.2084686672497513,34.925,5.830180448240819,39.35913866984649,141.71578190467764
2692.0,8,2.00292797974547,1.760582300963971,1.2804922839093131,1.208300272828034,33.1,5.824712829710325,39.35861455666948,143.7829432992784
2693.0,8,2.002836586986153,1.7605104470418422,1.2805524026684556,1.2081318546266018,34.025,5.819260611221362,39.35809379070707,147.06599001999473
2694.0,8,2.002745227520782,1.7604386293877325,1.280612575202446,1.2079634100724732,33.975,5.8138058610511685,39.35757340929753,158.7002214089692
2695.0,7,3.4308381033915807,2.882811791242275,1.5359640220964614,2.4395528989039685,37.01428571428572,18.404552609142296,44.14972209071425,145.58662852476763
2696.0,8,2.063662191196382,1.827253197497458,1.2396071840438627,1.3424709594741815,35.125,4.276136225240952,39.165682539651144,178.7477895242583
2697.0,7,3.429508649021383,2.8817421616207852,1.5357008294444865,2.4384546025108507,36.94285714285714,18.39385807401074,44.150090957166846,148.72648398476534
2698.0,7,3.4288434199235986,2.8812069665524733,1.5355693491795168,2.4379049115933333,37.199999999999996,18.38848697252935,44.15026708061426,142.42315000093726
2699.0,7,3.428177870700718,2.8806715283323925,1.5354379454826839,2.4373548715188758,37.41428571428571,18.38313291197356,44.15044886913963,143.38254730153074
2700.0,7,3.427511999795165,2.880135846017618,1.5353066174327694,2.436804481689651,37.10000000000001,18.377769063094583,44.150625223308445,158.15652687114445
2701.0,9,1.5855330365850662,1.4415146919910076,1.1275691151160705,0.8980826787452764,33.96666666666667,4.3010515925674815,35.45914732587328,179.89330030160943
2702.0,8,2.002015588981946,1.7598654194104528,1.2810958616853811,1.206614970738106,35.737500000000004,5.770128479241642,39.35337963016923,174.78301850415144
2703.0,8,2.001924553865656,1.7597939452813378,1.2811565082523355,1.2064463233859763,35.375,5.764675888987205,39.35285576732214,161.80262596896625
2704.0,8,2.0018335599362924,1.759722513216056,1.2812172086184896,1.206277657862931,35.0375,5.75920301904111,39.35232159764816,169.91311066507507
2705.0,9,1.5855401828003213,1.4415385542542045,1.1277059802301974,0.8979491219185817,34.42222222222222,4.321001994591884,35.45948427259031,183.7103590632787
2706.0,9,1.58554199587375,1.4415445520530286,1.1277402918970039,0.8979156583921607,34.62222222222223,4.3260026277145815,35.45956698532997,178.50450863573292
2707.0,10,1.4353508136071909,1.3107455282387273,1.1253468537364266,0.6720478395050056,33.760000000000005,2.2065830890775544,32.134345669564446,188.7207175656372
2708.0,10,1.4353957205535643,1.3107834149551871,1.125380064214626,0.6720661217394209,33.85,2.2113809767053056,32.13489720511198,186.31647953909027
2709.0,10,1.4354406449840074,1.3108213187403859,1.1254132989420758,0.6720843966561033,33.89,2.216182228139937,32.135447447192846,189.00738237416576
2710.0,10,1.4354855852168773,1.310859238396326,1.1254465560625049,0.6721026650267375,34.83,2.220997925408724,32.13600228019043,190.28370539448585
2711.0,10,1.4355305423445301,1.3108971746569034,1.1254798362500482,0.6721209271537498,34.61,2.225808931444276,32.13655265995673,189.9943903422265
2712.0,9,1.537484435420513,1.3910450139605903,1.1763671354349676,0.7424059492845859,35.2,2.230615784697949,35.07284910577025,191.8742025107144
2713.0,10,1.4356205152026107,1.3109731024986016,1.1255464730186064,0.6721574313731751,33.1,2.235421521117824,32.13766162824205,187.74322751649356
2714.0,10,1.4356655304876356,1.3110110937279793,1.1255798287194905,0.6721756742531187,34.05,2.2402255754320004,32.13821503580406,194.9836943298241
2715.0,10,1.4357105644950894,1.3110491028009748,1.1256132088307065,0.6721939110562376,34.11,2.2450295704432928,32.138761869421046,199.6550578615568
2716.0,9,1.537689132112883,1.391213763877824,1.1764491503966727,0.7425921716083789,35.24444444444444,2.249847441051969,35.07773911203657,205.6946724981086
2717.0,8,2.063777647436958,1.8275405880464277,1.2392687674122558,1.343174420197761,36.425,4.381230052420577,39.18199772486143,190.90934243047727
2718.0,8,2.0637821686002837,1.8275535219879009,1.2392530509016526,1.3432065185820559,36.53750000000001,4.386283640884857,39.18277087765284,188.23455545384863
2719.0,9,1.5855665409308797,1.4416237047015001,1.1281898003472492,0.8974779553558474,34.233333333333334,4.391332773332551,35.46059246264456,188.8775215903764
2720.0,9,1.5855685065574299,1.441629885971745,1.1282246529480746,0.8974440710189705,34.544444444444444,4.3963772910752095,35.46067145114314,192.9091987796741
2721.0,8,2.063795179157363,1.8275919032053238,1.2392061323933128,1.3433020234111406,36.35,4.401434806171819,39.18509421754189,185.5010942993617
2722.0,8,2.0637993411409243,1.8276045634223164,1.2391905761730253,1.34333359824209,36.0125,4.406493293754959,39.18586292036749,194.1391676148331
2723.0,9,1.585574471698923,1.441648510806946,1.1283294581380512,0.8973422215686593,34.13333333333334,4.4115379840378175,35.46089746849282,182.50580401859384
2724.0,9,1.5855764831441013,1.4416547462520817,1.128364475580824,0.8973082066037099,35.15555555555555,4.416598237713606,35.46096940693801,187.889990104768
2725.0,9,1.5855785058942264,1.4416609951882715,1.128399533610699,0.8972741596604658,35.23333333333333,4.421656521506119,35.46103444085288,188.7262703410302
2726.0,9,1.5855805399734826,1.4416672576282596,1.1284346322223404,0.8972400807579978,34.666666666666664,4.426702926208425,35.46111281387056,179.02474781292295
2727.0,8,1.9997546422918662,1.7580930958731205,1.2826284794198803,1.2023957408182127,35.0375,5.632899967483926,39.339868578702685,184.83813901199628
2728.0,8,2.063822676129744,1.8276792766959997,1.2390981140255877,1.3435205254413658,36.6,4.436812313426183,39.1904942070375,194.15459357117783
2729.0,8,2.063826300669483,1.8276915272019727,1.2390828485978664,1.343551269180479,36.25,4.4418700176686805,39.19125976820914,197.12470100080915
2730.0,7,3.407397522120925,2.863960575299421,1.5314043889947888,2.4201385857501814,37.75714285714286,18.215859608795057,44.155614202835174,169.9281111596548
2731.0,9,1.5855908911204224,1.441698781053746,1.128610735410706,0.8970692187381987,34.73333333333333,4.451978257070447,35.46146604205494,187.3626878309901
2732.0,9,1.5855929929051096,1.4417051244966497,1.1286460748685203,0.8970349512052375,33.74444444444444,4.457018840777675,35.461536923696315,204.63945277995327
2733.0,9,1.585595105996624,1.4417114814984484,1.128681454647903,0.897000652072419,33.41111111111111,4.462070939056503,35.46160550346849,192.74892030643016
2734.0,8,1.9991263565681705,1.7576017002031374,1.28306366952472,1.2012124526921621,34.2375,5.5943538073358265,39.33600197033627,178.0938143240511
2735.0,7,3.404019766093736,2.8612456295613837,1.5307613803486975,2.4173324448898352,36.785714285714285,18.18877860586401,44.156380321870884,183.2147559752217
2736.0,9,1.585601512922787,1.4417306336664115,1.1287878326793541,0.8968975687597767,33.71111111111111,4.47720109434001,35.461809795449646,203.49023836897635
2737.0,9,1.5856036711756119,1.4417370448242592,1.1288233715100082,0.8968631458318299,33.53333333333333,4.482248750907899,35.46186839800615,212.0918233950466
2738.0,8,2.0638557678453995,1.8277993733910893,1.238947346686134,1.3438229130016524,36.2125,4.487291965440835,39.19814176338765,200.0067762231864
2739.0,9,1.5856080214854913,1.4417499077192404,1.1288945669088877,0.8967942089532208,34.43333333333333,4.492333297942047,35.462004715521,193.27513445682612
2740.0,9,1.5856102136574262,1.4417563595573875,1.1289302241606491,0.896759694288697,33.71111111111111,4.497384831658019,35.462067411181366,188.89013465320951
2741.0,9,1.5856124172943653,1.4417628250843053,1.1289659217767951,0.8967251481149332,34.15555555555556,4.502428783239759,35.46213096463562,204.4682480255032
2742.0,9,1.5856146323748181,1.4417693042924369,1.1290016597350478,0.8966905704396614,34.03333333333333,4.507466840931574,35.46220012378196,212.33632076640157
2743.0,9,1.5856168588865887,1.4417757971722187,1.129037437709594,0.8966559616495846,34.166666666666664,4.51249671895808,35.4622619764055,213.44639693713023
2744.0,9,1.5856190966987034,1.4417823036414148,1.1290732548731077,0.8966213226461832,32.766666666666666,4.517532139913756,35.46232550159603,198.39788893609847
2745.0,9,1.5856213458845625,1.4417888237572247,1.1291091115985892,0.8965866530438018,33.56666666666667,4.522575971772977,35.462388746299524,204.4767721962963
2746.0,9,1.5856236065117113,1.4417953575691331,1.1291450082101573,0.8965519525058145,34.455555555555556,4.527613273469469,35.46245233721885,206.5756334255088
2747.0,9,1.5856258786439945,1.4418019051132354,1.1291809448584533,0.8965172208924518,34.477777777777774,4.532653270856764,35.4625143273735,216.80578196740976
2748.0,9,1.5856281621743555,1.4418084663084985,1.1292169205667149,0.8964824592956016,34.055555555555564,4.537690541175889,35.46258081407195,222.91785873397853
2749.0,9,1.5856304573556483,1.441815041316367,1.1292529365227915,0.8964476664707036,35.43333333333334,4.5427174298179285,35.46263923226484,215.3788762313424
2750.0,9,1.5856327643163068,1.441821630232884,1.1292889936047827,0.8964128414578342,35.077777777777776,4.547753914902129,35.46270017520987,211.85172730975384
2751.0,9,1.585635083081789,1.441828233068327,1.1293250916201019,0.8963779845077535,35.166666666666664,4.552796444285518,35.46275877981285,216.29728965215543
2752.0,9,1.5856374136947122,1.4418348498474443,1.1293612306739294,0.8963430955193831,34.81111111111111,4.557827286319694,35.46282581493571,211.22422174715103
2753.0,7,2.623827436584781,2.251245800605106,1.6436935884148827,1.5383039498570923,36.45714285714286,4.562862634457262,42.2263620252739,221.9777157871349
2754.0,9,1.5856421107323762,1.4418481254202467,1.1294336327460717,0.896273220619634,32.15555555555555,4.567898472560364,35.46294997583504,207.94562521218768
2755.0,9,1.5397118232713098,1.3928831407489317,1.1772774289699037,0.7444066758302358,32.92222222222222,2.43799619328517,35.12510549794439,211.9955429331667
2756.0,7,1.9550966661793288,1.7298595675165924,1.5052486752705196,0.8524321374309147,35.457142857142856,2.4428452235035394,41.92624044985064,214.3405193828677
2757.0,8,1.7527134471998311,1.557984081525009,1.304951834077566,0.8511257891891902,33.2625,2.447700680672903,38.94558190160758,226.57740011814187
2758.0,9,1.5398694667414747,1.3930133827222277,1.1773433278429746,0.7445461522476994,33.27777777777778,2.4525779374215846,35.12873678514197,221.32954413926825
2759.0,9,1.5399220856051576,1.3930568589422465,1.177365367578711,0.7445926426391044,33.46666666666667,2.457387036342713,35.12994068286315,214.8304883437668
2760.0,8,1.7530951221669304,1.558287525185934,1.305202200692853,0.8512973783917327,32.6625,2.462232548202591,38.947768051410286,213.0155201406461
2761.0,9,1.5400274367824656,1.3931439097053662,1.1774095626032455,0.7446856216146434,32.91111111111111,2.467089320107263,35.132358325064956,207.61834545065025
2762.0,8,2.0639057358966393,1.8280651426762438,1.2386027956431924,1.3445018707658178,32.8875,4.608129186770814,39.21627159903554,216.49979359348032
2763.0,8,2.0639068002512553,1.8280754458189283,1.2385889915356694,1.3445285960710271,32.6125,4.613141193498801,39.21703078541478,200.48780539287716
2764.0,7,3.384300035125438,2.8454030527136505,1.5270754584828723,2.4009079691840514,34.042857142857144,18.03214851666128,44.16059176771684,169.07500920316537
2765.0,7,3.3836158928011018,2.8448537045412055,1.5269497892799302,2.400336839124834,34.18571428571429,18.026776208735527,44.16073718705206,180.54630860447472
2766.0,7,3.3829314602383116,2.8443041451755007,1.526824221226496,2.399765377643956,34.81428571428571,18.021423929058344,44.160888047810026,189.57047178606703
2767.0,7,3.3822467397366616,2.8437543763844397,1.526698753280449,2.3991935874242363,34.371428571428574,18.01607452129189,44.16103879069978,182.14226198861076
2768.0,6,4.9794034919445584,4.058919992185616,2.3475728987325244,3.3111528185966677,34.5,20.90173814801362,48.51959930384766,198.51239429909924
2769.0,7,3.38087643744871,2.8426542129543697,1.5264481212412564,2.3980490210974144,33.51428571428571,18.005371354304117,44.161336224033256,186.04669042604365
2770.0,7,3.3801908880617457,2.842103841247809,1.5263229577550892,2.3974762716375952,32.699999999999996,18.000033197899082,44.161487162277915,191.38681896298243
2771.0,7,3.3795050832534788,2.8415532834617205,1.5261978963669225,2.3969032195475193,34.857142857142854,17.994690616340097,44.16163802172563,180.7096932547422
2772.0,7,3.3788190273673204,2.841002542782147,1.5260729367017933,2.3963298687703634,34.97142857142857,17.98934340618923,44.16178570999735,191.0430212001529
2773.0,7,3.378132737618687,2.8404516313802888,1.5259480784137656,2.3957562338844656,35.28571428571429,17.983995873773306,44.16193530839564,178.6810787340626
2774.0,8,1.9955700491360575,1.754830129166876,1.2856001858173436,1.1944291291065563,33.0875,5.374931418001207,39.313690605364556,204.0807117435757
2775.0,7,3.376759485821445,2.8393493174576006,1.5256986589603048,2.3946081409269597,35.285714285714285,17.973316331706375,44.16223476317162,187.53444161999312
2776.0,7,3.3760725289918367,2.838797918892979,1.5255740954052808,2.394033688931605,34.785714285714285,17.96796228931056,44.16237956076759,181.1359161051667
2777.0,7,3.3753853539756835,2.838246361169605,1.5254496295113282,2.393458968630182,34.857142857142854,17.962605707380668,44.16252073029539,186.72406868597812
2778.0,7,3.3746979723224646,2.83769465250176,1.5253252605900594,2.3928839901346977,36.128571428571426,17.95726235430646,44.16266735653509,182.41601322683724
2779.0,7,3.3740103886824224,2.837142796286511,1.5252009875867922,2.392308758079675,35.285714285714285,17.951918204111294,44.162811242804764,179.48783988165238
2780.0,7,3.373322602594395,2.8365907923648472,1.5250768113443574,2.391733271673236,35.728571428571435,17.946566936487034,44.16295401461235,190.2763895276852
2781.0,8,1.9949537045202481,1.754351598150587,1.2860530852560268,1.1932380281557295,31.012500000000003,5.336495247012275,39.309773499543134,199.1872028492594
2782.0,7,3.3719464244470774,2.8354863429833794,1.5248287512547907,2.3905815360685807,35.08571428571428,17.93589594806277,44.163247787319186,174.82372568904057
2783.0,7,3.371258051508722,2.834933911170192,1.5247048669635284,2.3900053032076003,34.628571428571426,17.93054370721773,44.16338667810843,169.92117623565176
2784.0,7,3.370569481820756,2.8343813362530517,1.5245810838275058,2.389428818386307,34.31428571428572,17.925202485296342,44.16352831826042,180.26004004220135
2785.0,7,3.3698807071209473,2.833828612621511,1.5244574045482389,2.388852073157818,34.5,17.91984254235706,44.16366683446239,183.39014427807692
2786.0,7,3.3691917310142934,2.833275742945184,1.5243338311337375,2.3882750693382717,34.14285714285714,17.91449738402472,44.163810207460855,171.52894846445483
2787.0,7,3.368502572322717,2.832722740496385,1.5242103646391634,2.387697821930552,34.128571428571426,17.90913324665635,44.16394878259712,167.25693593829837
2788.0,7,3.367813228904799,2.832169603933734,1.5240870065868466,2.387120328303395,35.57142857142857,17.90375812449029,44.16408550197794,173.88099377160765
2789.0,7,3.3671236927908557,2.831616327852614,1.5239637569553415,2.3865425819892847,36.214285714285715,17.89834748130284,44.16421014694644,185.71354423088647
2790.0,7,3.3664339659691196,2.831062913790764,1.523840615567556,2.385964584856226,35.214285714285715,17.892987056586517,44.164351431646026,173.82023904704494
2791.0,7,3.3657440620444685,2.8305093713842577,1.5237175824109475,2.385386348276908,35.785714285714285,17.88762685087254,44.16449591936006,184.4154286674764
2792.0,7,3.365053957048202,2.829955684079523,1.5235946577969404,2.3848078523408596,35.34285714285714,17.882208826560362,44.16462197152472,167.62350452977577
2793.0,7,3.364363631907192,2.8294018387456012,1.5234718408697068,2.384229081941175,34.72857142857143,17.87680900418939,44.164751621409756,176.54728802317953
2794.0,7,3.3636730932592767,2.828847840165772,1.5233491301497029,2.383650043626937,34.61428571428572,17.871397628215213,44.16488097718502,177.62937303481075
2795.0,8,2.0638956684383385,1.828370749910415,1.2381697404741483,1.3453160568811158,34.275,4.773626252648914,39.24109128075911,187.53217715252185
2796.0,7,3.362291429047982,2.827739421248608,1.5231040266304776,2.382491208492791,35.142857142857146,17.86061345525546,44.16514675961054,189.905526691298
2797.0,7,3.3616002986046,2.8271849978209898,1.5229816344169171,2.381911407490389,33.714285714285715,17.855228604478363,44.165283860473835,183.41498122038024
2798.0,8,2.063889949063568,1.8283948434622448,1.2381324995841327,1.3453830744709383,33.0375,4.788813982434695,39.24333800780073,202.4202264040105
2799.0,7,3.3602174166831067,2.8260757068341347,1.5227371708265407,2.3807510179229654,35.98571428571428,17.844396385417255,44.165533404905354,170.65266009364566
2800.0,7,3.3595256713752093,2.825520843890397,1.5226150987785017,2.380170435122417,35.51428571428571,17.83901369742667,44.16566954713547,165.2361993179684
2801.0,7,3.358833730207435,2.8249658410930776,1.5224931324783597,2.3795896000989227,36.442857142857136,17.83359018087071,44.16578920623443,159.5455020416312
2802.0,7,3.358141594759944,2.8244106997023706,1.5223712714106092,2.3790085146078983,34.7,17.82822369490906,44.16592671870789,163.4454621687186
2803.0,7,3.3574492768188686,2.8238554280837977,1.5222495151991673,2.3784271887518917,35.385714285714286,17.82279853617924,44.16604544437145,172.64000171607887
2804.0,7,3.3567567840977226,2.8233000317637904,1.5221278632601953,2.3778456293974113,34.75714285714286,17.81738405777838,44.16616536766522,152.45855592274674
2805.0,7,3.356064120871878,2.8227445138778617,1.5220063162022637,2.3772638398099573,36.24285714285714,17.812004183235263,44.166296024740134,162.193714245333
2806.0,7,3.355371287580331,2.8221888748793638,1.521884874632627,2.376681820071269,37.01428571428571,17.806603061586866,44.166421780405834,164.3462873147782
2807.0,7,3.3546782728381315,2.821633106997791,1.5217635387077775,2.3760995607856144,36.285714285714285,17.801197881539935,44.166542684214185,170.539956333749
2808.0,8,2.0638656779221765,1.8284711789365562,1.238011146224864,1.3455984742948537,34.65,4.8394417970616335,39.25076108249695,194.80698990083735
2809.0,7,3.353291720348204,2.820521200091412,1.5215211789528333,2.374934344811048,35.9,17.79041034069065,44.16679057833376,160.10834968150087
2810.0,8,2.0638599478411397,1.8284857761602153,1.2379873943397284,1.3456401618100418,34.475,4.8495455557151335,39.25224221748593,198.4432461368064
2811.0,8,2.063856986324644,1.828493000915727,1.237975584404469,1.3456608439039217,34.725,4.854609853845396,39.2529737745461,195.03896557860784
2812.0,7,3.3512106946736635,2.818852491229396,1.5211584109678198,2.373184876079407,35.04285714285714,17.77423206160544,44.16715743037695,173.51200622628286
2813.0,8,2.063850891735829,1.8285073180974403,1.237952093660619,1.3457019083501307,34.8375,4.864702613615382,39.25445166957023,201.0642403392286
2814.0,7,3.349822691355464,2.817739555834058,1.5209170681538393,2.3720175961215473,36.971428571428575,17.76342429307488,44.16738892344273,176.70052530316278
2815.0,8,2.0638445511754715,1.8285214426486442,1.2379287573414222,1.3457425674968455,33.7625,4.874833994336088,39.25593095115726,188.56403353012604
2816.0,7,3.3484343473043867,2.816626377893668,1.5206761373227586,2.3708496869315736,34.9,17.75261301653779,44.167624902558636,183.29616500753963
2817.0,8,2.0638378793219685,1.8285353039981929,1.2379055384231419,1.3457827595526235,34.85,4.884994162664429,39.25738942422659,177.49428798952226
2818.0,7,3.3470457673035283,2.815513031384736,1.5204356339941605,2.3696812259833684,35.95714285714286,17.74171402061136,44.16783407540395,160.6777184942885
2819.0,8,2.063830857529382,1.8285488857422447,1.2378824239702382,1.345822474167664,33.962500000000006,4.895206176015498,39.25884278130916,188.3101229014233
2820.0,8,2.0638272216665543,1.828555577072214,1.2378709094842288,1.345842156381864,35.512499999999996,4.900332606539744,39.25957461698579,179.3650375531438
2821.0,8,2.0638235070187028,1.8285622056377249,1.2378594247565566,1.3458617255974208,34.975,4.905467000150953,39.26030242491434,185.6265746034649
2822.0,8,2.06381972098269,1.828568776699738,1.237847968498351,1.3458811901522667,33.8375,4.910621221592331,39.261029177641106,208.5264751909722
2823.0,7,3.3435734264373793,2.812729033617282,1.5198362263817589,2.3667577952826653,35.714285714285715,17.714271891329254,44.16831599022908,168.90334299224946
2824.0,7,3.3428788491370685,2.812172157340517,1.519716651324791,2.366172762544481,33.95714285714286,17.708746823037387,44.16839839474303,175.29604903150891
2825.0,8,2.0638079838798746,1.8285881849136496,1.2378137883824771,1.3459389938983177,32.3,4.9261105136486005,39.26319355244846,181.8251549600476
2826.0,8,1.9910553095307524,1.7513371153356383,1.2890296127864393,1.18557342620008,31.05,5.087535455808421,39.28344327176276,156.6423748621311
2827.0,8,1.9909701413341307,1.7512714929006696,1.2890970162633022,1.1854031906940319,31.6875,5.081970028282765,39.28281890234604,178.0680508581689
2828.0,8,1.9908850034911512,1.7512059060597909,1.289164472962438,1.185232925238821,30.6,5.0764164991609695,39.282199036384746,172.38953731328044
2829.0,8,1.990799894301181,1.751140353564616,1.2892319823923943,1.1850626284964796,31.637500000000003,5.070854828586266,39.281572450441445,163.50294169040723
2830.0,8,1.9907148020687924,1.7510748271639,1.2892995458316945,1.1848922868536484,31.5375,5.065308782751594,39.280956238063126,181.43070313206064
2831.0,7,3.338012197873738,2.808270825688622,1.5188827324230116,2.3620711834237897,34.142857142857146,17.670122910481748,44.168996424473406,158.93544690905588
2832.0,7,3.3373160762119407,2.807712879544673,1.5187640648576877,2.3614841369905477,34.785714285714285,17.664628431616215,44.16908396996279,158.32688833166878
2833.0,7,3.336619688862258,2.8071547497856764,1.5186455219134327,2.3608967719950313,34.714285714285715,17.659134599150587,44.16917234260662,156.83812791919922
2834.0,7,3.3359230286672945,2.806596431612868,1.518527101904219,2.360309083727057,35.15714285714286,17.6536706658063,44.16926579699416,162.16364270288102
2835.0,7,3.3352261164443164,2.806037939700416,1.5184087999822533,2.359721092666379,35.57142857142857,17.648207465488053,44.169358238968826,155.48636867364414
2836.0,7,3.3345289737210635,2.805479289207175,1.51829061281986,2.359132818896276,33.07142857142857,17.642768128062087,44.16945593953511,168.22634182565162
2837.0,6,4.9051683785557385,3.999073659135946,2.321047081694887,3.256582652989267,35.26666666666666,21.35670259892455,48.591590086613344,165.36208251939937
2838.0,7,3.3331339717682655,2.804361495690864,1.5180545877599465,2.357955399725465,34.1,17.63190853025598,44.169655764022195,137.66857512320965
2839.0,6,4.902929858723934,3.9972725540096716,2.3202599260853867,3.2549319111835873,36.28333333333334,21.36990775785386,48.59363666696052,149.41203186803017
2840.0,6,4.901808777275501,3.9963706213768293,2.3198660884517213,3.25410501905755,35.949999999999996,21.376516090680727,48.594655262651095,158.38226367389308
2841.0,6,4.900686497553391,3.995467780441751,2.3194720729211245,3.2532771304466386,35.98333333333333,21.383117333699712,48.59567421171936,155.9974815760148
2842.0,6,4.8995630440660145,3.9945640484917604,2.319077864567143,3.252448277156392,35.98333333333333,21.38972017334901,48.596694683023735,145.22741300087256
2843.0,6,4.898438421749766,3.9936594285944653,2.3186834464888686,3.2516184749413597,36.68333333333333,21.396326261515075,48.59771572190984,159.10337984342897
2844.0,7,3.3289436483457826,2.8010044740862856,1.5173493578986108,2.3544164860822865,33.08571428571428,17.599576728478276,44.17028728271164,207.1550649366245
2845.0,6,4.896185684921703,3.9918475356664396,2.317893967060041,3.2499560466986153,35.333333333333336,21.409549308411645,48.59975358047212,159.98649882707565
2846.0,7,3.327545491961104,2.799884528735437,1.5171152333057545,2.3532349528093635,33.15714285714286,17.588777826607433,44.17048830781608,145.21363752636262
2847.0,6,4.893928431335815,3.990032207981806,2.3171036380026995,3.2482899734301465,35.56666666666667,21.422775085331747,48.60179063524067,145.52011084125022
2848.0,7,3.326146795765063,2.7987642214808712,1.5168815725652565,2.3520526061832423,35.1,17.578015009439817,44.170696872029545,146.68057865141904
2849.0,7,3.325447266583437,2.7982039473743607,1.5167649132037404,2.3514611477069964,35.699999999999996,17.572659452481663,44.17080732429095,156.66928609646104
2850.0,7,3.3247476126590434,2.7976435903406855,1.5166483691845511,2.350869495064361,33.82857142857143,17.56723940709617,44.170896591333,154.46961495176657
2851.0,7,3.3240478382386187,2.7970831534827196,1.5165319402392692,2.3502776520511257,35.628571428571426,17.56190346505566,44.171013302543315,144.87172270281638
2852.0,8,1.765060651047637,1.5678194423543441,1.313154292554986,0.8565533303704453,33.1625,2.907850844534729,39.01320223623781,179.79377065298493
2853.0,7,3.3226479415297097,2.7959620503448095,1.5162994286763538,2.349093405883239,34.07142857142857,17.551142576040977,44.1712119898969,141.7830126072292
2854.0,7,3.3219478114817735,2.7954013789297907,1.5161833500143316,2.3485009939239743,34.4,17.545750313906495,44.17130940161428,151.4798040781177
2855.0,7,3.321247553607765,2.794840623144503,1.5160673911779368,2.3479083828347473,34.800000000000004,17.540406547439986,44.17142114375101,149.3889458852825
2856.0,7,3.3205471640161015,2.7942797804379964,1.515951552197475,2.3473155694867027,34.114285714285714,17.53502156506897,44.171518384419436,150.0976682383124
2857.0,7,3.319846647805463,2.7937188545081555,1.5158358325015413,2.346722558577967,34.214285714285715,17.52963102194612,44.171612164046714,154.86298843604078
2858.0,7,3.3191460155474575,2.793157852852162,1.5157202310948614,2.3461293596047597,34.37142857142857,17.524246573651066,44.17170921901167,159.8046127595241
2859.0,7,3.3184452862697795,2.79259678886601,1.5156047450179042,2.3455359903578468,35.07142857142857,17.518876510963445,44.17181000129881,138.4715496924763
2860.0,7,3.3177444620597973,2.7920356641708706,1.5154893723668952,2.3449424539303876,34.25714285714285,17.513475474403673,44.171899692287866,136.79723434324518
2861.0,8,1.7662576226505327,1.568774960506474,1.3139605600697388,0.8570662304007243,33.400000000000006,2.951561614238187,39.01945283428626,172.84620416502324
2862.0,7,3.316342502845961,2.7909132152072624,1.515258967956011,2.343754858095749,34.17142857142857,17.502750449874096,44.172101873350144,166.18076503497574
2863.0,6,4.875717350360131,3.975393131393296,2.3107517862271965,3.2348379760935195,35.61666666666667,21.52847191597805,48.61799836570009,160.90879886062595
2864.0,6,4.874570434077543,3.9744715598115516,2.310353231346081,3.233990124623078,34.03333333333334,21.535053753186244,48.61900674508959,157.17688475594105
2865.0,6,4.873422475424952,3.973549200707679,2.3099545480638826,3.233141388235847,34.4,21.541641572014985,48.620013571951034,135.36827157569104
2866.0,7,3.3135368192121435,2.788667160726243,1.5147995416058821,2.341377133668042,33.128571428571426,17.481363297486,44.17249971192915,159.5892930839756
2867.0,7,1.9691496052546271,1.7400843657567842,1.5129561594982217,0.8595680655931682,30.971428571428568,2.980789386562148,42.10184833144954,182.5902456638012
2868.0,7,1.9692823032779252,1.7401816436064557,1.5130311116496618,0.8596330658630191,32.94285714285714,2.9856559966497493,42.103400452855894,188.5785398099821
2869.0,7,1.9694151212307742,1.7402790207908048,1.5131061742479885,0.8596980723819369,33.82857142857143,2.9905241405636382,42.104961089101394,173.1330766033624
2870.0,7,3.310728359524126,2.7864192787551336,1.5143420059806014,2.338995657529301,33.8,17.460142837475697,44.17291267282923,160.01428361803195
2871.0,6,4.866513040559847,3.967998664220334,2.307559590687039,3.228030689860711,35.983333333333334,21.581059372556457,48.62604444994219,149.75101943264207
2872.0,7,3.3093232586073777,2.7852947733662416,1.5141139544607172,2.337803650319811,35.78571428571429,17.44958556285475,44.17312858829091,150.0165004599344
2873.0,7,3.3086205468971834,2.7847324192712457,1.5140001097514582,2.3372073751836524,34.54285714285714,17.444293027470312,44.173230489079195,158.13690836453762
2874.0,7,3.3079177448484494,2.784170009661585,1.513886386898974,2.336610932581836,34.32857142857143,17.43901330520376,44.17333434961274,151.5651044021192
2875.0,7,3.307214849105179,2.7836075423614695,1.5137727854133205,2.3360143201687906,35.44285714285714,17.433722897964827,44.173435231255425,156.72910227260135
2876.0,7,3.306511855796084,2.783045014846632,1.5136593043847966,2.3354175354552824,35.44285714285714,17.428444460021517,44.17353999262053,155.73364576455307
2877.0,7,3.305808762192159,2.78248242535987,1.513545944723704,2.334820575686058,34.91428571428571,17.42315682761696,44.17363958735044,170.53714227776706
2878.0,9,1.6646007211264406,1.4906947900917538,1.2710177098968332,0.778899825610012,32.388888888888886,3.0342966730164784,35.22791342214109,180.63253066370396
2879.0,8,1.9865833748741888,1.7479088036458035,1.2926778600215463,1.176507176379566,34.5125,4.795262219271665,39.251523264476596,185.0945571343091
2880.0,9,1.6648329152347319,1.4908849678092388,1.2712172686629686,0.7789381510059816,31.022222222222222,3.044033496772468,35.227933434335256,186.5081833184818
2881.0,9,1.6649490710322048,1.4909801099458722,1.271317120439084,0.7789572950635232,30.82222222222222,3.048901593957293,35.22794940629764,179.39112556376574
2882.0,8,1.769067533553773,1.5710195423272801,1.3158613487361903,0.8582606324866535,31.45,3.0537742856775805,39.034098675594414,193.59621295215877
2883.0,9,1.6651815050735361,1.491170504406116,1.2715169687300418,0.7789955529028113,30.566666666666663,3.058511553731573,35.22791485440362,182.2924161620498
2884.0,8,1.7693364453723077,1.5712344525410478,1.3160437972059713,0.8583742940510594,32.4125,3.0635095847899123,39.0354772409068,184.727618815502
2885.0,7,3.3001811103000707,2.7779799853685727,1.512643508193064,2.330039144784859,33.84285714285715,17.380833251533,44.17442174407203,163.58181650816437
2886.0,7,3.299477384958006,2.7774170320644997,1.5125312661894597,2.3294408210558353,32.72857142857143,17.375530797078042,44.17451872455392,172.2523069120434
2887.0,7,3.298773609082902,2.776854052635352,1.512419150563814,2.328842361055211,34.08571428571429,17.370201337994164,44.17460490241347,158.65539747907232
2888.0,7,3.2980697890618678,2.776291051622591,1.5123071628635816,2.3282437691253848,33.92857142857143,17.364904379558034,44.17470759781126,163.6414400003347
2889.0,7,3.297365928325176,2.775728031523469,1.5121953042014662,2.327645047453797,34.48571428571429,17.35955139050834,44.17478859986482,184.4460364939249
2890.0,7,3.2966620111425873,2.7751649815720847,1.5120835747015777,2.3270461830530325,34.84285714285714,17.35421784663302,44.174876832216796,155.16607706209024
2891.0,7,3.2959580113273215,2.774601883784795,1.5119719736557609,2.3264471548654693,34.457142857142856,17.348894558512228,44.17496882315264,168.43233531280097
2892.0,7,3.295253931263492,2.774038739996908,1.5118604985119528,2.3258479666656684,33.78571428571429,17.34353298646491,44.175048134245756,167.82391234540026
2893.0,7,3.2945497835767203,2.7734755591210236,1.5117491481746244,2.325248629724351,35.728571428571435,17.338199395970985,44.17513628931868,164.95257406396203
2894.0,7,3.2938455492155976,2.772912328064846,1.5116379247625749,2.324649126976693,34.785714285714285,17.332866406960573,44.17522195317828,165.6300876514901
2895.0,6,4.838522937599896,3.945530007399939,2.2979183351265804,3.2073007910675373,33.74999999999999,21.73882869098085,48.64993609196392,151.1553086141981
2896.0,7,3.292436860296332,2.771785743553041,1.511415860087312,2.3234496564462965,33.98571428571429,17.322172205767536,44.17538671261745,171.57192468576247
2897.0,7,3.291732406828935,2.771222391112467,1.5113050201723,2.3228496888531343,35.42857142857142,17.316846885598927,44.17547475134351,164.99780325696582
2898.0,7,3.291027868795691,2.7706589904982475,1.5111943088153765,2.3222495564931824,35.91428571428572,17.311498171429495,44.17555593416496,172.1283814695157
2899.0,7,3.290323245000687,2.770095541023351,1.5110837262206376,2.321649258339555,36.528571428571425,17.306140431664744,44.17563164190346,177.58968913226386
2900.0,7,3.2896185358011953,2.769532043069727,1.5109732728891154,2.3210487944471847,35.94285714285714,17.30081594161424,44.175719529661855,168.12790887174336
2901.0,7,3.288913752487681,2.7689685046026704,1.510862948599487,2.3204481743902003,36.028571428571425,17.295487728058998,44.175805310564066,163.1512551758937
2902.0,7,3.288208906201033,2.768404933467016,1.51075275397491,2.3198474070511055,34.68571428571429,17.290147889876593,44.175887014479216,165.80211384207885
2903.0,7,3.2875040031538014,2.7678413340738954,1.510642690453141,2.3192464966856066,35.228571428571435,17.28478087646731,44.175959183306745,170.15926488660924
2904.0,7,3.286799053451138,2.7672777135713518,1.5105327578233643,2.318645451890226,33.971428571428575,17.279456542042446,44.176045322798416,194.93367227282184
2905.0,8,1.772174500082773,1.573503542279131,1.317974449380284,0.859567768326448,33.425,3.166058007382873,39.049861975746836,187.73338123388828
2906.0,8,1.7723102994899262,1.573612160529255,1.3180670683244708,0.859624589669284,34.6,3.170951405533737,39.050536675025526,190.96003361112056
2907.0,7,3.284683968148871,2.7655867569862473,1.51020374731075,2.3168415465944747,36.142857142857146,17.263350027567924,44.17626892119328,165.15071031795446
2908.0,7,3.283978888765915,2.7650230928134945,1.5100943385203178,2.316240011864225,36.62857142857143,17.258018310942905,44.176355290497106,169.4879150671042
2909.0,7,3.283273777715411,2.764459418585212,1.5099850608177368,2.3156383554242104,36.42857142857142,17.252621324029892,44.17642009712862,170.1950947410442
2910.0,7,3.2825686457518617,2.76389574191101,1.5098759127523624,2.3150365872365892,35.62857142857143,17.247256248765634,44.17649577700909,157.99577096247728
2911.0,7,3.28186351375853,2.763332077456918,1.5097668906420967,2.3144347271468386,36.199999999999996,17.24184768511554,44.17655765807069,174.20516047191143
2912.0,7,3.281158386362104,2.7627684286109084,1.5096579919746445,2.313832780776578,35.128571428571426,17.236506101756113,44.17663878243137,182.98463910853528
2913.0,6,4.817180529129927,3.928414847787748,2.290626402856617,3.1914689249396417,35.949999999999996,21.85783927660108,48.66763151997751,184.03274171518083
2914.0,7,3.279748111371744,2.7616411546238266,1.5094405719602773,2.3126285967773237,35.32857142857143,17.22568867658692,44.1767652797371,165.90437080747446
2915.0,7,3.279042948261098,2.7610775189000893,1.5093320566092692,2.312026342468249,36.92857142857143,17.22027981650541,44.176827347275925,178.87970452228376
2916.0,7,3.2783377710590007,2.7605138862339955,1.5092236725744026,2.3114239814953357,36.785714285714285,17.214869656737555,44.176888285933956,173.92184601953878
2917.0,7,3.2776325850994645,2.7599502604362347,1.5091154206559632,2.3108215178201053,35.5,17.209450447357078,44.17694935461591,164.42357162116102
2918.0,7,3.2769273786976436,2.7593866335326926,1.5090073021053063,2.3102189410338907,35.3,17.204023340061713,44.17700731946898,173.78513175869108
2919.0,8,2.063085306720574,1.828927557970533,1.2369571456730009,1.3471870813189086,34.412499999999994,5.399472993078014,39.32986698249357,185.31894500796017
2920.0,7,3.275516841289247,2.758259333159834,1.508791466119246,2.3090133955282868,35.785714285714285,17.193159131260366,44.177116933175235,182.61950303186825
2921.0,7,3.274811503450196,2.757695655287485,1.5086837465388174,2.308410422806367,36.371428571428574,17.187749600033186,44.17717846334794,164.54351747548736
2922.0,7,3.27410610118765,2.7571319464544377,1.5085761598196448,2.3078073013541336,35.62857142857143,17.182330420576303,44.1772368799501,161.47662492360098
2923.0,7,3.2734006424166378,2.7565682122947326,1.5084687050460477,2.3072040384262675,35.371428571428574,17.17690303660345,44.17729283115091,167.2083469784313
2924.0,7,3.2726951195403906,2.7560044476793197,1.5083613829007019,2.306600627373988,35.871428571428574,17.171492118995214,44.177351227803975,169.20725131363895
2925.0,9,1.5862346154412423,1.4432031590015122,1.1362302432445877,0.8898405432931732,34.011111111111106,4.541589973624794,35.46816316967883,182.94805680512457
2926.0,9,1.586239272026266,1.4432124362554435,1.136273458710258,0.8898004063794305,33.24444444444444,4.53604624519024,35.46816289124084,182.9249701443818
2927.0,6,4.800393662506713,3.9149625196560565,2.284923580262178,3.1790023219044006,35.449999999999996,21.950723346097035,48.68123646987701,174.6215323908038
2928.0,7,3.26987181330676,2.753748689788206,1.5079334690170783,2.3041849968108856,34.84285714285714,17.14988147063887,44.17758764729119,169.86878947523738
2929.0,7,3.269165667345852,2.753184565328563,1.5078268338407133,2.3035805802952325,36.214285714285715,17.14451681267145,44.177656299086856,158.52882574855943
2930.0,7,3.26845942610151,2.752620389664418,1.5077203341790306,2.3029759884765113,36.67142857142857,17.13914883021868,44.17772176268663,172.91609849845528
2931.0,8,2.062941795017624,1.8289315529093966,1.2368754043624741,1.3472675529792673,34.8625,5.460437098369825,39.33811799859467,188.73881587310467
2932.0,8,2.062929283539391,1.82893147080998,1.2368689206350671,1.3472733939650856,35.875,5.465495835597872,39.338806045418295,185.13648407160136
2933.0,8,2.0629166812834097,1.8289313189234038,1.2368624795754573,1.3472791009873764,34.1125,5.470549521300931,39.339495719417286,190.7502802666956
2934.0,7,3.265633918379593,2.7503634608899215,1.507295704026761,2.3005561996223562,36.05714285714286,17.117670365811566,44.17797996370143,165.8226862957703
2935.0,7,3.2649274105798316,2.7497991761056033,1.5071898921133435,2.2999508990459825,36.01428571428572,17.112294452904536,44.178042879682216,154.1924003558598
2936.0,7,3.2642208428293413,2.7492348652702128,1.5070842200808114,2.2993454499054153,36.34285714285715,17.10693077853118,44.1781088671637,166.95710054295762
2937.0,7,3.263514221440479,2.748670532863699,1.5069786885655418,2.298739857061362,34.75714285714286,17.101563812786296,44.17817403501845,161.85888056565204
2938.0,7,3.262807554182022,2.7481061843943917,1.5068732975029948,2.29813412706464,33.3,17.09625514430109,44.178258955625715,155.5102996523916
2939.0,7,3.2621008440352446,2.747541822085606,1.5067680457925943,2.297528263218509,35.214285714285715,17.090826588371613,44.178304117225025,154.07704620543464
2940.0,7,3.2613940941864668,2.7469774482983462,1.5066629324985683,2.2969222688838444,34.3,17.08546024899634,44.17836923078571,152.46217749900018
2941.0,7,3.260687301789945,2.7464130611869444,1.5065579583331832,2.2963161413100757,34.957142857142856,17.08007861718961,44.17842813196832,179.56341540185448
2942.0,7,3.259980468225628,2.7458486618262086,1.5064531237071013,2.2957098814366543,36.01428571428572,17.074742803805385,44.17850437651429,159.2062710568206
2943.0,8,2.0627855914722697,1.8289259281911652,1.23680053116413,1.3473286521565708,34.375,5.521194799648487,39.34639356726835,164.45968056282564
2944.0,8,2.0627719830552147,1.8289250071802265,1.2367945820748125,1.3473328629702392,34.5625,5.526261303803167,39.3470811141727,170.07431273362772
2945.0,7,3.2578597255897264,2.7441553950946056,1.5061394585425572,2.2938903120785796,36.42857142857143,17.05859101847033,44.17867993004309,153.9556025258459
2946.0,7,3.257152732814936,2.743590951861211,1.506035182986245,2.2932835277702344,35.142857142857146,17.05326568330067,44.17875804294575,155.3830746365698
2947.0,7,3.2564457122265877,2.7430265063606885,1.505931043988519,2.2926766246788866,36.614285714285714,17.047881935526277,44.178817332953244,145.21145180540603
2948.0,7,3.2557386964696295,2.7424620814007756,1.5058270366460471,2.2920696332412893,36.385714285714286,17.04251102817103,44.17887870257891,149.12989566548612
2949.0,8,2.0627027156293427,1.8289194647456721,1.2367655183848292,1.3473520182416696,34.837500000000006,5.551615463878242,39.350524706360886,162.02568652500713
2950.0,8,2.062688668451419,1.8289182071839347,1.2367598419588537,1.3473555217116264,34.574999999999996,5.556676351853364,39.35121370003147,156.57008083134315
2951.0,7,3.253617754355683,2.740768983989085,1.5055157931986962,2.2902482005288993,35.44285714285714,17.026441772043214,44.179069291798406,150.30045826642174
2952.0,7,3.25291078032056,2.7402046581194734,1.505412307657467,2.289640878463931,36.58571428571429,17.02106022647977,44.17912342707926,143.92796424172295
2953.0,7,3.2522037972221716,2.739640343808358,1.505308956025155,2.289033455485707,35.94285714285714,17.015699523165527,44.17918186723343,141.97223276108664
2954.0,7,3.2514968136997022,2.739076047135258,1.5052057390639095,2.288425938298896,34.1,17.01033310701699,44.17923798206244,142.27331667249047
2955.0,7,3.2507898392874144,2.738511774822405,1.5051026564443637,2.2878183350967967,35.51428571428572,17.004978645580643,44.17929735209816,133.12968687979472
2956.0,7,3.2500828763382237,2.737947528619496,1.504999708500113,2.2872106476859932,34.65714285714286,16.9995983760149,44.179348879596205,146.56841519197573
2957.0,7,3.2493759173589374,2.7373833034910673,1.5048968950059831,2.2866028701182506,35.871428571428574,16.99423392885152,44.17940430143785,117.08736747039816
2958.0,7,3.2486689619438707,2.7368190993231956,1.5047942149678808,2.285995002842182,36.9,16.988868177750444,44.17945783915258,142.9034937932143
2959.0,7,3.247962016544402,2.7362549207196216,1.5046916674666135,2.2853870519058437,36.48571428571428,16.98351326293104,44.179517793231604,123.60632045822214
2960.0,7,3.247255099414514,2.7356907804569266,1.5045892509568826,2.284779033557082,36.5,16.978127915625738,44.17956003035963,128.85839583535116
2961.0,8,1.7798689835973933,1.5796641306811774,1.323256520851797,0.862746165325536,35.975,3.439804572466361,39.087140565316716,152.98522075971115
2962.0,8,1.7800079796233323,1.5797755394757766,1.3233525934095036,0.8628027982351023,35.3875,3.444684457579248,39.08778614123622,158.61504572704035
2963.0,7,3.2451346383667063,2.7339986745189324,1.5042827806236523,2.2829546793991446,37.25714285714285,16.962049362864143,44.17970943945637,129.5360639651939
2964.0,7,3.2444279071721644,2.7334347392130725,1.5041808877257814,2.282346452784352,36.857142857142854,16.956679911235586,44.179756092695165,130.50760740781251
2965.0,8,1.9796470885675086,1.742663946178402,1.29893629026321,1.1617409965854395,33.925,4.319266704884402,39.19723852561252,149.90108747012837
2966.0,6,4.752814468165633,3.876882599479067,2.2689476639629618,3.1435799955370283,36.15,22.210809531627586,48.718837634672184,143.22840282074787
2967.0,7,2.628784573383397,2.25568922007663,1.6321254245152852,1.557016524067974,35.48571428571428,5.642692423629968,42.56590458865333,168.42586485909328
2968.0,8,2.0624248609907228,1.828887140818046,1.2366654813959028,1.3473999632527263,34.1125,5.647755133819352,39.363409426213074,152.7737135400145
2969.0,7,3.2408948920971947,2.7306157975005623,1.5036734684604205,2.27930444079062,36.285714285714285,16.929815811846414,44.179972686161214,137.52344898054633
2970.0,7,3.2401883666737725,2.73005212201016,1.5035723978085545,2.278695818541916,35.72857142857143,16.924420770722566,44.18000632646109,143.32577714620697
2971.0,7,3.2394818439138153,2.7294884684172387,1.5034714655928616,2.278087103552174,35.65714285714286,16.919032232161584,44.18004234259985,129.87864613112578
2972.0,7,3.2387753141105513,2.728924830199887,1.5033706705960712,2.277478288738007,35.471428571428575,16.91365042077095,44.18008207178423,137.58801327875295
2973.0,7,3.238068779383907,2.7283612089179594,1.503270013877972,2.2768693751955977,34.51428571428571,16.908283330779394,44.180123481750925,135.14479715919407
2974.0,7,3.237362251754806,2.7277976129431316,1.50316949716915,2.276260371741004,34.62857142857143,16.90291088513519,44.18016021939782,142.14155624133488
2975.0,7,3.2366557446817334,2.7272340516528883,1.5030691215717533,2.2756512888121825,35.699999999999996,16.8975423466167,44.18020150454044,140.40833655037466
2976.0,7,3.235949263112418,2.726670528569946,1.5029688877108978,2.2750421301472583,35.07142857142857,16.892149336869423,44.18023004367372,137.50820313893792
2977.0,8,1.978714241281498,1.7419662495512218,1.2998431888831314,1.1596784463331558,34.2,4.252828486988578,39.18933836353946,150.2848332247844
2978.0,7,3.2345363769880575,2.7255435979703466,1.5027688421745398,2.2738235884576747,34.67142857142857,16.881390667501346,44.18030325512842,129.58082077436612
2979.0,6,4.7367358502989765,3.8640277490477515,2.2635993885106633,3.1315855814180114,35.58333333333333,22.29710919272475,48.731062859733335,147.78434001143643
2980.0,7,3.233123591765613,2.7244168212247706,1.5025693551132935,2.272604749807345,35.542857142857144,16.87061670702073,44.180366768127136,134.385471805617
2981.0,7,3.2324172343955664,2.7238534890660455,1.5024698214185332,2.2719952169016184,35.4,16.86522964135012,44.18039994885161,138.15333273105722
2982.0,6,4.733010972784309,3.861050700969864,2.2623640967136738,3.1288050769200693,36.1,22.317018884921435,48.733865127648386,140.6019313196597
2983.0,6,4.731768119160489,3.8600574578734426,2.2619522613681475,3.1278771627696487,35.666666666666664,22.32364854674933,48.734799976271454,124.71446959228912
2984.0,6,4.730524637679359,3.8590637582608496,2.2615403912786585,3.1269486962432764,36.800000000000004,22.33029020173101,48.73573257106889,125.66171536253542
2985.0,7,3.229591876787116,2.7216004245202408,1.5020731273808725,2.2695561660265207,36.77142857142858,16.843691039430073,44.180524609258654,133.50907505822224
2986.0,7,3.2288855680500133,2.7210372338677784,1.5019743119219247,2.268946185880457,36.114285714285714,16.83831081931977,44.18055551943171,137.90031742654938
2987.0,6,4.7267906870503165,3.856080111288894,2.260304591718879,3.1241602035318743,37.28333333333334,22.35021944171444,48.738534794703156,137.10071569221188
2988.0,7,3.227473032571482,2.7199109753838497,1.5017771042690615,2.2677260070623078,35.99999999999999,16.827576973352446,44.180624641863794,119.9871981189358
2989.0,8,2.0620883457802526,1.8288287672839887,1.2365738424175219,1.3474048360809157,35.725,5.75417275724372,39.377350255047475,169.56817100761148
2990.0,7,3.226060621535638,2.71878489216041,1.5015804538657676,2.2665055549033997,37.114285714285714,16.816817099709738,44.18068392334628,123.34001183698368
2991.0,7,3.225354459184716,2.718221914196833,1.5014823370845631,2.265895224021396,36.62857142857143,16.81145683825144,44.18071849400995,116.62113969178468
2992.0,7,3.2246482956956384,2.7176589582045607,1.5013843600611652,2.2652847980934374,34.01428571428572,16.806077123320467,44.180743043405265,120.10688138302292
2993.0,7,3.2239421113257896,2.7170960107285063,1.5012865223871539,2.2646742611721113,34.128571428571426,16.800723041869784,44.18077321475998,126.83516156896312
2994.0,7,3.2232359035003393,2.7165330701295716,1.5011888239769458,2.264063611269416,34.042857142857144,16.795385564471392,44.18081166173936,104.18491690025851
2995.0,6,4.716809305437507,3.8481062022969446,2.2570083485172328,3.1167025297387188,34.699999999999996,22.403279098122933,48.745977949821814,128.70721587724802
2996.0,7,3.221823399729534,2.7154071973629113,1.5009938609724038,2.262841946936077,31.642857142857142,16.7847230816462,44.180882059631564,128.13294876382696
2997.0,7,3.2211170678914725,2.7148442404969417,1.5008966036892557,2.2622308978513828,30.74285714285714,16.77940607474901,44.18092078895557,117.7358115063924
2998.0,7,3.2204106760660607,2.7142812655727475,1.5007994953928834,2.2616196990802107,30.82857142857143,16.77410866430627,44.18096406965362,109.97788837292433
2999.0,6,4.71180437974083,3.844108993755199,2.2553604012619557,3.1129605548880823,31.833333333333332,22.42978775252993,48.74970477888809,116.2438705009451
3000.0,7,3.2189977432495955,2.7131552836818624,1.500605713453578,2.2603968868588735,29.971428571428568,16.76349289166465,44.181039727438325,128.2127111855564
3001.0,7,3.218291248163658,2.712592308820697,1.5005090331891897,2.2597853161729415,31.014285714285712,16.758230427052528,44.18109190511323,130.2930839445591
3002.0,7,3.2175847519113145,2.712029357324038,1.5004124899718263,2.2591736531138946,32.042857142857144,16.752942291563045,44.18112794910322,121.55951570839522
3003.0,7,3.21687825720519,2.711466431207527,1.5003160834955418,2.2585619002298523,32.31428571428572,16.747682478686265,44.18117355630706,101.67424662722205
3004.0,7,3.216171765899677,2.71090353183003,1.5002198154400361,2.2579500579617773,28.914285714285715,16.742462791046982,44.18122766367254,144.93541072728524
3005.0,7,3.2154652638380607,2.7103406494594493,1.5001236889594816,2.2573381124534415,29.842857142857138,16.737192572614397,44.18127045656678,128.13199503771676
3006.0,7,3.214758743440318,2.7097777790036,1.5000277043428258,2.2567260573196903,33.58571428571428,16.732000386803215,44.181333255453794,114.86756390210884
3007.0,7,3.2140522236664872,2.7092149338263516,1.4999318565005146,2.25611391191195,34.34285714285714,16.726799670661663,44.181390647163326,157.66085538830964
3008.0,6,4.7005113165202665,3.8350923689199914,2.2516539033066767,3.1045109402081605,33.333333333333336,22.489245046851007,48.75808633308905,102.08730868060734
3009.0,7,3.2126392646886868,2.7080893743863625,1.4997405590035149,2.254889424194487,31.714285714285715,16.716385310454484,44.18149012212767,130.67199153092025
3010.0,7,3.2119328366914486,2.7075266679548866,1.499645113583576,2.2542770883349266,34.9,16.711200236425384,44.18154845377605,118.87316527977488
3011.0,7,3.2112264358887437,2.7069640055672237,1.4995498060141286,2.253664683736145,34.885714285714286,16.70597975697768,44.18158855155645,105.30965723698904
3012.0,7,3.210520060203676,2.706401386068644,1.499454632167896,2.2530522116862977,34.12857142857143,16.70077876152508,44.1816303108987,117.73286225900468
3013.0,7,3.2098137075832796,2.70583880819096,1.4993595915384508,2.252439670928818,33.357142857142854,16.6956517502111,44.18169588010486,121.53144087200452
3014.0,7,3.209107390731512,2.7052762807144095,1.4992646866679407,2.2518270702490613,35.042857142857144,16.690469808576776,44.18173975752638,105.35101250191084
3015.0,7,3.208401107782107,2.704713802439487,1.499169918952846,2.2512144072063824,34.41428571428572,16.685330792403278,44.18179878360187,103.25524988119132
3016.0,7,3.2076948425355982,2.7041513622995437,1.4990752897715502,2.250601667515338,33.699999999999996,16.68018527678928,44.1818508695071,109.8969941282538
3017.0,7,3.2069885873373787,2.7035889551175374,1.498980800254478,2.2499888441283398,33.785714285714285,16.675059789859812,44.181913423452485,101.94590546193628
3018.0,7,3.2062823618994716,2.703026594575812,1.4988864506068862,2.249375953274864,33.75714285714286,16.66991368739807,44.18196284184183,101.33969341121583
3019.0,7,3.2055761895417123,2.7024642968232953,1.498792241319054,2.2487630139626615,33.82857142857143,16.664825634297415,44.182029637332796,98.0775430079496
3020.0,7,3.2048700798861187,2.7019020686300985,1.4986981716038228,2.248150034783925,33.357142857142854,16.65968999086341,44.18207927559284,110.8297825904071
3021.0,7,3.204164040047196,2.701339915147329,1.498604237746191,2.247537024339607,34.07142857142857,16.65459633049612,44.1821419078093,109.82836164916448
3022.0,7,3.203458063496689,2.7007778319983364,1.4985104400834623,2.246923977079443,34.214285714285715,16.649514384383533,44.182206609876935,108.81421666668112
3023.0,7,3.202752125358422,2.700215801985463,1.498416784465881,2.246310868362375,33.857142857142854,16.644390706300012,44.182255192003744,91.8395829116414
3024.0,7,3.202046202135401,2.6996538090198516,1.49832327245579,2.2456976777324162,33.028571428571425,16.639305640180314,44.18231644752799,61.06037303244928
3025.0,6,4.679080600898604,3.8179903719667263,2.244658861673441,3.088455451377195,36.083333333333336,22.600192160894327,48.773734377500055,94.8732449570231
3026.0,7,3.2006344736591297,2.6985299855922427,1.498136665928767,2.2444711210751422,33.65714285714286,16.629147640152983,44.18243323961026,86.6237701541802
3027.0,7,3.199928707214586,2.6979681820805905,1.4980435707336563,2.2438577877625856,32.62857142857143,16.624080141540393,44.18249212028674,89.19402090445618
3028.0,7,3.199223015053092,2.697406457086543,1.4979506152185238,2.243244424733654,32.642857142857146,16.618992360835822,44.182545022411624,90.49025807085538
3029.0,7,3.1985174045810947,2.6968448159077347,1.497857796893941,2.242631039955626,33.199999999999996,16.61395106844336,44.18260827197952,76.7487158686576
3030.0,7,3.197811880562481,2.6962832619879866,1.4977651146288657,2.2420176382618755,33.01428571428571,16.60890049414266,44.18267095924393,63.94721388665698
3031.0,7,3.1971064347020426,2.695721789655391,1.497672570849463,2.241404211147116,33.01428571428572,16.603850698087378,44.18272875276741,62.49564807766047
3032.0,7,3.196401048375002,2.69516038615938,1.497580167495923,2.2407907419135906,33.371428571428574,16.598799475247322,44.1827839259816,80.4490367237698
3033.0,6,3.285684713367185,2.8006789927424527,1.6698523552080549,2.248420764046399,35.74999999999999,16.59376249157053,39.58394287017481,90.76997518718429
3034.0,7,3.1949904275588814,2.6940377675782505,1.4973957870544705,2.239563651707521,34.0,16.5887304371004,44.182903384014644,74.83596553942716
3035.0,6,3.2843786514131352,2.7996841812150617,1.6700263531596815,2.247052178810725,36.43333333333333,16.583692449452688,39.581664389010484,94.4435044045897
3036.0,5,4.0630042961682475,3.4844844693660364,2.6317033833131767,2.283805884814006,39.56,16.57865823069927,42.962404582732105,73.55423396747892
3037.0,6,3.704644219591575,3.106266338357486,2.106463140438176,2.282915592567574,36.31666666666667,16.573644134546267,47.76733144483911,77.0414529035974
3038.0,7,3.1921697977717565,2.691793288001354,1.4970287993593974,2.2371088214965544,34.91428571428572,16.56860036217723,44.1831271332235,66.69111543151931
3039.0,8,1.9740037906688985,1.7384764491076257,1.3046571230738366,1.1489865775171437,32.9875,3.916624211644399,39.14986273329342,105.49976783299856
3040.0,8,1.9739292526933472,1.7384217049057566,1.3047365041744163,1.1488135961774482,32.25,3.911335188947876,39.149258817832276,82.96532535088245
3041.0,7,2.0613961134646535,1.8200548996176722,1.4086494409288268,1.1525218393562868,33.7,3.906031065295412,42.376525342973196,84.48291232473528
3042.0,7,3.1893500242013944,2.6895498463403937,1.4966643400132118,2.2346530444976134,32.72857142857143,16.548431417264958,44.18335663990308,74.04420874035887
3043.0,7,3.188645197161111,2.6889891355905085,1.4965736561059322,2.234038912636374,32.800000000000004,16.543379204269378,44.18341633073084,81.28463226758791
3044.0,7,3.1879404494966015,2.688428507706805,1.49648313887686,2.233424737059187,33.25714285714285,16.538302523509447,44.18346747282186,80.3333048896917
3045.0,7,3.18723579047236,2.6878679691601306,1.4963927882592465,2.2328105255221997,34.98571428571429,16.53320623879449,44.183515855202174,69.85419923046476
3046.0,7,3.186531224192531,2.6873075228788466,1.4963026043436833,2.232196281413342,36.32857142857143,16.528105619654852,44.18356585329838,64.87895112732235
3047.0,7,3.185826759123906,2.686747174916773,1.4962125837913403,2.2315820141835934,35.57142857142857,16.52298066702958,44.18360723206284,69.11760856167423
3048.0,7,3.185122406058404,2.6861869328462085,1.4961227251987899,2.2309677338180998,35.01428571428571,16.517860135353818,44.18365113434297,72.70185260076677
3049.0,7,3.18441816875212,2.6856267992559824,1.4960330310735266,2.230353441681136,35.92857142857143,16.512736295755424,44.18369802012195,74.33769441374119
3050.0,7,3.1837140570816316,2.6850667810853026,1.4959435001510775,2.229739146905649,33.385714285714286,16.507602984465244,44.18374448015108,89.22069940117082
3051.0,7,3.183010070679127,2.6845068782546746,1.4958541307238453,2.2291248504722807,34.957142857142856,16.502437935090803,44.18378453558557,61.315056091557466
3052.0,7,3.182306209247639,2.683947090733168,1.4957649211296236,2.2285105533905663,36.05714285714286,16.497278446465934,44.18382347809751,61.14868999379159
3053.0,8,1.9729700298667292,1.737718572370919,1.3057748597383985,1.1465678577554799,35.0,3.841453415125508,39.14105660510246,81.13438511934471
3054.0,7,3.1808988544500676,2.6828278570534034,1.4955869885833402,2.2272819467148683,35.800000000000004,16.486916067190812,44.18389264146405,60.47577706959908
3055.0,8,1.9728240786681188,1.7376118129392215,1.305935624742669,1.1462229087284475,34.3625,3.830541687851248,39.139746468059876,165.13760921627673
3056.0,8,1.9727512526877935,1.7375585657465749,1.306016108396631,1.1460504762041739,34.35,3.825075575107137,39.139088268633095,64.36553431756376
3057.0,8,1.9726785370084154,1.7375054144394508,1.3060966590924508,1.1458780835298081,32.525000000000006,3.819610191160888,39.13843354877025,81.22144193825008
3058.0,7,3.1780854323331362,2.680590630385369,1.4952330921152894,2.2248245162154205,31.957142857142856,16.466031482790797,44.18400155141944,49.82405960240258
3059.0,7,3.1773824354623064,2.680031645195953,1.4951450205719299,2.224210193913941,32.614285714285714,16.46078284794371,44.184024754258644,42.00813949754486
3060.0,7,3.176679586001981,2.6794727917431107,1.495057104578441,2.223595893084251,33.05714285714286,16.455510884187216,44.18403912412959,43.51607537052392
3061.0,7,3.1759768898281004,2.6789140744200637,1.4949693379832867,2.2229816230944692,33.55714285714286,16.45025550049636,44.1840616213104,44.269489257752994
3062.0,8,1.9723165463628696,1.7372410474764202,1.3065003757874323,1.1450166920635996,31.5875,3.792142053991536,39.13508454218445,55.65162785992141
3063.0,9,1.5870251260426713,1.444647690225004,1.1425869205994317,0.8840260616902347,30.111111111111118,3.7866418547863288,35.465588315763654,62.10599823801485
3064.0,7,3.1738696081740225,2.677238663338597,1.494706923541779,2.221138913528667,32.44285714285714,16.434432836614693,44.18410125186262,77.70998028377949
3065.0,7,3.1731673873369437,2.676680396788148,1.4946197611940928,2.220524648815696,33.74285714285714,16.42915771537574,44.18411501514571,44.26554382791796
3066.0,8,1.794752545667309,1.5916182954478864,1.3336749827918926,0.8686540385443912,32.837500000000006,3.960718499873297,39.156203550512416,63.086118845512765
3067.0,7,1.9978139896505072,1.7613485791460168,1.5298685652700015,0.8728407588205302,32.44285714285714,3.965684605223558,42.405154034730494,67.18353480883339
3068.0,8,1.7950420942437137,1.5918512683856143,1.3338799622945692,0.868766198036001,32.2375,3.970646833129512,39.157460549997246,58.41808183604499
3069.0,8,1.7951869426549585,1.5919678219043074,1.3339825395996059,0.8688222660717959,31.4375,3.975632513653382,39.15809064013028,64.1575363089482
3070.0,8,1.795331833645134,1.5920844156915963,1.3340851733246044,0.8688783211724826,31.500000000000004,3.9806163600201225,39.15872354898424,51.38574085010478
3071.0,9,1.68769694796731,1.5096765858611638,1.2911539585713172,0.7823329528807008,28.644444444444446,3.742669557330229,35.22416771055657,67.45301065658205
3072.0,8,1.7956217428046415,1.5923177234681636,1.3342906108094459,0.8689903902671139,30.8,3.990589824136368,39.15997591659154,71.81255514957532
3073.0,8,1.795766767306072,1.5924344416057394,1.3343934161793396,0.8690464093875623,30.137500000000003,3.99559435900295,39.16061073847413,68.81028748527386
3074.0,8,1.7959118440724298,1.592551206129237,1.334496281345107,0.8691024215935479,31.075000000000003,4.0005885232691,39.161241322190264,64.6131356600594
3075.0,8,1.7960569752486266,1.5926680184405746,1.3345992068443957,0.8691584286272188,31.825000000000003,4.005586059189209,39.161865484010846,59.17557124218804
3076.0,7,3.165450234305876,2.670546561236103,1.4936708311522493,2.2137674638260725,30.542857142857144,16.371173400742656,44.18419509382124,38.56548695385247
3077.0,6,3.2574176650968716,2.7791846709382515,1.6738137113473592,2.2186065660417884,31.900000000000006,16.365902061553967,39.53308156303008,51.370814391733326
3078.0,8,1.7964926791938685,1.593018733878145,1.3349083318952841,0.8693264242637965,31.1625,4.020601997422394,39.16374789664681,71.05119938273226
3079.0,7,3.1633484214530583,2.668876345668093,1.4934151264690732,2.2119250006498943,31.400000000000002,16.355346387965987,44.184194892493274,47.426548475767405
3080.0,7,3.1626481966972455,2.668319934191719,1.4933301729798905,2.211310983483045,31.27142857142857,16.350051739023947,44.18418593290862,44.45951602889099
3081.0,7,3.161948144841262,2.6677636749288727,1.4932453585801204,2.210697022287073,34.51428571428572,16.3447549148799,44.184173966394155,64.60448546849415
3082.0,8,1.7970742508168522,1.5934869473261082,1.3353212772076095,0.8695503078806409,30.237499999999997,4.040778710627071,39.16624607129087,77.09622152143487
3083.0,7,3.1605485499262898,2.666651607275651,1.4930761337557812,2.2094692696199014,31.385714285714283,16.334201164227437,44.184156795607144,58.1452667574115
3084.0,8,1.7973652530376867,1.5937212718073597,1.3355280709654553,0.8696621550203034,32.875,4.050945419989255,39.16750460630226,187.10142251995333
3085.0,8,1.7975107963053425,1.5938384808600972,1.335631544286731,0.8697180468270531,33.875,4.056061310118327,39.16813487513207,183.55110057497205
3086.0,7,3.1584505488534984,2.6649847189874434,1.492823249138387,2.2076282067568562,35.58571428571428,16.318436934631915,44.184129284657324,60.16496785922531
3087.0,7,3.1577515771497042,2.664429406583839,1.4927392249596458,2.20701465082033,35.94285714285714,16.313187264736047,44.18411762749225,37.245730193766185
3088.0,8,1.7979476602567808,1.5941903377384257,1.3359422886212988,0.8698856444452009,32.45,4.071442984873753,39.17002032135546,161.99103190479516
3089.0,7,3.156354283853815,2.663319330701744,1.4925715974559177,2.2057878147631236,32.971428571428575,16.302655847822972,44.18408182949706,63.98629842846387
3090.0,7,3.1556559866496445,2.662764584464438,1.4924879868719623,2.205174560283369,33.05714285714286,16.29737387379239,44.1840507549565,47.37947617650003
3091.0,6,3.65902020440217,3.073986607298693,2.1038327716187,2.2412677954485734,35.51666666666666,16.292109033640095,47.709327500980066,59.40113497531944
3092.0,7,3.1542600056719077,2.66165561686674,1.4923211832316303,2.203948299955426,32.91428571428571,16.286831740335348,44.18400024767703,45.010841782904485
3093.0,7,3.153562248609267,2.6611013448482783,1.4922380045130201,2.2033352231197854,33.67142857142857,16.28155495751435,44.183970522043786,32.30654464241724
3094.0,7,3.1528646473323536,2.6605472142635342,1.492154974622656,2.2027221819908007,34.01428571428571,16.276283100465374,44.18394397488962,55.32101947222896
3095.0,7,3.1521672095621835,2.65999323055806,1.4920720925677458,2.2021091837588824,34.199999999999996,16.27100122977922,44.18391189356542,52.13271795160601
3096.0,7,3.151469910866516,2.659439376902411,1.4919893625923197,2.2014962051592204,34.22857142857143,16.26572771604656,44.18388362882869,46.607607923413525
3097.0,7,3.1507727462178945,2.658885649896314,1.491906786028676,2.200883241116195,33.5,16.260423710750818,44.1838408374045,54.64627275784149
3098.0,7,3.1500757453450805,2.658332070249696,1.4918243577559718,2.200270320057064,33.214285714285715,16.255172767634917,44.18381574678853,47.94116547343765
3099.0,7,3.1493789144333455,2.657778642360983,1.4917420764453448,2.1996574481388507,32.91428571428571,16.249871631827585,44.18377463024306,53.15413433052152
3100.0,7,3.148682255201176,2.6572253675094935,1.4916599421954608,2.199044626783503,33.857142857142854,16.244550816392543,44.1837238298618,55.386877939286975
3101.0,7,3.147985759973749,2.656672240455273,1.491577956793117,2.1984318483897813,33.17142857142857,16.23928453808707,44.18369088371914,43.53373296747161
3102.0,7,3.147289398952912,2.656119240645252,1.4914961258352335,2.1978190842615777,32.91428571428571,16.234030131997002,44.18366007875125,70.09744289096437
3103.0,7,3.1465931408471945,2.6555663464484556,1.4914144555148283,2.197206303984905,32.55714285714286,16.228724174395907,44.18361181392794,66.96925939907815
3104.0,7,3.145896958414804,2.6550135390518212,1.4913329516762963,2.1965934807772105,32.9,16.22343814892707,44.18357052705676,60.23144912987428
3105.0,7,3.1452008005692584,2.654460783106299,1.4912516243539182,2.195980565012156,33.01428571428571,16.218176623301165,44.18353901045269,60.28058352232082
3106.0,8,1.9692061550691795,1.7349866574717496,1.3101136346247932,1.1374449287658757,31.950000000000003,3.5542900423064703,39.10484770012941,65.8243458935691
3107.0,7,3.1438085260501767,2.653355403365734,1.4910895059389404,2.19475442404131,34.94285714285714,16.20762610793857,44.183469445774435,51.340936888257694
3108.0,7,3.143112461820954,2.652802816212395,1.491008703855597,2.194141250405558,35.114285714285714,16.20234710503873,44.18343237138837,51.32989842107142
3109.0,8,1.9689989460720105,1.7348376432511565,1.3103640708612392,1.1369290436246182,31.612499999999997,3.538286617828364,39.10275718570206,41.11147688129497
3110.0,7,3.14172060706762,2.651697936400125,1.4908475900252558,2.192914820330367,33.77142857142857,16.191828185979247,44.183368033251206,62.20535928007566
3111.0,8,1.8013115425411859,1.5969011978218077,1.338341853506592,0.8711684789736502,32.6875,4.191114793133194,39.184308453677545,80.08927587331426
3112.0,9,1.6927701388476875,1.5138643835275483,1.2956526674431985,0.7829875714598339,30.922222222222224,3.5222086028770887,35.22240430890686,79.11936262375916
3113.0,8,1.9687236448536423,1.734639901989148,1.3106988878870967,1.1362411781239268,32.825,3.516836570148903,39.099963422076215,59.49598884611507
3114.0,8,1.9686549960828286,1.7345906367887027,1.3107827554713025,1.136069207924454,32.625,3.5114489048393955,39.099264697971236,53.39542059824916
3115.0,8,1.9685864150616477,1.7345414375854984,1.3108666864902796,1.1358972352071128,33.7375,3.5060918745409984,39.09856939767848,63.36848276425453
3116.0,8,1.968517902797303,1.7344923051141776,1.3109506821856485,1.1357252596368879,34.5875,3.5007134096648187,39.0978748879367,63.15428329561942
3117.0,8,1.9684494633223044,1.7344432422680762,1.3110347435061418,1.1355532845134049,31.924999999999997,3.4953239709632333,39.09717167047684,52.67829320082868
3118.0,7,3.136156537047674,2.647282146075071,1.4902098244734898,2.188007641661821,31.228571428571428,16.14974000350984,44.18312563122157,50.500506547270334
3119.0,8,1.802488853389507,1.5978503333227971,1.3391842051175755,0.8716142222700255,30.8125,4.232288999065972,39.189243934556316,87.41885780858429
3120.0,7,3.1347665388760997,2.646179258718503,1.4900520702263984,2.1867806239506584,33.28571428571429,16.139185372967958,44.18306282026127,64.06401642495261
3121.0,8,1.8027838150204902,1.5980881515897263,1.3393954232123766,0.8717256681601193,34.574999999999996,4.242549110726205,39.1904699160265,66.74983509901703
3122.0,8,1.8029313960301254,1.5982071453891171,1.3395011239100898,0.8717814052940314,32.95,4.247689842117406,39.19108374302354,57.68333542228224
3123.0,6,4.55358554371219,3.7180672908337087,2.204520761076014,2.9940127910802827,35.88333333333333,23.23892388467232,48.85956041960977,55.8179084105732
3124.0,7,3.1319889241575596,2.6439755545115236,1.4897385811565174,2.1843272860696232,34.05714285714286,16.117960516607248,44.1829085243235,55.17785084789064
3125.0,7,3.131294943515787,2.6434250103602928,1.4896606289163432,2.183714037152044,35.48571428571428,16.112634876672097,44.18286581788942,49.02709764919226
3126.0,7,3.1306011002770155,2.6428745975044565,1.4895828426877555,2.183100797696847,30.571428571428577,16.10729874106595,44.18281611325078,51.30615572089973
3127.0,7,3.129907384978079,2.642324309607209,1.4895052216742872,2.182487560502063,29.814285714285717,16.10195384452117,44.182776944228905,60.22075016151904
3128.0,7,3.1292137990280735,2.641774147784766,1.4894277647984053,2.1818743275797425,31.328571428571426,16.096613185734906,44.18272453558384,34.131022541712426
3129.0,7,3.128520338184792,2.64122410928028,1.489350471315116,2.18126109602607,33.942857142857136,16.091274516460523,44.18267923507056,34.207039262750634
3130.0,7,3.127826984850297,2.6406741821956765,1.4892733403824827,2.1806478519331836,34.72857142857142,16.085968892355744,44.182644173832976,48.411030873985375
3131.0,7,3.1271337236948384,2.6401243561932795,1.4891963712891119,2.1800345831899826,35.62857142857143,16.080623959393808,44.18259169081978,50.54970252099443
3132.0,7,3.126440561381124,2.639574635936147,1.4891195639151404,2.1794212954457945,34.81428571428571,16.07530142369182,44.18254854838439,41.4406522636925
3133.0,7,3.1257475105814954,2.6390250302001332,1.489042918049192,2.178807999395624,34.15714285714286,16.069980806580585,44.182505349780534,46.714871809185226
3134.0,8,1.967300475395712,1.7336222230324152,1.3124739133662198,1.132633320596306,32.425,3.402896349748234,39.085016560701504,68.41999261400991
3135.0,8,1.9672335672430443,1.7335745723361176,1.3125591413355369,1.132461610098493,34.55,3.3974288126637995,39.08430034525886,64.57961433905817
3136.0,8,1.9671667388581435,1.7335269963652005,1.3126444335749992,1.1322899090478213,34.349999999999994,3.391964630601213,39.08357631927808,64.45814944078876
3137.0,8,1.967099988063237,1.7334794935710975,1.312729788724635,1.1321182166304384,34.400000000000006,3.386485334874662,39.08285338501003,72.51847255334428
3138.0,7,3.1222841696585313,2.6362788846827994,1.488662159753411,2.175741559088003,35.81428571428572,16.04342667252236,44.18230067018447,46.58502783415254
3139.0,7,3.1215919298440014,2.6357300644762174,1.4885864964526414,2.1751283215853396,35.5,16.03811216673762,44.18225387364134,49.60966249739293
3140.0,8,2.058761298206391,1.8277177718815454,1.2365446515479472,1.3459233181648227,33.975,6.49764428670271,39.471641443275274,54.52104645311527
3141.0,8,2.058733526953231,1.827706005106057,1.2365479996511117,1.3459042631850069,35.287499999999994,6.502669454624943,39.47222946123169,64.34020454891684
3142.0,8,1.9667673539097352,1.7332430461330395,1.3131574874083398,1.1312598597280616,34.512499999999996,3.359163511960793,39.07925620417214,58.567700792848825
3143.0,9,1.5876294040881622,1.4456456814747627,1.1466170572510157,0.8804321441131349,31.700000000000003,3.3536945834091525,35.46010567698477,66.96029842113818
3144.0,8,2.0586498611737523,1.8276704377896897,1.2365583502150623,1.345846453234454,34.35,6.517710973972536,39.473996575078225,65.37003762800143
3145.0,8,2.0586218984533917,1.827658529328831,1.2365619189009944,1.3458270024606862,32.75,6.522699199220422,39.47458486563907,60.94125091265527
3146.0,8,2.058593915767669,1.8276466076564528,1.2365655479621116,1.3458074780856668,30.9,6.527669957010542,39.47517214872834,62.40273687483224
3147.0,8,2.058565895047793,1.8276346570158464,1.2365692280399152,1.345787867306805,26.362499999999997,6.532640290205957,39.475765677425116,70.09972080218215
3148.0,7,2.627848478198868,2.2555876869701446,1.6226745387849348,1.566717318085948,33.057142857142864,6.537616892355203,42.831465769691064,54.1493050128868
3149.0,7,3.114678044075142,2.63024986126577,1.487838372912405,2.1689977659688746,34.31428571428572,15.985169778595887,44.181826762448736,38.49654578840261
3150.0,7,3.113987463345641,2.629702612901859,1.4877644201374898,2.1683848510990438,34.78571428571429,15.97989711938713,44.181784046434665,42.79413884342616
3151.0,7,3.1132970090893815,2.6291554907939463,1.4876906338904745,2.167771937406358,34.6,15.97462765663322,44.18174093160402,42.31365347974864
3152.0,5,6.642820131652311,5.284570354502178,3.6355078416584816,3.83533135008215,29.2,23.42965720675717,51.81912766960316,57.97183360484771
3153.0,7,3.1119165040924295,2.6280616423622187,1.4875435579003753,2.166546135997269,32.98571428571428,15.96411070168432,44.181664493633434,34.98572120512694
3154.0,7,3.111226514441584,2.6275149584950173,1.4874702581156378,2.165933306530113,34.50000000000001,15.958838052183708,44.18161921310936,40.22236123280221
3155.0,7,3.1105367237251276,2.626968451425955,1.4873971124546943,2.1653205477824105,34.0,15.953575121501132,44.18157388117869,47.567745874833626
3156.0,7,3.109847120760145,2.6264221137860937,1.4873241177937695,2.1647078529015404,32.17142857142857,15.948307784488556,44.18152720931142,40.56614091048274
3157.0,7,3.10915770749213,2.625875947024141,1.4872512736574934,2.1640952239132396,31.74285714285715,15.943049059288516,44.18147977557213,35.64262028273385
3158.0,7,3.108468499341113,2.6253299614895598,1.4871785849984938,2.1634826699136394,32.84285714285714,15.937783610431635,44.18143006466422,40.57991931819055
3159.0,7,3.1077794973815975,2.624784157898763,1.4871060539129208,2.1628701902730683,33.957142857142856,15.932508719802469,44.18137923452337,57.228205171084
3160.0,7,3.107090689658527,2.6242385282460488,1.48703367914285,2.1622577760817205,33.0,15.927239808899197,44.181329686599504,54.64810792653403
3161.0,7,3.1064020724520653,2.623693070233985,1.486961457968482,2.1616454263616136,32.214285714285715,15.92199121914799,44.18128327187888,50.19278987426834
3162.0,7,3.1057136550483633,2.623147790442089,1.486889387767373,2.1610331508438225,34.15714285714286,15.91670003926508,44.18122149524756,50.61753083500202
3163.0,7,3.105025466630623,2.6226027091196435,1.4868174643516503,2.1604209769349634,33.77142857142857,15.911445986205964,44.18117147547167,46.09430398692423
3164.0,7,3.104337511777564,2.6220578294283463,1.4867456887045658,2.159808907747368,34.65714285714285,15.906187466730891,44.18111759125414,36.84072545283215
3165.0,7,3.1036497826748994,2.621513145959346,1.4866740638356282,2.1591969345930737,34.24285714285714,15.90092868977152,44.18106028181029,47.12285808740425
3166.0,8,1.9651930819714607,1.7321303097999745,1.3152307501283542,1.1271395140108267,29.1625,3.2291810350526053,39.062028684840456,69.36508775058793
3167.0,8,1.965128388814079,1.7320848154281634,1.3153178557793623,1.1269679436899682,29.725,3.223806201594409,39.06129716366755,54.39342259619268
3168.0,8,1.9650637659998909,1.7320393895800401,1.3154050118934542,1.126796388768787,31.1625,3.2184617647971936,39.06057286914546,53.22946426418755
3169.0,7,3.100901350601492,2.619336533580554,1.4863890250677854,2.1567502271491317,34.9,15.87983813960701,44.180801226456744,51.726476481362944
3170.0,7,3.100214897555684,2.6187929350690338,1.4863181193529256,2.1561388834791386,35.114285714285714,15.874593190610952,44.18074130583219,48.47718173126733
3171.0,7,3.099528708958186,2.6182495602076723,1.486247356023906,2.155527674663357,33.857142857142854,15.86930479219972,44.18066059062704,36.204658920489486
3172.0,7,3.0988427293708902,2.6177063705454815,1.4861767476515417,2.1549165452829686,34.08571428571428,15.864058554417513,44.1805973510181,37.35118022829416
3173.0,7,3.0981569229724117,2.617163341257089,1.486106302534529,2.1543054593968614,33.18571428571429,15.858790841490409,44.18052415722452,40.27912550253146
3174.0,7,3.0974712904847994,2.6166204729253697,1.4860360207542218,2.153694417588796,33.01428571428572,15.85352895785322,44.18045489490591,29.07496347864349
3175.0,7,3.096785832537641,2.616077766061467,1.48596590236428,2.1530834203745717,33.45714285714286,15.848252048054729,44.180378141931286,27.26922469962748
3176.0,7,3.096100549720396,2.6155352211629634,1.4858959473475106,2.152472468302495,32.871428571428574,15.842973656922394,44.18030288301399,23.70655163620852
3177.0,7,3.0954154429367624,2.614992838918654,1.4858261559649861,2.151861561961214,33.971428571428575,15.837704056399316,44.180226353238616,44.19321455851543
3178.0,7,3.0947305127720184,2.61445061982262,1.4857565282055558,2.1512507018907527,34.471428571428575,15.832471100320792,44.18016415470644,45.42102492397463
3179.0,7,3.094045759867948,2.6139085643937716,1.4856870641325697,2.150639888609958,34.357142857142854,15.827191565518628,44.18008261109062,46.32944383125125
3180.0,7,3.0933611849014877,2.6133666731809235,1.485617763814528,2.1500291226705395,34.65714285714286,15.821918368386733,44.18000855125835,37.90670308667049
3181.0,8,1.964230405841194,1.7314553274902706,1.3165432988391792,1.124567158232932,31.612499999999997,3.149308215250182,39.051104756401045,88.58386693582
3182.0,7,3.0919925714804957,2.612283385585077,1.4854796547163547,2.148807735007395,33.42857142857143,15.811382157484385,44.17985359836914,53.88741965341226
3183.0,7,3.0913085343567515,2.6117419902783396,1.4854108460816724,2.148197114355662,34.95714285714286,15.80614561178371,44.17978914737105,37.23773086968158
3184.0,7,3.0906246778282718,2.61120076133841,1.4853422014694535,2.147586543203363,35.02857142857143,15.800843893321378,44.17970024811229,43.00643445548469
3185.0,7,3.0899410017428304,2.6106596987401582,1.4852737210734066,2.1469760213180793,33.9,15.79558109898032,44.179621563112555,43.66519662987131
3186.0,7,3.089257508450509,2.610118804184937,1.4852054047330683,2.146365550811764,33.885714285714286,15.790334030023754,44.17955102699864,51.33837463931504
3187.0,7,3.08857419773975,2.609578077600903,1.4851372526344404,2.14575513140075,33.95714285714286,15.785047200549052,44.17946556101526,35.073622865689515
3188.0,7,3.087891070311622,2.6090375195559132,1.4850692648351762,2.1451447636680334,34.199999999999996,15.779803386268345,44.179395608048985,43.12918150160558
3189.0,7,3.087208126774232,2.6084971305421956,1.4850014414058759,2.144534448095749,35.07142857142857,15.774538315743326,44.17931537869493,31.98852790558381
3190.0,7,3.086525367809794,2.6079569111112466,1.4849337824028284,2.1439241852481037,33.82857142857142,15.769301950769185,44.1792464200253,53.27385575238716
3191.0,7,3.085842794085111,2.607416861801395,1.4848662879121046,2.1433139756527417,34.75714285714286,15.764021260607398,44.17916008129713,64.4640287268436
3192.0,6,3.5807704136836565,3.019541354225909,2.1032575500370125,2.1665497151214277,35.36666666666667,15.758759808854975,47.59418334958092,47.13551151945935
3193.0,7,3.084478204908729,2.606337275612267,1.4847317926953376,2.1420937183059157,34.05714285714286,15.753494909306172,44.17899864265371,52.32999557225332
3194.0,6,3.579313206320825,3.0185406615926142,2.1033026358442264,2.1651110243446428,34.18333333333333,15.748226800319433,47.59184917388779,44.96554206622572
3195.0,7,3.083114364484294,2.6052583762102124,1.4845979562788358,2.140873680305818,33.3,15.742979540509657,44.178840133268054,49.9820106301809
3196.0,7,3.0824327266576264,2.6047191853510956,1.4845312852830261,2.140263744857629,33.82857142857143,15.737725898204395,44.178761530746,37.599195081213885
3197.0,7,3.0817512779495626,2.604180167749969,1.4844647791701862,2.139653865816961,33.857142857142854,15.732464520366946,44.17867698010925,49.09384820832144
3198.0,5,5.7190210685288605,5.3793397827499545,3.482302818783591,4.1001053128630955,36.3,15.727194100114428,46.47171444253096,49.66712914734028
3199.0,7,3.0803889505158515,2.60310265444363,1.4843322618942636,2.138434279062916,34.01428571428572,15.721927655683642,44.17850784769827,47.61782593763778
3200.0,7,3.079708073037228,2.60256415974801,1.4842662508391495,2.1378245723690146,33.800000000000004,15.716691605439266,44.17843252027528,50.03125996284218
3201.0,7,3.079027387257503,2.6020258403954424,1.4842004049419577,2.1372149241608196,33.25714285714286,15.711422881726357,44.17834583502532,37.86867578710492
3202.0,6,3.7576349185503557,3.22411080901411,1.6009005655304258,2.7985724732595334,34.916666666666664,15.706194598907524,42.67584167192198,35.37654339062739
3203.0,6,3.7562372065347818,3.2229480648319657,1.6006817612112976,2.7973580621596534,34.766666666666666,15.700903471818544,42.67454674758714,33.14363874250509
3204.0,6,3.754840306016879,3.2217860151078628,1.6004633294839705,2.7961441769196536,34.73333333333333,15.695644546999269,42.67326704141686,30.64588438026125
3205.0,6,3.753444217898472,3.2206246606017443,1.6002452702969443,2.7949308183510304,35.11666666666667,15.690370307754158,42.67197697272055,22.413591411843694
3206.0,5,5.725333543029619,5.388119942871148,3.495565177342471,4.100348840003309,35.559999999999995,15.685116548134332,46.449128588126634,30.277058990375217
3207.0,7,3.0749473337752784,2.5987996352045317,1.4838088010414339,2.133558292124026,32.52857142857143,15.679848375541514,44.17782688623278,34.931978702024686
3208.0,8,1.9625411829446162,1.7302819002294938,1.318941027459652,1.1199419718652686,30.712500000000002,3.0057222912094304,39.03123339285408,75.52682470712546
3209.0,5,5.7277253468414,5.3914303371023475,3.5005666599842282,4.100433408657479,35.96,15.669339876285774,46.44064438631294,39.48339666982342
3210.0,5,5.728525602198448,5.392535961441125,3.502237216381615,4.100460776013754,35.739999999999995,15.664067852513972,46.43781097638198,38.21740560849159
3211.0,6,3.5670714638153216,3.010156007407509,2.1037751629246237,2.1529443218051383,33.56666666666667,15.658823018331876,47.571938904615344,34.254902589779924
3212.0,6,3.5663594149288107,3.0096695485303315,2.1038079299771453,2.1522320936915813,33.78333333333334,15.653560338010722,47.57076015740532,41.9802481535337
3213.0,6,3.5656482608767384,3.0091838403357922,2.1038412488912224,2.151520249591411,33.46666666666667,15.648302168854917,47.56958145886264,41.10452712131444
3214.0,6,3.5649380016195673,3.00869888279597,2.1038751195562755,2.1508087894208043,33.48333333333333,15.64305204746204,47.56840674716147,51.80129720805458
3215.0,6,3.5642286371808583,3.008214675930661,2.103909541912382,2.1500977131132073,33.233333333333334,15.637781294166938,47.567222738792054,53.34782636647584
3216.0,6,3.563520167563031,3.007731219744261,2.103944515880796,2.149387020598995,33.28333333333334,15.632525503283166,47.56604222265364,63.97305722571135
3217.0,5,5.73416924572962,5.400305539827439,3.5139785153108485,4.100640793513215,35.24,15.62729208863044,46.41799897283478,72.31083150799255
3218.0,5,5.7349814634316605,5.401419791703962,3.515662600043361,4.10066485449221,35.44,15.622012009780132,46.4151462702398,49.35861491087866
3219.0,5,5.7357951775852305,5.402535120621047,3.5173483697936394,4.10068850012457,36.2,15.616772302094528,46.412325436532065,53.560992218279615
3220.0,5,5.736610388595152,5.403651526432078,3.519035823327473,4.100711730084141,35.660000000000004,15.611532305597123,46.40949974628752,43.20099944873374
3221.0,5,5.737427096676652,5.4047690087963325,3.520724959347712,4.1007345438434974,35.34,15.606267608793235,46.40665634770689,51.96648969227877
3222.0,6,3.5592881401770535,3.0048462463329306,2.104165938655647,2.1451309206438904,33.28333333333333,15.601019081872044,47.55897035844544,69.9063514391854
3223.0,5,5.73906500527296,5.407007202136539,3.5241082734087543,4.100778921284147,34.78,15.595737556233695,46.40096775661848,68.41454024768505
3224.0,5,5.739886206171322,5.408127912374658,3.525802448734546,4.100800483942539,35.02,15.590479519794844,46.39813011703335,73.42979069218524
3225.0,7,3.0627500728051467,2.589160099958141,1.4826698036832788,2.122602241697921,33.971428571428575,15.58522661113104,44.1761867576923,48.92896101408451
3226.0,6,3.5564846836537116,3.0029379436019283,2.1043245755571807,2.142301186535233,34.96666666666667,15.57996894105981,47.554220073707036,63.99898535448097
3227.0,6,3.555786056309102,3.0024627444792373,2.104365611754719,2.1415947105019617,35.11666666666667,15.574718793209314,47.55303499205542,55.63976604638324
3228.0,6,3.555088323673993,3.0019882959816493,2.104407198594633,2.140888617306817,33.9,15.56948018946902,47.55185503518988,27.000395548754685
3229.0,6,3.720184218675612,3.192962735203119,1.5951234820446432,2.7659703732009775,34.73333333333333,15.56423314417739,42.641053016479425,35.812399985141404
3230.0,6,3.718808735592772,3.191819009586562,1.5949147192475195,2.764770447665728,34.46666666666666,15.558972801605796,42.63975300743363,41.75028878231615
3231.0,7,3.0586990617153336,2.5859603059524923,1.4823021170724369,2.1189551995463423,33.3,15.553724404596238,44.17561844086184,48.60555185413633
3232.0,7,3.05802462746698,2.5854276718055087,1.482241419884093,2.1183476153166274,34.17142857142857,15.54849044472087,44.1755287160373,40.979938603194654
3233.0,7,3.0573504045595525,2.5848952288699483,1.4821808896540751,2.117740105532045,32.91428571428572,15.543231325140958,44.17542749408218,50.49326184387995
3234.0,7,3.0566763936389165,2.5843629776645125,1.4821205264564103,2.117132670708087,31.914285714285715,15.537958857863874,44.175321142081316,42.3716924799508
3235.0,7,3.0560025952516146,2.583830918632353,1.482060330327965,2.1165253112941205,33.57142857142858,15.532721296583055,44.17522782637011,53.15885665157892
3236.0,7,3.0553290100054173,2.583299052263357,1.4820003013149659,2.115918027790091,32.92857142857143,15.527455601392044,44.1751225900076,85.27774879451947
3237.0,6,3.5488489894121398,2.9977520361718257,2.104806244980288,2.134550992940742,34.91666666666667,15.522211763773516,47.541158687623486,41.68420791779556
3238.0,7,3.0539824812758205,2.582235899403377,1.481880744877736,2.114703690385056,34.371428571428574,15.516968496585632,44.17492677346993,45.07986576681456
3239.0,7,3.053309537461843,2.5817046128129766,1.481821217867669,2.1140966359409825,35.01428571428571,15.511722561258406,44.17482784450768,38.24759110786803
3240.0,7,3.052636800984005,2.581173515114361,1.4817618599967644,2.113489651118916,33.385714285714286,15.506476500720613,44.174730322589824,46.44189371662157
3241.0,7,3.0519642561455704,2.58064259546163,1.481702674948715,2.11288272002039,33.18571428571429,15.501233917036684,44.17463278396259,34.21487991719735
3242.0,6,3.5454139759281227,2.995424804615115,2.1050472470868895,2.1310433706603455,33.416666666666664,15.4959423187454,47.535190394682665,44.10291834487376
3243.0,7,3.050619795324396,2.5795813280650273,1.4815848116221022,2.111669073049191,32.91428571428572,15.490699261517092,44.174418637654654,31.643657525374906
3244.0,7,2.693925386071511,2.319209155674384,2.0062735670179452,1.1634420836676742,32.81428571428571,2.814201104768179,41.144435478894586,110.23303195548276
3245.0,6,3.5433636911917836,2.99403746306755,2.105198458955258,2.128943347922715,32.21666666666667,15.48021839859301,47.531617436739566,52.62339032866557
3246.0,5,5.758332081100412,5.433055086773082,3.563496301628105,4.101168331609137,33.019999999999996,15.474968762559968,46.33547959024701,149.22251497106768
3247.0,6,3.5420013208437853,2.9931163325925665,2.1053019867697107,2.127545281524199,30.816666666666663,15.469702203074736,47.52921460293326,47.22519373039492
3248.0,7,2.694265197429602,2.3196262071949247,2.0072701756035918,1.1625541635716756,31.05714285714286,2.7929091507983026,41.137295877092654,71.03938880107007
3249.0,9,1.5886141679050785,1.4471667604221294,1.152348903185139,0.875433399978941,29.65555555555555,2.787576485046818,35.44896102023278,87.33542961386775
3250.0,9,1.5886245282581024,1.4471822473413345,1.1524051312566297,0.8753849841488632,30.044444444444448,2.7822332669945973,35.44883368869775,60.39245194848639
3251.0,9,1.5886349094342456,1.4471977562205447,1.1524614103123,0.875336531484185,30.077777777777776,2.7768938544089967,35.44870868587159,69.23270953367023
3252.0,9,1.588645309160553,1.4472132860600313,1.152517737484032,0.8752880440936927,29.633333333333333,2.7715878019230646,35.448587089155836,79.04364908356818
3253.0,9,1.588655726856756,1.4472288366028123,1.1525741112608716,0.8752395235282406,31.977777777777778,2.7662763007855604,35.448470481424806,66.76111135159603
3254.0,10,1.462559648481316,1.333981667625189,1.1472121463203893,0.6807432562244343,31.55,2.7609771595882715,32.39736330485492,81.30599968398211
3255.0,8,2.0551789308431556,1.8260684589484018,1.2372591381795128,1.3430248850105049,34.662499999999994,7.065771906087143,39.53480029268013,57.89436462484616
3256.0,10,1.4626672289707994,1.3340744914048128,1.1473043697946212,0.6807697346880051,31.98,2.750400641967976,32.39820998435897,71.2548747702352
3257.0,10,1.4627210556500982,1.3341209337202315,1.1473505306735015,0.6807829503988604,32.970000000000006,2.745100831199801,32.39863024767896,63.364873490558914
3258.0,10,1.4627749044859257,1.3341673948175834,1.1473967217015342,0.680796151886091,33.47,2.739838116298793,32.39905986559201,54.61586551831257
3259.0,9,1.7114235626750691,1.5293116736097607,1.3124007044803638,0.7851105564941359,34.766666666666666,2.734534570105013,35.212185573675775,67.41259906504415
3260.0,9,1.7115526885512424,1.5294188817811165,1.3125178471299568,0.7851235679266957,33.855555555555554,2.7292749523349342,35.21213167829964,47.23943758000002
3261.0,8,1.9593902255541054,1.7281358351602139,1.3237809602038408,1.1108813771806094,36.15,2.723993345776171,38.991652858677554,57.84520770150009
3262.0,8,1.9593325878560797,1.7280971506192033,1.323873948345761,1.1107103721806215,36.175000000000004,2.7187440150706723,38.99092900683975,57.61706031318419
3263.0,9,1.5887610269772363,1.4473855414983217,1.1531404698292151,0.8747525150466542,34.92222222222223,2.713472516959172,35.44732471352955,73.53259035784386
3264.0,10,1.4630982300480735,1.3344464025450014,1.1476743075961047,0.6808750876255479,35.230000000000004,2.708234890848496,32.401614203824764,59.938829764434544
3265.0,10,1.463152150426214,1.3344929403379837,1.1477206427015016,0.6808881950282069,34.54,2.702992845505029,32.40204060804284,69.95376347945508
3266.0,10,1.4632060844292192,1.334539491342915,1.1477670014959647,0.6809012881694146,35.040000000000006,2.697760266290324,32.402468712079916,59.74947630771998
3267.0,9,1.5888036977217785,1.4474488253513786,1.1533682147588302,0.8745569525165958,34.63333333333333,2.6925215591877625,35.446877382224415,63.55607399533344
3268.0,10,1.4633139959143222,1.3346326344167045,1.1478597898813252,0.6809274349177548,34.08,2.687298909427257,32.40332666783555,57.40447493817907
3269.0,9,1.5888251556748754,1.4474805985149704,1.153482348506188,0.8744590069076457,35.91111111111111,2.682067689781404,35.44665623971984,59.95583512984997
3270.0,9,1.5888359157604712,1.4474965181237167,1.1535394788826379,0.8744099957339553,35.422222222222224,2.676840468594046,35.44654352531143,60.45035342790321
3271.0,10,1.4634759656292926,1.3347724469498474,1.1479991388950102,0.6809665646952119,34.08,2.671624040741553,32.40461796006194,51.69311650622984
3272.0,10,1.4635299813252873,1.3348190761076306,1.1480456307053433,0.6809795854202968,34.71000000000001,2.666400191682278,32.405047985303646,53.11960030650516
3273.0,10,1.4635840094391335,1.3348657173203073,1.1480921421319947,0.6809925964735787,33.64,2.6611800377970387,32.40547867240489,47.76865348447816
3274.0,9,1.588879166353653,1.4475604180966752,1.1537684080712638,0.8742137179070818,33.9,2.655948984078124,35.44610240160034,58.52539040615972
3275.0,10,1.4636920946594483,1.3349590300223442,1.148185212873261,0.6810185964989368,33.95,2.650722503396307,32.40633313156176,53.611344150962765
3276.0,10,1.4637461463540924,1.3350056976873568,1.1482317652594238,0.6810315896542054,33.910000000000004,2.6454865582583302,32.406759487693634,55.1665381607176
3277.0,10,1.4638002022458707,1.335052371508615,1.1482783259791132,0.6810445805946793,33.25,2.6402525568046618,32.40718632018229,60.03500125671644
3278.0,10,1.463854263462867,1.3350990522847448,1.1483248965033395,0.6810575684053579,32.739999999999995,2.6349866038313188,32.40760694966888,52.402367140683815
3279.0,9,1.7140107560581759,1.5314606125094683,1.3147512956597205,0.7853665629685046,34.45555555555555,2.6297237786687857,35.21106143854442,39.9818914425062
3280.0,10,1.4639624011026968,1.3351924343971067,1.1484180682532983,0.6810835318671524,32.34,2.6244622000089954,32.40845074780914,41.04269688519112
3281.0,8,1.827045344439886,1.6177041626767672,1.3570547994623803,0.8805504126385151,36.449999999999996,5.081229013990836,39.2848785939386,41.37115775193862
3282.0,9,1.714400157374273,1.531784148055392,1.3151053885665311,0.7854046684334492,35.1,2.613907983328118,35.21083731060626,47.88403501477702
3283.0,9,1.714530052072508,1.531892078291981,1.3152235050877503,0.7854173866158153,35.077777777777776,2.608630450110466,35.2107540819098,50.742877263769365
3284.0,9,1.7146599958656583,1.5320000519257626,1.315341665565766,0.78543011269445,35.12222222222222,2.6033439188527026,35.21067005496721,48.66708816372487
3285.0,9,1.7147899854748578,1.5321080662120774,1.315459869981109,0.78544284134582,36.233333333333334,2.598048120219845,35.21058302739081,41.73395383755303
3286.0,9,1.7149200114996344,1.5322161149643359,1.3155781157974762,0.7854555647464505,34.46666666666667,2.5927593765733468,35.21049472196283,40.36298171074839
3287.0,9,1.7150500669393955,1.5323241937843122,1.3156964008225445,0.7854682779841234,33.211111111111116,2.587480785462627,35.21040858372956,36.16067371595022
3288.0,8,2.490823672484574,2.161583948922507,1.9966409882685776,0.8281726463759217,33.425,2.58220829419754,36.57335971373832,33.30516258801886
3289.0,9,1.715310243059649,1.5325404270991907,1.3159330813830385,0.7854936575269791,32.18888888888889,2.576935356411304,35.21022832321991,33.36708121226503
3290.0,9,1.7154403615817868,1.5326485793310394,1.3160514775544316,0.7855063183401206,31.788888888888884,2.571673798286509,35.21014132939761,43.72409533357023
3291.0,9,1.7155705051411854,1.5327567580452193,1.316169912773752,0.7855189622424305,31.12222222222222,2.566435821202296,35.210061549249374,41.86835775262182
3292.0,9,1.7157006749589296,1.5328649637149578,1.3162883878246867,0.7855315888382505,33.27777777777778,2.5611901610583305,35.20997132701509,40.49989055813541
3293.0,9,1.7158308724326115,1.5329731969146936,1.3164069035870491,0.7855441977681548,32.5,2.5559472196830426,35.20989105190044,35.51722329300928
3294.0,8,1.8290730116836122,1.6193482680177944,1.3585548095980715,0.881259123328762,34.25,5.1513570560818565,39.29219245480883,31.587571807616158
3295.0,8,1.829229306622613,1.6194750331615047,1.358670581615337,0.8813135841949213,33.5625,5.156795093471422,39.29274768898509,39.35006891073846
3296.0,7,3.0153077483245165,2.551745242499738,1.4787023270169077,2.0796257381305003,35.628571428571426,15.217224617536017,44.169177024304396,27.271477815408645
3297.0,8,1.8295420735511843,1.6197287119748147,1.3589023111558332,0.881422491845385,32.45,5.1676411649954845,39.29386626761777,36.43446797984733
3298.0,8,1.829698532240841,1.6198556180831953,1.3590182624365836,0.8814769343548018,34.2125,5.173068176475992,39.294422172355546,42.51968274369853
3299.0,8,1.8298550364221078,1.6199825659170326,1.3591342694093764,0.8815313673331048,34.4875,5.178505928925271,39.29497853094287,32.21040527489925
3300.0,7,3.012673518416807,2.5496711873255378,1.4785037535400203,2.0772216574660702,36.91428571428571,15.196276294753517,44.16862259806056,26.183666045676745
3301.0,7,3.012015635508371,2.549153263517339,1.4784545196400223,2.0766209558455992,36.21428571428571,15.191032234967825,44.16847914746297,32.9619301638859
3302.0,7,3.011358020086758,2.548635574060361,1.4784054519670564,2.076020377780543,35.51428571428571,15.18579851723972,44.168337518101616,30.79901663101745
3303.0,7,3.010700666340556,2.5481181149160084,1.4783565527839913,2.075419916644279,36.42857142857143,15.180555498846724,44.168193149242015,27.904943126723904
3304.0,8,2.053396454167234,1.8251715507061808,1.2377694635954077,1.341334389515881,33.4,7.3032633584833455,39.55994869953275,36.84788982925672
3305.0,7,3.009386696562199,2.547083855009977,1.478259269142212,2.074219298350012,35.67142857142857,15.170076510255548,44.16790194393529,32.86480429121276
3306.0,9,1.7175262817798786,1.53438288512645,1.3179514827237242,0.7857065147720905,30.811111111111114,2.487732796739121,35.20873561185499,35.85479659222701
3307.0,8,1.8311088151223072,1.6209997146025976,1.3600643724959038,0.8819665398466237,31.05,5.2220329595196775,39.29941071137759,45.53731949632645
3308.0,8,1.9567805094904147,1.7264094316946377,1.3282201196639958,1.1028693664999323,32.4625,2.477212744255358,38.95618753624301,30.586065089811555
3309.0,6,3.501514041240715,2.9660318758587,2.1095772970372173,2.08495292906939,38.1,15.149126278768446,47.455253930878065,26.40704146803376
3310.0,9,1.573335156178008,1.4209603521157068,1.1943742121042185,0.7698042372871304,32.04444444444445,5.23821217824649,35.74903037121942,93.46514187942904
3311.0,8,1.831737093511847,1.621509455230322,1.3605309035715014,0.882183979580365,34.2875,5.243583365853547,39.30162713768523,36.58687204237686
3312.0,9,1.5734703924990519,1.421074183055985,1.1944520335313382,0.7698936117029977,32.77777777777778,5.24895821676262,35.75110823341197,70.31190219128307
3313.0,8,1.8320516131867495,1.6217646378907784,1.3607645496411445,0.8822926845174119,34.525000000000006,5.254321568992527,39.30273579692716,57.30989089126305
3314.0,8,1.8322089648548565,1.621892306120389,1.360881464823608,0.8823470356679759,34.9125,5.259665617770131,39.303284274189565,29.106506552738807
3315.0,8,1.8323663690789689,1.6220200201667334,1.360998438482863,0.8824013804776707,34.375,5.2650139668127975,39.303832001211134,34.97774865195296
3316.0,9,1.7188344423305115,1.5354707878557647,1.3191447443201598,0.7858292969156233,31.72222222222222,2.434778372449124,35.20775840471737,43.43297242302123
3317.0,8,1.832681313537629,1.622275572944489,1.3612325521805282,0.8825100415612598,33.975,5.275723473563759,39.30493569739791,35.68655245843797
3318.0,9,1.7190964698643185,1.5356887282836895,1.3193839141230697,0.7858536487991026,33.277777777777786,2.4241617276702114,35.20755774950004,42.21134951014273
3319.0,8,2.0528193588882875,1.8248728553532874,1.2379492315205327,1.3407619618645894,34.8125,7.376954133799762,39.56735050587754,33.234205528316686
3320.0,9,1.5740122375799328,1.4215303102257533,1.194764380563259,0.7702509317279779,35.611111111111114,5.291849246200837,35.75940063257226,38.07550470968627
3321.0,9,1.5740800797009458,1.4215874252614846,1.1948035606421856,0.7702955660902715,35.611111111111114,5.297220827842041,35.760433814745696,36.132145700463646
3322.0,9,1.574147957964578,1.421644570263424,1.194842779867582,0.7703401946917897,35.81111111111111,5.302583698031413,35.76146973732096,41.5075449035139
3323.0,8,2.0526629097874363,1.8247913053308276,1.2379992836211458,1.3406047447941227,36.8,7.396464812618771,39.56932940565602,38.01180467433373
3324.0,8,2.052623568371698,1.8247707493790832,1.2380119449068672,1.3405650719220674,36.425,7.401324391832326,39.569826701853046,37.1981461078691
3325.0,8,2.0525841671166276,1.8247501510739674,1.2380246692031507,1.340525282226671,36.6625,7.406168510616343,39.57032271441908,39.54640465579883
3326.0,8,2.0525447154746947,1.8247295172886746,1.2380374554714593,1.34048538601296,35.224999999999994,7.411009703014574,39.57082352198467,33.9352797449162
3327.0,8,2.052505203736851,1.8247088385473729,1.2380502955895076,1.3404453778739496,35.5125,7.415842783872927,39.571324873399874,34.255724295450975
3328.0,8,2.052465612239869,1.8246880967886396,1.2380631774498447,1.3404052443962395,35.075,7.420686530117643,39.571818323933854,39.497578493580086
3329.0,7,2.9936831236896015,2.53473266714076,1.4771471780836396,2.0598315242150393,37.314285714285724,15.045264635163726,44.16470798220512,28.778867436479626
3330.0,8,2.0523861728252255,1.8246464068381318,1.2380890498022787,1.3403245930546062,36.0125,7.430432232244943,39.57281034216375,38.62770878646108
3331.0,8,2.052346346536264,1.8246254786183629,1.2381020540586583,1.3402840896463037,35.0,7.435313402216834,39.57330531704224,40.72667469747379
3332.0,7,2.9917299131938435,2.5331975507977877,1.4770151463826204,2.0580369502815627,36.55714285714286,15.029731900382298,44.164314509659384,27.220949348378564
3333.0,8,2.052266524084025,1.8245834970994155,1.2381282315604714,1.340202753355056,35.1875,7.445063672766874,39.574291685417286,56.33619377700092
3334.0,7,2.990428980267059,2.5321752332222207,1.476927955633498,2.0568410793282657,36.057142857142864,15.019409877340015,44.16405352264189,36.02284319337227
3335.0,8,1.9553690124559957,1.725499691861101,1.3308357441822132,1.0982829365057665,33.2375,2.334328860530632,38.935222335368124,55.2842540506261
3336.0,7,2.989128976185095,2.531153766590878,1.4768414188829257,2.0556455953298602,35.957142857142856,15.009123019568737,44.163801664395216,29.11237525466405
3337.0,7,2.9884793244601373,2.5306433537638737,1.4767983973545067,2.0550479988361414,36.02857142857143,15.003986378181215,44.163675817481604,34.42294871704393
3338.0,7,2.987829922189377,2.530133165093344,1.4767555449489624,2.054450508911752,37.271428571428565,14.998837753113284,44.16354392838201,29.758673654035285
3339.0,7,2.9871807893369122,2.529623213784489,1.47671286636831,2.0538531383766605,37.628571428571426,14.99372372016441,44.16342182874355,30.174188819238267
3340.0,7,2.986531948850761,2.5291135151498705,1.4766703652010305,2.0532559034496383,38.300000000000004,14.98856498831944,44.16328928194058,27.862501122200875
3341.0,7,2.9858834317022014,2.5286040899124456,1.4766280452535447,2.0526588268615518,38.01428571428571,14.983432184613005,44.16316487314557,29.11435124810582
3342.0,7,2.985235270819961,2.5280949601560936,1.476585909850118,2.05206193337305,38.1,14.978243463397936,44.16302369675072,29.55930713485329
3343.0,8,1.9549621168064444,1.7252409837182523,1.3316198054521806,1.0969253145171822,34.575,2.2920136416063195,38.92902049927261,78.04531427149715
3344.0,7,2.9839399713405306,2.5270775562780643,1.4765021862517016,2.0508686621620265,38.142857142857146,14.967850164662604,44.16274012710483,30.41049292243448
3345.0,7,2.983292753891147,2.526569229777505,1.4764605866216376,2.0502722280251917,38.25714285714286,14.962638300234364,44.16259214076861,27.97820022859494
3346.0,7,2.982645799013894,2.526061136832456,1.476419155072393,2.0496759123214088,38.92857142857143,14.957449991894736,44.162454154179834,27.48097036025713
3347.0,7,2.9819990849487517,2.5255532631624162,1.4763778867501418,2.049079700886599,37.67142857142857,14.952252172269208,44.16231132806979,26.624718871528987
3348.0,7,2.981352596992502,2.5250455990227647,1.4763367798076528,2.048483582978249,36.9,14.947070068712252,44.16216948888108,25.780163797523866
3349.0,7,2.9807063400201805,2.5245381475326543,1.4762958372301083,2.047887560225087,37.48571428571429,14.941907594436922,44.16203242627165,29.357462402781746
3350.0,7,2.9800603336666445,2.524030921741903,1.476255062783002,2.0472916459353896,36.42857142857142,14.936734365456546,44.16188807554808,26.979401395395524
3351.0,7,2.97941460029828,2.5235239364691804,1.4762144611305064,2.0466958549530694,36.58571428571428,14.931553908689818,44.161743116436504,31.514684848852355
3352.0,7,2.9787691527882045,2.523017200218055,1.4761740355193482,2.046100195360597,35.67142857142857,14.92639765544564,44.161609204141655,39.47551435059193
3353.0,7,2.9781239923563407,2.5225107138094502,1.4761337866520392,2.0455046676035167,35.871428571428574,14.921210332507677,44.16146751082853,28.30236464487561
3354.0,7,2.9774791144482573,2.5220044738949428,1.4760937183517413,2.044909264732457,36.3,14.916025612125532,44.161321765692165,26.33181242982179
3355.0,7,2.9768345218031924,2.521498482273923,1.4760538318680578,2.044313988001188,37.51428571428571,14.910829641891024,44.16117549195985,30.18813383358405
3356.0,7,2.976190238304058,2.520992755507265,1.4760141230620474,2.0437188607637515,39.0,14.905644882166603,44.16103402766631,28.94609927752269
3357.0,7,2.975546287289712,2.5204873095835807,1.4759745902886585,2.043123903877125,39.685714285714276,14.900424155649835,44.16087772578805,30.911922564141687
3358.0,7,2.974902661315673,2.519982139506819,1.4759352335636022,2.0425291111166373,39.471428571428575,14.89521042693056,44.16072810696211,27.717015833598097
3359.0,7,2.9742593318687587,2.519477226242306,1.4758960502823082,2.0419344608274543,39.47142857142857,14.889995213630666,44.160577045060954,30.45887925900088
3360.0,7,2.973616277755031,2.518972555686268,1.4758570381656813,2.0413399371974843,39.48571428571429,14.884774829792866,44.16042510651499,27.25172297900733
3361.0,7,2.9729734992472063,2.5184681280844905,1.4758181971077138,2.0407455405471637,39.51428571428572,14.87954732682095,44.16026686196003,31.62518883333006
