t,satellite_count,mean_cn0_db_hz,median_cn0_db_hz,min_cn0_db_hz,mean_elevation_deg,median_elevation_deg,min_elevation_deg,weak_signal_count,very_weak_signal_count,low_elevation_count,very_low_elevation_count,position_error_m
0.0,7,32.042857142857144,32.1,21.5,43.77630075082897,47.34786011808507,19.83588279701088,0,0,0,0,38.4686594697414
1.0,7,31.214285714285715,31.3,16.3,37.651374963820096,34.05333459717679,4.479928644394804,1,0,1,1,38.36130473526967
2.0,6,34.63333333333333,33.95,29.4,43.17887587354098,44.699501058781934,19.82595360230115,0,0,0,0,37.97122596488332
3.0,8,30.400000000000002,31.65,16.7,38.86631757622041,40.70689969149692,4.490740980238545,1,0,1,1,47.38046034627658
4.0,7,33.18571428571429,33.2,23.3,43.77737885451802,47.381125294193886,19.81604053521588,0,0,0,0,32.781938017607246
5.0,7,31.28571428571429,31.2,22.8,43.77764902001561,47.3893990887072,19.81108216548313,0,0,0,0,38.511595757162524
6.0,8,30.174999999999997,30.549999999999997,15.5,38.86904691087308,40.71003773780487,4.506936101195588,1,0,1,1,52.64446504792965
7.0,7,32.614285714285714,32.0,24.8,43.77818487158316,47.40594763776239,19.8011579309702,0,0,0,0,32.342932518895246
8.0,7,33.72857142857143,33.9,25.5,43.778456348828186,47.41427886454836,19.79620257560105,0,0,0,0,35.78175907468631
9.0,7,33.75714285714286,32.5,25.3,43.77872505868307,47.4225509602581,19.79124588986979,0,0,0,0,29.426706537643977
10.0,7,33.1,31.4,26.8,43.77900104699948,47.4308246358148,19.78630382860214,0,0,0,0,29.912599855540016
11.0,7,32.9,33.3,27.3,43.77927583334015,47.43917346760588,19.78135771261704,0,0,0,0,31.482337119590536
12.0,7,32.57142857142857,33.4,27.1,43.77954027763415,47.44742052879317,19.77639428761904,0,0,0,0,33.122333577009066
13.0,7,33.22857142857143,32.8,27.5,43.779811377096266,47.45569347130674,19.77144520905884,0,0,0,0,28.82802169896711
14.0,7,32.94285714285714,31.9,28.2,43.78007914717394,47.4639132047517,19.766482816294875,0,0,0,0,35.069804149822936
15.0,7,33.0,31.4,27.5,43.780350650946176,47.47224907756667,19.761541099043523,0,0,0,0,34.31029782907472
16.0,7,32.385714285714286,31.8,25.0,43.78061483034436,47.48047050917654,19.756578384361543,0,0,0,0,33.79191596457942
17.0,7,33.542857142857144,32.6,27.9,43.78088950843674,47.48869041711833,19.75163871312768,0,0,0,0,46.559075918099
18.0,7,33.042857142857144,32.7,27.8,43.781160993528296,47.49706183817007,19.74670140933281,0,0,0,0,48.142130400987895
19.0,8,31.7875,31.650000000000002,19.3,38.880894901564226,40.72371052635803,4.577231774441095,1,0,1,1,32.99354360297623
20.0,8,32.987500000000004,32.85,20.2,38.881804176669164,40.72475932652851,4.582642448308339,0,0,1,1,34.15304289642992
21.0,7,34.82857142857143,35.8,28.9,43.78195726365231,47.52178312865478,19.73184010344566,0,0,0,0,38.896352519796665
22.0,7,35.457142857142856,36.5,29.7,43.782220868758984,47.53006976385612,19.726882150710203,0,0,0,0,35.70423837656613
23.0,7,35.34285714285714,37.5,27.3,43.782475770750786,47.53839139231859,19.72191195862461,0,0,0,0,38.833795735374
24.0,7,35.114285714285714,37.2,28.1,43.78272980590486,47.54669887278077,19.7169362516647,0,0,0,0,32.10838259354953
25.0,7,35.25714285714286,37.0,29.6,43.78298832837835,47.5549449930258,19.7119775366196,0,0,0,0,30.20657577892218
26.0,7,34.45714285714286,36.8,27.9,43.78324781771689,47.56327085168344,19.70701746553713,0,0,0,0,28.037893108887456
27.0,8,32.8375,33.1,22.0,38.888137334798095,40.732139393508916,4.620490807209329,0,0,1,1,47.65424752262516
28.0,8,33.175,33.900000000000006,21.2,38.88905028957189,40.733196810813595,4.625909166139506,0,0,1,1,62.44363106464805
29.0,8,33.3,33.9,21.5,38.889958984609805,40.73426194819156,4.631316677239648,0,0,1,1,45.97440958223365
30.0,8,32.7375,33.8,18.9,38.89085410263335,40.73531479788385,4.636734680813755,1,0,1,1,84.67140397214229
31.0,8,32.9625,33.45,19.0,38.89176410025302,40.736379194031166,4.6421448707873925,1,0,1,1,56.22969780879851
32.0,8,33.9875,34.75,21.7,38.89266979073797,40.737433748174674,4.647551426060438,0,0,1,1,62.20426467019663
33.0,7,35.9,38.3,29.2,43.78507707948295,47.62127404523336,19.67234811738973,0,0,0,0,36.59200471478296
34.0,7,34.95714285714285,36.6,28.9,43.785335788316594,47.629507276067,19.667396608375785,0,0,0,0,31.96991389293433
35.0,7,35.642857142857146,37.8,29.5,43.78559337442649,47.63780628442085,19.662439845514907,0,0,0,0,31.54785242683046
36.0,7,35.714285714285715,38.2,29.0,43.785843202499564,47.64610102489132,19.657469206728447,0,0,0,0,29.707823762539174
37.0,7,36.34285714285714,39.0,28.7,43.786097906324926,47.6543708956652,19.652510245658465,0,0,0,0,27.815881423788237
38.0,7,35.65714285714286,38.2,28.0,43.7863543465104,47.66267588124119,19.64756418895225,0,0,0,0,35.34977558792954
39.0,7,36.357142857142854,38.8,30.3,43.78660933888288,47.67089080387672,19.64260328244592,0,0,0,0,28.338607237279856
40.0,7,35.15714285714286,38.0,28.9,43.7868639145563,47.67925844598618,19.637654195281065,0,0,0,0,28.897290023188752
41.0,8,33.7875,35.35,20.4,38.900759118024624,40.74694576961372,4.696259164622213,0,0,1,1,33.333581807152406
42.0,7,35.58571428571428,37.4,29.2,43.78736402982532,47.69577422631993,19.62772471737087,0,0,0,0,26.221154821567527
43.0,7,35.7,37.5,28.9,43.787627479031016,47.70400382205639,19.62278604503392,0,0,0,0,32.511842175446816
44.0,7,35.957142857142856,37.3,31.3,43.78787554448212,47.71230372919007,19.617821446373377,0,0,0,0,23.504765868739188
45.0,7,35.128571428571426,37.2,28.5,43.78812844113646,47.72058539076601,19.61286128950889,0,0,0,0,24.990609763068026
46.0,7,35.57142857142857,37.9,27.2,43.78839187273869,47.72885306774,19.60793274429632,0,0,0,0,31.701052561092663
47.0,7,35.17142857142857,37.2,26.8,43.78863539480334,47.73720538099722,19.60296014792168,0,0,0,0,31.527947229667657
48.0,7,35.51428571428571,37.1,26.7,43.78889094860218,47.74544399014371,19.598014365336915,0,0,0,0,35.331170128498584
49.0,7,34.971428571428575,36.8,26.0,43.7891455520602,47.75370028105014,19.593063987535803,0,0,0,0,38.694193484566064
50.0,7,34.32857142857143,37.8,25.1,43.789396379464506,47.76196883106791,19.58811043766508,0,0,0,0,41.76678218482306
51.0,7,34.77142857142857,37.8,26.4,43.789632830123445,47.77029010530582,19.583136213728626,0,0,0,0,29.271836574739964
52.0,7,35.5,38.2,27.7,43.78988741291911,47.77852649937658,19.57818903018427,0,0,0,0,34.00958652123224
53.0,7,35.72857142857143,37.4,29.3,43.79013813103309,47.78679703442887,19.57323712684956,0,0,0,0,35.117257578872
54.0,7,35.57142857142857,36.9,29.1,43.7903897896732,47.7950994896661,19.56828837239429,0,0,0,0,39.04242438716746
55.0,7,35.48571428571429,36.1,30.3,43.7906269484436,47.8033974884829,19.563310087869866,0,0,0,0,34.427356623074054
56.0,7,35.41428571428571,35.6,30.7,43.79087192237157,47.81170892598239,19.558352625350395,0,0,0,0,35.24938291487156
57.0,7,35.91428571428572,36.1,30.4,43.79111582575557,47.819990427814496,19.553393173268383,0,0,0,0,35.46032258568599
58.0,7,35.72857142857142,36.5,30.2,43.79135645894899,47.82827778718583,19.5484216525968,0,0,0,0,41.82651183603009
59.0,7,35.71428571428571,36.6,29.9,43.79159814767833,47.83656446591164,19.543458524981144,0,0,0,0,29.744721405530758
60.0,7,34.885714285714286,36.0,29.4,43.79183770873693,47.84485824245335,19.538498406798453,0,0,0,0,29.14890089064345
61.0,7,34.699999999999996,35.5,28.6,43.7920756479968,47.85320806652348,19.53352547427573,0,0,0,0,30.08945269886129
62.0,7,35.542857142857144,35.9,29.2,43.79232889740818,47.86141477944732,19.52858750637047,0,0,0,0,31.38914790491014
63.0,7,35.25714285714286,36.2,29.5,43.79257233167397,47.869752025374645,19.523635571315538,0,0,0,0,47.22909521476538
64.0,7,34.84285714285715,36.3,28.2,43.792807757390314,47.87802069200284,19.51866720925304,0,0,0,0,30.0734260305659
65.0,7,34.25714285714285,35.6,28.0,43.79305112163722,47.88629710479361,19.513712012118475,0,0,0,0,41.21863972166797
66.0,7,34.07142857142857,35.6,24.7,43.79329779879329,47.89460261124826,19.50876133604176,0,0,0,0,34.50243124074773
67.0,7,35.300000000000004,36.8,28.4,43.793530632191995,47.90288626648136,19.50379392547149,0,0,0,0,46.944951838422185
68.0,7,35.357142857142854,37.3,28.3,43.793770022455476,47.91115972739863,19.498830342068885,0,0,0,0,32.55211444668127
69.0,7,35.214285714285715,36.8,28.5,43.794010203548034,47.91943385214801,19.49387473724476,0,0,0,0,28.89065704573119
70.0,7,34.642857142857146,36.5,29.3,43.794257458635435,47.92768547228869,19.48892894206555,0,0,0,0,34.267002011951675
71.0,8,32.712500000000006,35.2,15.2,38.927529256409215,40.7787894371311,4.858813631027493,1,0,1,1,101.2716988195014
72.0,7,35.12857142857143,35.7,30.4,43.79472892833114,47.94430682610965,19.47901083809548,0,0,0,0,33.120604890381955
73.0,8,33.475,35.05,18.9,38.92929534048798,40.78093238991397,4.869654806156299,1,0,1,1,100.99278425174364
74.0,8,33.225,34.2,20.4,38.93017856898835,40.78199851148902,4.875073643180018,0,0,1,1,79.56059730730026
75.0,8,32.65,34.2,19.2,38.931063558469745,40.78306781139827,4.8805003354267695,1,0,1,1,86.28749725891839
76.0,8,33.237500000000004,34.15,19.8,38.93195448541139,40.78414099987833,4.885925411235126,1,0,1,1,81.01496179278939
77.0,7,35.614285714285714,35.9,32.1,43.795897362002854,47.985743589471895,19.45419022542488,0,0,0,0,30.335620716754192
78.0,8,33.3875,34.75,17.5,38.93371622058028,40.786266350605544,4.896774394127751,1,0,1,1,90.48842763396225
79.0,8,33.712500000000006,34.5,18.4,38.93459826241601,40.78734778795376,4.902193563840213,1,0,1,1,73.19332625232627
80.0,8,33.575,34.349999999999994,20.9,38.93547638610668,40.78839787882184,4.907621048003012,0,0,1,1,62.14869825774427
81.0,8,32.9875,34.55,17.8,38.93635649611006,40.78946078557469,4.913049893722599,1,0,1,1,110.47930818066165
82.0,7,35.542857142857144,34.3,31.2,43.79705918770527,48.02721287734597,19.42938565317713,0,0,0,0,28.11040112986375
83.0,8,33.9375,34.6,19.1,38.93811146668402,40.791604769921285,4.923892637180892,1,0,1,1,65.8355148255692
84.0,8,33.9125,35.15,18.0,38.93899864559016,40.79267149326819,4.929322496479963,1,0,1,1,66.31933270693
85.0,7,35.199999999999996,34.7,29.5,43.79775791455637,48.0520420749703,19.41452119123888,0,0,0,0,31.52762912455026
86.0,8,32.95,34.5,17.2,38.94076179435928,40.79481348025699,4.940169364001042,1,0,1,1,84.68599416530132
87.0,7,35.12857142857143,35.1,29.5,43.7982183011245,48.06861161654973,19.40460209063135,0,0,0,0,31.529396847343538
88.0,7,35.228571428571435,35.3,29.7,43.79844100624239,48.07692016937375,19.399634147378706,0,0,0,0,31.627162251921447
89.0,7,35.35714285714286,35.5,29.3,43.7986713523026,48.08520425090251,19.3946701581091,0,0,0,0,35.39696355760586
90.0,7,34.885714285714286,34.6,29.4,43.798889734781234,48.09348685040142,19.38969700405832,0,0,0,0,30.09489505091855
91.0,7,34.9,34.1,30.0,43.7991248517397,48.10174106585693,19.384748185651524,0,0,0,0,35.013391565803005
92.0,7,34.457142857142856,34.0,29.6,43.799351878262364,48.11010585962667,19.379792485622023,0,0,0,0,38.117618533426025
93.0,7,35.1,34.2,30.6,43.79958329768723,48.118325836341015,19.374840655609304,0,0,0,0,36.971338094793246
94.0,7,35.1,33.8,30.4,43.79979436336231,48.12669189967035,19.3698484957719,0,0,0,0,39.62326199465271
95.0,7,34.52857142857143,33.9,28.9,43.80002720134758,48.134903708625785,19.364899268575023,0,0,0,0,44.79223592683792
96.0,7,34.9,34.4,29.4,43.800246171353656,48.1432128851755,19.35993129679646,0,0,0,0,47.021270232255816
97.0,7,35.42857142857143,35.5,29.9,43.800473507675086,48.15145768492402,19.35496978411667,0,0,0,0,48.96167870733144
98.0,7,35.642857142857146,36.4,29.8,43.800689752908546,48.159787651696135,19.35000023523472,0,0,0,0,44.06402822558111
99.0,7,35.371428571428574,36.8,26.0,43.80092011365954,48.16806172862567,19.345047257392,0,0,0,0,48.92189407926519
100.0,7,35.24285714285714,36.1,26.5,43.8011399364897,48.1763735323672,19.340083102590345,0,0,0,0,55.64556086262019
101.0,7,34.82857142857143,36.0,25.5,43.80136224889901,48.18465994723974,19.33512516251088,0,0,0,0,52.23363609589841
102.0,7,34.74285714285715,35.7,28.6,43.801582081607194,48.19292353096075,19.33015626512267,0,0,0,0,43.8102786762253
103.0,7,35.48571428571429,35.6,29.9,43.801805931682324,48.20120480642715,19.325200077838662,0,0,0,0,45.18542673956658
104.0,7,35.25714285714286,35.6,30.6,43.8020318205983,48.20947885410136,19.32024632112521,0,0,0,0,49.37050240748275
105.0,7,35.01428571428572,34.9,31.4,43.80224585748327,48.21779979599005,19.31528054236584,0,0,0,0,43.093826767417966
106.0,7,35.385714285714286,35.9,31.3,43.80246122219232,48.22612045323767,19.310307157890545,0,0,0,0,49.21399007622837
107.0,7,35.41428571428571,35.5,30.8,43.80268951166642,48.234317216538685,19.30536110342254,0,0,0,0,67.01047812593164
108.0,7,35.75714285714286,35.8,31.1,43.80290143096344,48.24266400964319,19.300390562878963,0,0,0,0,49.93288737635819
109.0,7,35.62857142857143,34.7,31.1,43.803107016717675,48.25097501744854,19.29540271720481,0,0,0,0,45.82065658622709
110.0,7,35.728571428571435,34.9,32.6,43.8033328367247,48.2591950192356,19.2904572915182,0,0,0,0,43.84283467453317
111.0,7,35.7,35.1,31.2,43.80355045820197,48.26750056343737,19.2854981839072,0,0,0,0,48.77175128936604
112.0,7,35.628571428571426,34.8,31.5,43.80375462840048,48.27584030436399,19.28051314525656,0,0,0,0,44.1013244757705
113.0,7,35.628571428571426,34.8,31.6,43.803976880814254,48.284112057053015,19.275565426559165,0,0,0,0,49.94306379873655
114.0,7,35.42857142857143,35.1,30.9,43.804189368082625,48.29236160998214,19.27059585246236,0,0,0,0,47.2212199514525
115.0,7,34.88571428571428,35.4,29.0,43.80439949360368,48.30069690113886,19.26562588348808,0,0,0,0,40.21527064308821
116.0,7,35.385714285714286,36.2,30.4,43.80460819174895,48.30899137987844,19.260656911722737,0,0,0,0,37.66430117324953
117.0,7,35.92857142857143,36.5,29.9,43.80481791413154,48.31732515405596,19.255683452390265,0,0,0,0,45.92155946795168
118.0,7,36.18571428571429,36.2,30.0,43.805025709136636,48.32558808149879,19.25071320216774,0,0,0,0,32.436865011526386
119.0,7,36.57142857142857,36.4,32.1,43.805238909834394,48.33388398539178,19.24575715457591,0,0,0,0,33.318505606677434
120.0,7,36.02857142857143,36.1,30.3,43.80544213604644,48.34219242311785,19.240770215748075,0,0,0,0,29.98665527984133
121.0,7,35.98571428571428,35.5,31.4,43.805657137687014,48.35048031470652,19.23581955484045,0,0,0,0,36.21874010049072
122.0,7,36.857142857142854,36.4,32.3,43.80586936661266,48.35878242184622,19.23085839974369,0,0,0,0,37.74498450152138
123.0,7,36.642857142857146,36.1,32.1,43.80608523182916,48.36703896964416,19.225906268665035,0,0,0,0,41.40442862676161
124.0,7,36.24285714285714,36.4,31.4,43.806283919146594,48.37536113427099,19.22092776218629,0,0,0,0,40.30949122921932
125.0,7,36.214285714285715,37.0,30.8,43.80649621955637,48.38361705209736,19.21596816234837,0,0,0,0,39.33023687491039
126.0,8,33.275,35.6,13.7,38.4234051269355,40.837729895071334,0.7403046752764643,1,1,1,1,121.8264710037147
127.0,7,36.371428571428574,37.0,32.1,43.80691204899042,48.4001980130625,19.20604189797191,0,0,0,0,36.56810059030381
128.0,7,36.4,36.7,31.9,43.80711817464176,48.40851335149713,19.201080284119342,0,0,0,0,38.5924758108852
129.0,7,36.22857142857143,36.3,31.0,43.80732279311436,48.416761552015,19.1961051730502,0,0,0,0,32.45992223822554
130.0,7,35.98571428571429,36.2,30.3,43.80753359524846,48.425006300781966,19.19114777063424,0,0,0,0,33.240110881863494
131.0,7,36.41428571428572,37.2,32.0,43.807731141809214,48.43331895095872,19.186177331079165,0,0,0,0,31.54790494698576
132.0,7,36.114285714285714,36.1,31.0,43.80793629002467,48.44166288401705,19.18120800326917,0,0,0,0,42.8058870885597
133.0,8,33.2625,35.7,13.2,38.424333070300364,40.84526938548882,0.7376690741280367,1,1,1,1,175.6978853942495
134.0,8,33.8125,35.5,19.8,38.98241839258902,40.84634405518666,5.201009520334785,1,0,1,1,50.07032169441241
135.0,7,35.214285714285715,35.2,30.3,43.808544020268634,48.4665040614927,19.16630892657693,0,0,0,0,38.43919343445096
136.0,7,35.92857142857143,35.4,31.6,43.8087471748918,48.474808018945694,19.16134642444422,0,0,0,0,33.92800973752191
137.0,8,33.175,34.8,13.7,38.42482473950801,40.84958283714526,0.7360525648288219,1,1,1,1,126.7991408823344
138.0,7,35.82857142857143,36.8,30.8,43.80914058165298,48.49141753793617,19.151397751090595,0,0,0,0,32.331734200163524
139.0,7,35.81428571428572,37.5,30.4,43.80934172184611,48.49968057158022,19.146431708372937,0,0,0,0,33.06450242665672
140.0,7,34.98571428571429,36.7,28.1,43.809533594134,48.50802154919284,19.14144973922689,0,0,0,0,33.15529066845897
141.0,7,34.24285714285714,35.7,26.6,43.809737996556365,48.51629507795582,19.136490289611608,0,0,0,0,37.328762087428665
142.0,7,35.142857142857146,36.2,29.1,43.809924239887614,48.52460567398453,19.13150383092798,0,0,0,0,29.820468099597576
143.0,7,35.04285714285714,36.5,28.5,43.81012740389398,48.53286571179319,19.126548734820148,0,0,0,0,30.471024098250435
144.0,7,34.41428571428571,36.4,28.0,43.81032834894967,48.54115162082675,19.12158494073176,0,0,0,0,31.5585990838462
145.0,7,33.457142857142856,35.7,26.2,43.810527700502696,48.54945433745757,19.116628345168653,0,0,0,0,38.83149154378934
146.0,7,34.871428571428574,36.1,27.5,43.81071364310724,48.55776006994252,19.11163233044709,0,0,0,0,29.6736036896299
147.0,7,34.67142857142857,36.3,28.3,43.81090874333089,48.566069058555286,19.106667977629755,0,0,0,0,27.109109626194392
148.0,7,34.042857142857144,34.7,28.3,43.81110995875072,48.57430234419817,19.101702754437422,0,0,0,0,32.237677304558034
149.0,8,32.075,33.3,11.3,38.42630974893604,40.86255609400234,0.731333704531183,1,1,1,1,130.9743581165106
150.0,7,33.971428571428575,35.0,28.7,43.81150349037232,48.59091055032012,19.09178470006835,0,0,0,0,28.820543818916715
151.0,7,34.457142857142856,36.2,27.1,43.811697509750175,48.59917538412575,19.08681980410099,0,0,0,0,37.961925108624506
152.0,7,34.300000000000004,36.0,27.8,43.811889130940145,48.60748433362911,19.081850175375774,0,0,0,0,43.744946868565314
153.0,7,34.128571428571426,36.0,27.3,43.81207714419786,48.61575838809803,19.076870952785075,0,0,0,0,25.307258492291325
154.0,7,34.385714285714286,36.7,27.6,43.81227027146974,48.62407611726069,19.071909801179647,0,0,0,0,38.7003962998977
155.0,7,33.85714285714286,36.2,27.1,43.8124612219363,48.63234956297502,19.06694021519344,0,0,0,0,34.96215755595818
156.0,7,34.44285714285714,36.8,27.4,43.81265390397456,48.64067389539757,19.061972400716773,0,0,0,0,43.77132500223781
157.0,7,34.971428571428575,37.7,28.1,43.81284669806849,48.64896641670556,19.05701256311958,0,0,0,0,41.98376542681972
158.0,7,34.371428571428574,36.9,27.6,43.813027812109276,48.65727115632764,19.05203036707405,0,0,0,0,45.49051588541576
159.0,7,34.885714285714286,37.3,29.1,43.81321933687246,48.66555070372924,19.04706054613114,0,0,0,0,35.33718689941737
160.0,7,34.114285714285714,35.7,26.5,43.813405581397184,48.67385192281317,19.042086198408075,0,0,0,0,36.76150630450292
161.0,7,33.91428571428572,35.5,27.3,43.81359528543732,48.68212076409715,19.03712902293565,0,0,0,0,40.15218152293316
162.0,7,34.542857142857144,36.6,28.8,43.81378372184564,48.69040245511995,19.03215737538808,0,0,0,0,32.71848617606043
163.0,7,34.84285714285715,36.8,28.3,43.81396193722433,48.69872518858546,19.027174143857284,0,0,0,0,33.55478409151016
164.0,7,34.72857142857142,36.7,28.2,43.814151075350786,48.70700071204483,19.022213906238232,0,0,0,0,34.17012758236479
165.0,7,34.028571428571425,36.7,26.0,43.81433618732671,48.71530602613728,19.01724155153656,0,0,0,0,33.32800277763107
166.0,7,33.357142857142854,36.7,24.3,43.81452163643759,48.723590918452,19.012273852110766,0,0,0,0,37.55759906301675
167.0,7,34.457142857142856,36.7,28.0,43.814700522545095,48.731907933902576,19.00729005601919,0,0,0,0,35.1123372890962
168.0,7,34.85714285714286,35.4,28.0,43.81488727281981,48.7401855039164,19.00232894092036,0,0,0,0,36.25066849128031
169.0,7,34.285714285714285,35.5,26.3,43.815067963103374,48.748457829902,18.9973488456802,0,0,0,0,30.68460602986074
170.0,7,34.27142857142858,34.3,27.5,43.81525440736932,48.75675158159727,18.992386970710864,0,0,0,0,32.780530570059696
171.0,7,34.457142857142856,35.3,27.7,43.81543464113616,48.76506306564097,18.987411767274374,0,0,0,0,32.67787347657454
172.0,7,34.44285714285714,35.5,27.7,43.81561584363181,48.77338176419132,18.982446486997173,0,0,0,0,36.91472919060006
173.0,7,34.885714285714286,35.0,29.0,43.815799404062325,48.78163946772371,18.977474681874067,0,0,0,0,33.07795073684809
174.0,7,34.614285714285714,34.8,29.3,43.815973823617426,48.78996314460706,18.97249270888482,0,0,0,0,34.532231474135465
175.0,7,34.57142857142857,34.6,29.7,43.816147881321264,48.7982686354614,18.96751103120687,0,0,0,0,39.58341104408815
176.0,7,34.457142857142856,34.4,29.8,43.8163279615323,48.80652113008632,18.96254149187302,0,0,0,0,38.94266059251634
177.0,7,35.285714285714285,35.0,31.1,43.81650691661686,48.81485064126824,18.95757785817712,0,0,0,0,41.84390339092325
178.0,7,35.285714285714285,34.4,30.6,43.81669281950627,48.82309848732064,18.952614804858896,0,0,0,0,40.63790701300929
179.0,7,35.17142857142857,34.4,31.3,43.81686618318942,48.83140455111632,18.94764191627078,0,0,0,0,38.97258208499149
180.0,7,35.1,34.3,31.2,43.8170355001189,48.83971562791096,18.942654768740013,0,0,0,0,29.87994958393943
181.0,7,35.12857142857143,34.4,30.5,43.817215750041164,48.84801612161326,18.937687728939625,0,0,0,0,40.07280105628777
182.0,7,35.51428571428571,35.2,30.9,43.817387346580624,48.8563298538574,18.932712879603496,0,0,0,0,37.64932299239533
183.0,7,35.41428571428572,36.0,30.3,43.81755868349706,48.86463427163226,18.92773517124801,0,0,0,0,34.21107186314388
184.0,7,35.81428571428571,36.7,31.9,43.81773270873593,48.87294703821045,18.922767577668623,0,0,0,0,34.4321313216274
185.0,7,35.49999999999999,35.3,31.7,43.817905780871946,48.88125305111343,18.91779108383945,0,0,0,0,36.29380696988871
186.0,7,35.18571428571428,35.2,30.2,43.818075370447175,48.88957578408328,18.912811575287087,0,0,0,0,35.11089182110105
187.0,7,35.68571428571428,36.1,31.9,43.81824165523171,48.89789911484779,18.90782747147085,0,0,0,0,31.61456896294957
188.0,7,35.9,36.4,30.7,43.81841992958198,48.90616803990758,18.9028699495926,0,0,0,0,32.663652941615936
189.0,7,36.08571428571428,36.1,30.7,43.81860031083645,48.91444733259174,18.897911574962432,0,0,0,0,46.71262297135642
190.0,7,35.6,36.5,31.5,43.818769301049024,48.92273700471428,18.892933248062047,0,0,0,0,46.73767435204074
191.0,7,35.84285714285714,36.4,32.4,43.81894100141961,48.93104256972831,18.887963629940387,0,0,0,0,47.04316123299905
192.0,7,35.65714285714286,36.3,32.1,43.81911126133094,48.939314043798106,18.88299540249272,0,0,0,0,38.72768987521626
193.0,7,36.08571428571429,36.3,32.4,43.81927889297024,48.947616817696925,18.8780225261006,0,0,0,0,36.31805004391234
194.0,7,36.25714285714285,36.7,32.2,43.81944064767286,48.955926703897575,18.87303949662116,0,0,0,0,32.0907047723305
195.0,7,36.18571428571429,36.9,32.0,43.819607712022126,48.964226792944295,18.86806257892632,0,0,0,0,37.05138653373678
196.0,7,35.800000000000004,37.5,30.5,43.81978015208201,48.97250585461685,18.86310354401813,0,0,0,0,39.522548866188615
197.0,7,35.67142857142857,37.2,28.9,43.81994341258685,48.98084271077771,18.858122975762782,0,0,0,0,35.55631759746372
198.0,7,36.00000000000001,38.2,29.3,43.82011429615108,48.98910592073522,18.85315345508908,0,0,0,0,48.26814764665338
199.0,7,34.457142857142856,35.8,26.8,43.82027275868517,48.997442162783976,18.84817081681701,0,0,0,0,37.28515379553808
200.0,7,34.72857142857143,36.7,29.9,43.820443960619365,49.00565748808612,18.84319818639283,0,0,0,0,37.76205699054427
201.0,7,34.54285714285714,36.4,28.7,43.820613994287775,49.01397342582529,18.838238218253373,0,0,0,0,49.17220110436941
202.0,7,35.65714285714286,36.2,31.1,43.820774077955356,49.022280599197806,18.8332569528703,0,0,0,0,38.568086576718365
203.0,7,35.31428571428572,35.6,30.0,43.820941017585675,49.03058637680471,18.828288938784965,0,0,0,0,47.56533757037072
204.0,7,35.528571428571425,37.5,29.5,43.82110319268021,49.03888228183022,18.823312048954826,0,0,0,0,56.299277722163225
205.0,7,34.642857142857146,36.7,28.4,43.82126776319173,49.04716840195504,18.818345581509192,0,0,0,0,69.87114695518184
206.0,7,34.9,37.3,28.3,43.82142757854839,49.05544804174392,18.81336452076661,0,0,0,0,66.61750879764607
207.0,7,34.9,37.6,28.8,43.821583291647926,49.06379226201667,18.808382247747456,0,0,0,0,59.331098064031366
208.0,7,35.042857142857144,38.0,28.9,43.82174093725376,49.07210790375417,18.80340208011379,0,0,0,0,61.94166078052076
209.0,7,35.24285714285714,38.5,28.2,43.8219072201854,49.0803705679465,18.79843306404744,0,0,0,0,62.517135735086846
210.0,7,34.32857142857143,37.4,27.9,43.82205907449592,49.08870364772628,18.7934536427564,0,0,0,0,63.79834106230194
211.0,7,33.957142857142856,37.9,25.5,43.82221230199074,49.0970268810062,18.78846330737409,0,0,0,0,69.39888486903412
212.0,7,33.27142857142858,37.8,23.3,43.82236834654852,49.10531304610371,18.78348731834972,0,0,0,0,60.03725082748989
213.0,7,33.599999999999994,37.9,25.5,43.822525042126934,49.1136209515797,18.77850594526109,0,0,0,0,48.17972937265656
214.0,7,33.25714285714286,37.7,22.8,43.82267843972121,49.121941715556126,18.7735349554992,0,0,0,0,47.93453996574164
215.0,7,33.457142857142856,37.1,24.6,43.822840325918264,49.13020391542543,18.76856679286528,0,0,0,0,53.75495597633171
216.0,7,33.74285714285714,37.9,24.8,43.82299783682738,49.13852764621287,18.76359312547308,0,0,0,0,58.29184626383025
217.0,7,34.74285714285715,38.1,28.2,43.823150512240026,49.146824702194415,18.758616929625088,0,0,0,0,53.39277710335667
218.0,7,35.4,38.4,29.2,43.82329669625718,49.15512236613119,18.753623100895776,0,0,0,0,48.08093572764575
219.0,7,35.82857142857143,38.0,30.3,43.823452692547654,49.16341798380152,18.748652928038748,0,0,0,0,37.14596842822292
220.0,7,34.84285714285714,38.2,28.3,43.823606613884216,49.17170755738026,18.743682223579857,0,0,0,0,48.32047115110089
221.0,7,34.15714285714285,38.0,27.2,43.82376065116387,49.179981222324045,18.738701377863848,0,0,0,0,57.71953804254661
222.0,7,34.285714285714285,37.8,26.9,43.82391559759502,49.18828706045139,18.73373110802672,0,0,0,0,67.06768010700691
223.0,7,34.114285714285714,38.3,24.4,43.824062431723,49.19660445590527,18.72875227041704,0,0,0,0,63.01733158731264
224.0,7,34.08571428571428,38.2,26.0,43.82420837617492,49.20488998461085,18.7237667529812,0,0,0,0,40.2497428533211
225.0,7,34.2,37.4,27.3,43.82436205322835,49.21320378789223,18.71879127072846,0,0,0,0,42.22912215616007
226.0,7,33.957142857142856,36.9,26.9,43.82451672384226,49.221497778195925,18.71382336183722,0,0,0,0,37.566175854065456
227.0,7,34.5,37.9,27.3,43.82465943605054,49.229809240342256,18.708836585324345,0,0,0,0,36.013080673693565
228.0,7,35.17142857142857,38.2,27.2,43.824810722479825,49.23808316917842,18.70386109034853,0,0,0,0,31.095562131000975
229.0,7,34.6,37.9,22.5,43.82495357298935,49.24639475476727,18.698877988087155,0,0,0,0,46.59278280645065
230.0,7,34.05714285714286,38.0,23.3,43.825105783215214,49.25468266110312,18.69389878908657,0,0,0,0,32.49869526973398
231.0,7,34.48571428571428,38.0,24.7,43.82524624736437,49.262997884834505,18.68890960426037,0,0,0,0,36.695204360016525
232.0,7,34.58571428571429,38.4,26.9,43.82538730791557,49.27133845253502,18.683931078821107,0,0,0,0,42.02996719743988
233.0,7,35.27142857142858,37.9,28.4,43.825539087389096,49.27964675453629,18.678971552130605,0,0,0,0,40.21926495357278
234.0,7,34.52857142857143,37.5,27.0,43.82568428142231,49.28794039132145,18.67399245287136,0,0,0,0,39.40911649313133
235.0,7,33.87142857142857,37.3,22.9,43.82582860807788,49.29624774996748,18.66900766476986,0,0,0,0,40.76460743296465
236.0,7,34.3,37.4,22.8,43.8259758990369,49.30453797830172,18.66403421182075,0,0,0,0,36.588173412022265
237.0,7,34.15714285714286,37.4,22.8,43.826121860014844,49.31280400729977,18.659057165903857,0,0,0,0,44.9861892224604
238.0,7,34.128571428571426,37.2,21.1,43.82627551577229,49.321047649346426,18.654097625983063,0,0,0,0,34.49697142317476
239.0,7,34.4,36.9,25.4,43.82640716671731,49.32942078354794,18.64910995004821,0,0,0,0,34.511259942750684
240.0,7,33.84285714285714,36.8,23.7,43.82655466801989,49.337656318385285,18.64413642910321,0,0,0,0,43.16229602751916
241.0,7,34.6,37.1,27.0,43.8266815462208,49.3460366817508,18.639141114751293,0,0,0,0,35.84337443445821
242.0,7,34.199999999999996,36.3,27.5,43.82682492614515,49.35434086727118,18.634168333518936,0,0,0,0,38.03420844605236
243.0,7,34.55714285714286,37.3,25.7,43.826965547718586,49.36264902979308,18.629192715862786,0,0,0,0,33.59534225715859
244.0,7,33.871428571428574,37.2,23.6,43.827113195676695,49.37089651501536,18.624220686560413,0,0,0,0,33.71037046945644
245.0,7,34.957142857142856,37.7,27.7,43.8272425828897,49.37927086695026,18.61923496983588,0,0,0,0,35.9667622468193
246.0,7,34.357142857142854,36.8,27.8,43.82738760399076,49.38752739278203,18.6142648769474,0,0,0,0,34.147786636016434
247.0,7,34.028571428571425,36.8,26.6,43.827522670567085,49.395808989120425,18.60927861759244,0,0,0,0,33.07020409591182
248.0,7,33.4,35.9,24.5,43.82766610382965,49.4041159668622,18.604307172412387,0,0,0,0,36.49096281605458
249.0,7,33.65714285714286,36.8,25.5,43.827798496060446,49.412426860067,18.599316518440187,0,0,0,0,35.00326253552734
250.0,7,33.642857142857146,37.0,26.1,43.82793491183166,49.420691287443496,18.594338745862093,0,0,0,0,33.831092122880285
251.0,7,32.67142857142857,35.5,23.9,43.82806666844518,49.42901047650092,18.589357017243,0,0,0,0,33.356138524673945
252.0,7,32.82857142857143,35.6,23.0,43.82820337410144,49.43730518722688,18.58437894780253,0,0,0,0,35.20245656565509
253.0,7,32.94285714285714,35.4,23.6,43.82834102805932,49.44559835913179,18.579402754006,0,0,0,0,34.20758692306783
254.0,7,33.57142857142857,36.3,22.3,43.828469838951335,49.45393005224951,18.57441494825191,0,0,0,0,36.23081673278037
255.0,7,32.857142857142854,36.1,20.0,43.828604816937805,49.46220575528493,18.569441710734026,0,0,0,0,43.67811131892044
256.0,7,33.48571428571429,36.2,22.0,43.828734177525284,49.47053382905794,18.56445263561747,0,0,0,0,49.34089534773547
257.0,7,33.357142857142854,36.0,22.3,43.82885865861197,49.47882845743384,18.559460263075888,0,0,0,0,55.49644991585656
258.0,7,33.15714285714286,37.3,22.0,43.82899546255355,49.4871180534416,18.55449331592056,0,0,0,0,68.64617419765244
259.0,7,33.01428571428572,36.2,20.1,43.82912709220384,49.49543881387108,18.54951523963832,0,0,0,0,74.78528867418594
260.0,7,33.642857142857146,37.1,23.1,43.82926050206943,49.50371354335795,18.544532961675948,0,0,0,0,31.53254370235423
261.0,7,33.357142857142854,36.6,23.1,43.82938123359802,49.51202319397341,18.539539664585227,0,0,0,0,78.03241105811676
262.0,7,34.24285714285714,37.0,26.0,43.829510077657616,49.52035855033323,18.534563292285185,0,0,0,0,64.88308700005308
263.0,7,33.10000000000001,36.4,22.3,43.82964054635035,49.52860603115756,18.52957940748744,0,0,0,0,64.38157062001846
264.0,7,34.25714285714286,36.8,27.9,43.82976260349377,49.53694069207294,18.524592563183223,0,0,0,0,54.07035649752636
265.0,7,33.87142857142857,36.7,25.4,43.82989461185396,49.54520416016952,18.519620875673336,0,0,0,0,54.2067933987035
266.0,7,34.57142857142857,37.0,28.7,43.83002412513406,49.553489840483614,18.51463947898539,0,0,0,0,41.273177058468654
267.0,7,35.285714285714285,37.3,29.1,43.83014598788663,49.561829030049765,18.509652908505693,0,0,0,0,48.31777388137348
268.0,7,34.9,37.3,27.0,43.83026612210454,49.570154370730826,18.50466741976579,0,0,0,0,72.13800624009161
269.0,7,34.67142857142857,37.3,28.4,43.83039339682206,49.57842636805437,18.499691419048816,0,0,0,0,44.09186103743508
270.0,7,33.957142857142856,36.5,25.4,43.830518005626125,49.58674612239852,18.49470942186956,0,0,0,0,31.166900876780065
271.0,7,33.81428571428571,36.0,26.5,43.83064801767283,49.59500816542312,18.48974194403217,0,0,0,0,31.051091363803582
272.0,8,31.025,33.8,14.8,39.09624739765678,41.5704799352918,5.954617744792672,1,1,1,1,29.108892933300844
273.0,7,34.65714285714286,36.2,29.3,43.830878868439235,49.61163786245954,18.47975315418973,0,0,0,0,35.80378693080157
274.0,8,32.0125,33.8,16.9,39.09783297252689,41.584855884478856,5.965577156892255,1,0,1,1,35.00220406511618
275.0,8,31.975,33.75,17.4,39.0986236016753,41.592039450560726,5.97105985671478,1,0,1,1,32.66967627813233
276.0,7,34.614285714285714,37.1,29.0,43.831251396226385,49.63655641817026,18.46482746932277,0,0,0,0,35.45235965158318
277.0,7,34.67142857142857,38.1,26.6,43.83135620638178,49.644924523095376,18.45982028777209,0,0,0,0,35.02382617395763
278.0,7,34.94285714285714,38.0,26.7,43.83147368607063,49.65323017149501,18.45484111573895,0,0,0,0,36.19378973043032
279.0,7,35.2,38.1,27.2,43.83160288018876,49.66148338065147,18.449866408725164,0,0,0,0,28.756374415266848
280.0,7,34.885714285714286,36.9,27.6,43.83171532550442,49.66980258655486,18.44487900433884,0,0,0,0,29.93754676398432
281.0,7,34.714285714285715,37.0,27.4,43.83182797566845,49.6781368862068,18.439887468742373,0,0,0,0,28.804648349969792
282.0,7,34.68571428571428,37.1,27.2,43.83195037327885,49.686385897674384,18.43490969762805,0,0,0,0,29.06502323583538
283.0,7,34.48571428571428,37.1,24.7,43.83205959000265,49.69476196576398,18.42992719506924,0,0,0,0,41.102277953245775
284.0,7,35.65714285714286,36.6,30.2,43.832184064439836,49.703041568379305,18.424952663476443,0,0,0,0,29.149605772897623
285.0,7,35.3,36.4,27.2,43.832301381077336,49.71131096089397,18.41996598596468,0,0,0,0,29.354495547036898
286.0,7,34.9,36.0,28.5,43.832419299547944,49.71963769046342,18.414989068941825,0,0,0,0,32.184695380103896
287.0,7,34.871428571428574,36.4,28.5,43.83252576189854,49.72792631108421,18.409997714269547,0,0,0,0,37.24010922574684
288.0,7,34.98571428571428,36.4,25.5,43.83263601294505,49.73625831687101,18.40500409060136,0,0,0,0,31.275264766424637
289.0,7,34.9,36.4,24.8,43.83274856596446,49.74455262880334,18.40002401825204,0,0,0,0,33.09396947915298
290.0,7,34.285714285714285,35.3,27.7,43.83286130724542,49.75287113337759,18.39503675515888,0,0,0,0,31.934257357543306
291.0,8,32.337500000000006,34.15,19.7,39.11121092755957,41.70695041199257,6.058824977070272,1,0,1,1,38.3095817580319
292.0,8,32.9625,34.75,21.0,39.11198401450184,41.71414201956823,6.064287833005252,0,0,1,1,53.90200321694183
293.0,7,35.785714285714285,36.9,28.6,43.833205094424066,49.7777446351164,18.380100801503144,0,0,0,0,34.59797754780717
294.0,7,35.24285714285714,35.9,26.7,43.83330697874352,49.78606688359869,18.375109979814304,0,0,0,0,32.02130820037463
295.0,7,35.042857142857144,35.2,29.2,43.833421933671175,49.79434640219033,18.37013268747232,0,0,0,0,36.413513759802825
296.0,7,35.17142857142857,35.6,29.5,43.833525586990206,49.8026714161192,18.365143558552923,0,0,0,0,37.41731741701599
297.0,8,32.0125,32.7,18.4,39.11589142427182,41.75006163379845,6.091739326898334,1,0,1,1,47.61236931981857
298.0,8,32.237500000000004,33.400000000000006,17.6,39.11666061820232,41.75724400286616,6.097200276865417,1,0,1,1,66.00680184606166
299.0,8,32.4625,34.2,22.2,39.11744536674097,41.76443451545839,6.102697916956152,0,0,1,1,56.40382878839598
300.0,8,33.137499999999996,34.05,23.2,39.118227775189624,41.77160359129309,6.108189912126429,0,0,1,1,69.7333687508039
301.0,8,33.1375,34.55,21.7,39.119005940566936,41.778808297882,6.113686248875476,0,0,1,1,41.94121374954924
302.0,8,33.9125,34.4,22.9,39.11978417066629,41.78597930549617,6.119186481061788,0,0,1,1,60.69005971316379
303.0,8,33.375,34.0,22.4,39.120571623720295,41.79316152961202,6.124672514239451,0,0,1,1,41.08346272117112
304.0,8,33.324999999999996,33.15,23.6,39.12134403795507,41.80036437292891,6.130165747842474,0,0,1,1,44.73458770463519
305.0,8,32.7375,34.150000000000006,21.8,39.122133221760265,41.80751969629428,6.135660026791286,0,0,1,1,52.26045153182326
306.0,8,33.2625,34.05,22.0,39.12289728045533,41.81472148756336,6.14114960004324,0,0,1,1,37.48119589103764
307.0,8,32.8125,33.95,18.7,39.1236797379317,41.8219001702662,6.146645815749925,1,0,1,1,107.88389770235985
308.0,8,33.4,34.1,23.1,39.12444848036915,41.82909313152525,6.152136871338153,0,0,1,1,47.459038807564426
309.0,8,33.7,34.6,22.2,39.125213065632806,41.83629233169822,6.157612140957331,0,0,1,1,38.373308571005545
310.0,8,33.349999999999994,35.1,22.7,39.1259976981897,41.843472038998584,6.163112889909071,0,0,1,1,55.49957370245422
311.0,7,34.07142857142857,36.0,25.7,43.83508410142288,49.9272581424558,18.29036222175677,0,0,0,0,46.09628453002874
312.0,8,32.9375,34.25,18.1,39.127547135163056,41.85785546011557,6.174112496631514,1,0,1,1,33.44716584255627
313.0,8,32.3625,33.35,17.9,39.128314725021156,41.86504032585495,6.179599327391998,1,0,1,1,45.71518423437719
314.0,8,32.5375,33.4,19.2,39.12909137936593,41.87222152860982,6.185094339842597,1,0,1,1,52.561578661851165
315.0,8,32.8625,33.45,21.7,39.12985269953418,41.8794230499772,6.190582370956892,0,0,1,1,39.3563699740334
316.0,8,32.175,32.95,19.9,39.130618507106696,41.8866124820411,6.196071434331775,1,0,1,1,27.909018143064923
317.0,8,32.725,33.5,19.1,39.13139177101499,41.893806257494745,6.201575167122501,1,0,1,1,26.262504492970315
318.0,8,33.0375,33.650000000000006,21.1,39.13216168260345,41.90098735085193,6.20707468627634,0,0,1,1,65.60559765417695
319.0,8,33.2,34.05,22.2,39.13292495726215,41.908181552577474,6.21255400168822,0,0,1,1,48.8804943606935
320.0,8,32.2625,33.5,20.1,39.133713868458706,41.91535093774512,6.218065119002425,0,0,1,1,42.38155686325904
321.0,7,33.24285714285714,34.4,25.4,43.83604062212711,50.01030421699069,18.2404832587633,0,0,0,0,28.39468235764762
322.0,7,33.55714285714286,34.1,26.7,43.83613113113624,50.018625633868815,18.23548967760178,0,0,0,0,36.81027024383388
323.0,8,32.2375,33.6,17.1,39.1360096002936,41.936916786337726,6.234550146977552,1,0,1,1,57.43727324086284
324.0,8,32.125,34.05,20.3,39.136779178555685,41.94410521893411,6.2400510953266455,0,0,1,1,37.10248959783764
325.0,7,34.81428571428571,34.7,29.1,43.836392554773845,50.04360432328062,18.22050882381,0,0,0,0,30.25088944299053
326.0,8,33.25,34.8,18.5,39.13830057022926,41.95851097080785,6.251036740499661,1,0,1,1,62.89823176169037
327.0,7,35.18571428571429,37.4,28.8,43.836572224588494,50.06020966806463,18.21053608732997,0,0,0,0,31.94725395628386
328.0,7,35.128571428571426,36.9,28.4,43.8366625291548,50.06853841123409,18.205546011161115,0,0,0,0,30.699850414586564
329.0,7,34.871428571428574,36.8,29.2,43.836754602217184,50.07685152184192,18.20057055048052,0,0,0,0,36.847313444593006
330.0,7,34.614285714285714,36.9,28.6,43.836827475518575,50.08518977583625,18.19555122758368,0,0,0,0,36.66295470985056
331.0,7,34.5,36.0,26.5,43.83691851490687,50.09348525439541,18.190574258753404,0,0,0,0,30.359498931273247
332.0,7,35.028571428571425,36.7,29.2,43.83700656650159,50.1017612407475,18.185583824298124,0,0,0,0,34.30344412666458
333.0,7,35.15714285714286,36.7,30.1,43.83709105697431,50.11009477193565,18.18059414664256,0,0,0,0,33.639207262971674
334.0,7,35.371428571428574,36.1,29.8,43.83717181983226,50.118406546897695,18.17560116571322,0,0,0,0,37.63416416378587
335.0,8,32.75,34.7,16.7,39.14515941979427,42.02323699042839,6.30050606231234,1,0,1,1,74.67097210013733
336.0,8,33.337500000000006,34.650000000000006,18.5,39.14592570489565,42.03041844624838,6.306005663113144,1,0,1,1,72.55147186562783
337.0,8,34.1125,35.599999999999994,18.7,39.14669109511391,42.03760968090371,6.31150529534264,1,0,1,1,37.14761588247612
338.0,8,34.3125,35.5,22.9,39.14745211585347,42.04481364551705,6.317005059844265,0,0,1,1,64.29558154704752
339.0,8,34.0625,35.05,21.3,39.14821162937672,42.05200036549006,6.322514392042368,0,0,1,1,37.62884936502186
340.0,7,34.885714285714286,35.6,30.3,43.83767791743308,50.16826386269636,18.14566662009984,0,0,0,0,34.08387009479865
341.0,8,33.087500000000006,34.55,18.8,39.14972838273307,42.066416445416415,6.333516834900214,1,0,1,1,37.65594489728986
342.0,8,33.8625,35.25,23.8,39.150487155539494,42.07359696738595,6.339025800514436,0,0,1,1,40.44725744930842
343.0,8,33.575,35.45,22.4,39.15124861577796,42.08078984960869,6.34452942617231,0,0,1,1,53.42793906297588
344.0,8,34.1125,35.45,24.6,39.15200351520298,42.08796556317776,6.350031258498181,0,0,1,1,56.59038586095142
345.0,8,34.125,35.45,22.7,39.15276316012203,42.095163203260626,6.355534381289671,0,0,1,1,56.7682124217538
346.0,8,32.575,33.7,21.4,39.15351236925116,42.102367393575,6.3610390523328935,0,0,1,1,71.95910347129323
347.0,8,33.212500000000006,34.65,20.3,39.15426311512769,42.10957081881388,6.366536890247058,0,0,1,1,50.05203678091861
348.0,8,33.9875,35.3,22.5,39.15501958948459,42.11676761472329,6.372029837874045,0,0,1,1,56.830771281331
349.0,8,34.575,35.099999999999994,24.7,39.15577856965781,42.123948741973564,6.37754294510655,0,0,1,1,46.82165034548218
350.0,8,33.7125,33.05,25.3,39.156529538404556,42.131159858158426,6.383049581003418,0,0,1,1,59.07212543412171
351.0,8,33.9625,33.9,25.6,39.15728277930965,42.13833834420235,6.388546698560492,0,0,1,1,46.00898680052895
352.0,8,34.125,34.35,24.3,39.158047473035296,42.145536296521605,6.394069396127216,0,0,1,1,55.1639163202345
353.0,8,33.875,34.6,23.3,39.158794636239335,42.15272658728169,6.399569334254622,0,0,1,1,49.93496007642065
354.0,8,33.975,34.9,24.8,39.159539969084406,42.15993412991145,6.40506375865587,0,0,1,1,55.15374293200109
355.0,8,33.6375,34.25,25.0,39.16029358260286,42.167126630807104,6.410574878867263,0,0,1,1,53.4770856206416
356.0,8,34.2125,34.8,24.9,39.16104212373301,42.17432102281448,6.416067303361839,0,0,1,1,47.230271032355546
357.0,8,34.962500000000006,35.45,25.7,39.1617926088352,42.181507532212606,6.421585278296215,0,0,1,1,45.5797336474872
358.0,8,34.4875,34.55,24.4,39.16254178189705,42.18871099217249,6.427079994629021,0,0,1,1,41.3883046737449
359.0,8,35.7,36.400000000000006,26.0,39.163285429447704,42.19590424048933,6.432584686095069,0,0,1,1,41.60384427925922
360.0,8,35.150000000000006,37.1,24.0,39.164040866035194,42.20309631262919,6.438093959808464,0,0,1,1,48.76926606179247
361.0,8,34.7,37.1,23.7,39.16479511720023,42.21028361714747,6.44360814292372,0,0,1,1,31.14164441367776
362.0,8,34.4125,35.55,20.3,39.16552986615372,42.21748593728603,6.449111472156914,0,0,1,1,60.92424097566653
363.0,8,34.875,36.25,23.8,39.16628118988899,42.22468219310368,6.454617458666289,0,0,1,1,47.90426287106431
364.0,8,34.5,34.849999999999994,23.2,39.16703085832637,42.231884547947864,6.4601220592876585,0,0,1,1,42.59215530715782
365.0,8,33.8875,33.95,21.5,39.1677794344776,42.23909102496369,6.4656371662409695,0,0,1,1,59.04657942841117
366.0,8,34.325,34.25,25.2,39.168522161877746,42.24628459058167,6.47113957321767,0,0,1,1,50.9043836166755
367.0,8,34.662499999999994,34.599999999999994,23.5,39.16926449469725,42.25348412947004,6.476640983731205,0,0,1,1,47.71095627620394
368.0,8,34.0,33.85,22.0,39.1700076160293,42.26069013223322,6.482158847947871,0,0,1,1,56.23715748515378
369.0,8,33.875,33.75,22.9,39.17075337752894,42.2678887314963,6.487666730386763,0,0,1,1,71.2827963509437
370.0,8,33.95,34.25,23.3,39.17149069591956,42.27510389135858,6.493177353471493,0,0,1,1,63.62676106978404
371.0,8,34.25,34.7,24.3,39.17224442417832,42.28230919402331,6.498691053404627,0,0,1,1,51.82418712755618
372.0,8,34.3,34.65,24.8,39.17297751050761,42.289509538895516,6.504204292872936,0,0,1,1,50.300587945010285
373.0,8,34.525000000000006,35.25,24.5,39.17372195949308,42.29668635218148,6.509708470795615,0,0,1,1,50.92515167577917
374.0,8,34.4625,35.3,24.3,39.174461655645636,42.30391439059004,6.51521382509428,0,0,1,1,42.735208562803415
375.0,8,33.725,35.05,19.7,39.175203126529425,42.31110150940632,6.520726477415024,1,0,1,1,47.089342991203885
376.0,8,34.175000000000004,34.7,23.1,39.17594920810499,42.31829648075396,6.526242217933232,0,0,1,1,38.54616565724168
377.0,8,34.525000000000006,35.400000000000006,24.1,39.17669290132262,42.32549820019764,6.531756843378204,0,0,1,1,34.97817101396118
378.0,8,34.15,35.650000000000006,21.3,39.177424200096915,42.33270463567127,6.537265735129573,0,0,1,1,41.35925401572054
379.0,7,36.04285714285714,38.0,30.1,43.8403711590008,50.4923588609768,17.950960078396438,0,0,0,0,38.95844665777606
380.0,8,33.5125,35.0,17.6,39.17890694408841,42.34708592540633,6.54829589946954,1,0,1,1,45.94460087175238
381.0,7,35.771428571428565,37.3,31.5,43.84048499456452,50.50894039213635,17.940968278185682,0,0,0,0,32.92118396429794
382.0,7,35.7,36.8,28.6,43.840536798337034,50.5172954394803,17.935972056024145,0,0,0,0,39.72780999981156
383.0,7,36.31428571428571,37.1,30.1,43.840595370082795,50.52559178081145,17.93097755433688,0,0,0,0,38.41652596704354
384.0,7,36.542857142857144,37.9,30.4,43.84065140797163,50.53391127279657,17.925985396287643,0,0,0,0,38.29454738932626
385.0,7,35.98571428571428,36.9,29.0,43.84069868792475,50.54225644601663,17.920978407615266,0,0,0,0,38.61903435344001
386.0,7,36.05714285714286,37.8,28.2,43.8407537624535,50.55055607179091,17.91599100628786,0,0,0,0,43.33742135685572
387.0,7,36.44285714285714,37.8,29.3,43.84081673858783,50.55883815786604,17.911011611815912,0,0,0,0,46.58613622969738
388.0,7,36.17142857142857,37.4,28.7,43.84085813091741,50.56720314998052,17.906005308800413,0,0,0,0,42.805141147625264
389.0,7,36.51428571428571,38.2,29.2,43.8409101537685,50.57548777444176,17.901008034781004,0,0,0,0,42.73567273609207
390.0,7,35.85714285714286,37.1,28.8,43.840965270117586,50.58380235284648,17.8960211872695,0,0,0,0,49.03152101300156
391.0,7,35.8,37.7,28.2,43.84100950653828,50.59211168153828,17.891014046634155,0,0,0,0,40.488500687944594
392.0,7,35.49999999999999,36.9,26.9,43.84106106224101,50.6004415625773,17.88602105679091,0,0,0,0,40.69382492134604
393.0,7,35.528571428571425,37.1,27.1,43.84110425678298,50.60876907919205,17.881013616627424,0,0,0,0,46.64841280610624
394.0,7,35.442857142857136,36.7,26.5,43.84115354478074,50.61708112868988,17.876019066289828,0,0,0,0,45.8910256942777
395.0,7,35.55714285714286,37.7,25.4,43.84119586775696,50.62540820782388,17.87101544148175,0,0,0,0,42.71345243350951
396.0,7,34.8,36.9,23.8,43.8412434498911,50.63369562004159,17.866015337652676,0,0,0,0,54.74057813020174
397.0,7,35.528571428571425,37.4,23.8,43.84128737164126,50.641999488405794,17.86101475369236,0,0,0,0,53.95094369192186
398.0,7,35.614285714285714,36.9,24.8,43.841338660921714,50.65030753032883,17.85602931931855,0,0,0,0,48.59633928294941
399.0,7,35.114285714285714,37.0,24.3,43.841379277778515,50.65863277369003,17.851022687352398,0,0,0,0,41.00165392618688
400.0,7,35.2,36.6,25.7,43.84142614483768,50.66692026858681,17.846032829032854,0,0,0,0,29.2360687357246
401.0,7,34.8,34.8,23.4,43.84147521454313,50.67521812467294,17.841046446810406,0,0,0,0,28.306039978896703
402.0,7,35.05714285714286,35.3,26.5,43.84151955706391,50.68353054012165,17.83605151396197,0,0,0,0,37.687430488701736
403.0,7,35.371428571428574,35.8,25.4,43.8415542927501,50.69187603430883,17.831041569616914,0,0,0,0,29.842170520275083
404.0,7,35.12857142857143,35.5,23.6,43.84159656288777,50.700182563921686,17.826050411878626,0,0,0,0,29.842440813222726
405.0,8,32.6875,34.55,20.1,39.197202885373926,42.527180479557316,6.686201718552492,0,0,1,1,49.29205533438184
406.0,8,32.212500000000006,33.75,19.5,39.19792913035303,42.53438087068132,6.691719892118481,1,0,1,1,50.8732894918963
407.0,8,32.75,34.8,19.3,39.19865664799032,42.54157246703402,6.697247482151769,1,0,1,1,57.74471998907229
408.0,8,32.837500000000006,34.65,19.6,39.199377190807255,42.54880531155305,6.702767346048935,1,0,1,1,53.65185548483039
409.0,8,32.9125,34.2,21.3,39.20010922902506,42.55600622884711,6.708295335555641,0,0,1,1,68.1550773560112
410.0,8,32.0875,33.900000000000006,19.1,39.20082777857381,42.56321811549918,6.713807529871859,1,0,1,1,43.90562971188528
411.0,7,33.728571428571435,34.2,20.1,40.29493145108965,50.75840582043142,6.719331925802179,0,0,1,1,52.94137569398824
412.0,8,31.775,33.5,20.6,39.2022669919187,42.57763173695736,6.724854032739407,0,0,1,1,36.549694583134816
413.0,8,32.25,33.75,19.7,39.20299090795985,42.58484533284246,6.730377763216644,1,0,1,1,57.740934313586834
414.0,8,32.0625,34.0,18.7,39.20371944708488,42.59205102279381,6.73591038553313,1,0,1,1,33.91235270596668
415.0,8,32.150000000000006,33.65,20.0,39.20443807215946,42.59927340951704,6.741429057619809,0,0,1,1,34.24105268729076
416.0,8,31.987499999999997,33.5,18.4,39.205165330342375,42.60647174271311,6.746960466075128,1,0,1,1,37.576472539403966
417.0,7,34.42857142857143,35.7,26.3,43.84207754338878,50.80830820195144,17.761056969905383,0,0,0,0,33.62512917726127
418.0,7,34.51428571428572,36.3,25.3,43.84211254799168,50.81660842344292,17.75605691720843,0,0,0,0,37.21210827326127
419.0,8,32.2875,34.650000000000006,17.7,39.2073137605979,42.6281045143416,6.763532684355393,1,0,1,1,50.08205279810558
420.0,7,34.02857142857143,36.0,25.3,43.842182387796605,50.83319530573363,17.746062188537692,0,0,0,0,29.673311167817484
421.0,8,31.7625,34.25,16.6,39.20876013199192,42.64250992223411,6.774588717658404,1,0,1,1,39.623091154881074
422.0,7,34.82857142857143,36.5,29.1,43.842242144297636,50.84983171795872,17.73605963511663,0,0,0,0,31.23080743900212
423.0,7,34.614285714285714,37.2,23.9,43.842272399420395,50.85814159093827,17.731063161927178,0,0,0,0,38.73474246486222
424.0,8,32.075,35.25,17.4,39.21091546544827,42.664123001907726,6.791161183933563,1,0,1,1,22.924184121768405
425.0,7,33.228571428571435,36.3,20.0,43.84232468237489,50.87480766342311,17.721060686238463,0,0,0,0,29.20395785552681
426.0,7,33.04285714285714,35.8,19.0,43.842357624350754,50.88308903437194,17.716062228681448,1,0,0,0,60.406192270318144
427.0,6,35.949999999999996,37.0,32.2,45.90758162897723,51.59467208233975,17.711066695128117,0,0,0,0,34.276097695498805
428.0,8,31.4375,34.7,15.3,39.21377100206945,42.69298776285299,6.813273144818358,1,0,1,1,65.6811544102555
429.0,7,33.7,34.9,21.6,43.8424430967447,50.90802802700957,17.701065332686483,0,0,0,0,38.29969582608991
430.0,7,33.471428571428575,36.2,22.0,43.842462779574376,50.91634460999573,17.6960594388909,0,0,0,0,27.09730148665035
431.0,7,33.34285714285714,34.6,24.4,43.8424862671082,50.92466331094764,17.691056550648383,0,0,0,0,28.139677381608514
432.0,7,32.971428571428575,34.5,21.4,43.84251001743947,50.93296035462566,17.686057088564226,0,0,0,0,29.638353628014062
433.0,7,33.18571428571429,35.9,21.2,43.842535727180675,50.94129875559614,17.681058751878503,0,0,0,0,30.139066179851124
434.0,8,31.212500000000006,32.95,12.7,39.21803732920681,42.73624226855236,6.846423767845391,1,1,1,1,70.07619586811607
435.0,7,33.75714285714285,34.4,24.9,43.84257568633187,50.957909408909096,17.67104855887422,0,0,0,0,31.27696316224748
436.0,7,33.7,33.8,26.6,43.84258888203387,50.96625559048666,17.666033837353787,0,0,0,0,24.685775022997863
437.0,7,33.542857142857144,35.0,23.6,43.84261853640116,50.974556957948536,17.66105523883495,0,0,0,0,25.89345658071517
438.0,7,34.51428571428572,36.2,24.1,43.84263402158316,50.9828926174212,17.656042735746297,0,0,0,0,31.980938736474982
439.0,7,34.67142857142857,35.3,24.8,43.84265209508745,50.99121705741154,17.65104151460587,0,0,0,0,32.02273305604928
440.0,7,35.042857142857144,35.5,27.8,43.84268053601973,50.99951753169338,17.646057745126942,0,0,0,0,34.13125681096144
441.0,7,34.24285714285714,35.3,28.8,43.842700440361696,51.00782002675615,17.64105059711345,0,0,0,0,29.55581515897584
442.0,7,34.457142857142856,35.4,27.8,43.84271936575577,51.016109529071095,17.636053095510558,0,0,0,0,32.8870908720371
443.0,7,34.57142857142857,34.5,28.5,43.84273605962215,51.024438219432334,17.631048967644414,0,0,0,0,31.55234176417706
444.0,7,35.34285714285714,35.0,30.4,43.84274939353475,51.03275737649976,17.626041868260696,0,0,0,0,26.32451739046178
445.0,7,35.32857142857143,35.7,29.7,43.842773951095474,51.04107815748951,17.62104976278982,0,0,0,0,34.146903835022776
446.0,7,35.07142857142857,36.1,30.2,43.84278475120761,51.04938282270213,17.616038223502596,0,0,0,0,26.707058703216862
447.0,7,35.02857142857143,37.6,28.6,43.84279751227204,51.05775297198252,17.611035727489426,0,0,0,0,28.74084326894271
448.0,7,35.300000000000004,37.4,28.9,43.84280353980718,51.06609602700092,17.606018485544194,0,0,0,0,25.01240013545029
449.0,7,35.5,37.7,30.1,43.842819330918005,51.07440159122209,17.60102010665247,0,0,0,0,25.186891907825824
450.0,7,35.27142857142857,36.6,30.4,43.84283600779401,51.08271967955307,17.596025510572648,0,0,0,0,29.588118320766636
451.0,7,35.02857142857143,36.4,30.0,43.84284926411639,51.0910348610751,17.591023414237007,0,0,0,0,36.403910936196766
452.0,8,33.0125,34.0,20.5,39.23075012485655,42.86611688504039,6.945993043706133,0,0,1,1,39.504384569175606
453.0,7,34.81428571428571,36.2,29.1,43.842870004555074,51.10768740694923,17.581014271946724,0,0,0,0,28.049588310804257
454.0,8,32.875,33.75,16.8,39.23215981482359,42.880532637817815,6.95706314047816,1,0,1,1,61.13160615797011
455.0,7,35.48571428571429,36.3,30.3,43.84289163775803,51.12429528336721,17.57101171328998,0,0,0,0,33.11871255864991
456.0,8,32.825,33.75,17.2,39.23355754345691,42.894985818165175,6.968132870916585,1,0,1,1,33.019157211866826
457.0,7,35.32857142857143,35.4,29.9,43.84291253631453,51.14092915028844,17.561012843024194,0,0,0,0,35.08798457512647
458.0,8,33.6375,34.099999999999994,17.9,39.2349558358425,42.909398937098324,6.979202468752315,1,0,1,1,66.31318011283275
459.0,8,33.599999999999994,34.25,17.8,39.23565262224615,42.916615854395246,6.984737143340072,1,0,1,1,89.37757469404679
460.0,8,33.775000000000006,34.599999999999994,18.1,39.236348935327186,42.92382968555111,6.990277293710151,1,0,1,1,66.36104367704968
461.0,7,34.54285714285714,34.2,28.9,43.84294164122169,51.17419868857779,17.541000688535302,0,0,0,0,35.01443977230242
462.0,7,34.75714285714286,34.5,28.6,43.84294330179845,51.182497043904895,17.535988876061662,0,0,0,0,35.98613066606864
463.0,7,35.042857142857144,34.9,29.0,43.84295105704747,51.19079181071699,17.530986687622704,0,0,0,0,41.64195140175372
464.0,7,35.24285714285715,35.8,29.4,43.842947908541426,51.19915379897391,17.525969726644508,0,0,0,0,41.16371672392422
465.0,7,35.214285714285715,34.9,30.3,43.842950606978,51.20748171318644,17.520966058203037,0,0,0,0,42.07207745676354
466.0,7,35.114285714285714,35.3,30.2,43.84295637984297,51.21576578500578,17.515965610607658,0,0,0,0,36.6570721441509
467.0,7,35.42857142857143,35.4,30.1,43.84296415597083,51.22405369979876,17.510970877025308,0,0,0,0,41.18988974544902
468.0,7,36.042857142857144,36.1,31.0,43.842964941167835,51.232370749952025,17.505965648031736,0,0,0,0,37.21799687554452
469.0,7,35.9,36.4,29.2,43.84297001302239,51.24066839954482,17.500962915058196,0,0,0,0,41.94941026045108
470.0,7,34.5,35.6,27.8,43.84296713260556,51.24899777010036,17.495956882360154,0,0,0,0,37.94265998184907
471.0,8,32.5125,34.7,15.0,39.24399159840503,43.00321683272585,7.051199044905193,1,0,1,1,45.590942143818985
472.0,7,35.285714285714285,36.0,28.8,43.84296353924463,51.26562040969298,17.485945060312257,0,0,0,0,40.88733009989643
473.0,7,34.91428571428572,35.6,28.3,43.84296308784693,51.27395364527738,17.480940130815817,0,0,0,0,36.53517238775997
474.0,7,35.1,35.5,26.7,43.842965989701234,51.28226933389467,17.475944098234276,0,0,0,0,45.08140704456184
475.0,7,35.17142857142857,36.0,24.9,43.842962653137626,51.290580183856925,17.470934930271817,0,0,0,0,49.07811627156688
476.0,7,35.65714285714286,36.6,28.1,43.84295152684258,51.29892388434545,17.465918276645407,0,0,0,0,36.2892590053785
477.0,7,35.885714285714286,36.3,25.4,43.84295057995107,51.307232297083466,17.46092172185792,0,0,0,0,44.11810165952424
478.0,8,33.625,36.900000000000006,17.2,39.24882347813275,43.05375916044562,7.089993572249727,1,0,1,1,81.8673853386374
479.0,8,34.3875,38.05,20.0,39.2495009276428,43.060988504225165,7.095528419156148,0,0,1,1,54.18625577723992
480.0,8,34.225,36.85,20.7,39.250195299552296,43.068203923592804,7.101067300118428,0,0,1,1,45.42425959878512
481.0,8,33.587500000000006,35.05,18.2,39.25088013925297,43.07543254880472,7.106619415714328,1,0,1,1,33.72180169351927
482.0,8,34.3875,35.6,19.5,39.251565213494786,43.082652922405856,7.112158769676285,1,0,1,1,34.19061568126924
483.0,8,34.6,36.1,18.1,39.25225451118098,43.08986720445727,7.117704676576617,1,0,1,1,38.40271685908724
484.0,8,35.125,36.650000000000006,20.8,39.25294036242596,43.097090348315525,7.12324733681651,0,0,1,1,40.8813143520753
485.0,8,34.8,36.8,20.2,39.25362596776651,43.10430945103231,7.128786996584919,0,0,1,1,39.18243083494556
486.0,8,34.575,35.4,21.5,39.25431068824126,43.11152020409412,7.134333719572018,0,0,1,1,50.48188824955487
487.0,8,35.15,36.0,23.0,39.25499600133611,43.118742246498655,7.139875498697928,0,0,1,1,39.63090607573864
488.0,8,35.35,36.55,21.2,39.25568063135075,43.125967103539224,7.145423050604881,0,0,1,1,40.31163532988808
489.0,8,35.9625,36.8,22.8,39.256358395547664,43.1332011199102,7.150967940447887,0,0,1,1,43.46538431787405
490.0,8,35.2125,35.9,19.2,39.25704333350933,43.140424487747865,7.1565150016573424,1,0,1,1,40.45234053998882
491.0,8,34.5,34.65,19.8,39.25772750755509,43.147641081541906,7.162059470658182,1,0,1,1,39.18933760447581
492.0,8,34.75,35.9,20.0,39.25840380735351,43.15487341955574,7.167604783935078,0,0,1,1,55.28023524990797
493.0,8,35.2375,35.8,21.5,39.259085545429635,43.16209296837903,7.173154445650673,0,0,1,1,61.50311219359078
494.0,8,34.8125,35.95,19.1,39.25976067206647,43.169318941307914,7.178702339441408,1,0,1,1,46.52886960596707
495.0,7,36.58571428571429,36.5,33.2,43.84276110838724,51.45696693141004,17.370787877045032,0,0,0,0,33.17639277956424
496.0,7,36.471428571428575,36.2,33.8,43.842736024781196,51.46533537462953,17.3657673721903,0,0,0,0,30.056643340586685
497.0,7,36.957142857142856,36.4,34.3,43.84272002189154,51.47362394034822,17.360758308652365,0,0,0,0,31.707200284304616
498.0,7,36.871428571428574,36.4,33.6,43.842704478638,51.48191104225122,17.355750319323715,0,0,0,0,27.826469206808195
499.0,8,34.275000000000006,35.85,17.8,39.26315374112271,43.20544236193414,7.206441481588526,1,0,1,1,34.11811430217502
500.0,7,36.114285714285714,36.0,32.9,43.84266797692853,51.49857714207997,17.345740533446065,0,0,0,0,32.95587197003968
501.0,7,36.371428571428574,35.9,33.9,43.842646524206465,51.50688605918899,17.340729713733204,0,0,0,0,33.258715000547355
502.0,7,36.31428571428571,36.4,32.5,43.8426288872889,51.51520528738507,17.335721719641406,0,0,0,0,33.431036857462466
503.0,7,36.557142857142864,36.5,33.1,43.842606564145754,51.523503028720754,17.33070979511889,0,0,0,0,34.20584954469048
504.0,8,33.4,35.75,13.6,39.26653261446386,43.24156308825036,7.234183989761892,1,1,1,1,37.48584554145673
505.0,7,36.385714285714286,35.8,33.3,43.84255722033259,51.54016567337375,17.320679434991682,0,0,0,0,31.1606680592429
506.0,7,35.9,35.6,32.5,43.84253985497777,51.54846829176775,17.31568377374984,0,0,0,0,30.763941741548084
507.0,7,36.41428571428571,36.0,31.7,43.84251644210066,51.55676610363038,17.310673435277053,0,0,0,0,31.11564511388116
508.0,7,36.51428571428571,36.7,33.0,43.84248675925679,51.56512491495929,17.305655347992047,0,0,0,0,27.992028810520708
509.0,7,36.31428571428571,35.6,33.1,43.84246478628673,51.573469990247446,17.300653255575888,0,0,0,0,35.212913880431145
510.0,8,33.375,34.9,13.4,39.270568191026065,43.284921908452816,7.267489873422579,1,1,1,1,28.575882933371016
511.0,8,33.5125,34.35,19.2,39.2712440405183,43.292143214901486,7.273040691641275,1,0,1,1,34.7450441925624
512.0,8,33.537499999999994,34.8,17.3,39.271913222049335,43.299376678758755,7.278589822257926,1,0,1,1,33.927110752647074
513.0,8,33.625,34.45,18.8,39.2725843392442,43.306608649362374,7.284146330656617,1,0,1,1,34.083851480653735
514.0,8,34.2875,34.9,23.6,39.273253640154664,43.31383371097026,7.289698928485619,0,0,1,1,50.81491221485618
515.0,8,33.925,35.099999999999994,18.3,39.273923815392855,43.321062026008164,7.295254062681373,1,0,1,1,35.10090022623382
516.0,7,35.42857142857142,36.0,30.6,43.842272601187084,51.631696645053694,17.265580331982047,0,0,0,0,34.315679438679695
517.0,8,33.5375,35.05,19.0,39.27525585213381,43.33552413357806,7.306363344877124,1,0,1,1,31.795805710512663
518.0,8,34.375,34.75,22.8,39.27592027276134,43.34275602029289,7.311921306544655,0,0,1,1,49.78603308727309
519.0,8,34.8375,35.0,23.9,39.276588640540524,43.3444615232043,7.317468608218226,0,0,1,1,40.818151670227095
520.0,8,34.5,34.8,24.6,39.27725802533561,43.344006563689746,7.323023141507813,0,0,1,1,38.81470145493345
521.0,8,33.724999999999994,34.45,21.5,39.27792613829254,43.34354390438712,7.32857962072544,0,0,1,1,49.72944131655511
522.0,8,33.825,34.95,19.9,39.278590349974074,43.34307851799982,7.334138191331152,1,0,1,1,59.97271050843449
523.0,8,33.6875,35.15,19.1,39.27925817881099,43.34261949305896,7.339694675533579,1,0,1,1,68.12930670128887
524.0,7,35.44285714285714,35.4,29.3,43.842017516901116,51.61032110711795,17.225495427631966,0,0,0,0,33.414525004638044
525.0,8,32.675,34.0,17.4,39.28058561341268,43.34169490203357,7.35081677226229,1,0,1,1,59.19533614018746
526.0,7,35.02857142857143,35.0,29.0,43.84194452452681,51.59617444942048,17.215467565790764,0,0,0,0,35.95397981412946
527.0,8,33.025000000000006,34.8,18.1,39.28190946194489,43.34076150795551,7.36192049199609,1,0,1,1,72.08072034616848
528.0,7,34.94285714285714,34.8,28.4,43.84187003842351,51.58203870699529,17.205444027240524,0,0,0,0,35.17160202413986
529.0,7,34.31428571428571,34.2,26.8,43.841832060334504,51.574961627432856,17.200430651579982,0,0,0,0,38.91996537740393
530.0,8,32.1375,33.55,16.1,39.28389427010467,43.33936652906013,7.378589349793624,1,0,1,1,102.55061169273476
531.0,8,32.9,33.95,20.2,39.28455135533814,43.3388977143061,7.384147501629425,0,0,1,1,51.954435920882
532.0,8,34.1875,35.1,21.7,39.28521518369557,43.33844628779424,7.389708695575304,0,0,1,1,65.66636408971753
533.0,8,34.675,36.05,19.9,39.28587055770212,43.337962713711875,7.39526582599355,1,0,1,1,42.16001180362893
534.0,8,34.5,35.5,20.5,39.28653164823433,43.33750385628669,7.400829338999705,0,0,1,1,40.30401135316788
535.0,8,34.6375,35.2,20.9,39.28718983641758,43.337038931264914,7.40637543320167,0,0,1,1,63.48336515303368
536.0,7,36.114285714285714,36.4,31.9,43.84154427766263,51.52548002970379,17.165336310746408,0,0,0,0,32.85327434650208
537.0,7,36.442857142857136,37.6,31.8,43.841504632215035,51.51843638834271,17.160330831111764,0,0,0,0,32.09355334814361
538.0,7,36.614285714285714,38.1,29.8,43.84145880657004,51.51134998675675,17.155311137154577,0,0,0,0,33.556807208662136
539.0,7,36.12857142857143,38.2,27.1,43.841414579262484,51.50430332802511,17.15029797970456,0,0,0,0,29.057875977877888
540.0,7,35.91428571428572,37.3,27.7,43.841367216184274,51.497225828232494,17.145282421618095,0,0,0,0,32.74705575271762
541.0,8,33.0875,35.4,14.8,39.29112738779151,43.334286440552596,7.439745625275459,1,1,1,1,45.82687919370561
542.0,8,33.5875,35.25,19.3,39.291783127599224,43.33383156870604,7.44530770103414,1,0,1,1,46.48756370308216
543.0,8,34.15,35.3,22.0,39.29244441712976,43.333386277616746,7.450871623332785,0,0,1,1,62.2636421816467
544.0,8,34.175,34.349999999999994,22.8,39.293088011721096,43.33291087592836,7.456425999515794,0,0,1,1,44.48606925695034
545.0,8,34.375,34.3,23.8,39.29374569187152,43.33246900333014,7.461993276940685,0,0,1,1,51.84345682879241
546.0,8,33.574999999999996,33.75,19.9,39.29439770630496,43.33200090918546,7.467559196773872,1,0,1,1,49.92513195844397
547.0,8,34.1375,33.5,22.2,39.29505142357972,43.331538679567366,7.473116968932404,0,0,1,1,44.122934821419946
548.0,8,34.1875,33.7,21.3,39.29569856974821,43.33108229975368,7.478676030693436,0,0,1,1,55.81354456683052
549.0,7,36.08571428571428,34.6,29.5,43.840941461462585,51.43371138858188,17.10017550407123,0,0,0,0,42.19806460239264
550.0,7,34.65714285714286,34.7,25.8,43.84088262575919,51.42661521808034,17.095145230291312,0,0,0,0,46.92836521362405
551.0,7,34.5,34.0,27.5,43.84083182569842,51.41955281371287,17.090136350703023,0,0,0,0,33.29922455227035
552.0,7,34.699999999999996,33.2,29.1,43.84077439639855,51.41247633028898,17.085116295930376,0,0,0,0,36.3810277902036
553.0,7,35.871428571428574,36.1,30.5,43.840721404416946,51.40541424993441,17.080099275976043,0,0,0,0,30.25845980390139
554.0,8,33.05,35.0,12.8,39.299590227854026,43.32833117989989,7.512052876023668,1,1,1,1,131.31062443375873
555.0,7,35.699999999999996,36.2,30.4,43.84060951031736,51.391269267451776,17.070070733785364,0,0,0,0,36.4748095098403
556.0,7,35.58571428571428,36.3,30.2,43.8405570660196,51.38422501329436,17.06506438588079,0,0,0,0,34.605206659931774
557.0,8,33.33749999999999,35.599999999999994,16.6,39.30153586533788,43.32698168607267,7.528759223375217,1,0,1,1,51.30205168123915
558.0,7,36.32857142857143,37.6,31.2,43.84044577726198,51.37013476915361,17.05502414290236,0,0,0,0,25.371723761500466
559.0,7,35.87142857142857,37.1,30.9,43.84038505271322,51.36305463261888,17.050008244916757,0,0,0,0,23.175478151876405
560.0,7,36.01428571428571,36.8,30.9,43.8403365306419,51.35605230691604,17.045005048218083,0,0,0,0,27.61229786865881
561.0,7,35.68571428571428,36.4,31.6,43.84028007955209,51.3489896453104,17.0399965705184,0,0,0,0,30.230151718861137
562.0,7,37.142857142857146,37.5,33.9,43.84021887194209,51.3419186623245,17.034977141418523,0,0,0,0,32.99938603502605
563.0,7,36.971428571428575,37.9,32.6,43.84015694555732,51.3348744787212,17.02995660914728,0,0,0,0,32.183167470564186
564.0,8,33.45,36.05,13.0,39.30604112066392,43.32379156170538,7.567721244027228,1,1,1,1,84.47831352116079
565.0,7,36.128571428571426,36.7,31.5,43.84002760798507,51.3207285377936,17.019916215377748,0,0,0,0,32.010033190227134
566.0,7,35.31428571428572,36.6,28.9,43.839967802293856,51.31369629944841,17.014895816966842,0,0,0,0,37.04139326025691
567.0,7,36.25714285714286,37.4,30.1,43.83990468497924,51.30663231282388,17.009885580104296,0,0,0,0,37.31783939989355
568.0,8,34.05,36.05,16.6,39.30861143279849,43.322005648993,7.589990122562133,1,0,1,1,47.81723289626211
569.0,8,34.65,35.900000000000006,22.3,39.30925124496734,43.321536897070665,7.595564277596949,0,0,1,1,41.84338324373099
570.0,8,33.225,34.8,19.8,39.309897251582,43.32111079381404,7.601137413787393,1,0,1,1,59.29248293687965
571.0,7,35.21428571428571,35.8,30.1,43.83965144694587,51.27841869445193,16.989823131217815,0,0,0,0,41.35634810037987
572.0,8,32.462500000000006,34.55,20.4,39.31117819473506,43.32021605871791,7.612286215123948,0,0,1,1,76.41555550308078
573.0,8,33.6875,34.65,22.1,39.3118073818228,43.31975040827227,7.61783562059817,0,0,1,1,62.30404249293463
574.0,8,33.8625,34.9,23.6,39.31244960608701,43.31932672656103,7.623416626791899,0,0,1,1,54.25543590938952
575.0,8,34.175,35.400000000000006,22.2,39.313075772616585,43.31885141767205,7.628968340003923,0,0,1,1,58.363440031624016
576.0,8,34.0,36.45,21.5,39.31372220949572,43.31841845391242,7.634556609720701,0,0,1,1,57.08435752418401
577.0,7,36.74285714285714,37.9,28.8,43.8392418079106,51.23610014409941,16.95972266596167,0,0,0,0,34.5546308557067
578.0,8,34.4875,36.65,19.0,39.31499091754954,43.317517030228444,7.645692521082109,1,0,1,1,60.09943518499888
579.0,8,34.775,36.9,18.7,39.315623298312175,43.31705444023017,7.651258725553027,1,0,1,1,43.75700772162795
580.0,8,34.9375,36.85,19.3,39.316256069432754,43.3166048162524,7.656824598570292,1,0,1,1,43.65485115934271
581.0,8,34.05,35.95,19.4,39.31689213796021,43.31616468998158,7.662409502353471,1,0,1,1,40.999837771114656
582.0,8,35.349999999999994,37.15,21.1,39.31753563035944,43.31574005087887,7.667995314053468,0,0,1,1,48.57345397999232
583.0,8,35.212500000000006,37.3,19.0,39.31816625915225,43.3152995168306,7.673568629607631,1,0,1,1,65.07914365247984
584.0,8,35.5125,37.150000000000006,21.9,39.31879029964101,43.314839462835266,7.679126998866208,0,0,1,1,59.63580680796831
585.0,7,36.61428571428571,37.0,31.1,43.83866714316833,51.17972898104341,16.919581199638007,0,0,0,0,34.69918408033801
586.0,8,34.1125,36.7,19.3,39.32004734185196,43.31393121810366,7.690267978000384,1,0,1,1,69.63314111282156
587.0,8,35.3625,36.7,23.9,39.32068471271121,43.31351416069792,7.695852237421455,0,0,1,1,63.240758601727954
588.0,8,35.3375,37.3,22.5,39.32131690203539,43.31306962106834,7.70142798259244,0,0,1,1,55.33964734987379
589.0,8,35.537499999999994,37.5,22.8,39.32193977263958,43.31259934458555,7.706995007166588,0,0,1,1,73.20552570334786
590.0,7,37.07142857142857,37.3,31.4,43.83828461067572,51.14449800857398,16.894491252640954,0,0,0,0,40.15718349246488
591.0,8,34.05,35.9,19.0,39.32319243461585,43.3117124885911,7.718141405852813,1,0,1,1,80.83944357754203
592.0,8,34.4875,36.4,18.7,39.323818956518444,43.311256727956334,7.723719749218634,1,0,1,1,78.95054421422195
593.0,8,35.0875,35.8,24.1,39.32444320739906,43.3108066064633,7.729298379789508,0,0,1,1,56.341503627766464
594.0,7,37.385714285714286,37.2,31.5,43.837955696355166,51.11624042351592,16.87439969357096,0,0,0,0,36.61149514043011
595.0,8,35.075,36.900000000000006,18.6,39.325690008120866,43.309898287306765,7.740440722704908,1,0,1,1,67.42000168038999
596.0,8,35.4875,37.849999999999994,18.1,39.32632356573406,43.309472692945725,7.746025643943733,1,0,1,1,45.5933262442017
597.0,8,35.4125,37.55,18.5,39.32695183874466,43.30905795909614,7.751606156287793,1,0,1,1,79.3543032051581
598.0,8,35.537499999999994,37.3,20.2,39.32757270718261,43.30860082731821,7.75718064104199,0,0,1,1,42.63811988017777
599.0,8,35.5875,37.45,24.0,39.328185887800146,43.3081249150715,7.762751256016584,0,0,1,1,43.5858841518633
600.0,8,35.4875,37.3,23.1,39.328820473570204,43.30773165989323,7.768347217594898,0,0,1,1,44.409530279020046
601.0,8,35.3375,36.599999999999994,23.3,39.32943975870625,43.30728907253638,7.773918867925748,0,0,1,1,43.11692631544077
602.0,8,35.45,36.1,23.8,39.330076783319015,43.3068909662083,7.779513773555532,0,0,1,1,58.16295812341149
603.0,8,35.9125,36.15,25.1,39.330691161194196,43.30642645600477,7.785088364678225,0,0,1,1,48.31927461696493
604.0,8,36.275,36.55,25.3,39.33130968844674,43.305991069068824,7.79066082797699,0,0,1,1,44.23997123160274
605.0,8,36.099999999999994,37.0,24.9,39.33193463124101,43.30557264385803,7.796239769551257,0,0,1,1,64.09386432001025
606.0,8,34.3625,35.55,19.1,39.33255695551158,43.30513187849835,7.801820681254427,1,0,1,1,50.4614071120028
607.0,8,35.275000000000006,36.95,20.7,39.33317131714647,43.304677205103204,7.807395864690381,0,0,1,1,29.505177127023288
608.0,8,35.5,37.3,20.8,39.33379078290679,43.304252227069284,7.812979808916885,0,0,1,1,49.420666986458656
609.0,8,35.8,36.75,20.9,39.3344044744421,43.30380215521156,7.818555968807482,0,0,1,1,37.53754292132079
610.0,8,35.825,37.5,22.6,39.33501220903823,43.30333331001438,7.8241214916440285,0,0,1,1,39.54098130143744
611.0,8,34.775000000000006,36.2,20.3,39.33564511287052,43.3029452496989,7.829728060849086,0,0,1,1,31.007532021413983
612.0,7,36.68571428571429,36.0,32.7,43.836392501768174,50.989536726138574,16.784029133135945,0,0,0,0,37.614261138347
613.0,7,36.6,36.5,32.9,43.83630108785548,50.98248788665377,16.779008444637636,0,0,0,0,41.9300421595996
614.0,7,37.228571428571435,37.1,33.3,43.836196230594304,50.975398701142375,16.773971633760898,0,0,0,0,33.5815118361359
615.0,7,36.800000000000004,36.6,32.4,43.83611477030711,50.96840487843243,16.768976015470543,0,0,0,0,38.06259959063716
616.0,8,33.787499999999994,35.95,17.1,39.33871082819654,43.3007142224628,7.857619462153668,1,0,1,1,36.0255380000456
617.0,8,34.5625,35.849999999999994,22.6,39.33932644321311,43.30028595746318,7.863202199527047,0,0,1,1,30.377230769051103
618.0,8,34.412499999999994,35.7,18.9,39.339938667701965,43.29985802007201,7.868792492888024,1,0,1,1,38.17656612635607
619.0,7,36.88571428571429,37.0,33.3,43.83571730303057,50.94021131778823,16.748861422703364,0,0,0,0,28.96212067133445
620.0,8,34.074999999999996,35.25,18.6,39.34116216463897,43.29898944818712,7.879956266797405,1,0,1,1,34.41843616555588
621.0,8,33.3375,34.849999999999994,18.4,39.34178200700329,43.298582723032574,7.8855542882612975,1,0,1,1,24.717339473615628
622.0,8,33.65,35.7,18.2,39.34238675715034,43.29813859118538,7.891136662713558,1,0,1,1,45.9070060739922
623.0,7,36.128571428571426,36.4,31.0,43.83532529952057,50.91210453373164,16.72876652576515,0,0,0,0,22.062646740662192
624.0,7,36.41428571428572,36.3,31.8,43.835214013105706,50.90503888268881,16.723724445952808,0,0,0,0,22.63203611173504
625.0,7,36.300000000000004,36.1,31.0,43.835115033413274,50.89798287726362,16.71870561053233,0,0,0,0,21.718404877261936
626.0,8,33.400000000000006,35.349999999999994,15.9,39.34482702677277,43.29641173893317,7.913482442198562,1,0,1,1,24.89898217489629
627.0,7,36.957142857142856,36.1,33.7,43.83491640343197,50.883971153143285,16.708667790791687,0,0,0,0,22.236517352527866
628.0,8,34.95,36.2,18.3,39.346036474296426,43.29554080519256,7.924647957961131,1,0,1,1,88.88745141984828
629.0,8,35.712500000000006,36.9,21.3,39.34664941699157,43.2951213459539,7.930243940699786,0,0,1,1,68.60481477836991
630.0,7,37.67142857142857,37.4,32.9,43.834595428171305,50.86282285758293,16.69358725684205,0,0,0,0,23.96944515279806
631.0,8,34.162499999999994,35.849999999999994,18.0,39.34786418389079,43.294274579459795,7.941423264733435,1,0,1,1,75.54673616851419
632.0,8,34.7375,36.099999999999994,19.9,39.34846787641894,43.29386160372133,7.947012372629233,1,0,1,1,41.14962907538238
633.0,8,35.125,36.45,19.5,39.34906687848215,43.29340788768582,7.95259462635648,1,0,1,1,63.1807066011485
634.0,8,34.912499999999994,36.15,19.6,39.34967800291467,43.29300086842675,7.958199104345638,1,0,1,1,49.40731616071669
635.0,7,36.728571428571435,37.3,32.8,43.834074659994585,50.82775209194768,16.668475729972148,0,0,0,0,26.566149725090085
636.0,7,36.728571428571435,37.7,31.8,43.833956343009675,50.82069222510807,16.663438493890634,0,0,0,0,31.25794981898021
637.0,7,36.957142857142856,38.2,32.9,43.83384979642782,50.8136696397709,16.658422826877473,0,0,0,0,29.886655516186483
638.0,7,37.285714285714285,37.8,32.7,43.83374418689751,50.806647278761,16.653404750929226,0,0,0,0,31.151435141323507
639.0,8,34.5875,36.55,16.4,39.352697473206405,43.29085337167514,7.986124343620541,1,0,1,1,100.3681735109644
640.0,7,36.785714285714285,37.8,32.9,43.83351858456753,50.79256248707626,16.643347501326172,0,0,0,0,25.66325829034713
641.0,8,34.3375,35.95,17.0,39.3538942166726,43.28998784990666,7.997312246147228,1,0,1,1,81.61172175440629
642.0,8,34.7,35.9,20.5,39.35449199643953,43.289576387325596,8.002894652616448,0,0,1,1,43.4350092074545
643.0,8,34.9875,36.45,19.8,39.35509974157991,43.28916998813521,8.008494694310436,1,0,1,1,54.00736562218125
644.0,8,34.675,35.849999999999994,21.4,39.35569674225651,43.288747688498205,8.01408608117505,0,0,1,1,61.05385917537392
645.0,8,35.0375,36.1,24.7,39.35629896547768,43.28832764463775,8.019685996986444,0,0,1,1,60.04084540444093
646.0,8,34.8625,36.2,21.6,39.35689501530129,43.28789729605532,8.0252702520654,0,0,1,1,46.96838721343639
647.0,8,35.712500000000006,36.3,25.2,39.357496284272585,43.28748008283085,8.030869976330383,0,0,1,1,66.97191532673514
648.0,8,35.362500000000004,36.150000000000006,23.2,39.35809773866177,43.28707233435462,8.036473161673166,0,0,1,1,57.82449093255866
649.0,8,35.125,36.0,24.7,39.35869573958252,43.28664969668955,8.042068135398495,0,0,1,1,57.78511572067587
650.0,8,34.2,36.0,22.2,39.35929256353245,43.28622902169312,8.047667205228517,0,0,1,1,50.29383748303732
651.0,8,33.662499999999994,35.55,18.2,39.35988396633845,43.28579806280751,8.053252361752039,1,0,1,1,46.23175377781725
652.0,8,34.412499999999994,35.9,21.2,39.36048420536468,43.28539215936165,8.058845128889198,0,0,1,1,52.406995682419385
653.0,8,34.825,35.6,22.8,39.36106374931689,43.28495040906766,8.064425400730764,0,0,1,1,58.25174492993152
654.0,8,34.4875,35.65,20.2,39.36166911971927,43.28453544215353,8.070036576941101,0,0,1,1,43.41172624513575
655.0,8,34.9875,35.25,22.8,39.36225934412397,43.28411254387928,8.075631558986862,0,0,1,1,49.86241398444638
656.0,8,34.0625,34.8,20.8,39.36284691228315,43.2836699249425,8.081216207607728,0,0,1,1,35.14768140115404
657.0,7,36.314285714285724,36.5,30.2,43.83153858965236,50.6731964851509,16.55791163122692,0,0,0,0,46.88048883087388
658.0,8,35.0,36.25,16.7,39.364045706015546,43.28288396347547,8.092426180530532,1,0,1,1,59.93966382304344
659.0,7,36.82857142857143,36.6,31.9,43.83129166531358,50.65916428012176,16.547864420035534,0,0,0,0,40.0642581552317
660.0,7,37.31428571428571,36.0,33.9,43.83116384710443,50.65212080939384,16.542828613545737,0,0,0,0,31.249438551357308
661.0,8,34.55,36.150000000000006,16.0,39.365814664253946,43.281615785813045,8.109225246787492,1,0,1,1,42.01810274097407
662.0,7,37.357142857142854,36.5,34.2,43.83091457555936,50.63809310102558,16.532779868098448,0,0,0,0,30.369074006074424
663.0,7,37.57142857142857,37.1,33.3,43.830790596684785,50.63109254909396,16.52775045747867,0,0,0,0,31.99332478914213
664.0,7,36.98571428571429,36.6,33.0,43.83065330503881,50.624035628404265,16.522709010322767,0,0,0,0,30.718271904547574
665.0,8,34.4875,36.0,16.1,39.36816294470645,43.27993771987249,8.131605614295173,1,0,1,1,41.06691583212706
666.0,8,34.85,36.35,18.7,39.36875200648006,43.2795235582089,8.13720847762269,1,0,1,1,80.05823896393662
667.0,8,35.6875,37.05,20.6,39.36933706902389,43.279110808170586,8.14279434343056,0,0,1,1,61.85184788841738
668.0,8,35.95,37.35,19.6,39.369918649792936,43.278696238174646,8.148395223636868,1,0,1,1,42.67992465903093
669.0,8,35.5125,36.95,19.8,39.37050760590934,43.2782857546693,8.153993989570006,1,0,1,1,38.765745940151966
670.0,8,34.787499999999994,36.55,17.3,39.37109180358747,43.27786700135375,8.159588293072204,1,0,1,1,36.72132301895199
671.0,8,34.625,35.6,21.9,39.37166953504079,43.277430955051955,8.16518399959603,0,0,1,1,40.46610279802786
672.0,8,34.2625,36.2,20.9,39.37224676706213,43.27700121332212,8.170770680536158,0,0,1,1,52.43336329235153
673.0,8,34.037499999999994,36.0,18.6,39.37284050907408,43.27661538767573,8.176388836098129,1,0,1,1,30.195965513035485
674.0,7,36.785714285714285,36.7,29.5,43.829344531529124,50.553881459861806,16.472441426105664,0,0,0,0,38.92208288571768
675.0,8,34.2875,35.75,17.3,39.37401197008178,43.27580935632136,8.187589192382537,1,0,1,1,34.447982439743484
676.0,8,34.625,35.45,20.2,39.37458600323794,43.275369992366514,8.193184193385083,0,0,1,1,35.984890935899095
677.0,8,34.7625,34.95,21.1,39.375175740698914,43.2749787599673,8.198788137062012,0,0,1,1,41.90192810161566
678.0,8,35.3375,36.05,22.5,39.375763577874224,43.27459457922287,8.204399499467991,0,0,1,1,49.52914374571012
679.0,8,35.4375,35.35,24.6,39.37633776766942,43.27416035114904,8.20999538774344,0,0,1,1,47.40243146067923
680.0,8,35.075,34.150000000000006,23.8,39.37692824436524,43.27378172468067,8.215615879512912,0,0,1,1,41.84973581324778
681.0,8,35.75,35.15,25.0,39.37750003770961,43.27334403788614,8.221211055975438,0,0,1,1,37.40484359702717
682.0,8,35.4125,35.4,22.7,39.3780758165819,43.27292765266002,8.226814763988108,0,0,1,1,34.430571023412206
683.0,8,35.0625,35.95,23.5,39.37865670439655,43.27253491577215,8.232411556504115,0,0,1,1,42.27459471578881
684.0,8,35.1625,34.9,24.0,39.37923008919706,43.27210449191868,8.23801138033497,0,0,1,1,45.0351129934038
685.0,8,34.65,33.95,24.0,39.37980337823387,43.27168753650567,8.243614441543196,0,0,1,1,42.60511799440639
686.0,8,34.525000000000006,35.0,22.5,39.38038522001279,43.27129860858876,8.249231430336074,0,0,1,1,42.477344373960655
687.0,8,34.1625,34.55,20.9,39.38095306675541,43.270862995541954,8.254820179130375,0,0,1,1,36.804215963283696
688.0,8,34.3875,35.9,21.0,39.38152797690701,43.27046005993001,8.26042757268041,0,0,1,1,41.23945388920468
689.0,8,35.3625,36.099999999999994,24.3,39.38210479829053,43.270068595286716,8.266040075340612,0,0,1,1,37.38845658602507
690.0,8,34.912499999999994,35.1,22.1,39.38268567165893,43.26967247800469,8.27164775681339,0,0,1,1,39.10427952562296
691.0,8,34.599999999999994,34.7,23.0,39.38327020214014,43.26929401350158,8.277266763889804,0,0,1,1,52.2118406880341
692.0,8,35.099999999999994,35.7,21.2,39.383838783202535,43.268892197037346,8.282869046082961,0,0,1,1,40.86697369454623
693.0,7,36.24285714285715,35.4,31.4,43.82668510854705,50.42074036520544,16.37689231566577,0,0,0,0,41.93830508965836
694.0,8,34.3625,35.8,17.3,39.384976546760676,43.2680524209885,8.294071436487046,1,0,1,1,42.14388820841159
695.0,8,34.0875,36.35,17.6,39.38554923078695,43.26765565379884,8.299669364670711,1,0,1,1,54.16416231128347
696.0,7,36.471428571428575,35.6,32.9,43.8262477269253,50.39973250148911,16.361810833838238,0,0,0,0,41.25212622674496
697.0,7,36.800000000000004,35.6,34.1,43.82608648490544,50.3926806147741,16.35676522501212,0,0,0,0,40.42109324809592
698.0,7,36.67142857142857,35.2,33.5,43.82593578238417,50.38567128820044,16.351731933626475,0,0,0,0,38.046628042873365
699.0,7,36.98571428571429,35.7,33.7,43.825775198754215,50.37862404491018,16.34668314441178,0,0,0,0,29.90919224589314
700.0,8,33.725,34.35,14.8,39.38838756201936,43.26559834899781,8.327716702604711,1,1,1,1,73.06923344668705
701.0,7,36.31428571428571,35.0,32.2,43.82548371798726,50.36467553760573,16.336636065602892,0,0,0,0,39.107048755769554
702.0,7,37.51428571428572,36.8,33.1,43.82532485986774,50.35765068741623,16.331595331529556,0,0,0,0,29.10293606700452
703.0,7,37.357142857142854,36.9,33.7,43.82516444361949,50.35063796667544,16.326554843861373,0,0,0,0,37.4706164381821
704.0,8,35.9125,36.55,19.6,39.390652510950815,43.263992655194144,8.350149972168538,1,0,1,1,28.132116503727307
705.0,8,35.5375,36.25,17.5,39.3912234648775,43.26359111190556,8.35576206839234,1,0,1,1,43.60834186500228
706.0,7,37.48571428571429,35.7,33.5,43.82470097961344,50.32960669729045,16.311462020874803,0,0,0,0,35.57592806885037
707.0,7,38.0,37.1,34.7,43.82453985910285,50.32258919757331,16.306427173929553,0,0,0,0,31.56460639529969
708.0,7,37.285714285714285,36.4,34.0,43.82438678375638,50.31559420975968,16.301392963887245,0,0,0,0,29.12015560921284
709.0,7,37.38571428571429,36.5,34.4,43.824223501434986,50.30859092681511,16.29635110615397,0,0,0,0,29.371291980593163
710.0,7,37.82857142857143,37.1,34.5,43.82406557897982,50.30159874694284,16.291320147832543,0,0,0,0,25.913265677639156
711.0,8,34.925,36.0,16.4,39.39459297165128,43.26116807013827,8.389429416266642,1,0,1,1,51.76195340890027
712.0,8,35.9875,36.3,22.6,39.39515078904484,43.26074784964928,8.395029275778537,0,0,1,1,50.184345280842216
713.0,8,35.6875,36.2,20.8,39.395723016595554,43.26038118484405,8.40065734502794,0,0,1,1,44.1134427195412
714.0,8,35.9875,36.5,19.9,39.39628390778867,43.25998118105852,8.406271549303424,1,0,1,1,77.45710508251928
715.0,7,38.371428571428574,37.3,35.4,43.823273723367606,50.26663508339733,16.266165379886317,0,0,0,0,29.901370722344005
716.0,8,35.5125,36.3,18.2,39.397407900682,43.25919941697076,8.417512833837312,1,0,1,1,73.14197236130414
717.0,7,38.300000000000004,36.4,35.4,43.82294197862666,50.25260882504239,16.256077727404644,0,0,0,0,28.674313472248883
718.0,7,38.08571428571429,36.4,34.7,43.82278530491974,50.24564754251654,16.251054579324116,0,0,0,0,30.189276373077625
719.0,7,38.199999999999996,36.9,34.3,43.82260862889228,50.23859143343253,16.246007155090993,0,0,0,0,29.063716809495705
720.0,7,38.92857142857143,37.6,35.8,43.82244857810603,50.23161006556503,16.240980654269716,0,0,0,0,34.023744813739064
721.0,8,35.6875,36.8,17.5,39.400197019713616,43.25720717592414,8.445577814977206,1,0,1,1,34.5438168385987
722.0,8,36.1875,36.8,23.2,39.40075302256276,43.256812515322764,8.451198442639766,0,0,1,1,36.24164378240277
723.0,8,35.675,36.7,19.7,39.401311566152124,43.256424778626695,8.456813822608147,1,0,1,1,35.482765402200066
724.0,7,38.271428571428565,37.7,34.1,43.82178243086224,50.20362887992531,16.220848145891498,0,0,0,0,37.79982838503468
725.0,7,38.25714285714285,37.0,33.5,43.82161581296949,50.19663172824756,16.21581989313754,0,0,0,0,32.4782722197677
726.0,7,38.25714285714286,36.8,35.0,43.82143965002751,50.18961859554593,16.21077721768735,0,0,0,0,36.347173445798
727.0,7,38.714285714285715,37.4,36.7,43.82127330781105,50.182651907906695,16.20574861571124,0,0,0,0,33.17784464392809
728.0,8,35.3625,36.7,19.2,39.40407667377673,43.254438690772396,8.484880522476734,1,0,1,1,61.25547787399688
729.0,7,38.45714285714286,37.4,35.9,43.82093873569057,50.16869782756254,16.195691061341915,0,0,0,0,36.84070265599461
730.0,7,38.92857142857143,38.1,36.0,43.820758623928114,50.16166807312841,16.190648007699043,0,0,0,0,33.62504292320829
731.0,7,38.41428571428571,36.7,36.3,43.82059498903569,50.15469642776945,16.18561765211775,0,0,0,0,32.95832257846261
732.0,7,38.41428571428571,37.0,35.7,43.82041310262601,50.147692041366994,16.180571512217895,0,0,0,0,33.31316052738732
733.0,7,38.01428571428571,36.7,35.6,43.82024579557139,50.14071045102673,16.17554457921403,0,0,0,0,30.66392732321153
734.0,7,38.35714285714287,37.0,35.2,43.820074813919014,50.13373780892742,16.170511530482898,0,0,0,0,28.75948651393801
735.0,8,36.3,37.05,20.4,39.407933892170945,43.25171330456584,8.52420464090735,0,0,1,1,46.07322931242796
736.0,8,36.525,36.900000000000006,22.1,39.408480048659115,43.25131701602604,8.529833304556531,0,0,1,1,28.532946798152025
737.0,7,38.42857142857143,37.0,35.4,43.819548628478955,50.112772742008616,16.15540354048075,0,0,0,0,40.62958817197347
738.0,8,36.3625,37.35,20.0,39.40957125119149,43.25052012895405,8.54106314433281,0,0,1,1,37.90829493241376
739.0,8,36.3625,37.45,22.7,39.41011536499307,43.2501254503091,8.546681563173744,0,0,1,1,36.59865862950527
740.0,8,36.7625,37.85,21.8,39.41065897150288,43.24973621921161,8.552310718546305,0,0,1,1,32.69006054181295
741.0,8,36.1875,37.099999999999994,21.1,39.41121657510119,43.24936335437431,8.55795751256434,0,0,1,1,31.378496394977407
742.0,8,36.8625,38.05,21.6,39.41176023709224,43.24897461518219,8.563570266590737,0,0,1,1,34.702357557086074
743.0,8,36.1875,37.75,19.2,39.412301346620936,43.24858476667689,8.569175965096976,1,0,1,1,46.071237501291805
744.0,8,36.95,37.900000000000006,23.2,39.412859076108774,43.24823437971159,8.5748215745185,0,0,1,1,35.58163495895144
745.0,7,39.114285714285714,37.9,35.7,43.81809929066565,50.05682363601229,16.11509945598238,0,0,0,0,39.555464387574055
746.0,7,39.18571428571429,37.9,36.0,43.817911601357814,50.04979014205784,16.110047950514197,0,0,0,0,37.70557309115083
747.0,7,38.957142857142856,38.3,35.6,43.817732549720404,50.04283116338056,16.10501924499619,0,0,0,0,39.5817056646664
748.0,7,38.89999999999999,38.2,35.9,43.81754632153082,50.03584388022167,16.09998696282713,0,0,0,0,33.739043305364575
749.0,8,36.775000000000006,37.55,21.8,39.41556570240257,43.2462893664179,8.60293439640644,0,0,1,1,35.32559160312898
750.0,8,36.925,38.05,23.6,39.41608836642719,43.24585565975313,8.608542048382018,0,0,1,1,29.800804766136608
751.0,8,36.0625,36.75,21.0,39.41664120268335,43.245504455845065,8.614172888546216,0,0,1,1,33.12250217484288
752.0,8,36.4375,36.849999999999994,25.4,39.41717953949032,43.245115300750285,8.61979843692215,0,0,1,1,33.28849475017541
753.0,8,36.10000000000001,36.900000000000006,23.7,39.417715236539074,43.244730452296,8.625424829924356,0,0,1,1,38.78081074856097
754.0,8,36.025,37.5,21.5,39.418251149975305,43.24433761469359,8.631039336407419,0,0,1,1,34.016205050978165
755.0,8,36.462500000000006,37.55,22.3,39.41879644288014,43.2439712455044,8.636673507351821,0,0,1,1,42.209002470913696
756.0,8,37.125,38.6,24.3,39.419328699652375,43.24356780655955,8.642292729590677,0,0,1,1,52.84103541377473
757.0,8,36.949999999999996,38.1,23.3,39.41985365014217,43.24315935924295,8.647910494869475,0,0,1,1,48.16557249141214
758.0,8,36.3125,37.3,20.4,39.42039991950576,43.24279813908182,8.653546385561093,0,0,1,1,43.29934436856076
759.0,8,36.675,38.1,19.4,39.4209366755278,43.24241568276882,8.659177797807255,1,0,1,1,45.18216811748541
760.0,8,37.3875,38.15,25.8,39.42146502942505,43.24200971802998,8.664786252945646,0,0,1,1,38.19923472676747
761.0,8,37.212500000000006,38.0,26.4,39.42199781831547,43.2416316165271,8.67042299456147,0,0,1,1,39.98876716828668
762.0,8,36.962500000000006,38.5,21.0,39.422535655472494,43.24125092717898,8.67604613691916,0,0,1,1,40.3166766546415
763.0,8,36.5625,37.95,21.4,39.4230677464247,43.24086910680222,8.681664721551977,0,0,1,1,36.33619784395739
764.0,8,36.6,38.05,21.5,39.42359868623712,43.24048498231076,8.68729454133546,0,0,1,1,43.72697306779457
765.0,7,38.785714285714285,37.8,35.5,43.81429968878725,49.91707631763886,16.01432484482288,0,0,0,0,37.25730457000977
766.0,8,36.2625,37.65,18.5,39.424662464365355,43.239731723583986,8.698556378676209,1,0,1,1,39.10459231217827
767.0,7,39.8,39.5,37.6,43.81390779024959,49.90313352382453,16.00425026002863,0,0,0,0,38.19683784673384
768.0,7,38.800000000000004,38.5,35.8,43.8137139965162,49.8961729342272,15.999211490002963,0,0,0,0,44.883784330904206
769.0,7,39.128571428571426,38.9,36.4,43.813510234773496,49.88916979190296,15.99416475130498,0,0,0,0,36.00779580247221
770.0,7,38.9,38.5,36.0,43.81331570195574,49.88221084911635,15.98913783719818,0,0,0,0,35.712794662137114
771.0,7,38.58571428571428,37.9,35.7,43.81311433320958,49.87522689505459,15.984083641071468,0,0,0,0,38.95412134253292
772.0,7,38.5,37.4,35.3,43.812906785215304,49.86823066814744,15.979036855027406,0,0,0,0,35.87307916938742
773.0,8,35.55,37.4,17.3,39.428368182982,43.23708365090055,8.737974316636395,1,0,1,1,36.17047815324945
774.0,8,36.1375,37.3,20.3,39.42889791420676,43.236727417441905,8.743615399889226,0,0,1,1,41.12993215824911
775.0,8,36.225,37.3,22.3,39.42942369435817,43.23635269116029,8.749242471370065,0,0,1,1,33.09735289232505
776.0,8,36.425,36.75,23.5,39.42994971667595,43.23596604269703,8.754864048375378,0,0,1,1,33.773245749326094
777.0,8,37.3625,37.6,25.1,39.43047088881832,43.23558041471355,8.76049404541916,0,0,1,1,46.285654384524
778.0,8,37.025,37.65,22.6,39.43100457580701,43.23523106947495,8.766134868816783,0,0,1,1,35.43966865666043
779.0,8,36.7,37.0,23.7,39.431536046937865,43.23487121381032,8.771776847683876,0,0,1,1,44.97843769550191
780.0,8,36.9125,37.45,23.4,39.43204965952575,43.234469959694465,8.777406504103416,0,0,1,1,33.79049248578557
781.0,8,36.8125,37.0,24.9,39.43257794116184,43.23411066909273,8.783042969565003,0,0,1,1,46.40829160289479
782.0,8,37.0,37.7,24.7,39.43309991725877,43.23373885200248,8.788671310140145,0,0,1,1,39.56271680744632
783.0,8,37.475,38.400000000000006,26.4,39.433612571698816,43.233341876683674,8.794290849162214,0,0,1,1,41.41055681787402
784.0,8,37.362500000000004,38.25,23.5,39.43412679620432,43.23294627180658,8.799923957533275,0,0,1,1,36.45445477561608
785.0,8,37.525000000000006,38.599999999999994,24.5,39.43464893414634,43.2325699695141,8.805552155172755,0,0,1,1,56.32447734589129
786.0,8,36.8125,37.650000000000006,24.3,39.43517504396782,43.232220722230025,8.811190540733179,0,0,1,1,42.74224826048993
787.0,8,37.225,38.5,23.8,39.43567711582428,43.231795086002165,8.816801060117264,0,0,1,1,40.45204390157579
788.0,8,37.225,38.6,24.9,39.43620683412418,43.23145374744305,8.822458460908068,0,0,1,1,36.291319380687504
789.0,8,37.25,38.7,23.9,39.43672788963511,43.23109296594005,8.828098625193045,0,0,1,1,39.88135705364997
790.0,8,37.037499999999994,38.55,22.5,39.43724460029635,43.23072691245449,8.833742357695066,0,0,1,1,32.34813602231577
791.0,8,36.8875,37.65,25.0,39.43775890763997,43.230341482193296,8.839372006836431,0,0,1,1,33.50948594236108
792.0,8,36.6125,37.5,25.5,39.43828539708342,43.22999881989523,8.845019580477544,0,0,1,1,40.163889243242096
793.0,8,36.699999999999996,37.849999999999994,24.9,39.43879850727379,43.22961781259151,8.850659935623002,0,0,1,1,31.98675282649598
794.0,8,37.2,38.35,22.9,39.43932600313951,43.2292708288965,8.856317235338828,0,0,1,1,34.50697583024083
795.0,8,35.9,36.3,21.4,39.439839208748324,43.22889373345653,8.861952591250237,0,0,1,1,46.505727977096825
796.0,8,34.199999999999996,35.900000000000006,19.2,39.440358220000746,43.22852763051587,8.867585720343387,1,0,1,1,74.13604538100041
797.0,8,33.525,34.7,18.5,39.440870967159135,43.22815885871033,8.873225120048428,1,0,1,1,79.79483377736422
798.0,7,35.871428571428574,37.2,25.0,43.80745650304886,49.68699449552689,15.84797621424318,0,0,0,0,37.00644223304622
799.0,8,33.7875,34.8,17.4,39.4418910543296,43.22741076107525,8.884489228900613,1,0,1,1,65.63920436813751
800.0,8,34.3625,35.75,20.2,39.44241431052494,43.22706810449,8.89013631831185,0,0,1,1,54.51419298790218
801.0,8,33.9,35.35,21.4,39.44292029551988,43.226692465461234,8.895775699291073,0,0,1,1,46.44434502951452
802.0,8,34.6625,35.95,21.9,39.443436351383994,43.226337363843285,8.901420304278771,0,0,1,1,49.95771144286375
803.0,8,35.3875,36.85,23.7,39.44393898620183,43.22594501251542,8.907045571968114,0,0,1,1,42.114153794955
804.0,8,36.125,37.349999999999994,25.5,39.44444955110717,43.22557389765391,8.912689280221185,0,0,1,1,52.09950288926101
805.0,8,35.9625,36.2,24.2,39.44496629326949,43.225224265835614,8.918332097789843,0,0,1,1,51.91319945099441
806.0,8,35.075,35.349999999999994,22.6,39.4454718165486,43.22486019192214,8.92398310026941,0,0,1,1,45.17421850642056
807.0,8,35.5,36.0,24.3,39.44598435677824,43.224507342864726,8.92961663999707,0,0,1,1,61.32373572939248
808.0,8,35.825,37.75,20.8,39.44647827485453,43.22410692150639,8.935251845452363,0,0,1,1,50.45008114654701
809.0,8,36.1375,37.6,20.1,39.44699648365787,43.22376850256381,8.940899666199527,0,0,1,1,61.399264123405885
810.0,8,35.475,36.75,20.3,39.44750793344683,43.223402951880054,8.946515773493667,0,0,1,1,36.70881063437934
811.0,8,35.025,36.95,21.6,39.448019001978736,43.22304507834948,8.952125058838359,0,0,1,1,41.61332842024142
812.0,8,34.6,37.85,20.5,39.44853539147813,43.22268580668853,8.957717534506285,0,0,1,1,39.44308207182316
813.0,8,34.45,37.4,19.6,39.449046799296276,43.22231014926716,8.96330109016499,2,0,1,1,33.16918223418449
814.0,8,35.025000000000006,37.7,23.3,39.44956432443213,43.22194337630722,8.968869247265795,0,0,1,1,31.88384266198113
815.0,8,33.6625,35.2,22.8,39.45007468515223,43.2215786710416,8.974427564506406,0,0,1,1,29.106649459223707
816.0,8,33.2875,35.9,21.6,39.450582200754724,43.221183183910284,8.979973699972543,0,0,1,1,27.21365988053002
817.0,8,33.625,35.5,21.5,39.451104486126,43.22083476283676,8.985529320400143,0,0,1,1,42.29505845940072
818.0,8,33.375,34.4,19.7,39.45161687059407,43.22044003187321,8.99106141012658,1,0,1,1,29.75671713018387
819.0,8,33.5375,34.45,18.9,39.45213175075543,43.22009040673828,8.996609752441977,1,0,1,1,30.027400176520523
820.0,8,33.325,35.55,19.4,39.45264785775184,43.21969972419771,9.002132372199048,1,0,1,1,37.08276380832292
821.0,8,32.825,32.8,21.3,39.4531590068554,43.219316850593465,9.007669200715169,0,0,1,1,32.54178763365638
822.0,8,32.125,34.5,20.0,39.453675400424515,43.21896099137025,9.013205777355893,0,0,1,1,36.67731970549006
823.0,7,33.68571428571429,34.6,23.3,43.80211106859229,49.51393034931463,15.72322413751194,0,0,0,0,34.8545047765712
824.0,8,32.15,31.5,19.5,39.45469912976435,43.218220203846336,9.024268066516846,1,0,1,1,31.579931478577755
825.0,8,32.1625,31.3,20.2,39.45521620101455,43.21785295130282,9.02979766092028,0,0,1,1,29.513258131303928
826.0,7,33.4,33.7,24.2,43.801495935642755,49.49330936445224,15.708484488227116,0,0,0,0,32.74362658267128
827.0,8,31.175,29.4,17.0,39.45623049534113,43.21709113748959,9.040868654090255,1,0,1,1,28.013637793357034
828.0,8,32.175000000000004,31.1,18.9,39.45673766537143,43.21671138404278,9.0464091782285,1,0,1,1,32.97809918687206
829.0,7,34.3,31.9,27.6,43.80086369965795,49.47265919816436,15.693693829140033,0,0,0,0,33.16150529189269
830.0,8,32.55,32.75,16.1,39.45775912764252,43.21597822451475,9.057518465456113,1,0,1,1,38.5243130371686
831.0,7,34.3,34.0,28.7,43.80042718107144,49.45889136646407,15.683794639345493,0,0,0,0,29.193923331311144
832.0,7,35.25714285714285,33.9,28.7,43.80021462250902,49.4520234218025,15.678853444705748,0,0,0,0,30.470300167551983
833.0,7,35.3,34.5,30.8,43.80000219042979,49.44513491366565,15.673920836698482,0,0,0,0,35.987366096621976
834.0,7,35.84285714285714,35.0,30.7,43.79977897989969,49.43823323670066,15.66897564798152,0,0,0,0,30.76505425108149
835.0,7,36.67142857142857,35.0,32.0,43.799561709916965,49.43136452074869,15.664027723961723,0,0,0,0,38.34991424161761
836.0,8,33.762499999999996,34.65,13.5,39.46078423778074,43.213773551726675,9.09087992286385,1,1,1,1,32.130967182079864
837.0,8,34.6375,36.4,20.4,39.46128222942994,43.213397145859126,9.096447664758283,0,0,1,1,94.80970254857452
838.0,8,35.325,36.85,18.9,39.461783677292885,43.2130383667727,9.102026745882956,1,0,1,1,51.06963182098864
839.0,8,35.8375,38.35,18.2,39.462277666751106,43.21267160306499,9.107617039545712,1,0,1,1,73.8472437434709
840.0,7,37.84285714285715,38.2,29.0,43.79842537775708,49.39685918002925,15.63917420969336,0,0,0,0,32.37618854370291
841.0,8,35.95,38.75,20.1,39.463262056753265,43.211946528133794,9.118835580124552,0,0,1,1,66.04208897712071
842.0,7,36.714285714285715,39.9,25.3,43.79793742515782,49.38299363722526,15.629120227743282,0,0,0,0,31.913157961219287
843.0,7,36.971428571428575,39.4,25.9,43.79768211041125,49.37600843104912,15.62406411838604,0,0,0,0,29.25113296733176
844.0,7,37.34285714285714,40.5,24.8,43.797436677605994,49.36908231473038,15.619021293350734,0,0,0,0,32.15231325528794
845.0,7,36.82857142857143,39.7,24.3,43.7971838991839,49.36213762685412,15.613967142288445,0,0,0,0,28.842196562521984
846.0,7,36.142857142857146,39.1,22.8,43.796930921632395,49.35517831438544,15.608919779017995,0,0,0,0,30.061881387205915
847.0,7,36.300000000000004,39.4,25.2,43.79667710334285,49.34822719950972,15.603868780498397,0,0,0,0,27.464928704273326
848.0,7,37.01428571428572,40.1,25.2,43.796420266599355,49.34126282051929,15.598811793516822,0,0,0,0,18.44553625374069
849.0,7,37.300000000000004,40.7,25.1,43.79616917925642,49.33432058694878,15.593765541907498,0,0,0,0,32.2140577822031
850.0,7,37.32857142857143,40.5,25.6,43.79591145562059,49.32738550140927,15.588717539979683,0,0,0,0,37.012311552635545
851.0,7,37.25714285714286,40.2,26.2,43.79565978501291,49.32045096348854,15.583677284829308,0,0,0,0,29.20003056657892
852.0,7,36.92857142857144,40.3,24.9,43.795405065604065,49.31349650197178,15.578625909226073,0,0,0,0,45.02767548952882
853.0,7,36.82857142857143,40.3,22.8,43.79515312797645,49.30656287499296,15.573581268100506,0,0,0,0,36.55438715139885
854.0,7,37.2,40.9,23.9,43.794893717063395,49.29961564075624,15.568530887824329,0,0,0,0,30.53904689498952
855.0,7,37.228571428571435,40.7,22.9,43.79463344649326,49.29265201634035,15.563475375052969,0,0,0,0,29.000560074086767
856.0,7,36.785714285714285,40.2,22.1,43.79437920934332,49.28572581046912,15.558440039826456,0,0,0,0,36.640748508166176
857.0,7,36.685714285714276,40.3,21.8,43.79411742876492,49.27878291196125,15.553383938071436,0,0,0,0,37.49058299518491
858.0,7,37.18571428571429,40.5,23.1,43.79384977841753,49.27182461223904,15.548321173478246,0,0,0,0,29.597263326677844
859.0,8,34.8125,38.8,19.1,39.47196755990777,43.205658548989405,9.22060750978614,1,0,1,1,71.41440328554059
860.0,7,36.800000000000004,40.8,19.1,43.793327128442854,49.257912108776566,15.538223293939424,1,0,0,0,32.17227799157479
861.0,8,35.3625,39.1,19.9,39.472921720425056,43.20496919988028,9.231922412434129,1,0,1,1,96.90038851398644
862.0,8,35.6875,39.25,21.6,39.47340397389775,43.204634900211275,9.237589605413776,0,0,1,1,75.58690755811077
863.0,7,37.971428571428575,40.3,26.4,43.792538064568916,49.23708785131771,15.523080553471315,0,0,0,0,31.95200212763381
864.0,8,36.1375,39.3,23.2,39.47435817501745,43.203947289719224,9.248912215855878,0,0,1,1,74.86297288341451
865.0,8,35.9,39.0,22.0,39.474826752534774,43.20358623167071,9.254553201217192,0,0,1,1,93.33055490097946
866.0,8,35.325,38.65,23.4,39.4753038851554,43.203242914505516,9.260209959233723,0,0,1,1,80.94200663475308
867.0,8,35.724999999999994,39.2,23.2,39.47577341168324,43.20289436259921,9.265872230527398,0,0,1,1,84.06586319916919
868.0,8,36.1125,39.25,23.9,39.476256471492505,43.20257879632001,9.271544420312168,0,0,1,1,86.51137202337516
869.0,8,35.85,39.55,22.0,39.47671813984961,43.202193212676306,9.277188234775275,0,0,1,1,74.68837864302348
870.0,8,35.7,39.6,22.0,39.47719538633544,43.20187627641559,9.28285615812971,0,0,1,1,92.3108287859724
871.0,8,35.6375,38.95,22.8,39.4776670480241,43.20152187602568,9.288514010894204,0,0,1,1,86.56767656347724
872.0,8,35.412499999999994,38.849999999999994,20.2,39.4781344952451,43.20118400577297,9.294171130124464,0,0,1,1,79.32498167668956
873.0,8,35.7,39.0,20.7,39.478606953954234,43.20083788052116,9.299837853455122,0,0,1,1,80.06684500413141
874.0,7,37.74285714285714,40.0,26.2,41.00655380934469,49.16072111223846,9.30550977847134,0,0,1,1,74.75583985944435
875.0,8,34.65,38.5,18.9,39.47954194152084,43.20015043845012,9.31116799316868,1,0,1,1,89.47969854278206
876.0,7,36.88571428571428,39.5,24.2,41.00930773194596,49.14684168760805,9.316827981711704,0,0,1,1,86.93583401510479
877.0,7,37.114285714285714,39.1,25.0,41.01068620825355,49.13989188919328,9.322497312828164,0,0,1,1,84.1895527277785
878.0,7,37.31428571428571,39.4,23.5,41.01206227790038,49.13295645069744,9.328163783674084,0,0,1,1,66.36036810873293
879.0,8,35.0125,38.7,19.1,39.48141574887751,43.19878883066405,9.333830221973878,1,0,1,1,70.02342378725518
880.0,8,35.349999999999994,38.599999999999994,20.2,39.481878505311236,43.19844980822676,9.33948342283349,0,0,1,1,89.7034425366763
881.0,8,35.15,38.099999999999994,21.0,39.48234801702675,43.198118219716115,9.3451583755692,0,0,1,1,73.29792989305092
882.0,8,35.15,38.2,21.4,39.48281151038761,43.19777291237729,9.350814590487936,0,0,1,1,76.6967354920948
883.0,8,34.9875,38.3,21.4,39.483275020236135,43.19743670485063,9.356484517977442,0,0,1,1,81.42044023375311
884.0,8,34.8625,38.9,18.9,39.483738244997625,43.197098325259944,9.362157201252977,1,0,1,1,85.57383466097518
885.0,8,34.4375,37.9,19.2,39.484206817054584,43.19676204567655,9.367818858961549,1,0,1,1,68.26917519347151
886.0,8,34.65,38.400000000000006,20.0,39.48467112587601,43.19642882540745,9.3734864327229,0,0,1,1,83.83249281925919
887.0,7,36.785714285714285,39.5,23.4,43.78599032802392,49.07053898162651,15.40180545331552,0,0,0,0,37.98729335931989
888.0,8,34.875,38.25,21.5,39.48559863032517,43.19577461100917,9.384824988261215,0,0,1,1,48.64605680790228
889.0,8,35.4875,38.65,22.6,39.48605391686955,43.19543049369673,9.390473892128062,0,0,1,1,46.39370801736329
890.0,7,36.51428571428571,39.5,19.8,43.785144434535496,49.04974325886903,15.386649953047716,1,0,0,0,59.2756469358571
891.0,8,34.7,38.25,20.9,39.48697851995451,43.19475542188343,9.401822415439764,0,0,1,1,52.94625796074887
892.0,7,37.285714285714285,39.9,21.6,43.78457283935798,49.03587639341085,15.376538240506076,0,0,0,0,29.154151582238995
893.0,8,35.8875,37.75,21.8,39.48789858986209,43.19408966789234,9.4131545477689,0,0,1,1,43.24766724130425
894.0,8,36.3625,37.75,22.0,39.48835539394301,43.193743019098505,9.418815685668974,0,0,1,1,48.86076143925338
895.0,8,36.775,38.3,23.4,39.48881100002103,43.193413983560056,9.4244880772539,0,0,1,1,41.147747208735545
896.0,8,36.400000000000006,37.849999999999994,22.8,39.489270224727576,43.193089203955566,9.430157407589023,0,0,1,1,56.02264604560625
897.0,8,36.800000000000004,38.3,24.1,39.48972696948176,43.192755345077906,9.435835001723282,0,0,1,1,38.855357393007495
898.0,8,35.862500000000004,37.75,22.4,39.49018278065195,43.192420910255464,9.441487774328818,0,0,1,1,38.016470077547424
899.0,8,36.6875,38.8,24.2,39.49063966710476,43.192080647236565,9.447138839041626,0,0,1,1,42.064090898314056
900.0,8,36.837500000000006,37.95,24.4,39.49109680567369,43.191745141622036,9.45278748523008,0,0,1,1,34.76289519416749
901.0,8,36.3,38.35,24.0,39.49155378208124,43.191423314511944,9.4584659956611,0,0,1,1,35.81091356258193
902.0,8,37.2875,37.55,26.1,39.49200232907177,43.191068254657566,9.464123537025555,0,0,1,1,33.64802147980158
903.0,8,37.3125,39.9,27.3,39.49246260659136,43.19074203528151,9.469781374398105,0,0,1,1,32.545911192489044
904.0,8,35.85,37.95,24.6,39.49290382167565,43.190359342125845,9.475418785218048,0,0,1,1,31.527085307142155
905.0,8,35.237500000000004,37.7,23.6,39.49335877917602,43.19001313426996,9.481064705643895,0,0,1,1,30.590608212036127
906.0,8,34.1875,37.55,19.5,39.49379674137185,43.189617187191864,9.486701459574697,1,0,1,1,28.287811003839124
907.0,8,35.25,37.349999999999994,22.3,39.49425016496342,43.18924801671285,9.492340524046192,0,0,1,1,36.293885712311024
908.0,8,36.1125,37.1,25.0,39.49468364735429,43.18883690472481,9.497970028554654,0,0,1,1,30.539071651721407
909.0,8,37.087500000000006,38.55,24.9,39.495128316874414,43.18846246178242,9.503616760630196,0,0,1,1,29.276316957263266
910.0,8,37.6125,40.2,25.2,39.49556930087057,43.18807805435729,9.509257379090228,0,0,1,1,31.572448721310543
911.0,8,36.287499999999994,39.8,20.7,39.49601471845745,43.18771957260326,9.514906767639728,0,0,1,1,27.085975209792974
912.0,7,36.800000000000004,39.9,20.8,43.77872530185317,48.8968535656072,15.27563008364914,0,0,0,0,33.84968183668859
913.0,7,36.32857142857143,39.9,18.2,43.778421293325714,48.88990630989461,15.270569985577067,1,0,0,0,33.34864067285435
914.0,7,36.800000000000004,40.4,20.3,43.77811963733455,48.88297534009652,15.265512406971284,0,0,0,0,27.44042765836745
915.0,7,36.8,39.4,22.7,43.777824704100354,48.87605709194711,15.260461233572364,0,0,0,0,25.357039774864795
916.0,7,35.92857142857143,39.1,21.1,43.77752496621673,48.86914133743244,15.255406746351392,0,0,0,0,47.08638942543251
917.0,7,36.142857142857146,39.1,22.5,43.777217855454786,48.862184719420384,15.250356038415037,0,0,0,0,36.58975837474848
918.0,7,36.714285714285715,38.7,26.2,43.77690516495959,48.8552209244038,15.245284060036989,0,0,0,0,26.059137105073123
919.0,7,36.714285714285715,38.6,30.1,43.77660750346617,48.84829984712805,15.240243344940364,0,0,0,0,32.46409868053372
920.0,7,37.15714285714286,38.5,29.3,43.77630044293825,48.84137760017442,15.235183911252674,0,0,0,0,29.471573283009032
921.0,7,37.7,39.5,29.4,43.77598990822961,48.83444274820892,15.23011286006902,0,0,0,0,27.04170331744308
922.0,7,37.300000000000004,38.5,29.7,43.77569183251156,48.82754574236914,15.225065253152843,0,0,0,0,28.49987716156163
923.0,7,37.142857142857146,39.3,26.1,43.775381581997586,48.8205997400195,15.220001504258322,0,0,0,0,34.03597342327285
924.0,7,36.614285714285714,39.7,25.3,43.77508562884831,48.81371993066509,15.214956969225348,0,0,0,0,27.678777096418106
925.0,7,37.214285714285715,39.1,26.9,43.77477239626409,48.80678467613161,15.20988928295114,0,0,0,0,39.269654118575055
926.0,7,37.114285714285714,39.2,27.1,43.774461050960554,48.79984553096755,15.204828209722336,0,0,0,0,32.148093961556214
927.0,7,37.72857142857142,39.6,27.6,43.77415772657672,48.79292965012146,15.19978440805126,0,0,0,0,25.034632020897444
928.0,7,37.65714285714286,39.3,29.6,43.7738280185578,48.785995140986266,15.194692846906117,0,0,0,0,24.567995541010728
929.0,7,36.82857142857143,38.4,28.3,43.773533697288265,48.77908756509715,15.189665043460598,0,0,0,0,30.562797279316623
930.0,8,35.25,36.85,24.6,39.504405791076984,43.18142310343818,9.62267695258972,0,0,1,1,36.30678214310404
931.0,8,33.7375,34.3,25.0,39.50483810027794,43.18107459992822,9.628342005028744,0,0,1,1,36.68194274447914
932.0,8,34.225,36.2,25.9,39.505264321123164,43.18070017086828,9.633991987657534,0,0,1,1,30.29159391154684
933.0,8,35.875,36.75,28.1,39.50568242584811,43.180306463028295,9.639626118107977,0,0,1,1,34.53877947504904
934.0,8,35.599999999999994,37.15,23.9,39.5061187845188,43.17992792163669,9.64527642946391,0,0,1,1,34.903138887455924
935.0,7,36.31428571428571,36.7,30.5,43.7716291278493,48.73724984789114,15.159386193368594,0,0,0,0,29.17233371109188
936.0,7,35.34285714285714,35.0,28.7,43.77131055406848,48.730241363207085,15.154355372013876,0,0,0,0,34.58717213065095
937.0,7,35.49999999999999,35.8,23.2,43.770991472891815,48.723236132321695,15.149331268627664,0,0,0,0,52.83152580755496
938.0,7,34.357142857142854,37.1,21.9,43.77066665311528,48.71622165471177,15.144294693798455,0,0,0,0,41.27667527308771
939.0,7,33.814285714285724,37.2,20.8,43.7703417432346,48.70920909339465,15.139259792106357,0,0,0,0,44.22016916406808
940.0,8,34.2,34.7,23.4,39.508641300669595,43.17750189057389,9.679018594265482,0,0,1,1,28.420737656627505
941.0,8,33.8875,36.55,18.4,39.509061093510724,43.17708970907277,9.684652741101123,1,0,1,1,56.23663507393254
942.0,8,35.0375,37.900000000000006,18.9,39.50948334181867,43.17669882066253,9.690275648260474,1,0,1,1,28.146808234180547
943.0,7,34.65714285714286,37.0,22.3,43.769035136502644,48.6811640041964,15.119119617919536,0,0,0,0,32.04264045460735
944.0,8,34.875,37.25,22.2,39.510315158819196,43.175891026858025,9.701532843326584,0,0,1,1,29.266501872460637
945.0,8,34.8375,37.0,22.6,39.510721430650094,43.17546038472597,9.707144088148643,0,0,1,1,26.523321179597797
946.0,8,34.1875,35.5,21.4,39.51114661195721,43.175067528586226,9.712772977435648,0,0,1,1,30.32219866327337
947.0,8,34.5375,35.05,24.7,39.51155236237891,43.17463344211325,9.718385669299227,0,0,1,1,24.065128187682934
948.0,8,37.262499999999996,38.0,29.0,39.511973359690245,43.174239261237034,9.724008307402514,0,0,1,1,30.500285092100818
949.0,8,37.2625,37.25,31.1,39.512382165488205,43.17380442599066,9.72961653011576,0,0,1,1,33.50793367160453
950.0,8,36.525,37.7,29.9,39.512787630936685,43.17337583567719,9.73522326086306,0,0,1,1,32.79306226073624
951.0,8,36.05,36.95,29.8,39.513203364771805,43.172955512240705,9.740844608496078,0,0,1,1,30.22139842673364
952.0,7,37.34285714285715,37.2,30.9,43.76605599807062,48.61790675514786,15.073866698182016,0,0,0,0,30.27483655831582
953.0,7,37.01428571428572,37.7,31.0,43.765725310666376,48.61089408149521,15.068853321371533,0,0,0,0,33.78495251027365
954.0,8,36.1125,35.9,29.4,39.51442062553287,43.1716583430634,9.757654543836455,0,0,1,1,31.390846827192934
955.0,8,36.5875,36.8,29.4,39.51482100529082,43.17120922800824,9.763262199573106,0,0,1,1,29.39749164746413
956.0,8,36.5625,36.5,30.5,39.51522813941739,43.17079028593305,9.768877729956918,0,0,1,1,27.320146092326205
957.0,8,36.025,36.15,29.9,39.51563039516077,43.17037671977793,9.77448671474722,0,0,1,1,28.76959542796424
958.0,8,36.3875,36.5,29.7,39.51604116798143,43.16995698043543,9.780110874575788,0,0,1,1,31.33799389766177
959.0,8,36.3125,35.3,30.9,39.5164426713454,43.16953925348035,9.785727329523464,0,0,1,1,31.081217204242552
960.0,8,36.7375,36.45,29.3,39.51684361480713,43.16912919368795,9.791355662381209,0,0,1,1,28.14662583886689
961.0,8,36.1625,35.8,29.9,39.517248804172866,43.168711968707214,9.79697295200412,0,0,1,1,33.78433346836392
962.0,8,36.9375,37.05,30.1,39.51765210177983,43.16830340209627,9.802601871550443,0,0,1,1,36.78965932967901
963.0,8,36.324999999999996,37.45,26.9,39.518057398285904,43.16790377382998,9.808225346178924,0,0,1,1,31.90591479549433
964.0,8,37.225,38.2,28.3,39.51846395500418,43.1674773949652,9.813848971791582,0,0,1,1,29.163409268491797
965.0,8,36.33749999999999,37.599999999999994,27.8,39.518860768496936,43.167063730675224,9.819473080264329,0,0,1,1,28.556627735353903
966.0,8,35.975,36.9,28.9,39.51926999914927,43.16666182638764,9.825092842850996,0,0,1,1,33.359841528312664
967.0,8,36.1,36.400000000000006,29.3,39.51966888645849,43.166247653716,9.83071382971557,0,0,2,1,34.0051056007422
968.0,8,35.974999999999994,37.05,25.8,39.520072892118996,43.165851166919055,9.83634718189279,0,0,2,1,33.59555376945785
969.0,8,36.887499999999996,39.05,26.9,39.520477414039,43.16545724713484,9.841988091160324,0,0,2,1,32.861819641686886
970.0,8,35.925,37.25,26.2,39.52087556808493,43.165036653662895,9.847628114585447,0,0,2,1,31.74760455046389
971.0,8,37.224999999999994,38.65,30.6,39.52127170340728,43.164672506916986,9.853306271537232,0,0,2,1,28.95384578424073
972.0,8,37.0,37.6,29.8,39.521675559534856,43.16431432082057,9.859000443711144,0,0,2,1,32.40165492679155
973.0,8,36.35,35.95,30.6,39.5220728478141,43.16395557956065,9.864711165498909,0,0,2,1,31.847263937894716
974.0,8,36.9375,38.0,26.6,39.522467249310004,43.16360854202044,9.870453598210164,0,0,2,1,28.251480188141816
975.0,8,36.225,38.25,27.9,39.52286858232914,43.16329590982291,9.876219454852883,0,0,2,1,34.22045070373776
976.0,8,37.8875,38.7,31.9,39.523271574920116,43.163026016122714,9.882009656066144,0,0,2,1,29.84596016093621
977.0,8,37.925,38.849999999999994,29.3,39.52367458175117,43.162748945960374,9.88780436031976,0,0,2,1,32.17053707165224
978.0,8,36.400000000000006,36.75,27.0,39.52408392093861,43.16250339003906,9.893597872647636,0,0,2,1,28.51526179777292
979.0,8,36.7875,37.05,32.5,39.52449306098141,43.162268898085834,9.89940168040456,0,0,2,1,29.997656047272464
980.0,8,36.125,36.8,29.1,39.52491067242795,43.16204660266765,9.9051765385652,0,0,2,1,31.503958637051888
981.0,8,37.5,38.0,32.4,39.525322174465515,43.16181237813508,9.91094018326735,0,0,2,1,30.987171127865416
982.0,8,36.7,37.35,31.8,39.52574189067953,43.161588476188726,9.916689665687665,0,0,2,1,32.732307904089936
983.0,8,35.4625,35.25,29.2,39.52616018782798,43.16134392174354,9.922409520284976,0,0,2,1,32.20239785447079
984.0,8,36.6125,37.45,28.3,39.5265752039723,43.16109914860996,9.92811718294452,0,0,2,1,29.42727637841501
985.0,8,36.9875,37.85,30.0,39.526997478079934,43.1608515981037,9.933810316860542,0,0,2,1,31.44683481000222
986.0,8,35.325,35.55,30.0,39.52741685589777,43.16059363839495,9.939468308578617,0,0,2,1,30.72703381352772
987.0,8,34.9,36.2,24.5,39.52783398949575,43.16032694070794,9.94512845238098,0,0,2,1,29.92804619969423
988.0,8,35.6125,38.05,21.7,39.5282545642561,43.160059847874344,9.950774819778314,0,0,2,1,31.50894984549793
989.0,8,35.6875,37.5,25.4,39.52866951010166,43.159771865049045,9.956400851620709,0,0,2,1,32.734854922580766
990.0,8,34.5875,37.05,25.4,39.52908292079861,43.1594517358079,9.961999260070709,0,0,2,1,29.479028681934288
991.0,8,34.3625,34.95,21.2,39.52948534656785,43.15912782055902,9.967598247394392,0,0,2,1,33.27943289685934
992.0,7,31.028571428571432,31.9,18.9,38.27128556927086,37.977429277182765,9.97319718684957,1,0,2,1,29.635451923929963
993.0,6,28.283333333333335,29.35,17.3,35.38331787689819,33.03390215348029,9.97880427643832,1,0,2,1,36.98441224847632
994.0,6,28.53333333333333,27.8,19.6,34.03959886300478,33.034089614933826,9.984342516155122,1,0,2,1,49.02462451486566
995.0,8,33.5,33.8,27.1,39.5311124666877,43.15770990454352,9.989879183651762,0,0,2,1,27.408534620578912
996.0,7,38.42857142857143,38.7,32.6,43.75097418287089,48.312744780350826,14.85202151481996,0,0,1,0,30.872582994540807
997.0,8,36.1125,38.5,19.5,39.53193926891879,43.157009334438854,10.000990948876131,1,0,2,0,35.91016562836275
998.0,8,36.9625,38.45,25.7,39.53234551047204,43.15664637701573,10.006533212839972,0,0,2,0,35.21026032943347
999.0,8,38.0375,39.35,32.0,39.53275421873287,43.156288853657486,10.012065287183924,0,0,2,0,31.170502361803887
1000.0,8,38.2,39.400000000000006,32.0,39.53316311181623,43.15591771410054,10.01759346648092,0,0,2,0,29.883767910627597
1001.0,8,37.9375,39.15,31.2,39.5335690082753,43.15555338905876,10.023124184062926,0,0,2,0,29.363144635279152
1002.0,8,37.6125,39.05,29.3,39.53397289179355,43.15517496070325,10.02864264226131,0,0,2,0,29.18383419782313
1003.0,8,37.375,37.7,31.5,39.53438001404449,43.154807394953636,10.034152468669252,0,0,2,0,32.075339377235814
1004.0,8,37.775000000000006,38.5,30.7,39.53478725922589,43.15444773552538,10.03966588669538,0,0,2,0,30.04335646706912
1005.0,8,37.6125,39.05,30.0,39.53519078196722,43.15405647246526,10.045164183803736,0,0,2,0,31.68914475461378
1006.0,8,37.5875,38.5,29.6,39.5355945289628,43.1536843012649,10.050674502521614,0,0,2,0,30.38254771615368
1007.0,8,38.625,39.45,32.6,39.535999170012445,43.15330907937236,10.056181844872391,0,0,2,0,30.65437930957865
1008.0,8,38.75,39.5,32.6,39.53640132274664,43.152934459128346,10.061694356415822,0,0,2,0,29.50898879571184
1009.0,8,39.025000000000006,39.6,32.6,39.53680559188723,43.152561940848415,10.067195352498912,0,0,2,0,29.080241356584068
1010.0,8,38.5,39.1,32.9,39.5372100460562,43.15220085553204,10.072703520288968,0,0,2,0,32.42297969249401
1011.0,8,38.6375,39.75,33.8,39.537609616197685,43.15181331902305,10.078207539331611,0,0,2,0,30.26403337610021
1012.0,8,38.9125,40.25,32.7,39.53801067121174,43.15144168141485,10.08371031256888,0,0,2,0,32.38366272927354
1013.0,8,38.912499999999994,40.65,32.8,39.53840904224691,43.1510602880696,10.089219630035188,0,0,2,0,28.30393531408672
1014.0,8,38.425,40.0,32.8,39.53880841973556,43.15068460975303,10.094730767736378,0,0,2,0,29.943790234056845
1015.0,8,37.7625,38.099999999999994,31.7,39.539208840970915,43.15031140009282,10.100227731905328,0,0,2,0,32.14316005137366
1016.0,8,36.75,37.400000000000006,28.1,39.53961110689306,43.14995069335097,10.105742386273716,0,0,2,0,29.03998221740749
1017.0,7,34.271428571428565,33.0,23.1,37.21542377933252,38.13000099873181,10.111254279315546,0,0,2,0,29.798780980133436
1018.0,8,31.725,30.95,22.1,39.540404815798965,43.149188941794144,10.116761814472346,0,0,2,0,31.214156740448544
1019.0,8,32.65,31.25,25.8,39.54079904774974,43.1488360784978,10.122249960904895,0,0,2,0,30.203924065383635
1020.0,8,34.275000000000006,38.95,19.9,39.54119379137556,43.148453408856774,10.127754277978688,1,0,2,0,24.576681798991444
1021.0,8,36.225,38.85,24.3,39.54158857368103,43.14806291935663,10.133259533264182,0,0,2,0,27.16833504567188
1022.0,8,37.85,39.5,29.9,39.54197580841122,43.1476823842266,10.138761693041284,0,0,2,0,29.289163070636786
1023.0,8,37.925,38.85,29.8,39.54236646243895,43.14730605663155,10.14426995418607,0,0,2,0,27.965322204146226
1024.0,8,38.175,39.5,29.8,39.542761650529116,43.14694098884323,10.149780953808168,0,0,2,0,28.707934601560915
1025.0,8,38.474999999999994,39.2,30.5,39.54315030230245,43.146566147458756,10.155296691755236,0,0,2,0,28.46678684813453
1026.0,8,38.3,39.35,30.4,39.543543592486344,43.146186940925915,10.160813756793962,0,0,2,0,26.258818162154466
1027.0,8,38.4875,40.0,31.9,39.54393569621706,43.14581895619083,10.166331549247152,0,0,2,0,31.97578023910113
1028.0,8,37.775000000000006,39.95,24.8,39.5443202335758,43.145426878492614,10.171846012741565,0,0,2,0,34.49504243574089
1029.0,8,36.825,38.2,25.3,39.544696158328534,43.14502277484087,10.177361201834888,0,0,2,0,30.838474964888533
1030.0,8,35.775,35.35,28.4,39.5450777844289,43.14462954910003,10.18289111324942,0,0,2,0,31.91952905549616
1031.0,8,35.05,34.05,27.1,39.54545606676369,43.14423065366114,10.188422314578316,0,0,2,0,30.59395461521373
1032.0,7,36.557142857142864,36.9,32.7,43.738953601197146,48.06627753412037,14.676215718395165,0,0,1,0,27.53758585915939
1033.0,7,36.34285714285715,36.4,31.5,43.73858552280744,48.0593306565212,14.671285405398702,0,0,1,0,26.6418649026326
1034.0,7,36.01428571428571,35.3,32.8,43.73821866308499,48.052387096166775,14.666358179491946,0,0,1,0,26.68561305375633
1035.0,7,35.68571428571429,34.5,28.8,43.7378422035934,48.04541721576585,14.661407602216084,0,0,1,0,26.46220227948158
1036.0,7,35.971428571428575,36.8,23.6,43.73746519689856,48.03842645088124,14.656454900731136,0,0,1,0,27.08428503237424
1037.0,8,35.675,38.0,19.6,39.54765589660971,43.14166122257292,10.221678617054453,1,0,2,0,33.63913359576478
1038.0,7,37.814285714285724,38.7,33.4,43.73669546334911,48.024410854697855,14.646503976842602,0,0,1,0,25.651545222547323
1039.0,7,38.07142857142857,38.6,34.4,43.73629867517185,48.01737544622884,14.641504620228702,0,0,1,0,27.38464602792112
1040.0,7,37.285714285714285,37.8,32.7,43.73590721883737,48.01036025599719,14.63650413879181,0,0,1,0,25.79292131857631
1041.0,7,36.800000000000004,38.8,30.5,43.735515014903335,48.00332593702086,14.631501635752414,0,0,1,0,24.49886743722914
1042.0,7,37.24285714285714,38.2,31.2,43.73510861351257,47.996258467469296,14.626476290147084,0,0,1,0,26.045319055453227
1043.0,7,37.42857142857143,39.0,30.9,43.73471155704017,47.98921419085136,14.621469739504912,0,0,1,0,26.87731467994701
1044.0,7,37.14285714285715,39.1,31.4,43.73430699891443,47.9821681813641,14.6164410192403,0,0,1,0,28.59730170747189
1045.0,7,36.17142857142857,38.7,26.2,43.73391657102173,47.97514767800238,14.61144447649854,0,0,1,0,28.143222025729564
1046.0,7,35.45714285714286,37.9,23.5,43.11430997690089,47.96808146887626,10.272056390574315,0,0,1,0,33.3777322202202
1047.0,7,36.285714285714285,38.4,25.1,43.115425955969634,47.96104040393228,10.277658068670249,0,0,1,0,30.83348179113384
1048.0,6,38.03333333333333,38.75,32.3,48.58875140416811,52.01503999481375,27.763739733378387,0,0,0,0,29.74519782327041
1049.0,6,38.08333333333333,38.35,33.2,48.589111287669404,52.01580107247244,27.757760914709817,0,0,0,0,28.826371637728272
1050.0,7,37.34285714285714,38.7,28.4,43.731893106824245,47.939877561924526,14.586383159376425,0,0,1,0,26.39170302669761
1051.0,6,38.7,38.599999999999994,35.1,48.58983778902472,52.01732708129258,27.745821704889043,0,0,0,0,29.00041341040285
1052.0,6,39.01666666666667,38.95,35.0,48.59019260602736,52.01808719272566,27.73982152566991,0,0,0,0,27.08284776435279
1053.0,6,39.4,39.5,35.5,48.59054893156479,52.01884668102561,27.733843620227155,0,0,0,0,29.48679117355449
1054.0,6,38.8,39.15,34.3,48.59090847184935,52.019612299252046,27.72786540154107,0,0,0,0,30.850530731601115
1055.0,7,37.285714285714285,38.3,29.2,43.72984138168795,47.90458375949503,14.56130258587424,0,0,1,0,29.33077078031149
1056.0,8,35.712500000000006,37.45,27.5,39.554251802733205,43.13318248586472,10.328055955919655,0,0,2,0,27.554371069209616
1057.0,8,37.375,38.35,29.7,39.554593216583186,43.132731701105776,10.3336588628803,0,0,2,0,32.27244100815595
1058.0,8,37.4125,38.150000000000006,30.2,39.554931233432384,43.132282054715716,10.339258910207263,0,0,2,0,30.974560325974227
1059.0,8,37.3,37.8,30.4,39.55526646140656,43.13182324808761,10.344851222265914,0,0,2,0,32.34850124336971
1060.0,8,36.6375,37.400000000000006,28.8,39.55560211454659,43.131346071104176,10.35044683680104,0,0,2,0,30.095800723096332
1061.0,7,37.471428571428575,38.5,30.4,43.13089696532672,47.86216329143842,10.356048199466397,0,0,1,0,37.03928632893255
1062.0,8,36.325,37.5,28.3,39.55626320677372,43.130424138400315,10.361637989327106,0,0,2,0,33.191715360714205
1063.0,7,37.300000000000004,38.0,30.9,43.726512681566085,47.84800846889438,14.521179096675366,0,0,1,0,25.289439992150136
1064.0,7,36.957142857142856,38.0,28.1,43.72608896653252,47.84091006906955,14.516161509243105,0,0,1,0,27.66672436395789
1065.0,7,37.67142857142857,37.2,31.7,43.72567013695599,47.83383115703978,14.51115318276818,0,0,1,0,27.157950236765885
1066.0,7,36.82857142857143,36.7,30.1,43.72524613117084,47.82674671898002,14.506139167271492,0,0,1,0,27.47496688961519
1067.0,7,36.9,38.6,28.4,43.72483250290975,47.81968227521491,14.501142337126046,0,0,1,0,28.420851238231283
1068.0,7,37.14285714285713,39.2,28.2,43.72440614985884,47.81259964328197,14.496136064331967,0,0,1,0,28.160526806157687
1069.0,6,39.516666666666666,40.05,34.6,48.59613159903603,52.03110701046606,27.637994903264328,0,0,0,0,27.11853779004042
1070.0,6,39.516666666666666,39.95,35.5,48.596477136310405,52.03189566150948,27.63200663603612,0,0,0,0,32.45191028292418
1071.0,6,38.81666666666667,38.9,36.0,48.59682197109135,52.03268445198373,27.62604714226557,0,0,0,0,27.797280475088723
1072.0,6,38.81666666666666,38.9,36.4,48.597162906278335,52.03347161598209,27.62007946329168,0,0,0,0,29.561319174482687
1073.0,7,36.07142857142857,37.6,27.7,43.72233614313939,47.77731228863341,14.471279084155215,0,0,1,0,29.59275821805681
1074.0,7,37.67142857142858,38.9,32.8,43.721924452037065,47.77028421621949,14.466330357958078,0,0,1,0,28.776391624040222
1075.0,6,30.916666666666668,32.0,26.3,48.59820670755974,52.035591510532086,27.60223315658181,0,0,0,0,30.47949133352151
1076.0,7,34.685714285714276,35.2,24.1,43.721095212288525,47.75617831606748,14.4564121314253,0,0,1,0,23.93643703810208
1077.0,7,35.8,37.3,21.9,43.720682130663725,47.7491501825234,14.45145942545201,0,0,1,0,37.65885520273089
1078.0,7,35.642857142857146,36.7,25.0,43.720265134308875,47.742110142032935,14.446504013039092,0,0,1,0,31.255712725593803
1079.0,6,38.21666666666667,38.25,35.2,48.59956929850525,52.019380460379665,27.57842565033512,0,0,0,0,32.2710933751435
1080.0,6,38.45,39.25,35.4,48.59991018329932,52.01533167101469,27.572478885083843,0,0,0,0,26.527651962184468
1081.0,7,36.357142857142854,38.5,25.6,43.71901310439937,47.72099941076654,14.431623400097097,0,0,1,0,28.39720027624924
1082.0,7,37.01428571428572,38.4,26.9,43.71859425146768,47.713963949312834,14.426661142907076,0,0,1,0,26.66886511050962
1083.0,7,38.285714285714285,38.6,33.3,43.71817980006517,47.70696529994506,14.421708706511252,0,0,1,0,27.794646467244107
1084.0,7,37.142857142857146,39.1,25.7,43.717761265353715,47.69994479000309,14.416752169285177,0,0,1,0,29.48387943847577
1085.0,7,37.91428571428571,39.0,32.1,43.7173380616916,47.69290113369573,14.411782042259654,0,0,1,0,26.124580928521507
1086.0,7,37.65714285714286,38.2,33.3,43.71691628142536,47.68587635031166,14.406821831859885,0,0,1,0,27.91248574756377
1087.0,7,38.00000000000001,38.7,32.9,43.71649694004479,47.67885438283863,14.401865765035922,0,0,1,0,27.62768526781754
1088.0,7,38.3,38.8,34.3,43.716072905072146,47.67182402612704,14.396900528477198,0,0,1,0,26.146598211099576
1089.0,7,38.15714285714285,38.6,34.3,43.71564720135463,47.664793547933726,14.391935641384832,0,0,1,0,29.56601312543209
1090.0,7,36.885714285714286,38.7,25.1,43.715219306796044,47.65775058364031,14.386962232049186,0,0,1,0,25.907958353182508
1091.0,7,36.18571428571429,38.0,24.6,43.71479415197486,47.650719753138354,14.381995833257644,0,0,1,0,32.86628233361549
1092.0,6,38.099999999999994,38.2,34.4,48.6039179943057,51.96665617856645,27.50110419563068,0,0,0,0,27.80336970309169
1093.0,8,35.6625,36.95,23.2,39.56643446627368,43.11590483377529,10.533989841301704,0,0,2,0,34.22194526789652
1094.0,8,35.5375,36.65,24.0,39.56675207580912,43.11545028554245,10.53956752561081,0,0,2,0,41.33848249847099
1095.0,8,36.575,37.5,29.6,39.56706456865652,43.11499645724152,10.545152375634425,0,0,2,0,32.416556697990764
1096.0,8,35.75,38.1,26.9,39.56737540152903,43.114535807219596,10.550739433994597,0,0,2,0,32.41758173025623
1097.0,8,36.825,38.45,30.4,39.56769033371516,43.11408368916911,10.55633442427571,0,0,2,0,31.76892417221581
1098.0,8,36.2625,38.25,29.8,39.568005217765815,43.11363553015098,10.561927154359791,0,0,2,0,33.769699141027296
1099.0,8,35.862500000000004,37.25,29.3,39.56831345894045,43.11318137453021,10.567521171868792,0,0,2,0,35.60354954111024
1100.0,8,35.9125,36.25,28.4,39.56862081721556,43.11272050381221,10.573124296403016,0,0,2,0,38.80001912075035
1101.0,7,36.714285714285715,36.0,30.3,43.17421459904292,47.58018062571641,10.578741894204445,0,0,1,0,33.08079279947618
1102.0,7,37.028571428571425,36.9,28.9,43.17528104200377,47.57311423230503,10.584347645736855,0,0,1,0,47.740153944143394
1103.0,7,36.785714285714285,37.3,28.1,43.176347064953,47.56601596691975,10.589966680371102,0,0,1,0,43.313432738838415
1104.0,7,37.32857142857142,37.3,32.7,43.1774194699563,47.55895858640893,10.595591873929244,0,0,1,0,41.02233440109302
1105.0,7,38.32857142857143,37.3,35.3,43.17849081274976,47.55189841481014,10.601217616559708,0,0,1,0,38.52952597868803
1106.0,7,38.114285714285714,37.5,33.7,43.17955629260407,47.54482667727638,10.606832393897294,0,0,1,0,39.576929121907554
1107.0,8,36.962500000000006,38.15,25.2,39.57076500600764,43.109578392695326,10.61245720807246,0,0,2,0,34.20058214915364
1108.0,7,38.685714285714276,38.8,34.2,43.181690505074634,47.53066796437915,10.61807377035917,0,0,1,0,37.53624576995599
1109.0,8,36.650000000000006,38.05,25.4,39.57137728063313,43.1086843226403,10.623705894156094,0,0,2,0,34.45929019361919
1110.0,8,36.9125,38.85,28.4,39.57167939465643,43.10824225636206,10.62932369657558,0,0,2,0,44.48592709661989
1111.0,7,37.01428571428572,39.2,27.4,43.70583811975369,47.50946002764789,14.281613445420932,0,0,1,0,31.312678998111508
1112.0,7,37.271428571428565,40.0,26.2,43.70538222689287,47.50241400345248,14.27658208237898,0,0,1,0,35.10769937811455
1113.0,6,39.416666666666664,40.9,33.6,48.61048777235516,51.88141869812192,27.37544851206161,0,0,0,0,35.825205415671384
1114.0,7,37.028571428571425,38.8,27.8,43.70446984196118,47.48830240552874,14.266526525752417,0,0,1,0,32.77099994570317
1115.0,7,37.94285714285714,40.4,29.3,43.704014055746924,47.48123144064545,14.261496294956263,0,0,1,0,38.06264801165842
1116.0,7,37.84285714285715,39.6,28.3,43.70354576793799,47.47412783808709,14.256456113179528,0,0,1,0,27.42023982171085
1117.0,8,36.2875,38.0,27.0,39.57377843309895,43.1051071610714,10.66867531252668,0,0,2,0,33.90246926798218
1118.0,7,37.271428571428565,38.1,28.8,43.19232568273027,47.46001848523624,10.674296387088164,0,0,1,0,41.72545401841891
1119.0,7,37.128571428571426,37.4,28.9,43.702163781223824,47.45293336240224,14.24137987571114,0,0,1,0,32.37737529999989
1120.0,7,36.87142857142857,37.4,31.7,43.70164551265602,47.44571357946749,14.236289431348371,0,0,1,0,28.726535304869422
1121.0,7,35.27142857142858,34.3,30.4,43.70124437262092,47.438805150316725,14.231353743746151,0,0,1,0,28.685784596826498
1122.0,7,32.31428571428571,35.2,18.9,43.70078172623691,47.43176284206575,14.226344738032536,1,0,1,0,31.23534189177678
1123.0,6,38.23333333333333,39.2,30.2,46.43111189728206,51.840663725954016,14.22135352096386,0,0,1,0,35.087552855081135
1124.0,7,38.028571428571425,38.4,33.1,43.69987371300874,47.41766939825566,14.216366593841771,0,0,1,0,26.49167015889892
1125.0,7,38.0,38.0,34.1,43.699413517725866,47.41062315319185,14.211365486826873,0,0,1,0,27.425025720055327
1126.0,7,37.214285714285715,37.5,31.4,43.698953104894365,47.40358537659613,14.206370980216043,0,0,1,0,28.534645763645347
1127.0,6,38.26666666666667,38.400000000000006,35.2,48.614680569862195,51.82431044132033,27.29176353103454,0,0,0,0,29.56203816184205
1128.0,8,36.5,38.099999999999994,24.5,39.57705818218462,43.1001453623499,10.730228323654146,0,0,2,0,32.44683373331951
1129.0,8,36.675,37.8,27.2,39.57735002444457,43.09969019285816,10.73581535547568,0,0,2,0,31.693865547749795
1130.0,8,36.3125,37.349999999999994,26.7,39.57764911912187,43.0992492170006,10.741403786290524,0,0,2,0,32.026916697012844
1131.0,8,36.45,36.7,32.5,39.57794240018663,43.09880976413514,10.746996546798158,0,0,2,0,32.731460123603064
1132.0,8,37.05,37.3,33.6,39.578231216627074,43.09834007440027,10.752581179189264,0,0,2,0,37.26248902247836
1133.0,8,36.1875,37.55,28.7,39.57852547734221,43.09789942258608,10.758165952990296,0,0,2,0,37.59296954118667
1134.0,8,36.175000000000004,37.150000000000006,29.7,39.57882133834842,43.09746292420374,10.763768583387174,0,0,2,0,32.34326304968122
1135.0,7,38.0,37.8,35.4,43.694791931317575,47.34026092692513,14.161423046089052,0,0,1,0,30.76719394627755
1136.0,8,36.599999999999994,37.5,30.6,39.579405451221646,43.09657888380043,10.774950482821705,0,0,2,0,42.13831908871687
1137.0,8,36.6,37.0,32.2,39.579695723513254,43.09614212420266,10.780542470719494,0,0,2,0,40.47479437839502
1138.0,8,37.1,38.0,33.4,39.5799870575794,43.095703533964326,10.786142063004812,0,0,2,0,36.94045629922231
1139.0,8,37.0625,37.95,33.3,39.58027663220902,43.09526275009551,10.791728652389844,0,0,2,0,39.15353346185271
1140.0,8,36.89999999999999,37.7,31.4,39.58056016377479,43.094810053731216,10.797325610614244,0,0,2,0,35.2625382160216
1141.0,8,36.8,37.5,32.0,39.580851139023856,43.094375599507714,10.802925360874896,0,0,2,0,34.54034478952661
1142.0,8,36.787499999999994,38.400000000000006,30.3,39.58114424371561,43.09394025496705,10.808517621587496,0,0,2,0,36.32335983987658
1143.0,8,37.1375,38.7,30.8,39.58143014901434,43.09350110373023,10.8141164060921,0,0,2,0,34.0720448842971
1144.0,8,36.8625,38.849999999999994,27.9,39.58171431368215,43.093051194262586,10.819696364483937,0,0,2,0,34.45168621822058
1145.0,8,37.087500000000006,38.55,30.6,39.5820078292973,43.09261201974951,10.8252985940377,0,0,2,0,34.88929917268477
1146.0,7,37.24285714285714,37.5,33.9,43.68963123972866,47.26293334665648,14.106470587727902,0,0,1,0,29.22339412251257
1147.0,7,35.77142857142857,37.1,29.5,43.68915799093799,47.25589506206976,14.101478039491914,0,0,1,0,28.179261573685363
1148.0,7,36.728571428571435,38.6,27.3,43.688685670472374,47.24887686596933,14.096496144271306,0,0,1,0,35.07741307738426
1149.0,7,35.92857142857142,38.2,27.2,43.688207036365384,47.24181107454345,14.0914919956637,0,0,1,0,38.717502845026736
1150.0,7,37.57142857142857,38.7,32.0,43.68773172595934,47.23478203655647,14.086503690378231,0,0,1,0,29.886986868882254
1151.0,7,37.457142857142856,38.5,32.7,43.68725794382497,47.22776393613376,14.08151677325841,0,0,1,0,32.26300706389498
1152.0,7,37.457142857142856,38.6,33.0,43.68677869786172,47.22070801932454,14.07651566056361,0,0,1,0,30.09890158282654
1153.0,7,37.24285714285714,39.0,29.9,43.686305528081945,47.21369589116281,14.071534319075829,0,0,1,0,33.49988420552821
1154.0,6,37.68333333333333,37.95,33.7,48.62237583868168,51.713528435565706,27.13103419447237,0,0,0,0,28.6258631971826
1155.0,7,36.25714285714285,38.2,29.2,43.68534150514887,47.199588995492505,14.061545051602891,0,0,1,0,33.21282844162689
1156.0,7,37.357142857142854,38.2,33.5,43.68486557853437,47.19258831085271,14.056553312283713,0,0,1,0,33.63391570556874
1157.0,7,37.142857142857146,38.2,32.7,43.68438200873147,47.18554387000772,14.051555856799624,0,0,1,0,34.58039061151881
1158.0,7,37.15714285714285,37.9,33.0,43.68390287842383,47.17852587337054,14.04656244075947,0,0,1,0,30.606058380098887
1159.0,8,36.0875,37.5,31.2,39.58593747578439,43.08635902360595,10.903552696655469,0,0,2,0,38.86257479898139
1160.0,8,36.775000000000006,38.150000000000006,32.8,39.5862193587804,43.08592513628437,10.909156738251648,0,0,2,0,34.47761793619402
1161.0,8,36.55,37.8,32.4,39.5864959410202,43.085491204458435,10.914752458285989,0,0,2,0,33.75605831101392
1162.0,8,33.225,34.55,20.5,39.58677214379723,43.08505209408801,10.920352106830752,0,0,2,0,20.94590138190322
1163.0,3,19.766666666666666,19.5,18.8,49.50435101341363,56.20967021333485,27.07746414437764,2,0,0,0,
1164.0,7,32.15714285714286,34.0,21.3,43.68099293713191,47.13631651023271,14.01657959832154,0,0,1,0,27.032793776603597
1165.0,7,37.58571428571429,39.7,31.8,43.24129986925401,47.12929528592373,10.937140956845022,0,0,1,0,40.88575334111799
1166.0,8,36.6375,36.95,30.6,39.587858221839284,43.08327287129053,10.942749024494992,0,0,2,0,38.59856849796779
1167.0,7,36.885714285714286,36.6,32.8,43.2433492547251,47.1152085334377,10.948367186217707,0,0,1,0,39.10912714378381
1168.0,8,36.1,36.55,26.9,39.5883853000675,43.08238461723553,10.953998243930446,0,0,2,0,44.09691686241547
1169.0,8,36.95,37.3,28.3,39.58865061301567,43.08193345784264,10.959631734435032,0,0,2,0,37.90526578973755
1170.0,8,37.6,38.400000000000006,29.1,39.58890916722967,43.081491109979154,10.965270977487242,0,0,2,0,45.649247500815
1171.0,8,36.5125,37.2,27.4,39.58918293978863,43.08107187150538,10.970912663948146,0,0,2,0,34.47087572969593
1172.0,8,36.7375,37.55,27.3,39.589437063317476,43.08061834440035,10.976544637812394,0,0,2,0,37.543922225720735
1173.0,8,36.625,36.45,28.6,39.58970297601503,43.08019334601723,10.982185553324204,0,0,2,0,42.18433000209211
1174.0,8,35.6,36.0,26.7,39.58996439792928,43.07976258016274,10.987817866145118,0,0,2,0,40.22199960067461
1175.0,8,36.425,36.35,25.1,39.590226613547614,43.07933240515705,10.993459040375509,0,0,2,0,46.09845519981816
1176.0,8,36.175000000000004,36.7,26.6,39.59049163881549,43.078911456901125,10.999093890412972,0,0,2,0,43.47438486050882
1177.0,8,36.0125,36.2,28.0,39.59074603756383,43.07846717895883,11.004701467239308,0,0,2,0,43.04543317615852
1178.0,8,35.8375,36.5,27.4,39.591010125265164,43.078032748179,11.010317432778608,0,0,2,0,47.78305093404308
1179.0,6,38.96666666666666,39.05,34.7,48.62886016593273,51.61040287732615,26.98189342479367,0,0,0,0,43.11764615138276
1180.0,7,37.50000000000001,39.8,27.3,43.6729780233387,47.02357754748008,13.93614481304019,0,0,1,0,33.82563464912673
1181.0,8,35.8375,38.05,26.5,39.59181810794799,43.07677575886828,11.02713164159722,0,0,2,0,38.34720356724246
1182.0,8,36.087500000000006,37.849999999999994,26.9,39.59208738018911,43.0763555428573,11.032713839512647,0,0,2,0,42.05177323411906
1183.0,8,35.525,36.85,22.0,39.59235315099293,43.07591692358322,11.03828818743391,0,0,2,0,36.24656114865384
1184.0,7,36.685714285714276,37.1,34.1,43.671012541921705,46.9956290143183,13.916261812030124,0,0,1,0,40.32131593453411
1185.0,7,35.81428571428572,37.5,26.9,43.67053341694071,46.98867884607269,13.911320220598952,0,0,1,0,52.14222391382102
1186.0,8,33.875,35.650000000000006,25.0,39.59316881413008,43.07466903098223,11.054974299422064,0,0,2,0,38.731150920968
1187.0,7,36.07142857142857,37.0,28.6,43.669574755787075,46.9748269067642,13.9014744482503,0,0,1,0,36.56812680039106
1188.0,7,36.171428571428564,37.2,29.3,43.66909647687977,46.96789687357907,13.89655182207978,0,0,1,0,34.34490582926672
1189.0,7,36.228571428571435,36.5,31.4,43.668619836582785,46.960963414790704,13.891642872690204,0,0,1,0,38.89169674699808
1190.0,7,35.24285714285714,36.5,26.3,43.668139726021295,46.95403886995536,13.886725053925185,0,0,1,0,44.42852611292884
1191.0,7,35.84285714285714,36.3,31.0,43.667659059629806,46.947100266564846,13.88180815837065,0,0,1,0,34.41897369112946
1192.0,7,34.54285714285714,37.1,25.6,43.667181227173096,46.94018067346983,13.876894746267498,0,0,1,0,32.11820867473478
1193.0,7,34.14285714285714,35.4,28.9,43.66669500739251,46.93325345485264,13.8719766362441,0,0,1,0,52.882214049680485
1194.0,7,35.285714285714285,36.1,26.7,43.666215977027434,46.92631595357398,13.867064231353744,0,0,1,0,32.87412893239918
1195.0,7,35.05714285714286,35.9,28.6,43.6657339532876,46.91939797160999,13.862146466926896,0,0,1,0,39.33933244101389
1196.0,8,32.6,33.5,24.4,39.59589218499221,43.07051588239742,11.11037423774366,0,0,2,0,37.39637243851589
1197.0,8,33.087500000000006,34.45,23.4,39.596156855089504,43.070082082734956,11.115906452317027,0,0,2,0,34.95896303862355
1198.0,8,34.087500000000006,34.4,24.3,39.59642616529129,43.06968231819279,11.121450409340408,0,0,2,0,44.20807396760269
1199.0,8,33.325,34.85,24.1,39.59669577931692,43.06926513356906,11.126987735275318,0,0,2,0,50.44363685852205
1200.0,8,33.55,34.3,24.3,39.59696657745823,43.06886234710566,11.132535682351758,0,0,2,0,26.455756411563684
1201.0,7,34.17142857142857,35.8,26.6,43.66282553971975,46.87786255261352,13.832667477213128,0,0,1,0,28.694307723921263
1202.0,7,35.18571428571429,36.0,27.6,43.66232942859374,46.870913064321485,13.827745326743422,0,0,1,0,34.165792400174105
1203.0,7,34.8,35.7,29.5,43.661848803632815,46.864013626644486,13.8228380242807,0,0,1,0,42.01978264484232
1204.0,7,35.357142857142854,36.4,29.7,43.661363491046465,46.857098959459,13.817930447014204,0,0,1,0,38.99523418394667
1205.0,7,35.44285714285714,36.4,28.4,43.66087253474446,46.85017460208314,13.813021753544891,0,0,1,0,33.0379193577747
1206.0,7,35.028571428571425,36.0,29.3,43.6603823862136,46.84324508474891,13.808103194257992,0,0,1,0,35.30271549474912
1207.0,7,35.228571428571435,35.6,28.5,43.659890919811176,46.83631247521938,13.803194441184893,0,0,1,0,34.091397957390605
1208.0,7,35.58571428571428,35.6,29.8,43.659395886713604,46.82937798903991,13.79827730733436,0,0,1,0,28.56992703962509
1209.0,7,35.55714285714286,35.4,29.0,43.658906153651216,46.822470298495965,13.793373018426625,0,0,1,0,38.22442643665143
1210.0,7,36.75714285714285,36.6,31.7,43.658412829602334,46.81554175331941,13.788458290755411,0,0,1,0,31.09025390906704
1211.0,7,35.057142857142864,35.5,28.8,43.65791800982947,46.808622612903136,13.783548653276943,0,0,1,0,30.063329008863924
1212.0,7,35.042857142857144,35.9,29.6,43.65742813027266,46.80171720262851,13.77864664230484,0,0,1,0,38.74591307023144
1213.0,7,35.300000000000004,35.6,29.8,43.656932542428784,46.79478596836793,13.773730829466496,0,0,1,0,38.36885396386689
1214.0,7,35.199999999999996,36.6,27.1,43.65642889468963,46.78782962984563,13.768810427864755,0,0,1,0,37.69313255677362
1215.0,7,35.17142857142857,37.6,23.6,43.65593095801342,46.78090663442951,13.763885020663976,0,0,1,0,25.11223622169561
1216.0,7,35.82857142857143,37.4,30.4,43.65543023365374,46.77399022879436,13.758954295133272,0,0,1,0,49.459882223195066
1217.0,7,36.957142857142856,38.1,31.7,43.654922021676875,46.76702914025253,13.754012921444836,0,0,1,0,34.96166471664155
1218.0,7,36.41428571428571,37.5,26.3,43.65440940634761,46.76005380263146,13.74906561213338,0,0,1,0,27.43148023480181
1219.0,7,37.1,37.1,32.5,43.65389796578841,46.75308197521273,13.744111842622011,0,0,1,0,41.8526489246961
1220.0,7,36.07142857142857,38.1,24.2,43.65337587442078,46.74608053622072,13.739138377594504,0,0,1,0,48.381112558611
1221.0,7,37.142857142857146,37.7,30.4,43.652857817183204,46.73908999413041,13.734172122086536,0,0,1,0,38.654955815160655
1222.0,7,35.885714285714286,36.6,26.9,43.652337156517014,46.73211092860384,13.72919453857961,0,0,1,0,39.9233899263519
1223.0,7,36.471428571428575,37.1,32.0,43.65180018725563,46.72507480643454,13.724185276596176,0,0,1,0,34.44767826383967
1224.0,8,34.800000000000004,35.4,27.0,39.603090673114025,43.05880889045835,11.26582680071707,0,0,2,0,48.395942314642745
1225.0,7,35.75714285714286,34.9,29.2,43.65073812083607,46.71105735080994,13.7141792968026,0,0,1,0,36.5058067101186
1226.0,7,36.228571428571435,36.3,28.8,43.65020109363625,46.70404873799861,13.709158985819322,0,0,1,0,36.42644495682124
1227.0,7,35.75714285714286,34.8,31.8,43.64966064009947,46.69700658502479,13.704136459256953,0,0,1,0,40.69088058788513
1228.0,7,36.44285714285714,35.3,32.0,43.64912376988728,46.689996452204205,13.699116488808848,0,0,1,0,36.43370235205031
1229.0,7,35.81428571428571,34.9,31.4,43.648578518695125,46.682950095532895,13.694086667941235,0,0,1,0,48.59362064600111
1230.0,7,35.6,35.7,23.1,43.64803874840169,46.67593461003975,13.689065539771375,0,0,1,0,41.46630094097587
1231.0,6,36.88333333333333,36.5,33.0,48.64141124840402,51.39344781984232,26.67627392936096,0,0,0,0,32.68410725040852
1232.0,7,36.75714285714286,37.7,28.5,43.6469534843316,46.66186051240257,13.679022276536932,0,0,1,0,40.51733284395865
1233.0,7,36.17142857142857,35.4,27.1,43.64640681691872,46.654828780835246,13.673997755805628,0,0,1,0,45.71625345163184
1234.0,7,36.01428571428572,36.3,26.9,43.6458645944611,46.64779213615371,13.668979914468236,0,0,1,0,35.866123195450484
1235.0,7,36.94285714285714,36.9,28.9,43.64532186642935,46.64078637571443,13.66395968142324,0,0,1,0,41.24781871389793
1236.0,7,35.98571428571429,35.5,26.3,43.6447761648901,46.63374509039912,13.65893964385572,0,0,1,0,48.44921987677693
1237.0,8,35.7875,37.5,26.9,39.6060688577447,43.0532735546538,11.33897430599738,0,0,2,0,41.917037637932594
1238.0,7,34.971428571428575,34.1,26.4,43.643677921854035,46.61964091506536,13.648888370053845,0,0,1,0,40.55654588235411
1239.0,7,36.87142857142857,37.3,30.8,43.643135797370455,46.612633950692754,13.64388477275337,0,0,1,0,47.18830037503109
1240.0,7,37.285714285714285,38.9,30.7,43.642581684657365,46.60558339194906,13.638860592362072,0,0,1,0,46.46911321904601
1241.0,7,36.82857142857142,38.4,27.5,43.64202890869168,46.59854262662281,13.633834987310513,0,0,1,0,45.02073163028307
1242.0,7,36.81428571428571,37.6,30.9,43.64148070983504,46.59150934812753,13.628821806009912,0,0,1,0,51.13352330012624
1243.0,7,36.05714285714286,37.2,28.1,43.64093731447086,46.58449003828653,13.62382527011952,0,0,1,0,56.14262885360145
1244.0,7,35.81428571428571,36.9,25.7,43.64038514994453,46.57743571977844,13.618818478836763,0,0,1,0,41.38484248631693
1245.0,7,37.27142857142858,37.8,30.7,43.63984191830548,46.57041567819972,13.613826251652691,0,0,1,0,41.22673118157591
1246.0,7,37.31428571428571,37.5,32.7,43.639297540003376,46.5633935773474,13.608839266900976,0,0,1,0,40.68573322530234
1247.0,7,38.27142857142858,38.4,34.7,43.63875285685668,46.55638506266309,13.60385836280544,0,0,1,0,44.06472078947307
1248.0,7,38.371428571428574,38.6,32.4,43.63820678281684,46.54937408004128,13.598871188580778,0,0,1,0,47.82314356661782
1249.0,7,38.87142857142857,39.2,35.3,43.637661818765196,46.54238407551116,13.59389776202666,0,0,1,0,46.865637563595705
1250.0,7,38.07142857142857,38.9,30.2,43.63711957659433,46.53537940816615,13.588923677184312,0,0,1,0,49.91220527538758
1251.0,7,38.371428571428574,38.7,35.4,43.63657832396366,46.52839420807256,13.583967979967074,0,0,1,0,50.99293933014882
1252.0,7,37.8,37.4,32.7,43.6360413433227,46.52143757466478,13.579014956816154,0,0,1,0,44.59735237016498
1253.0,7,37.5,38.8,27.9,43.635497746081576,46.51445181936462,13.574061144912898,0,0,1,0,65.04130246187586
1254.0,7,38.91428571428572,39.4,36.7,43.634956568246636,46.50745939766181,13.56910514162701,0,0,1,0,42.79332603776195
1255.0,7,36.75714285714286,36.6,31.4,43.6344195202732,46.500500259261706,13.564163788186828,0,0,1,0,43.82911323918457
1256.0,7,35.214285714285715,34.9,28.9,43.63388407512461,46.49354039310363,13.559224347760606,0,0,1,0,51.88243838464619
1257.0,7,33.357142857142854,34.4,23.8,43.6333372333313,46.48656249066119,13.554276254415765,0,0,1,0,46.82813077950309
1258.0,7,33.57142857142858,36.2,25.8,43.632806727363864,46.47963668003376,13.54935018472403,0,0,1,0,77.70976729105136
1259.0,8,32.7875,34.1,23.2,39.610981709535764,43.04379441414436,11.461939432241172,0,0,2,0,39.582074921679386
1260.0,8,34.1,34.2,29.7,39.61121111201402,43.04338918506925,11.467501076237806,0,0,2,0,52.59712592687458
1261.0,8,32.825,33.45,23.2,39.611434907826094,43.04297714424849,11.473050371376294,0,0,2,0,63.90599675117734
1262.0,8,34.325,34.8,27.5,39.61166005476142,43.04256724245719,11.478601489327676,0,0,2,0,51.82562632724416
1263.0,8,33.65,34.25,23.1,39.61188506868488,43.0421485781614,11.484153279683468,0,0,2,0,60.26048487540292
1264.0,8,34.275000000000006,34.7,24.5,39.61210505200954,43.04172682477049,11.489703538139292,0,0,2,0,52.877654592083125
1265.0,7,34.44285714285714,37.6,23.4,35.94050680725983,39.65153155296177,11.495258642293788,0,0,2,0,55.5598183594192
1266.0,8,34.0375,35.0,24.4,39.61255642378667,43.040939731725786,11.500817222334476,0,0,2,0,63.898796097472655
1267.0,8,35.475,36.1,30.1,39.61277830463647,43.040527915908726,11.506379190584717,0,0,2,0,64.31164513110332
1268.0,8,36.1875,36.7,30.5,39.61299950257822,43.040119374950756,11.511941417410936,0,0,2,0,64.43443395973415
1269.0,8,36.212500000000006,37.25,26.3,39.613211617563486,43.03969728119701,11.517497753668165,0,0,2,0,57.25042531261542
1270.0,8,37.087500000000006,37.6,29.5,39.613436062147564,43.039305729255574,11.52308589314529,0,0,2,0,60.71586248641288
1271.0,8,37.325,37.85,30.2,39.61365206362376,43.03889386210454,11.528654603288649,0,0,2,0,49.792543177275256
1272.0,8,37.199999999999996,38.0,26.7,39.61386603900226,43.038484315920016,11.53422559563197,0,0,2,0,58.9439233332643
1273.0,8,37.6625,38.25,29.8,39.61408256774657,43.03807938735382,11.539813155342555,0,0,2,0,63.52873093516496
1274.0,8,37.825,38.2,31.1,39.61429944560937,43.03767528620729,11.545407107979225,0,0,2,0,56.57704288214914
1275.0,8,37.8,38.55,30.9,39.614508780330645,43.037250761021035,11.550995727271014,0,0,2,0,56.29576384170587
1276.0,8,37.262499999999996,38.4,29.9,39.61471855481794,43.03683305261124,11.556591426855952,0,0,2,0,60.36415351497893
1277.0,8,37.0875,37.849999999999994,31.8,39.61492379766048,43.03640871994667,11.56219001196152,0,0,2,0,67.36578871223422
1278.0,8,36.412499999999994,37.7,28.7,39.615131423672835,43.035993589969344,11.56778449546805,0,0,2,0,56.18373853525512
1279.0,8,37.150000000000006,38.55,30.7,39.615338465797265,43.0355774494177,11.573379866873902,0,0,2,0,64.51306943347863
1280.0,8,37.150000000000006,37.55,33.4,39.615539733271696,43.03515159370165,11.57898877364002,0,0,2,0,58.39486139238965
1281.0,8,36.387499999999996,36.95,32.9,39.61574359206017,43.03474167602016,11.584601106272762,0,0,2,0,57.01058859522285
1282.0,8,36.7,37.05,31.6,39.6159447591796,43.03433538252483,11.59021313997056,0,0,2,0,60.694084006133046
1283.0,8,36.6625,36.7,31.6,39.6161410243533,43.03390878357392,11.595833872484638,0,0,2,0,56.80914911389697
1284.0,8,35.65,36.0,28.9,39.61633771140461,43.03349524025246,11.60145093518433,0,0,2,0,62.67993200365736
1285.0,8,35.837500000000006,34.85,28.3,39.61653927745603,43.03308667574959,11.607089748038446,0,0,2,0,59.52374089849465
1286.0,8,35.849999999999994,36.599999999999994,27.0,39.61673369831325,43.03267394141102,11.61272259093569,0,0,2,0,61.402565926460575
1287.0,8,36.325,36.95,30.5,39.61693367793448,43.032273759710705,11.618362102591671,0,0,2,0,59.406973664457645
1288.0,8,37.45,38.05,32.9,39.61712459453931,43.03185642701469,11.623994901088386,0,0,2,0,61.01094121690644
1289.0,8,37.0,36.85,32.6,39.6173150662543,43.03143481181982,11.629625586679923,0,0,2,0,62.2656522137374
1290.0,8,37.1,37.3,31.6,39.61751363061879,43.03103182673467,11.635268299982812,0,0,2,0,61.87108265398562
1291.0,8,36.7375,37.7,31.0,39.61770471883648,43.0306205821569,11.640909498337344,0,0,2,0,64.80322498517538
1292.0,8,36.712500000000006,36.900000000000006,32.1,39.61789424849263,43.030197782658966,11.646540331031431,0,0,2,0,61.87420288658187
1293.0,8,35.900000000000006,37.099999999999994,28.4,39.61808900864717,43.02979710299206,11.652179214478972,0,0,2,0,59.59036312346291
1294.0,8,37.2875,37.650000000000006,32.3,39.618276386585656,43.02937771260061,11.657812754663931,0,0,2,0,64.53802380514624
1295.0,8,37.4375,38.25,32.1,39.61846909545236,43.02896476316977,11.663447130025386,0,0,2,0,60.56630058221452
1296.0,8,36.537499999999994,36.7,32.3,39.618653499339445,43.028540969899744,11.66907319068114,0,0,2,0,60.72216461129463
1297.0,8,35.95,36.150000000000006,31.5,39.61884319748468,43.028135074618,11.674707051457458,0,0,2,0,65.43314826657137
1298.0,8,35.775,36.5,27.9,39.61902556465424,43.027699645886266,11.680332099631936,0,0,2,0,62.33918985794303
1299.0,8,37.0625,37.4,32.4,39.619219038199034,43.02730203173379,11.685974017946911,0,0,2,0,66.25954554948099
1300.0,8,37.2125,37.9,31.2,39.619406023875285,43.026883844739146,11.69161111931438,0,0,2,0,59.62124271493716
1301.0,8,37.1125,38.2,31.1,39.619590002785586,43.02646194081627,11.697236795339586,0,0,2,0,64.53855565681368
1302.0,8,37.2375,38.0,31.3,39.6197741750471,43.02604888058944,11.702865582807348,0,0,2,0,64.76681777791534
1303.0,8,36.875,38.2,30.3,39.61996056032872,43.02563427511484,11.708500331716388,0,0,2,0,65.51262971013352
1304.0,8,36.900000000000006,38.2,29.2,39.62014706016223,43.02522008786134,11.71413039269863,0,0,2,0,58.17299656069509
1305.0,8,37.8875,38.400000000000006,32.8,39.62033522120559,43.02482036603266,11.719765882525651,0,0,2,0,63.40881964704014
1306.0,8,36.675,37.400000000000006,30.2,39.62051818589349,43.024406168534796,11.72540189014228,0,0,2,0,61.32953288392719
1307.0,8,37.150000000000006,37.3,32.2,39.62069654701529,43.02398340152361,11.731027436604814,0,0,2,0,66.86339941369206
1308.0,8,36.6125,37.75,26.6,39.62088141493413,43.02357898121395,11.736670246917038,0,0,2,0,57.949368761546936
1309.0,8,37.3125,37.8,32.2,39.621058688011615,43.02315803568309,11.742304726603622,0,0,2,0,66.89655850098579
1310.0,8,36.9875,37.95,30.8,39.62123887035547,43.02274652018278,11.747942776004065,0,0,2,0,70.36554249679826
1311.0,8,36.2,37.05,28.2,39.6214206676294,43.02233051208408,11.753578747445555,0,0,2,0,59.42599929136237
1312.0,8,35.9875,36.8,28.1,39.62159862688165,43.02192032311444,11.7592203167874,0,0,2,0,58.85562597374305
1313.0,8,37.1,37.35,32.4,39.62178058488116,43.02151660060002,11.76486293127387,0,0,2,0,63.3930627420856
1314.0,8,37.475,38.5,28.6,39.62195668629161,43.02109776591698,11.770492194948066,0,0,2,0,63.5634661632736
1315.0,8,37.9875,38.35,31.8,39.622138833829084,43.02069735205758,11.776137489892642,0,0,2,0,64.31202783624852
1316.0,8,36.575,37.95,27.1,39.62231336314295,43.02028991343826,11.78178131984684,0,0,2,0,70.97011108258587
1317.0,8,37.425,37.85,32.0,39.622491092132016,43.019891978446566,11.78742566127072,0,0,2,0,64.99433385989317
1318.0,8,36.325,37.8,27.5,39.6226718087366,43.01950072889515,11.793075281820864,0,0,2,0,60.49113424250014
1319.0,8,36.825,38.45,26.2,39.622846096522466,43.01910148794284,11.798728261417024,0,0,2,0,73.33298262407182
1320.0,7,37.74285714285715,38.4,30.8,43.59711542570848,46.0464849622849,13.239857377031782,0,0,1,0,50.69117525986342
1321.0,8,36.5125,38.45,27.8,39.623192330438975,43.0183131744999,11.81002885664812,0,0,2,0,76.10572318038973
1322.0,8,36.287499999999994,36.45,26.8,39.62337604732171,43.01793599862158,11.815694736994516,0,0,2,0,66.80636050888201
1323.0,8,36.425,36.6,28.3,39.623551137667306,43.01754672362716,11.82133349197158,0,0,2,0,73.36739624625393
1324.0,8,35.462500000000006,37.4,26.1,39.62373726937443,43.017176975183176,11.826976874347922,0,0,2,0,66.01325133758148
1325.0,7,37.88571428571429,38.5,31.9,43.594103202683996,46.01166884760172,13.214786039445638,0,0,1,0,61.91913122120037
1326.0,7,27.814285714285713,29.4,18.9,43.593506527942104,46.00474527518821,13.209782396311752,1,0,1,0,80.84688134874501
1327.0,7,37.61428571428571,38.0,35.3,43.592905800327856,45.99781625756309,13.204789521371143,0,0,1,0,64.65980108786731
1328.0,7,38.74285714285714,38.9,36.0,43.59231190786779,45.99092241359028,13.199802617035438,0,0,1,0,59.99571365175981
1329.0,7,38.75714285714285,37.7,35.9,43.59171513629167,45.98400405754671,13.194809738853488,0,0,1,0,56.650229118470286
1330.0,7,38.57142857142857,37.8,35.6,43.59112223396665,45.97712208197658,13.189829707951112,0,0,1,0,59.69863296338138
1331.0,7,37.785714285714285,37.4,35.0,43.59052149621617,45.97018705608284,13.18483204266262,0,0,1,0,69.78825825818853
1332.0,8,36.462500000000006,37.45,24.0,39.625193436885596,43.01432060967295,11.872069469635894,0,0,2,0,77.0337965659725
1333.0,7,38.9,38.5,36.5,43.589325009818104,45.95639828843365,13.174848980897934,0,0,1,0,59.39154606236343
1334.0,7,38.528571428571425,38.4,36.0,43.58872175490361,45.94949516399827,13.169851398397176,0,0,1,0,69.69982634151027
1335.0,7,38.58571428571429,38.2,35.8,43.5881201773145,45.942593325692414,13.164852759351064,0,0,1,0,69.30810956171818
1336.0,7,37.857142857142854,37.3,35.7,43.587513896999745,45.93568710900325,13.159842168121235,0,0,1,0,72.2412042790743
1337.0,7,37.92857142857143,37.5,36.3,43.58691070163922,45.928791711947405,13.15483662981947,0,0,1,0,67.86610156243417
1338.0,7,37.0,36.2,35.4,43.586304279747345,45.92187116312811,13.149828314780512,0,0,1,0,65.61307976084382
1339.0,7,37.17142857142857,36.7,34.7,43.58569959811682,45.91499492041034,13.144822486597088,0,0,1,0,68.04476036306468
1340.0,7,37.214285714285715,36.6,35.2,43.585091029069574,45.90809225035133,13.139798251902436,0,0,1,0,69.05918500291556
1341.0,7,37.42857142857143,36.8,34.6,43.58448061624137,45.90121090585807,13.134772690002643,0,0,1,0,67.21959757417497
1342.0,8,35.974999999999994,37.3,25.1,39.62696903331667,43.01096558872756,11.928662333215163,0,0,2,0,76.95469192985944
1343.0,7,38.12857142857143,37.9,34.9,43.58326166745281,45.88745166204858,13.124710981311884,0,0,1,0,69.987581717239
1344.0,7,38.728571428571435,38.3,35.4,43.582651716934116,45.88058784326102,13.119669518569523,0,0,1,0,68.63640052026035
1345.0,7,38.628571428571426,38.1,33.8,43.58204130625178,45.87373747692125,13.114629822391365,0,0,1,0,73.20124754066174
1346.0,7,37.285714285714285,39.1,27.7,43.581418804183606,45.86686451755225,13.1095633104395,0,0,1,0,67.66261676797812
1347.0,6,38.199999999999996,39.25,32.8,48.66018266942799,50.901095435850344,25.991609506702364,0,0,0,0,66.06835163067515
1348.0,8,33.6625,38.2,19.5,39.62803074594686,43.009279944672855,11.962991028999133,1,0,2,0,89.05500297224471
1349.0,6,37.51666666666666,38.2,31.4,48.66042785020608,50.89261185259939,25.979946075769814,0,0,0,0,76.84995665777772
1350.0,7,34.92857142857143,36.5,24.9,43.57891955571519,45.839363785229885,13.089173399479751,0,0,1,0,69.57965374816665
1351.0,7,35.7,35.4,32.2,43.57827678991974,45.832460190053766,13.084035377651428,0,0,1,0,69.94839602599338
1352.0,8,34.5375,36.55,19.2,39.62870692678164,43.0082917410053,11.986218225557272,1,0,2,0,61.45437447268991
1353.0,8,34.2625,36.45,21.4,39.628871816439606,43.00807354283112,11.992065023437664,0,0,2,0,110.4410343984889
1354.0,8,34.2875,35.599999999999994,21.6,39.62903523630603,43.00785590550389,11.99792438176894,0,0,2,0,83.27919780811202
1355.0,8,34.875,36.0,25.5,39.62921794914527,43.007687984083304,12.003823704998965,0,0,2,0,88.51905527583862
1356.0,8,33.7875,34.85,22.9,39.62936463025628,43.007463708460335,12.00968465432019,0,0,2,0,85.36361052410335
1357.0,6,38.949999999999996,39.8,34.8,48.661300968329215,50.85882959251907,25.933023810779886,0,0,0,0,50.71670937247954
1358.0,6,39.21666666666667,41.15,32.9,48.661414103221,50.85462402144992,25.927196361065093,0,0,0,0,58.14893442183583
1359.0,8,34.287499999999994,37.25,20.4,39.629870539947305,43.00692230854247,12.02736663640956,0,0,2,0,56.39284647221817
1360.0,8,33.525,35.45,23.6,39.630039676473615,43.00675782369353,12.0332658404648,0,0,2,0,81.98108715479685
1361.0,8,32.175,33.55,21.5,39.63020309388952,43.00660325489909,12.039172763425272,0,0,2,0,95.11162399869528
1362.0,7,34.84285714285714,37.5,28.0,43.43087368499657,45.7569779729541,12.045067855073809,0,0,1,0,71.26697636437196
1363.0,8,34.625,35.85,26.7,39.63054636177331,43.006303294874165,12.05097041929996,0,0,2,0,66.46273500610468
1364.0,8,34.225,35.2,25.6,39.6307063711534,43.00614797264181,12.056888882593643,0,0,2,0,72.88519840546347
1365.0,8,35.05,35.45,28.6,39.63086500310311,43.00597724225901,12.062813984380483,0,0,2,0,76.86363047136216
1366.0,8,36.25,37.400000000000006,27.7,39.63102839318651,43.00584672535841,12.068760278786163,0,0,2,0,75.07960932362273
1367.0,8,35.5875,36.25,27.3,39.631198149374164,43.00574468831006,12.074697882985769,0,0,2,0,74.44559080342123
1368.0,8,34.575,34.5,25.9,39.63135570048657,43.005600694363295,12.080639525126434,0,0,2,0,77.61179828772265
1369.0,8,35.900000000000006,37.0,28.1,39.631519451325914,43.00550241174254,12.086615236447305,0,0,2,0,79.36032918216726
1370.0,8,35.137499999999996,35.65,24.5,39.63168772799194,43.00539171214608,12.092576092332644,0,0,2,0,80.45628848244012
1371.0,8,36.175,37.65,27.3,39.63184455383398,43.005271408931655,12.098529320324976,0,0,2,0,78.97019877543251
1372.0,8,36.125,37.1,30.3,39.632011088523406,43.00517450377099,12.1045000230828,0,0,2,0,81.7453121795333
1373.0,8,34.6625,34.650000000000006,26.3,39.6321747204266,43.00507003667208,12.110471037468884,0,0,2,0,80.41691450795969
1374.0,8,36.65,37.349999999999994,31.1,39.63233545908862,43.00494967127099,12.11644238731448,0,0,2,0,79.82545188308394
1375.0,8,37.875,38.1,33.2,39.63249769401626,43.00484446947125,12.122413040513136,0,0,2,0,75.52439631933424
1376.0,8,36.7875,37.8,33.0,39.63265037393171,43.00472346179859,12.128387819224788,0,0,2,0,79.47357002648083
1377.0,8,37.05,38.349999999999994,33.3,39.6328117193793,43.004620032858796,12.134363053559984,0,0,2,0,79.77466272958854
1378.0,8,36.775000000000006,38.0,32.7,39.63296972207453,43.00452019043476,12.140346134706284,0,0,2,0,76.9822339302868
1379.0,8,37.4375,38.45,31.9,39.6331219658888,43.0044008282197,12.146319659484847,0,0,2,0,82.17074782021892
1380.0,8,37.275,38.0,30.2,39.63328422737035,43.004302220119094,12.15230920493985,0,0,2,0,74.7554208497563
1381.0,8,36.5625,37.150000000000006,30.4,39.633434065486206,43.00420799697597,12.158305661909417,0,0,2,0,76.77455918169248
1382.0,8,36.650000000000006,36.65,31.0,39.63358836909572,43.004110981827154,12.16430049967468,0,0,2,0,78.75136489097729
1383.0,8,37.575,37.3,32.5,39.63373931486265,43.004003528983304,12.170302222651156,0,0,2,0,83.24179609392456
1384.0,8,36.9375,37.05,32.2,39.63389186876514,43.00392269373647,12.176311792733436,0,0,2,0,86.33545358081997
1385.0,8,36.775,36.75,31.3,39.63404084480914,43.003826843708794,12.182326587907207,0,0,2,0,76.83129217366664
1386.0,8,36.5625,36.85,31.3,39.63418858516515,43.00371860013308,12.188329118908683,0,0,2,0,78.32945022994343
1387.0,8,36.099999999999994,36.9,29.3,39.63433284773304,43.00360399174892,12.194334517392724,0,0,2,0,79.78654279523965
1388.0,8,36.1875,37.650000000000006,27.9,39.63447236245283,43.00349092565486,12.200345793137084,0,0,2,0,79.8528906503871
1389.0,8,36.3875,37.9,27.5,39.634612530382185,43.00337335952476,12.2063618007743,0,0,2,0,77.35718879328857
1390.0,8,37.0625,38.85,27.9,39.63475563151951,43.003271618574125,12.212379932918168,0,0,2,0,87.9670704482383
1391.0,8,36.375,38.75,27.8,39.63489655097631,43.003149653825126,12.218390849333884,0,0,2,0,83.47764812710511
1392.0,8,36.8,38.7,27.9,39.635033413323285,43.00304016266331,12.224414380135029,0,0,2,0,88.87596640265456
1393.0,8,36.087500000000006,37.8,27.0,39.63516751520698,43.00291422428822,12.230429273256735,0,0,2,0,87.150973444138
1394.0,8,36.1375,37.85,27.6,39.63530896342546,43.00279137542002,12.23643416067946,0,0,2,0,88.99681170661998
1395.0,8,35.55,37.75,25.3,39.63543719100527,43.00264954678967,12.24244876814511,0,0,2,0,77.4354114137569
1396.0,8,34.575,37.05,19.8,39.63557103129339,43.002514803536556,12.248461150064276,1,0,2,0,86.18023451961804
1397.0,8,34.3,37.5,18.4,39.6356990501779,43.00236848367891,12.254468292043434,1,0,2,0,79.37769241231753
1398.0,8,33.0375,36.45,17.5,39.63582391263504,43.0022201465878,12.260485615481317,1,0,2,0,105.15527938920788
1399.0,8,33.2375,36.7,20.1,39.63594875611668,43.00207067724074,12.266494607565898,0,0,2,0,78.48080581657595
1400.0,8,34.5,36.3,22.8,39.63607177186234,43.001915618275234,12.272506315999216,0,0,2,0,86.27477948706557
1401.0,8,34.962500000000006,36.8,27.9,39.63618762939492,43.001741586179065,12.278498437546029,0,0,2,0,103.38883144919588
1402.0,8,34.45,37.6,21.2,39.63631228497741,43.00158751052827,12.284508254432748,0,0,2,0,101.11642558517202
1403.0,8,35.337500000000006,37.85,25.9,39.63642792958838,43.00140764726427,12.290512384140774,0,0,2,0,103.13805944087224
1404.0,8,35.25,37.05,21.0,39.63655463631312,43.00123806234416,12.296509526957424,0,0,2,0,80.42647106666612
1405.0,8,34.625,37.4,20.1,39.63666729291043,43.00105062883734,12.302503987136372,0,0,2,0,94.04345863124104
1406.0,8,33.375,37.5,22.7,39.636781836423665,43.000865096360954,12.308507206580089,0,0,2,0,89.07569510146286
1407.0,8,32.7625,37.7,19.6,39.63689495377729,43.000675421919524,12.31450189526995,1,0,2,0,128.38002855788957
1408.0,8,33.5375,37.7,18.8,39.637013793618166,43.00049971553763,12.320508232131404,1,0,2,0,101.84289762373147
1409.0,8,34.1625,38.15,22.0,39.63712513038177,43.00031576472594,12.326509890965005,0,0,2,0,72.52363196112613
1410.0,8,33.375,37.849999999999994,19.1,39.637237564712706,43.00012584392236,12.33250153063616,1,0,2,0,114.81115753289436
1411.0,8,33.7,37.45,21.6,39.63735247823072,42.99994130401399,12.338510232275183,0,0,2,0,83.55248507859687
1412.0,8,33.85,37.65,21.7,39.637458394529375,42.999749085022685,12.34450077583735,0,0,2,0,115.71685055637508
1413.0,8,33.9,37.95,21.9,39.637572979659346,42.999568447055154,12.350504904694509,0,0,2,0,92.86451643292352
1414.0,8,34.125,37.95,22.0,39.637676285238925,42.99936167182314,12.356486792663924,0,0,2,0,111.27522448105108
1415.0,8,34.599999999999994,37.3,20.7,39.637782629323375,42.999182948210944,12.362492209223632,0,0,2,0,73.4534833961497
1416.0,7,35.51428571428571,37.4,26.1,43.5335244217917,45.38550473172299,12.74069671807166,0,0,1,0,98.75563425219346
1417.0,7,34.94285714285714,36.4,24.4,43.5327924776638,45.37854954794543,12.735382793500044,0,0,1,0,86.47809144313163
1418.0,7,34.614285714285714,35.6,26.1,43.532061921466735,45.3716026470067,12.730050240129364,0,0,1,0,103.0699291561855
1419.0,8,32.225,34.6,15.7,39.63822820124014,42.998491404453816,12.386479804194217,1,0,2,0,126.70532589513697
1420.0,8,32.9,34.25,20.8,39.6383343622238,42.998318259371075,12.392479631973934,0,0,2,0,125.54576662990635
1421.0,8,31.650000000000002,33.2,22.0,39.63843966597532,42.99815503285839,12.398466896831708,0,0,2,0,109.64066710624516
1422.0,7,32.357142857142854,37.5,20.6,43.48566883882629,45.343882756652505,12.404477771904968,0,0,1,0,115.70349481694996
1423.0,7,33.385714285714286,37.7,23.1,37.326570429309676,40.658764356851805,12.410505218969062,0,0,2,0,100.70466513010342
1424.0,8,32.050000000000004,32.2,22.3,39.638776038114415,42.99773568333739,12.416531372340774,0,0,2,0,102.8677405510613
1425.0,8,34.375,33.75,29.2,39.63889954869161,42.99762058362707,12.422547123836743,0,0,2,0,98.89749644701725
1426.0,8,34.4125,34.5,27.0,39.63901475526106,42.99749805969746,12.428573221619253,0,0,2,0,96.46655533586082
1427.0,8,35.95,34.849999999999994,30.5,39.639129873145436,42.997381482871035,12.434595929840492,0,0,2,0,99.83767766833358
1428.0,8,35.325,35.95,30.3,39.639241285471286,42.99727023639336,12.44063022487934,0,0,2,0,105.47873595778528
1429.0,8,34.0125,34.849999999999994,27.9,39.63934715574601,42.997144679979755,12.4466523668589,0,0,2,0,100.69771323347818
1430.0,8,32.537499999999994,32.8,26.0,39.63947857824068,42.99709446163915,12.452715266433456,0,0,2,0,113.51568662285416
1431.0,8,32.800000000000004,33.05,24.7,39.639601577410694,42.997013038705276,12.458757630087792,0,0,2,0,100.0603539703007
1432.0,8,34.1375,34.05,29.3,39.63972288138399,42.996944954459636,12.46481663786439,0,0,2,0,102.21196029042922
1433.0,8,34.4875,36.2,24.7,39.63983869058282,42.99685912889831,12.47086601897029,0,0,2,0,104.19914348701562
1434.0,8,36.375,37.95,24.8,39.639946462638314,42.99676843311162,12.476912571166164,0,0,2,0,99.43158044167556
1435.0,8,36.8375,37.8,29.9,39.6400649044933,42.99671953726869,12.482981128477084,0,0,2,0,106.02495086273186
1436.0,8,35.65,36.4,30.4,39.64018418569039,42.99666615167089,12.489040622555288,0,0,2,0,110.76278223156008
1437.0,8,36.3875,37.0,28.9,39.64030569527894,42.99661501421142,12.495109091360648,0,0,2,0,102.3734312134307
1438.0,7,38.214285714285715,37.5,35.8,43.499998441956215,45.23432624164276,12.501165900196655,0,0,1,0,101.3792950386584
1439.0,7,37.92857142857143,36.9,36.4,43.50089927055915,45.22754847756102,12.507247415984985,0,0,1,0,103.8973881676984
1440.0,8,35.7,36.75,24.7,39.64066867596529,42.99648435653117,12.51330969668355,0,0,2,0,101.36898692724914
1441.0,8,34.2375,35.25,25.7,39.640797745294115,42.99648992447603,12.519401054952995,0,0,2,0,93.65557183772776
1442.0,7,37.5,36.4,33.9,43.50360905327644,45.20724630330864,12.52546120291976,0,0,1,0,102.98875707442018
1443.0,7,36.67142857142857,35.1,33.5,43.504518261631816,45.2005459604342,12.53156073901047,0,0,1,0,94.76049634987945
1444.0,7,35.77142857142857,35.5,28.6,43.505423979415,45.193803311464606,12.53764518363771,0,0,1,0,107.1286560123168
1445.0,7,35.300000000000004,36.0,27.9,43.506334032202794,45.187089947724246,12.54373561633084,0,0,1,0,103.0225585673166
1446.0,7,34.94285714285714,34.5,28.9,43.50723678894519,45.180350653237866,12.549818297173578,0,0,1,0,103.05096307878657
1447.0,7,35.32857142857143,35.4,27.6,43.50814334211979,45.17365256625165,12.55590539425645,0,0,1,0,106.19165327246336
1448.0,7,35.81428571428572,35.2,31.6,43.50904927054555,45.16692940841326,12.56199348867938,0,0,1,0,92.80476603896692
1449.0,7,35.028571428571425,34.9,28.0,43.50995068089645,45.16020844848632,12.56808481390069,0,0,1,0,91.42036430337065
1450.0,7,35.84285714285714,34.8,29.4,43.510857572270204,45.15348490591912,12.574168535197584,0,0,1,0,90.87554163628396
1451.0,8,35.075,35.0,27.5,39.6420427135138,42.99654133302903,12.55400986123159,0,0,2,0,101.37783980327367
1452.0,8,35.8125,35.75,28.8,39.6421631008065,42.99654199536367,12.548675140111577,0,0,2,0,92.60787324502826
1453.0,8,35.112500000000004,35.1,26.6,39.642284235033465,42.99654540441107,12.543345021998553,0,0,2,0,110.08492401154476
1454.0,7,35.2,35.9,25.3,43.51446452938303,45.12663141720627,12.598505906949654,0,0,1,0,93.82124420403748
1455.0,6,36.23333333333334,36.15,29.8,46.54150381144831,50.4444773723205,12.60459586522778,0,0,1,0,94.23540244536233
1456.0,7,35.128571428571426,36.0,21.6,43.51625122522795,45.11317352872825,12.61067284873433,0,0,1,0,90.11711206537676
1457.0,7,34.714285714285715,36.2,23.2,43.51714741697648,45.10643152602507,12.616767511086856,0,0,1,0,96.7823097996822
1458.0,7,35.214285714285715,37.9,24.3,43.518032951062544,45.09967383365861,12.62284394180424,0,0,1,0,96.90299556960062
1459.0,7,34.15714285714286,32.9,22.4,43.518934006407186,45.09296466804255,12.628950087294296,0,0,1,0,123.32053142484268
1460.0,7,33.74285714285714,34.6,20.8,43.519826272407315,45.08623021791906,12.635044322460036,0,0,1,0,107.20954906564656
1461.0,7,34.18571428571429,35.2,22.8,43.520709191326304,45.07944133165334,12.641118777008115,0,0,1,0,94.82408870088123
1462.0,7,34.214285714285715,34.9,22.6,43.521605443228886,45.07270413305257,12.647230674760314,0,0,1,0,107.69572595178349
1463.0,7,35.214285714285715,36.0,26.3,43.52248933894468,45.065928047065945,12.653311103241764,0,0,1,0,103.24133448983714
1464.0,7,36.48571428571429,35.9,33.5,43.52337602794556,45.05917608384292,12.659410379430264,0,0,1,0,102.96053814009952
1465.0,8,35.900000000000006,36.400000000000006,27.6,39.64362434552133,42.9964947519537,12.479144132749491,0,0,2,0,103.28044794556712
1466.0,8,35.6,35.8,30.2,39.6437295673025,42.99648160540792,12.473793345196944,0,0,2,0,105.60963598920009
1467.0,8,35.4,35.35,27.6,39.64383727349819,42.996467250950104,12.468453637200106,0,0,2,0,105.9728259499267
1468.0,8,35.5375,35.85,25.1,39.643945960401936,42.99645460078446,12.463113484795864,0,0,2,0,103.4672459287178
1469.0,8,36.275,36.1,29.2,39.64404540765484,42.99643740913462,12.457752645684822,0,0,2,0,108.64597989534066
1470.0,8,35.9375,35.849999999999994,27.6,39.64415624017035,42.99643016975393,12.452421418702531,0,0,2,0,93.19578748504932
1471.0,7,35.800000000000004,34.8,30.0,43.529572786514095,45.01191623882034,12.702034657264056,0,0,1,0,108.35256393341166
1472.0,7,36.65714285714286,34.9,33.9,43.53045040128311,45.0051346787633,12.70811224377431,0,0,1,0,103.67268697004614
1473.0,7,35.98571428571429,35.6,30.3,43.531335326590636,44.99838108127855,12.714205976224251,0,0,1,0,98.89174772651974
1474.0,7,36.214285714285715,36.3,28.1,43.53222243250656,44.99166420884488,12.720317444021727,0,0,1,0,95.24860770730136
1475.0,7,34.84285714285714,36.6,23.0,43.53310497137439,44.984916561183766,12.726419154080908,0,0,1,0,94.90816127042623
1476.0,7,35.97142857142857,36.3,30.2,43.53398389104775,44.97815629048705,12.73251767612924,0,0,1,0,98.84624868187584
1477.0,8,33.5375,34.5,22.3,39.64487377689878,42.996381432786755,12.414951485693802,0,0,2,0,97.08311798277006
1478.0,7,36.714285714285715,36.4,31.7,43.535741982826146,44.96462707426657,12.74473290296265,0,0,1,0,96.67058847222128
1479.0,8,35.474999999999994,35.85,28.1,39.64506368539826,42.996368681348244,12.40420587585211,0,0,2,0,101.92894530277086
1480.0,8,35.675,36.3,27.4,39.64516213069608,42.99636128129359,12.39884254300834,0,0,2,0,83.85884759720479
1481.0,7,34.614285714285714,34.7,25.6,43.53836582881344,44.94429059186544,12.763056792047909,0,0,1,0,89.94574665633169
1482.0,7,35.08571428571428,35.9,27.9,43.53924358837441,44.937539634224144,12.769166925819531,0,0,1,0,98.9851023943418
1483.0,7,37.15714285714286,36.6,35.1,43.54011930506284,44.93077083868782,12.77527771460006,0,0,1,0,94.58256014202053
1484.0,7,36.08571428571428,35.4,27.4,43.54099505057742,44.92399987317216,12.781383005034836,0,0,1,0,97.1310783287103
1485.0,7,37.07142857142857,36.2,30.4,43.54186528299931,44.91723167685209,12.787497385512069,0,0,1,0,86.56345840765228
1486.0,7,37.48571428571428,37.2,31.8,43.542738380039474,44.91046727022517,12.79360525123526,0,0,1,0,92.63856183715706
1487.0,7,38.08571428571428,37.1,34.6,43.54361119384676,44.90370675317406,12.799721192244975,0,0,1,0,94.29838899049456
1488.0,7,38.028571428571425,37.7,34.0,43.54448026661513,44.89692235794693,12.805824845658972,0,0,1,0,90.6089482920692
1489.0,7,37.24285714285715,36.4,33.1,43.545357143286935,44.89019367172084,12.811941460165473,0,0,1,0,87.22578208672677
1490.0,7,36.82857142857142,37.0,28.1,43.546226597498574,44.88344717141023,12.81805079838512,0,0,1,0,95.61307480604074
1491.0,7,36.628571428571426,37.2,29.9,43.54709949435894,44.87671774466791,12.824161113909412,0,0,1,0,80.61431598383092
1492.0,7,37.857142857142854,37.6,32.4,43.547977731175074,44.87003679896139,12.83027540130941,0,0,1,0,97.42153640487756
1493.0,7,38.042857142857144,37.9,33.5,43.54884560800194,44.86329269945156,12.836377859750067,0,0,1,0,86.61652773215324
1494.0,7,36.971428571428575,37.7,28.5,43.54972457655126,44.85661715945956,12.842486649775577,0,0,1,0,85.16027261517493
1495.0,7,36.871428571428574,38.1,29.0,43.55059072921689,44.84990742727435,12.848587591859255,0,0,1,0,92.9157663059255
1496.0,7,35.614285714285714,37.3,26.6,43.55147020173747,44.84323954355656,12.854695396065363,0,0,1,0,98.28856477925342
1497.0,7,36.58571428571429,37.4,28.6,43.55234130492202,44.83654193552378,12.860786354238629,0,0,1,0,103.94417220308094
1498.0,7,36.75714285714286,37.8,28.7,43.55321461724443,44.8298712195743,12.86688543089636,0,0,1,0,97.583080345569
1499.0,7,36.44285714285714,36.9,28.3,43.55408106295321,44.82315956866549,12.872984501210755,0,0,1,0,90.14735222951894
1500.0,6,35.9,36.5,29.4,46.63105767848083,50.252268302139214,12.879071708483156,0,0,1,0,87.28529243311424
1501.0,7,35.01428571428571,36.1,29.4,43.55582773017938,44.8098293062525,12.885171530271062,0,0,1,0,93.28639752862696
1502.0,7,34.99999999999999,35.2,28.0,43.556697192251214,44.80314721074272,12.891267919916826,0,0,1,0,93.5405172518373
1503.0,7,35.65714285714286,34.8,27.5,43.55756448939983,44.79644980235253,12.89736511142846,0,0,1,0,97.51166650539336
1504.0,6,36.166666666666664,34.05,32.5,46.63893464126941,50.235090431685386,12.903471009803992,0,0,1,0,101.60162952754098
1505.0,7,35.68571428571429,34.3,30.1,43.559296628657236,44.78305738173339,12.909561499784129,0,0,1,0,94.03853972629676
1506.0,7,35.285714285714285,34.5,27.6,43.56016065938484,44.776357117221615,12.915670354419085,0,0,1,0,94.770808117107
1507.0,7,35.028571428571425,34.7,25.3,43.56102552131697,44.76965146884199,12.921776190613697,0,0,1,0,93.90598514631162
1508.0,7,35.4,36.8,27.6,43.56188804845449,44.76294520635553,12.92788895496178,0,0,1,0,98.07233954152107
1509.0,7,36.44285714285714,35.9,30.7,43.56274665467489,44.75620362393607,12.934002371411705,0,0,1,0,93.33212302115165
1510.0,7,34.81428571428571,35.1,24.1,43.56360546572754,44.74945970618785,12.940122087745277,0,0,1,0,100.14629334187494
1511.0,7,35.02857142857143,34.4,27.0,43.56445949908147,44.74269317660384,12.946233839844874,0,0,1,0,83.30258616150024
1512.0,7,36.08571428571428,36.7,30.2,43.56531553152981,44.7359421859067,12.952368354278049,0,0,1,0,84.74078352259109
1513.0,7,36.628571428571426,36.8,29.3,43.56616758130196,44.72916020360824,12.958494788327927,0,0,1,0,96.58605103273725
1514.0,7,37.75714285714286,37.8,34.4,43.5670145540627,44.72237463805427,12.9646153079848,0,0,1,0,90.3735027136689
1515.0,8,36.1375,38.0,25.1,39.64830870353278,42.996855602065764,12.211369290860432,0,0,2,0,93.45287669643402
1516.0,7,36.471428571428575,37.4,29.8,43.568724808717356,44.70884345261905,12.976900899478316,0,0,1,0,86.48913582792481
1517.0,7,36.957142857142856,38.0,27.1,43.569573973275446,44.7020400450114,12.983038578361429,0,0,1,0,81.54368855285686
1518.0,7,37.65714285714286,38.4,31.2,43.57042344013798,44.69527045631563,12.989175403755818,0,0,1,0,86.58903740488161
1519.0,7,37.60000000000001,38.0,31.3,43.57126959460682,44.68848135727464,12.995321494531629,0,0,1,0,86.69192601114177
1520.0,8,35.9125,37.45,27.1,39.648653103693434,42.99685830945057,12.184396393439316,0,0,2,0,84.65683237877364
1521.0,8,33.599999999999994,34.65,25.7,39.64871828782745,42.996862421389174,12.17899648740642,0,0,2,0,75.96599352331098
1522.0,8,32.462500000000006,32.650000000000006,26.1,39.64878525825661,42.996851287187084,12.173616278612872,0,0,2,0,84.50068712073157
1523.0,7,32.21428571428571,34.1,21.5,43.57466019460258,44.66138212835492,13.01987548388268,0,0,1,0,63.530842643596806
1524.0,6,36.0,36.6,29.4,40.82146897144122,42.99685210987526,13.026007105322924,0,0,1,0,85.12664725469274
1525.0,6,36.699999999999996,36.75,33.1,40.82110392539052,42.99685330326437,13.032136309289829,0,0,1,0,75.90686869560173
1526.0,6,36.51666666666667,37.150000000000006,31.3,40.820726670426275,42.9968308399047,13.038255960212766,0,0,1,0,80.14167863800796
1527.0,7,36.34285714285714,37.2,32.2,36.72412003928828,41.35940406021484,12.146688191192862,0,0,2,0,91.99570939306795
1528.0,8,33.2625,35.2,23.4,39.649164856299095,42.99682668639121,12.141305417855143,0,0,2,0,85.75167728253449
1529.0,8,34.3375,35.4,27.4,39.649230653965304,42.996818195200596,12.135945515208892,0,0,2,0,87.9100963161668
1530.0,8,35.65,37.35,27.9,39.6492968882107,42.99682711148206,12.13058391951895,0,0,2,0,85.42524161091909
1531.0,7,36.41428571428572,36.8,28.9,43.58137639207779,44.60718344411821,13.068824320220816,0,0,1,0,81.46703446149813
1532.0,6,37.21666666666667,37.0,32.7,46.693754582463754,50.114318034066926,13.074937004986351,0,0,1,0,89.82569966250672
1533.0,7,36.65714285714286,36.4,31.0,43.583064506162394,44.59373205615639,13.081028651038215,0,0,1,0,77.58007264179913
1534.0,7,36.971428571428575,36.7,28.4,43.58390423481712,44.58701220336334,13.087132685435424,0,0,1,0,80.08675981389545
1535.0,7,37.57142857142857,37.8,30.5,43.584744350731214,44.5803094675229,13.093225912572157,0,0,1,0,87.75482314375405
1536.0,6,37.03333333333334,36.25,32.6,46.70151706455209,50.09697232919207,13.099325313899168,0,0,1,0,83.83723895005907
1537.0,6,37.03333333333333,36.25,33.9,46.70345880117162,50.09264172175011,13.10542754863547,0,0,1,0,82.38616810612497
1538.0,6,37.8,36.75,33.6,46.70539407694028,50.088303856123446,13.111527628436791,0,0,1,0,85.61857268586482
1539.0,7,37.699999999999996,38.9,31.3,43.58811784047447,44.55355506092129,13.117620253699563,0,0,1,0,80.50104757419045
1540.0,7,37.371428571428574,40.0,30.8,43.58896004921002,44.5468771310277,13.123715580918304,0,0,1,0,86.44187927813344
1541.0,7,37.471428571428575,40.2,29.0,43.5898085827816,44.54023283044941,13.129810856725593,0,0,1,0,71.48654843286988
1542.0,7,36.77142857142858,39.9,27.3,43.590651797950684,44.53358318251694,13.13590398964024,0,0,1,0,75.29753858633079
1543.0,6,37.86666666666667,39.400000000000006,29.1,46.715078844261164,50.066622956171585,13.142001178444648,0,0,1,0,79.54233320434052
1544.0,6,36.68333333333333,38.5,25.9,46.7170110021979,50.06228294912637,13.14808485165476,0,0,1,0,85.18322918782924
1545.0,7,36.557142857142864,35.9,27.8,43.593200450593486,44.51375389641506,13.15419003397312,0,0,1,0,66.95089078252012
1546.0,7,37.542857142857144,38.8,27.0,43.59404429856465,44.50711811568889,13.160289299930623,0,0,1,0,84.87243563795823
1547.0,8,34.8875,36.400000000000006,15.4,39.65054304514702,42.997452772122074,12.04005088325776,1,0,2,0,75.83205988862196
1548.0,8,36.3375,38.65,20.9,39.650615891759074,42.9975356870773,12.034720166406096,0,0,2,0,69.01632678210741
1549.0,8,38.0125,39.3,28.8,39.65068839831302,42.99761141510179,12.029393159545087,0,0,2,0,75.47422779854354
1550.0,8,37.5125,38.3,26.0,39.65076795864324,42.997679459991794,12.02410541606136,0,0,2,0,65.82433867048184
1551.0,8,37.3875,38.6,24.9,39.650837188204406,42.997762250574404,12.01876091043954,0,0,2,0,81.66151362216824
1552.0,8,37.35,39.1,26.6,39.65091239257506,42.997844028938374,12.013443140784688,0,0,2,0,71.79709132397385
1553.0,8,37.625,39.400000000000006,28.3,39.65098332350213,42.99792427658812,12.008119658712223,0,0,2,0,80.03112351827833
1554.0,8,37.9375,39.25,30.6,39.65105120613718,42.998008402897256,12.00278562055295,0,0,2,0,66.99314755045641
1555.0,8,37.650000000000006,38.05,31.7,39.65111454686627,42.99807757275481,11.99744629101875,0,0,2,0,70.17087624769451
1556.0,8,36.1375,37.45,26.3,39.65117873713562,42.99813078499464,11.992108558259826,0,0,2,0,71.0560641759195
1557.0,7,36.5,37.9,27.2,43.60331144830259,44.434296505216444,13.227467230197783,0,0,1,0,74.47872257880816
1558.0,7,36.98571428571428,37.7,29.3,43.6041427155357,44.427639117180405,13.233596135177368,0,0,1,0,88.52274042923136
1559.0,7,37.51428571428572,36.6,32.2,43.60497767111923,44.42099136885119,13.239716431566338,0,0,1,0,81.09622748981438
1560.0,8,36.474999999999994,35.6,28.6,39.651421914537586,42.99836708804536,11.970728017873594,0,0,2,0,76.88200020458508
1561.0,7,36.94285714285714,36.6,33.4,43.60663270365488,44.40762406347852,13.251952356430149,0,0,1,0,79.17067140870668
1562.0,7,36.3,34.9,33.5,43.607454058369136,44.40091359456893,13.258074078747011,0,0,1,0,80.88564389530332
1563.0,8,33.2125,34.0,19.0,39.65157276787347,42.998474990971886,11.954651024002564,1,0,2,0,81.58832038981275
1564.0,7,35.17142857142857,35.9,30.4,43.609100676802306,44.38752317051805,13.270323245169616,0,0,1,0,91.9614240839334
1565.0,8,35.3875,36.0,29.3,39.651674177510984,42.99853669274391,11.943937268151675,0,0,2,0,78.0536284399164
1566.0,8,35.425,34.45,28.6,39.65171297216548,42.99855249363118,11.938555258097184,0,0,2,0,81.68064776703358
1567.0,8,35.1625,34.85,27.6,39.65175639130617,42.998564105015596,11.93319069781836,0,0,2,0,85.88508410150995
1568.0,8,35.0,34.25,28.0,39.65179763056659,42.998567752143984,11.927826022596072,0,0,2,0,82.17363023750484
1569.0,8,34.1375,35.45,23.6,39.65183570199558,42.99857498201163,11.922458856669856,0,0,2,0,95.11941346124938
1570.0,7,36.02857142857143,36.7,29.5,36.67784564145694,41.65007989166845,11.917098445066388,0,0,2,0,85.59156961048129
1571.0,8,35.6625,36.349999999999994,29.8,39.651913094256784,42.998576785585485,11.91172890798786,0,0,2,0,80.98663710101343
1572.0,8,36.275,36.05,30.5,39.65195583292866,42.99858425014931,11.90637763254633,0,0,2,0,84.91255421498771
1573.0,8,35.6125,36.15,29.1,39.651985858726704,42.99855391335319,11.90101228231411,0,0,2,0,85.3601268104547
1574.0,7,36.9,36.4,31.3,43.41209511280561,44.32000891755818,11.895649354470146,0,0,1,0,71.4142133526756
1575.0,7,37.528571428571425,36.9,32.3,43.41125928004816,44.31323439367669,11.89028663790177,0,0,1,0,75.15898741160917
1576.0,8,33.9875,33.35,27.2,39.65208538111082,42.9985101075322,11.884914395788291,0,0,2,0,81.44340918146223
1577.0,8,34.075,32.599999999999994,26.6,39.652113230889114,42.99846803806549,11.87954684058643,0,0,2,0,73.81366246449033
1578.0,8,34.7625,35.5,27.3,39.652136482037704,42.99843034197789,11.874181918761725,0,0,2,0,72.39022402309003
1579.0,8,35.0625,36.3,27.3,39.65216749031087,42.998407158803545,11.868820408742687,0,0,2,0,78.85620042054249
1580.0,8,34.075,36.9,21.2,39.65218923814396,42.998364561314204,11.863460371920429,0,0,2,0,77.49948133422431
1581.0,8,32.7,34.25,23.4,39.65221294560633,42.99834128740898,11.85809424402104,0,0,2,0,82.38835683071666
1582.0,8,33.8625,36.1,22.3,39.65223494131148,42.9982959542408,11.852735672904544,0,0,2,0,70.37672298628281
1583.0,7,34.371428571428574,36.0,26.8,43.40451746671166,44.25886544614391,11.847378334238476,0,0,1,0,82.99435861180638
1584.0,8,32.3,33.85,21.9,39.65228744171506,42.99825976576952,11.842020763556532,0,0,2,0,73.16958916203484
1585.0,8,33.5125,34.0,23.5,39.652322986695,42.9982686883974,11.836664479899182,0,0,2,0,78.10533794794942
1586.0,8,35.599999999999994,36.0,28.0,39.6523448294457,42.99823220961109,11.831302881307217,0,0,2,0,81.2656190460684
1587.0,8,35.9125,36.8,29.5,39.652364788986716,42.99820256968092,11.825945444972913,0,0,2,0,89.03691583242765
1588.0,8,36.1375,36.0,30.6,39.65239343156932,42.99820269086087,11.82059368533196,0,0,2,0,81.08673699600809
1589.0,8,34.85,35.5,30.2,39.65241740733002,42.99818303332354,11.81524186319183,0,0,2,0,87.91185945198427
1590.0,8,35.775,36.349999999999994,30.6,39.65244221128401,42.99817330490892,11.809890940017862,0,0,2,0,85.2463728003506
1591.0,8,34.775,35.55,30.5,39.65247583354633,42.99819710185303,11.804545976028914,0,0,2,0,89.40248153389697
1592.0,8,32.8,33.0,24.8,39.65250128647635,42.99819779030637,11.799188813145218,0,0,2,0,88.73707636313699
1593.0,6,34.55,34.8,27.1,40.794850124767734,42.99820644287459,13.447489441047042,0,0,1,0,85.30904481334433
1594.0,8,31.6375,33.55,15.9,39.65256165002743,42.99824681052938,11.788496776282292,1,0,2,0,76.62856729344456
1595.0,7,36.65714285714286,37.0,29.1,43.63393680367348,44.17790561457213,13.459711541953506,0,0,1,0,89.40689880996095
1596.0,7,35.58571428571429,36.0,28.3,43.6347387438472,44.17122756737688,13.465821093965044,0,0,1,0,92.08699504689734
1597.0,8,33.712500000000006,35.35,18.4,39.65265395739934,42.99832298912001,11.772471137385011,1,0,2,0,90.47834322335314
1598.0,7,36.400000000000006,37.7,29.3,43.6363395424147,44.15784707073448,13.478046040992703,0,0,1,0,93.10561553442471
1599.0,8,33.425,35.3,17.7,39.65271953763062,42.9984144638716,11.761788540245105,1,0,2,0,72.60176023956491
1600.0,7,36.22857142857143,37.0,24.1,43.63793080996533,44.14448504948099,13.490262559409397,0,0,1,0,91.16993422546996
1601.0,8,35.0,36.900000000000006,22.6,39.65277563873235,42.998487557869566,11.751116154746232,0,0,2,0,93.26844481893836
1602.0,7,35.871428571428574,37.0,25.5,35.99596632740788,41.86592889867921,11.74577552248461,0,0,2,0,104.02075784987125
1603.0,8,34.212500000000006,36.95,21.3,39.652843535424076,42.998610572366005,11.740444697678685,0,0,2,0,93.34047567429688
1604.0,8,34.825,37.05,23.3,39.65288156723803,42.99867036929355,11.735131098155293,0,0,2,0,82.48912752789194
1605.0,8,36.025,37.5,27.7,39.652914647262534,42.99875408073964,11.729789904524273,0,0,2,0,90.31275305109088
1606.0,8,36.212500000000006,38.55,26.1,39.65295020839514,42.998814373196694,11.724469540137706,0,0,2,0,100.26719412791412
1607.0,8,37.1375,39.150000000000006,27.3,39.65299044867952,42.99889941340456,11.719152562818024,0,0,2,0,90.86210286742184
1608.0,8,37.8875,38.75,32.0,39.65303339546805,42.998989874662655,11.71384169561032,0,0,2,0,91.78769839636324
1609.0,8,37.125,38.95,30.6,39.6530723893383,42.999079504046385,11.70852006114505,0,0,2,0,90.25897813481734
1610.0,8,35.900000000000006,38.85,22.9,39.65311665522094,42.99916369740141,11.703229033071842,0,0,2,0,90.44722281097005
1611.0,7,36.58571428571429,40.7,26.8,43.64676189983065,44.07167656372374,13.557491639718297,0,0,1,0,91.63896648556984
1612.0,8,35.125,35.2,27.6,39.65320091351394,42.99936743738842,11.692622570404255,0,0,2,0,97.38674108545476
1613.0,8,35.075,35.05,26.0,39.653236535283845,42.99945521660031,11.687310438358846,0,0,2,0,100.3212273332332
1614.0,8,35.375,35.85,26.7,39.653277478571425,42.99957029894058,11.681996189148336,0,0,2,0,88.50843527990625
1615.0,8,35.3875,35.25,26.8,39.65332577211423,42.999707084872526,11.676698449178131,0,0,2,0,89.02980965879978
1616.0,8,36.375,36.85,27.2,39.65336148326146,42.999784345695616,11.67139733262149,0,0,2,0,91.92828692678778
1617.0,8,36.725,37.45,27.0,39.65339959805512,42.99989315109487,11.666081519923196,0,0,2,0,96.63260928321048
1618.0,8,37.3,38.0,29.2,39.653442157937434,43.00001583996176,11.660769887435642,0,0,2,0,97.47083080929023
1619.0,8,36.15,37.05,27.9,39.653482290923876,43.00014554907354,11.65545966959514,0,0,2,0,96.74679538424176
1620.0,8,35.325,35.900000000000006,25.7,39.653521553175466,43.00024397642512,11.65015734603184,0,0,2,0,93.80873880774617
1621.0,7,36.5,38.3,24.9,43.372841772838,44.0060946101141,11.644857356117042,0,0,1,0,73.90296297850325
1622.0,7,37.11428571428571,39.4,28.2,43.65561123311603,43.99953304869256,13.62477677894252,0,0,1,0,85.64041691784523
1623.0,8,35.2625,38.349999999999994,23.0,39.65363444159786,43.000613203625846,11.634195833456705,0,0,2,0,83.78622542045406
1624.0,8,35.4375,37.7,23.7,39.65366671465371,43.00073042860758,11.628861261054707,0,0,2,0,78.87428842886716
1625.0,8,36.625,38.2,27.2,39.65369774767248,43.00083870348669,11.62352983877328,0,0,2,0,87.84076684697557
1626.0,8,36.4875,37.5,27.9,39.65372787484479,43.00093839603987,11.618190338806931,0,0,2,0,73.79239882228075
1627.0,8,36.55,37.5,24.2,39.65375621122236,43.00105428780232,11.61283929621179,0,0,2,0,76.30780619081848
1628.0,7,38.15714285714286,37.0,33.6,43.66039251310507,43.959963428473465,13.661666105076682,0,0,1,0,85.23781182923014
1629.0,7,37.18571428571429,36.7,31.5,43.66118068905802,43.95332276462236,13.667838970328514,0,0,1,0,85.15181236008007
1630.0,8,36.2,36.75,29.1,39.65381459771912,43.00136463753249,11.596696816274626,0,0,2,0,87.65797700201882
1631.0,7,37.18571428571429,37.5,30.8,43.662759471649075,43.94003212324074,13.680224065861518,0,0,1,0,80.9769103920277
1632.0,7,36.542857142857144,36.5,31.1,43.66354193327704,43.93335869620925,13.686394033130156,0,0,1,0,78.4426376143355
1633.0,7,36.385714285714286,36.7,32.1,43.66432553318491,43.92668113061041,13.692580291165454,0,0,1,0,81.55794005138259
1634.0,7,36.5,36.8,30.5,43.665100767567374,43.91997187667144,13.698769468518494,0,0,1,0,76.93423476300153
1635.0,8,36.037499999999994,36.099999999999994,27.5,39.653848329468914,43.001736374383114,11.569679990357583,0,0,2,0,72.52402440741126
1636.0,8,34.9875,35.2,27.2,39.65384336811143,43.0017948028902,11.5642529761888,0,0,2,0,98.04098303329894
1637.0,8,34.7125,35.25,26.5,39.65383949232435,43.00183138185815,11.558846250410731,0,0,2,0,86.26807398080257
1638.0,8,35.775,35.05,30.2,39.65383495670653,43.00187955282779,11.553424531112386,0,0,2,0,78.71405005522523
1639.0,8,35.137499999999996,34.2,29.0,39.653826166131296,43.00189451269648,11.548015255159306,0,0,2,0,84.47167439198265
1640.0,8,33.975,33.4,26.9,39.65381792497785,43.00192513655819,11.54260157075165,0,0,2,0,89.7268700454064
1641.0,8,35.1125,36.85,29.3,39.65380511367913,43.00192901804594,11.5371890454626,0,0,2,0,81.93884194817299
1642.0,8,34.9375,37.25,26.2,39.65378362694213,43.0019168851751,11.53176166510913,0,0,2,0,85.63571874717886
1643.0,8,35.4375,37.7,27.6,39.65375794300574,43.00189295461158,11.526341309667364,0,0,2,0,88.3483715832942
1644.0,8,34.3125,34.8,26.7,39.65374014377916,43.00188159519898,11.520932423171978,0,0,2,0,75.2524402395884
1645.0,8,33.6125,33.85,24.2,39.65371936696108,43.001850849568925,11.515542280551184,0,0,2,0,81.59615490204784
1646.0,8,33.4,34.25,25.4,39.65369546890825,43.00182080232972,11.510135122579753,0,0,2,0,83.89854369047188
1647.0,8,31.9125,32.85,24.0,39.65367499105875,43.00178529398336,11.504749427341345,0,0,2,0,95.91840880352906
1648.0,8,32.5,34.2,21.5,39.653643720678055,43.001724900886344,11.499357432775197,0,0,2,0,102.06754311391995
1649.0,7,33.214285714285715,36.5,23.2,43.67642658842216,43.81804601260168,13.79118563202296,0,0,1,0,86.31010042272193
1650.0,7,33.98571428571429,37.1,24.8,43.677168003389525,43.81119869052291,13.797321959645506,0,0,1,0,90.27348167465954
1651.0,7,31.728571428571428,36.4,21.2,43.67789653701487,43.804317442896505,13.803432262091318,0,0,1,0,112.06636836088369
1652.0,7,29.185714285714283,30.3,17.2,43.67863467121447,43.79748061457516,13.809556520005357,1,0,1,0,73.39730684926944
1653.0,6,32.96666666666667,36.3,19.5,46.92280587068601,49.58270156140772,13.815681489103753,1,0,1,0,90.29293476125824
1654.0,7,31.157142857142855,36.7,20.4,43.68009275806493,43.78376076704927,13.821773807307164,0,0,1,0,75.44166782486073
1655.0,7,32.07142857142857,36.0,22.3,43.68083447410152,43.77693583428689,13.827903310271562,0,0,1,0,98.25268880260988
1656.0,7,30.62857142857143,32.3,17.8,43.68156908017733,43.77010062824888,13.834025788636833,1,0,1,0,100.64280480865122
1657.0,7,34.9,37.8,25.2,41.86167347449397,43.76328140644202,11.45089891163661,0,0,2,0,89.06202506959117
1658.0,8,35.9,37.0,28.7,39.6533434732558,43.00117348893505,11.445519878584316,0,0,2,0,94.87568491091264
1659.0,8,36.012499999999996,35.8,30.9,39.653325611954834,43.0011666137508,11.44015930242203,0,0,2,0,95.06093981190222
1660.0,8,35.087500000000006,35.0,30.6,39.65330134987287,43.001147692977504,11.434790688937914,0,0,2,0,95.38067879482058
1661.0,8,35.675,36.599999999999994,29.5,39.653280141952564,43.0011438221956,11.429424525628118,0,0,2,0,89.61095604132646
1662.0,8,36.487500000000004,35.9,30.5,39.65325587094841,43.00113648410621,11.424052725960989,0,0,2,0,96.57040518682204
1663.0,8,36.775,36.05,31.5,39.65322866155289,43.00113219512997,11.4186751770394,0,0,2,0,99.95973296443366
1664.0,8,37.1,36.95,31.9,39.653205399255036,43.00113771968289,11.41330035831973,0,0,2,0,98.32642514426244
1665.0,8,37.337500000000006,37.45,31.8,39.65318859415275,43.00115119038372,11.40794792274141,0,0,2,0,89.08504467336317
1666.0,8,37.075,37.25,31.7,39.65316194325443,43.001145748373105,11.402575781078593,0,0,2,0,96.01345282009926
1667.0,8,36.3375,36.400000000000006,32.0,39.65313726862028,43.00114723238778,11.39721579282404,0,0,2,0,101.0050981277464
1668.0,8,36.900000000000006,36.55,32.3,39.65311719239434,43.00116638725823,11.391855555542945,0,0,2,0,99.79975213384688
1669.0,8,36.9375,36.7,32.7,39.6530925716504,43.00117356536313,11.38648861786349,0,0,2,0,96.18876146397744
1670.0,8,37.837500000000006,37.95,32.8,39.653067422595754,43.00118439109791,11.381120184228829,0,0,2,0,98.66619564758534
1671.0,8,35.2,36.150000000000006,25.6,39.65303955469954,43.00117610294102,11.375762250212746,0,0,2,0,98.29397653473372
1672.0,8,35.925000000000004,36.6,29.0,39.653008018082545,43.00117104193146,11.37039961125012,0,0,2,0,109.84511692547416
1673.0,8,36.65,37.9,24.9,39.652977154570394,43.00117345977712,11.365031119305534,0,0,2,0,113.38408843264556
1674.0,8,36.4,37.6,27.5,39.65296190203331,43.00121415165029,11.359680283440936,0,0,2,0,96.7338445969514
1675.0,8,35.2625,36.5,26.5,39.65292935062524,43.00120954875136,11.354315235844494,0,0,2,0,100.34988746954065
1676.0,8,34.825,35.3,27.3,39.65290627275249,43.00122815270375,11.34895774124766,0,0,2,0,103.98844391881276
1677.0,8,36.6875,36.400000000000006,32.1,39.65287976949372,43.00124221211348,11.343598552891832,0,0,2,0,104.906960773387
1678.0,8,36.7625,36.95,32.7,39.652850060527626,43.0012490989685,11.338236743716251,0,0,2,0,105.38518104982178
1679.0,8,36.625,37.2,31.0,39.65281356238698,43.00124959608344,11.33286200752743,0,0,2,0,104.82157255145756
1680.0,8,37.25,37.3,32.5,39.65278659080888,43.00126300764238,11.32750921426494,0,0,2,0,107.32736131986896
1681.0,8,36.349999999999994,36.900000000000006,31.7,39.65275289634434,43.00127827584312,11.322137822673852,0,0,2,0,110.48698754825156
1682.0,8,35.849999999999994,36.65,27.4,39.65272091130923,43.0012787800957,11.316778439408614,0,0,2,0,106.37940385032672
1683.0,8,35.8125,36.5,30.0,39.65268897666773,43.00129112605079,11.311413916707524,0,0,2,0,109.46405591307077
1684.0,8,35.875,36.150000000000006,31.3,39.65265770715037,43.001323081154695,11.306033684488154,0,0,2,0,109.01129593049224
1685.0,8,36.25,36.099999999999994,31.1,39.652625209019085,43.001343750281876,11.300659152848649,0,0,2,0,108.87260258817324
1686.0,8,36.875,37.150000000000006,31.5,39.652587571233795,43.00135367180504,11.295275501203166,0,0,2,0,112.90650971185488
1687.0,8,35.8625,36.25,30.7,39.65255349329091,43.001394079958786,11.289888761861414,0,0,2,0,111.07380481219415
1688.0,8,36.9125,37.2,31.4,39.65251789506887,43.00141633396494,11.284506737343678,0,0,2,0,112.19572264336752
1689.0,8,35.55,36.5,29.3,39.652486656904614,43.001466547794664,11.279121038234331,0,0,2,0,106.1572569790996
1690.0,7,35.6,36.0,26.6,36.53975649066484,42.46248967748389,11.27374285893949,0,0,2,0,106.32345002525156
1691.0,7,36.32857142857143,35.7,31.4,43.70729441363426,43.53386155866741,14.048667528412444,0,0,1,0,110.0525097200294
1692.0,7,36.98571428571429,35.7,34.6,43.70802722290405,43.52716608827788,14.05482601983495,0,0,1,0,114.412997300769
1693.0,8,35.5875,34.599999999999994,29.2,39.65236718073862,43.00171118303655,11.257594927364266,0,0,2,0,110.64158843493249
1694.0,7,37.61428571428571,37.6,32.4,43.70949640387374,43.513793194617385,14.06716376978161,0,0,1,0,117.1087763492493
1695.0,8,35.775000000000006,36.3,27.7,39.65230928114205,43.00185913785869,11.246835187321569,0,0,2,0,116.90105900515697
1696.0,7,35.72857142857143,33.9,31.9,43.710971513952536,43.50048129702535,14.079514985954244,0,0,1,0,117.11852094312862
1697.0,7,36.24285714285714,35.2,31.7,43.711702865042184,43.493821660316655,14.085683463619024,0,0,1,0,112.10733511886984
1698.0,7,37.114285714285714,36.9,31.9,43.712440072683094,43.48716346416189,14.091853539368156,0,0,1,0,116.42587263948084
1699.0,8,35.400000000000006,36.0,27.2,39.65220273639241,43.002219242746776,11.225340944571396,0,0,2,0,112.6922478284062
1700.0,8,34.6,35.150000000000006,25.4,39.6521792268493,43.002336696334595,11.219972502468432,0,0,2,0,124.96553332491364
1701.0,8,33.4125,35.25,18.8,39.65215251849865,43.002423587577766,11.214611796406318,1,0,2,0,101.0948075774399
1702.0,7,35.32857142857143,37.8,21.1,43.7153964458933,43.46070642572327,14.116529831571455,0,0,1,0,113.80301238148878
1703.0,8,34.075,37.35,18.2,39.65211323542529,43.00267097503839,11.20390267839842,1,0,2,0,85.01601305612209
1704.0,7,37.01428571428572,38.7,29.6,43.71688297522608,43.44755985031817,14.12886107215031,0,0,1,0,109.52974496459284
1705.0,8,34.8,37.4,20.9,39.652069817311414,43.00291066484468,11.193196406793083,0,0,2,0,97.34365429885484
1706.0,8,34.9125,37.5,23.3,39.65205125187636,43.00303082493883,11.187851811961636,0,0,2,0,104.43533035534018
1707.0,8,35.5875,38.75,24.5,39.65202709840386,43.00317518932076,11.182481001690515,0,0,2,0,110.2033363818816
1708.0,8,36.225,37.55,28.2,39.65200851012157,43.00329086914562,11.177144242821807,0,0,2,0,109.03868593100728
1709.0,8,34.4375,36.900000000000006,20.6,39.65198430513103,43.00342874340117,11.17178213901357,0,0,2,0,106.230701428283
1710.0,7,36.557142857142864,38.9,25.9,43.7213228323128,43.4080801710976,14.165883913929202,0,0,1,0,97.88335366443276
1711.0,7,36.885714285714286,40.3,24.6,43.72205975801103,43.40149104156762,14.172075388612358,0,0,1,0,126.60870840590738
1712.0,7,37.800000000000004,39.3,28.5,43.722801276840705,43.39493531790351,14.178254144655472,0,0,1,0,116.81301456284189
1713.0,7,37.15714285714285,38.9,26.4,43.72353576412337,43.38834852902119,14.184423979010742,0,0,1,0,105.29256411730556
1714.0,8,35.2125,38.2,19.4,39.65186204295881,43.0040801822596,11.144997622918773,1,0,2,0,121.39202347277804
1715.0,8,34.96249999999999,37.75,22.4,39.65183670526147,43.00421508138588,11.13963956513856,0,0,2,0,106.8728047055712
1716.0,7,35.65714285714286,39.2,20.3,43.725742872800424,43.36861467682704,14.202937609686686,0,0,1,0,102.89232981872432
1717.0,7,35.7,38.7,22.9,43.72647389941498,43.36202866455211,14.209117602167222,0,0,1,0,94.4078498727106
1718.0,7,36.27142857142857,35.6,27.4,43.72721276615086,43.35548578384877,14.215282043697476,0,0,1,0,111.9089661099459
1719.0,8,33.1875,34.05,18.2,39.65173094286591,43.00475733142069,11.118218166747816,1,0,2,0,98.40729725462695
1720.0,8,33.675,35.0,21.5,39.65170161535549,43.004897891768834,11.112856408071424,0,0,2,0,104.7920100212188
1721.0,7,35.714285714285715,37.1,26.2,43.72941690336802,43.3357880371021,14.233831539461615,0,0,1,0,111.59066543791234
1722.0,7,35.6,36.9,23.6,43.730147340105546,43.32920355479619,14.240009558509636,0,0,1,0,106.75680881350895
1723.0,7,36.285714285714285,38.3,26.7,43.73087522648393,43.32261708160407,14.246198689988915,0,0,1,0,104.26166327042051
1724.0,7,36.84285714285714,40.0,29.8,43.73160626372568,43.316046119965335,14.252371659698246,0,0,1,0,110.06664812917946
1725.0,7,37.971428571428575,40.1,33.5,43.732339955967696,43.309485426207246,14.258559657514288,0,0,1,0,111.17795482729149
1726.0,7,36.82857142857142,38.3,29.5,43.73307249846619,43.30291497978006,14.264737080754218,0,0,1,0,100.08145125792194
1727.0,7,37.3,37.2,33.0,43.73379855630676,43.29633461706005,14.27092675696427,0,0,1,0,95.2212891035971
1728.0,7,37.77142857142858,37.2,34.1,43.73452539061176,43.28974543508539,14.277125888381862,0,0,1,0,100.81392799947696
1729.0,8,36.712500000000006,37.1,25.0,39.65141838900273,43.006134034708396,11.06459741957776,0,0,2,0,104.79235747147314
1730.0,8,35.475,35.7,25.0,39.65138462852147,43.00627029913305,11.059229231785924,0,0,2,0,95.45630826667092
1731.0,6,38.2,38.45,34.0,47.06410440194369,49.232099101814946,14.29572031456738,0,0,1,0,102.52234151253349
1732.0,7,36.271428571428565,34.9,27.9,43.737429251187564,43.26338260360052,14.301929930168294,0,0,1,0,97.96925875773388
1733.0,7,36.357142857142854,36.4,26.9,43.738153529850386,43.25679273112152,14.308145148699737,0,0,1,0,103.72026756150484
1734.0,6,39.416666666666664,40.05,34.9,47.069472192598504,49.21855038183298,14.31435303491667,0,0,1,0,97.60600282390229
1735.0,7,38.1,38.8,31.5,43.73960177699058,43.24360168085568,14.320565175680931,0,0,1,0,94.76204766710164
1736.0,6,38.03333333333333,39.35,33.0,47.073042673277506,49.20951240641121,14.326788389334842,0,0,1,0,111.35240912968244
1737.0,7,36.81428571428571,37.0,29.6,43.74104212974138,43.23040240687914,14.33300431505833,0,0,1,0,81.00198414138362
1738.0,7,37.614285714285714,38.1,31.8,43.74176346700712,43.22380397770031,14.339216302469731,0,0,1,0,85.33808324705686
1739.0,7,38.114285714285714,38.4,32.9,43.742482615184926,43.21721069971374,14.345441542133196,0,0,1,0,95.6439424170081
1740.0,7,37.3,37.8,31.0,43.743203858384256,43.21061398285491,14.351645563527857,0,0,1,0,85.29473213239312
1741.0,7,38.08571428571429,38.1,33.4,43.74392169516606,43.204015600922574,14.357856666228551,0,0,1,0,91.95617209857342
1742.0,8,35.7,36.2,26.6,39.650880229965985,43.00795742854328,10.994557305818352,0,0,2,0,79.31955025612164
1743.0,7,35.94285714285714,37.7,29.0,43.74535867403437,43.19083819452096,14.370281697886988,0,0,1,0,92.86281010378028
1744.0,7,35.971428571428575,36.9,26.8,43.74606992463284,43.184218994142775,14.376489020616486,0,0,1,0,78.49004593085203
1745.0,7,35.67142857142857,36.4,24.1,43.746788633428615,43.17764312699348,14.382682543605345,0,0,1,0,88.73961951222489
1746.0,7,35.94285714285714,36.0,29.3,43.747503851632835,43.17109285307109,14.38889471927008,0,0,1,0,84.19949843441779
1747.0,7,37.628571428571426,39.5,29.2,43.748224016147205,43.164538163128896,14.395081931833117,0,0,1,0,83.73288927754975
1748.0,8,37.1375,38.349999999999994,29.1,39.65059739478811,43.00887040856006,10.962262484948536,0,0,2,0,86.24088343766952
1749.0,8,36.05,35.150000000000006,26.9,39.65057638338497,43.00900849430659,10.956974660736314,0,0,2,0,86.14332695775896
1750.0,8,35.087500000000006,34.900000000000006,18.2,39.650534085877155,43.009173587054235,10.951620067507257,1,0,2,0,70.06901427997137
1751.0,7,37.02857142857143,39.2,29.3,43.751095902157594,43.13842569790339,14.419824944888434,0,0,1,0,98.07109861522778
1752.0,7,34.68571428571429,36.3,21.4,43.75181320613729,43.131894274786106,14.425996373086711,0,0,1,0,96.30443103383014
1753.0,7,36.385714285714286,40.4,24.4,43.752526582832864,43.12536673422834,14.432162041129484,0,0,1,0,78.97987568064016
1754.0,8,35.5875,37.0,24.3,39.65037806708679,43.009837119807756,10.93028365061826,0,0,2,0,85.01470564297932
1755.0,8,34.3875,34.9,20.1,39.650346573604864,43.01001323232088,10.92498046935575,0,0,2,0,80.93120791966032
1756.0,7,36.98571428571429,36.7,27.6,43.75469367859039,43.10595352603273,14.450643133158682,0,0,1,0,78.83664410545228
1757.0,8,35.45,36.8,23.5,39.65027767407641,43.01034890136742,10.91437813122327,0,0,2,0,87.37328213933478
1758.0,8,36.2625,36.1,31.5,39.650245120551546,43.010545971130654,10.909071121467802,0,0,2,0,78.8623647360839
1759.0,8,34.0,35.3,21.3,39.650208668147656,43.010745453308296,10.903762043873476,0,0,2,0,85.69825868266368
1760.0,8,32.587500000000006,34.75,21.7,39.65018637463018,43.01095423213178,10.898491984948564,0,0,2,0,62.60594151820338
1761.0,8,33.087500000000006,34.65,22.0,39.65015608804763,43.01112608506935,10.893221528614305,0,0,2,0,83.54725278818995
1762.0,8,33.075,34.25,21.8,39.65012711880535,43.01133203674528,10.88793829579497,0,0,2,0,74.11754871757472
1763.0,8,34.1375,35.45,27.5,39.65009446779764,43.01152565755554,10.88265531029939,0,0,2,0,74.74279372709879
1764.0,8,34.5125,35.85,27.8,39.65006770731628,43.01172242061092,10.877389520397044,0,0,2,0,73.41065144884242
1765.0,8,33.725,34.25,27.3,39.65002860844807,43.011897690918076,10.872100492677498,0,0,2,0,76.40937542963682
1766.0,8,34.075,35.65,27.6,39.65000391706596,43.012087980694744,10.866847902428562,0,0,2,0,71.11619682013426
1767.0,7,33.48571428571429,36.3,25.9,43.76259642864388,43.03514502340901,14.5181476840074,0,0,1,0,69.82978288929976
1768.0,8,33.375,33.25,25.2,39.649932678718145,43.012443653512115,10.856305112670752,0,0,2,0,72.70482958428313
1769.0,8,34.8625,35.4,26.0,39.64990179313121,43.0126453929501,10.851035737234724,0,0,2,0,68.71808184211488
1770.0,8,34.525000000000006,37.7,21.6,39.649870748407,43.0128181066235,10.845781794880883,0,0,2,0,60.95602473530769
1771.0,7,36.44285714285714,37.2,31.9,43.76544815357591,43.01662980021115,14.54265481006655,0,0,1,0,65.48041547031156
1772.0,7,36.01428571428571,34.0,33.4,43.76615552779416,43.02344545090052,14.548795501090028,0,0,1,0,68.74923719790101
1773.0,8,34.5625,33.95,24.3,39.6497480780649,43.01338038886092,10.829905689418204,0,0,2,0,74.24683589238629
1774.0,8,35.4,35.75,24.0,39.64970486545112,43.01356302231875,10.824599873161567,0,0,2,0,70.87390675069722
1775.0,8,32.9,35.6,18.3,39.649654651173236,43.013771593562325,10.819256526992614,1,0,2,0,68.15188000961498
1776.0,7,35.01428571428571,34.4,25.4,43.76897990349877,43.05078809633796,14.573434784169434,0,0,1,0,80.09186430709465
1777.0,8,32.825,33.55,19.2,39.64955009541724,43.01409416667076,10.808613465051186,1,0,2,0,82.49586563027617
1778.0,8,35.162499999999994,36.95,20.7,39.649495760148724,43.01428642950954,10.80325415513928,0,0,2,0,58.83831794279917
1779.0,8,35.525,36.6,21.8,39.64944137322982,43.01444196677875,10.797926511016154,0,0,2,0,75.08315885152359
1780.0,8,37.012499999999996,37.599999999999994,30.2,39.64937125041335,43.014593387653946,10.792543406031166,0,0,2,0,65.44436961156913
1781.0,8,36.1375,36.9,25.8,39.64930461400942,43.01472665429991,10.787188769941734,0,0,2,0,71.00799645740244
1782.0,8,35.6875,36.5,27.7,39.649234613202964,43.01487603262147,10.78181171670454,0,0,2,0,77.98026620557901
1783.0,8,34.462500000000006,34.349999999999994,25.9,39.64916212048249,43.01502331243074,10.77642704148766,0,0,2,0,80.16257858659417
1784.0,8,32.925,34.3,18.9,39.649084642419666,43.015130614513524,10.771061151534733,1,0,2,0,64.87998516596817
1785.0,8,34.15,34.75,19.3,39.64901401173338,43.015257137128614,10.765702589734582,1,0,2,0,68.30164376887704
1786.0,7,35.87142857142857,34.5,32.0,43.77587996776436,43.11931943144439,14.635310160351684,0,0,1,0,77.28751178543777
1787.0,8,34.625,35.599999999999994,19.6,39.64885315120763,43.01547246219452,10.754963019525682,1,0,2,0,57.643225788976586
1788.0,8,35.15,35.2,26.0,39.648775048806705,43.015569733442845,10.749604342785496,0,0,2,0,75.4133962580351
1789.0,8,35.6375,35.45,28.5,39.648688731208374,43.01565195969393,10.744236324753537,0,0,2,0,83.18875433038401
1790.0,7,37.471428571428575,38.5,29.9,36.421623208650836,42.88485634137979,10.73885892811737,0,0,2,0,78.14879974900906
1791.0,7,36.41428571428572,36.4,29.3,36.42037729634008,42.8782082204847,10.733492614124009,0,0,2,0,75.45778456559734
1792.0,8,35.7625,36.0,28.8,39.64842434310508,43.01588269633692,10.728127904696416,0,0,2,0,77.51000704425876
1793.0,8,37.1375,37.35,30.5,39.648331203736895,43.01596314724374,10.722742031729586,0,0,2,0,79.01696667062647
1794.0,8,36.900000000000006,36.95,31.1,39.648230704739234,43.016005477409976,10.717362006196272,0,0,2,0,81.70251506988627
1795.0,8,36.7375,37.45,31.4,39.64814396837466,43.01608000914567,10.711996440152728,0,0,2,0,75.62053741601648
1796.0,8,35.912499999999994,36.8,27.8,39.648046892386446,43.01613112056259,10.706620306608492,0,0,2,0,82.82645316338322
1797.0,8,37.3625,37.7,32.5,39.64794836054825,43.01617517112083,10.701246754767768,0,0,2,0,82.7499037939965
1798.0,8,37.6875,38.1,32.6,39.64784441178932,43.016210100348076,10.695860564619569,0,0,2,0,75.48459873370084
1799.0,8,38.775000000000006,38.7,32.8,39.6477393130526,43.01624480659009,10.690473495871942,0,0,2,0,81.4071563732015
1800.0,8,38.2375,38.7,32.1,39.647635762961656,43.01627974256759,10.68509441608388,0,0,2,0,75.77214793647249
1801.0,8,38.075,38.2,31.9,39.64753130114233,43.016309937409744,10.67971125115386,0,0,2,0,82.02393346984249
1802.0,8,37.0,37.15,30.8,39.64742172887789,43.0163267454314,10.674323306118213,0,0,2,0,78.9879137884476
1803.0,8,37.400000000000006,37.3,31.0,39.64731299100974,43.01636168964704,10.668929206851937,0,0,2,0,81.13106007299407
1804.0,8,36.8,36.95,30.9,39.64720508241669,43.01639256318175,10.663539078595385,0,0,2,0,69.90400822022208
1805.0,8,36.8625,36.75,30.5,39.64709459551321,43.01641410747507,10.658146059965926,0,0,2,0,70.91086443614181
1806.0,8,36.375,36.650000000000006,29.7,39.646983577554366,43.01644521527901,10.652745999680482,0,0,2,0,81.88953258104628
1807.0,8,36.5,36.8,29.5,39.646871591949605,43.01647415925659,10.647345539044943,0,0,2,0,73.7227222701391
1808.0,8,36.525,37.349999999999994,28.2,39.64676176864242,43.016512638299645,10.641950069989688,0,0,2,0,84.2421817215339
1809.0,8,37.0625,37.95,28.4,39.646650763610765,43.01654250436908,10.636552968353756,0,0,2,0,78.92518949203132
1810.0,8,37.4125,38.4,28.6,39.64653794178686,43.016581597756485,10.631151353610663,0,0,2,0,87.3422317402393
1811.0,8,36.975,37.8,27.9,39.6464240670517,43.01661639960873,10.625750242204278,0,0,2,0,69.3733113084872
1812.0,8,36.4,36.85,27.9,39.64630904472256,43.01665009187768,10.620345869653702,0,0,2,0,76.81799888814874
1813.0,8,36.475,36.75,27.6,39.64619729455168,43.016693763967666,10.614942830151644,0,0,2,0,73.91434594441264
1814.0,8,36.5875,37.0,28.8,39.64608620658076,43.01674976592035,10.609535584024758,0,0,2,0,72.31060214137392
1815.0,8,36.900000000000006,36.849999999999994,29.2,39.6459771485767,43.01681690218299,10.604127282826402,0,0,2,0,76.91418148579436
1816.0,8,35.8125,35.65,29.0,39.64586279965788,43.016881683892095,10.59870726466435,0,0,2,0,68.3827494504092
1817.0,8,34.5125,35.8,27.0,39.645750261064705,43.01695827390829,10.593286050606164,0,0,2,0,70.13463402340129
1818.0,8,35.125,36.400000000000006,27.6,39.6456384470216,43.01704063895095,10.587867171014118,0,0,2,0,67.78485947264294
1819.0,8,35.5625,36.1,28.0,39.64553347290519,43.017139594742986,10.58245942349287,0,0,2,0,74.36277607831224
1820.0,8,35.7875,36.5,27.5,39.64542810515927,43.01724623466555,10.577045166213972,0,0,2,0,67.48206415740133
1821.0,8,35.9875,36.7,26.6,39.645324844234864,43.01735510898324,10.571640769351497,0,0,2,0,80.6431412153831
1822.0,8,35.1125,34.9,27.7,39.64521745827635,43.01745734704935,10.5662404905862,0,0,2,0,59.64469879716653
1823.0,8,35.587500000000006,35.35,30.3,39.64511735543194,43.01757925579152,10.560840377486231,0,0,2,0,61.02458637331969
1824.0,8,35.4875,35.099999999999994,30.9,39.64500779150527,43.01768317692453,10.555438743430246,0,0,2,0,59.57819867191058
1825.0,8,36.475,35.7,31.7,39.64490517724754,43.017812844041686,10.5500327887805,0,0,2,0,66.6445250676008
1826.0,8,36.8,35.900000000000006,31.9,39.64480914973381,43.01796193966335,10.544637598475925,0,0,2,0,65.21089374167126
1827.0,8,36.737500000000004,35.85,31.8,39.644700129233335,43.01808567606192,10.539223810214644,0,0,2,0,66.07823670440754
1828.0,8,36.550000000000004,34.8,31.1,39.64459705994159,43.01821034632607,10.533827005432514,0,0,2,0,64.0510553258114
1829.0,8,36.55,35.25,31.2,39.64449097265985,43.01835919914002,10.52840459311484,0,0,2,0,64.79596669057193
1830.0,8,37.2125,37.0,31.8,39.644378209928945,43.01846425392094,10.52299206373077,0,0,2,0,61.95828921876859
1831.0,8,35.862500000000004,37.6,28.2,39.64426817235034,43.01859816141898,10.51756919234558,0,0,2,0,65.24581747391231
1832.0,8,36.0,36.95,28.4,39.644149012460055,43.01871012265953,10.51214064102716,0,0,2,0,63.42214987402168
1833.0,8,37.2,37.65,31.1,39.64402473396294,43.01880642819118,10.506703126380506,0,0,2,0,68.40368563609677
1834.0,8,36.25,37.349999999999994,29.0,39.64390670477141,43.018893589676594,10.501290564737834,0,0,2,0,65.16587092611948
1835.0,8,36.225,36.95,31.2,39.643786928949,43.01898822455736,10.495871706725348,0,0,2,0,66.98789530710572
1836.0,8,36.65,37.6,31.3,39.64365729539817,43.019053973281416,10.490441293498458,0,0,2,0,73.02764482354979
1837.0,8,36.9625,37.349999999999994,30.7,39.64353017219775,43.019111889990825,10.485026772162367,0,0,2,0,61.65922080255402
1838.0,8,37.6875,38.05,30.8,39.643390522473986,43.01915282550914,10.479591100977188,0,0,2,0,71.89171444287236
1839.0,8,37.775,38.4,31.8,39.64325998570257,43.019207058100164,10.474174319738587,0,0,2,0,72.82132311147313
1840.0,8,36.5,37.1,31.3,39.643128164899906,43.019259146863845,10.468757242193044,0,0,2,0,70.88203919813807
1841.0,8,36.2375,37.45,29.8,39.642988715441184,43.01926650390044,10.463351439644908,0,0,2,0,71.42652129595247
1842.0,8,35.5125,36.5,27.6,39.64284852402756,43.01929187586501,10.45793563772636,0,0,2,0,77.13653101738174
1843.0,8,34.6875,36.95,21.0,39.64270525229102,43.01929266057926,10.452527789586313,0,0,2,0,70.18153764309157
1844.0,8,34.05,35.25,18.5,39.64257785536097,43.019354474687376,10.447134916673912,1,0,2,0,84.80203199565261
1845.0,8,34.9375,37.349999999999994,21.2,39.64243189416426,43.01935160712971,10.441728067478026,0,0,1,0,89.44642032822317
1846.0,8,34.7,35.5,22.7,39.642298025283736,43.01938997777181,10.436337801407154,0,0,1,0,70.76907843521589
1847.0,8,34.6875,36.75,21.5,39.64215246184098,43.01939002412896,10.430939327004207,0,0,1,0,68.07568656099127
1848.0,8,35.55,38.05,22.3,39.642013843097104,43.01941763974392,10.425543451515924,0,0,1,0,84.10257476895656
1849.0,8,35.825,37.5,22.5,39.641876267657594,43.019449295142074,10.42015378862102,0,0,1,0,92.53250589512476
1850.0,8,36.5125,38.35,25.0,39.64174150148965,43.01949002917269,10.414766400733424,0,0,1,0,84.9213608106839
1851.0,8,36.4875,37.650000000000006,27.0,39.641603587112584,43.01952274770402,10.409378279023423,0,0,1,0,82.85155639056624
1852.0,8,36.637499999999996,37.4,28.3,39.641467371924406,43.019563114617135,10.40399294015258,0,0,1,0,73.58268556961659
1853.0,8,37.0875,37.349999999999994,29.1,39.64132826873224,43.01960823312571,10.398596284640218,0,0,1,0,83.45311770075988
1854.0,8,37.175,37.5,29.7,39.64119440054434,43.01967302210696,10.393207180921651,0,0,1,0,82.0517986524903
1855.0,8,37.474999999999994,38.099999999999994,30.0,39.64106064359336,43.0197346918925,10.387819629300935,0,0,1,0,79.05303196514073
1856.0,8,37.5125,38.1,30.4,39.64092641097737,43.01980865961919,10.382426796874483,0,0,1,0,82.14971816570511
1857.0,8,37.3625,37.75,30.8,39.64079034090095,43.01987688299008,10.3770359316667,0,0,1,0,83.45073595837384
1858.0,8,37.449999999999996,37.900000000000006,31.2,39.64065420627656,43.019951501385265,10.371638676332086,0,0,1,0,85.04873930080005
1859.0,8,36.975,37.5,32.2,39.640522148480244,43.020035590413414,10.366252768088184,0,0,1,0,85.66857255791555
1860.0,8,36.462500000000006,36.05,32.6,39.64039056857432,43.020128710522314,10.36086259390143,0,0,1,0,84.00167215167944
1861.0,8,36.2,36.05,32.6,39.64025364677788,43.02019684554125,10.355487588898043,0,0,1,0,83.85844960996343
1862.0,8,35.537499999999994,35.25,31.5,39.640128918925555,43.020304231156224,10.350109405962629,0,0,1,0,88.55908529277237
1863.0,8,34.45,34.0,30.6,39.64000111130535,43.020409301405806,10.34474544953768,0,0,1,0,85.97053810398162
1864.0,8,33.9125,33.400000000000006,24.8,39.639873829382545,43.02052434444042,10.339369541034694,0,0,1,0,93.8507415769248
1865.0,8,33.962500000000006,34.95,21.5,39.63974474912024,43.020626213348436,10.33400377900233,0,0,1,0,95.40847657033584
1866.0,8,34.6625,35.3,28.1,39.63961618514847,43.0207462751993,10.328626394778318,0,0,1,0,96.61974008245508
1867.0,8,33.7625,35.150000000000006,23.4,39.6394922642219,43.02087408227441,10.32325931729486,0,0,1,0,94.0760954539449
1868.0,8,32.9875,35.7,20.2,39.6393710281245,43.020997562406336,10.317908946957695,0,0,1,0,73.38999294102031
1869.0,8,32.925000000000004,34.35,20.2,39.639234784839815,43.02111088645228,10.312528907199182,0,0,1,0,75.9955720616505
1870.0,8,34.7625,34.75,26.1,39.639112831091836,43.02125523474007,10.307162141268488,0,0,1,0,104.043456734603
1871.0,8,35.9875,36.25,28.4,39.63899357062322,43.021410077286646,10.301806048803222,0,0,1,0,91.34238626479076
1872.0,8,36.7,37.400000000000006,28.8,39.638871215165395,43.02156189099043,10.29644441500235,0,0,1,0,93.97120634931235
1873.0,8,36.487500000000004,38.25,25.2,39.638749314130706,43.02170858992678,10.291090079187228,0,0,1,0,105.42496483937433
1874.0,8,37.0375,39.25,26.0,39.63862940755871,43.02186622107636,10.28573668777348,0,0,1,0,96.53758411194276
1875.0,8,36.2875,38.45,26.8,39.638506512622456,43.022029610205124,10.280370472273054,0,0,1,0,96.47398621221984
1876.0,8,36.525,38.45,28.6,39.63838479075032,43.022189193202465,10.275008627642888,0,0,1,0,98.4406510559376
1877.0,8,36.4875,38.45,27.1,39.63826318033162,43.02234988577489,10.269650286335423,0,0,1,0,92.93528134543864
1878.0,8,36.7125,38.05,27.5,39.63814167541548,43.02252592584219,10.264284902772598,0,0,1,0,96.07069926382364
1879.0,8,36.725,38.35,27.9,39.63801905290215,43.022694695353096,10.25891826252272,0,0,1,0,96.28832910679508
1880.0,8,36.8125,38.15,27.9,39.63789575989601,43.022868037472236,10.25354675875735,0,0,1,0,105.47769023131492
1881.0,8,36.6125,37.8,27.6,39.63777111563435,43.023049196970604,10.24816656000333,0,0,1,0,98.32427741638712
1882.0,8,36.425,37.7,28.5,39.63764595571679,43.02322687457223,10.242783068036156,0,0,1,0,87.68235834213735
1883.0,8,36.3875,37.8,27.9,39.63752267505832,43.02340868704685,10.237408531645084,0,0,1,0,101.87234540924796
1884.0,8,35.887499999999996,37.65,25.5,39.63740356724563,43.02359741227189,10.232041955574834,0,0,1,0,97.4990492579842
1885.0,8,35.9625,37.5,27.3,39.63727683939198,43.023784999391424,10.226652619256184,0,0,1,0,87.99456805025144
1886.0,7,36.67142857142857,37.9,27.0,36.031375207723265,42.24438556191336,10.221280522290469,0,0,1,0,102.16908739377511
1887.0,8,35.2625,37.099999999999994,25.2,39.6370220464432,43.02414647287324,10.215882518206216,0,0,1,0,107.89736419645776
1888.0,8,34.8125,36.95,23.4,39.63689643524487,43.02433420515544,10.21050276557691,0,0,1,0,99.09597030985844
1889.0,8,35.5375,37.35,24.1,39.63677466417188,43.02452834475581,10.20512503440073,0,0,1,0,99.05309207017976
1890.0,8,35.85,37.25,26.3,39.636641693237834,43.02472938665919,10.199712917866789,0,0,1,0,112.84306462818088
1891.0,8,35.25,36.05,26.6,39.636516002608275,43.02492498919537,10.194322909292874,0,0,1,0,85.58886443780874
1892.0,8,35.4125,36.2,25.7,39.636387547022245,43.02513425439516,10.188919964045342,0,0,1,0,102.55336489203722
1893.0,8,35.0625,36.35,25.8,39.63625742091865,43.02533214345415,10.18351438718102,0,0,1,0,91.377485396393
1894.0,8,34.949999999999996,37.0,24.9,39.63612633925588,43.02553605983478,10.17810760070582,0,0,1,0,86.97677392191136
1895.0,8,35.3375,37.099999999999994,25.4,39.63599738622403,43.0257503289766,10.17270295799903,0,0,1,0,93.769893139932
1896.0,8,35.5,36.95,25.7,39.635869550592375,43.025944356914195,10.167314527866711,0,0,1,0,87.09700041478683
1897.0,8,35.35,36.900000000000006,25.8,39.63573880152285,43.026159140472274,10.161901553702313,0,0,1,0,89.06646380581088
1898.0,8,34.925,36.55,25.6,39.63560295013278,43.02637750890179,10.1564768683445,0,0,1,0,90.05245727510285
1899.0,8,34.699999999999996,36.95,24.0,39.635470393359945,43.026585410558084,10.151065569870914,0,0,1,0,91.47204992596674
1900.0,8,35.8625,37.2,26.0,39.635339900008915,43.02679800239474,10.145657807724549,0,0,1,0,81.79821510400822
1901.0,8,35.0125,36.55,24.3,39.63520572004643,43.02702024090363,10.14024083615036,0,0,1,0,94.64742799601684
1902.0,8,34.6375,35.900000000000006,22.9,39.63506819383611,43.02723178419764,10.1348174871756,0,0,1,0,95.4233746413485
1903.0,8,35.2,36.85,24.6,39.634935413526776,43.02744455060771,10.129408887666608,0,0,1,0,87.33337447058895
1904.0,7,36.54285714285714,38.0,27.2,36.03329157052432,42.12691587148421,10.123986886657743,0,0,1,0,85.01792793040143
1905.0,8,36.025,37.45,28.1,39.63466453236339,43.02787561526786,10.118585659033863,0,0,1,0,75.64115080360311
1906.0,8,35.225,37.349999999999994,24.4,39.63452146051478,43.02808380198905,10.113158402326562,0,0,1,0,95.09412677862755
1907.0,8,34.6875,36.95,23.4,39.63438632647269,43.028292988598736,10.107757833803216,0,0,1,0,83.42480621191679
1908.0,8,34.7,36.4,25.2,39.63424710271867,43.02849476639001,10.10235595090874,0,0,1,0,87.01796913571499
1909.0,8,35.8,37.45,27.6,39.63410731544054,43.028696579604315,10.096948282584634,0,0,1,0,76.2217209802236
1910.0,8,35.325,36.650000000000006,25.0,39.63396396686659,43.02890716675772,10.09152261588942,0,0,1,0,84.99564612402501
1911.0,8,35.775000000000006,37.25,26.2,39.633825872544236,43.029129731216756,10.086109303717166,0,0,1,0,96.56028524282225
1912.0,8,35.1875,37.099999999999994,23.7,39.63368198059466,43.0293304276419,10.080700881811357,0,0,1,0,91.5721765612298
1913.0,8,35.575,37.7,23.4,39.63354327019229,43.02953632238366,10.07530326004924,0,0,1,0,83.31273277778824
1914.0,8,35.625,37.2,26.8,39.63339804797015,43.029726610175544,10.069905333528736,0,0,1,0,83.48617316065487
1915.0,8,36.25,38.2,28.0,39.63325614477577,43.02992221209717,10.064521332413072,0,0,1,0,84.92924543177288
1916.0,8,35.5,37.2,26.8,39.63311808836186,43.03011919558325,10.05914699339589,0,0,1,0,81.69934893951029
1917.0,8,35.4125,37.05,26.8,39.632970215486125,43.030307572318506,10.053757082544914,0,0,1,0,82.80628405882078
1918.0,8,35.85,37.3,26.6,39.6328231863903,43.03048107023503,10.048376606947905,0,0,1,0,65.98385740199308
1919.0,8,36.0375,37.55,27.6,39.632681033631115,43.030686598356866,10.042992213546343,0,0,1,0,80.47015260962074
1920.0,8,36.1875,37.55,26.7,39.63253657670029,43.03087084406746,10.037621349925262,0,0,1,0,81.43250964998781
1921.0,8,35.650000000000006,37.05,26.1,39.632386533760865,43.031060889469174,10.032227632630612,0,0,1,0,76.29994422829883
1922.0,8,34.962500000000006,36.6,23.4,39.6322386899442,43.03124898299135,10.026844180632375,0,0,1,0,77.46460119644051
1923.0,8,34.4,35.95,21.5,39.63209697515728,43.03144194354086,10.021477827901789,0,0,1,0,82.00457545009081
1924.0,8,33.574999999999996,36.05,21.8,39.63194430836058,43.031628560593404,10.016082163158266,0,0,1,0,85.19255393404792
1925.0,7,35.114285714285714,37.0,19.3,36.03539530713584,41.98985982882234,10.010718873940103,1,0,1,0,57.73472784524902
1926.0,7,35.2,36.6,21.8,36.03549037622129,41.983331810757264,10.005330175662074,0,0,1,0,76.55947202176533
1927.0,8,33.95,34.75,24.8,39.63150569768303,43.03221211901389,9.99995037272496,0,0,1,1,85.23091853717578
1928.0,8,34.0625,33.35,27.0,39.63135278695906,43.03240485014553,9.994558494437667,0,0,1,1,81.77128330758345
1929.0,8,34.375,34.85,26.6,39.63120774557819,43.032603505011465,9.989186535619334,0,0,1,1,74.10174706959363
1930.0,8,33.45,34.4,19.7,39.6310585327301,43.03279332535479,9.983813503358904,1,0,1,1,77.72395907680682
1931.0,8,33.712500000000006,35.650000000000006,19.2,39.63090165773767,43.03298828019019,9.97841137157139,1,0,1,1,58.52088484356969
1932.0,7,36.285714285714285,37.1,26.5,43.86756441590103,44.12217349634152,15.543018186849787,0,0,0,0,83.11271402257788
1933.0,8,34.5125,36.900000000000006,17.9,39.630596213682004,43.03335370947473,9.967654369715513,1,0,1,1,68.1431998757908
1934.0,7,37.67142857142857,37.2,29.8,43.86874994105474,44.13600660947552,15.55552383436226,0,0,0,0,72.02850651584677
1935.0,7,38.042857142857144,37.3,32.8,43.869340173696855,44.14292844515754,15.561783736549094,0,0,0,0,73.22554475766337
1936.0,7,37.31428571428571,36.2,32.1,43.869931438638936,44.14986310436003,15.568054480612885,0,0,0,0,77.4588547574608
1937.0,8,36.325,37.25,25.1,39.629950845709885,43.03407909111119,9.946015010582052,0,0,1,1,76.72896065369055
1938.0,8,36.5625,37.9,27.6,39.62978185718867,43.03423927869004,9.940605389222966,0,0,1,1,80.11213647511609
1939.0,8,36.7375,38.650000000000006,27.1,39.62962072280193,43.03440317439647,9.935214213520826,0,0,1,1,74.63401222710847
1940.0,8,36.387499999999996,37.95,25.7,39.629447362641,43.0345652212833,9.929791198840286,0,0,1,1,79.83621947539329
1941.0,8,35.3875,37.3,23.0,39.62928314979055,43.03472393731231,9.924394371760634,0,0,1,1,81.40536950667797
1942.0,8,34.7,35.5,26.0,39.62911177819328,43.03486614923351,9.918992880689055,0,0,1,1,64.90805806092241
1943.0,8,34.587500000000006,35.5,22.8,39.62893671651855,43.03500188651636,9.913584323792284,0,0,1,1,64.19888836574124
1944.0,8,36.137499999999996,36.75,28.9,39.62876107914984,43.03514691462941,9.908165127116202,0,0,1,1,83.96709232669711
1945.0,8,36.2125,37.0,30.1,39.62858328957722,43.035285752917474,9.902742285978457,0,0,1,1,93.56851886459371
1946.0,8,35.5875,37.349999999999994,26.7,39.628405448586236,43.03541643208875,9.89732786315802,0,0,1,1,87.35403641513659
1947.0,8,35.087500000000006,36.95,26.8,39.628224225588454,43.03554510488189,9.891907424244003,0,0,1,1,91.25873192821562
1948.0,8,35.675,36.599999999999994,26.7,39.628039502312895,43.035659665554384,9.886486812665323,0,0,1,1,106.97120770549132
1949.0,8,34.65,35.55,23.8,39.62785321085427,43.03577611105359,9.881066095574266,0,0,1,1,77.88984548438229
1950.0,8,35.0125,34.8,25.8,39.62767093103655,43.0358914152626,9.875664260367436,0,0,1,1,76.47282399728019
1951.0,8,34.800000000000004,35.45,27.8,39.627487750663065,43.03601375126151,9.87025693566894,0,0,1,1,62.613125970142185
1952.0,8,35.075,35.25,28.8,39.62729903083505,43.036118728849985,9.864849760207704,0,0,1,1,58.6206147426171
1953.0,8,35.087500000000006,35.9,27.3,39.62711547728193,43.03623641098262,9.859449022141806,0,0,1,1,60.41811802140116
1954.0,8,36.5,36.5,29.8,39.62693220606634,43.03635370428542,9.85405475604644,0,0,1,1,61.80081433508361
1955.0,8,36.55,36.6,32.6,39.62674693729189,43.0364700451086,9.84865732967387,0,0,1,1,62.22647473079578
1956.0,8,36.1,36.45,32.0,39.62655879447188,43.03658032852897,9.843254281977048,0,0,1,1,60.331746847228736
1957.0,8,35.925,36.3,31.6,39.62637057420991,43.036686937912066,9.837859109097568,0,0,1,1,57.96465729751839
1958.0,8,35.862500000000004,36.5,31.2,39.626181934598506,43.03679473254222,9.832462093179872,0,0,1,1,61.31547120432392
1959.0,8,35.7,36.400000000000006,30.1,39.62598988693331,43.03690276570194,9.827051961394217,0,0,1,1,59.98139620150073
1960.0,8,36.175,36.6,31.2,39.62580005316701,43.037018820730076,9.821645409442336,0,0,1,1,59.81412835560207
1961.0,8,35.775000000000006,36.6,31.6,39.625606058762834,43.03713033459295,9.816228715183591,0,0,1,1,65.26292101503898
1962.0,8,35.625,36.05,31.3,39.625417096292075,43.03724933891765,9.810823485280672,0,0,1,1,63.24476591924843
1963.0,8,36.25,36.55,32.0,39.62521676596981,43.03735636256751,9.805393534531182,0,0,1,1,61.739406186812325
1964.0,8,36.074999999999996,35.95,31.6,39.62502733423466,43.03748638893347,9.79997931620881,0,0,1,1,61.66335488003856
1965.0,8,36.5875,36.65,32.3,39.62483107815298,43.037605076572135,9.794556123427853,0,0,1,1,59.40070725123948
1966.0,8,36.325,36.5,32.1,39.6246328066034,43.03772146493375,9.789126883211145,0,0,1,1,60.363520584159566
1967.0,8,36.45,36.5,32.2,39.62443894758552,43.037849524461265,9.783705144213345,0,0,1,1,56.84713719257408
1968.0,8,35.25,35.25,30.9,39.62424405654046,43.0379857560083,9.77827313493605,0,0,1,1,62.79227995858693
1969.0,8,35.375,35.25,30.7,39.62404823222643,43.038110609799574,9.772846142002798,0,0,1,1,62.56026291387127
1970.0,8,35.762499999999996,35.7,30.5,39.62384787919778,43.03824010415897,9.767402786787226,0,0,1,1,57.86149398585447
1971.0,8,36.162499999999994,35.95,31.9,39.6236481655923,43.03837534358852,9.761955227255916,0,0,1,1,53.09455557163683
1972.0,8,36.1,36.35,31.1,39.62344931259135,43.03851252976679,9.756512833993796,0,0,1,1,53.27040365390047
1973.0,8,35.3125,35.75,28.6,39.62324701052518,43.03864701858456,9.75105683594887,0,0,1,1,57.9729530989732
1974.0,8,35.2875,35.75,29.5,39.62304140077636,43.03877258506627,9.745606923945026,0,0,1,1,59.698633505057785
1975.0,8,35.0375,36.0,29.0,39.62284067817174,43.03890902495144,9.740161297516009,0,0,1,1,58.613518479168434
1976.0,8,36.22500000000001,36.45,31.3,39.622634014142655,43.03904052442576,9.734703489360376,0,0,1,1,54.57281710434575
1977.0,8,36.45,36.45,31.3,39.62242615879735,43.03917146198053,9.7292494400152,0,0,1,1,56.256609299173846
1978.0,8,35.9,36.3,30.9,39.62222229096447,43.0393014306416,9.723804165757556,0,0,1,1,57.40902549196294
1979.0,8,36.1625,36.45,30.0,39.622015656665255,43.03943738876896,9.718348714674184,0,0,1,1,60.93011988693786
1980.0,8,36.075,36.099999999999994,30.6,39.62180480018328,43.03957428619616,9.712889418718436,0,0,1,1,64.23222691015842
1981.0,8,36.0125,36.25,30.1,39.62159940977266,43.03970303302314,9.707447289302628,0,0,1,1,62.87952870572244
1982.0,8,35.3625,35.55,29.3,39.62139157508747,43.039834141902276,9.70199876678293,0,0,1,1,57.909783157254985
1983.0,8,35.4,35.599999999999994,30.2,39.621184445062006,43.03997033072281,9.696556216642492,0,0,1,1,59.64072246353621
1984.0,8,35.6125,35.9,29.9,39.620973079179834,43.04009609889175,9.691107017422372,0,0,1,1,61.65782551241008
1985.0,8,36.3,36.7,29.5,39.62076262574425,43.040232436176304,9.68565806618296,0,0,1,1,65.77278251932195
1986.0,8,36.2875,36.6,29.8,39.62055835731,43.04037446857836,9.680223237905146,0,0,1,1,59.48891009506095
1987.0,8,36.0125,36.35,29.0,39.62034750439367,43.04050821943801,9.674775905769804,0,0,1,1,71.74983991977824
1988.0,8,36.0875,36.35,28.9,39.62013750277195,43.04063513446144,9.669343154356932,0,0,1,1,69.777576580946
1989.0,8,36.1875,36.6,29.8,39.61992423854305,43.04077116968885,9.663893375532036,0,0,1,1,71.28828927884112
1990.0,8,35.6625,36.1,29.7,39.619716895674685,43.04090623296771,9.65846536273062,0,0,1,1,69.8295857445199
1991.0,8,36.025000000000006,36.95,29.8,39.61950359874744,43.04103957435597,9.653026279064552,0,0,1,1,74.45391897141113
1992.0,8,35.5,36.150000000000006,29.6,39.61929261837933,43.04116708361978,9.647591775632405,0,0,1,1,68.3265530331647
1993.0,8,36.3875,36.8,30.0,39.61907556726092,43.04129670473313,9.642145156524592,0,0,1,1,73.14545772176315
1994.0,8,36.25,36.65,29.7,39.61886161203657,43.041425623043736,9.636711151781244,0,0,1,1,70.80608300261031
1995.0,8,36.6125,36.8,30.5,39.618645551862954,43.04155540700169,9.631272155637472,0,0,1,1,75.90378566371493
1996.0,8,36.6625,37.5,30.2,39.61843435538084,43.04168703668487,9.625844427357002,0,0,1,1,76.5814225955204
1997.0,8,36.075,36.650000000000006,29.7,39.618219235931804,43.04182805813053,9.620403485824667,0,0,1,1,74.97831950915662
1998.0,8,36.025000000000006,36.5,30.6,39.61800626271403,43.04197091345658,9.61496962740794,0,0,1,1,81.8238148405526
1999.0,8,35.5875,35.900000000000006,30.5,39.61779233568734,43.04211048640486,9.609539770376246,0,0,1,1,77.08639415390334
2000.0,8,35.25,35.45,30.1,39.617583810215564,43.04226869283149,9.60411135543788,0,0,1,1,80.11687593142321
2001.0,8,34.9875,34.45,28.9,39.61737461192507,43.0424302486837,9.598690677127966,0,0,1,1,78.48274630952321
2002.0,8,34.8,35.599999999999994,28.2,39.61716508182387,43.0426060648652,9.59325824775787,0,0,1,1,76.8394278332988
2003.0,8,33.625,34.25,23.6,39.6169576121675,43.04278599813182,9.587830572526094,0,0,1,1,92.07962508765264
2004.0,8,33.6,33.6,25.3,39.6167517010084,43.04296985113497,9.58240548500766,0,0,1,1,60.74982188583207
2005.0,8,33.45,35.45,19.0,39.61654586783398,43.04314639644675,9.576993010197349,1,0,1,1,121.12358988033576
2006.0,7,35.142857142857146,36.4,25.0,43.908455291844824,44.63360043403642,16.006541812581904,0,0,0,0,84.98485803894903
2007.0,7,35.800000000000004,35.0,30.3,43.90899347012742,44.64055150320828,16.012827573634553,0,0,0,0,76.27924006756568
2008.0,7,35.871428571428574,35.6,30.5,43.90954067342602,44.64748829992436,16.019094394097014,0,0,0,0,78.67579764967105
2009.0,8,36.425,38.05,26.8,39.61573961347645,43.043978731587856,9.555329913660705,0,0,1,1,84.783593189644
2010.0,8,36.5375,37.900000000000006,26.3,39.6155416023346,43.044205147837175,9.549929404620883,0,0,1,1,87.0602672319267
2011.0,8,36.4875,38.2,24.2,39.615342809512235,43.04443312951784,9.544518829905162,0,0,1,1,83.11370905788182
2012.0,8,36.1375,37.8,27.6,39.615146918243425,43.04466667188222,9.53912043946786,0,0,1,1,91.728702491625
2013.0,8,37.3625,38.05,28.0,39.61495172434934,43.044895740030164,9.53372017140712,0,0,1,1,88.08022779671596
2014.0,8,37.25,38.85,27.4,39.61475112990407,43.045130879506125,9.52830447472595,0,0,1,1,80.3257186961965
2015.0,7,37.91428571428571,39.1,31.3,43.91335795117576,44.696168587662925,16.06308181956311,0,0,0,0,84.07111736869506
2016.0,8,35.5125,36.2,26.6,39.61435228151488,43.04559259432996,9.517490232927576,0,0,1,1,86.01060714195788
2017.0,7,35.642857142857146,35.7,25.5,43.91444742818196,44.71009512265814,16.07566574065868,0,0,0,0,100.56221508606492
2018.0,7,36.471428571428575,37.8,28.1,43.91498919388597,44.71706557418316,16.081970623158785,0,0,0,0,100.98815117567936
2019.0,7,36.68571428571429,37.3,26.5,43.9155311934591,44.72403224264633,16.088266506862844,0,0,0,0,86.10618026140043
2020.0,7,37.385714285714286,36.6,30.5,43.91606784940659,44.73100858723632,16.094575167788904,0,0,0,0,88.29437731300655
2021.0,7,36.942857142857136,36.1,32.4,43.916600857601615,44.73798089942885,16.100880637158543,0,0,0,0,83.99639985310226
2022.0,7,36.971428571428575,37.2,31.7,43.91714426041523,44.744991820179216,16.10722396795737,0,0,0,0,87.13932890274968
2023.0,7,36.628571428571426,37.1,32.4,43.91767128219429,44.7519693439244,16.113541462210957,0,0,0,0,86.16326349285362
2024.0,7,36.728571428571435,36.9,32.5,43.91820386574927,44.75896665360536,16.119874248362084,0,0,0,0,86.33671608137891
2025.0,7,36.91428571428571,37.0,34.1,43.91873131981203,44.76595590259169,16.1262051158315,0,0,0,0,79.06701797685702
2026.0,7,36.9,37.4,31.3,43.919256680480885,44.77294021319414,16.132533442734786,0,0,0,0,77.19843785097164
2027.0,7,36.01428571428572,37.8,23.5,43.91977660635572,44.77992727845306,16.138868561583465,0,0,0,0,87.94381265138551
2028.0,7,36.65714285714285,37.9,30.7,43.92029680327424,44.78691946491956,16.145208170021835,0,0,0,0,85.88747481315849
2029.0,8,35.7,37.1,27.4,39.611539194185056,43.04826727188826,9.446607241143482,0,0,1,1,81.07428753546971
2030.0,8,35.0875,37.25,27.8,39.61129990077664,43.04842228259021,9.441119068621,0,0,1,1,79.2530231755617
2031.0,8,35.8625,38.0,28.4,39.61106239968409,43.0485683706147,9.435643067804024,0,0,1,1,86.97034635082638
2032.0,8,36.525000000000006,36.45,30.5,39.61081713949093,43.04870896987677,9.430144251183243,0,0,1,1,86.83927039654614
2033.0,8,36.3625,36.15,31.2,39.61057054097837,43.04883442344938,9.424655056527588,0,0,1,1,84.14948775509413
2034.0,8,36.6375,37.35,30.1,39.610323884790915,43.04895616951087,9.419168252066171,0,0,1,1,77.63067097511976
2035.0,8,37.025,37.45,27.6,39.610074812749716,43.04907151348412,9.413682893821353,0,0,1,1,75.90086657148241
2036.0,8,36.5,37.150000000000006,27.3,39.609824637607794,43.04919330086287,9.408193905102944,0,0,1,1,82.78740054729187
2037.0,8,36.224999999999994,36.55,27.9,39.60958105655568,43.049320163219775,9.402714201590308,0,0,1,1,78.5336977625277
2038.0,8,36.0,36.5,27.5,39.60932528304537,43.04943011781224,9.397218863320695,0,0,1,1,83.4934557550754
2039.0,8,36.0125,36.349999999999994,28.0,39.60907614870443,43.04955380827702,9.391731092760892,0,0,1,1,74.52970000341482
2040.0,8,34.325,35.099999999999994,28.3,39.60882002623135,43.04966402360616,9.38623537575728,0,0,1,1,85.46658302765093
2041.0,8,35.6875,35.8,27.3,39.60856710677266,43.04978736399758,9.380735090629509,0,0,1,1,73.82217768147898
2042.0,7,37.199999999999996,38.1,30.3,43.92732121980053,44.88442482731704,16.233784001843073,0,0,0,0,74.79158350988438
2043.0,8,33.5875,33.7,28.3,39.60805484758731,43.05002331976408,9.369743703727268,0,0,1,1,84.64071773891634
2044.0,8,35.5,35.8,28.3,39.60780908422848,43.0501739433229,9.364256612142,0,0,1,1,77.10608346851356
2045.0,8,35.05,36.099999999999994,21.8,39.607554761685805,43.05030853187846,9.358755848183684,0,0,1,1,83.50935142232812
2046.0,7,36.51428571428571,37.2,32.6,43.92931202019954,44.91233369896876,16.259133229478362,0,0,0,0,76.14056498274748
2047.0,8,35.4375,35.9,28.9,39.607052915400956,43.050611574087725,9.34776330249412,0,0,1,1,86.20241357196818
2048.0,8,35.6375,35.7,29.5,39.6068093445292,43.05079698221097,9.342261810040764,0,0,1,1,74.07480710174264
2049.0,8,33.8,34.7,28.0,39.60656625562084,43.050989392363775,9.336763804149689,0,0,1,1,70.5431051526986
2050.0,8,33.625,34.75,26.7,39.60632657237963,43.05119125649384,9.331273238532658,0,0,1,1,78.07916657086943
2051.0,8,34.650000000000006,35.7,26.5,39.606085462439225,43.05140117363531,9.325773802186204,0,0,1,1,93.08904541695657
2052.0,7,35.22857142857143,35.5,27.1,43.93235557001264,44.95440447165689,16.29727324514604,0,0,0,0,88.07945083044626
2053.0,8,35.1375,35.3,27.7,39.60561262485833,43.051829494264624,9.31481683029808,0,0,1,1,76.82973508547235
2054.0,8,35.3625,34.35,29.5,39.60538007701282,43.052075798369266,9.309328335010932,0,0,1,1,74.84953382841522
2055.0,8,36.25,35.75,30.0,39.6051448965815,43.052320178591856,9.3038356297981,0,0,1,1,76.60001469497044
2056.0,8,36.3875,36.0,30.6,39.604921569394186,43.05258782363612,9.298362167637936,0,0,1,1,78.70904967272047
2057.0,8,35.9125,35.35,30.5,39.604692229546416,43.052831167889906,9.292896322239065,0,0,1,1,71.30517115069087
2058.0,8,36.0,35.6,30.7,39.604449986023305,43.05306905849698,9.287399920111197,0,0,1,1,75.42326888294974
2059.0,8,36.55,35.95,30.7,39.60420618329958,43.05330035920255,9.281903343129668,0,0,1,1,78.8483216018718
2060.0,8,36.6,35.7,30.4,39.60397932323703,43.0535722857755,9.276423713275223,0,0,1,1,74.30352863374871
2061.0,8,35.949999999999996,35.3,29.7,39.603744628921234,43.053824830468784,9.270934934861115,0,0,1,1,85.6261970527013
2062.0,7,36.771428571428565,35.5,32.9,43.937523324162434,45.0248068474984,16.360971172642135,0,0,0,0,76.48783970655379
2063.0,7,36.14285714285715,35.3,29.4,43.93803979826135,45.03185019628109,16.36734211552586,0,0,0,0,67.14083088424024
2064.0,7,36.04285714285714,35.6,26.3,43.938551962134646,45.0388910478274,16.373716249849533,0,0,0,0,70.91166503764035
2065.0,7,36.98571428571429,36.0,32.6,43.93906269039418,45.04594303143272,16.38009558904283,0,0,0,0,77.2634484659471
2066.0,7,37.18571428571429,36.2,32.4,43.93957922185442,45.053001474618064,16.386481135615522,0,0,0,0,64.61449601421275
2067.0,7,37.81428571428571,36.6,33.0,43.94009280931365,45.0600544188761,16.392862513722253,0,0,0,0,65.18585355512799
2068.0,7,37.142857142857146,36.9,30.1,43.940605416536236,45.06711869125742,16.39925154763355,0,0,0,0,53.41028423248386
2069.0,7,38.457142857142856,37.2,34.0,43.94111886363858,45.07417160654834,16.405634187638245,0,0,0,0,77.36297600823849
2070.0,7,38.31428571428571,37.7,33.8,43.94162299364871,45.081231103156505,16.41201830291998,0,0,0,0,66.92551547131832
2071.0,7,37.457142857142856,36.1,33.1,43.942137840558196,45.08829486783953,16.418408865392315,0,0,0,0,53.94111167113721
2072.0,7,37.0,35.6,33.1,43.942647281164,45.09535171875083,16.424792331798358,0,0,0,0,66.045976926972
2073.0,7,37.6,36.9,32.8,43.94315619236113,45.10240083822966,16.431170830211315,0,0,0,0,68.3810778549609
2074.0,7,37.91428571428571,37.8,33.1,43.94365596121442,45.109434127020144,16.43753527226048,0,0,0,0,60.28436782402233
2075.0,7,37.128571428571426,38.0,30.8,43.944174477710455,45.11651986497148,16.443942802090966,0,0,0,0,62.10960269595753
2076.0,7,36.642857142857146,38.9,24.5,43.944679102912765,45.12356729400847,16.450315973253726,0,0,0,0,60.98844740831737
2077.0,7,36.300000000000004,38.6,20.9,43.9451828456529,45.13061821873836,16.456692198346005,0,0,0,0,56.07407160371727
2078.0,7,37.699999999999996,39.0,27.6,43.945686371667485,45.13765697233429,16.463057021199507,0,0,0,0,59.91290006785356
2079.0,7,37.885714285714286,38.5,30.2,43.946195839725206,45.14469073835229,16.469415548902795,0,0,0,0,60.85392431809954
2080.0,7,37.800000000000004,38.5,31.7,43.946701096025656,45.151731336298965,16.47577864004166,0,0,0,0,63.28509469533847
2081.0,7,37.27142857142858,37.1,32.4,43.94720783150514,45.15875000438757,16.48212144825857,0,0,0,0,70.64217294035441
2082.0,7,36.6,36.6,30.4,43.94770831355944,45.16576559298153,16.488462811767295,0,0,0,0,73.16728180287424
2083.0,7,36.214285714285715,36.6,29.3,43.94820455020538,45.17275653079003,16.4947849512831,0,0,0,0,73.06543417531375
2084.0,7,37.185714285714276,37.4,30.9,43.94870662413434,45.17977550534495,16.501129573939277,0,0,0,0,62.83199242467995
2085.0,7,36.871428571428574,37.0,31.2,43.94920714854667,45.18678797652895,16.50746811420124,0,0,0,0,72.19087446273447
2086.0,7,37.51428571428572,37.2,33.3,43.949701493500406,45.19378400624358,16.513794201250313,0,0,0,0,67.32530726923703
2087.0,7,37.771428571428565,37.9,33.4,43.950200531376254,45.20079600574247,16.520134776129442,0,0,0,0,69.77615530198632
2088.0,7,37.87142857142857,37.6,33.4,43.95069350351226,45.207794004924736,16.52646268356109,0,0,0,0,70.93486131509677
2089.0,7,37.92857142857143,37.5,33.0,43.9511914920912,45.21479648602036,16.532795173756107,0,0,0,0,75.45499860392933
2090.0,7,37.65714285714285,37.5,32.3,43.95168375221572,45.22179431740832,16.539125274144073,0,0,0,0,63.82101136169301
2091.0,8,35.349999999999994,35.95,25.9,39.596492931231296,43.061503832080234,9.106745022865407,0,0,1,1,74.63778748144833
2092.0,7,36.34285714285714,36.6,24.5,43.952662641119865,45.23579019702022,16.551790292501202,0,0,0,0,99.47260422995896
2093.0,7,36.92857142857143,36.4,27.8,43.953150570387415,45.24277648903392,16.558110600448384,0,0,0,0,68.292913327739
2094.0,7,37.228571428571435,37.2,28.6,43.95363376846448,45.24975514113934,16.56442424158957,0,0,0,0,82.77324038710104
2095.0,7,37.01428571428572,36.9,29.1,43.95412575266264,45.25674605037292,16.570751360284454,0,0,0,0,74.85436913413963
2096.0,7,37.07142857142857,37.8,28.0,43.954613644008305,45.263745787103886,16.577081716398325,0,0,0,0,68.1534072131281
2097.0,7,35.25714285714286,35.8,23.3,43.955106419142616,45.27074313232127,16.583412947383714,0,0,0,0,65.85108865318385
2098.0,7,35.614285714285714,36.2,22.8,43.95559279450062,45.27773624142392,16.58974077050854,0,0,0,0,66.39200569013414
2099.0,7,35.00000000000001,34.3,20.9,43.95607539034348,45.284715510668846,16.59605662767883,0,0,0,0,99.21165822872442
2100.0,8,33.45,35.5,19.3,39.59420579959504,43.063592046918856,9.05775946453069,2,0,1,1,90.81561851626977
2101.0,7,35.41428571428571,35.6,21.0,43.957042273437416,45.29869678918721,16.60870792501476,0,0,0,0,106.15299491348836
2102.0,8,34.425,35.2,22.9,39.59369883373222,43.064063709311945,9.046892826066292,0,0,1,1,101.21435939916974
2103.0,8,35.175,35.55,24.9,39.593433820957394,43.06426614498453,9.041464670231052,0,0,1,1,92.20792338855664
2104.0,8,35.4375,35.6,27.0,39.593185741829956,43.064519028968334,9.03603524036598,0,0,1,1,88.08143296109215
2105.0,8,36.39999999999999,36.349999999999994,29.4,39.59293069009052,43.06476384460296,9.030592149323647,0,0,1,1,90.3918141311359
2106.0,8,35.925,34.650000000000006,30.6,39.592672191510474,43.0649880494925,9.025165365506112,0,0,1,1,90.03460530411522
2107.0,8,35.275,34.849999999999994,28.8,39.59241806586023,43.065236455675326,9.019726323720182,0,0,1,1,93.5774193595371
2108.0,8,35.237500000000004,36.8,20.3,39.59215462020957,43.06545607683021,9.014294143138695,0,0,1,1,104.82480425366956
2109.0,8,35.6625,38.15,25.7,39.59188992986462,43.06567954772703,9.008855868882977,0,0,1,1,96.00868565687637
2110.0,8,35.4375,38.2,22.7,39.591641477033036,43.06594526254797,9.00342581158126,0,0,1,1,92.48209262535217
2111.0,8,34.05,36.6,17.2,39.59138368605717,43.066189796796166,8.997990729569574,1,0,1,1,84.60789114063923
2112.0,7,36.2,38.0,25.4,43.962355180326476,45.37557967296486,16.67826928962569,0,0,0,0,95.97297621280612
2113.0,7,36.0,37.6,25.2,43.96283754316852,45.38257030688138,16.68459486453088,0,0,0,0,95.37805585250368
2114.0,7,37.41428571428571,38.0,25.7,43.96331473149725,45.38957198781882,16.690928165307565,0,0,0,0,98.62916506609132
2115.0,7,36.74285714285714,38.1,25.0,43.963798648080925,45.39658828945421,16.69726881732258,0,0,0,0,102.51547269764158
2116.0,7,36.228571428571435,37.8,23.8,43.96427966825813,45.40358695443669,16.70359884814086,0,0,0,0,88.88840396838758
2117.0,7,36.357142857142854,37.3,22.6,43.9647635123086,45.41060387824041,16.709940482121418,0,0,0,0,91.6500451277744
2118.0,7,37.01428571428571,37.3,24.7,43.965249395769355,45.41761384939987,16.71628131106316,0,0,0,0,75.00445918333139
2119.0,7,37.07142857142857,37.8,23.9,43.96572474574169,45.424616826744064,16.722616570236383,0,0,0,0,84.65357153101786
2120.0,7,36.3,38.4,25.5,43.966205435938136,45.431638473831015,16.728963477145616,0,0,0,0,92.67527056011056
2121.0,7,35.957142857142856,38.5,22.9,43.96668979444253,45.43865778564656,16.73530965705946,0,0,0,0,89.42573234026874
2122.0,7,35.27142857142858,37.4,24.9,43.96716984121418,45.44567455419508,16.74165462662031,0,0,0,0,110.02391234693324
2123.0,7,34.97142857142857,36.2,25.1,43.96764581429187,45.45269891029744,16.748004616371855,0,0,0,0,79.00332428897946
2124.0,7,35.41428571428571,37.1,24.6,43.96812912458942,45.459719626448674,16.754353474361928,0,0,0,0,102.4300730982922
2125.0,7,36.542857142857144,37.5,28.1,43.96860723221475,45.46673915179308,16.76070075200681,0,0,0,0,89.81280174272159
2126.0,7,36.871428571428574,37.0,28.8,43.96908837180234,45.47376176623885,16.767051437756432,0,0,0,0,81.16171580805688
2127.0,7,36.98571428571428,36.9,28.2,43.969562785352494,45.48078081435553,16.77339823334795,0,0,0,0,96.4172492892565
2128.0,7,36.92857142857143,37.6,28.1,43.970042287948864,45.487806966568925,16.779753503653204,0,0,0,0,81.11054418619406
2129.0,7,37.699999999999996,38.2,30.0,43.97051397173067,45.494835823449655,16.78610863580273,0,0,0,0,85.26890153466623
2130.0,7,36.214285714285715,37.2,26.0,43.97099177383736,45.50187815709721,16.79247322665292,0,0,0,0,87.09498843150082
2131.0,7,36.55714285714286,36.9,25.2,43.97146683003758,45.50891277622314,16.798834537924055,0,0,0,0,81.08264125051579
2132.0,7,36.82857142857143,37.3,25.5,43.97194136720157,45.51594711618552,16.805194306381818,0,0,0,0,68.81949033492029
2133.0,7,36.385714285714286,36.6,26.2,43.97241549233553,45.52297959383458,16.811556297252654,0,0,0,0,87.51042526863151
2134.0,7,37.2,37.7,29.7,43.972889505035944,45.5300318366722,16.81792942376965,0,0,0,0,79.07998408704876
2135.0,7,37.55714285714286,38.5,31.8,43.973362843964345,45.53707151497032,16.82429451245932,0,0,0,0,90.57348275641414
2136.0,7,37.91428571428571,38.7,32.2,43.973829190999844,45.54409937258836,16.830647000108353,0,0,0,0,80.55792660233591
2137.0,7,37.771428571428565,38.1,32.5,43.97430480909441,45.551151697558666,16.837021802470183,0,0,0,0,71.66268752607402
2138.0,7,38.42857142857143,37.9,33.2,43.974776432780665,45.55819224115149,16.84338728323829,0,0,0,0,73.00437102620026
2139.0,7,38.0,37.4,33.0,43.975239666923414,45.56521587433938,16.849739164838304,0,0,0,0,74.90783832230542
2140.0,7,37.9,37.3,32.8,43.97571035038241,45.57225276666137,16.85609770556772,0,0,0,0,92.07479953887044
2141.0,8,35.8375,36.75,25.9,39.583475093111076,43.07426672868715,8.834561749725953,0,0,1,1,102.04948775399146
2142.0,7,37.01428571428572,36.8,30.6,43.9766459198186,45.58630507319694,16.86880032915604,0,0,0,0,100.47616379104656
2143.0,7,36.98571428571428,36.7,30.9,43.977107961729835,45.59331450677418,16.875140780868254,0,0,0,0,100.70430711719222
2144.0,7,37.12857142857143,36.7,31.8,43.977568071396774,45.60033072106968,16.881485077516995,0,0,0,0,83.10154297334716
2145.0,8,36.3375,36.8,29.0,39.58237812166297,43.07534328198319,8.812783264860682,0,0,1,1,99.715022238458
2146.0,8,36.212500000000006,36.650000000000006,28.8,39.582100320131104,43.07560168842941,8.807342198374588,0,0,1,1,116.0069591984045
2147.0,7,37.32857142857143,37.2,31.2,43.978951505261016,45.62135063537691,16.90049250923275,0,0,0,0,86.9457641348731
2148.0,7,37.9,37.5,32.1,43.979414071088016,45.62836481733095,16.906834790998634,0,0,0,0,91.05383988394496
2149.0,7,38.199999999999996,37.5,32.7,43.97986950696604,45.63536154869316,16.91316378516102,0,0,0,0,97.48983684391123
2150.0,8,36.075,37.9,19.2,39.58099313556597,43.076641454629396,8.785612045863314,1,0,1,1,86.63186073521103
2151.0,7,38.3,37.9,33.3,43.980783637089964,45.64935674945773,16.925820912650725,0,0,0,0,91.83013241221416
2152.0,7,37.60000000000001,36.7,32.0,43.981245294490506,45.65635549625639,16.93215039545628,0,0,0,0,92.92178737463388
2153.0,7,37.68571428571429,37.5,32.5,43.98169787724815,45.66335477882009,16.938480688001007,0,0,0,0,97.6633986710162
2154.0,7,37.528571428571425,37.2,32.0,43.98215433551754,45.67034978888988,16.944808333103364,0,0,0,0,93.83993529340913
2155.0,7,37.62857142857143,37.1,31.8,43.98261128293167,45.67735298431939,16.95114124469682,0,0,0,0,93.81382359676616
2156.0,7,37.91428571428571,37.4,32.8,43.983063643574134,45.684336949067465,16.957460695487175,0,0,0,0,99.10592346855398
2157.0,8,34.699999999999996,36.5,17.9,39.579021340274366,43.07840221221553,8.747603356051961,1,0,1,1,106.4977297650472
2158.0,7,37.7,37.7,32.1,43.98396060592227,45.69831701092748,16.970111066290627,0,0,0,0,103.54322326889478
2159.0,7,38.01428571428572,37.5,32.1,43.984416250964486,45.70533263703375,16.97645561139448,0,0,0,0,107.9549131494416
2160.0,7,38.57142857142857,37.8,32.6,43.98485553532904,45.71228411564796,16.9827441874005,0,0,0,0,116.5709162178724
2161.0,7,38.142857142857146,38.5,32.6,43.98530449486755,45.71928410875069,16.989078208601907,0,0,0,0,105.50041851130857
2162.0,7,37.771428571428565,37.2,32.3,43.985770678032914,45.72632152160806,16.995439332582915,0,0,0,0,110.46924598685158
2163.0,7,37.18571428571429,36.9,31.6,43.98620621039619,45.733292507829375,17.001747196735064,0,0,0,0,108.09805459944144
2164.0,7,37.25714285714286,36.8,31.5,43.98665967058527,45.74028206348239,17.008071555192114,0,0,0,0,101.9380593641926
2165.0,7,37.42857142857143,37.6,31.3,43.98710718045191,45.74727446666098,17.01439606819445,0,0,0,0,105.13307461820868
2166.0,7,37.98571428571428,37.8,32.7,43.98755223461944,45.75426288902982,17.020721805832167,0,0,0,0,106.26184840090676
2167.0,8,35.3875,36.849999999999994,20.0,39.57616768063229,43.0809415069934,8.693330015003195,0,0,1,1,93.73579103804454
2168.0,8,35.537499999999994,37.0,18.9,39.57587745842108,43.08118611354649,8.687908479808607,1,0,1,1,80.15858032339852
2169.0,8,36.16250000000001,36.150000000000006,26.4,39.575594293443416,43.081449932395984,8.682480605827351,0,0,1,1,111.08025636452896
2170.0,8,36.325,36.150000000000006,29.2,39.57529858134187,43.08170455992408,8.677031203153682,0,0,1,1,112.17596259667772
2171.0,8,34.8125,34.9,25.1,39.57500622329985,43.08194675300895,8.671600571643054,0,0,1,1,116.36337866005792
2172.0,8,35.6375,33.8,30.3,39.57470833743076,43.082188150755535,8.666157451422473,0,0,1,1,115.802536852147
2173.0,8,35.4875,34.25,30.4,39.5744059810297,43.08241794116418,8.660708072915906,0,0,1,1,123.21881283473654
2174.0,8,34.1125,33.85,28.3,39.57410672129353,43.08265140908942,8.655266698881183,0,0,1,1,122.96495936558492
2175.0,8,35.55,35.5,30.1,39.573803208572144,43.08288313456789,8.649810955512892,0,0,1,1,128.3109085697396
2176.0,8,34.7625,35.1,29.1,39.5734966222681,43.08309798753859,8.644357151900037,0,0,1,1,124.210083698205
2177.0,8,36.225,37.25,31.1,39.57319429337171,43.0833292881896,8.638905823423375,0,0,1,1,119.61909709346727
2178.0,8,35.65,36.3,29.8,39.57288350801587,43.08354266276261,8.633442360460993,0,0,1,1,126.76423783632724
2179.0,8,35.4,36.8,26.4,39.572569271878265,43.08374511099696,8.62797451927809,0,0,1,1,131.4725291650673
2180.0,8,35.6875,37.349999999999994,28.9,39.57226192141538,43.08396327429105,8.622518341964154,0,0,1,1,126.11785237334732
2181.0,8,35.849999999999994,36.45,31.3,39.571946226723455,43.08414739230558,8.617060637776165,0,0,1,1,137.14056473884878
2182.0,8,35.7125,36.4,31.2,39.571631902286,43.08434963778383,8.611596810845626,0,0,1,1,134.1336213348075
2183.0,8,35.1375,35.2,31.6,39.57131609350533,43.08454570485223,8.606138362482621,0,0,1,1,133.74635740713623
2184.0,8,35.4625,34.95,31.1,39.5709923420953,43.084714526244056,8.600676337933509,0,0,1,1,132.07292868851425
2185.0,8,35.8625,35.55,31.1,39.57067028445016,43.084890102893354,8.595217058679003,0,0,1,1,139.43158201222627
2186.0,8,35.55,35.150000000000006,29.4,39.57035303829706,43.08506408410117,8.58977277576163,0,0,1,1,141.19636806630425
2187.0,8,35.2875,35.5,27.7,39.57002580096672,43.08521907669292,8.584318035878468,0,0,1,1,137.28206084611287
2188.0,8,35.574999999999996,36.7,23.7,39.56970127158148,43.08538275473484,8.578865966794408,0,0,1,1,136.77240099995836
2189.0,8,36.462500000000006,38.1,25.3,39.56936916595561,43.08552487018078,8.573414629577286,0,0,1,1,144.56063792340876
2190.0,8,36.7875,38.099999999999994,26.2,39.569037458536165,43.08566619864932,8.567962541862883,0,0,1,1,143.90966406009298
2191.0,8,36.0125,37.3,25.4,39.56871042855478,43.08581552426428,8.562519402041064,0,0,1,1,142.81342592820778
2192.0,8,35.2375,36.3,26.4,39.56838177221209,43.085946818921315,8.557087933321517,0,0,1,1,156.3874320838325
2193.0,8,34.025000000000006,35.3,25.5,39.568049150673495,43.08607257919482,8.551650333730189,0,0,1,1,147.79273134726012
2194.0,8,33.974999999999994,36.2,24.9,39.567718287892916,43.086211185722846,8.546209330238558,0,0,1,1,140.88989122371314
2195.0,8,32.925,35.45,22.4,39.56738316797153,43.08632857287627,8.540775991367594,0,0,1,1,142.29458407528327
2196.0,8,33.837500000000006,34.75,25.6,39.56704012420941,43.08643201405364,8.535327030167485,0,0,1,1,149.90841079679467
2197.0,8,33.2375,34.65,24.9,39.5667026513437,43.08654051878147,8.529899182914486,0,0,1,1,139.06179338358982
2198.0,8,33.3375,35.55,23.4,39.566359028037155,43.08664738987096,8.524448085931594,0,0,1,1,150.99769074242562
2199.0,8,33.5375,36.150000000000006,24.6,39.56602434832129,43.08676481915249,8.519016214965301,0,0,1,1,141.19943003444385
2200.0,8,34.0625,37.150000000000006,22.8,39.56568058993596,43.08686447176751,8.513573879887037,0,0,1,1,147.04394647526553
2201.0,8,34.45,37.349999999999994,24.6,39.565337032484734,43.0869709463029,8.508125737645392,0,0,1,1,148.1642921804268
2202.0,8,34.2375,36.5,24.4,39.5649882331068,43.08707160053342,8.502669356700046,0,0,1,1,158.87874801261896
2203.0,8,33.475,36.65,23.2,39.564642942946904,43.087171604263546,8.497224580289089,0,0,1,1,139.6282380819574
2204.0,7,34.34285714285715,38.4,19.3,44.0032331753521,46.018750717062495,17.26085848424856,1,0,0,0,148.85524720607225
2205.0,8,34.212500000000006,36.7,23.0,39.5639520567059,43.08738761483181,8.48631703427545,0,0,1,1,149.10375118461062
2206.0,7,35.34285714285714,38.7,22.6,44.00400256246193,46.03260018331277,17.273472598135506,0,0,0,0,141.03467891265578
2207.0,7,35.67142857142857,38.8,26.1,44.00437872616142,46.03952825104182,17.2797810694216,0,0,0,0,141.316254968003
2208.0,7,35.44285714285714,38.8,23.8,44.004765566742385,46.04646514155837,17.28609539796174,0,0,0,0,147.83239791616873
2209.0,7,35.142857142857146,38.4,24.8,44.00513919284548,46.0533716706892,17.292389823447763,0,0,0,0,145.68862917223808
2210.0,7,35.800000000000004,38.7,26.3,44.00551998748032,46.06028802603378,17.298688783981138,0,0,0,0,144.49510283236927
2211.0,7,35.25714285714285,37.5,22.9,44.005898826149995,46.06722534417297,17.305006618002036,0,0,0,0,151.77057932879418
2212.0,7,35.528571428571425,37.1,23.9,44.00627470083214,46.07415790523182,17.311319293233744,0,0,0,0,150.52793373358796
2213.0,6,37.18333333333334,37.9,30.8,47.83352663125388,49.93441240703417,17.3176483009773,0,0,0,0,136.26079849819928
2214.0,8,34.724999999999994,36.5,22.1,39.56082622660238,43.0884380853451,8.437233032292479,0,0,1,1,132.82807643395776
2215.0,8,36.025000000000006,37.25,26.0,39.560479941570904,43.08857970540066,8.431768743053464,0,0,1,1,150.1647128559346
2216.0,8,36.825,37.65,28.7,39.56013203913673,43.08873424722249,8.426286825182618,0,0,1,1,147.85369866308807
2217.0,8,35.462500000000006,37.0,26.5,39.559788568772504,43.08889542141819,8.420813930449391,0,0,1,1,149.92733213933798
2218.0,8,35.375,37.05,26.1,39.5594487365296,43.08907373549977,8.415340266765435,0,0,1,1,152.3548892486318
2219.0,8,35.650000000000006,37.3,27.0,39.55910268963123,43.08923862514463,8.40986039366971,0,0,1,1,150.09020280757497
2220.0,8,35.9625,37.55,29.2,39.55875537416649,43.089420459582385,8.404361102073567,0,0,1,1,144.43902356082498
2221.0,8,35.199999999999996,37.3,25.3,39.558410288539214,43.08960947309161,8.398867007074283,0,0,1,1,148.99893535698197
2222.0,8,35.175,35.7,30.0,39.55806293860881,43.089795586167995,8.393370028017744,0,0,1,1,148.27340116759447
2223.0,8,34.425,34.55,29.6,39.55772055914714,43.08999243748799,8.38787561275776,0,0,1,1,149.20689052471548
2224.0,8,34.275,34.400000000000006,28.7,39.55738298503516,43.09021167937736,8.382386111720015,0,0,1,1,140.98747972376546
2225.0,8,34.3125,33.0,28.7,39.55703952495194,43.09042226154765,8.376885332931016,0,0,1,1,132.94230442843366
2226.0,8,33.6,33.25,26.9,39.55669482483736,43.09064031943149,8.371377162875438,0,0,1,1,145.03434651133216
2227.0,8,33.3,33.599999999999994,25.3,39.556358004967905,43.09088044802661,8.36587960674867,0,0,1,1,144.97019468727814
2228.0,8,33.675,34.1,25.2,39.55601943914135,43.09112482763804,8.360374800793629,0,0,1,1,136.81714986224145
2229.0,8,33.287499999999994,34.45,22.4,39.55568905751678,43.09138927390104,8.354878144296366,0,0,1,1,137.2881882028437
2230.0,8,33.625,33.9,26.8,39.555349952859814,43.091640745132295,8.349366630250493,0,0,1,1,137.6537995183844
2231.0,7,35.07142857142857,35.8,30.2,44.01375193787341,46.20748351096714,17.432442395072044,0,0,0,0,157.52157095161704
2232.0,7,34.75714285714285,36.0,28.4,44.01415482327035,46.21456149851885,17.43885598768291,0,0,0,0,137.91452148836365
2233.0,7,35.885714285714286,36.6,30.2,44.0145606355,46.221646242895886,17.445275945014558,0,0,0,0,142.7010088555632
2234.0,7,35.871428571428574,36.6,30.5,44.014968564537426,46.22872713326625,17.451689887031748,0,0,0,0,122.79273665635816
2235.0,7,36.54285714285714,36.1,31.1,44.0153785709832,46.23581432903672,17.458107493720185,0,0,0,0,126.29374771494524
2236.0,7,36.51428571428572,35.9,28.6,44.015781287288455,46.242894736560274,17.464518911626428,0,0,0,0,133.11260556572748
2237.0,8,35.2375,35.900000000000006,24.0,39.55303287144544,43.09365296409648,8.310864404337098,0,0,1,1,144.54464265760495
2238.0,7,37.34285714285715,36.6,31.9,36.05392314534458,39.93078208323141,8.305358359664341,0,0,1,1,143.73838205303562
2239.0,7,37.4,36.7,31.1,36.05395920681598,39.92429474664272,8.29987330423723,0,0,1,1,138.2632710034674
2240.0,7,36.41428571428572,37.1,31.0,36.05399549068175,39.91781981763984,8.294363522804364,0,0,1,1,145.0286601097952
2241.0,8,34.05,35.95,21.8,39.551706570316476,43.09486449426023,8.28886754445265,0,0,1,1,145.41183738413656
2242.0,7,35.642857142857146,37.0,26.0,44.01823210722132,46.28548204062025,17.5030590641388,0,0,0,0,137.51053709554273
2243.0,7,35.642857142857146,36.2,27.0,44.01863634911443,46.29257272589459,17.509475768304917,0,0,0,0,147.62971222018518
2244.0,7,35.457142857142856,36.2,27.0,44.01904738703758,46.29968340677504,17.51591020261981,0,0,0,0,147.62587657503872
2245.0,7,35.385714285714286,36.2,27.2,44.019453196114014,46.30676436888511,17.52231900208962,0,0,0,0,115.56421524945402
2246.0,7,36.214285714285715,36.7,28.5,44.01985583898396,46.31384792439737,17.528728725801997,0,0,0,0,136.3501727968796
2247.0,7,36.44285714285714,37.5,28.5,44.02025309228225,46.32094490538972,17.535153663763527,0,0,0,0,146.9537111080481
2248.0,7,36.614285714285714,36.6,29.7,44.020652356306094,46.32802119318299,17.541556291347217,0,0,0,0,139.58868496963447
2249.0,8,35.612500000000004,36.95,26.7,39.549034413736166,43.09730472575322,8.244905032231516,0,0,1,1,153.85700401270194
2250.0,7,36.971428571428575,36.7,29.3,44.0214560299582,46.34219779109184,17.5543860882127,0,0,0,0,147.50788685652932
2251.0,7,36.07142857142857,36.2,26.8,44.02185913727083,46.34927686564491,17.560793915447793,0,0,0,0,131.99939191451924
2252.0,7,33.800000000000004,35.5,21.3,44.02226035505696,46.356374597765225,17.567217726728,0,0,0,0,115.43482957406228
2253.0,6,38.23333333333333,37.2,35.5,40.693024604536284,43.09851091247822,17.573625567489916,0,0,0,0,137.90937797587478
2254.0,6,38.6,37.45,36.5,40.693972595122254,43.09880844235775,17.580023096051875,0,0,0,0,150.37935821692702
2255.0,8,34.7375,36.599999999999994,21.1,39.547011404307796,43.09910922521709,8.211976604377373,0,0,1,1,169.27351749164467
2256.0,8,35.425,36.5,24.5,39.54667353922224,43.099417552660555,8.206481308180528,0,0,1,1,148.79340688577332
2257.0,8,34.875,35.900000000000006,23.5,39.546335497876896,43.099716625473036,8.201001311420125,0,0,1,1,149.27254919344267
2258.0,8,34.8625,35.849999999999994,24.6,39.545998254173696,43.10002826795011,8.195511077771943,0,0,1,1,159.05830483701706
2259.0,8,35.725,36.6,29.3,39.54565887385021,43.100317818548326,8.190038487512837,0,0,1,1,161.51813388394547
2260.0,8,36.95,37.7,31.4,39.54530478516038,43.100599143772264,8.184525621658784,0,0,1,1,159.10981290758582
2261.0,8,36.0625,36.75,30.6,39.54496746985575,43.10090622334485,8.179052873297676,0,0,1,1,158.96272392004
2262.0,8,35.7125,36.15,28.7,39.54462669095764,43.101215841663205,8.17355882729572,0,0,1,1,158.92678259662313
2263.0,8,35.4375,36.05,27.6,39.54428487745545,43.10150990958162,8.16807863846291,0,0,1,1,154.20705527712622
2264.0,8,35.824999999999996,36.2,29.3,39.54394379297126,43.10181765476614,8.162585119013373,0,0,1,1,157.2854175324535
2265.0,8,35.974999999999994,36.7,28.9,39.54359905947992,43.10212418303517,8.157090598968194,0,0,1,1,160.66680165720453
2266.0,8,35.912499999999994,35.75,29.2,39.54325324185047,43.10242358669177,8.15159825054249,0,0,1,1,157.65852787316203
2267.0,8,35.9375,36.3,28.7,39.54290876493392,43.10271986057841,8.146116980506088,0,0,1,1,160.82521446428194
2268.0,8,36.15,36.7,26.9,39.54256260889554,43.10303150168795,8.140609524176321,0,0,1,1,155.2764950041385
2269.0,8,36.25,37.4,25.1,39.54222236217517,43.10334476430632,8.135124699182736,0,0,1,1,148.17884077412347
2270.0,7,37.57142857142857,37.9,32.9,44.02933591020589,46.483948460634025,17.682712437978306,0,0,0,0,157.22740385860183
2271.0,8,36.4625,37.400000000000006,27.0,39.54152285925791,43.10396011221508,8.12411229666157,0,0,1,1,151.20648032322978
2272.0,8,35.599999999999994,36.9,24.3,39.54118161340827,43.10427701259323,8.118625578261332,0,0,1,1,159.50779996051887
2273.0,7,38.057142857142864,38.4,33.2,44.03051020610153,46.50525894679363,17.70200837782164,0,0,0,0,153.693330627278
2274.0,7,37.857142857142854,38.5,32.6,44.03089896170318,46.51236373992685,17.708443441258584,0,0,0,0,145.4596025949161
2275.0,8,36.962500000000006,37.95,28.6,39.54013673815315,43.10521756750663,8.102112314579804,0,0,1,1,147.81761261523604
2276.0,8,36.7375,37.7,28.0,39.53978784746579,43.10553329268062,8.096608145283785,0,0,1,1,145.6782038564976
2277.0,8,36.525000000000006,37.45,27.8,39.53943998250481,43.10585391550009,8.091101575287786,0,0,1,1,151.40655197909865
2278.0,7,37.92857142857143,38.1,32.9,44.032446765058424,46.54081458568228,17.734203938805255,0,0,0,0,153.73263703204373
2279.0,7,37.91428571428572,38.5,31.7,44.032835661519854,46.547934157156426,17.74065100653278,0,0,0,0,139.1482795436245
2280.0,8,36.2375,37.55,27.0,39.53838824943051,43.106816333253335,8.074574669276746,0,0,1,1,158.6673750147599
2281.0,7,38.142857142857146,38.6,32.4,44.03360461202863,46.56216423557096,17.75353608154182,0,0,0,0,139.83144817770156
2282.0,7,37.58571428571429,37.6,32.8,44.03398994793353,46.56928770424141,17.759984652260307,0,0,0,0,139.499081863612
2283.0,7,37.68571428571429,37.6,33.3,44.034369695303674,46.57639772047506,17.766422423458355,0,0,0,0,146.01601869943565
2284.0,7,37.885714285714286,37.9,33.2,44.03475929280021,46.58352500260575,17.77287480736513,0,0,0,0,145.09252239267792
2285.0,7,38.114285714285714,38.6,32.5,44.03514471585155,46.59063392418458,17.77931359957785,0,0,0,0,124.09480183438755
2286.0,7,38.300000000000004,38.3,33.0,44.03552491346141,46.59775680399864,17.785763398953122,0,0,0,0,141.6888537917293
2287.0,7,38.07142857142857,38.4,33.2,44.03590892506573,46.60487407803584,17.792207714694648,0,0,0,0,129.479317130275
2288.0,8,37.587500000000006,38.5,28.8,39.535570331454196,43.109379725766345,8.030528354793384,0,0,1,1,141.06296760362784
2289.0,8,37.075,37.25,31.3,39.535219859392924,43.10970113353322,8.025041908527516,0,0,1,1,139.4788514192927
2290.0,8,36.025,38.0,25.8,39.53486600991243,43.11003650465423,8.019536876229369,0,0,1,1,141.5302235832484
2291.0,7,37.25714285714286,38.4,31.2,44.037441846194085,46.63334138217934,17.817969212774788,0,0,0,0,139.01270777133897
2292.0,8,34.325,35.4,26.0,39.534164217358395,43.11073523654148,8.008543807480107,0,0,1,1,141.79288661179615
2293.0,8,34.85,34.8,28.4,39.5338217776244,43.11108196016778,8.003080863557521,0,0,1,1,150.77051642540204
2294.0,8,36.3125,37.4,26.0,39.53347788080188,43.11143456330108,7.997613338066385,0,0,1,1,136.88137128248212
2295.0,8,36.75,37.85,28.2,39.53313456448086,43.111789924526505,7.992150370088225,0,0,1,1,131.2744383443669
2296.0,8,37.4,38.2,32.0,39.53279327163491,43.11216346682592,7.986686318507584,0,0,1,1,146.57976490719955
2297.0,8,36.725,37.4,29.9,39.53245047242772,43.11253933536719,7.9812162771759,0,0,1,1,144.7472732432838
2298.0,8,37.087500000000006,37.85,30.4,39.53211261395355,43.11290523446599,7.975783211088177,0,0,1,1,139.17108324816303
2299.0,7,37.78571428571428,38.9,30.1,42.62641212924117,46.69017141513939,7.97033871165957,0,0,1,1,148.28264899190717
2300.0,7,37.34285714285714,38.6,30.7,42.625115041524865,46.69724832833133,7.964912774285753,0,0,1,1,142.64348472587255
2301.0,7,36.971428571428575,37.1,28.6,42.623817771834275,46.70432078117489,7.959489765675269,0,0,1,1,144.63889347672136
2302.0,8,35.8375,37.3,28.6,39.53077129093241,43.11442611165111,7.954075402433951,0,0,1,1,154.7580368911233
2303.0,8,36.5625,36.9,29.7,39.530441602278835,43.11480987609183,7.948674521106511,0,0,1,1,149.78021841359237
2304.0,8,36.1375,36.599999999999994,28.6,39.53011123153884,43.1152095743284,7.94326948055618,0,0,1,1,149.73618798971972
2305.0,8,36.775000000000006,36.65,31.1,39.529789880162156,43.11560068499116,7.937903807904314,0,0,1,1,150.44920955854957
2306.0,8,35.8875,36.35,28.3,39.529455149615174,43.11598260770988,7.932511391391057,0,0,1,1,154.7884771144571
2307.0,8,32.45,30.65,25.1,39.529131157948186,43.11637182422886,7.927152997428062,0,0,1,1,142.88842107904662
2308.0,6,32.33333333333333,32.05,22.4,47.965547502563396,50.10401158753181,17.92656507098486,0,0,0,0,144.19084186122998
2309.0,6,33.61666666666667,34.05,23.8,47.966904242788054,50.105617413851206,17.932913609743906,0,0,0,0,156.30825946387492
2310.0,7,32.35714285714286,36.6,20.1,44.04489063428218,46.767784641473696,17.9392380968134,0,0,0,0,161.46983216555827
2311.0,7,33.871428571428574,34.9,26.4,44.04529182626309,46.77479458826139,17.945548668803067,0,0,0,0,139.96602114444946
2312.0,7,35.02857142857143,36.5,30.9,44.04568916321373,46.78181653546142,17.951866794584504,0,0,0,0,154.7264806874157
2313.0,7,34.957142857142856,36.0,30.2,44.04608587152372,46.78882760411009,17.958173932129192,0,0,0,0,145.57340742685446
2314.0,7,35.55714285714286,36.9,30.9,44.046482229141176,46.795838343182126,17.9644843408427,0,0,0,0,136.03246927281702
2315.0,8,34.7,36.0,26.9,39.5265663392761,43.11959639483804,7.88442285138225,0,0,1,1,160.2895327045447
2316.0,8,35.025,36.4,28.9,39.52624484534482,43.119991861901525,7.879099823859864,0,0,1,1,151.86334671545723
2317.0,8,35.15,36.15,28.4,39.52592858742301,43.120401238413265,7.873782335673349,0,0,1,1,154.49356923909255
2318.0,8,35.025000000000006,36.7,29.4,39.52560407311242,43.12080164631346,7.868445655350745,0,0,1,1,156.631700106408
2319.0,8,35.4,36.6,29.3,39.52528550740144,43.121204686944424,7.863129083157082,0,0,1,1,148.40219193265665
2320.0,8,34.650000000000006,35.55,28.0,39.52496011631456,43.121607019513945,7.857789605573286,0,0,1,1,158.36311288208685
2321.0,8,34.4375,34.849999999999994,24.4,39.52463474575865,43.12201219053145,7.852447938606417,0,0,1,1,159.2768603493451
2322.0,8,33.8,35.5,21.9,39.52430573106341,43.12241152743536,7.8470965358439555,0,0,1,1,162.95206889175407
2323.0,8,34.037499999999994,35.25,24.3,39.523975118596184,43.122810777503474,7.841743548466884,0,0,1,1,164.66705524151055
2324.0,8,34.025,34.95,24.7,39.523646955731394,43.123218451007155,7.836385848331956,0,0,1,1,153.23675172802595
2325.0,8,34.325,35.35,26.3,39.523314241697776,43.12362368022184,7.831018579113474,0,0,1,1,157.73723538845107
2326.0,8,35.0,35.75,30.2,39.5229829141152,43.12402247572899,7.825660386157604,0,0,1,1,163.7573121503215
2327.0,8,35.3875,37.05,26.0,39.522643932562566,43.12442391131195,7.820267083145641,0,0,1,1,166.36798360724933
2328.0,8,35.912499999999994,37.15,26.0,39.52230678812593,43.124822431131754,7.814882397633507,0,0,1,1,168.73497302055125
2329.0,7,37.3,36.7,34.9,44.052322410465116,46.90132957652023,18.059460455315005,0,0,0,0,150.25004557789964
2330.0,8,36.075,37.8,23.7,39.52162414516765,43.12561640202729,7.8040926377364,0,0,1,1,164.7745768828519
2331.0,7,37.58571428571429,38.2,32.1,44.05307549305876,46.91548058287655,18.07221613357344,0,0,0,0,152.76262708697217
2332.0,8,35.875,38.2,27.7,39.52093655557902,43.12641711170822,7.793276732522756,0,0,1,1,160.06507986473127
2333.0,8,34.975,37.45,24.9,39.52058636826353,43.12680525378437,7.787855840676283,0,0,1,1,166.2441465930175
2334.0,6,38.083333333333336,37.8,36.3,48.38135051601136,50.1452153191899,20.37617535169273,0,0,0,0,140.43146363744944
2335.0,7,36.114285714285714,37.1,25.4,44.05458063570903,46.943825359048496,18.097781769600967,0,0,0,0,151.90108686508907
2336.0,7,36.07142857142857,36.2,30.8,44.05495963120693,46.95092958093612,18.104189716849408,0,0,0,0,158.22910426313305
2337.0,7,36.028571428571425,36.4,32.7,44.0553215438673,46.95803636386216,18.110604799189105,0,0,0,0,160.92300778356253
2338.0,8,35.975,35.95,26.3,39.51881563277996,43.12875209227511,7.760672499453106,0,0,1,1,169.85479629346275
2339.0,8,36.6875,36.65,29.8,39.518457745747185,43.129135848491586,7.755227711625626,0,0,1,1,168.39647741677123
2340.0,8,35.900000000000006,35.7,28.3,39.518093726388024,43.12951306021061,7.749767748662002,0,0,1,1,165.30391365639255
2341.0,8,34.95,34.9,26.2,39.517728108548546,43.129883003424894,7.744305614719516,0,0,1,1,171.1345159556149
2342.0,8,35.537499999999994,34.8,27.8,39.51736743981645,43.130261980500535,7.738850572687316,0,0,1,1,167.8368785537076
2343.0,8,35.575,34.45,27.6,39.516996061232994,43.130632060184425,7.733372624716556,0,0,1,1,165.6089263982336
2344.0,8,34.8875,33.3,26.6,39.51662788911193,43.13099708792727,7.7279111871053665,0,0,1,1,157.50805890314743
2345.0,8,34.575,34.599999999999994,25.6,39.516253326622866,43.131358629285785,7.722430558698681,0,0,1,1,164.57394446137846
2346.0,8,35.474999999999994,36.25,26.7,39.51588265859213,43.13171934321821,7.716963179193483,0,0,1,1,173.82422511920575
2347.0,8,36.462500000000006,36.6,30.2,39.515506158755414,43.13207675584623,7.711484774303684,0,0,1,1,173.9301424428635
2348.0,8,36.9375,37.099999999999994,31.0,39.51513182290718,43.13243921208329,7.706011825340149,0,0,1,1,171.31422445115103
2349.0,8,37.5375,37.4,32.1,39.51475591892377,43.13279694807478,7.700536188342655,0,0,1,1,179.66725658064576
2350.0,8,37.5125,37.55,30.7,39.51438445055957,43.133159761398815,7.69507473514052,0,0,1,1,172.88234816526125
2351.0,8,36.8,36.95,29.2,39.51401116958556,43.13352867824939,7.68960346673384,0,0,1,1,166.59910591502958
2352.0,8,36.1125,36.4,29.5,39.51362389654636,43.133861012435986,7.684124534783991,0,0,1,1,172.97931199364865
2353.0,8,36.974999999999994,37.05,31.2,39.51325365796909,43.13423557102517,7.678665335157241,0,0,1,1,174.07529136478854
2354.0,8,37.225,37.05,31.6,39.51287837738628,43.13459228826676,7.673204839192406,0,0,1,1,174.57309872116446
2355.0,8,37.325,37.05,32.4,39.512498888246725,43.134949782402956,7.667733177311657,0,0,1,1,175.45401274526404
2356.0,8,37.675,37.3,31.8,39.51212038770627,43.1353026311276,7.662268331768788,0,0,1,1,171.26401428005846
2357.0,8,36.7,36.6,30.7,39.51174812527957,43.135665599754816,7.656822391002263,0,0,1,1,179.04213688668045
2358.0,8,37.0,37.05,29.0,39.511367071974696,43.1360260865088,7.651351843842161,0,0,1,1,174.6269648100547
2359.0,8,37.662499999999994,37.75,29.4,39.51098800486372,43.136370444044076,7.645901488567387,0,0,1,1,178.63569238062814
2360.0,8,38.037499999999994,38.45,28.4,39.510612856000066,43.13674097820924,7.6404458649561455,0,0,1,1,173.86170704752897
2361.0,8,37.2375,37.9,26.9,39.51023578752974,43.137102352860424,7.634992705088504,0,0,1,1,180.27465414117643
2362.0,8,36.325,37.75,23.5,39.50986056241342,43.1374659634205,7.629553810492808,0,0,1,1,182.26317131337225
2363.0,8,37.474999999999994,37.85,29.4,39.50948624713611,43.137840985840825,7.62410767096166,0,0,1,1,177.14125454519848
2364.0,8,37.3,38.55,28.0,39.50910438141523,43.13820112978743,7.618657277339403,0,0,1,1,180.04379830726302
2365.0,8,36.9875,39.25,26.5,39.5087346948637,43.1385771376782,7.613235244380095,0,0,1,1,181.5995061273128
2366.0,8,35.574999999999996,37.900000000000006,25.8,39.50836289648956,43.13895578215042,7.607811642486805,0,0,1,1,178.7798277958595
2367.0,7,35.94285714285714,38.5,23.8,42.53725901910371,47.171112415963584,7.6023982176966785,0,0,1,1,196.0828260885581
2368.0,7,37.357142857142854,39.6,26.7,42.535930028877026,47.17818146682968,7.596996861558726,0,0,1,1,196.9755128942886
2369.0,8,36.425,38.0,28.4,39.50726277133633,43.14011085084057,7.591593550420566,0,0,1,1,188.46724453924463
2370.0,8,35.675,36.45,27.8,39.50689301303707,43.140495407426755,7.586185656379733,0,0,1,1,182.84530025898985
2371.0,8,36.900000000000006,36.8,30.6,39.50652737823879,43.140879313611634,7.580800310919171,0,0,1,1,190.56833792992148
2372.0,8,36.675,37.05,28.1,39.50616505504597,43.141278487364886,7.575413724599494,0,0,1,1,187.2615924795435
2373.0,7,37.528571428571425,38.3,32.5,44.068055523576405,47.21346833718125,18.34134750204574,0,0,0,0,180.52143840620977
2374.0,8,34.075,37.7,17.6,39.505443218812175,43.142065563246554,7.564678630281127,1,0,1,1,187.5657673465089
2375.0,7,34.199999999999996,37.7,24.6,44.06876678796895,47.22757137445208,18.354057296401383,0,0,0,0,188.52462226095008
2376.0,8,32.5875,36.2,19.0,39.50472613774023,43.14287903817195,7.553950215769778,1,0,1,1,183.5359274183236
2377.0,8,33.9125,35.5,24.1,39.504370104196724,43.14328112906704,7.54860420070729,0,0,1,1,194.54361930271597
2378.0,8,32.9125,33.85,20.9,39.50401680783078,43.14369469156574,7.543257662789873,0,0,1,1,188.62583046472452
2379.0,7,35.64285714285714,35.6,31.0,44.07019655218489,47.25573359519659,18.37942355047957,0,0,0,0,193.51673187308143
2380.0,7,35.98571428571429,36.1,31.9,44.070551158622145,47.26273314347781,18.38572807920456,0,0,0,0,186.68971328008672
2381.0,7,36.385714285714286,36.5,33.1,44.07091279893712,47.26975012144859,18.39204263658317,0,0,0,0,185.57898776717536
2382.0,7,36.785714285714285,37.3,31.6,44.07127222076685,47.276765928534,18.398355259662583,0,0,0,0,180.16894017104516
2383.0,7,36.957142857142856,37.0,32.9,44.07162825947957,47.283783905539046,18.404670316388387,0,0,0,0,185.71012403147105
2384.0,8,35.125,37.95,16.5,39.501906638892876,43.14618794583205,7.511332426908472,1,0,1,1,196.16139422670204
2385.0,8,37.075,37.75,32.7,39.50155826539332,43.146605817981666,7.506035094036443,0,0,1,1,192.4258275672845
2386.0,8,36.637499999999996,37.25,32.5,39.50121401047853,43.14703040635008,7.500749929173106,0,0,1,1,194.73073091587307
2387.0,8,35.4625,36.65,29.7,39.50086548421797,43.1474517729214,7.495454654502118,0,0,1,1,186.7450846177265
2388.0,8,35.7375,36.5,29.6,39.50051755157458,43.14787188139076,7.490164512075431,0,0,1,1,195.62865203792276
2389.0,8,36.325,37.25,30.8,39.50017073018165,43.148300801171956,7.484871468153512,0,0,1,1,194.3814277496816
2390.0,8,36.762499999999996,37.7,31.9,39.49981585989551,43.148705611747474,7.479579067918172,0,0,1,1,198.84100899598164
2391.0,8,36.5125,37.5,30.1,39.49946595244075,43.14912141829668,7.474291551959522,0,0,1,1,192.24065812212731
2392.0,7,36.58571428571429,36.5,33.1,44.074843546351765,47.34674933330154,18.46130558621974,0,0,0,0,194.0665761918307
2393.0,7,36.22857142857143,36.6,31.5,44.075204488931,47.35374357502462,18.467599422316297,0,0,0,0,182.7182957965126
2394.0,7,37.385714285714286,37.7,33.7,44.075553551095666,47.360749860663326,18.473898908937315,0,0,0,0,201.2560954638899
2395.0,7,37.442857142857136,37.8,33.0,44.07590907520564,47.36774369114658,18.480189593639043,0,0,0,0,187.98670273145248
2396.0,8,33.9625,36.95,15.3,39.497706313824395,43.15123952837111,7.447810145894341,1,0,1,1,206.39606733594215
2397.0,8,34.8125,37.1,23.2,39.4973563274619,43.15166273357647,7.442524641302564,0,0,1,1,192.5086308891789
2398.0,7,36.800000000000004,37.1,32.5,44.07696545817662,47.38873546714503,18.49907238294278,0,0,0,0,205.4721280357687
2399.0,7,36.685714285714276,36.7,33.3,44.077321171185396,47.3957461226523,18.50537628626972,0,0,0,0,192.69660795706457
2400.0,8,36.4,37.55,26.7,39.4962945666816,43.15293668221602,7.426637701681269,0,0,1,1,205.690001938693
2401.0,8,37.224999999999994,37.8,32.3,39.49594115481822,43.15336031315618,7.421347633748649,0,0,1,1,197.0589086348217
2402.0,8,35.2125,36.75,23.5,39.495588094218135,43.15379760001446,7.416051270094485,0,0,1,1,179.11683233471504
2403.0,7,37.042857142857144,37.4,32.1,44.078725998866105,47.42376375401408,18.53057510837497,0,0,0,0,189.27079538430635
2404.0,8,35.9875,37.7,25.2,39.49487122266724,43.15464554676804,7.405449096201973,0,0,1,1,196.5046257426993
2405.0,8,36.95,37.7,30.3,39.49451562960857,43.155079813505054,7.400153305526196,0,0,1,1,198.35821409892105
2406.0,9,34.099999999999994,37.4,18.9,35.417611317508204,38.86624172509381,2.805221980395277,1,0,2,2,229.4904357562521
2407.0,8,36.1625,37.8,22.5,38.92136781275539,43.155950998350775,2.810052181694187,0,0,1,1,222.1884314366904
2408.0,8,36.0,37.7,25.0,38.922277298132755,43.15638102442585,2.814899057206936,0,0,1,1,226.7820611246276
2409.0,8,34.725,37.05,22.8,38.923188257056005,43.156810166301625,2.8197507919109865,0,0,1,1,203.97688645205756
2410.0,8,34.9125,35.650000000000006,28.4,38.92409851240507,43.15724191380194,2.82461053020741,0,0,1,1,234.6838462813187
2411.0,8,34.2875,35.0,27.0,38.92501261304198,43.157684931409165,2.829472573417478,0,0,1,1,220.6983591733737
2412.0,8,35.125,35.9,27.9,38.9259219827837,43.158120442136095,2.8343532646865968,0,0,1,1,205.044422519286
2413.0,8,35.1375,36.0,29.3,38.92683489573638,43.158561942804354,2.839230223155785,0,0,1,1,224.8373813736346
2414.0,8,35.35,34.8,31.1,38.92774995753575,43.15900406781162,2.8441272548336007,0,0,1,1,216.4973350978864
2415.0,8,34.4625,35.45,27.9,38.92865522076052,43.159439259546474,2.849024733452064,0,0,1,1,228.6509305610146
2416.0,8,34.2375,35.75,25.7,38.929565777813494,43.159880219995834,2.8539381482720803,0,0,1,1,225.97238768298172
2417.0,7,35.714285714285715,36.6,25.3,44.08356296681722,47.52231608775001,18.61925901589128,0,0,0,0,193.10959161043203
2418.0,7,35.67142857142857,36.2,27.5,44.08390345231579,47.52939514480404,18.62563935157997,0,0,0,0,195.2015806408548
2419.0,7,35.74285714285714,36.4,31.1,44.08423626322208,47.5365130941395,18.6320542175922,0,0,0,0,189.68090492525496
2420.0,8,34.65,36.599999999999994,23.1,39.48898691034162,43.16161478521174,7.319904796220013,0,0,1,1,216.76391690809336
2421.0,8,35.85,37.150000000000006,27.8,39.48860093631836,43.16204237578966,7.314491502171202,0,0,1,1,198.4191965574265
2422.0,8,34.65,36.6,25.5,39.48821091485047,43.162470799305055,7.309065519241812,0,0,1,1,218.2792171357192
2423.0,8,33.625,35.599999999999994,22.8,39.48782800449706,43.162902069926545,7.303656826291958,0,0,1,1,219.96640233547424
2424.0,7,35.50000000000001,36.4,22.3,42.46217822555821,47.57210679105821,7.298200316252282,0,0,1,1,202.2853183326825
2425.0,7,35.77142857142857,35.4,26.8,44.086212664933576,47.57923417979631,18.67058406501513,0,0,0,0,195.28381580042284
2426.0,7,35.74285714285715,35.2,30.5,44.08653364898432,47.586376624468926,18.677030138215475,0,0,0,0,203.54554774758847
2427.0,7,36.08571428571429,34.6,31.6,44.08684948671495,47.593524634196825,18.683484040717047,0,0,0,0,200.96600132245047
2428.0,7,36.05714285714286,34.7,30.8,44.08717636662853,47.600674832132405,18.689939796964094,0,0,0,0,193.5171665887765
2429.0,7,36.44285714285714,35.5,29.6,44.08749084224165,47.60781147556752,18.69639409061456,0,0,0,0,193.36891078914812
2430.0,7,36.34285714285714,35.4,31.0,44.087809460617045,47.614960029104736,18.702851051263544,0,0,0,0,199.8003897494495
2431.0,7,36.05714285714286,36.6,31.2,44.08813179184189,47.62210013328871,18.70930525730825,0,0,0,0,190.43622027090564
2432.0,7,36.82857142857143,37.0,31.7,44.08843435703424,47.629265024713,18.715780564529325,0,0,0,0,207.82226611797884
2433.0,7,36.48571428571429,36.2,31.4,44.08874740398017,47.63640752859848,18.72224985787529,0,0,0,0,189.7881324518169
2434.0,7,36.357142857142854,36.0,30.9,44.089056311585054,47.64357616614125,18.72873079292175,0,0,0,0,197.2434782471201
2435.0,7,37.74285714285714,37.0,32.1,44.08935609127218,47.65074495584074,18.735221424686973,0,0,0,0,200.431036084701
2436.0,7,38.457142857142856,37.0,35.4,44.08965730652769,47.65791523865608,18.74170710524333,0,0,0,0,197.57814113185668
2437.0,7,37.48571428571428,37.1,32.3,44.08995799698347,47.66507572044064,18.748192587694547,0,0,0,0,198.83984806906804
2438.0,7,36.857142857142854,36.6,32.3,44.090258542760296,47.67224323279276,18.75468499395048,0,0,0,0,192.43541104982043
2439.0,7,37.642857142857146,37.6,33.4,44.090553985029,47.67941372050143,18.761184404072026,0,0,0,0,197.1201905476466
2440.0,7,37.271428571428565,37.2,33.4,44.0908460657609,47.68657644184399,18.76767487964529,0,0,0,0,193.076669813798
2441.0,8,36.125,36.75,24.3,39.480347509685195,43.16992175140727,7.204813722378192,0,0,1,1,192.86215121299304
2442.0,8,37.599999999999994,36.95,33.9,38.95311719511882,43.17027039578176,2.98492081861263,0,0,1,1,211.10740895159563
2443.0,8,37.1625,36.3,34.0,38.95401163967905,43.1706003996745,2.9900985472892607,0,0,1,1,218.4445047859191
2444.0,8,36.25,35.7,30.2,38.95490718256947,43.17092748390725,2.9952797317450464,0,0,1,1,217.1356312762531
2445.0,8,35.575,35.8,25.6,38.95580128757422,43.17125186346247,3.000467433276663,0,0,1,1,213.44535590392204
2446.0,8,36.7375,37.1,29.8,38.956693033114,43.17155899855803,3.005671428011772,0,0,1,1,207.7496402520506
2447.0,9,35.55555555555556,37.2,23.6,35.425801057962744,38.60699441658907,3.010885015494788,0,0,2,2,210.3842465406996
2448.0,9,34.97777777777778,36.5,22.4,35.425976204359614,38.60043447466239,3.016107434892528,0,0,2,2,199.96455740892503
2449.0,9,35.011111111111106,36.1,24.9,35.426147596876916,38.59386407084852,3.021333324791964,0,0,2,2,192.14415785690565
2450.0,9,35.05555555555556,36.4,23.1,35.42631988931617,38.58728597063572,3.026569558006388,0,0,2,2,197.41393394118023
2451.0,9,34.57777777777778,36.3,20.4,35.4264937681359,38.58072313813803,3.031796072043111,0,0,2,2,191.73921379750135
2452.0,8,36.4375,36.35,33.0,38.96203634602408,43.17334898563033,3.037033631670232,0,0,1,1,203.09361602523623
2453.0,9,34.455555555555556,36.0,21.2,35.426836321293486,38.56757374673755,3.042265236602193,0,0,2,2,194.28297030963765
2454.0,9,34.63333333333334,36.6,26.3,35.426999145681194,38.56096344496781,3.0475139103135227,0,0,2,2,201.20261332675145
2455.0,9,33.6,36.3,22.0,35.42716985799372,38.55440136439614,3.052737726271696,0,0,2,2,197.88969657903425
2456.0,8,35.5875,36.849999999999994,29.4,38.96558483650958,43.17452667331879,3.057968851050552,0,0,1,1,197.88289503322207
2457.0,8,34.4875,36.5,22.6,38.96646982909907,43.17482243729121,3.0631938947446464,0,0,1,1,214.2297090930253
2458.0,8,34.375,35.6,19.5,38.967361423554664,43.17513421510425,3.06841779763069,1,0,1,1,223.390432672624
2459.0,9,33.45555555555555,35.6,21.8,35.42785516348649,38.528159520372256,3.073641246175431,0,0,2,2,181.59184979209368
2460.0,9,32.91111111111111,33.3,19.0,35.428024254196586,38.52160876580896,3.078854096701872,1,0,2,2,197.67454832589843
2461.0,9,32.63333333333333,34.1,18.5,35.42819630481024,38.515081118432825,3.0840553875061048,1,0,2,2,188.0763681801136
2462.0,8,33.95,34.45,26.9,38.97090479160637,43.176374494548654,3.0892480124640747,0,0,1,1,182.53158471119647
2463.0,8,33.412499999999994,34.65,21.0,38.97178763943913,43.17669193228643,3.094440793954681,0,0,1,1,190.9379837830709
2464.0,8,34.725,35.15,26.6,38.972670512749175,43.17701644522258,3.099623869874417,0,0,1,1,183.3433668093108
2465.0,8,35.2875,36.25,25.8,38.97355813030047,43.17735538355319,3.104800479582793,0,0,1,1,185.05392894531155
2466.0,8,35.9375,36.35,31.2,38.97444238367694,43.17769532919078,3.109965236483013,0,0,1,1,181.41397480197264
2467.0,8,36.5,37.0,32.8,38.975324825518584,43.17802531648796,3.115141250507208,0,0,1,1,180.79663944399863
2468.0,9,35.41111111111112,37.5,22.4,35.42938786101305,38.46955562330784,3.1203059907121355,0,0,2,2,174.42009479198575
2469.0,9,35.388888888888886,37.4,23.8,35.429559349154005,38.4630976719472,3.1254479727666213,0,0,2,2,177.02701978228612
2470.0,9,35.788888888888884,37.9,26.7,35.429731242820814,38.456638792812456,3.130597702302947,0,0,2,2,173.24155268869185
2471.0,8,36.912499999999994,37.55,29.5,38.97886671127979,43.17945140819498,3.1357429184631544,0,0,1,1,173.26772782316036
2472.0,8,37.0625,37.55,30.3,38.97974662057803,43.17980023405018,3.140889378844182,0,0,1,1,172.00469800548396
2473.0,9,35.888888888888886,37.6,23.8,35.43024759568907,38.43729754275569,3.146016820007594,0,0,2,2,170.21386174624158
2474.0,8,37.25,38.2,30.6,38.981509843618504,43.18052124210319,3.151171400947748,0,0,1,1,171.86287531992562
2475.0,8,37.175,38.05,29.7,38.98239974749619,43.18089915294594,3.156300030865582,0,0,1,1,170.3605694972532
2476.0,8,36.8625,37.8,29.3,38.983282715326204,43.18127724814016,3.1614288470855287,0,0,1,1,173.23988351762748
2477.0,8,35.9625,36.8,27.3,38.984164251853535,43.18163240975774,3.1665578409810524,0,0,1,1,162.22354733417532
2478.0,8,36.325,37.3,28.0,38.98504366963002,43.182000259899596,3.1716905213445425,0,0,1,1,163.99671467216552
2479.0,8,36.9125,37.65,28.0,38.985923146570435,43.182361669564116,3.1768265887834124,0,0,1,1,163.33433319391483
2480.0,8,36.625,37.150000000000006,28.0,38.98679925641223,43.18271723792665,3.181960142444834,0,0,1,1,164.3386222613434
2481.0,9,35.599999999999994,36.9,24.8,35.43159568685049,38.3857360686472,3.187089748411132,0,0,2,2,161.10704535796407
2482.0,9,35.788888888888884,36.7,27.7,35.43176157078773,38.37928151122099,3.192233598395572,0,0,2,2,153.86132380498157
2483.0,9,36.388888888888886,37.5,29.4,35.43192660244363,38.372826712735154,3.197373703147304,0,0,2,2,162.1145571203677
2484.0,9,35.788888888888884,36.9,28.0,35.43208939839291,38.36635433468474,3.202530806040272,0,0,2,2,157.73594055509554
2485.0,9,35.91111111111112,36.2,29.8,35.43225209885797,38.35987208755535,3.2076921707215,0,0,2,2,161.74266586660747
2486.0,9,36.199999999999996,35.8,30.1,35.43241006937336,38.35337236685623,3.212864772937744,0,0,2,2,159.17937113745424
2487.0,9,35.56666666666667,35.7,30.1,35.432566116470184,38.34685137954472,3.2180488970700725,0,0,2,2,161.13794345175094
2488.0,9,36.13333333333334,37.2,29.2,35.43272060925465,38.34032620224612,3.2232347047336103,0,0,2,2,161.72883602932558
2489.0,9,35.97777777777778,37.9,23.8,35.43287814232294,38.33380786877992,3.228422812356704,0,0,2,2,162.7687250487891
2490.0,9,35.94444444444444,37.4,24.0,35.43303250809694,38.3272788598713,3.2336139467347995,0,0,2,2,163.77566088112968
2491.0,9,35.955555555555556,36.9,30.7,35.433184584332494,38.32073806262674,3.238811820316475,0,0,2,2,164.52034114114525
2492.0,9,35.355555555555554,35.0,31.1,35.43333864468613,38.314193594268254,3.244018003134162,0,0,2,2,162.16812793800273
2493.0,9,34.77777777777778,35.2,29.2,35.4334881152362,38.30763221111799,3.2492293786046447,0,0,2,2,159.3479913866917
2494.0,9,35.477777777777774,36.0,27.2,35.43363785782414,38.30106579562161,3.2544439011742203,0,0,2,2,162.00064074698656
2495.0,9,35.8,36.7,26.1,35.433788307522356,38.294497703262174,3.2596610993807023,0,0,2,2,165.53718201836998
2496.0,9,36.08888888888889,36.2,28.0,35.433935479891254,38.28791205543198,3.264887387108029,0,0,2,2,156.88619109375847
2497.0,9,36.72222222222222,36.1,31.7,35.43408020228704,38.28132349960301,3.270106366170715,0,0,2,2,159.89644900599703
2498.0,9,36.922222222222224,38.3,31.2,35.43422463237694,38.27472512562095,3.27533221540649,0,0,2,2,160.39650182320324
2499.0,9,36.55555555555556,37.9,29.1,35.434370317445456,38.26812875617404,3.280564577562028,0,0,2,2,153.9959110649768
2500.0,9,35.7,35.7,28.1,35.43451291844194,38.26153582513234,3.285783327830532,0,0,2,2,159.38978853704938
2501.0,9,35.78888888888889,37.5,26.7,35.43465975368568,38.25494613871837,3.2910127562937546,0,0,2,2,156.14534318818147
2502.0,9,35.099999999999994,35.2,27.0,35.43480296063783,38.24834878849665,3.2962379769778147,0,0,2,2,160.7963517068029
2503.0,9,35.57777777777777,35.8,27.2,35.434946583280464,38.24175134804432,3.3014693590579407,0,0,2,2,159.5994523068305
2504.0,9,35.77777777777778,36.6,26.9,35.435086185350166,38.23514402048872,3.306699931279818,0,0,2,2,162.28317145707226
2505.0,9,35.53333333333334,36.2,27.9,35.43522862263949,38.228552815824,3.311924482591589,0,0,2,2,159.95596995263296
2506.0,9,36.50000000000001,37.6,29.4,35.435370619320835,38.22196811467838,3.3171464562196027,0,0,2,2,156.9972110606469
2507.0,9,36.65555555555556,37.1,28.0,35.435514658953124,38.21538679481536,3.322372073095401,0,0,2,2,158.34836543505898
2508.0,9,36.077777777777776,36.9,27.0,35.43566030736067,38.20881507424527,3.327594398974437,0,0,2,2,151.3810352741054
2509.0,9,35.56666666666666,37.4,25.7,35.435803019831376,38.2022515869761,3.3328091614443927,0,0,2,2,157.79006127141116
2510.0,9,35.099999999999994,35.9,26.8,35.43594133433298,38.19567507712375,3.3380268875817065,0,0,2,2,153.53466514342645
2511.0,9,34.54444444444445,35.0,24.6,35.43608207654218,38.189111572487576,3.343240945747137,0,0,2,2,154.01919718102857
2512.0,9,33.400000000000006,34.1,23.1,35.43622783964643,38.18257970152736,3.3484440317110336,0,0,2,2,164.21498137135703
2513.0,9,33.27777777777778,33.5,22.2,35.43637706754336,38.17605753601696,3.35364446189111,0,0,2,2,148.05080863075415
2514.0,9,32.56666666666667,34.7,18.3,35.4365289132634,38.16956555304209,3.3588265292749315,1,0,2,2,142.61596272786318
2515.0,8,34.724999999999994,34.75,26.9,39.01690615342222,43.19290111635743,3.3640228984283795,0,0,1,1,156.6478632575168
2516.0,8,35.2875,36.65,27.7,39.017763913977674,43.19324049236633,3.369200412326624,0,0,1,1,149.63903215470208
2517.0,9,34.17777777777778,36.5,21.2,35.43696980703573,38.15008588850272,3.3743673356719293,0,0,2,2,156.32786828974233
2518.0,8,36.0,36.900000000000006,31.3,39.0194884988023,43.19397147905826,3.379519334540405,0,0,1,1,145.87553723486684
2519.0,9,35.18888888888889,36.9,25.3,35.4372702397,38.137178206532575,3.3846754010174065,0,0,2,2,137.7178291538935
2520.0,9,34.922222222222224,36.3,25.0,35.43742140818151,38.13074182835076,3.38981703521216,0,0,2,2,146.8561622819469
2521.0,9,35.63333333333334,36.6,25.0,35.43757358162648,38.12432336153272,3.3949474750951696,0,0,2,2,140.9195628743569
2522.0,8,35.4875,37.55,24.8,39.02293808947688,43.195496096390215,3.4000864868649368,0,0,1,1,144.01060318444755
2523.0,9,35.099999999999994,37.3,23.1,35.437876439363386,38.11147009190517,3.405224147517326,0,0,2,2,130.5769067185156
2524.0,8,36.7375,37.05,31.6,39.02466171820005,43.19628086570877,3.410357578578054,0,0,1,1,143.48248832147877
2525.0,8,37.4375,37.599999999999994,31.7,39.02552816436287,43.19669498678162,3.4154881814345592,0,0,1,1,146.65888658407064
2526.0,8,37.4375,37.8,31.6,39.026387968943084,43.19707734541713,3.420631272342083,0,0,1,1,139.57179081403743
2527.0,8,36.724999999999994,36.9,31.5,39.027257036962325,43.19750621965754,3.425757914883156,0,0,1,1,138.0123360014029
2528.0,8,37.1,37.3,31.5,39.02811598813827,43.19790211633385,3.4308997723508807,0,0,1,1,136.4914644177596
2529.0,8,37.125,37.35,31.7,39.02897603543277,43.198296905099554,3.4360524161621195,0,0,1,1,140.14085085604577
2530.0,8,37.425,37.650000000000006,31.9,39.02984117312436,43.19871073584266,3.4411899469172,0,0,1,1,133.0513828000549
2531.0,8,37.1875,37.45,32.0,39.030704674783806,43.1991247761793,3.4463331652204574,0,0,1,1,136.09271056910006
2532.0,8,35.8125,35.900000000000006,30.2,39.03156540913607,43.19953747888614,3.4514758428096703,0,0,1,1,129.9518783053651
2533.0,8,36.8875,37.05,31.8,39.03242620948012,43.19995125227727,3.456616122483922,0,0,1,1,132.58258992055713
2534.0,8,36.375,36.75,27.9,39.03328791266142,43.20035352027807,3.461776363523724,0,0,1,1,125.6339930576024
2535.0,8,36.824999999999996,37.099999999999994,29.5,39.03415372037621,43.20077824456939,3.466912776418774,0,0,1,1,127.24293290883789
2536.0,8,36.4875,37.05,27.0,39.0350111407457,43.20118137449003,3.4720593913932176,0,0,1,1,127.98024294199186
2537.0,7,37.74285714285714,37.5,33.3,44.11567424208789,48.381537699650096,19.26019264910637,0,0,0,0,105.57262250342424
2538.0,7,36.98571428571428,37.4,31.0,44.11591881013805,48.38877695745088,19.25465292337493,0,0,0,0,106.00866007882624
2539.0,7,37.628571428571426,38.1,33.8,44.11616216069405,48.39600595484519,19.24910826026216,0,0,0,0,102.70795768815148
2540.0,7,36.34285714285715,37.5,30.5,44.11640551630075,48.40323252863543,19.243564847185457,0,0,0,0,117.5753575478642
2541.0,8,33.787499999999994,35.65,22.0,39.039279252525404,43.203196965524114,3.497746533182198,0,0,1,1,124.6329723649252
2542.0,7,31.514285714285716,33.3,20.3,35.60860035121652,37.98956548340845,3.5028821600105493,0,0,1,1,148.79511146866912
2543.0,7,35.24285714285714,37.8,23.7,44.11713023230505,48.42489638031131,19.22694756296351,0,0,0,0,112.6338963213074
2544.0,7,34.52857142857143,37.2,24.0,44.1173613844926,48.43209986230303,19.221395713568,0,0,0,0,111.09660245098534
2545.0,7,34.84285714285714,38.6,22.5,44.117595672771735,48.43928975541125,19.21585359193453,0,0,0,0,121.410328176916
2546.0,7,33.58571428571428,35.3,23.9,44.11784039751202,48.44648202965835,19.21035210396733,0,0,0,0,102.30792390633246
2547.0,6,34.6,34.75,29.7,40.96402654735888,43.20556802021005,19.204816045985623,0,0,0,0,107.5274031293656
2548.0,7,32.42857142857143,31.7,20.1,36.05731844583846,37.95108204870972,6.611691903578359,0,0,1,1,101.2682678734828
2549.0,7,35.228571428571435,37.8,24.0,44.118542694238904,48.46801961020039,19.19376023825693,0,0,0,0,113.94157900423558
2550.0,7,35.128571428571426,37.7,23.8,44.11877864763331,48.4751829346711,19.188248152416044,0,0,0,0,120.68032686131144
2551.0,8,34.3125,36.45,20.7,39.42853144791046,43.20711513005327,6.595164475423434,0,0,1,1,119.79412103865356
2552.0,7,35.32857142857143,37.8,25.3,44.11923898023428,48.48952673250788,19.17719032314049,0,0,0,0,115.35184243401515
2553.0,8,33.625,35.3,20.6,39.42755728315865,43.207878573141045,6.584140904581612,0,0,1,1,111.32067017183532
2554.0,8,33.5125,35.25,21.5,39.4270738258359,43.208266170874204,6.578636129473619,0,0,1,1,116.2375154495516
2555.0,8,34.2625,35.8,22.5,39.42659300911299,43.20866379379124,6.573134055850393,0,0,1,1,115.67468320345596
2556.0,8,34.2375,36.150000000000006,22.3,39.42609863614027,43.20902195511945,6.567628541858575,0,0,1,1,108.51057167385471
2557.0,8,34.4625,36.7,23.8,39.425611625054245,43.2094172228643,6.562114369040029,0,0,1,1,123.48527998922556
2558.0,8,35.0375,37.0,24.6,39.425125563979215,43.209797548065126,6.556618015930837,0,0,1,1,115.56587556787898
2559.0,8,35.8625,37.25,27.1,39.424639912270145,43.21018868853676,6.551116387832964,0,0,1,1,116.97617696469962
2560.0,8,35.91250000000001,37.3,28.1,39.42415790822622,43.21058693401085,6.545622453377132,0,0,1,1,116.78938698643204
2561.0,8,36.5875,38.1,29.0,39.42367242487691,43.21097975962999,6.540121524447686,0,0,1,1,124.72968786076548
2562.0,8,36.225,36.8,28.6,39.42318985968866,43.211382612199344,6.534628371633059,0,0,1,1,126.04941245867612
2563.0,8,36.675,37.25,29.4,39.42270625248024,43.211778823380016,6.529140820179901,0,0,1,1,122.7380805229029
2564.0,8,36.3625,37.4,27.8,39.42221868081975,43.21217695935471,6.523637902758863,0,0,1,1,127.85436624510764
2565.0,8,36.0,37.45,25.8,39.42173867811808,43.212582983035034,6.5181554144195,0,0,1,1,119.81417527896691
2566.0,8,35.125,37.75,24.3,39.42126128570929,43.212997968963535,6.512673593950086,0,0,1,1,115.37473087928466
2567.0,8,34.8125,37.05,25.0,39.420770743440244,43.21339213934867,6.507178091116702,0,0,1,1,116.6340109245104
2568.0,8,34.7625,36.7,22.7,39.42029262665156,43.21381236047695,6.501695188036665,0,0,1,1,123.3892887456066
2569.0,7,35.614285714285714,37.4,20.8,36.056826115684764,37.81708231534365,6.496202890657828,0,0,1,1,119.36234097488644
2570.0,8,34.9,37.150000000000006,21.4,39.4193339007779,43.21464870835323,6.490726415862239,0,0,1,1,115.22480727871584
2571.0,7,36.94285714285714,38.0,27.7,44.1236517494084,48.62571265823857,19.07284315016564,0,0,0,0,106.89413651441627
2572.0,7,36.48571428571428,37.6,28.1,44.12388195803395,48.632886221904585,19.067377633822783,0,0,0,0,117.4725712773447
2573.0,7,36.17142857142857,37.0,28.1,44.12411031856108,48.640063353189554,19.06190685977396,0,0,0,0,113.6500492801757
2574.0,7,35.91428571428572,37.2,26.9,44.12433951320424,48.64722852699341,19.056441477436245,0,0,0,0,115.89988933091502
2575.0,8,33.6125,36.5,13.6,39.416908650933735,43.216721313136084,6.463288580458731,1,1,1,1,123.86481852918074
2576.0,7,36.31428571428572,37.0,28.6,44.12479719438141,48.66155869252175,19.045523965971142,0,0,0,0,131.613053321992
2577.0,8,34.3875,36.45,19.4,39.41593391943891,43.21752968396889,6.452332863014783,1,0,1,1,122.98693106355728
2578.0,8,34.287499999999994,35.8,19.0,39.41544976173268,43.217947435280664,6.446851455466421,1,0,1,1,135.3348579894537
2579.0,8,35.275,36.45,22.7,39.41496771710955,43.2183693923334,6.441382312612177,0,0,1,1,127.03068978433232
2580.0,8,34.875,36.25,20.0,39.4144861179131,43.21878289901277,6.4359220212131705,0,0,1,1,127.62861817757366
2581.0,8,36.0,36.45,24.7,39.41399334979356,43.21918694964758,6.430438434685107,0,0,1,1,127.26609101436284
2582.0,8,35.55,36.2,24.6,39.41350244867154,43.219596106132286,6.4249570051394125,0,0,1,1,128.26145493497415
2583.0,8,35.7375,36.15,27.2,39.4130104808894,43.2199901293731,6.419483156357514,0,0,1,1,130.30061331382277
2584.0,8,34.85,35.75,22.3,39.41252600228716,43.22041244803614,6.414014429337641,0,0,1,1,137.0134664940083
2585.0,8,35.4125,36.6,24.3,39.41203363261589,43.22081964925336,6.408534153704102,0,0,1,1,121.56193933989448
2586.0,8,34.4375,36.099999999999994,17.4,39.41154429776979,43.221214132434696,6.403079410182016,1,0,1,1,123.00950824881971
2587.0,7,36.528571428571425,36.5,31.6,44.127258371611155,48.740243807561576,18.985451910572795,0,0,0,0,122.3548561528334
2588.0,7,36.142857142857146,35.9,31.1,44.12748329010288,48.74740108939038,18.980004237013794,0,0,0,0,122.15192208076655
2589.0,7,36.67142857142857,36.6,31.8,44.12770091466501,48.75454103315323,18.97454093712811,0,0,0,0,133.70954615848632
2590.0,8,34.162499999999994,36.75,14.9,39.40958438833787,43.222851606154926,6.381205031594827,1,1,1,1,131.87823968888463
2591.0,8,34.575,36.55,18.1,39.4090875010675,43.22325442684746,6.37572711657516,1,0,1,1,130.32607124767335
2592.0,7,36.25714285714285,36.5,32.0,44.12835961087664,48.77600296566185,18.95817903540086,0,0,0,0,132.72779006109965
2593.0,8,33.9125,35.5,17.2,39.40809949660139,43.22406440524317,6.364788844420215,1,0,1,1,126.17530037787344
2594.0,8,33.8125,35.25,18.1,39.407610650696455,43.224481644393215,6.359325647758955,1,0,1,1,141.94875323100854
2595.0,8,34.175,35.45,18.1,39.40711893509808,43.22489980464708,6.353856857492295,1,0,1,1,189.47449316673823
2596.0,8,34.35,36.1,18.9,39.40662721695563,43.225302080323466,6.3484021779479125,1,0,1,1,133.18084849450509
2597.0,8,34.4875,36.2,20.4,39.40612069287715,43.22569322881182,6.342913233044859,0,0,1,1,114.21825577403828
2598.0,8,34.7875,37.0,21.0,39.405639141830335,43.22613179763453,6.337457199373159,0,0,1,1,136.8273556666238
2599.0,8,34.400000000000006,36.05,21.8,39.40514103032025,43.2265429277478,6.331975443262318,0,0,1,1,131.65497346676435
2600.0,8,34.2625,36.8,18.0,39.40463993319696,43.22695952763935,6.326484871437836,1,0,1,1,137.89645750829925
2601.0,8,34.1875,36.65,17.5,39.404151652350244,43.22739303936256,6.321017959627248,1,0,1,1,147.5196007311708
2602.0,8,34.6875,36.150000000000006,21.0,39.40365297400527,43.22781297625632,6.315529937941154,0,0,1,1,145.4364914836834
2603.0,8,34.375,35.4,22.0,39.40316440704842,43.22824553335892,6.310065253380135,0,0,1,1,153.74881784113964
2604.0,7,35.77142857142857,36.1,27.9,44.13095927344911,48.86195106791463,18.8927349788253,0,0,0,0,137.47587933210005
2605.0,7,35.2,35.2,27.3,44.13117916934264,48.8691304185644,18.88729824376109,0,0,0,0,137.1730648560853
2606.0,7,35.48571428571429,35.4,28.7,44.13139503911217,48.87631413354752,18.8818525861616,0,0,0,0,125.1072895606523
2607.0,7,35.214285714285715,33.8,30.3,44.131612367726284,48.883488423390745,18.876416600547024,0,0,0,0,128.28640174332568
2608.0,8,32.9625,33.7,16.6,39.400682796503084,43.23042233382348,6.282637328208874,1,0,1,1,145.53841548786562
2609.0,8,33.575,35.150000000000006,17.6,39.4001866763025,43.230851355503674,6.277162736554817,1,0,1,1,172.45973254729444
2610.0,8,34.0,35.5,18.6,39.39970029240776,43.23131225111929,6.2716915600661,1,0,1,1,145.62435192320035
2611.0,7,35.58571428571428,35.0,32.8,44.13249023412557,48.91227596542562,18.85470880335463,0,0,0,0,125.66191915753096
2612.0,8,33.4375,34.7,16.8,39.39872076770627,43.23224573281667,6.260731845331361,1,0,1,1,122.66220858300836
2613.0,8,34.4875,34.9,20.3,39.398230701402014,43.23271827477477,6.255249633251041,0,0,1,1,158.57134365893756
2614.0,8,34.375,34.85,20.4,39.39774486892595,43.23318732726402,6.249786190085899,0,0,1,1,131.87306172339603
2615.0,7,36.42857142857143,35.6,33.1,44.13339456524189,48.9410764595508,18.833158419279577,0,0,0,0,126.46381466124411
2616.0,8,33.3625,35.7,15.9,39.3967736451808,43.23414356246923,6.23885521971399,1,0,1,1,145.57954044169514
2617.0,7,34.557142857142864,35.2,26.3,44.133841902241045,48.955457453523614,18.82239852209073,0,0,0,0,125.10026289019272
2618.0,7,35.4,36.6,24.4,44.13406789715788,48.962657492381865,18.81702591306585,0,0,0,0,111.99827065718706
2619.0,7,35.371428571428574,36.0,26.0,44.13429095423805,48.969846168580105,18.81165893522364,0,0,0,0,124.59356081082991
2620.0,7,35.98571428571429,37.0,27.0,44.134516175239845,48.97703617953473,18.806295964480075,0,0,0,0,118.8137324603015
2621.0,7,36.042857142857144,36.3,28.4,44.134742537174574,48.9842123052912,18.800948377836853,0,0,0,0,125.4226137151622
2622.0,7,35.228571428571435,35.7,26.3,44.13496610282607,48.99140275137231,18.79558825589617,0,0,0,0,111.12716120738352
2623.0,7,35.285714285714285,35.8,27.4,44.13518987659161,48.99858201018821,18.79023520358749,0,0,0,0,128.7948034754367
2624.0,7,35.1,35.1,26.7,44.13540966706875,49.005787150434365,18.78486250040984,0,0,0,0,118.33220551131362
2625.0,7,35.51428571428572,36.2,25.9,44.13563570883902,49.01297304005412,18.77951854858846,0,0,0,0,129.09696508519272
2626.0,7,35.02857142857143,36.4,22.6,44.13585354826701,49.02016797442089,18.774145735827062,0,0,0,0,104.71919952554212
2627.0,7,32.85714285714286,36.2,22.3,44.13607847563134,49.0273742539352,18.76879679008651,0,0,0,0,114.8946781391677
2628.0,7,34.04285714285715,34.8,29.6,44.13630103805834,49.03457060523191,18.763440246092767,0,0,0,0,114.79420976177444
2629.0,7,35.84285714285715,35.9,31.6,44.1365208553335,49.04177262833329,18.75806838012788,0,0,0,0,112.58445079080222
2630.0,7,36.75714285714286,35.7,33.4,44.13673753549653,49.04898892440325,18.75268229801661,0,0,0,0,114.30156911746016
2631.0,7,36.457142857142856,35.1,31.7,44.13695552438397,49.05620398515478,18.74730089069973,0,0,0,0,115.70293510129528
2632.0,7,35.57142857142857,37.8,29.6,44.137163861540465,49.06341247421593,18.74188253487945,0,0,0,0,112.70459622910693
2633.0,7,34.9,36.2,29.7,44.13738539225021,49.07064402596316,18.736491600558114,0,0,0,0,105.41342906375218
2634.0,7,35.214285714285715,35.5,30.0,44.13759518577699,49.07786560037437,18.731074254984872,0,0,0,0,102.01404037701268
2635.0,7,34.42857142857142,35.6,23.4,44.137806382559965,49.08509478652554,18.725660654373417,0,0,0,0,99.0331021509372
2636.0,7,35.15714285714286,34.1,30.3,44.13800626582635,49.092325609163,18.72021102531758,0,0,0,0,118.5767625674658
2637.0,7,34.385714285714286,34.8,29.6,44.13822095626632,49.099563491378944,18.714806568258265,0,0,0,0,102.26127861178792
2638.0,7,34.285714285714285,35.7,29.5,44.138420834366215,49.10679255193804,18.70935615207267,0,0,0,0,123.75287723738558
2639.0,7,34.628571428571426,34.4,30.2,44.13863384576684,49.11402701461977,18.70395225321423,0,0,0,0,96.95240253500016
2640.0,7,33.285714285714285,31.2,27.3,44.13883592487155,49.121251015574906,18.698526467432345,0,0,0,0,125.11255113393028
2641.0,7,34.385714285714286,35.1,24.6,44.13905004981122,49.1284871775439,18.69313207065118,0,0,0,0,127.2320034655752
2642.0,7,35.01428571428572,34.9,29.5,44.139265708061316,49.135702024294325,18.68775341257157,0,0,0,0,107.8179977325937
2643.0,7,35.128571428571426,36.3,29.7,44.139481601917744,49.142930690993374,18.682380985819453,0,0,0,0,105.64550910002583
2644.0,7,34.45714285714286,35.7,21.4,44.13969498133986,49.15014990310801,18.67701444331549,0,0,0,0,114.89974551889448
2645.0,7,35.27142857142857,35.5,27.5,44.13991204276106,49.157386608606366,18.6716631188076,0,0,0,0,115.3440847329507
2646.0,7,35.92857142857143,36.4,28.6,44.14013351277799,49.16459645604108,18.6663335568624,0,0,0,0,92.21838170381504
2647.0,7,34.542857142857144,35.0,27.2,44.14033911774693,49.17182293796554,18.660966655417887,0,0,0,0,117.06179751344798
2648.0,7,35.34285714285714,35.5,30.1,44.14056058420566,49.179021086524784,18.655656888622765,0,0,0,0,104.23065316001158
2649.0,7,36.528571428571425,36.4,30.1,44.140780538328556,49.186221650233605,18.65034403438881,0,0,0,0,97.2195897942191
2650.0,7,36.05714285714286,36.1,28.0,44.14099170924254,49.19343759827059,18.645006723509493,0,0,0,0,102.38193647354358
2651.0,8,33.5125,36.1,15.2,39.379470517342696,43.251226276310845,6.04734323195703,1,0,1,1,98.92118442224584
2652.0,8,34.724999999999994,35.55,25.4,39.37897781385672,43.25174017875384,6.041896243129748,0,0,1,1,120.28334368857234
2653.0,8,34.9625,35.85,25.8,39.378488340020844,43.252262527553476,6.0364530207930684,0,0,1,1,114.80120380279529
2654.0,8,35.5625,36.1,29.0,39.37798751171161,43.25276964967946,6.030992216004547,0,0,1,1,110.50248782975332
2655.0,8,35.4625,36.2,28.5,39.37748860516665,43.253259576504064,6.025561305177075,0,0,1,1,121.01576473160978
2656.0,8,35.125,36.05,22.8,39.376991553132996,43.253746429911295,6.020138164111873,0,0,1,1,116.83981122674648
2657.0,8,35.9375,36.5,28.2,39.37648828405281,43.25423307100821,6.014695417160224,0,0,1,1,126.4688003582746
2658.0,8,35.2375,36.3,24.8,39.37599336262825,43.254716368461345,6.009285650043825,0,0,1,1,125.16764481335066
2659.0,8,35.2375,35.5,27.5,39.37548967099727,43.25519108676394,6.003858660360756,0,0,1,1,127.90677998409376
2660.0,8,34.4875,34.7,25.7,39.3749865389886,43.25566936717081,5.998431160302281,0,0,1,1,119.19620154527088
2661.0,8,34.412499999999994,34.85,26.3,39.374486400178874,43.25614269785029,5.99302006437203,0,0,1,1,130.23472229099423
2662.0,8,34.7,35.1,27.5,39.37398435315161,43.25661560607099,5.987607915972727,0,0,1,1,129.8115827613752
2663.0,8,35.075,35.6,26.5,39.373487190368536,43.25709720614444,5.982201242705766,0,0,1,1,121.28894064654082
2664.0,8,34.7,36.05,24.4,39.37297986308742,43.25756097076477,5.976782644659776,0,0,1,1,128.59853957219852
2665.0,8,35.575,35.75,27.9,39.37247710283561,43.258035791395116,5.971367847620172,0,0,1,1,132.43822171777242
2666.0,8,35.075,35.45,27.9,39.37196818596293,43.258502919167974,5.965944501545184,0,0,1,1,125.70593543245116
2667.0,8,34.337500000000006,35.1,25.7,39.371462558201,43.258968509981216,5.96053459026786,0,0,1,1,135.48349911830323
2668.0,8,33.5625,35.2,18.9,39.37095847285228,43.259445602672685,5.955118950815415,1,0,1,1,145.61736186749872
2669.0,8,34.4375,35.150000000000006,22.5,39.37044868946727,43.259914410696794,5.9496961188973,0,0,1,1,132.08542871807575
2670.0,7,36.385714285714286,36.1,28.9,44.145042877297556,49.33672603577092,18.53832858461835,0,0,0,0,119.28558563608352
2671.0,7,36.60000000000001,37.0,30.4,44.14523040339635,49.3438641814052,18.53297518074744,0,0,0,0,127.62982709937306
2672.0,7,34.628571428571426,36.3,23.7,44.14542728990135,49.35101723477276,18.527648062404133,0,0,0,0,142.69204914169237
2673.0,7,35.857142857142854,35.9,30.6,44.14561924250685,49.35815387924478,18.52230950685905,0,0,0,0,129.85660282139773
2674.0,7,35.5,35.9,29.5,44.145809935638944,49.36529088284712,18.51697165416373,0,0,0,0,119.18057433713534
2675.0,7,34.85714285714285,34.8,27.1,44.14600123639978,49.37243269497149,18.51163315754201,0,0,0,0,118.55935776221594
2676.0,7,35.22857142857143,35.3,26.5,44.14619429016471,49.37957479018068,18.506303080764653,0,0,0,0,132.40027023138765
2677.0,7,33.857142857142854,34.1,22.6,44.1463867330317,49.38672570886882,18.500965172219928,0,0,0,0,135.09592992168376
2678.0,7,34.99999999999999,35.5,27.1,44.14657308210629,49.39388327063666,18.495611616394665,0,0,0,0,127.194421916419
2679.0,7,34.642857142857146,35.9,23.6,44.14676070622526,49.40104028931886,18.49026222289187,0,0,0,0,134.69193033865423
2680.0,7,35.04285714285715,36.7,22.9,44.146951342449725,49.40820967223087,18.48491642348824,0,0,0,0,151.32066042009396
2681.0,7,36.34285714285714,38.3,23.6,44.14713720771174,49.41538178121537,18.479559873767386,0,0,0,0,134.6913405466448
2682.0,7,35.25714285714286,35.9,25.4,44.14732553121663,49.42256300803656,18.47420978249645,0,0,0,0,135.88154753054587
2683.0,7,35.82857142857143,36.3,28.5,44.14751388994007,49.42976213693636,18.468853939764205,0,0,0,0,134.18861744607344
2684.0,7,35.94285714285714,36.2,28.3,44.14770134096615,49.4369264617652,18.46350495743132,0,0,0,0,132.28607062290328
2685.0,7,36.44285714285714,37.0,25.6,44.14788894384718,49.44412042684066,18.4581500480021,0,0,0,0,125.6843642408968
2686.0,8,35.075,37.849999999999994,17.7,39.36174404097271,43.26799947589387,5.857444826622707,1,0,1,1,147.50290042845003
2687.0,8,34.887499999999996,36.6,23.3,39.36121963611281,43.2684701932143,5.8519891139356695,0,0,1,1,155.73678912224625
2688.0,8,33.725,34.5,23.5,39.36070867847663,43.268972178427376,5.846552030240892,0,0,1,1,157.3788781095615
2689.0,7,36.07142857142857,38.2,28.8,44.14862761201859,49.47287368726877,18.436711923188764,0,0,0,0,137.81041696051855
2690.0,7,36.300000000000004,37.6,28.0,44.14880837438345,49.48006830517336,18.431344135461103,0,0,0,0,140.9742209588923
2691.0,8,34.925,38.0,15.3,39.35913866984649,43.27041744866345,5.830180448240819,1,0,1,1,141.71578190467764
2692.0,8,33.1,34.1,18.4,39.35861455666948,43.27090965442001,5.824712829710325,1,0,1,1,143.7829432992784
2693.0,8,34.025,35.2,20.7,39.35809379070707,43.271400486836754,5.819260611221362,0,0,1,1,147.06599001999473
2694.0,8,33.975,35.75,17.7,39.35757340929753,43.27189371194901,5.8138058610511685,1,0,1,1,158.7002214089692
2695.0,7,37.01428571428572,37.5,31.7,44.14972209071425,49.51606116624552,18.404552609142296,0,0,0,0,145.58662852476763
2696.0,8,35.125,37.150000000000006,25.5,39.165682539651144,43.27287696436441,4.276136225240952,0,0,1,1,178.7477895242583
2697.0,7,36.94285714285714,38.0,30.8,44.150090957166846,49.53046692725239,18.39385807401074,0,0,0,0,148.72648398476534
2698.0,7,37.199999999999996,38.3,29.7,44.15026708061426,49.5376699349248,18.38848697252935,0,0,0,0,142.42315000093726
2699.0,7,37.41428571428571,38.3,32.0,44.15044886913963,49.54487790529762,18.38313291197356,0,0,0,0,143.38254730153074
2700.0,7,37.10000000000001,38.0,31.6,44.150625223308445,49.55207195167881,18.377769063094583,0,0,0,0,158.15652687114445
2701.0,9,33.96666666666667,36.5,22.1,35.45914732587328,36.99144058739648,4.3010515925674815,0,0,2,2,179.89330030160943
2702.0,8,35.737500000000004,36.85,29.0,39.35337963016923,43.27585176782862,5.770128479241642,0,0,1,1,174.78301850415144
2703.0,8,35.375,35.65,28.4,39.35285576732214,43.276347491812885,5.764675888987205,0,0,1,1,161.80262596896625
2704.0,8,35.0375,35.55,24.6,39.35232159764816,43.276831240765574,5.75920301904111,0,0,1,1,169.91311066507507
2705.0,9,34.42222222222222,34.7,24.7,35.45948427259031,36.966555597786105,4.321001994591884,0,0,2,2,183.7103590632787
2706.0,9,34.62222222222223,36.6,24.3,35.45956698532997,36.96032319745368,4.3260026277145815,0,0,2,2,178.50450863573292
2707.0,10,33.760000000000005,34.650000000000006,23.9,32.134345669564446,28.728478073270512,2.2065830890775544,0,0,3,3,188.7207175656372
2708.0,10,33.85,35.15,24.7,32.13489720511198,28.728614989152806,2.2113809767053056,0,0,3,3,186.31647953909027
2709.0,10,33.89,34.3,21.5,32.135447447192846,28.72874757815379,2.216182228139937,0,0,3,3,189.00738237416576
2710.0,10,34.83,34.5,25.4,32.13600228019043,28.72887975369392,2.220997925408724,0,0,3,3,190.28370539448585
2711.0,10,34.61,34.6,23.1,32.13655265995673,28.72900707119024,2.225808931444276,0,0,3,3,189.9943903422265
2712.0,9,35.2,34.4,29.0,35.07284910577025,36.92286321607825,2.230615784697949,0,0,2,2,191.8742025107144
2713.0,10,33.1,33.7,18.2,32.13766162824205,28.72929056247802,2.235421521117824,1,0,3,3,187.74322751649356
2714.0,10,34.05,33.9,20.8,32.13821503580406,28.729433415531314,2.2402255754320004,0,0,3,3,194.9836943298241
2715.0,10,34.11,35.5,17.4,32.138761869421046,28.729562382267506,2.2450295704432928,1,0,3,3,199.6550578615568
2716.0,9,35.24444444444444,34.8,25.7,35.07773911203657,36.89781584075429,2.249847441051969,0,0,2,2,205.6946724981086
2717.0,8,36.425,35.5,31.7,39.18199772486143,43.28310048107696,4.381230052420577,0,0,1,1,190.90934243047727
2718.0,8,36.53750000000001,36.400000000000006,29.7,39.18277087765284,43.28357149624074,4.386283640884857,0,0,1,1,188.23455545384863
2719.0,9,34.233333333333334,36.6,18.2,35.46059246264456,36.87897954010206,4.391332773332551,1,0,2,2,188.8775215903764
2720.0,9,34.544444444444444,36.2,22.0,35.46067145114314,36.87272178989065,4.3963772910752095,0,0,2,2,192.9091987796741
2721.0,8,36.35,36.8,28.9,39.18509421754189,43.28502567317449,4.401434806171819,0,0,1,1,185.5010942993617
2722.0,8,36.0125,36.0,30.9,39.18586292036749,43.285497605260204,4.406493293754959,0,0,1,1,194.1391676148331
2723.0,9,34.13333333333334,35.5,18.1,35.46089746849282,36.85388635108589,4.4115379840378175,1,0,2,2,182.50580401859384
2724.0,9,35.15555555555555,36.2,23.2,35.46096940693801,36.84760155043621,4.416598237713606,0,0,2,2,187.889990104768
2725.0,9,35.23333333333333,36.8,23.7,35.46103444085288,36.84130331610569,4.421656521506119,0,0,2,2,188.7262703410302
2726.0,9,34.666666666666664,37.0,21.7,35.46111281387056,36.83504546892963,4.426702926208425,0,0,2,2,179.02474781292295
2727.0,8,35.0375,36.95,21.5,39.339868578702685,43.287936337172205,5.632899967483926,0,0,1,1,184.83813901199628
2728.0,8,36.6,37.25,30.0,39.1904942070375,43.28841957924374,4.436812313426183,0,0,1,1,194.15459357117783
2729.0,8,36.25,37.5,27.7,39.19125976820914,43.288889076087,4.4418700176686805,0,0,1,1,197.12470100080915
2730.0,7,37.75714285714286,38.5,32.0,44.155614202835174,49.76882490344578,18.215859608795057,0,0,0,0,169.9281111596548
2731.0,9,34.73333333333333,36.7,23.0,35.46146604205494,36.80363708437524,4.451978257070447,0,0,2,2,187.3626878309901
2732.0,9,33.74444444444444,35.9,22.0,35.461536923696315,36.797373633751846,4.457018840777675,0,0,2,2,204.63945277995327
2733.0,9,33.41111111111111,35.5,18.5,35.46160550346849,36.791097597249625,4.462070939056503,1,0,2,2,192.74892030643016
2734.0,8,34.2375,35.45,22.4,39.33600197033627,43.29130810856883,5.5943538073358265,0,0,1,1,178.0938143240511
2735.0,7,36.785714285714285,36.2,31.6,44.156380321870884,49.80499749382636,18.18877860586401,0,0,0,0,183.2147559752217
2736.0,9,33.71111111111111,34.9,20.2,35.461809795449646,36.77227950420236,4.47720109434001,0,0,2,2,203.49023836897635
2737.0,9,33.53333333333333,34.9,22.3,35.46186839800615,36.76598591989556,4.482248750907899,0,0,2,2,212.0918233950466
2738.0,8,36.2125,36.45,31.1,39.19814176338765,43.29320187957812,4.487291965440835,0,0,1,1,200.0067762231864
2739.0,9,34.43333333333333,36.0,19.6,35.462004715521,36.753444397871874,4.492333297942047,1,0,2,2,193.27513445682612
2740.0,9,33.71111111111111,35.5,19.1,35.462067411181366,36.74715450181958,4.497384831658019,1,0,2,2,188.89013465320951
2741.0,9,34.15555555555556,35.8,20.7,35.46213096463562,36.74087732183894,4.502428783239759,0,0,2,2,204.4682480255032
2742.0,9,34.03333333333333,35.2,19.3,35.46220012378196,36.73461851219862,4.507466840931574,1,0,2,2,212.33632076640157
2743.0,9,34.166666666666664,35.5,22.4,35.4622619764055,36.728345872386924,4.51249671895808,0,0,2,2,213.44639693713023
2744.0,9,32.766666666666666,33.2,19.7,35.46232550159603,36.72207687449896,4.517532139913756,1,0,2,2,198.39788893609847
2745.0,9,33.56666666666667,36.0,20.1,35.462388746299524,36.71579858504794,4.522575971772977,0,0,2,2,204.4767721962963
2746.0,9,34.455555555555556,36.1,21.0,35.46245233721885,36.70952746312434,4.527613273469469,0,0,2,2,206.5756334255088
2747.0,9,34.477777777777774,35.4,23.1,35.4625143273735,36.70325281967375,4.532653270856764,0,0,2,2,216.80578196740976
2748.0,9,34.055555555555564,35.8,23.9,35.46258081407195,36.69698956445292,4.537690541175889,0,0,2,2,222.91785873397853
2749.0,9,35.43333333333334,36.3,26.3,35.46263923226484,36.69072018387018,4.5427174298179285,0,0,2,2,215.3788762313424
2750.0,9,35.077777777777776,36.1,25.9,35.46270017520987,36.68444430596374,4.547753914902129,0,0,2,2,211.85172730975384
2751.0,9,35.166666666666664,36.7,25.8,35.46275877981285,36.67816666774375,4.552796444285518,0,0,2,2,216.29728965215543
2752.0,9,34.81111111111111,36.3,24.4,35.46282581493571,36.6719112018658,4.557827286319694,0,0,2,2,211.22422174715103
2753.0,7,36.45714285714286,36.7,29.3,42.2263620252739,49.934875202372666,4.562862634457262,0,0,1,1,221.9777157871349
2754.0,9,32.15555555555555,35.2,15.4,35.46294997583504,36.65938713412385,4.567898472560364,1,0,2,2,207.94562521218768
2755.0,9,32.92222222222222,33.4,19.8,35.12510549794439,36.65310637696853,2.43799619328517,1,0,2,2,211.9955429331667
2756.0,7,35.457142857142856,35.6,26.4,41.92624044985064,49.95651087253762,2.4428452235035394,0,0,1,1,214.3405193828677
2757.0,8,33.2625,33.8,24.1,38.94558190160758,43.302138643247744,2.447700680672903,0,0,1,1,226.57740011814187
2758.0,9,33.27777777777778,33.4,23.9,35.12873678514197,36.63432187054692,2.4525779374215846,0,0,2,2,221.32954413926825
2759.0,9,33.46666666666667,32.4,25.9,35.12994068286315,36.62809112564018,2.457387036342713,0,0,2,2,214.8304883437668
2760.0,8,32.6625,32.85,25.0,38.947768051410286,43.30358187358889,2.462232548202591,0,0,1,1,213.0155201406461
2761.0,9,32.91111111111111,31.7,24.9,35.132358325064956,36.615587592188376,2.467089320107263,0,0,2,2,207.61834545065025
2762.0,8,32.8875,32.099999999999994,28.5,39.21627159903554,43.30459576863703,4.608129186770814,0,0,1,1,216.49979359348032
2763.0,8,32.6125,31.75,26.8,39.21703078541478,43.30510546662005,4.613141193498801,0,0,1,1,200.48780539287716
2764.0,7,34.042857142857144,33.8,28.6,44.16059176771684,50.01430478240782,18.03214851666128,0,0,0,0,169.07500920316537
2765.0,7,34.18571428571429,32.1,30.5,44.16073718705206,50.0215479299767,18.026776208735527,0,0,0,0,180.54630860447472
2766.0,7,34.81428571428571,35.3,29.3,44.160888047810026,50.02879507290324,18.021423929058344,0,0,0,0,189.57047178606703
2767.0,7,34.371428571428574,33.8,28.0,44.16103879069978,50.03604032486182,18.01607452129189,0,0,0,0,182.14226198861076
2768.0,6,34.5,34.95,27.7,48.51959930384766,50.80629821589048,20.90173814801362,0,0,0,0,198.51239429909924
2769.0,7,33.51428571428571,34.6,25.8,44.161336224033256,50.050543009823656,18.005371354304117,0,0,0,0,186.04669042604365
2770.0,7,32.699999999999996,32.3,24.3,44.161487162277915,50.05779837885152,18.000033197899082,0,0,0,0,191.38681896298243
2771.0,7,34.857142857142854,34.4,29.2,44.16163802172563,50.06505224635752,17.994690616340097,0,0,0,0,180.7096932547422
2772.0,7,34.97142857142857,34.4,30.2,44.16178570999735,50.072310144609176,17.98934340618923,0,0,0,0,191.0430212001529
2773.0,7,35.28571428571429,38.1,28.8,44.16193530839564,50.07959297539534,17.983995873773306,0,0,0,0,178.6810787340626
2774.0,8,33.0875,35.25,13.9,39.313690605364556,43.31089211760943,5.374931418001207,1,1,1,1,204.0807117435757
2775.0,7,35.285714285714285,33.5,30.1,44.16223476317162,50.09412188380891,17.973316331706375,0,0,0,0,187.53444161999312
2776.0,7,34.785714285714285,32.5,30.9,44.16237956076759,50.101392728654346,17.96796228931056,0,0,0,0,181.1359161051667
2777.0,7,34.857142857142854,32.8,31.1,44.16252073029539,50.10863928698324,17.962605707380668,0,0,0,0,186.72406868597812
2778.0,7,36.128571428571426,38.2,31.3,44.16266735653509,50.11591309921969,17.95726235430646,0,0,0,0,182.41601322683724
2779.0,7,35.285714285714285,36.7,30.1,44.162811242804764,50.12317847948341,17.951918204111294,0,0,0,0,179.48783988165238
2780.0,7,35.728571428571435,37.0,30.0,44.16295401461235,50.13044178160452,17.946566936487034,0,0,0,0,190.2763895276852
2781.0,8,31.012500000000003,31.9,14.0,39.309773499543134,43.31462305252573,5.336495247012275,1,1,1,1,199.1872028492594
2782.0,7,35.08571428571428,37.0,29.8,44.163247787319186,50.14495571763956,17.93589594806277,0,0,0,0,174.82372568904057
2783.0,7,34.628571428571426,33.7,28.8,44.16338667810843,50.15220368925915,17.93054370721773,0,0,0,0,169.92117623565176
2784.0,7,34.31428571428572,33.8,28.9,44.16352831826042,50.15945926042728,17.925202485296342,0,0,0,0,180.26004004220135
2785.0,7,34.5,35.0,28.2,44.16366683446239,50.16671843371917,17.91984254235706,0,0,0,0,183.39014427807692
2786.0,7,34.14285714285714,33.5,26.0,44.163810207460855,50.17397982652826,17.91449738402472,0,0,0,0,171.52894846445483
2787.0,7,34.128571428571426,34.7,25.9,44.16394878259712,50.18125665768611,17.90913324665635,0,0,0,0,167.25693593829837
2788.0,7,35.57142857142857,37.7,27.7,44.16408550197794,50.18852627790147,17.90375812449029,0,0,0,0,173.88099377160765
2789.0,7,36.214285714285715,37.9,31.6,44.16421014694644,50.195802193398286,17.89834748130284,0,0,0,0,185.71354423088647
2790.0,7,35.214285714285715,35.9,25.6,44.164351431646026,50.20309097627098,17.892987056586517,0,0,0,0,173.82023904704494
2791.0,7,35.785714285714285,35.6,29.1,44.16449591936006,50.21037964557036,17.88762685087254,0,0,0,0,184.4154286674764
2792.0,7,35.34285714285714,34.6,28.8,44.16462197152472,50.21768104050299,17.882208826560362,0,0,0,0,167.62350452977577
2793.0,7,34.72857142857143,33.2,31.6,44.164751621409756,50.224963085748016,17.87680900418939,0,0,0,0,176.54728802317953
2794.0,7,34.61428571428572,33.5,30.3,44.16488097718502,50.23227362057146,17.871397628215213,0,0,0,0,177.62937303481075
2795.0,8,34.275,33.15,26.3,39.24109128075911,43.32200995286924,4.773626252648914,0,0,1,1,187.53217715252185
2796.0,7,35.142857142857146,34.0,31.3,44.16514675961054,50.24690325540032,17.86061345525546,0,0,0,0,189.905526691298
2797.0,7,33.714285714285715,34.6,26.2,44.165283860473835,50.25421031568175,17.855228604478363,0,0,0,0,183.41498122038024
2798.0,8,33.0375,33.0,24.5,39.24333800780073,43.32360975164971,4.788813982434695,0,0,1,1,202.4202264040105
2799.0,7,35.98571428571428,35.8,31.3,44.165533404905354,50.26881856726727,17.844396385417255,0,0,0,0,170.65266009364566
2800.0,7,35.51428571428571,35.4,28.8,44.16566954713547,50.27613642162317,17.83901369742667,0,0,0,0,165.2361993179684
2801.0,7,36.442857142857136,36.7,29.2,44.16578920623443,50.28345073163869,17.83359018087071,0,0,0,0,159.5455020416312
2802.0,7,34.7,34.4,26.7,44.16592671870789,50.2907702195038,17.82822369490906,0,0,0,0,163.4454621687186
2803.0,7,35.385714285714286,36.3,26.9,44.16604544437145,50.29807248981783,17.82279853617924,0,0,0,0,172.64000171607887
2804.0,7,34.75714285714286,35.4,24.8,44.16616536766522,50.30538687769502,17.81738405777838,0,0,0,0,152.45855592274674
2805.0,7,36.24285714285714,36.6,28.9,44.166296024740134,50.312698924765805,17.812004183235263,0,0,0,0,162.193714245333
2806.0,7,37.01428571428571,36.8,32.8,44.166421780405834,50.31999903768121,17.806603061586866,0,0,0,0,164.3462873147782
2807.0,7,36.285714285714285,35.4,30.7,44.166542684214185,50.32732138776725,17.801197881539935,0,0,0,0,170.539956333749
2808.0,8,34.65,34.55,23.7,39.25076108249695,43.32890448594915,4.8394417970616335,0,0,1,1,194.80698990083735
2809.0,7,35.9,36.4,26.2,44.16679057833376,50.34193131961133,17.79041034069065,0,0,0,0,160.10834968150087
2810.0,8,34.475,34.9,25.3,39.25224221748593,43.32998494480552,4.8495455557151335,0,0,1,1,198.4432461368064
2811.0,8,34.725,34.599999999999994,25.1,39.2529737745461,43.33049986079581,4.854609853845396,0,0,1,1,195.03896557860784
2812.0,7,35.04285714285714,35.4,27.3,44.16715743037695,50.363816292002674,17.77423206160544,0,0,0,0,173.51200622628286
2813.0,8,34.8375,34.65,23.9,39.25445166957023,43.331559658118536,4.864702613615382,0,0,1,1,201.0642403392286
2814.0,7,36.971428571428575,36.2,30.6,44.16738892344273,50.37839809649856,17.76342429307488,0,0,0,0,176.70052530316278
2815.0,8,33.7625,35.400000000000006,23.2,39.25593095115726,43.33258754634221,4.874833994336088,0,0,1,1,188.56403353012604
2816.0,7,34.9,36.0,21.7,44.167624902558636,50.39297096761178,17.75261301653779,0,0,0,0,183.29616500753963
2817.0,8,34.85,36.45,26.9,39.25738942422659,43.33359195008913,4.884994162664429,0,0,1,1,177.49428798952226
2818.0,7,35.95714285714286,38.9,23.7,44.16783407540395,50.40753083064322,17.74171402061136,0,0,0,0,160.6777184942885
2819.0,8,33.962500000000006,36.0,23.2,39.25884278130916,43.33454296045373,4.895206176015498,0,0,1,1,188.3101229014233
2820.0,8,35.512499999999996,38.05,26.4,39.25957461698579,43.3350148639006,4.900332606539744,0,0,1,1,179.3650375531438
2821.0,8,34.975,36.45,24.8,39.26030242491434,43.33548667455934,4.905467000150953,0,0,1,1,185.6265746034649
2822.0,8,33.8375,34.2,21.1,39.261029177641106,43.33594538072158,4.910621221592331,0,0,1,1,208.5264751909722
2823.0,7,35.714285714285715,37.0,29.2,44.16831599022908,50.44391196975201,17.714271891329254,0,0,0,0,168.90334299224946
2824.0,7,33.95714285714286,36.3,24.4,44.16839839474303,50.45115900615001,17.708746823037387,0,0,0,0,175.29604903150891
2825.0,8,32.3,33.3,23.9,39.26319355244846,43.33725133714947,4.9261105136486005,0,0,1,1,181.8251549600476
2826.0,8,31.05,33.25,15.7,39.28344327176276,43.33767995824442,5.087535455808421,1,0,1,1,156.6423748621311
2827.0,8,31.6875,32.95,21.3,39.28281890234604,43.33811185250133,5.081970028282765,0,0,1,1,178.0680508581689
2828.0,8,30.6,32.45,23.4,39.282199036384746,43.33854656590709,5.0764164991609695,0,0,1,1,172.38953731328044
2829.0,8,31.637500000000003,32.849999999999994,23.2,39.281572450441445,43.3389701722444,5.070854828586266,0,0,1,1,163.50294169040723
2830.0,8,31.5375,33.0,22.1,39.280956238063126,43.339418069684996,5.065308782751594,0,0,1,1,181.43070313206064
2831.0,7,34.142857142857146,35.2,27.6,44.168996424473406,50.50199210327627,17.670122910481748,0,0,0,0,158.93544690905588
2832.0,7,34.785714285714285,35.7,30.0,44.16908396996279,50.50926008487096,17.664628431616215,0,0,0,0,158.32688833166878
2833.0,7,34.714285714285715,35.7,26.5,44.16917234260662,50.516538108933055,17.659134599150587,0,0,0,0,156.83812791919922
2834.0,7,35.15714285714286,36.7,24.0,44.16926579699416,50.5238243703175,17.6536706658063,0,0,0,0,162.16364270288102
2835.0,7,35.57142857142857,36.9,31.0,44.169358238968826,50.53110438701601,17.648207465488053,0,0,0,0,155.48636867364414
2836.0,7,33.07142857142857,37.0,21.7,44.16945593953511,50.538376486671005,17.642768128062087,0,0,0,0,168.22634182565162
2837.0,6,35.26666666666666,36.099999999999994,29.2,48.591590086613344,50.90200032507042,21.35670259892455,0,0,0,0,165.36208251939937
2838.0,7,34.1,34.8,20.4,44.169655764022195,50.55294866792018,17.63190853025598,0,0,0,0,137.66857512320965
2839.0,6,36.28333333333334,35.95,29.5,48.59363666696052,50.904736904900446,21.36990775785386,0,0,0,0,149.41203186803017
2840.0,6,35.949999999999996,36.3,30.1,48.594655262651095,50.906097224808974,21.376516090680727,0,0,0,0,158.38226367389308
2841.0,6,35.98333333333333,35.900000000000006,31.7,48.59567421171936,50.90745502681736,21.383117333699712,0,0,0,0,155.9974815760148
2842.0,6,35.98333333333333,37.15,31.1,48.596694683023735,50.90880602866922,21.38972017334901,0,0,0,0,145.22741300087256
2843.0,6,36.68333333333333,38.05,31.3,48.59771572190984,50.910161515774504,21.396326261515075,0,0,0,0,159.10337984342897
2844.0,7,33.08571428571428,35.0,19.3,44.17028728271164,50.59669904365862,17.599576728478276,1,0,0,0,207.1550649366245
2845.0,6,35.333333333333336,34.8,31.2,48.59975358047212,50.91287561775404,21.409549308411645,0,0,0,0,159.98649882707565
2846.0,7,33.15714285714286,33.9,20.2,44.17048830781608,50.61131866749907,17.588777826607433,0,0,0,0,145.21363752636262
2847.0,6,35.56666666666667,35.95,30.0,48.60179063524067,50.91558535481336,21.422775085331747,0,0,0,0,145.52011084125022
2848.0,7,35.1,33.2,31.6,44.170696872029545,50.62592829029825,17.578015009439817,0,0,0,0,146.68057865141904
2849.0,7,35.699999999999996,33.6,31.8,44.17080732429095,50.63324023308517,17.572659452481663,0,0,0,0,156.66928609646104
2850.0,7,33.82857142857143,33.7,22.9,44.170896591333,50.64053120465169,17.56723940709617,0,0,0,0,154.46961495176657
2851.0,7,35.628571428571426,33.6,31.3,44.171013302543315,50.647831589345415,17.56190346505566,0,0,0,0,144.87172270281638
2852.0,8,33.1625,32.95,24.9,39.01320223623781,43.350696828924136,2.907850844534729,0,0,1,1,179.79377065298493
2853.0,7,34.07142857142857,34.3,24.0,44.1712119898969,50.66242585112948,17.551142576040977,0,0,0,0,141.7830126072292
2854.0,7,34.4,33.7,27.3,44.17130940161428,50.669723910042144,17.545750313906495,0,0,0,0,151.4798040781177
2855.0,7,34.800000000000004,33.0,29.3,44.17142114375101,50.67703651496802,17.540406547439986,0,0,0,0,149.3889458852825
2856.0,7,34.114285714285714,33.5,26.3,44.171518384419436,50.68433575306808,17.53502156506897,0,0,0,0,150.0976682383124
2857.0,7,34.214285714285715,33.9,24.9,44.171612164046714,50.69162842451611,17.52963102194612,0,0,0,0,154.86298843604078
2858.0,7,34.37142857142857,33.8,25.4,44.17170921901167,50.6989374933158,17.524246573651066,0,0,0,0,159.8046127595241
2859.0,7,35.07142857142857,35.3,24.9,44.17181000129881,50.70623612222234,17.518876510963445,0,0,0,0,138.4715496924763
2860.0,7,34.25714285714285,34.0,22.6,44.171899692287866,50.71352429279532,17.513475474403673,0,0,0,0,136.79723434324518
2861.0,8,33.400000000000006,33.9,25.5,39.01945283428626,43.35555988407367,2.951561614238187,0,0,1,1,172.84620416502324
2862.0,7,34.17142857142857,33.3,26.3,44.172101873350144,50.72811981822954,17.502750449874096,0,0,0,0,166.18076503497574
2863.0,6,35.61666666666667,34.95,33.1,48.61799836570009,50.93704267414123,21.52847191597805,0,0,0,0,160.90879886062595
2864.0,6,34.03333333333334,32.9,31.3,48.61900674508959,50.93834985482388,21.535053753186244,0,0,0,0,157.17688475594105
2865.0,6,34.4,34.25,31.7,48.620013571951034,50.93966087046931,21.541641572014985,0,0,0,0,135.36827157569104
2866.0,7,33.128571428571426,31.9,25.5,44.17249971192915,50.757240591108165,17.481363297486,0,0,0,0,159.5892930839756
2867.0,7,30.971428571428568,31.5,19.8,42.10184833144954,50.76451663226598,2.980789386562148,1,0,1,1,182.5902456638012
2868.0,7,32.94285714285714,33.0,25.9,42.103400452855894,50.77178200073353,2.9856559966497493,0,0,1,1,188.5785398099821
2869.0,7,33.82857142857143,34.5,27.8,42.104961089101394,50.77905225677021,2.9905241405636382,0,0,1,1,173.1330766033624
2870.0,7,33.8,34.5,21.6,44.17291267282923,50.78632993902582,17.460142837475697,0,0,0,0,160.01428361803195
2871.0,6,35.983333333333334,37.05,28.5,48.62604444994219,50.947332891207544,21.581059372556457,0,0,0,0,149.75101943264207
2872.0,7,35.78571428571429,35.7,28.8,44.17312858829091,50.800864383813256,17.44958556285475,0,0,0,0,150.0165004599344
2873.0,7,34.54285714285714,33.7,28.5,44.173230489079195,50.8081384329786,17.444293027470312,0,0,0,0,158.13690836453762
2874.0,7,34.32857142857143,32.4,30.2,44.17333434961274,50.81540498761246,17.43901330520376,0,0,0,0,151.5651044021192
2875.0,7,35.44285714285714,34.4,30.9,44.173435231255425,50.822674807666765,17.433722897964827,0,0,0,0,156.72910227260135
2876.0,7,35.44285714285714,33.5,30.6,44.17353999262053,50.82994186090525,17.428444460021517,0,0,0,0,155.73364576455307
2877.0,7,34.91428571428571,33.8,27.6,44.17363958735044,50.83720631457332,17.42315682761696,0,0,0,0,170.53714227776706
2878.0,9,32.388888888888886,33.8,18.4,35.22791342214109,35.885693590956194,3.0342966730164784,1,0,2,2,180.63253066370396
2879.0,8,34.5125,36.05,20.5,39.251523264476596,43.36565502334729,4.795262219271665,0,0,1,1,185.0945571343091
2880.0,9,31.022222222222222,31.9,19.6,35.227933434335256,35.87343562534785,3.044033496772468,1,0,2,2,186.5081833184818
2881.0,9,30.82222222222222,33.2,19.5,35.22794940629764,35.86732561832711,3.048901593957293,2,0,2,2,179.39112556376574
2882.0,8,31.45,31.15,22.7,39.034098675594414,43.367368241617044,3.0537742856775805,0,0,1,1,193.59621295215877
2883.0,9,30.566666666666663,30.9,17.2,35.22791485440362,35.8550170514509,3.058511553731573,1,0,2,2,182.2924161620498
2884.0,8,32.4125,33.25,21.2,39.0354772409068,43.368492057639166,3.0635095847899123,0,0,1,1,184.727618815502
2885.0,7,33.84285714285715,34.7,26.9,44.17442174407203,50.89533128934748,17.380833251533,0,0,0,0,163.58181650816437
2886.0,7,32.72857142857143,34.7,25.8,44.17451872455392,50.9026214492537,17.375530797078042,0,0,0,0,172.2523069120434
2887.0,7,34.08571428571429,33.8,27.3,44.17460490241347,50.909893248085965,17.370201337994164,0,0,0,0,158.65539747907232
2888.0,7,33.92857142857143,34.1,27.8,44.17470759781126,50.91718540641363,17.364904379558034,0,0,0,0,163.6414400003347
2889.0,7,34.48571428571429,35.1,28.5,44.17478859986482,50.924458374398846,17.35955139050834,0,0,0,0,184.4460364939249
2890.0,7,34.84285714285714,36.0,26.7,44.174876832216796,50.93175378579697,17.35421784663302,0,0,0,0,155.16607706209024
2891.0,7,34.457142857142856,32.9,25.5,44.17496882315264,50.939050120059,17.348894558512228,0,0,0,0,168.43233531280097
2892.0,7,33.78571428571429,32.7,27.7,44.175048134245756,50.94633131853183,17.34353298646491,0,0,0,0,167.82391234540026
2893.0,7,35.728571428571435,34.4,31.6,44.17513628931868,50.95362334273239,17.338199395970985,0,0,0,0,164.95257406396203
2894.0,7,34.785714285714285,32.7,30.9,44.17522195317828,50.96091358709076,17.332866406960573,0,0,0,0,165.6300876514901
2895.0,6,33.74999999999999,32.05,31.2,48.64993609196392,50.97782254491628,21.73882869098085,0,0,0,0,151.1553086141981
2896.0,7,33.98571428571429,32.8,27.8,44.17538671261745,50.97550747645262,17.322172205767536,0,0,0,0,171.57192468576247
2897.0,7,35.42857142857142,35.0,31.2,44.17547475134351,50.9780170744028,17.316846885598927,0,0,0,0,164.99780325696582
2898.0,7,35.91428571428572,35.9,31.4,44.17555593416496,50.97332005700299,17.311498171429495,0,0,0,0,172.1283814695157
2899.0,7,36.528571428571425,35.0,32.4,44.17563164190346,50.96860973152732,17.306140431664744,0,0,0,0,177.58968913226386
2900.0,7,35.94285714285714,33.7,29.8,44.175719529661855,50.96389114925457,17.30081594161424,0,0,0,0,168.12790887174336
2901.0,7,36.028571428571425,34.1,32.1,44.175805310564066,50.95916847197504,17.295487728058998,0,0,0,0,163.1512551758937
2902.0,7,34.68571428571429,35.7,23.5,44.175887014479216,50.954458006819976,17.290147889876593,0,0,0,0,165.80211384207885
2903.0,7,35.228571428571435,36.7,29.9,44.175959183306745,50.94974727646061,17.28478087646731,0,0,0,0,170.15926488660924
2904.0,7,33.971428571428575,35.1,26.4,44.176045322798416,50.94502319947756,17.279456542042446,0,0,0,0,194.93367227282184
2905.0,8,33.425,32.55,26.0,39.049861975746836,43.32973703061667,3.166058007382873,0,0,1,1,187.73338123388828
2906.0,8,34.6,32.849999999999994,28.2,39.050536675025526,43.32428469494404,3.170951405533737,0,0,1,1,190.96003361112056
2907.0,7,36.142857142857146,34.0,30.2,44.17626892119328,50.93095255123748,17.263350027567924,0,0,0,0,165.15071031795446
2908.0,7,36.62857142857143,36.1,30.7,44.176355290497106,50.92623089350168,17.258018310942905,0,0,0,0,169.4879150671042
2909.0,7,36.42857142857142,37.0,29.9,44.17642009712862,50.921558017315846,17.252621324029892,0,0,0,0,170.1950947410442
2910.0,7,35.62857142857143,36.7,24.2,44.17649577700909,50.916865294653725,17.247256248765634,0,0,0,0,157.99577096247728
2911.0,7,36.199999999999996,35.8,29.4,44.17655765807069,50.9122117317152,17.24184768511554,0,0,0,0,174.20516047191143
2912.0,7,35.128571428571426,34.8,26.1,44.17663878243137,50.90749517120488,17.236506101756113,0,0,0,0,182.98463910853528
2913.0,6,35.949999999999996,34.599999999999994,29.8,48.66763151997751,51.00127237614785,21.85783927660108,0,0,0,0,184.03274171518083
2914.0,7,35.32857142857143,35.5,26.1,44.1767652797371,50.898192458647046,17.22568867658692,0,0,0,0,165.90437080747446
2915.0,7,36.92857142857143,36.7,31.3,44.176827347275925,50.89353759535939,17.22027981650541,0,0,0,0,178.87970452228376
2916.0,7,36.785714285714285,36.2,32.0,44.176888285933956,50.88888935194751,17.214869656737555,0,0,0,0,173.92184601953878
2917.0,7,35.5,35.8,27.7,44.17694935461591,50.88425003494113,17.209450447357078,0,0,0,0,164.42357162116102
2918.0,7,35.3,35.8,27.9,44.17700731946898,50.879619771991415,17.204023340061713,0,0,0,0,173.78513175869108
2919.0,8,34.412499999999994,35.05,26.3,39.32986698249357,43.25339736060144,5.399472993078014,0,0,1,1,185.31894500796017
2920.0,7,35.785714285714285,36.3,28.2,44.177116933175235,50.87034738112672,17.193159131260366,0,0,0,0,182.61950303186825
2921.0,7,36.371428571428574,36.7,30.8,44.17717846334794,50.86569820780171,17.187749600033186,0,0,0,0,164.54351747548736
2922.0,7,35.62857142857143,36.5,27.8,44.1772368799501,50.86105455178014,17.182330420576303,0,0,0,0,161.47662492360098
2923.0,7,35.371428571428574,36.5,27.7,44.17729283115091,50.85641741519942,17.17690303660345,0,0,0,0,167.2083469784313
2924.0,7,35.871428571428574,36.0,30.9,44.177351227803975,50.851755202817216,17.171492118995214,0,0,0,0,169.20725131363895
2925.0,9,34.011111111111106,35.1,23.4,35.46816316967883,35.59418993928856,4.541589973624794,0,0,2,2,182.94805680512457
2926.0,9,33.24444444444444,32.8,27.1,35.46816289124084,35.587957274139974,4.53604624519024,0,0,2,2,182.9249701443818
2927.0,6,35.449999999999996,34.45,29.2,48.68123646987701,51.0199390279041,21.950723346097035,0,0,0,0,174.6215323908038
2928.0,7,34.84285714285714,34.5,28.0,44.17758764729119,50.83306767211624,17.14988147063887,0,0,0,0,169.86878947523738
2929.0,7,36.214285714285715,36.4,30.5,44.177656299086856,50.82834963323821,17.14451681267145,0,0,0,0,158.52882574855943
2930.0,7,36.67142857142857,36.9,32.9,44.17772176268663,50.82362778275755,17.13914883021868,0,0,0,0,172.91609849845528
2931.0,8,34.8625,35.400000000000006,26.2,39.33811799859467,43.18788225204261,5.460437098369825,0,0,1,1,188.73881587310467
2932.0,8,35.875,35.45,31.8,39.338806045418295,43.18241909067474,5.465495835597872,0,0,1,1,185.13648407160136
2933.0,8,34.1125,35.05,23.7,39.339495719417286,43.17695587176948,5.470549521300931,0,0,1,1,190.7502802666956
2934.0,7,36.05714285714286,35.6,30.8,44.17797996370143,50.804756202240426,17.117670365811566,0,0,0,0,165.8226862957703
2935.0,7,36.01428571428572,36.3,30.8,44.178042879682216,50.80004088383218,17.112294452904536,0,0,0,0,154.1924003558598
2936.0,7,36.34285714285715,37.0,32.4,44.1781088671637,50.7953092361971,17.10693077853118,0,0,0,0,166.95710054295762
2937.0,7,34.75714285714286,34.4,28.9,44.17817403501845,50.7905797758064,17.101563812786296,0,0,0,0,161.85888056565204
2938.0,7,33.3,32.6,27.1,44.178258955625715,50.78581780062696,17.09625514430109,0,0,0,0,155.5102996523916
2939.0,7,35.214285714285715,34.5,30.0,44.178304117225025,50.78113376787511,17.090826588371613,0,0,0,0,154.07704620543464
2940.0,7,34.3,34.5,27.5,44.17836923078571,50.77640254835836,17.08546024899634,0,0,0,0,152.46217749900018
2941.0,7,34.957142857142856,35.3,29.0,44.17842813196832,50.77167718424485,17.08007861718961,0,0,0,0,179.56341540185448
2942.0,7,36.01428571428572,35.9,31.4,44.17850437651429,50.766930254971456,17.074742803805385,0,0,0,0,159.2062710568206
2943.0,8,34.375,35.099999999999994,28.6,39.34639356726835,43.12230484908795,5.521194799648487,0,0,1,1,164.45968056282564
2944.0,8,34.5625,35.0,28.0,39.3470811141727,43.116834414296406,5.526261303803167,0,0,1,1,170.07431273362772
2945.0,7,36.42857142857143,36.4,31.3,44.17867993004309,50.7527512812326,17.05859101847033,0,0,0,0,153.9556025258459
2946.0,7,35.142857142857146,35.3,30.9,44.17875804294575,50.747980603732174,17.05326568330067,0,0,0,0,155.3830746365698
2947.0,7,36.614285714285714,36.7,31.4,44.178817332953244,50.74326376260929,17.047881935526277,0,0,0,0,145.21145180540603
2948.0,7,36.385714285714286,36.0,31.5,44.17887870257891,50.73852125713739,17.04251102817103,0,0,0,0,149.12989566548612
2949.0,8,34.837500000000006,35.3,26.4,39.350524706360886,43.08949000162323,5.551615463878242,0,0,1,1,162.02568652500713
2950.0,8,34.574999999999996,34.7,27.5,39.35121370003147,43.0840198955827,5.556676351853364,0,0,1,1,156.57008083134315
2951.0,7,35.44285714285714,35.2,31.4,44.179069291798406,50.72426454103202,17.026441772043214,0,0,0,0,150.30045826642174
2952.0,7,36.58571428571429,36.6,31.1,44.17912342707926,50.71953645124236,17.02106022647977,0,0,0,0,143.92796424172295
2953.0,7,35.94285714285714,36.2,31.5,44.17918186723343,50.714778215168415,17.015699523165527,0,0,0,0,141.97223276108664
2954.0,7,34.1,34.2,25.4,44.17923798206244,50.71003175008836,17.01033310701699,0,0,0,0,142.27331667249047
2955.0,7,35.51428571428572,35.0,31.7,44.17929735209816,50.70526944710199,17.004978645580643,0,0,0,0,133.12968687979472
2956.0,7,34.65714285714286,34.1,29.9,44.179348879596205,50.7005262004149,16.9995983760149,0,0,0,0,146.56841519197573
2957.0,7,35.871428571428574,36.6,28.6,44.17940430143785,50.69577844597615,16.99423392885152,0,0,0,0,117.08736747039816
2958.0,7,36.9,36.9,32.5,44.17945783915258,50.69102022438575,16.988868177750444,0,0,0,0,142.9034937932143
2959.0,7,36.48571428571428,36.2,33.3,44.179517793231604,50.68628186126436,16.98351326293104,0,0,0,0,123.60632045822214
2960.0,7,36.5,35.6,31.7,44.17956003035963,50.68152674473668,16.978127915625738,0,0,0,0,128.85839583535116
2961.0,8,35.975,36.2,25.7,39.087140565316716,43.02378657113573,3.439804572466361,0,0,1,1,152.98522075971115
2962.0,8,35.3875,36.55,23.2,39.08778614123622,43.01829533914449,3.444684457579248,0,0,1,1,158.61504572704035
2963.0,7,37.25714285714285,36.8,30.2,44.17970943945637,50.66722095400008,16.962049362864143,0,0,0,0,129.5360639651939
2964.0,7,36.857142857142854,37.0,29.3,44.179756092695165,50.6624709022459,16.956679911235586,0,0,0,0,130.50760740781251
2965.0,8,33.925,35.65,20.3,39.19723852561252,43.00184980934972,4.319266704884402,0,0,1,1,149.90108747012837
2966.0,6,36.15,35.45,29.2,48.718837634672184,51.07113304744315,22.210809531627586,0,0,0,0,143.22840282074787
2967.0,7,35.48571428571428,36.2,26.0,42.56590458865333,50.6481906988889,5.642692423629968,0,0,1,1,168.42586485909328
2968.0,8,34.1125,35.2,24.8,39.363409426213074,42.98539632678312,5.647755133819352,0,0,1,1,152.7737135400145
2969.0,7,36.285714285714285,36.0,31.4,44.179972686161214,50.63869198793819,16.929815811846414,0,0,0,0,137.52344898054633
2970.0,7,35.72857142857143,34.5,29.5,44.18000632646109,50.63395169191731,16.924420770722566,0,0,0,0,143.32577714620697
2971.0,7,35.65714285714286,35.4,29.0,44.18004234259985,50.62920921219586,16.919032232161584,0,0,0,0,129.87864613112578
2972.0,7,35.471428571428575,36.0,27.6,44.18008207178423,50.624457490841415,16.91365042077095,0,0,0,0,137.58801327875295
2973.0,7,34.51428571428571,34.2,26.7,44.180123481750925,50.619696327328654,16.908283330779394,0,0,0,0,135.14479715919407
2974.0,7,34.62857142857143,34.0,29.9,44.18016021939782,50.61492292662104,16.90291088513519,0,0,0,0,142.14155624133488
2975.0,7,35.699999999999996,34.6,32.3,44.18020150454044,50.610166070505336,16.8975423466167,0,0,0,0,140.40833655037466
2976.0,7,35.07142857142857,33.8,30.6,44.18023004367372,50.60540633749668,16.892149336869423,0,0,0,0,137.50820313893792
2977.0,8,34.2,34.35,25.6,39.18933836353946,42.93599732810938,4.252828486988578,0,0,1,1,150.2848332247844
2978.0,7,34.67142857142857,34.0,25.7,44.18030325512842,50.59589530770209,16.881390667501346,0,0,0,0,129.58082077436612
2979.0,6,35.58333333333333,35.1,29.5,48.731062859733335,51.087844426536286,22.29710919272475,0,0,0,0,147.78434001143643
2980.0,7,35.542857142857144,35.1,27.4,44.180366768127136,50.58638842582702,16.87061670702073,0,0,0,0,134.385471805617
2981.0,7,35.4,36.0,24.9,44.18039994885161,50.58163538864119,16.86522964135012,0,0,0,0,138.15333273105722
2982.0,6,36.1,35.25,31.4,48.733865127648386,51.091690345648075,22.317018884921435,0,0,0,0,140.6019313196597
2983.0,6,35.666666666666664,34.2,32.5,48.734799976271454,51.092961342107984,22.32364854674933,0,0,0,0,124.71446959228912
2984.0,6,36.800000000000004,36.35,33.8,48.73573257106889,51.094250262646554,22.33029020173101,0,0,0,0,125.66171536253542
2985.0,7,36.77142857142858,36.0,33.7,44.180524609258654,50.56259569376478,16.843691039430073,0,0,0,0,133.50907505822224
2986.0,7,36.114285714285714,36.1,31.1,44.18055551943171,50.55782898347287,16.83831081931977,0,0,0,0,137.90031742654938
2987.0,6,37.28333333333334,37.8,33.5,48.738534794703156,51.09808876831008,22.35021944171444,0,0,0,0,137.10071569221188
2988.0,7,35.99999999999999,35.6,30.5,44.180624641863794,50.54826774054259,16.827576973352446,0,0,0,0,119.9871981189358
2989.0,8,35.725,35.4,26.5,39.377350255047475,42.870080853243024,5.75417275724372,0,0,1,1,169.56817100761148
2990.0,7,37.114285714285714,36.6,32.4,44.18068392334628,50.538727810921,16.816817099709738,0,0,0,0,123.34001183698368
2991.0,7,36.62857142857143,35.8,33.3,44.18071849400995,50.53394511661933,16.81145683825144,0,0,0,0,116.62113969178468
2992.0,7,34.01428571428572,33.5,25.0,44.180743043405265,50.529165733423085,16.806077123320467,0,0,0,0,120.10688138302292
2993.0,7,34.128571428571426,33.6,27.5,44.18077321475998,50.52435450195281,16.800723041869784,0,0,0,0,126.83516156896312
2994.0,7,34.042857142857144,35.6,26.1,44.18081166173936,50.51955139289161,16.795385564471392,0,0,0,0,104.18491690025851
2995.0,6,34.699999999999996,35.25,30.2,48.745977949821814,51.108191373077716,22.403279098122933,0,0,0,0,128.70721587724802
2996.0,7,31.642857142857142,31.4,22.5,44.180882059631564,50.50988146878686,16.7847230816462,0,0,0,0,128.13294876382696
2997.0,7,30.74285714285714,30.2,24.5,44.18092078895557,50.50502929707772,16.77940607474901,0,0,0,0,117.7358115063924
2998.0,7,30.82857142857143,29.8,25.1,44.18096406965362,50.50016410472176,16.77410866430627,0,0,0,0,109.97788837292433
2999.0,6,31.833333333333332,32.95,23.6,48.74970477888809,51.11313363446649,22.42978775252993,0,0,0,0,116.2438705009451
3000.0,7,29.971428571428568,32.8,20.8,44.181039727438325,50.490430194314186,16.76349289166465,0,0,0,0,128.2127111855564
3001.0,7,31.014285714285712,34.5,19.4,44.18109190511323,50.485529313670455,16.758230427052528,1,0,0,0,130.2930839445591
3002.0,7,32.042857142857144,33.5,25.0,44.18112794910322,50.48060947940345,16.752942291563045,0,0,0,0,121.55951570839522
3003.0,7,32.31428571428572,32.8,20.1,44.18117355630706,50.475695376329874,16.747682478686265,0,0,0,0,101.67424662722205
3004.0,7,28.914285714285715,32.1,18.6,44.18122766367254,50.47073198315479,16.742462791046982,1,0,0,0,144.93541072728524
3005.0,7,29.842857142857138,30.7,23.0,44.18127045656678,50.46581918035713,16.737192572614397,0,0,0,0,128.13199503771676
3006.0,7,33.58571428571428,35.3,21.4,44.181333255453794,50.46085239727784,16.732000386803215,0,0,0,0,114.86756390210884
3007.0,7,34.34285714285714,36.2,18.3,44.181390647163326,50.455866659388825,16.726799670661663,1,0,0,0,157.66085538830964
3008.0,6,33.333333333333336,35.05,21.3,48.75808633308905,51.12382343017718,22.489245046851007,0,0,0,0,102.08730868060734
3009.0,7,31.714285714285715,34.1,22.7,44.18149012212767,50.44588125260461,16.716385310454484,0,0,0,0,130.67199153092025
3010.0,7,34.9,36.7,26.8,44.18154845377605,50.4408993199433,16.711200236425384,0,0,0,0,118.87316527977488
3011.0,7,34.885714285714286,37.2,27.2,44.18158855155645,50.435891838043375,16.70597975697768,0,0,0,0,105.30965723698904
3012.0,7,34.12857142857143,36.2,24.3,44.1816303108987,50.43086127603781,16.70077876152508,0,0,0,0,117.73286225900468
3013.0,7,33.357142857142854,35.1,24.2,44.18169588010486,50.42581484072056,16.6956517502111,0,0,0,0,121.53144087200452
3014.0,7,35.042857142857144,35.6,28.5,44.18173975752638,50.42075248234856,16.690469808576776,0,0,0,0,105.35101250191084
3015.0,7,34.41428571428572,34.4,26.8,44.18179878360187,50.41569661448613,16.685330792403278,0,0,0,0,103.25524988119132
3016.0,7,33.699999999999996,34.1,27.7,44.1818508695071,50.4106235178414,16.68018527678928,0,0,0,0,109.8969941282538
3017.0,7,33.785714285714285,33.5,27.8,44.181913423452485,50.40555476391256,16.675059789859812,0,0,0,0,101.94590546193628
3018.0,7,33.75714285714286,34.5,26.6,44.18196284184183,50.40047967642017,16.66991368739807,0,0,0,0,101.33969341121583
3019.0,7,33.82857142857143,35.2,25.5,44.182029637332796,50.3953651459727,16.664825634297415,0,0,0,0,98.0775430079496
3020.0,7,33.357142857142854,32.6,27.0,44.18207927559284,50.39027812421014,16.65968999086341,0,0,0,0,110.8297825904071
3021.0,7,34.07142857142857,34.0,27.5,44.1821419078093,50.38515904795898,16.65459633049612,0,0,0,0,109.82836164916448
3022.0,7,34.214285714285715,36.9,25.7,44.182206609876935,50.38002584139038,16.649514384383533,0,0,0,0,108.81421666668112
3023.0,7,33.857142857142854,37.0,25.2,44.182255192003744,50.37491553613346,16.644390706300012,0,0,0,0,91.8395829116414
3024.0,7,33.028571428571425,36.7,19.6,44.18231644752799,50.36979093815175,16.639305640180314,1,0,0,0,61.06037303244928
3025.0,6,36.083333333333336,37.900000000000006,29.4,48.773734377500055,51.1422821921233,22.600192160894327,0,0,0,0,94.8732449570231
3026.0,7,33.65714285714286,38.0,22.1,44.18243323961026,50.35950142560702,16.629147640152983,0,0,0,0,86.6237701541802
3027.0,7,32.62857142857143,37.0,20.9,44.18249212028674,50.354343443431134,16.624080141540393,0,0,0,0,89.19402090445618
3028.0,7,32.642857142857146,34.2,24.7,44.182545022411624,50.34920110808028,16.618992360835822,0,0,0,0,90.49025807085538
3029.0,7,33.199999999999996,38.4,22.6,44.18260827197952,50.34402235757487,16.61395106844336,0,0,0,0,76.7487158686576
3030.0,7,33.01428571428571,38.5,22.0,44.18267095924393,50.33884711304485,16.60890049414266,0,0,0,0,63.94721388665698
3031.0,7,33.01428571428572,38.9,22.8,44.18272875276741,50.3336644728267,16.603850698087378,0,0,0,0,62.49564807766047
3032.0,7,33.371428571428574,38.5,18.9,44.1827839259816,50.32847755329218,16.598799475247322,1,0,0,0,80.4490367237698
3033.0,6,35.74999999999999,38.95,19.7,39.58394287017481,42.62742907003627,16.59376249157053,1,0,0,0,90.76997518718429
3034.0,7,34.0,38.4,18.2,44.182903384014644,50.31808247349465,16.5887304371004,1,0,0,0,74.83596553942716
3035.0,6,36.43333333333333,39.0,21.6,39.581664389010484,42.61635980029034,16.583692449452688,0,0,0,0,94.4435044045897
3036.0,5,39.56,39.6,38.5,42.962404582732105,50.3076730794775,16.57865823069927,0,0,0,0,73.55423396747892
3037.0,6,36.31666666666667,39.25,19.1,47.76733144483911,51.154188198731134,16.573644134546267,1,0,0,0,77.0414529035974
3038.0,7,34.91428571428572,38.8,18.0,44.1831271332235,50.29724459004187,16.56860036217723,1,0,0,0,66.69111543151931
3039.0,8,32.9875,34.35,17.7,39.14986273329342,42.594213808761026,3.916624211644399,1,0,1,1,105.49976783299856
3040.0,8,32.25,33.85,20.6,39.149258817832276,42.588682135988805,3.911335188947876,0,0,1,1,82.96532535088245
3041.0,7,33.7,38.7,23.8,42.376525342973196,50.28163548420898,3.906031065295412,0,0,1,1,84.48291232473528
3042.0,7,32.72857142857143,35.1,25.9,44.18335663990308,50.276439718000674,16.548431417264958,0,0,0,0,74.04420874035887
3043.0,7,32.800000000000004,32.7,25.1,44.18341633073084,50.27125034659496,16.543379204269378,0,0,0,0,81.28463226758791
3044.0,7,33.25714285714285,33.4,27.2,44.18346747282186,50.26607733271823,16.538302523509447,0,0,0,0,80.3333048896917
3045.0,7,34.98571428571429,34.6,30.2,44.183515855202174,50.26092490196381,16.53320623879449,0,0,0,0,69.85419923046476
3046.0,7,36.32857142857143,36.6,32.0,44.18356585329838,50.2557887932578,16.528105619654852,0,0,0,0,64.87895112732235
3047.0,7,35.57142857142857,36.3,29.4,44.18360723206284,50.25064754980088,16.52298066702958,0,0,0,0,69.11760856167423
3048.0,7,35.01428571428571,35.8,27.6,44.18365113434297,50.24551349144498,16.517860135353818,0,0,0,0,72.70185260076677
3049.0,7,35.92857142857143,38.5,26.9,44.18369802012195,50.240399706717774,16.512736295755424,0,0,0,0,74.33769441374119
3050.0,7,33.385714285714286,36.8,19.9,44.18374448015108,50.23529048773228,16.507602984465244,1,0,0,0,89.22069940117082
3051.0,7,34.957142857142856,38.2,17.6,44.18378453558557,50.230216000240674,16.502437935090803,1,0,0,0,61.315056091557466
3052.0,7,36.05714285714286,37.9,27.8,44.18382347809751,50.225128143087126,16.497278446465934,0,0,0,0,61.14868999379159
3053.0,8,35.0,36.150000000000006,24.6,39.14105660510246,42.5167112215108,3.841453415125508,0,0,1,1,81.13438511934471
3054.0,7,35.800000000000004,36.1,31.8,44.18389264146405,50.21498514011445,16.486916067190812,0,0,0,0,60.47577706959908
3055.0,8,34.3625,35.55,24.2,39.139746468059876,42.50563558070435,3.830541687851248,0,0,1,1,165.13760921627673
3056.0,8,34.35,35.75,20.0,39.139088268633095,42.500100916104344,3.825075575107137,0,0,1,1,64.36553431756376
3057.0,8,32.525000000000006,31.65,22.9,39.13843354877025,42.494566949764554,3.819610191160888,0,0,1,1,81.22144193825008
3058.0,7,31.957142857142856,30.3,25.3,44.18400155141944,50.19487668906118,16.466031482790797,0,0,0,0,49.82405960240258
3059.0,7,32.614285714285714,33.8,24.0,44.184024754258644,50.18987676418941,16.46078284794371,0,0,0,0,42.00813949754486
3060.0,7,33.05714285714286,32.5,24.7,44.18403912412959,50.18490028005226,16.455510884187216,0,0,0,0,43.51607537052392
3061.0,7,33.55714285714286,32.6,25.9,44.1840616213104,50.179914644817806,16.45025550049636,0,0,0,0,44.269489257752994
3062.0,8,31.5875,33.3,14.0,39.13508454218445,42.46688368907115,3.792142053991536,1,1,1,1,55.65162785992141
3063.0,9,30.111111111111118,31.6,18.5,35.465588315763654,34.752725855942856,3.7866418547863288,1,0,2,2,62.10599823801485
3064.0,7,32.44285714285714,32.1,20.8,44.18410125186262,50.16499589415172,16.434432836614693,0,0,0,0,77.70998028377949
3065.0,7,33.74285714285714,33.6,25.9,44.18411501514571,50.16002143351286,16.42915771537574,0,0,0,0,44.26554382791796
3066.0,8,32.837500000000006,33.7,24.2,39.156203550512416,42.44472866720801,3.960718499873297,0,0,1,1,63.086118845512765
3067.0,7,32.44285714285714,32.5,24.3,42.405154034730494,50.1500534681617,3.965684605223558,0,0,1,1,67.18353480883339
3068.0,8,32.2375,32.3,24.6,39.157460549997246,42.433643401249896,3.970646833129512,0,0,1,1,58.41808183604499
3069.0,8,31.4375,31.5,24.0,39.15809064013028,42.42810152444751,3.975632513653382,0,0,1,1,64.1575363089482
3070.0,8,31.500000000000004,31.3,24.0,39.15872354898424,42.422558912877236,3.9806163600201225,0,0,1,1,51.38574085010478
3071.0,9,28.644444444444446,30.1,13.5,35.22416771055657,34.703900559425826,3.742669557330229,1,1,2,2,67.45301065658205
3072.0,8,30.8,30.6,21.2,39.15997591659154,42.4114626745412,3.990589824136368,0,0,1,1,71.81255514957532
3073.0,8,30.137500000000003,29.0,20.4,39.16061073847413,42.40591972093597,3.99559435900295,0,0,1,1,68.81028748527386
3074.0,8,31.075000000000003,31.0,20.9,39.161241322190264,42.400373763291874,4.0005885232691,0,0,1,1,64.6131356600594
3075.0,8,31.825000000000003,31.049999999999997,22.0,39.161865484010846,42.39482265797973,4.005586059189209,0,0,1,1,59.17557124218804
3076.0,7,30.542857142857144,29.9,20.6,44.18419509382124,50.10514906785416,16.371173400742656,0,0,0,0,38.56548695385247
3077.0,6,31.900000000000006,31.15,25.0,39.53308156303008,42.38372401469726,16.365902061553967,0,0,0,0,51.370814391733326
3078.0,8,31.1625,31.15,18.8,39.16374789664681,42.378175524307366,4.020601997422394,1,0,1,1,71.05119938273226
3079.0,7,31.400000000000002,32.7,26.6,44.184194892493274,50.09018566423577,16.355346387965987,0,0,0,0,47.426548475767405
3080.0,7,31.27142857142857,31.2,25.0,44.18418593290862,50.08521717444956,16.350051739023947,0,0,0,0,44.45951602889099
3081.0,7,34.51428571428572,33.9,29.2,44.184173966394155,50.08024871365398,16.3447549148799,0,0,0,0,64.60448546849415
3082.0,8,30.237499999999997,31.049999999999997,22.7,39.16624607129087,42.35597266090551,4.040778710627071,0,0,1,1,77.09622152143487
3083.0,7,31.385714285714283,31.0,24.4,44.184156795607144,50.0702809691492,16.334201164227437,0,0,0,0,58.1452667574115
3084.0,8,32.875,32.25,25.9,39.16750460630226,42.3448704942464,4.050945419989255,0,0,1,1,187.10142251995333
3085.0,8,33.875,34.2,28.4,39.16813487513207,42.33931789370196,4.056061310118327,0,0,1,1,183.55110057497205
3086.0,7,35.58571428571428,36.7,29.5,44.184129284657324,50.055278618993846,16.318436934631915,0,0,0,0,60.16496785922531
3087.0,7,35.94285714285714,37.8,29.8,44.18411762749225,50.05027918017449,16.313187264736047,0,0,0,0,37.245730193766185
3088.0,8,32.45,36.7,17.7,39.17002032135546,42.32265105294846,4.071442984873753,1,0,1,1,161.99103190479516
3089.0,7,32.971428571428575,35.4,21.8,44.18408182949706,50.04029306966354,16.302655847822972,0,0,0,0,63.98629842846387
3090.0,7,33.05714285714286,35.5,24.6,44.1840507549565,50.03530855363746,16.29737387379239,0,0,0,0,47.37947617650003
3091.0,6,35.51666666666666,36.1,30.6,47.709327500980066,51.21443100940099,16.292109033640095,0,0,0,0,59.40113497531944
3092.0,7,32.91428571428571,34.4,20.0,44.18400024767703,50.0253548251219,16.286831740335348,0,0,0,0,45.010841782904485
3093.0,7,33.67142857142857,34.6,24.3,44.183970522043786,50.02036553787233,16.28155495751435,0,0,0,0,32.30654464241724
3094.0,7,34.01428571428571,36.1,26.2,44.18394397488962,50.0153941815054,16.276283100465374,0,0,0,0,55.32101947222896
3095.0,7,34.199999999999996,34.9,25.3,44.18391189356542,50.010413428561854,16.27100122977922,0,0,0,0,52.13271795160601
3096.0,7,34.22857142857143,35.7,26.2,44.18388362882869,50.00544393285835,16.26572771604656,0,0,0,0,46.607607923413525
3097.0,7,33.5,31.1,28.5,44.1838408374045,50.00047311295402,16.260423710750818,0,0,0,0,54.64627275784149
3098.0,7,33.214285714285715,32.5,27.9,44.18381574678853,49.99548855672769,16.255172767634917,0,0,0,0,47.94116547343765
3099.0,7,32.91428571428571,35.9,24.1,44.18377463024306,49.99053494850608,16.249871631827585,0,0,0,0,53.15413433052152
3100.0,7,33.857142857142854,36.1,24.9,44.1837238298618,49.98557759491091,16.244550816392543,0,0,0,0,55.386877939286975
3101.0,7,33.17142857142857,34.5,20.5,44.18369088371914,49.98061368658401,16.23928453808707,0,0,0,0,43.53373296747161
3102.0,7,32.91428571428571,35.6,19.9,44.18366007875125,49.97560798332445,16.234030131997002,1,0,0,0,70.09744289096437
3103.0,7,32.55714285714286,33.6,23.0,44.18361181392794,49.97063717706092,16.228724174395907,0,0,0,0,66.96925939907815
3104.0,7,32.9,33.4,23.9,44.18357052705676,49.96566034602864,16.22343814892707,0,0,0,0,60.23144912987428
3105.0,7,33.01428571428571,31.7,25.9,44.18353901045269,49.96067059150516,16.218176623301165,0,0,0,0,60.28058352232082
3106.0,8,31.950000000000003,32.6,18.5,39.10484770012941,42.222537264710624,3.5542900423064703,1,0,1,1,65.8243458935691
3107.0,7,34.94285714285714,33.2,30.2,44.183469445774435,49.95067763814919,16.20762610793857,0,0,0,0,51.340936888257694
3108.0,7,35.114285714285714,33.9,30.2,44.18343237138837,49.945685838679225,16.20234710503873,0,0,0,0,51.32989842107142
3109.0,8,31.612499999999997,32.849999999999994,15.2,39.10275718570206,42.20584027415239,3.538286617828364,1,0,1,1,41.11147688129497
3110.0,7,33.77142857142857,35.3,21.4,44.183368033251206,49.93564758044023,16.191828185979247,0,0,0,0,62.20535928007566
3111.0,8,32.6875,34.1,20.8,39.184308453677545,42.194706312027094,4.191114793133194,0,0,1,1,80.08927587331426
3112.0,9,30.922222222222224,31.2,16.6,35.22240430890686,34.45265004130596,3.5222086028770887,2,0,2,2,79.11936262375916
3113.0,8,32.825,33.7,24.7,39.099963422076215,42.183567893945145,3.516836570148903,0,0,1,1,59.49598884611507
3114.0,8,32.625,33.05,24.2,39.099264697971236,42.178000122653586,3.5114489048393955,0,0,1,1,53.39542059824916
3115.0,8,33.7375,33.2,25.5,39.09856939767848,42.1724333661203,3.5060918745409984,0,0,1,1,63.36848276425453
3116.0,8,34.5875,33.85,28.6,39.0978748879367,42.16686517262643,3.5007134096648187,0,0,1,1,63.15428329561942
3117.0,8,31.924999999999997,30.65,23.0,39.09717167047684,42.161293528904466,3.4953239709632333,0,0,1,1,52.67829320082868
3118.0,7,31.228571428571428,31.1,24.1,44.18312563122157,49.89545745943329,16.14974000350984,0,0,0,0,50.500506547270334
3119.0,8,30.8125,31.5,18.3,39.189243934556316,42.150154267818145,4.232288999065972,1,0,1,1,87.41885780858429
3120.0,7,33.28571428571429,34.6,23.4,44.18306282026127,49.885441134077496,16.139185372967958,0,0,0,0,64.06401642495261
3121.0,8,34.574999999999996,35.95,23.8,39.1904699160265,42.13901686626825,4.242549110726205,0,0,1,1,66.74983509901703
3122.0,8,32.95,34.15,21.9,39.19108374302354,42.13345186037638,4.247689842117406,0,0,1,1,57.68333542228224
3123.0,6,35.88333333333333,37.85,24.5,48.85956041960977,51.24848090429355,23.23892388467232,0,0,0,0,55.8179084105732
3124.0,7,34.05714285714286,37.9,22.8,44.1829085243235,49.86549888891527,16.117960516607248,0,0,0,0,55.17785084789064
3125.0,7,35.48571428571428,36.8,25.9,44.18286581788942,49.86052690449314,16.112634876672097,0,0,0,0,49.02709764919226
3126.0,7,30.571428571428577,32.8,22.1,44.18281611325078,49.85556472358791,16.10729874106595,0,0,0,0,51.30615572089973
3127.0,7,29.814285714285717,27.3,20.3,44.182776944228905,49.8506195081816,16.10195384452117,0,0,0,0,60.22075016151904
3128.0,7,31.328571428571426,33.0,19.4,44.18272453558384,49.84565566159674,16.096613185734906,1,0,0,0,34.131022541712426
3129.0,7,33.942857142857136,36.7,19.1,44.18267923507056,49.84070219595167,16.091274516460523,1,0,0,0,34.207039262750634
3130.0,7,34.72857142857142,36.6,23.6,44.182644173832976,49.8357212612864,16.085968892355744,0,0,0,0,48.411030873985375
3131.0,7,35.62857142857143,36.2,20.8,44.18259169081978,49.83075559341985,16.080623959393808,0,0,0,0,50.54970252099443
3132.0,7,34.81428571428571,35.5,18.1,44.18254854838439,49.8257742068316,16.07530142369182,1,0,0,0,41.4406522636925
3133.0,7,34.15714285714286,34.2,19.7,44.182505349780534,49.820789228368525,16.069980806580585,1,0,0,0,46.714871809185226
3134.0,8,32.425,34.1,20.1,39.085016560701504,42.06657710824378,3.402896349748234,0,0,1,1,68.41999261400991
3135.0,8,34.55,35.4,25.4,39.08430034525886,42.06100026726135,3.3974288126637995,0,0,1,1,64.57961433905817
3136.0,8,34.349999999999994,34.849999999999994,25.0,39.08357631927808,42.05542101185637,3.391964630601213,0,0,1,1,64.45814944078876
3137.0,8,34.400000000000006,35.0,24.0,39.08285338501003,42.049843522383945,3.386485334874662,0,0,1,1,72.51847255334428
3138.0,7,35.81428571428572,36.4,29.2,44.18230067018447,49.7957982897378,16.04342667252236,0,0,0,0,46.58502783415254
3139.0,7,35.5,35.7,30.0,44.18225387364134,49.79079326664923,16.03811216673762,0,0,0,0,49.60966249739293
3140.0,8,33.975,34.8,22.6,39.471641443275274,42.033115506046585,6.49764428670271,0,0,1,1,54.52104645311527
3141.0,8,35.287499999999994,35.65,29.7,39.47222946123169,42.02753728928002,6.502669454624943,0,0,1,1,64.34020454891684
3142.0,8,34.512499999999996,36.3,27.3,39.07925620417214,42.02196370956048,3.359163511960793,0,0,1,1,58.567700792848825
3143.0,9,31.700000000000003,34.7,21.4,35.46010567698477,34.26195432649536,3.3536945834091525,0,0,2,2,66.96029842113818
3144.0,8,34.35,34.45,28.9,39.473996575078225,42.01080816215455,6.517710973972536,0,0,1,1,65.37003762800143
3145.0,8,32.75,32.2,28.0,39.47458486563907,42.005229803564546,6.522699199220422,0,0,1,1,60.94125091265527
3146.0,8,30.9,31.9,26.8,39.47517214872834,41.99965035605331,6.527669957010542,0,0,1,1,62.40273687483224
3147.0,8,26.362499999999997,26.7,20.2,39.475765677425116,41.99407633622495,6.532640290205957,0,0,1,1,70.09972080218215
3148.0,7,33.057142857142864,33.3,21.4,42.831465769691064,49.74563169656979,6.537616892355203,0,0,1,1,54.1493050128868
3149.0,7,34.31428571428572,33.6,27.8,44.181826762448736,49.74058403503606,15.985169778595887,0,0,0,0,38.49654578840261
3150.0,7,34.78571428571429,34.0,31.1,44.181784046434665,49.735532234656176,15.97989711938713,0,0,0,0,42.79413884342616
3151.0,7,34.6,34.8,25.9,44.18174093160402,49.73048138624965,15.97462765663322,0,0,0,0,42.31365347974864
3152.0,5,29.2,30.5,24.9,51.81912766960316,52.836784161501946,23.42965720675717,0,0,0,0,57.97183360484771
3153.0,7,32.98571428571428,31.5,29.6,44.181664493633434,49.720345255795145,15.96411070168432,0,0,0,0,34.98572120512694
3154.0,7,34.50000000000001,33.1,30.2,44.18161921310936,49.71529003381855,15.958838052183708,0,0,0,0,40.22236123280221
3155.0,7,34.0,32.5,28.9,44.18157388117869,49.71022138216844,15.953575121501132,0,0,0,0,47.567745874833626
3156.0,7,32.17142857142857,33.1,25.4,44.18152720931142,49.70515047357458,15.948307784488556,0,0,0,0,40.56614091048274
3157.0,7,31.74285714285715,32.2,23.8,44.18147977557213,49.70007633759993,15.943049059288516,0,0,0,0,35.64262028273385
3158.0,7,32.84285714285714,33.5,24.9,44.18143006466422,49.695007101399206,15.937783610431635,0,0,0,0,40.57991931819055
3159.0,7,33.957142857142856,33.4,26.2,44.18137923452337,49.68994523834159,15.932508719802469,0,0,0,0,57.228205171084
3160.0,7,33.0,33.9,26.9,44.181329686599504,49.68488756642767,15.927239808899197,0,0,0,0,54.64810792653403
3161.0,7,32.214285714285715,33.6,25.7,44.18128327187888,49.67980463532825,15.92199121914799,0,0,0,0,50.19278987426834
3162.0,7,34.15714285714286,33.2,27.5,44.18122149524756,49.67475522242999,15.91670003926508,0,0,0,0,50.61753083500202
3163.0,7,33.77142857142857,33.4,26.2,44.18117147547167,49.66967691876032,15.911445986205964,0,0,0,0,46.09430398692423
3164.0,7,34.65714285714285,35.7,25.2,44.18111759125414,49.664606063029154,15.906187466730891,0,0,0,0,36.84072545283215
3165.0,7,34.24285714285714,32.7,25.5,44.18106028181029,49.65953105968974,15.90092868977152,0,0,0,0,47.12285808740425
3166.0,8,29.1625,29.799999999999997,18.3,39.062028684840456,41.887916595936346,3.2291810350526053,1,0,1,1,69.36508775058793
3167.0,8,29.725,30.549999999999997,18.3,39.06129716366755,41.882320883900306,3.223806201594409,1,0,1,1,54.39342259619268
3168.0,8,31.1625,32.349999999999994,18.0,39.06057286914546,41.876727381147845,3.2184617647971936,1,0,1,1,53.22946426418755
3169.0,7,34.9,35.2,28.3,44.180801226456744,49.63928658210346,15.87983813960701,0,0,0,0,51.726476481362944
3170.0,7,35.114285714285714,35.6,29.4,44.18074130583219,49.634211693784216,15.874593190610952,0,0,0,0,48.47718173126733
3171.0,7,33.857142857142854,33.7,26.7,44.18066059062704,49.62915806886092,15.86930479219972,0,0,0,0,36.204658920489486
3172.0,7,34.08571428571428,34.8,27.6,44.1805973510181,49.62408785664589,15.864058554417513,0,0,0,0,37.35118022829416
3173.0,7,33.18571428571429,32.5,24.9,44.18052415722452,49.619030324438114,15.858790841490409,0,0,0,0,40.27912550253146
3174.0,7,33.01428571428572,30.8,26.3,44.18045489490591,49.61396304061051,15.85352895785322,0,0,0,0,29.07496347864349
3175.0,7,33.45714285714286,32.4,26.4,44.180378141931286,49.60890520149332,15.848252048054729,0,0,0,0,27.26922469962748
3176.0,7,32.871428571428574,32.3,23.8,44.18030288301399,49.603851132555526,15.842973656922394,0,0,0,0,23.70655163620852
3177.0,7,33.971428571428575,33.3,27.4,44.180226353238616,49.59878113501836,15.837704056399316,0,0,0,0,44.19321455851543
3178.0,7,34.471428571428575,33.3,29.1,44.18016415470644,49.59370431913322,15.832471100320792,0,0,0,0,45.42102492397463
3179.0,7,34.357142857142854,32.4,28.1,44.18008261109062,49.588638062558026,15.827191565518628,0,0,0,0,46.32944383125125
3180.0,7,34.65714285714286,32.4,30.3,44.18000855125835,49.583581224534086,15.821918368386733,0,0,0,0,37.90670308667049
3181.0,8,31.612499999999997,30.3,21.9,39.051104756401045,41.80396761573565,3.149308215250182,0,0,1,1,88.58386693582
3182.0,7,33.42857142857143,33.4,27.2,44.17985359836914,49.5734444874102,15.811382157484385,0,0,0,0,53.88741965341226
3183.0,7,34.95714285714286,32.6,28.5,44.17978914737105,49.56836321286178,15.80614561178371,0,0,0,0,37.23773086968158
3184.0,7,35.02857142857143,33.4,29.3,44.17970024811229,49.56330882472305,15.800843893321378,0,0,0,0,43.00643445548469
3185.0,7,33.9,32.5,28.1,44.179621563112555,49.55823421832433,15.79558109898032,0,0,0,0,43.66519662987131
3186.0,7,33.885714285714286,32.4,27.0,44.17955102699864,49.55315336678444,15.790334030023754,0,0,0,0,51.33837463931504
3187.0,7,33.95714285714286,33.5,28.7,44.17946556101526,49.548081947680814,15.785047200549052,0,0,0,0,35.073622865689515
3188.0,7,34.199999999999996,33.7,27.6,44.179395608048985,49.54300018835421,15.779803386268345,0,0,0,0,43.12918150160558
3189.0,7,35.07142857142857,35.1,25.8,44.17931537869493,49.53792389622743,15.774538315743326,0,0,0,0,31.98852790558381
3190.0,7,33.82857142857142,31.7,26.7,44.1792464200253,49.53283135918628,15.769301950769185,0,0,0,0,53.27385575238716
3191.0,7,34.75714285714286,36.4,27.8,44.17916008129713,49.52776097604718,15.764021260607398,0,0,0,0,64.4640287268436
3192.0,6,35.36666666666667,35.400000000000006,29.6,47.59418334958092,51.322351502549765,15.758759808854975,0,0,0,0,47.13551151945935
3193.0,7,34.05714285714286,33.6,27.9,44.17899864265371,49.51759403723804,15.753494909306172,0,0,0,0,52.32999557225332
3194.0,6,34.18333333333333,34.0,28.0,47.59184917388779,51.324348973119385,15.748226800319433,0,0,0,0,44.96554206622572
3195.0,7,33.3,32.1,25.6,44.178840133268054,49.507423998421935,15.742979540509657,0,0,0,0,49.9820106301809
3196.0,7,33.82857142857143,31.1,25.7,44.178761530746,49.50233938945381,15.737725898204395,0,0,0,0,37.599195081213885
3197.0,7,33.857142857142854,31.9,27.0,44.17867698010925,49.49724792751523,15.732464520366946,0,0,0,0,49.09384820832144
3198.0,5,36.3,37.6,27.8,46.47171444253096,49.4921684945132,15.727194100114428,0,0,0,0,49.66712914734028
3199.0,7,34.01428571428572,32.1,25.8,44.17850784769827,49.48708635664232,15.721927655683642,0,0,0,0,47.61782593763778
3200.0,7,33.800000000000004,32.4,27.7,44.17843252027528,49.48198914376096,15.716691605439266,0,0,0,0,50.03125996284218
3201.0,7,33.25714285714286,33.7,22.0,44.17834583502532,49.47689986019518,15.711422881726357,0,0,0,0,37.86867578710492
3202.0,6,34.916666666666664,34.35,28.6,42.67584167192198,41.686319240414775,15.706194598907524,0,0,0,0,35.37654339062739
3203.0,6,34.766666666666666,34.8,26.4,42.67454674758714,41.68070210720853,15.700903471818544,0,0,0,0,33.14363874250509
3204.0,6,34.73333333333333,34.4,28.3,42.67326704141686,41.675095881657434,15.695644546999269,0,0,0,0,30.64588438026125
3205.0,6,35.11666666666667,34.55,27.8,42.67197697272055,41.66948082550225,15.690370307754158,0,0,0,0,22.413591411843694
3206.0,5,35.559999999999995,35.7,29.9,46.449128588126634,49.45141978461172,15.685116548134332,0,0,0,0,30.277058990375217
3207.0,7,32.52857142857143,29.8,26.0,44.17782688623278,49.44632944054327,15.679848375541514,0,0,0,0,34.931978702024686
3208.0,8,30.712500000000002,30.4,20.5,39.03123339285408,41.65264684772865,3.0057222912094304,0,0,1,1,75.52682470712546
3209.0,5,35.96,35.8,30.5,46.44064438631294,49.43611873434477,15.669339876285774,0,0,0,0,39.48339666982342
3210.0,5,35.739999999999995,36.0,29.2,46.43781097638198,49.43102572210008,15.664067852513972,0,0,0,0,38.21740560849159
3211.0,6,33.56666666666667,33.900000000000006,22.9,47.571938904615344,51.34130489948683,15.658823018331876,0,0,0,0,34.254902589779924
3212.0,6,33.78333333333334,34.9,22.5,47.57076015740532,51.34229698176996,15.653560338010722,0,0,0,0,41.9802481535337
3213.0,6,33.46666666666667,34.3,22.1,47.56958145886264,51.343289943877224,15.648302168854917,0,0,0,0,41.10452712131444
3214.0,6,33.48333333333333,33.75,25.3,47.56840674716147,51.34427659643181,15.64305204746204,0,0,0,0,51.80129720805458
3215.0,6,33.233333333333334,34.35,24.0,47.567222738792054,51.34527956493197,15.637781294166938,0,0,0,0,53.34782636647584
3216.0,6,33.28333333333334,35.3,22.3,47.56604222265364,51.34626702897553,15.632525503283166,0,0,0,0,63.97305722571135
3217.0,5,35.24,37.1,27.3,46.41799897283478,49.395268171890535,15.62729208863044,0,0,0,0,72.31083150799255
3218.0,5,35.44,36.0,27.0,46.4151462702398,49.39016112748533,15.622012009780132,0,0,0,0,49.35861491087866
3219.0,5,36.2,37.6,28.4,46.412325436532065,49.3850475119141,15.616772302094528,0,0,0,0,53.560992218279615
3220.0,5,35.660000000000004,37.5,29.0,46.40949974628752,49.37993547881493,15.611532305597123,0,0,0,0,43.20099944873374
3221.0,5,35.34,37.7,27.6,46.40665634770689,49.37481228562269,15.606267608793235,0,0,0,0,51.96648969227877
3222.0,6,33.28333333333333,35.150000000000006,23.8,47.55897035844544,51.35220069940527,15.601019081872044,0,0,0,0,69.9063514391854
3223.0,5,34.78,37.3,24.6,46.40096775661848,49.36459269869587,15.595737556233695,0,0,0,0,68.41454024768505
3224.0,5,35.02,36.7,26.2,46.39813011703335,49.35948850618688,15.590479519794844,0,0,0,0,73.42979069218524
3225.0,7,33.971428571428575,32.5,27.6,44.1761867576923,49.35436020211092,15.58522661113104,0,0,0,0,48.92896101408451
3226.0,6,34.96666666666667,36.75,27.3,47.554220073707036,51.35615621092863,15.57996894105981,0,0,0,0,63.99898535448097
3227.0,6,35.11666666666667,36.099999999999994,28.4,47.55303499205542,51.35715127953695,15.574718793209314,0,0,0,0,55.63976604638324
3228.0,6,33.9,35.55,23.2,47.55185503518988,51.35813195175119,15.56948018946902,0,0,0,0,27.000395548754685
3229.0,6,34.73333333333333,36.25,28.7,42.641053016479425,41.534761510520255,15.56423314417739,0,0,0,0,35.812399985141404
3230.0,6,34.46666666666666,33.8,29.5,42.63975300743363,41.5291395642567,15.558972801605796,0,0,0,0,41.75028878231615
3231.0,7,33.3,33.7,25.7,44.17561844086184,49.32361623906903,15.553724404596238,0,0,0,0,48.60555185413633
3232.0,7,34.17142857142857,34.0,26.4,44.1755287160373,49.31848748046283,15.54849044472087,0,0,0,0,40.979938603194654
3233.0,7,32.91428571428572,33.7,24.2,44.17542749408218,49.31336308086544,15.543231325140958,0,0,0,0,50.49326184387995
3234.0,7,31.914285714285715,32.3,21.3,44.175321142081316,49.30823251364943,15.537958857863874,0,0,0,0,42.3716924799508
3235.0,7,33.57142857142858,33.4,27.8,44.17522782637011,49.30309618974172,15.532721296583055,0,0,0,0,53.15885665157892
3236.0,7,32.92857142857143,34.1,22.6,44.1751225900076,49.29796453206946,15.527455601392044,0,0,0,0,85.27774879451947
3237.0,6,34.91666666666667,36.85,26.7,47.541158687623486,51.36700440957974,15.522211763773516,0,0,0,0,41.68420791779556
3238.0,7,34.371428571428574,33.7,26.9,44.17492677346993,49.287699561055305,15.516968496585632,0,0,0,0,45.07986576681456
3239.0,7,35.01428571428571,34.4,27.7,44.17482784450768,49.28257303694932,15.511722561258406,0,0,0,0,38.24759110786803
3240.0,7,33.385714285714286,33.0,25.0,44.174730322589824,49.277437976657225,15.506476500720613,0,0,0,0,46.44189371662157
3241.0,7,33.18571428571429,32.0,24.4,44.17463278396259,49.27229287926839,15.501233917036684,0,0,0,0,34.21487991719735
3242.0,6,33.416666666666664,32.7,27.1,47.535190394682665,51.37193250882325,15.4959423187454,0,0,0,0,44.10291834487376
3243.0,7,32.91428571428572,29.1,25.9,44.174418637654654,49.26203521067999,15.490699261517092,0,0,0,0,31.643657525374906
3244.0,7,32.81428571428571,34.5,21.2,41.144435478894586,49.25689136223191,2.814201104768179,0,0,1,1,110.23303195548276
3245.0,6,32.21666666666667,34.45,21.5,47.531617436739566,51.374883379090306,15.48021839859301,0,0,0,0,52.62339032866557
3246.0,5,33.019999999999996,33.5,23.3,46.33547959024701,49.2466009596176,15.474968762559968,0,0,0,0,149.22251497106768
3247.0,6,30.816666666666663,28.799999999999997,24.2,47.52921460293326,51.37685248255369,15.469702203074736,0,0,0,0,47.22519373039492
3248.0,7,31.05714285714286,29.7,19.1,41.137295877092654,49.23630774812024,2.7929091507983026,1,0,1,1,71.03938880107007
3249.0,9,29.65555555555555,28.1,20.4,35.44896102023278,33.613500724409015,2.787576485046818,0,0,2,2,87.33542961386775
3250.0,9,30.044444444444448,29.6,21.1,35.44883368869775,33.60740559451119,2.7822332669945973,0,0,2,2,60.39245194848639
3251.0,9,30.077777777777776,30.7,22.0,35.44870868587159,33.601334881866215,2.7768938544089967,0,0,2,2,69.23270953367023
3252.0,9,29.633333333333333,28.3,22.2,35.448587089155836,33.595276354085385,2.7715878019230646,0,0,2,2,79.04364908356818
3253.0,9,31.977777777777778,34.6,20.1,35.448470481424806,33.589252055503344,2.7662763007855604,0,0,2,2,66.76111135159603
3254.0,10,31.55,35.05,18.3,32.39736330485492,28.835586912381274,2.7609771595882715,1,0,3,3,81.30599968398211
3255.0,8,34.662499999999994,38.2,22.0,39.53480029268013,41.388551301919485,7.065771906087143,0,0,1,1,57.89436462484616
3256.0,10,31.98,31.5,17.5,32.39820998435897,28.836024826944694,2.750400641967976,1,0,3,3,71.2548747702352
3257.0,10,32.970000000000006,31.25,22.8,32.39863024767896,28.83625973191048,2.745100831199801,0,0,3,3,63.364873490558914
3258.0,10,33.47,34.2,19.1,32.39905986559201,28.836492572728815,2.739838116298793,1,0,3,3,54.61586551831257
3259.0,9,34.766666666666666,38.5,20.4,35.212185573675775,33.55331882134703,2.734534570105013,0,0,2,2,67.41259906504415
3260.0,9,33.855555555555554,35.5,18.3,35.21213167829964,33.54737542891211,2.7292749523349342,1,0,2,2,47.23943758000002
3261.0,8,36.15,38.400000000000006,21.2,38.991652858677554,41.35475633048519,2.723993345776171,0,0,1,1,57.84520770150009
3262.0,8,36.175000000000004,38.5,20.8,38.99092900683975,41.34912690460979,2.7187440150706723,0,0,1,1,57.61706031318419
3263.0,9,34.92222222222223,37.4,23.7,35.44732471352955,33.5295305747164,2.713472516959172,0,0,2,2,73.53259035784386
3264.0,10,35.230000000000004,36.55,26.2,32.401614203824764,28.837938227284468,2.708234890848496,0,0,3,3,59.938829764434544
3265.0,10,34.54,36.7,24.0,32.40204060804284,28.838177320656612,2.702992845505029,0,0,3,3,69.95376347945508
3266.0,10,35.040000000000006,37.25,26.0,32.402468712079916,28.838414259180148,2.697760266290324,0,0,3,3,59.74947630771998
3267.0,9,34.63333333333333,37.7,18.6,35.446877382224415,33.50584821238378,2.6925215591877625,1,0,2,2,63.55607399533344
3268.0,10,34.08,36.5,21.4,32.40332666783555,28.83890406810361,2.687298909427257,0,0,3,3,57.40447493817907
3269.0,9,35.91111111111111,37.7,25.4,35.44665623971984,33.494056093651814,2.682067689781404,0,0,2,2,59.95583512984997
3270.0,9,35.422222222222224,37.5,23.3,35.44654352531143,33.48815486967983,2.676840468594046,0,0,2,2,60.45035342790321
3271.0,10,34.08,36.8,24.8,32.40461796006194,28.839660957916564,2.671624040741553,0,0,3,3,51.69311650622984
3272.0,10,34.71000000000001,35.400000000000006,25.8,32.405047985303646,28.839916725823237,2.666400191682278,0,0,3,3,53.11960030650516
3273.0,10,33.64,35.55,21.6,32.40547867240489,28.840174160704052,2.6611800377970387,0,0,3,3,47.76865348447816
3274.0,9,33.9,37.2,20.4,35.44610240160034,33.46460634072753,2.655948984078124,0,0,2,2,58.52539040615972
3275.0,10,33.95,36.25,22.2,32.40633313156176,28.840668754491695,2.650722503396307,0,0,3,3,53.611344150962765
3276.0,10,33.910000000000004,35.95,20.3,32.406759487693634,28.840910706499372,2.6454865582583302,0,0,3,3,55.1665381607176
3277.0,10,33.25,34.1,22.2,32.40718632018229,28.841146627941924,2.6402525568046618,0,0,3,3,60.03500125671644
3278.0,10,32.739999999999995,32.8,19.3,32.40760694966888,28.841380155697305,2.6349866038313188,1,0,3,3,52.402367140683815
3279.0,9,34.45555555555555,38.1,21.4,35.21106143854442,33.434950079589925,2.6297237786687857,0,0,2,2,39.9818914425062
3280.0,10,32.34,35.4,16.2,32.40845074780914,28.841831173939532,2.6244622000089954,2,0,3,3,41.04269688519112
3281.0,8,36.449999999999996,36.7,27.1,39.2848785939386,41.24199903392897,5.081229013990836,0,0,1,1,41.37115775193862
3282.0,9,35.1,37.2,22.6,35.21083731060626,33.416937625736864,2.613907983328118,0,0,2,2,47.88403501477702
3283.0,9,35.077777777777776,35.8,23.9,35.2107540819098,33.41088239072992,2.608630450110466,0,0,2,2,50.742877263769365
3284.0,9,35.12222222222222,35.0,26.7,35.21067005496721,33.4048161152386,2.6033439188527026,0,0,2,2,48.66708816372487
3285.0,9,36.233333333333334,36.3,27.1,35.21058302739081,33.398727970882874,2.598048120219845,0,0,2,2,41.73395383755303
3286.0,9,34.46666666666667,34.2,27.3,35.21049472196283,33.39262821425764,2.5927593765733468,0,0,2,2,40.36298171074839
3287.0,9,33.211111111111116,32.9,24.3,35.21040858372956,33.3865326696194,2.587480785462627,0,0,2,2,36.16067371595022
3288.0,8,33.425,33.05,21.2,36.57335971373832,41.20253302992115,2.58220829419754,0,0,2,2,33.30516258801886
3289.0,9,32.18888888888889,33.6,21.2,35.21022832321991,33.374310070371536,2.576935356411304,0,0,2,2,33.36708121226503
3290.0,9,31.788888888888884,29.3,24.4,35.21014132939761,33.36818802514144,2.571673798286509,0,0,2,2,43.72409533357023
3291.0,9,31.12222222222222,32.0,19.5,35.210061549249374,33.36209739309869,2.566435821202296,1,0,2,2,41.86835775262182
3292.0,9,33.27777777777778,33.0,21.5,35.20997132701509,33.35597274584255,2.5611901610583305,0,0,2,2,40.49989055813541
3293.0,9,32.5,31.8,19.0,35.20989105190044,33.34987476656365,2.5559472196830426,1,0,2,2,35.51722329300928
3294.0,8,34.25,35.15,21.2,39.29219245480883,41.16869259405094,5.1513570560818565,0,0,1,1,31.587571807616158
3295.0,8,33.5625,33.95,20.4,39.29274768898509,41.16304996649227,5.156795093471422,0,0,1,1,39.35006891073846
3296.0,7,35.628571428571426,36.6,29.0,44.169177024304396,48.98328572780944,15.217224617536017,0,0,0,0,27.271477815408645
3297.0,8,32.45,33.0,22.0,39.29386626761777,41.15176874748727,5.1676411649954845,0,0,1,1,36.43446797984733
3298.0,8,34.2125,35.0,22.1,39.294422172355546,41.14612476691396,5.173068176475992,0,0,1,1,42.51968274369853
3299.0,8,34.4875,34.95,22.3,39.29497853094287,41.140482710823065,5.178505928925271,0,0,1,1,32.21040527489925
3300.0,7,36.91428571428571,38.2,30.5,44.16862259806056,48.96257125359887,15.196276294753517,0,0,0,0,26.183666045676745
3301.0,7,36.21428571428571,36.7,29.1,44.16847914746297,48.95739641252774,15.191032234967825,0,0,0,0,32.9619301638859
3302.0,7,35.51428571428571,36.2,26.0,44.168337518101616,48.95221154605954,15.18579851723972,0,0,0,0,30.79901663101745
3303.0,7,36.42857142857143,35.9,29.5,44.168193149242015,48.94703523487658,15.180555498846724,0,0,0,0,27.904943126723904
3304.0,8,33.4,33.35,23.4,39.55994869953275,41.112258973424275,7.3032633584833455,0,0,1,1,36.84788982925672
3305.0,7,35.67142857142857,34.3,28.3,44.16790194393529,48.936673439902975,15.170076510255548,0,0,0,0,32.86480429121276
3306.0,9,30.811111111111114,31.9,12.0,35.20873561185499,33.270436152816835,2.487732796739121,1,1,2,2,35.85479659222701
3307.0,8,31.05,30.35,19.0,39.29941071137759,41.095320669609535,5.2220329595196775,1,0,1,1,45.53731949632645
3308.0,8,32.4625,34.0,16.2,38.95618753624301,41.08967460411835,2.477212744255358,1,0,1,1,30.586065089811555
3309.0,6,38.1,38.75,31.3,47.455253930878065,51.433076213805165,15.149126278768446,0,0,0,0,26.40704146803376
3310.0,9,32.04444444444445,35.6,18.8,35.74903037121942,33.24607606932865,5.23821217824649,1,0,2,2,93.46514187942904
3311.0,8,34.2875,36.0,22.5,39.30162713768523,41.07272362563783,5.243583365853547,0,0,1,1,36.58687204237686
3312.0,9,32.77777777777778,33.1,19.4,35.75110823341197,33.23392574462827,5.24895821676262,1,0,2,2,70.31190219128307
3313.0,8,34.525000000000006,37.650000000000006,22.6,39.30273579692716,41.06143058110199,5.254321568992527,0,0,1,1,57.30989089126305
3314.0,8,34.9125,37.55,24.7,39.303284274189565,41.055779154532786,5.259665617770131,0,0,1,1,29.106506552738807
3315.0,8,34.375,36.7,23.1,39.303832001211134,41.05012845787999,5.2650139668127975,0,0,1,1,34.97774865195296
3316.0,9,31.72222222222222,30.5,18.2,35.20775840471737,33.20956270652252,2.434778372449124,1,0,2,2,43.43297242302123
3317.0,8,33.975,35.400000000000006,22.5,39.30493569739791,41.03883002433942,5.275723473563759,0,0,1,1,35.68655245843797
3318.0,9,33.277777777777786,34.5,19.4,35.20755774950004,33.1973931090411,2.4241617276702114,1,0,2,2,42.21134951014273
3319.0,8,34.8125,37.0,25.0,39.56735050587754,41.027528625298544,7.376954133799762,0,0,1,1,33.234205528316686
3320.0,9,35.611111111111114,37.8,25.2,35.75940063257226,33.18529578821152,5.291849246200837,0,0,2,2,38.07550470968627
3321.0,9,35.611111111111114,33.3,29.6,35.760433814745696,33.17924550065491,5.297220827842041,0,0,2,2,36.132145700463646
3322.0,9,35.81111111111111,38.0,26.3,35.76146973732096,33.17322151978162,5.302583698031413,0,0,2,2,41.5075449035139
3323.0,8,36.8,37.8,31.8,39.56932940565602,41.00491449662522,7.396464812618771,0,0,1,1,38.01180467433373
3324.0,8,36.425,37.5,28.8,39.569826701853046,40.999259293180415,7.401324391832326,0,0,1,1,37.1981461078691
3325.0,8,36.6625,37.7,29.4,39.57032271441908,40.99360097017299,7.406168510616343,0,0,1,1,39.54640465579883
3326.0,8,35.224999999999994,37.9,24.9,39.57082352198467,40.98794524030578,7.411009703014574,0,0,1,1,33.9352797449162
3327.0,8,35.5125,37.349999999999994,24.6,39.571324873399874,40.982290345278585,7.415842783872927,0,0,1,1,34.255724295450975
3328.0,8,35.075,37.55,23.3,39.571818323933854,40.97662895158378,7.420686530117643,0,0,1,1,39.497578493580086
3329.0,7,37.314285714285724,38.7,29.2,44.16470798220512,48.81067786352348,15.045264635163726,0,0,0,0,28.778867436479626
3330.0,8,36.0125,37.5,25.1,39.57281034216375,40.96531628594144,7.430432232244943,0,0,1,1,38.62770878646108
3331.0,8,35.0,38.0,24.6,39.57330531704224,40.95966038568383,7.435313402216834,0,0,1,1,40.72667469747379
3332.0,7,36.55714285714286,38.5,27.7,44.164314509659384,48.7948169224419,15.029731900382298,0,0,0,0,27.220949348378564
3333.0,8,35.1875,37.4,21.9,39.574291685417286,40.94834087282168,7.445063672766874,0,0,1,1,56.33619377700092
3334.0,7,36.057142857142864,38.3,28.9,44.16405352264189,48.78419055264706,15.019409877340015,0,0,0,0,36.02284319337227
3335.0,8,33.2375,37.5,17.3,38.935222335368124,40.93702249953088,2.334328860530632,1,0,1,1,55.2842540506261
3336.0,7,35.957142857142856,38.3,27.5,44.163801664395216,48.77353216919679,15.009123019568737,0,0,0,0,29.11237525466405
3337.0,7,36.02857142857143,38.3,27.1,44.163675817481604,48.76819618350384,15.003986378181215,0,0,0,0,34.42294871704393
3338.0,7,37.271428571428565,38.8,30.0,44.16354392838201,48.762862586345534,14.998837753113284,0,0,1,0,29.758673654035285
3339.0,7,37.628571428571426,39.2,31.1,44.16342182874355,48.75749137528448,14.99372372016441,0,0,1,0,30.174188819238267
3340.0,7,38.300000000000004,38.7,30.6,44.16328928194058,48.75217115708051,14.98856498831944,0,0,1,0,27.862501122200875
3341.0,7,38.01428571428571,37.8,31.5,44.16316487314557,48.74683548614948,14.983432184613005,0,0,1,0,29.11435124810582
3342.0,7,38.1,38.5,32.8,44.16302369675072,48.74154435385786,14.978243463397936,0,0,1,0,29.55930713485329
3343.0,8,34.575,37.7,15.8,38.92902049927261,40.89173381339563,2.2920136416063195,1,0,2,1,78.04531427149715
3344.0,7,38.142857142857146,39.4,34.0,44.16274012710483,48.73098615739834,14.967850164662604,0,0,1,0,30.41049292243448
3345.0,7,38.25714285714286,39.6,33.8,44.16259214076861,48.72571109583696,14.962638300234364,0,0,1,0,27.97820022859494
3346.0,7,38.92857142857143,39.9,34.6,44.162454154179834,48.72043508799872,14.957449991894736,0,0,1,0,27.48097036025713
3347.0,7,37.67142857142857,39.3,33.2,44.16231132806979,48.7151546995346,14.952252172269208,0,0,1,0,26.624718871528987
3348.0,7,36.9,37.6,31.0,44.16216948888108,48.70985667976316,14.947070068712252,0,0,1,0,25.780163797523866
3349.0,7,37.48571428571429,38.7,30.9,44.16203242627165,48.70454024762873,14.941907594436922,0,0,1,0,29.357462402781746
3350.0,7,36.42857142857142,38.0,29.2,44.16188807554808,48.69921453287064,14.936734365456546,0,0,1,0,26.979401395395524
3351.0,7,36.58571428571428,38.6,27.2,44.161743116436504,48.693906183337326,14.931553908689818,0,0,1,0,31.514684848852355
3352.0,7,35.67142857142857,38.1,25.4,44.161609204141655,48.68858569314051,14.92639765544564,0,0,1,0,39.47551435059193
3353.0,7,35.871428571428574,37.8,27.0,44.16146751082853,48.68329230142355,14.921210332507677,0,0,1,0,28.30236464487561
3354.0,7,36.3,36.7,27.9,44.161321765692165,48.67798477387191,14.916025612125532,0,0,1,0,26.33181242982179
3355.0,7,37.51428571428571,37.4,28.6,44.16117549195985,48.67268300356026,14.910829641891024,0,0,1,0,30.18813383358405
3356.0,7,39.0,39.6,33.6,44.16103402766631,48.66740050223818,14.905644882166603,0,0,1,0,28.94609927752269
3357.0,7,39.685714285714276,40.7,32.9,44.16087772578805,48.66210733972098,14.900424155649835,0,0,1,0,30.911922564141687
3358.0,7,39.471428571428575,39.2,33.0,44.16072810696211,48.65684514919414,14.89521042693056,0,0,1,0,27.717015833598097
3359.0,7,39.47142857142857,40.1,35.3,44.160577045060954,48.65158467512684,14.889995213630666,0,0,1,0,30.45887925900088
3360.0,7,39.48571428571429,39.4,34.9,44.16042510651499,48.646326194072856,14.884774829792866,0,0,1,0,27.25172297900733
3361.0,7,39.51428571428572,39.7,35.4,44.16026686196003,48.641057258937785,14.87954732682095,0,0,1,0,31.62518883333006
