t,n_satellites,n_abnormal_20m,n_abnormal_50m,n_relative_abnormal,abnormal_fraction_20m,abnormal_fraction_50m,relative_abnormal_fraction,mean_abs_residual_m,median_abs_residual_m,max_abs_residual_m,mean_signed_residual_m,median_signed_residual_m,sign_consistency,multi_satellite_event,coordinated_event
0.0,7,0,0,2,0.0,0.0,0.2857142857142857,6.398881737674985,2.932157300412655,13.847241826355456,-2.5376526277146434e-16,2.731909368187189,0.5714285714285714,False,False
1.0,7,0,0,0,0.0,0.0,0.0,1.1072288155555725,1.3922648467123508,1.7062267065048218,-2.128737313406808e-09,0.2795578278601169,0.5714285714285714,False,False
2.0,6,0,0,0,0.0,0.0,0.0,2.0611474936207137,2.006261680275202,4.204764377325773,0.0,-0.4907638020813465,0.6666666666666666,False,False
3.0,8,1,0,3,0.125,0.0,0.375,10.244193027727306,6.381885772570968,23.99586128816009,-9.313225746154785e-10,1.5429622493684292,0.5,False,False
4.0,7,0,0,0,0.0,0.0,0.0,5.58354947875653,6.155111450701952,9.37056853249669,5.321843917930177e-10,2.3589514642953877,0.5714285714285714,False,False
5.0,7,0,0,0,0.0,0.0,0.0,3.5861508920788765,4.416816618293524,6.777882311493158,0.0,0.814598809927702,0.7142857142857143,False,False
6.0,8,0,0,2,0.0,0.0,0.25,7.620859134476632,7.4826855175197124,13.221628151834013,-4.6566106526313433e-10,-3.219641227275133,0.625,False,False
7.0,7,0,0,0,0.0,0.0,0.0,2.9664595249508108,3.0162218250334263,6.119929015636444,-5.32184328351702e-10,0.4681017994880676,0.5714285714285714,False,False
8.0,7,0,0,3,0.0,0.0,0.42857142857142855,7.957362502281155,10.260069720447063,13.239811476320028,1.596552985055106e-09,-2.8546087667346,0.5714285714285714,False,False
9.0,7,0,0,0,0.0,0.0,0.0,5.3183590695261955,6.567547336220741,11.802870281040668,2.1287373253020547e-09,-0.0654498226940631,0.5714285714285714,False,False
10.0,7,0,0,2,0.0,0.0,0.2857142857142857,7.219444690538304,9.44839821383357,12.88599343970418,-2.660921387993247e-09,0.97878048568964,0.5714285714285714,False,False
11.0,7,0,0,1,0.0,0.0,0.14285714285714285,6.851103861417089,6.282546404749155,12.033064600080252,0.0,2.036925159394741,0.5714285714285714,False,False
12.0,7,0,0,3,0.0,0.0,0.42857142857142855,9.523420747901712,8.558079317212105,16.889077454805374,0.0,-2.6825828924775124,0.7142857142857143,False,False
13.0,7,0,0,2,0.0,0.0,0.2857142857142857,7.7864961469812055,10.342640426009892,13.40786350890994,-4.789658701400055e-09,-1.2480168379843235,0.5714285714285714,False,False
14.0,7,0,0,0,0.0,0.0,0.0,2.8944181970187595,2.6566073521971703,5.288007166236639,1.064368656703404e-09,-0.243531908839941,0.5714285714285714,False,False
15.0,7,0,0,1,0.0,0.0,0.14285714285714285,6.10737658398492,6.205439370125532,10.471646845340729,1.064368656703404e-09,1.990762498229742,0.5714285714285714,False,False
16.0,7,0,0,0,0.0,0.0,0.0,3.620509961353881,4.0363794304430485,6.512759145349264,1.596553016775764e-09,-1.4433683082461355,0.5714285714285714,False,False
17.0,7,0,0,1,0.0,0.0,0.14285714285714285,5.0955472114895075,4.5477792955935,9.592875320464373,-1.596552985055106e-09,-2.655128560960293,0.7142857142857143,False,False
18.0,7,0,0,0,0.0,0.0,0.0,4.390408516994545,4.378685638308525,7.802788861095905,-1.064368656703404e-09,-1.5421185083687303,0.5714285714285714,False,False
19.0,8,0,0,1,0.0,0.0,0.125,5.597270348109305,5.734220931306481,8.933233838528395,9.313225746154785e-10,2.7351336032152176,0.625,False,False
20.0,8,0,0,0,0.0,0.0,0.0,2.5248991665430367,2.561342651024461,5.331812988966703,-4.656612873077393e-10,-0.8576832134276628,0.5,False,False
21.0,7,0,0,0,0.0,0.0,0.0,3.041107604014022,2.321289725601673,6.3307741060853004,-1.596552985055106e-09,0.2752979099750519,0.5714285714285714,False,False
22.0,7,0,0,0,0.0,0.0,0.0,1.7629400709910052,1.5913388803601265,3.2199364863336086,-1.596552985055106e-09,-0.2374183051288128,0.5714285714285714,False,False
23.0,7,0,0,0,0.0,0.0,0.0,4.47326734662056,4.604290425777435,8.312183894217014,3.193105970110212e-09,-1.5131485015153885,0.5714285714285714,False,False
24.0,7,0,0,0,0.0,0.0,0.0,2.8283402925091132,2.8405853249132638,4.4433462880551815,2.6609217051998257e-09,-0.4962775558233261,0.5714285714285714,False,False
25.0,7,0,0,0,0.0,0.0,0.0,3.1171415033085004,2.542999804019928,5.8027247823774815,3.19310600183087e-09,-0.9219855591654778,0.5714285714285714,False,False
26.0,7,0,0,0,0.0,0.0,0.0,4.0302595139614175,3.608972199261189,7.777633339166641,-1.5965530484964218e-09,-2.9992974773049355,0.5714285714285714,False,False
27.0,8,1,0,4,0.125,0.0,0.5,12.560172602999955,10.514216220006347,28.088827058672905,4.656612873077393e-10,1.8146497514098883,0.5,False,False
28.0,8,1,0,4,0.125,0.0,0.5,10.427793270442635,9.190388567745686,27.85398979857564,2.3283064365386963e-09,0.8881312925368547,0.5,False,False
29.0,8,1,0,2,0.125,0.0,0.25,9.802567426115274,7.990455055609345,28.269321873784065,-2.220446049250313e-16,1.8792973775416613,0.5,False,False
30.0,8,2,0,5,0.25,0.0,0.625,15.328644359018654,14.398289768025279,29.551650531589985,4.190951585769653e-09,-5.790250241756439,0.625,False,False
31.0,8,1,0,4,0.125,0.0,0.5,9.884461185894907,8.424173805862665,23.482573971152306,-3.725290298461914e-09,2.226387722417712,0.625,False,False
32.0,8,2,0,4,0.25,0.0,0.5,12.62390466593206,10.91602612659335,28.037739351391792,9.313225746154785e-10,4.050221908837557,0.625,False,False
33.0,7,0,0,0,0.0,0.0,0.0,3.307808544486761,2.7585564106702805,7.149335470050573,-5.32184328351702e-10,1.1310796551406384,0.5714285714285714,False,False
34.0,7,0,0,0,0.0,0.0,0.0,3.914139135075467,5.029553446918726,6.822139341384172,-1.596552985055106e-09,-0.3137758076190948,0.5714285714285714,False,False
35.0,7,0,0,0,0.0,0.0,0.0,2.0157339242952212,1.7934962585568428,5.132886979728937,1.064368656703404e-09,0.0275053046643733,0.5714285714285714,False,False
36.0,7,0,0,0,0.0,0.0,0.0,3.768522461610181,3.321024969220161,7.8103210888803005,-2.1287369962002297e-09,0.1517401486635208,0.5714285714285714,False,False
37.0,7,0,0,0,0.0,0.0,0.0,4.137070681367602,3.94340643286705,7.360222399234772,-6.344131569286608e-17,1.0889700464904308,0.5714285714285714,False,False
38.0,7,0,0,0,0.0,0.0,0.0,2.1437431467430934,2.60393650084734,3.8306958712637424,-1.0643687201447198e-09,-0.7564722895622253,0.5714285714285714,False,False
39.0,7,0,0,0,0.0,0.0,0.0,2.4537593200802803,2.512502990663052,5.519090157002211,-1.0643685298207727e-09,0.5415497943758965,0.7142857142857143,False,False
40.0,7,0,0,1,0.0,0.0,0.14285714285714285,4.870778611728123,5.748814765363932,9.034979574382303,2.1287370596415454e-09,-0.6466292589902878,0.5714285714285714,False,False
41.0,8,0,0,4,0.0,0.0,0.5,9.956058646552265,8.623164530843496,17.974358096718788,9.313223525708736e-10,4.842877039685845,0.625,False,False
42.0,7,0,0,0,0.0,0.0,0.0,4.134386992348092,3.610929723829031,6.998879011720419,-5.32184328351702e-10,-0.3276112787425518,0.5714285714285714,False,False
43.0,7,0,0,0,0.0,0.0,0.0,5.900321024336985,6.339171357452869,9.657815724611282,-5.32184328351702e-10,-1.1916493400931358,0.5714285714285714,False,False
44.0,7,0,0,1,0.0,0.0,0.14285714285714285,4.4469609414892535,5.295850940048695,8.279493398964405,-5.32184328351702e-10,-0.6627454794943333,0.5714285714285714,False,False
45.0,7,0,0,0,0.0,0.0,0.0,3.150302234504904,2.671771213412285,6.540147043764591,4.257474626813616e-09,0.7503157965838909,0.5714285714285714,False,False
46.0,7,0,0,1,0.0,0.0,0.14285714285714285,5.958822643118245,5.931004613637924,10.624606922268867,2.128737313406808e-09,-2.258563607931137,0.5714285714285714,False,False
47.0,7,0,0,0,0.0,0.0,0.0,3.8273187689483166,2.854039669036865,6.888467948883772,-2.66092164175851e-09,-0.9513713978230952,0.5714285714285714,False,False
48.0,7,0,0,2,0.0,0.0,0.2857142857142857,5.555398367345333,3.055891200900078,12.013625912368298,2.128737313406808e-09,-1.5881256647408009,0.5714285714285714,False,False
49.0,7,0,0,0,0.0,0.0,0.0,2.608998656272888,1.987877514213324,5.977044273167849,2.1287373768481236e-09,0.4711317382752895,0.5714285714285714,False,False
50.0,7,0,0,2,0.0,0.0,0.2857142857142857,6.348197584173509,5.865672133862972,13.314290218055248,1.596552985055106e-09,-2.1243047043681145,0.5714285714285714,False,False
51.0,7,0,0,2,0.0,0.0,0.2857142857142857,7.35799592094762,8.120880231261253,13.86181441321969,1.0643684029381412e-09,-0.338482741266489,0.5714285714285714,False,False
52.0,7,0,0,1,0.0,0.0,0.14285714285714285,5.256929900497198,4.237409126013517,12.516258038580418,-1.596552985055106e-09,2.324054580181837,0.5714285714285714,False,False
53.0,7,0,0,1,0.0,0.0,0.14285714285714285,5.204364126282079,4.173914451152086,9.017255812883375,2.1287370596415454e-09,2.142725959420204,0.5714285714285714,False,False
54.0,7,0,0,1,0.0,0.0,0.14285714285714285,5.697725724428892,6.430255454033613,11.906935345381498,3.725290298461914e-09,1.5539372116327286,0.5714285714285714,False,False
55.0,7,0,0,0,0.0,0.0,0.0,5.114581917013441,6.8763141594827175,8.032660588622093,1.0643687835860354e-09,1.1133007891476154,0.5714285714285714,False,False
56.0,7,0,0,0,0.0,0.0,0.0,6.863594351602452,8.114491321146488,11.228354286402464,5.32184328351702e-10,2.387650154531002,0.5714285714285714,False,False
57.0,7,0,0,0,0.0,0.0,0.0,6.087006894073316,6.463838804513216,10.96046382561326,5.32184328351702e-10,2.9034031368792057,0.5714285714285714,False,False
58.0,7,0,0,0,0.0,0.0,0.0,4.502053879201412,4.57872636243701,8.720581747591496,0.0,-0.2596382685005665,0.7142857142857143,False,False
59.0,7,0,0,0,0.0,0.0,0.0,2.6010870949498246,2.6564925722777843,4.25001048669219,-5.32184328351702e-10,0.114954300224781,0.5714285714285714,False,False
60.0,7,0,0,0,0.0,0.0,0.0,2.895764979932989,3.873969927430153,4.448639798909426,2.128737313406808e-09,0.6989562921226025,0.5714285714285714,False,False
61.0,7,0,0,0,0.0,0.0,0.0,2.6974910678608075,2.834498807787895,5.506439197808504,2.128737313406808e-09,-1.0924463793635368,0.5714285714285714,False,False
62.0,7,0,0,0,0.0,0.0,0.0,3.1885902855013097,2.9226295724511147,5.642711006104946,5.32184328351702e-10,1.7557037509977818,0.5714285714285714,False,False
63.0,7,0,0,2,0.0,0.0,0.2857142857142857,5.932738571826901,4.690162181854248,11.495109055191278,2.6609218955237726e-09,-0.6763122156262398,0.5714285714285714,False,False
64.0,7,0,0,0,0.0,0.0,0.0,3.8388847964150563,2.787207841873169,7.063604936003685,-2.128737313406808e-09,-1.89616384729743,0.5714285714285714,False,False
65.0,7,0,0,0,0.0,0.0,0.0,3.4524910396763255,3.2230983525514603,6.716459859162569,-3.193105970110212e-09,2.318923484534025,0.5714285714285714,False,False
66.0,7,0,0,0,0.0,0.0,0.0,3.939194954931736,3.607098184525967,7.462640725076199,-2.128737123082861e-09,2.3097694739699364,0.7142857142857143,False,False
67.0,7,0,0,1,0.0,0.0,0.14285714285714285,5.4882756013955385,4.861658740788698,9.38333696126938,1.0643691642339296e-09,0.2816094234585762,0.5714285714285714,False,False
68.0,7,0,0,0,0.0,0.0,0.0,3.408598237804004,3.955420728772879,7.10071412846446,0.0,1.6414423771202564,0.5714285714285714,False,False
69.0,7,0,0,0,0.0,0.0,0.0,4.509929791092873,3.753191750496626,9.896848909556866,-1.064368656703404e-09,1.8722620457410808,0.7142857142857143,False,False
70.0,7,0,0,0,0.0,0.0,0.0,0.9396035671234131,0.8046163581311703,2.008375119417906,-1.1895246692412391e-17,0.2432838976383209,0.5714285714285714,False,False
71.0,8,4,0,5,0.5,0.0,0.625,17.726449471898377,18.265006748959422,38.63173659518361,2.7939686120248552e-09,-4.53375792875886,0.625,True,False
72.0,7,0,0,0,0.0,0.0,0.0,1.211482618536268,1.0441689752042294,2.1294484324753284,-2.128737313406808e-09,0.4391629099845886,0.5714285714285714,False,False
73.0,8,3,0,6,0.375,0.0,0.75,17.60279756085947,17.498525463044643,29.04600283876061,-1.3969838619232178e-09,-6.3424925319850445,0.625,False,False
74.0,8,2,0,6,0.25,0.0,0.75,13.3698656167835,14.579479893669486,21.662741258740425,0.0,2.374652847647667,0.5,False,False
75.0,8,3,0,6,0.375,0.0,0.75,17.1286407886073,18.514309734106064,27.92391398176551,2.7939672797572257e-09,-0.1589199248701334,0.5,False,False
76.0,8,2,0,6,0.25,0.0,0.75,15.834403925109655,17.336774852126837,25.730233311653137,1.3969838619232178e-09,2.8518729023635387,0.5,False,False
77.0,7,0,0,0,0.0,0.0,0.0,4.363789241760969,4.315787125378847,8.23308914154768,2.66092164175851e-09,-0.4949590004980564,0.5714285714285714,False,False
78.0,8,3,0,6,0.375,0.0,0.75,17.97905339160934,18.66690718755126,31.087772589176893,-1.3969838619232178e-09,-1.3743019364774232,0.5,False,False
79.0,8,3,0,5,0.375,0.0,0.625,14.944181779865175,12.883452244102955,28.35449967905879,4.656612873077393e-10,7.107982117682695,0.625,False,False
80.0,8,0,0,5,0.0,0.0,0.625,11.437727206852287,12.422209395095706,18.05545051768422,1.3969838619232178e-09,4.291435541585088,0.625,False,False
81.0,8,4,0,6,0.5,0.0,0.75,17.130955674219877,19.487414905801415,29.54899287596345,2.328307324717116e-09,2.4498034548014402,0.625,True,False
82.0,7,0,0,0,0.0,0.0,0.0,4.882882799421038,5.159791607409716,9.613931875675917,-1.064368656703404e-09,0.855373028665781,0.5714285714285714,False,False
83.0,8,0,0,4,0.0,0.0,0.5,9.416762649081647,9.530319150537252,18.606412295252085,0.0,2.1075144447386265,0.625,False,False
84.0,8,1,0,4,0.125,0.0,0.5,10.756392651237547,9.796339709311724,21.43382889777422,0.0,3.1397551521658897,0.625,False,False
85.0,7,0,0,0,0.0,0.0,0.0,2.770643529615232,2.67984240502119,5.508497700095177,5.32184328351702e-10,0.361867930740118,0.5714285714285714,False,False
86.0,8,2,0,5,0.25,0.0,0.625,12.911986351944506,13.419211205095053,26.213672269135717,-1.8626460374093767e-09,-2.818746145814657,0.625,False,False
87.0,7,0,0,0,0.0,0.0,0.0,2.157706942409277,2.201328083872795,4.484790321439505,-1.596552985055106e-09,-0.5070203132927418,0.5714285714285714,False,False
88.0,7,0,0,0,0.0,0.0,0.0,2.659243644880397,1.7226428799331188,5.301756173372269,-3.725290330182572e-09,0.8423333838582039,0.5714285714285714,False,False
89.0,7,0,0,0,0.0,0.0,0.0,2.816519566412483,2.108463834971189,6.459393825381994,2.6609217051998257e-09,-0.4677211605012417,0.5714285714285714,False,False
90.0,7,0,0,0,0.0,0.0,0.0,4.7570344513016085,5.047251749783754,6.691823102533817,1.596552985055106e-09,-1.7684665583074093,0.5714285714285714,False,False
91.0,7,0,0,0,0.0,0.0,0.0,2.6786433814891746,2.885900549590588,3.691997665911913,5.32184328351702e-10,-1.0955511257052422,0.5714285714285714,False,False
92.0,7,0,0,0,0.0,0.0,0.0,2.742760914244822,2.713141404092312,6.197688918560743,-1.596552985055106e-09,-0.0581659376621246,0.5714285714285714,False,False
93.0,7,0,0,0,0.0,0.0,0.0,1.5109645117606436,1.5220477990806105,2.8464175797998905,1.0643687201447198e-09,-0.1844980344176292,0.5714285714285714,False,False
94.0,7,0,0,1,0.0,0.0,0.14285714285714285,6.109807896826949,5.077394101768732,13.699078503996134,1.0643685932620883e-09,1.0535510703921318,0.5714285714285714,False,False
95.0,7,0,0,0,0.0,0.0,0.0,4.365295255290611,3.4200491718947887,9.757859259843826,2.660921610037852e-09,-0.4611195623874664,0.5714285714285714,False,False
96.0,7,0,0,0,0.0,0.0,0.0,4.062303892203739,3.397202506661415,9.022927194833755,3.193105970110212e-09,0.8672166876494884,0.5714285714285714,False,False
97.0,7,0,0,1,0.0,0.0,0.14285714285714285,6.841235236397812,5.932950019836426,14.62669950351119,-1.064368656703404e-09,1.684168092906475,0.5714285714285714,False,False
98.0,7,0,0,2,0.0,0.0,0.2857142857142857,7.559908368757793,5.496192187070847,17.063279323279858,1.0643684029381412e-09,1.569607075303793,0.5714285714285714,False,False
99.0,7,1,0,3,0.14285714285714285,0.0,0.42857142857142855,9.903561843825239,6.73340230435133,22.56847857683897,-2.66092164175851e-09,2.12354002520442,0.5714285714285714,False,False
100.0,7,2,0,3,0.2857142857142857,0.0,0.42857142857142855,11.336691954838377,7.83246872574091,26.07274509966373,-5.321838208211765e-10,-2.832310989499092,0.5714285714285714,False,False
101.0,7,2,0,4,0.2857142857142857,0.0,0.5714285714285714,12.378133325172323,10.086288157850504,28.167904619127512,-5.32184843812392e-10,0.3610391020774841,0.5714285714285714,False,False
102.0,7,0,0,0,0.0,0.0,0.0,5.045326540512698,3.842470578849316,10.98581863567233,1.0643685932620883e-09,0.1583229750394821,0.5714285714285714,False,False
103.0,7,0,0,0,0.0,0.0,0.0,4.454130703849452,2.6839218586683278,9.23502928763628,1.0643685932620883e-09,1.488229289650917,0.5714285714285714,False,False
104.0,7,0,0,0,0.0,0.0,0.0,3.135534061917237,2.474538736045361,6.669822581112385,-4.257474753696247e-09,-0.9171737022697926,0.5714285714285714,False,False
105.0,7,0,0,0,0.0,0.0,0.0,2.0218113719352653,1.962397713214159,4.4685211926698685,5.32184328351702e-10,1.2017831578850746,0.5714285714285714,False,False
106.0,7,0,0,0,0.0,0.0,0.0,2.2975219754236087,1.894099656492472,4.03866071626544,-2.128737345127466e-09,0.9302411675453186,0.5714285714285714,False,False
107.0,7,0,0,0,0.0,0.0,0.0,5.449144317635468,3.532015766948461,11.274073842912912,3.193106223875475e-09,1.508920669555664,0.5714285714285714,False,False
108.0,7,0,0,0,0.0,0.0,0.0,3.105895813022341,2.0605720840394497,6.046841826289892,-1.2688263138573217e-16,1.1547509916126728,0.5714285714285714,False,False
109.0,7,0,0,0,0.0,0.0,0.0,1.4499626840863908,0.9671276807785034,2.997105430811644,-1.0643685932620883e-09,0.4212376251816749,0.5714285714285714,False,False
110.0,7,0,0,0,0.0,0.0,0.0,2.7749949416943958,2.1516559086740017,5.386860191822052,-1.064368656703404e-09,-0.6212548352777958,0.7142857142857143,False,False
111.0,7,0,0,0,0.0,0.0,0.0,3.4914089840437685,2.930361971259117,6.713046297430992,1.596552985055106e-09,0.297910675406456,0.5714285714285714,False,False
112.0,7,0,0,0,0.0,0.0,0.0,2.3721930224980627,2.799813818186521,4.206913474947214,2.128737313406808e-09,-0.1743047386407852,0.5714285714285714,False,False
113.0,7,0,0,0,0.0,0.0,0.0,4.540525952620166,4.180711984634399,8.603921383619308,1.064368656703404e-09,-1.3279326222836971,0.7142857142857143,False,False
114.0,7,0,0,0,0.0,0.0,0.0,4.829195536673069,5.732308894395828,8.088820394128561,1.064368656703404e-09,-1.755661953240633,0.5714285714285714,False,False
115.0,7,0,0,0,0.0,0.0,0.0,3.9236078837088177,3.459525845944881,7.009339760988951,1.0643687201447198e-09,0.9560089074075222,0.5714285714285714,False,False
116.0,7,0,0,0,0.0,0.0,0.0,4.027846070804766,3.5288825407624245,7.1665627881884575,5.32184328351702e-10,1.4371731132268906,0.5714285714285714,False,False
117.0,7,0,0,0,0.0,0.0,0.0,1.597631479480437,1.871082488447428,2.802945509552956,5.321843917930177e-10,0.1292837262153625,0.5714285714285714,False,False
118.0,7,0,0,0,0.0,0.0,0.0,3.2805566042661667,3.3289617970585823,8.152986325323582,-2.1287371865241766e-09,0.996477209031582,0.7142857142857143,False,False
119.0,7,0,0,0,0.0,0.0,0.0,4.803468186940465,5.125039644539356,10.424889102578163,-1.064368656703404e-09,2.920007642358541,0.5714285714285714,False,False
120.0,7,0,0,1,0.0,0.0,0.14285714285714285,4.8476004510053565,4.445082288235426,12.23348381742835,5.32184328351702e-10,1.8942037373781204,0.5714285714285714,False,False
121.0,7,0,0,0,0.0,0.0,0.0,4.306570962603603,4.805106922984123,10.00396641343832,1.596552985055106e-09,1.2876408621668816,0.7142857142857143,False,False
122.0,7,0,0,0,0.0,0.0,0.0,2.2569571754762103,3.007844429463148,3.881837129592896,2.1287372499654923e-09,0.3179497271776199,0.5714285714285714,False,False
123.0,7,0,0,0,0.0,0.0,0.0,2.5712540623332774,2.014672815799713,6.31811960414052,-2.66092164175851e-09,-0.3044739626348018,0.5714285714285714,False,False
124.0,7,0,0,0,0.0,0.0,0.0,1.1849242922450816,0.8190090209245682,2.2347343005239964,5.32184328351702e-10,0.4357184134423733,0.5714285714285714,False,False
125.0,7,0,0,0,0.0,0.0,0.0,1.1913982267890657,1.117483913898468,1.961645983159542,0.0,-0.0073025710880756,0.5714285714285714,False,False
126.0,8,5,2,6,0.625,0.25,0.75,28.938968637026846,29.587038584053516,54.718352764844894,1.862645149230957e-09,7.1611407995224,0.625,True,False
127.0,7,0,0,0,0.0,0.0,0.0,1.3478882036038808,1.3478523455560207,2.366907447576523,-1.064368656703404e-09,-0.4986771233379841,0.5714285714285714,False,False
128.0,7,0,0,0,0.0,0.0,0.0,2.126081399087395,1.894187357276678,3.4828571788966656,-3.7252902350205984e-09,0.8711502589285374,0.5714285714285714,False,False
129.0,7,0,0,0,0.0,0.0,0.0,1.0518351649599416,0.8351376838982105,2.3935556821525097,1.5965529691947771e-09,0.1994401663541793,0.5714285714285714,False,False
130.0,7,0,0,0,0.0,0.0,0.0,1.4772120134106703,1.547605749219656,2.964733015745878,2.66092164175851e-09,0.7108995281159878,0.5714285714285714,False,False
131.0,7,0,0,0,0.0,0.0,0.0,1.79525433161429,1.8071126490831373,3.4361897446215157,1.2688263138573217e-16,-0.3899668790400028,0.5714285714285714,False,False
132.0,7,0,0,0,0.0,0.0,0.0,2.5449466684034894,2.110004436224699,4.785061851143837,-1.0643686884240618e-09,0.1691064499318599,0.5714285714285714,False,False
133.0,8,6,3,6,0.75,0.375,0.75,41.75804688502103,41.83500242419541,77.5081123560667,1.862645149230957e-09,12.84559347294271,0.625,True,False
134.0,8,0,0,3,0.0,0.0,0.375,9.095238809939474,10.574776513502002,13.736570719629526,4.6566106526313433e-10,2.486931174993515,0.625,False,False
135.0,7,0,0,0,0.0,0.0,0.0,4.321297914321933,4.440005380660296,7.801449194550514,-1.5965528581724747e-09,1.1061649210751057,0.5714285714285714,False,False
136.0,7,0,0,0,0.0,0.0,0.0,3.5464355583701814,2.3489676862955093,8.409230072051287,0.0,1.9334295876324177,0.5714285714285714,False,False
137.0,8,5,1,5,0.625,0.125,0.625,26.701218551956117,28.125143941491842,50.06506375595927,-2.7939703883816946e-09,4.586945164948702,0.5,True,False
138.0,7,0,0,1,0.0,0.0,0.14285714285714285,5.367616293153593,3.762486647814512,12.48962888494134,-1.596552985055106e-09,3.3559099063277245,0.5714285714285714,False,False
139.0,7,0,0,0,0.0,0.0,0.0,4.451675061668668,4.090218231081963,9.572078946977854,1.064368656703404e-09,1.0911595560610294,0.5714285714285714,False,False
140.0,7,0,0,1,0.0,0.0,0.14285714285714285,5.169735941503729,4.6167973428964615,12.71815386787057,2.12873729952902e-09,0.0313163734972476,0.5714285714285714,False,False
141.0,7,0,0,0,0.0,0.0,0.0,4.334852909935372,5.544874984771013,9.01767685264349,3.725290266741256e-09,1.9337312802672384,0.5714285714285714,False,False
142.0,7,0,0,0,0.0,0.0,0.0,4.224423603287765,3.9682592526078224,9.526559755206108,-3.193105970110212e-09,1.59549143537879,0.5714285714285714,False,False
143.0,7,0,0,0,0.0,0.0,0.0,2.9719094692596366,3.2702130302786827,6.763485677540302,5.321843917930177e-10,-0.3857983611524105,0.5714285714285714,False,False
144.0,7,0,0,0,0.0,0.0,0.0,3.792393784970045,2.9630736894905567,8.672529347240925,1.5965530484964218e-09,2.0766981169581413,0.5714285714285714,False,False
145.0,7,0,0,1,0.0,0.0,0.14285714285714285,5.233615952943053,5.270641345530748,12.93980160728097,-3.1931059582149655e-09,0.5648611970245838,0.5714285714285714,False,False
146.0,7,0,0,0,0.0,0.0,0.0,3.9586435050836632,3.8971872366964817,6.970251578837633,-5.32184328351702e-10,-1.058112408965826,0.7142857142857143,False,False
147.0,7,0,0,0,0.0,0.0,0.0,2.5442697485642776,2.4092719070613384,5.637452736496925,1.596552985055106e-09,0.8054330758750439,0.5714285714285714,False,False
148.0,7,0,0,0,0.0,0.0,0.0,1.9107766641037804,1.849897764623165,3.9622171372175217,2.128737345127466e-09,-1.1922478564083576,0.5714285714285714,False,False
149.0,8,5,2,5,0.625,0.25,0.625,28.631849677767605,28.30625034123659,54.14393131434917,-3.2596298993325945e-09,6.681172050535678,0.625,True,False
150.0,7,0,0,1,0.0,0.0,0.14285714285714285,5.633118235106979,4.592127420008183,10.715472344309092,-5.321844552343334e-10,-3.17112684994936,0.7142857142857143,False,False
151.0,7,0,0,0,0.0,0.0,0.0,5.831476560660771,5.738432336598635,10.450619533658028,0.0,0.2446404471993446,0.5714285714285714,False,False
152.0,7,1,0,4,0.14285714285714285,0.0,0.5714285714285714,11.252893281834465,10.205471012741327,20.343053001910448,-1.064368656703404e-09,-8.01325986534357,0.5714285714285714,False,False
153.0,7,0,0,1,0.0,0.0,0.14285714285714285,6.009063800530774,5.841552719473839,10.871121179312468,1.064368656703404e-09,-1.6909472085535526,0.5714285714285714,False,False
154.0,7,0,0,3,0.0,0.0,0.42857142857142855,7.446661330759525,7.67512097582221,13.150486532598734,1.0643684029381412e-09,-0.4328108765184879,0.5714285714285714,False,False
155.0,7,0,0,0,0.0,0.0,0.0,4.8311844537300725,4.4750050380826,8.374080576002598,-5.32184328351702e-10,-3.067269265651703,0.5714285714285714,False,False
156.0,7,0,0,0,0.0,0.0,0.0,2.925798775894301,2.3375290855765343,6.892055973410606,3.193105970110212e-09,-0.0680354572832584,0.5714285714285714,False,False
157.0,7,0,0,0,0.0,0.0,0.0,2.5726466679147313,2.6415187530219555,5.959254797548056,0.0,1.0706455819308758,0.5714285714285714,False,False
158.0,7,0,0,0,0.0,0.0,0.0,3.5267825233084813,2.7175864800810814,6.945781264454126,-3.193105970110212e-09,-0.7490287721157074,0.5714285714285714,False,False
159.0,7,0,0,0,0.0,0.0,0.0,3.25034665156688,3.267603654414416,6.701750677078962,-5.32184328351702e-10,1.021252952516079,0.5714285714285714,False,False
160.0,7,0,0,0,0.0,0.0,0.0,3.3738960730178014,3.3648950308561325,7.40101708099246,-1.0643687835860354e-09,0.8537173196673393,0.7142857142857143,False,False
161.0,7,0,0,0,0.0,0.0,0.0,4.322620940527746,2.9801929965615277,9.944369278848171,-5.32184328351702e-10,0.5119559280574322,0.5714285714285714,False,False
162.0,7,0,0,0,0.0,0.0,0.0,2.094536050621952,1.9822468422353268,3.552369851619005,-1.596552985055106e-09,-0.3205514885485172,0.5714285714285714,False,False
163.0,7,0,0,0,0.0,0.0,0.0,3.7294272977326597,2.266891323029995,8.530181258916855,-5.321842649103863e-10,-0.6184109896421432,0.5714285714285714,False,False
164.0,7,0,0,2,0.0,0.0,0.2857142857142857,7.044458077954395,5.467484254390001,12.76869035512209,2.66092164175851e-09,-2.0669752284884453,0.5714285714285714,False,False
165.0,7,0,0,0,0.0,0.0,0.0,3.2990287079342773,2.075074143707752,7.592705134302378,-2.66092164175851e-09,-0.3064860217273235,0.5714285714285714,False,False
166.0,7,0,0,0,0.0,0.0,0.0,4.913725512900522,3.2518122233450413,10.897628385573626,2.66092164175851e-09,1.4753957092761991,0.5714285714285714,False,False
167.0,7,0,0,0,0.0,0.0,0.0,3.2082400800926343,2.626951176673174,7.350637428462505,-2.1287374402894396e-09,0.4623721241950989,0.5714285714285714,False,False
168.0,7,0,0,0,0.0,0.0,0.0,3.9978024304977486,3.27565536275506,8.540674690157175,5.321842649103863e-10,1.521984651684761,0.5714285714285714,False,False
169.0,7,0,0,0,0.0,0.0,0.0,2.7125406973063946,3.4501998387277126,4.468694508075714,5.32184328351702e-10,0.7899877056479454,0.5714285714285714,False,False
170.0,7,0,0,0,0.0,0.0,0.0,1.1056731369878565,0.9466458782553672,1.9594843350350857,-4.7896589551653184e-09,0.4517879299819469,0.5714285714285714,False,False
171.0,7,0,0,0,0.0,0.0,0.0,3.473120069397347,2.833059523254633,6.2999460101127625,-1.596552985055106e-09,1.4317514263093472,0.5714285714285714,False,False
172.0,7,0,0,0,0.0,0.0,0.0,3.682627880147525,3.5166900269687176,6.321107722818852,2.1287371865241766e-09,1.5793136022984982,0.5714285714285714,False,False
173.0,7,0,0,0,0.0,0.0,0.0,2.4794645101896355,2.42742170765996,4.439738225191832,5.32184328351702e-10,0.5982249714434147,0.7142857142857143,False,False
174.0,7,0,0,0,0.0,0.0,0.0,4.517644627285855,3.191264186054468,9.761914022266865,1.596553175379053e-09,0.7328427024185658,0.5714285714285714,False,False
175.0,7,0,0,0,0.0,0.0,0.0,5.028973119067294,2.9533879943192005,11.829131618142128,-5.32184328351702e-10,-1.1862198896706104,0.5714285714285714,False,False
176.0,7,0,0,2,0.0,0.0,0.2857142857142857,6.133479417434761,3.337244711816311,14.01710581034422,1.064368656703404e-09,-1.026062160730362,0.5714285714285714,False,False
177.0,7,0,0,0,0.0,0.0,0.0,5.801132920065096,4.704562894999981,11.147519640624523,-5.321842649103863e-10,2.1324511393904686,0.5714285714285714,False,False
178.0,7,0,0,0,0.0,0.0,0.0,3.9941770136356354,3.279176663607359,8.689589515328407,1.064368656703404e-09,0.7202172391116619,0.5714285714285714,False,False
179.0,7,0,0,0,0.0,0.0,0.0,5.691068936671529,5.193641182035208,10.953676395118237,-2.220446049250313e-16,1.4985175654292109,0.5714285714285714,False,False
180.0,7,0,0,0,0.0,0.0,0.0,5.105389290622303,5.031807444989681,9.433501828461884,1.0643689104686667e-09,-0.2365905456244945,0.5714285714285714,False,False
181.0,7,0,0,0,0.0,0.0,0.0,2.084260987916163,2.266182765364647,4.607244171202183,-1.596552985055106e-09,-0.1034242399036884,0.5714285714285714,False,False
182.0,7,0,0,0,0.0,0.0,0.0,5.12837335893086,3.9556849859654895,11.452952917665243,-1.0643689104686667e-09,-0.4424043670296669,0.5714285714285714,False,False
183.0,7,0,0,0,0.0,0.0,0.0,3.2051784970930646,2.7769571766257286,7.697229444980621,1.0643685932620883e-09,0.0992772243916988,0.5714285714285714,False,False
184.0,7,0,0,0,0.0,0.0,0.0,3.9010053149291446,3.997470330446959,6.652018308639526,-2.1287373768481236e-09,-0.9681341573596,0.5714285714285714,False,False
185.0,7,0,0,0,0.0,0.0,0.0,4.168220000607627,3.514109842479229,7.624764379113913,1.2688263138573217e-16,-0.7126520276069641,0.5714285714285714,False,False
186.0,7,0,0,0,0.0,0.0,0.0,3.6636365465819836,3.460520785301924,6.545271914452314,-5.321844552343334e-10,1.439674161374569,0.5714285714285714,False,False
187.0,7,0,0,0,0.0,0.0,0.0,2.9579242255006517,2.1532602310180664,7.2839217483997345,1.0643685932620883e-09,1.5932964533567429,0.5714285714285714,False,False
188.0,7,0,0,0,0.0,0.0,0.0,2.7451371736824512,2.921076614409685,5.098318949341774,-2.6609217051998257e-09,0.54352618008852,0.5714285714285714,False,False
189.0,7,0,0,0,0.0,0.0,0.0,0.6538762844034604,0.4533999152481556,1.4755138866603374,-2.1287373213369723e-09,0.0515183322131633,0.5714285714285714,False,False
190.0,7,0,0,0,0.0,0.0,0.0,2.6434470899403095,2.366895716637373,5.137722805142403,2.66092164175851e-09,0.9158401377499104,0.5714285714285714,False,False
191.0,7,0,0,1,0.0,0.0,0.14285714285714285,4.527886390686035,5.072955846786499,8.72993228211999,1.064368656703404e-09,0.1001881211996078,0.5714285714285714,False,False
192.0,7,0,0,1,0.0,0.0,0.14285714285714285,6.1993409384574205,6.633985720574856,11.498010881245136,-2.128737313406808e-09,1.2771652527153492,0.5714285714285714,False,False
193.0,7,0,0,0,0.0,0.0,0.0,2.581836965467249,2.56314629688859,4.5927169397473335,0.0,-0.6106562688946724,0.5714285714285714,False,False
194.0,7,0,0,1,0.0,0.0,0.14285714285714285,5.305966443781342,5.930018644779921,10.033404476940632,1.596552985055106e-09,-1.8405745178461077,0.7142857142857143,False,False
195.0,7,0,0,1,0.0,0.0,0.14285714285714285,5.34172085193651,6.37601962685585,10.27816241234541,-5.32184328351702e-10,0.0617451593279838,0.5714285714285714,False,False
196.0,7,0,0,2,0.0,0.0,0.2857142857142857,8.033926362437862,7.481615763157606,14.412063278257849,-2.128737313406808e-09,-3.0784498043358326,0.5714285714285714,False,False
197.0,7,0,0,0,0.0,0.0,0.0,3.5457299633749892,3.398063864558935,6.710989460349083,-1.596552985055106e-09,-0.4997728019952774,0.7142857142857143,False,False
198.0,7,0,0,1,0.0,0.0,0.14285714285714285,4.759560264114823,4.211538441479206,11.481289815157652,1.596552985055106e-09,1.1616863720119,0.5714285714285714,False,False
199.0,7,0,0,0,0.0,0.0,0.0,4.138735888791936,4.668265018612146,7.295027755200863,-5.32184328351702e-10,-1.5116578377783298,0.5714285714285714,False,False
200.0,7,0,0,0,0.0,0.0,0.0,2.822669913194009,1.6924045160412788,5.992159694433212,-5.32184328351702e-10,-0.920506551861763,0.7142857142857143,False,False
201.0,7,0,0,0,0.0,0.0,0.0,3.2330993562936783,2.8345225155353546,7.613526772707701,1.0643687835860354e-09,0.9806974269449712,0.5714285714285714,False,False
202.0,7,0,0,0,0.0,0.0,0.0,1.212477414735726,1.0390703864395618,3.017857253551483,-1.064368656703404e-09,0.1098355613648891,0.5714285714285714,False,False
203.0,7,0,0,0,0.0,0.0,0.0,0.9731774548334735,0.8482927978038788,2.0283668637275696,1.596552985055106e-09,0.1378340870141983,0.5714285714285714,False,False
204.0,7,0,0,0,0.0,0.0,0.0,3.150999655680997,2.980536464601755,4.356323152780533,-1.064368656703404e-09,-1.068385649472475,0.5714285714285714,False,False
205.0,7,0,0,0,0.0,0.0,0.0,4.4241247943469455,4.187793500721455,9.722953274846075,-3.193106350758106e-09,-2.0000110752880573,0.5714285714285714,False,False
206.0,7,0,0,0,0.0,0.0,0.0,4.105596486479044,2.986809466034174,9.341727048158646,5.32184328351702e-10,-0.0195130854845047,0.5714285714285714,False,False
207.0,7,0,0,0,0.0,0.0,0.0,6.042634747390236,6.278717193752527,7.990470960736275,1.596552985055106e-09,-3.90300040319562,0.5714285714285714,False,False
208.0,7,0,0,0,0.0,0.0,0.0,5.753472050385816,6.416507627815008,8.52070165425539,4.257474563372301e-09,-3.161753810942173,0.5714285714285714,False,False
209.0,7,0,0,0,0.0,0.0,0.0,4.8653135278395245,3.631840843707323,10.224043734371662,2.128737313406808e-09,1.4648415111005306,0.5714285714285714,False,False
210.0,7,0,0,0,0.0,0.0,0.0,5.0133953376540115,4.1418476812541485,11.352292463183405,5.321845821169648e-10,0.8142083883285522,0.5714285714285714,False,False
211.0,7,0,0,2,0.0,0.0,0.2857142857142857,6.448752659772124,5.904261261224747,15.133464090526104,-2.128737567172071e-09,-0.2146706320345401,0.5714285714285714,False,False
212.0,7,0,0,2,0.0,0.0,0.2857142857142857,8.526608861982822,5.317208465188742,19.34026033803821,-2.1287378209373334e-09,-1.082226499915123,0.5714285714285714,False,False
213.0,7,0,0,1,0.0,0.0,0.14285714285714285,6.109367920884064,6.96834209561348,11.501894809305668,1.064368656703404e-09,-1.1406704410910606,0.5714285714285714,False,False
214.0,7,0,0,1,0.0,0.0,0.14285714285714285,7.739934318299804,7.054116729646921,14.585353054106236,2.66092164175851e-09,0.4956144616007805,0.5714285714285714,False,False
215.0,7,1,0,2,0.14285714285714285,0.0,0.2857142857142857,8.481062650680542,3.8856541365385056,20.163245383650064,2.128737313406808e-09,-2.2368703484535217,0.5714285714285714,False,False
216.0,7,0,0,2,0.0,0.0,0.2857142857142857,9.242262613560472,9.48722541704774,19.03308231011033,1.064368656703404e-09,2.424976918846369,0.5714285714285714,False,False
217.0,7,0,0,1,0.0,0.0,0.14285714285714285,6.702323197786297,3.710982542484999,15.20039001107216,-2.660921387993247e-09,0.8648973219096661,0.5714285714285714,False,False
218.0,7,0,0,0,0.0,0.0,0.0,5.138336963951588,4.044411487877369,11.120513912290336,1.0643689104686667e-09,1.2866097390651705,0.5714285714285714,False,False
219.0,7,0,0,2,0.0,0.0,0.2857142857142857,5.354876592223134,2.9619486406445503,11.51923554763198,-5.321845821169648e-10,-1.6390219517052174,0.7142857142857143,False,False
220.0,7,0,0,1,0.0,0.0,0.14285714285714285,5.793282639767442,3.916288193315268,13.53476456552744,2.128737313406808e-09,-0.5681170374155045,0.5714285714285714,False,False
221.0,7,0,0,0,0.0,0.0,0.0,5.2285776228777,4.996888540685177,8.745513122528791,1.596552985055106e-09,0.6547857597470284,0.5714285714285714,False,False
222.0,7,0,0,1,0.0,0.0,0.14285714285714285,5.370192929037979,3.3265175819396973,12.07290193811059,0.0,0.8370059281587601,0.5714285714285714,False,False
223.0,7,0,0,3,0.0,0.0,0.42857142857142855,10.16407882954393,10.990457627922297,16.482652358710766,2.128737313406808e-09,-5.054211318492889,0.5714285714285714,False,False
224.0,7,0,0,1,0.0,0.0,0.14285714285714285,7.546256760933569,6.812520734965801,12.520303200930355,1.5965527312898432e-09,-5.899028025567532,0.5714285714285714,False,False
225.0,7,0,0,0,0.0,0.0,0.0,4.978765704802105,4.852992068976164,10.66250229999423,2.128737313406808e-09,-2.5797185339033604,0.5714285714285714,False,False
226.0,7,0,0,0,0.0,0.0,0.0,5.869164254516363,6.909831453114748,10.687372460961342,5.32184328351702e-10,-2.009301893413067,0.7142857142857143,False,False
227.0,7,0,0,0,0.0,0.0,0.0,3.9702431985310147,3.817707277834416,7.140109125524759,1.0643687201447198e-09,-1.601327747106552,0.5714285714285714,False,False
228.0,7,0,0,0,0.0,0.0,0.0,2.999933828732797,3.2880928441882133,4.795801058411598,-3.725290298461914e-09,-0.978968184441328,0.5714285714285714,False,False
229.0,7,0,0,0,0.0,0.0,0.0,5.726027438683169,6.257156375795603,11.048185251653194,0.0,-0.8724934868514538,0.7142857142857143,False,False
230.0,7,0,0,0,0.0,0.0,0.0,2.745066941848823,2.180269692093134,5.618133947253227,1.064368656703404e-09,0.4576047398149967,0.5714285714285714,False,False
231.0,7,0,0,0,0.0,0.0,0.0,1.8616547169429916,1.4682038687169552,3.941292680799961,0.0,1.2524153478443625,0.5714285714285714,False,False
232.0,7,0,0,0,0.0,0.0,0.0,5.640736049839428,5.98671455681324,10.888970986008644,2.128737313406808e-09,-1.478826317936182,0.5714285714285714,False,False
233.0,7,0,0,0,0.0,0.0,0.0,3.839007698531662,2.618040829896927,8.159707855433226,5.32184328351702e-10,-0.472279567271471,0.5714285714285714,False,False
234.0,7,0,0,0,0.0,0.0,0.0,4.581670885639531,3.014788154512644,10.49298821017146,-1.0643684029381412e-09,-0.5345701649785042,0.5714285714285714,False,False
235.0,7,0,0,0,0.0,0.0,0.0,2.257631362016712,1.4440372698009014,5.288771472871304,-5.321842569802218e-10,-0.3816972970962524,0.5714285714285714,False,False
236.0,7,0,0,0,0.0,0.0,0.0,4.639182827302387,4.755326468497515,8.35133645683527,3.193105970110212e-09,1.5363929085433483,0.5714285714285714,False,False
237.0,7,0,0,0,0.0,0.0,0.0,3.8100949557764188,3.2010056748986244,7.933707747608423,-3.193105970110212e-09,2.633209988474846,0.5714285714285714,False,False
238.0,7,0,0,0,0.0,0.0,0.0,4.229233109525272,4.906051076948643,7.673086483031511,3.193105970110212e-09,-1.7170989885926249,0.7142857142857143,False,False
239.0,7,0,0,0,0.0,0.0,0.0,4.829321177410228,5.229055989533663,8.289656527340412,-5.321843917930177e-10,2.124423492699861,0.5714285714285714,False,False
240.0,7,0,0,1,0.0,0.0,0.14285714285714285,4.82651375713093,3.5577982999384403,12.09957616776228,-1.596552985055106e-09,-0.3971472270786762,0.5714285714285714,False,False
241.0,7,0,0,0,0.0,0.0,0.0,5.191691137850285,5.991309653967619,8.285804558545351,-6.344131569286608e-17,2.101664643734693,0.5714285714285714,False,False
242.0,7,0,0,0,0.0,0.0,0.0,4.324927353433201,5.605397466570139,7.433978721499443,0.0,-0.187107402831316,0.5714285714285714,False,False
243.0,7,0,0,0,0.0,0.0,0.0,3.500321941184146,3.8775232322514057,6.171086747199297,5.32184328351702e-10,-1.1283643692731855,0.5714285714285714,False,False
244.0,7,0,0,0,0.0,0.0,0.0,2.745752729475498,2.113460175693035,5.117965579032898,0.0,0.6281980909407139,0.5714285714285714,False,False
245.0,7,0,0,0,0.0,0.0,0.0,1.8518188861863953,1.859806761145592,3.245488341897726,1.064368656703404e-09,-0.1443633660674095,0.5714285714285714,False,False
246.0,7,0,0,0,0.0,0.0,0.0,2.789739677416427,3.3014220483601093,5.367995776236057,-1.596552985055106e-09,-0.0428370349109172,0.5714285714285714,False,False
247.0,7,0,0,0,0.0,0.0,0.0,3.1836917442934856,3.0359731800854206,5.83411168679595,1.0643686249827461e-09,1.5338937751948831,0.5714285714285714,False,False
248.0,7,0,0,0,0.0,0.0,0.0,2.9072363706571713,3.662485014647245,5.103874396532774,1.064368656703404e-09,-0.208333782851696,0.5714285714285714,False,False
249.0,7,0,0,0,0.0,0.0,0.0,3.223471629832472,3.262721970677376,6.031844407320023,-1.064368656703404e-09,-0.8801395446062088,0.5714285714285714,False,False
250.0,7,0,0,0,0.0,0.0,0.0,4.222473457987819,4.871393267065287,6.510583270341158,1.596552985055106e-09,-1.8026546835899355,0.5714285714285714,False,False
251.0,7,0,0,0,0.0,0.0,0.0,3.1688897040273463,1.8479052148759365,7.587043166160583,5.321844552343334e-10,-0.6329603642225266,0.7142857142857143,False,False
252.0,7,0,0,0,0.0,0.0,0.0,2.5447790942021777,1.72354768961668,5.695150703191757,-1.064368656703404e-09,0.4785768315196037,0.5714285714285714,False,False
253.0,7,0,0,0,0.0,0.0,0.0,2.7628165100302016,2.6697873137891293,6.142232805490494,0.0,-1.0668208375573158,0.5714285714285714,False,False
254.0,7,0,0,1,0.0,0.0,0.14285714285714285,6.172689873725176,5.369354989379644,11.421162143349648,2.66092164175851e-09,-1.4772713854908943,0.5714285714285714,False,False
255.0,7,0,0,0,0.0,0.0,0.0,2.302690278738737,1.177245456725359,4.931626293808222,5.32184328351702e-10,-0.7913695871829987,0.5714285714285714,False,False
256.0,7,0,0,1,0.0,0.0,0.14285714285714285,5.3448351712099145,4.574309948831797,11.61023709923029,1.596552985055106e-09,2.872478030622005,0.7142857142857143,False,False
257.0,7,0,0,2,0.0,0.0,0.2857142857142857,8.887002933770418,7.956691704690456,16.713384576141834,1.5965532388203689e-09,-5.172101587057114,0.5714285714285714,False,False
258.0,7,1,0,3,0.14285714285714285,0.0,0.42857142857142855,8.010465837482895,7.927715133875608,20.10891530290246,1.596552985055106e-09,-1.7189140804111958,0.7142857142857143,False,False
259.0,7,0,0,3,0.0,0.0,0.42857142857142855,8.252417711274964,9.161697298288344,15.219059590250254,-2.5376526277146434e-16,0.1117345094680786,0.5714285714285714,False,False
260.0,7,0,0,0,0.0,0.0,0.0,4.2711622624525,3.230062961578369,9.774460028856993,2.660921610037852e-09,-0.8070769384503365,0.5714285714285714,False,False
261.0,7,1,0,4,0.14285714285714285,0.0,0.5714285714285714,11.397966011826481,12.46498454734683,24.55600067600608,-1.596552985055106e-09,1.571758933365345,0.5714285714285714,False,False
262.0,7,1,0,3,0.14285714285714285,0.0,0.42857142857142855,10.741236782499723,9.52395125105977,25.13416311889887,2.1287372499654923e-09,2.911254800856113,0.5714285714285714,False,False
263.0,7,1,0,2,0.14285714285714285,0.0,0.2857142857142857,9.4538365714252,9.29052734002471,20.67187550291419,-5.321840745864392e-10,2.5508408658206463,0.5714285714285714,False,False
264.0,7,1,0,2,0.14285714285714285,0.0,0.2857142857142857,8.749105903719153,6.019341193139553,21.13337029144168,1.0643689104686667e-09,3.1969217099249363,0.5714285714285714,False,False
265.0,7,0,0,4,0.0,0.0,0.5714285714285714,9.76143493982298,11.987952075898647,18.08387554809451,-5.32184328351702e-10,2.0939688868820667,0.7142857142857143,False,False
266.0,7,0,0,0,0.0,0.0,0.0,6.183516723236868,6.005008343607187,10.176760155707598,-5.32184328351702e-10,2.0082148648798466,0.5714285714285714,False,False
267.0,7,0,0,2,0.0,0.0,0.2857142857142857,6.49082115026457,6.775607321411371,14.681759260594845,1.596552985055106e-09,1.714073117822409,0.5714285714285714,False,False
268.0,7,0,0,3,0.0,0.0,0.42857142857142855,9.055809630879335,10.895343512296677,16.860938113182783,-1.0643689104686667e-09,1.596960224211216,0.5714285714285714,False,False
269.0,7,0,0,1,0.0,0.0,0.14285714285714285,7.886908931923764,10.235377538949251,11.915230344980955,-5.321845821169648e-10,2.972477074712515,0.5714285714285714,False,False
270.0,7,0,0,0,0.0,0.0,0.0,3.716557410678693,4.4656509310007095,6.07155978679657,5.32184328351702e-10,1.736136630177498,0.5714285714285714,False,False
271.0,7,0,0,0,0.0,0.0,0.0,3.149574118533305,2.344777014106512,6.139396294951439,5.32184328351702e-10,0.6397449597716331,0.5714285714285714,False,False
272.0,8,0,0,0,0.0,0.0,0.0,3.3971505905501544,2.918261995539069,6.346265282481909,4.190951585769653e-09,1.1313352081924677,0.625,False,False
273.0,7,0,0,0,0.0,0.0,0.0,5.667972935097558,6.353986203670502,10.717113230377436,0.0,1.094738882035017,0.7142857142857143,False,False
274.0,8,0,0,0,0.0,0.0,0.0,3.6142380186356604,3.1053605284541845,7.484462577849626,-4.6566106526313433e-10,-0.38088422082364554,0.625,False,False
275.0,8,0,0,0,0.0,0.0,0.0,3.50416864734143,2.8751220796257257,7.562527187168598,9.313226301266297e-10,0.17188755236566056,0.5,False,False
276.0,7,0,0,0,0.0,0.0,0.0,4.264017057738134,4.7709073051810265,6.969723854213953,1.596552985055106e-09,1.7487318068742752,0.5714285714285714,False,False
277.0,7,0,0,2,0.0,0.0,0.2857142857142857,6.237699408084154,6.27299877628684,11.70441598445177,-1.596552985055106e-09,-1.7642070837318895,0.5714285714285714,False,False
278.0,7,0,0,0,0.0,0.0,0.0,5.680595660848277,5.233174614608288,9.601843427866696,-3.193106223875475e-09,0.3208414055407047,0.5714285714285714,False,False
279.0,7,0,0,0,0.0,0.0,0.0,3.167642485882555,3.829985249787569,5.376402758061886,-1.064368656703404e-09,1.3121739737689495,0.5714285714285714,False,False
280.0,7,0,0,0,0.0,0.0,0.0,3.7897610839988505,3.661377258598805,9.382826026529074,1.596552985055106e-09,-0.4203132539987564,0.5714285714285714,False,False
281.0,7,0,0,0,0.0,0.0,0.0,2.0193756563322887,1.904108703136444,5.163706086575985,-2.1287373768481236e-09,-0.2886766828596592,0.7142857142857143,False,False
282.0,7,0,0,2,0.0,0.0,0.2857142857142857,5.534525386456933,4.8297308832407,11.674359492957592,1.5965532388203689e-09,-1.4646103046834469,0.5714285714285714,False,False
283.0,7,0,0,1,0.0,0.0,0.14285714285714285,6.706200759325709,4.303016051650047,16.448325030505657,2.128737313406808e-09,-3.444263204932213,0.5714285714285714,False,False
284.0,7,0,0,0,0.0,0.0,0.0,4.202316138361182,3.1868758983910084,7.117109954357147,0.0,1.2487460561096668,0.5714285714285714,False,False
285.0,7,0,0,0,0.0,0.0,0.0,1.7698420940765314,1.6940011382102966,4.335901744663715,-2.660921645723592e-09,-0.1936476975679397,0.5714285714285714,False,False
286.0,7,0,0,0,0.0,0.0,0.0,1.9646926405174392,2.16955853626132,4.661925952881575,-1.0643686467906984e-09,-0.4104627519845962,0.7142857142857143,False,False
287.0,7,0,0,0,0.0,0.0,0.0,4.458573429180043,4.064149424433708,10.2253792360425,1.596552985055106e-09,1.243254479020834,0.5714285714285714,False,False
288.0,7,0,0,0,0.0,0.0,0.0,1.7239873334765434,1.8366029001772404,3.303527098149061,6.344131569286608e-17,-0.1732557155191898,0.5714285714285714,False,False
289.0,7,0,0,0,0.0,0.0,0.0,2.526996284723282,2.7896949723362923,5.662274789065123,7.930164461608261e-17,0.9151407964527608,0.5714285714285714,False,False
290.0,7,0,0,0,0.0,0.0,0.0,4.63730812338846,2.931332666426897,10.452034119516613,-5.321845821169648e-10,-0.4169292822480201,0.5714285714285714,False,False
291.0,8,0,0,2,0.0,0.0,0.25,6.360494509339333,6.223644971847534,12.76631525158882,3.725290520506519e-09,1.5728541798889637,0.625,False,False
292.0,8,0,0,1,0.0,0.0,0.125,6.5382992890663445,5.910174448043108,12.604968760162592,2.3283064365386963e-09,-2.201201567426324,0.625,False,False
293.0,7,0,0,0,0.0,0.0,0.0,3.0395472603184834,2.8118540085852146,5.337844677269459,4.257474626813616e-09,2.1692505665123463,0.5714285714285714,False,False
294.0,7,0,0,0,0.0,0.0,0.0,2.3626424095460345,2.25597483292222,5.107595756649971,6.344131569286608e-17,-0.5927141942083836,0.5714285714285714,False,False
295.0,7,0,0,0,0.0,0.0,0.0,2.119359635348831,2.070147816091776,4.062558814883232,5.32184328351702e-10,0.8274464979767799,0.5714285714285714,False,False
296.0,7,0,0,0,0.0,0.0,0.0,3.446667315704482,4.080028053373098,6.425516165792942,-2.128737313406808e-09,0.0947863012552261,0.5714285714285714,False,False
297.0,8,0,0,1,0.0,0.0,0.125,5.246918640565127,4.866866080090404,13.980895787477492,-1.3969836398786128e-09,2.5898894481360912,0.625,False,False
298.0,8,1,0,5,0.125,0.0,0.625,13.689676834270358,12.440833253785968,25.755558595061306,2.7939672797572257e-09,5.419752744957805,0.625,False,False
299.0,8,2,0,4,0.25,0.0,0.5,12.919945237692446,10.193582836538553,30.641874074935917,-4.656617313969491e-10,2.2158361095935106,0.5,False,False
300.0,8,2,0,5,0.25,0.0,0.625,13.234258389100432,13.623911906033754,26.521221924573183,1.862645149230957e-09,-0.004919908940792084,0.5,False,False
301.0,8,1,0,4,0.125,0.0,0.5,10.468960797879845,8.777419567108154,21.89700236916542,1.396983417834008e-09,4.674981998279691,0.625,False,False
302.0,8,2,0,3,0.25,0.0,0.375,12.460908321663737,10.62415424734354,29.89476003497839,1.862645149230957e-09,3.7706412728875875,0.625,False,False
303.0,8,1,0,2,0.125,0.0,0.25,8.006645876914263,7.737677818164229,23.12915502116084,9.313225746154785e-10,0.3062566854059696,0.625,False,False
304.0,8,0,0,2,0.0,0.0,0.25,7.129859179724008,7.115323843434453,11.784479532390831,1.3969838619232178e-09,-2.951300423592329,0.625,False,False
305.0,8,3,0,4,0.375,0.0,0.5,16.47187624918297,12.79577169753611,49.20970807597041,-4.656612873077393e-10,2.602183874696493,0.625,False,False
306.0,8,2,0,4,0.25,0.0,0.5,13.950193714816123,11.646291689947248,40.64909404143691,4.656612873077393e-10,3.525436360388994,0.75,False,False
307.0,8,5,1,5,0.625,0.125,0.625,25.323730236385018,24.84935613721609,65.32556505128741,4.656612873077393e-10,-2.6695166528224945,0.625,True,False
308.0,8,2,0,3,0.25,0.0,0.375,12.246401563752443,9.721480524167418,33.325769905000925,1.3969838619232178e-09,3.9552428256720304,0.625,False,False
309.0,8,1,0,2,0.125,0.0,0.25,8.07652238337323,7.187503181397915,21.133525863289837,2.3283059924494864e-09,-0.20063552260398887,0.5,False,False
310.0,8,2,0,4,0.25,0.0,0.5,12.439458016306162,9.842651879414916,25.64145028591156,0.0,-2.9595148395746946,0.5,False,False
311.0,7,0,0,0,0.0,0.0,0.0,2.0321503297558854,2.289640635251999,3.8429503031075,3.725290298461914e-09,0.4912065230309963,0.5714285714285714,False,False
312.0,8,0,0,3,0.0,0.0,0.375,8.395556073635817,6.854914803057909,19.031716845929623,2.7939675018018306e-09,-1.032416820526123,0.625,False,False
313.0,8,1,0,4,0.125,0.0,0.5,11.36401230795309,10.652476636692882,25.062165658921003,-2.328306880627906e-09,-2.865654805675149,0.625,False,False
314.0,8,2,0,5,0.25,0.0,0.625,12.67305484553799,12.082043675705792,26.525127913802866,-3.259629011154175e-09,-3.7183521147817373,0.625,False,False
315.0,8,0,0,2,0.0,0.0,0.25,5.952732915990055,4.934712614864111,13.941506434231997,0.0,0.4382506627589464,0.625,False,False
316.0,8,0,0,2,0.0,0.0,0.25,6.893381802365184,6.340190911665559,18.332017555832863,0.0,2.0231266357004642,0.5,False,False
317.0,8,0,0,3,0.0,0.0,0.375,7.612591472454369,7.056230863556266,19.894281454384327,-9.313224635931761e-10,2.5259868521243334,0.625,False,False
318.0,8,3,0,4,0.375,0.0,0.5,13.916061417665333,11.150449384003878,34.34962685778737,-4.656608432185294e-10,1.6428534649312496,0.5,False,False
319.0,8,2,0,4,0.25,0.0,0.5,12.965649597812444,11.797411939129233,34.46938670426607,-4.656612873077393e-10,2.4771529119461775,0.75,False,False
320.0,8,0,0,4,0.0,0.0,0.5,10.355689206160605,9.684479771181941,19.73418752104044,-9.313225746154785e-10,-0.7152767609804869,0.5,False,False
321.0,7,1,0,4,0.14285714285714285,0.0,0.5714285714285714,12.589891376239914,11.622028846293688,25.92992689833045,0.0,-8.362153731286526,0.5714285714285714,False,False
322.0,7,0,0,3,0.0,0.0,0.42857142857142855,9.443887611585003,9.081620927900076,19.239798452705145,2.5376526277146434e-16,-6.416604097932577,0.5714285714285714,False,False
323.0,8,1,0,5,0.125,0.0,0.625,12.773217869922519,14.43042615801096,20.973073087632656,-2.7939677238464355e-09,2.758169459179044,0.625,False,False
324.0,8,1,0,5,0.125,0.0,0.625,10.56444007717073,12.069927744567394,20.475857075303797,-4.440892098500626e-16,0.5764285754412413,0.5,False,False
325.0,7,0,0,3,0.0,0.0,0.42857142857142855,9.093632738505091,10.110591661185026,15.679369866847992,2.5376526277146434e-16,-3.9176815189421177,0.5714285714285714,False,False
326.0,8,1,0,4,0.125,0.0,0.5,13.522201580461115,10.636610988527536,25.845437847077847,-1.3969838619232178e-09,6.975510291755199,0.625,False,False
327.0,7,0,0,0,0.0,0.0,0.0,2.617425050586462,2.783553753048181,5.099612154066563,-5.321842649103863e-10,-0.0325976647436618,0.5714285714285714,False,False
328.0,7,0,0,1,0.0,0.0,0.14285714285714285,5.455642774168934,6.305610373616219,9.778585907071829,-5.32184328351702e-10,-1.8193830288946629,0.7142857142857143,False,False
329.0,7,0,0,0,0.0,0.0,0.0,3.2616606732564315,3.6619841307401657,6.001917354762554,-2.66092164175851e-09,-1.3578267768025398,0.5714285714285714,False,False
330.0,7,0,0,0,0.0,0.0,0.0,2.4852597612355436,2.40386076271534,6.355432346463203,1.5965530484964218e-09,-0.0071994252502918,0.5714285714285714,False,False
331.0,7,0,0,0,0.0,0.0,0.0,2.292390159198216,2.2899565286934376,3.7406430914998055,6.344131569286608e-17,-0.3743514455854893,0.5714285714285714,False,False
332.0,7,0,0,0,0.0,0.0,0.0,2.2404580659099986,1.9011004604399204,5.754519622772932,3.193105970110212e-09,0.6407096162438393,0.5714285714285714,False,False
333.0,7,0,0,0,0.0,0.0,0.0,2.1703924015164375,2.2325132936239243,3.80918338149786,0.0,0.884466964751482,0.5714285714285714,False,False
334.0,7,0,0,0,0.0,0.0,0.0,3.656589981700693,3.301484625786543,8.651349615305662,2.128737313406808e-09,-0.274520106613636,0.5714285714285714,False,False
335.0,8,2,0,4,0.25,0.0,0.5,10.144353098701686,7.73865981400013,20.72261233255267,-1.396983417834008e-09,-2.1887402199208736,0.625,False,False
336.0,8,1,0,4,0.125,0.0,0.5,8.22602457460016,6.945049997419119,20.68221287056804,9.313230187046884e-10,-2.8407180421054363,0.75,False,False
337.0,8,0,0,0,0.0,0.0,0.0,4.683478608261794,4.78249722905457,10.050269979983568,-4.656612873077393e-10,-2.0620927922427654,0.625,False,False
338.0,8,0,0,3,0.0,0.0,0.375,9.992578208446503,7.5388530269265175,19.640739243477583,-1.862645149230957e-09,-5.610978778451681,0.625,False,False
339.0,8,0,0,1,0.0,0.0,0.125,5.532262701541185,4.542669337242842,11.97642895206809,-1.862645149230957e-09,1.8070215750485659,0.625,False,False
340.0,7,0,0,0,0.0,0.0,0.0,1.1693769948823112,1.1751234345138073,2.2795335836708546,3.193105970110212e-09,0.0016850866377353,0.5714285714285714,False,False
341.0,8,0,0,3,0.0,0.0,0.375,8.932486671954393,9.753812843933702,12.03356897085905,-1.862645149230957e-09,4.360718779265881,0.625,False,False
342.0,8,1,0,4,0.125,0.0,0.5,9.786989867221564,8.657758593559265,20.39864131435752,-2.3283064365386963e-09,1.3465386591851711,0.5,False,False
343.0,8,2,0,6,0.25,0.0,0.75,13.258118526544422,15.07745006494224,22.029760900884867,-1.396983417834008e-09,-1.7658585496246815,0.625,False,False
344.0,8,1,0,3,0.125,0.0,0.375,10.690849268808961,10.195725189521909,21.403698965907097,1.862645149230957e-09,-3.049407722428441,0.625,False,False
345.0,8,1,0,4,0.125,0.0,0.5,12.248483445961028,12.275744896382093,26.11891355738044,-4.656612873077393e-10,-2.124144760891795,0.5,False,False
346.0,8,4,0,6,0.5,0.0,0.75,16.132013857364655,20.012915587052703,26.08920743688941,1.862645149230957e-09,-4.4822326228022575,0.625,True,False
347.0,8,2,0,5,0.25,0.0,0.625,12.996318276971579,14.540296578779817,22.90467994660139,-9.313225746154785e-10,-1.4286974221467972,0.625,False,False
348.0,8,0,0,4,0.0,0.0,0.5,9.62117007933557,11.189946776255965,16.10478677228093,1.862645149230957e-09,-2.7513074800372124,0.625,False,False
349.0,8,0,0,2,0.0,0.0,0.25,8.549212904646993,9.083491764962673,14.395632050931454,2.7939679458910405e-09,-2.1981053575873375,0.625,False,False
350.0,8,1,0,4,0.125,0.0,0.5,11.56707954686135,10.127608839422464,24.306909445673227,1.862645149230957e-09,-2.898119965568185,0.625,False,False
351.0,8,0,0,3,0.0,0.0,0.375,8.335537555627525,10.125280611217022,13.91011231765151,-2.220446049250313e-16,-1.7203839868307114,0.625,False,False
352.0,8,0,0,4,0.0,0.0,0.5,10.891685816459358,9.969262197613716,18.325227979570627,-9.313225746154785e-10,-4.859511122107506,0.625,False,False
353.0,8,0,0,2,0.0,0.0,0.25,7.431409120559692,7.474297523498534,15.900661654770374,-9.313227966600834e-10,0.915734339505434,0.625,False,False
354.0,8,1,0,3,0.125,0.0,0.375,9.545157168526202,7.015989691019058,22.645516097545624,4.656608432185294e-10,2.083523456007242,0.625,False,False
355.0,8,2,0,3,0.25,0.0,0.375,10.79106940375641,9.862151928246021,21.787621583789587,1.3969838619232178e-09,-1.4450953714549546,0.5,False,False
356.0,8,0,0,0,0.0,0.0,0.0,5.420458382926881,4.608697198331356,11.12199828773737,2.220446049250313e-16,0.4777166061103344,0.5,False,False
357.0,8,0,0,0,0.0,0.0,0.0,6.01720246206969,6.9967183619737625,10.075373124331236,0.0,-1.2112270798534155,0.625,False,False
358.0,8,0,0,0,0.0,0.0,0.0,5.589873020071536,6.192126588895917,8.768308214843273,2.3283064365386963e-09,-1.18260114826262,0.625,False,False
359.0,8,0,0,2,0.0,0.0,0.25,7.444277777336538,7.108555076643825,19.342270374298096,2.220446049250313e-16,-0.7514694444835186,0.5,False,False
360.0,8,0,0,3,0.0,0.0,0.375,8.122130025178194,5.829571517184377,17.097823813557625,1.862645149230957e-09,-2.6327159628272057,0.625,False,False
361.0,8,0,0,2,0.0,0.0,0.25,6.55660593137145,5.95855250582099,15.646756041795015,-9.313225746154785e-10,2.3949009999632835,0.5,False,False
362.0,8,1,0,3,0.125,0.0,0.375,10.607325691729784,9.767803551629186,25.13433677703142,1.862645593320167e-09,-2.1625749859958887,0.625,False,False
363.0,8,0,0,1,0.0,0.0,0.125,5.590638938359916,5.334265425801277,13.212660361081362,0.0,0.9852630309760568,0.5,False,False
364.0,8,0,0,0,0.0,0.0,0.0,4.441653658635914,4.435772543773055,9.519081976264715,0.0,-0.13965799286961555,0.5,False,False
365.0,8,0,0,2,0.0,0.0,0.25,7.664641557261348,6.91291206330061,17.037596184760332,0.0,-1.7198301143944263,0.625,False,False
366.0,8,0,0,0,0.0,0.0,0.0,3.9091864228248596,3.366708004847169,8.788399122655392,2.7939677238464355e-09,-0.5682504940778017,0.625,False,False
367.0,8,0,0,1,0.0,0.0,0.125,6.6841893517412245,6.126118186861277,12.40379447117448,4.656615093523442e-10,0.8241289202123883,0.5,False,False
368.0,8,0,0,2,0.0,0.0,0.25,7.257710866630077,6.341894390061498,14.488279409706593,-1.862645149230957e-09,-1.3488797098398213,0.5,False,False
369.0,8,2,0,4,0.25,0.0,0.5,9.490621900651604,8.177681662142277,21.415080707520247,1.3969838619232178e-09,-0.02706576511263846,0.5,False,False
370.0,8,0,0,4,0.0,0.0,0.5,8.100413477048278,6.691018374636769,19.93808400630951,1.862645149230957e-09,-3.1732674837112427,0.625,False,False
371.0,8,0,0,3,0.0,0.0,0.375,7.557602987624705,5.871258003637195,17.439860437065363,0.0,-3.092474527657032,0.625,False,False
372.0,8,0,0,3,0.0,0.0,0.375,7.983027547597885,6.234264308586717,17.27578752487898,0.0,-2.225076014176011,0.625,False,False
373.0,8,0,0,3,0.0,0.0,0.375,8.324234633240849,5.523734271526337,16.015304531902075,-4.190951585769653e-09,-3.952067568898201,0.625,False,False
374.0,8,0,0,0,0.0,0.0,0.0,6.078343491535634,6.343383265659213,10.477525398135183,-3.2596292331987797e-09,-2.43876226618886,0.625,False,False
375.0,8,0,0,3,0.0,0.0,0.375,8.131608987692744,5.60875872336328,16.689133439213037,4.656612873077393e-10,-4.022047990933061,0.625,False,False
376.0,8,0,0,1,0.0,0.0,0.125,6.152373491320759,4.606374993920326,13.62706257775426,1.3969838619232178e-09,-2.589739805087447,0.625,False,False
377.0,8,0,0,0,0.0,0.0,0.0,4.561495295260102,3.49795432575047,8.650243356823921,2.3283064365386963e-09,-2.6026989333331585,0.625,False,False
378.0,8,0,0,3,0.0,0.0,0.375,9.2204802907072,8.599266258999705,17.915921919047832,4.656612873077393e-10,-2.293973734602332,0.625,False,False
379.0,7,0,0,0,0.0,0.0,0.0,1.3021186435861247,1.3214731626212597,2.7047859355807304,1.596553016775764e-09,0.6728658713400364,0.7142857142857143,False,False
380.0,8,0,0,3,0.0,0.0,0.375,9.476342021487653,8.50490396283567,18.476598735898733,1.862645149230957e-09,-2.7076655626296993,0.625,False,False
381.0,7,0,0,0,0.0,0.0,0.0,2.7706678280872956,2.544907547533512,6.556990340352058,-2.66092164175851e-09,-0.0199620239436626,0.5714285714285714,False,False
382.0,7,0,0,0,0.0,0.0,0.0,4.685974507459572,4.055897902697325,10.248816717416048,0.0,1.0471174083650112,0.5714285714285714,False,False
383.0,7,0,0,0,0.0,0.0,0.0,4.450371070099728,4.626610543578863,8.970089182257652,5.32184328351702e-10,1.0016466453671455,0.5714285714285714,False,False
384.0,7,0,0,0,0.0,0.0,0.0,4.041453710091965,3.774795189499855,8.164197038859129,5.32184328351702e-10,1.3301888182759285,0.5714285714285714,False,False
385.0,7,0,0,0,0.0,0.0,0.0,5.248244981148413,4.345328353345394,10.31813845038414,5.321843600723599e-10,1.3835896849632263,0.5714285714285714,False,False
386.0,7,0,0,2,0.0,0.0,0.2857142857142857,6.604488509041922,4.849962074309588,15.108358401805162,-1.0643687835860354e-09,-1.0331392474472525,0.5714285714285714,False,False
387.0,7,0,0,0,0.0,0.0,0.0,3.929715004882642,2.6528060771524906,9.040410578250883,5.321846138376226e-10,-0.7518831230700016,0.5714285714285714,False,False
388.0,7,0,0,0,0.0,0.0,0.0,4.222664213074105,1.7434117160737514,9.935457333922386,2.660921610037852e-09,-1.4036784693598747,0.5714285714285714,False,False
389.0,7,0,0,0,0.0,0.0,0.0,5.883851412683725,5.844359237700701,12.678408682346344,-5.321843124913731e-10,0.6466637849807739,0.5714285714285714,False,False
390.0,7,0,0,2,0.0,0.0,0.2857142857142857,6.964178241257157,5.916548252105713,15.75204161554575,5.321843362818665e-10,-0.2107188664376735,0.5714285714285714,False,False
391.0,7,0,0,2,0.0,0.0,0.2857142857142857,8.139921090432576,9.295238867402077,15.658121813088655,0.0,4.2150764763355255,0.5714285714285714,False,False
392.0,7,0,0,0,0.0,0.0,0.0,4.197418419910329,4.859869360923767,7.657432481646538,5.32184328351702e-10,1.0636396929621696,0.7142857142857143,False,False
393.0,7,0,0,2,0.0,0.0,0.2857142857142857,8.622903639716762,6.791772536933422,19.421596013009548,6.344131569286608e-17,1.869172248989344,0.5714285714285714,False,False
394.0,7,0,0,0,0.0,0.0,0.0,5.034229813941887,4.212029911577702,9.917246200144293,3.19310600183087e-09,1.313532967120409,0.5714285714285714,False,False
395.0,7,0,0,2,0.0,0.0,0.2857142857142857,8.15861787061606,6.910718593746424,18.710709918290377,-2.660921610037852e-09,-1.4360355213284492,0.5714285714285714,False,False
396.0,7,2,0,3,0.2857142857142857,0.0,0.42857142857142855,10.633936305663415,6.84694841131568,25.093602761626244,2.6609217686411414e-09,-1.4364840313792229,0.5714285714285714,False,False
397.0,7,1,0,3,0.14285714285714285,0.0,0.42857142857142855,10.256426358329398,6.644929464906454,25.247770879417654,1.5965529870376471e-09,-0.1001053676009178,0.5714285714285714,False,False
398.0,7,0,0,0,0.0,0.0,0.0,5.265149322471449,3.4060762710869312,11.696109749376774,-2.66092164175851e-09,0.0796015411615371,0.5714285714285714,False,False
399.0,7,0,0,0,0.0,0.0,0.0,4.199767471956355,3.280661191791296,9.249267268925903,-5.321840904467681e-10,0.1185775734484195,0.5714285714285714,False,False
400.0,7,0,0,0,0.0,0.0,0.0,2.779716396970408,2.701565459370613,5.928444802761078,-1.064368656703404e-09,-1.6510762348771095,0.5714285714285714,False,False
401.0,7,0,0,0,0.0,0.0,0.0,3.215501562293087,4.003864448517561,6.88793033733964,-2.660921646714863e-09,0.0530409216880798,0.5714285714285714,False,False
402.0,7,0,0,0,0.0,0.0,0.0,2.3918112558977946,2.9943007864058018,3.778169732540846,-2.12873717462893e-09,-0.1301168352365493,0.5714285714285714,False,False
403.0,7,0,0,0,0.0,0.0,0.0,2.2926743972514356,2.4445427246391773,4.1254020370543,5.32184328351702e-10,-0.3853988796472549,0.5714285714285714,False,False
404.0,7,0,0,0,0.0,0.0,0.0,0.3223667245890413,0.2888633199036121,0.6615531109273434,5.321843204215376e-10,0.0692328214645385,0.5714285714285714,False,False
405.0,8,0,0,2,0.0,0.0,0.25,6.2906282232142985,4.665792865678668,11.67841712012887,4.656612873077393e-10,-2.752623539417982,0.625,False,False
406.0,8,1,0,4,0.125,0.0,0.5,10.681634774897248,12.103772608563304,21.916734717786312,1.3969843060124276e-09,1.5844189319759607,0.5,False,False
407.0,8,1,0,3,0.125,0.0,0.375,9.705825751647353,8.272475626319647,24.696544032543898,-9.313225746154785e-10,3.3880782946944237,0.75,False,False
408.0,8,0,0,4,0.0,0.0,0.5,10.789393616374582,9.398882951587439,19.66005309671164,-3.2596298993325945e-09,3.065509868785739,0.5,False,False
409.0,8,1,0,4,0.125,0.0,0.5,11.488678153138608,10.24023443646729,20.99656390026212,-4.656617313969491e-10,-4.645029362291098,0.625,False,False
410.0,8,0,0,0,0.0,0.0,0.0,6.213018253445625,5.844740550965071,12.29750106856227,0.0,1.5784825179725885,0.625,False,False
411.0,7,0,0,1,0.0,0.0,0.14285714285714285,5.12608311484967,4.43344759196043,12.656443487852812,5.32184328351702e-10,0.8079923093318939,0.5714285714285714,False,False
412.0,8,0,0,0,0.0,0.0,0.0,2.1761235306039453,2.5420223493129015,3.774417817592621,9.313225468599029e-10,0.20735255442559722,0.5,False,False
413.0,8,0,0,2,0.0,0.0,0.25,5.8847735854797065,5.465977558866143,14.98568132519722,-2.3283064365386963e-09,1.0902546662837267,0.625,False,False
414.0,8,0,0,0,0.0,0.0,0.0,3.211703598499298,3.672971487045288,5.6777592077851295,-9.313225746154785e-10,-0.229868846014142,0.625,False,False
415.0,8,0,0,0,0.0,0.0,0.0,3.796831890940666,3.809033615514636,5.462715804576874,-9.313225746154785e-10,-0.03567367047071435,0.5,False,False
416.0,8,0,0,0,0.0,0.0,0.0,5.708322611171752,5.3234382681548595,10.832745414227247,1.3969838619232178e-09,0.5256069470196961,0.5,False,False
417.0,7,0,0,0,0.0,0.0,0.0,4.281605092542512,2.5451436825096607,10.087977804243565,0.0,-0.8731375262141228,0.5714285714285714,False,False
418.0,7,1,0,3,0.14285714285714285,0.0,0.42857142857142855,7.8494695244090895,7.079339299350977,20.04029208049178,-1.064368141242714e-09,-0.0547430962324142,0.5714285714285714,False,False
419.0,8,0,0,3,0.0,0.0,0.375,9.43782103806734,8.280271008610725,19.324917905032635,2.7939677238464355e-09,-2.3151217568665743,0.625,False,False
420.0,7,0,0,0,0.0,0.0,0.0,4.564981730920928,3.370269298553467,11.289797145873308,-2.128737313406808e-09,0.1737971752882003,0.5714285714285714,False,False
421.0,8,0,0,1,0.0,0.0,0.125,5.102654497139156,3.1376638133078814,13.25751381367445,2.220446049250313e-16,-1.072520537301898,0.625,False,False
422.0,7,0,0,0,0.0,0.0,0.0,3.1494667498128757,2.8189571648836136,7.103080783039331,0.0,0.0083458460867404,0.5714285714285714,False,False
423.0,7,0,0,2,0.0,0.0,0.2857142857142857,6.802244331155505,4.731040466576815,16.044088412076235,2.128737313406808e-09,-0.740691252052784,0.5714285714285714,False,False
424.0,8,1,0,4,0.125,0.0,0.5,11.691810518037528,11.351651731878519,24.44403201714158,-4.6566106526313433e-10,-2.714182997122407,0.625,False,False
425.0,7,0,0,0,0.0,0.0,0.0,2.637662699712174,1.6868511140346527,5.487930979579687,-1.596552985055106e-09,-0.70945605635643,0.7142857142857143,False,False
426.0,7,4,1,6,0.5714285714285714,0.14285714285714285,0.8571428571428571,30.59733006677457,29.660181503742933,70.34000147879124,1.064368656703404e-09,-13.104695290327072,0.5714285714285714,True,False
427.0,6,0,0,0,0.0,0.0,0.0,3.860071192185084,3.633211789652705,5.987067859619856,0.0,-0.21984294801950455,0.5,False,False
428.0,8,2,0,5,0.25,0.0,0.625,14.593899943400174,14.084324641153216,25.72912598401308,4.656608432185294e-10,-4.454374643042684,0.5,False,False
429.0,7,0,0,0,0.0,0.0,0.0,3.304872853947537,2.0107537247240543,6.951296824961901,-5.32184328351702e-10,-0.9162910394370556,0.7142857142857143,False,False
430.0,7,0,0,3,0.0,0.0,0.42857142857142855,7.69299328699708,9.255847834050655,17.66962867975235,2.66092164175851e-09,-3.1216130442917347,0.7142857142857143,False,False
431.0,7,0,0,1,0.0,0.0,0.14285714285714285,5.032938933798245,5.393523544073105,9.340955268591642,-1.2688263138573217e-16,-2.1209871545434,0.5714285714285714,False,False
432.0,7,0,0,0,0.0,0.0,0.0,3.0022632916058813,2.5711211413145065,5.947553414851427,2.128737313406808e-09,0.8110224902629852,0.5714285714285714,False,False
433.0,7,0,0,0,0.0,0.0,0.0,3.02521394139954,3.421380426734686,5.34945959597826,1.596552985055106e-09,-0.5988673307001591,0.5714285714285714,False,False
434.0,8,2,0,4,0.25,0.0,0.5,13.97057106718421,11.908624539151788,26.8826466165483,-9.313225746154785e-10,6.407164895907044,0.625,False,False
435.0,7,0,0,0,0.0,0.0,0.0,2.2903212750596658,2.494731370359659,4.232724774628878,2.6609216814093325e-09,0.2471834048628807,0.5714285714285714,False,False
436.0,7,0,0,0,0.0,0.0,0.0,2.686877357640437,2.989697653800249,5.645406808704138,-1.596552985055106e-09,-1.1101115830242634,0.7142857142857143,False,False
437.0,7,0,0,0,0.0,0.0,0.0,3.0000350076173032,2.474042661488056,5.720579329878092,-5.32184328351702e-10,-0.3752762377262115,0.5714285714285714,False,False
438.0,7,0,0,0,0.0,0.0,0.0,5.11640765996916,3.8784994408488274,12.020911462605,-1.596552985055106e-09,-0.3338121175765991,0.5714285714285714,False,False
439.0,7,0,0,0,0.0,0.0,0.0,1.9117982776037283,1.5994223058223724,4.72145064920187,1.5965528581724747e-09,-0.0732715055346489,0.5714285714285714,False,False
440.0,7,0,0,0,0.0,0.0,0.0,1.5610556011753423,1.2074698880314827,3.4080486819148064,5.32184328351702e-10,-0.1478823535144329,0.5714285714285714,False,False
441.0,7,0,0,0,0.0,0.0,0.0,1.9615123899919646,1.7557809241116047,3.4122830405831337,1.064368656703404e-09,-0.0935359895229339,0.5714285714285714,False,False
442.0,7,0,0,0,0.0,0.0,0.0,1.5269513252590383,1.389173574745655,3.2386486418545246,5.321843600723599e-10,0.8783766254782677,0.5714285714285714,False,False
443.0,7,0,0,0,0.0,0.0,0.0,2.2244990233864104,2.55575193464756,4.435972690582275,0.0,-0.3003159090876579,0.5714285714285714,False,False
444.0,7,0,0,0,0.0,0.0,0.0,1.891812595405749,1.2418082989752293,3.8076489455997935,5.321842014690706e-10,0.3584921695291996,0.5714285714285714,False,False
445.0,7,0,0,0,0.0,0.0,0.0,2.1820162077035223,1.6654517874121666,4.688678286969662,0.0,-0.8002645596861839,0.5714285714285714,False,False
446.0,7,0,0,0,0.0,0.0,0.0,1.5870230591722898,1.6946279108524325,3.0895690098404884,-3.1931059066688962e-09,-0.0009240135550498,0.5714285714285714,False,False
447.0,7,0,0,0,0.0,0.0,0.0,0.8015870095363685,0.8474760502576828,1.4175047390162945,1.596552985055106e-09,0.051834512501955,0.5714285714285714,False,False
448.0,7,0,0,0,0.0,0.0,0.0,1.895003788705383,1.665323443710804,4.470972865819931,-5.321842966310442e-10,0.2121897116303444,0.5714285714285714,False,False
449.0,7,0,0,0,0.0,0.0,0.0,2.650840795465878,2.564966093748808,6.259604401886463,-2.1287374402894396e-09,-0.2387169823050499,0.5714285714285714,False,False
450.0,7,0,0,0,0.0,0.0,0.0,2.303522235580853,1.9846316017210484,4.7692621648311615,1.064368656703404e-09,-1.701761558651924,0.5714285714285714,False,False
451.0,7,0,0,0,0.0,0.0,0.0,4.135975795664957,4.474092114716768,7.41995258629322,5.321844552343334e-10,0.7037196755409241,0.7142857142857143,False,False
452.0,8,0,0,3,0.0,0.0,0.375,8.679290912579745,6.33436693251133,17.477917719632387,2.3283064365386963e-09,-2.594704205170274,0.625,False,False
453.0,7,0,0,0,0.0,0.0,0.0,2.1366054697760513,2.540075585246086,3.848418455570936,1.596552985055106e-09,0.1796363964676857,0.5714285714285714,False,False
454.0,8,3,0,4,0.375,0.0,0.5,12.224532144609839,9.21590794250369,23.464543145149943,-4.6566039912931956e-10,-4.131162542849779,0.625,False,False
455.0,7,0,0,0,0.0,0.0,0.0,3.661230464598962,3.118325062096119,7.608702555298805,1.596552985055106e-09,-2.1368629410862923,0.5714285714285714,False,False
456.0,8,0,0,2,0.0,0.0,0.25,7.088031450752169,6.420791542157531,13.757812470197678,4.656612873077393e-10,-1.3209117110818624,0.625,False,False
457.0,7,0,0,0,0.0,0.0,0.0,2.257865410298109,2.002201680094004,4.349207565188408,1.596552985055106e-09,-0.5927489623427391,0.7142857142857143,False,False
458.0,8,1,0,4,0.125,0.0,0.5,10.930461497511715,10.279473893344402,22.785578157752752,-4.656617313969491e-10,0.674276415258646,0.5,False,False
459.0,8,3,0,4,0.375,0.0,0.5,15.289119073189795,13.864370130002499,36.9602217040956,-9.313230187046884e-10,-1.1561978440731764,0.625,False,False
460.0,8,1,0,3,0.125,0.0,0.375,11.334306376986206,8.890989750623703,21.551687639206648,0.0,-5.461890444159508,0.625,False,False
461.0,7,0,0,0,0.0,0.0,0.0,0.40371220878192354,0.3457408174872398,0.9827879816293716,0.0,0.029750857502222,0.5714285714285714,False,False
462.0,7,0,0,0,0.0,0.0,0.0,2.664626665945564,1.9611463733017445,5.062127117067576,5.321842014690706e-10,1.7535759881138802,0.7142857142857143,False,False
463.0,7,0,0,0,0.0,0.0,0.0,1.104097225836345,1.1860252991318705,1.645360454916954,2.128737345127466e-09,-0.5911294706165791,0.5714285714285714,False,False
464.0,7,0,0,0,0.0,0.0,0.0,3.2602240847689763,3.730007573962212,5.299466788768768,2.128737313406808e-09,-1.2625658251345158,0.5714285714285714,False,False
465.0,7,0,0,0,0.0,0.0,0.0,1.9977643202458109,1.6156911253929138,5.045303143560886,1.0643687201447198e-09,0.0880179405212402,0.5714285714285714,False,False
466.0,7,0,0,0,0.0,0.0,0.0,1.6725450796740395,1.8321761712431908,3.372818026691675,-2.128737313406808e-09,0.307352963835001,0.7142857142857143,False,False
467.0,7,0,0,0,0.0,0.0,0.0,2.443743928202561,2.7859191969037056,4.166822861880064,0.0,1.389749996364117,0.5714285714285714,False,False
468.0,7,0,0,0,0.0,0.0,0.0,2.6385359380926405,2.123055137693882,6.643932145088911,2.128737313406808e-09,0.1729625910520553,0.5714285714285714,False,False
469.0,7,0,0,0,0.0,0.0,0.0,3.6046320471380437,4.657193314284086,6.46456815302372,5.32184328351702e-10,1.007723297923803,0.5714285714285714,False,False
470.0,7,0,0,0,0.0,0.0,0.0,3.4458439270300523,3.1741492450237274,7.523920182138681,-1.596552985055106e-09,0.6198651939630508,0.5714285714285714,False,False
471.0,8,0,0,2,0.0,0.0,0.25,7.602113514672965,8.43332801386714,11.015930403023958,3.259629011154175e-09,-2.360705740749836,0.5,False,False
472.0,7,0,0,0,0.0,0.0,0.0,5.489804903843573,4.7805764600634575,11.983405020087956,-4.7896586696793975e-09,1.4208104312419891,0.5714285714285714,False,False
473.0,7,0,0,0,0.0,0.0,0.0,2.687829015510423,2.552458226680756,5.955116841942072,2.1287374085687816e-09,1.0838898681104183,0.5714285714285714,False,False
474.0,7,0,0,0,0.0,0.0,0.0,4.2267889353845804,3.2708375193178654,9.241432271897793,-5.32184328351702e-10,1.8528017476201055,0.7142857142857143,False,False
475.0,7,0,0,2,0.0,0.0,0.2857142857142857,7.967220727354288,6.761708933860064,18.123884681612253,-5.321844552343334e-10,1.163305465131998,0.5714285714285714,False,False
476.0,7,0,0,0,0.0,0.0,0.0,4.744384886963027,4.68401113897562,8.668450761586428,0.0,3.216979827731848,0.5714285714285714,False,False
477.0,7,0,0,2,0.0,0.0,0.2857142857142857,7.3907547790024966,8.81327249109745,13.140070360153912,-1.5965527312898432e-09,2.7783242240548134,0.7142857142857143,False,False
478.0,8,4,0,7,0.5,0.0,0.875,18.045032914727926,21.017326956614852,25.442648459225893,-9.313225746154785e-10,-5.645662410184741,0.625,True,False
479.0,8,1,0,5,0.125,0.0,0.625,12.843207804951817,13.225262375548482,21.35097062215209,4.656612873077393e-10,-4.098432343453169,0.625,False,False
480.0,8,1,0,4,0.125,0.0,0.5,11.560628510080278,11.127092637121677,23.461091075092558,2.7939677238464355e-09,1.0778863746672867,0.5,False,False
481.0,8,0,0,0,0.0,0.0,0.0,5.761157815344632,6.277653440833092,10.173989858478308,9.313225746154785e-10,-0.901819607242942,0.5,False,False
482.0,8,0,0,1,0.0,0.0,0.125,5.081015264149755,3.18758106790483,14.68632223457098,1.3969840839678227e-09,0.5841903351247311,0.625,False,False
483.0,8,0,0,0,0.0,0.0,0.0,3.9420343544334173,3.6217651050537825,8.006171010434628,2.7939677238464355e-09,0.25921810418367386,0.625,False,False
484.0,8,0,0,0,0.0,0.0,0.0,6.71510806819424,7.596008261665702,11.668415751308205,4.656615093523442e-10,-1.0576724391430616,0.625,False,False
485.0,8,0,0,0,0.0,0.0,0.0,5.119779118336737,4.729132752865553,11.324904769659042,9.313225746154785e-10,1.8508819863200188,0.5,False,False
486.0,8,0,0,2,0.0,0.0,0.25,8.346944769378752,8.162784561514854,13.276373356580734,1.3969838619232178e-09,-2.4711312744766474,0.5,False,False
487.0,8,0,0,0,0.0,0.0,0.0,4.830396413337439,5.758255297318101,8.14698963239789,4.656612873077393e-10,0.5744504816830158,0.625,False,False
488.0,8,0,0,0,0.0,0.0,0.0,5.808454337529838,5.280291471630335,9.615889981389046,9.313225746154785e-10,-2.6173854898661375,0.625,False,False
489.0,8,0,0,3,0.0,0.0,0.375,7.84695582697168,7.691042495891452,12.136582020670176,-2.3283062144940914e-09,3.7652301490306854,0.625,False,False
490.0,8,0,0,0,0.0,0.0,0.0,5.3224329627119005,5.3962360098958015,8.336522720754147,-3.259629011154175e-09,-0.3721540756523609,0.5,False,False
491.0,8,0,0,1,0.0,0.0,0.125,4.944121513981372,4.230992499738932,11.850635964423418,-4.656612873077393e-10,1.3894452154636383,0.625,False,False
492.0,8,1,0,4,0.125,0.0,0.5,10.278075458016247,10.44426929205656,27.969570215791464,-2.3283064365386963e-09,-0.2229814752936363,0.625,False,False
493.0,8,1,0,4,0.125,0.0,0.5,11.127699724864215,11.525470012798905,21.031284168362617,4.656612873077393e-10,2.657005414366722,0.625,False,False
494.0,8,0,0,3,0.0,0.0,0.375,7.054525030776858,7.732400698587298,12.156582545489073,2.7939677238464355e-09,2.6864644531160593,0.625,False,False
495.0,7,0,0,0,0.0,0.0,0.0,1.8653776991580213,2.200796119868756,3.185870625078678,1.5965529216137903e-09,-0.6598066799342632,0.5714285714285714,False,False
496.0,7,0,0,0,0.0,0.0,0.0,1.2275729913796698,1.1473115272819996,2.5584953762590885,3.172065784643304e-17,0.2809522002935409,0.7142857142857143,False,False
497.0,7,0,0,0,0.0,0.0,0.0,3.9233971999159882,4.785278245806694,6.255558017641306,1.5965529731598593e-09,0.1266371123492717,0.5714285714285714,False,False
498.0,7,0,0,0,0.0,0.0,0.0,2.7977941233132566,3.583908513188362,6.055866979062557,1.596552985055106e-09,-0.8419411927461624,0.7142857142857143,False,False
499.0,8,0,0,0,0.0,0.0,0.0,4.924474236089736,5.811418082565069,7.560453180223703,-4.656612873077393e-10,1.731598436832428,0.625,False,False
500.0,7,0,0,1,0.0,0.0,0.14285714285714285,4.470678208661931,4.1542469300329685,8.478221233934164,5.32184328351702e-10,2.09079497307539,0.5714285714285714,False,False
501.0,7,0,0,0,0.0,0.0,0.0,4.068896974303892,3.2403367459774017,9.356391787528992,-2.66092164175851e-09,-0.0069901831448078,0.5714285714285714,False,False
502.0,7,0,0,0,0.0,0.0,0.0,2.9719550141266415,3.6624862402677536,5.087486010044813,0.0,-0.691876046359539,0.5714285714285714,False,False
503.0,7,0,0,0,0.0,0.0,0.0,3.5022022293082307,2.1873201690614223,8.147228669375181,2.66092164175851e-09,-0.5040146112442017,0.5714285714285714,False,False
504.0,8,0,0,0,0.0,0.0,0.0,3.9048058786429465,3.7227116152644157,9.365301933139564,1.3969836398786128e-09,0.5561502948403358,0.5,False,False
505.0,7,0,0,0,0.0,0.0,0.0,3.8341446556150913,3.7247764989733696,7.077757943421602,1.5965530484964218e-09,1.854416269809008,0.5714285714285714,False,False
506.0,7,0,0,0,0.0,0.0,0.0,2.729432641395501,2.553814508020878,3.8792683221399775,-2.1287371865241766e-09,1.549335788935423,0.5714285714285714,False,False
507.0,7,0,0,0,0.0,0.0,0.0,3.3824990253363336,3.222960729151964,7.2453297190368176,3.193105970110212e-09,-0.2674597129225731,0.5714285714285714,False,False
508.0,7,0,0,0,0.0,0.0,0.0,3.1954471080430915,3.6470379941165447,5.34088085219264,1.5965531119377374e-09,-0.8925994634628296,0.5714285714285714,False,False
509.0,7,0,0,0,0.0,0.0,0.0,2.8367533705064227,3.114092294126749,4.423060413450003,-1.2688263138573217e-16,1.1985907182097435,0.5714285714285714,False,False
510.0,8,0,0,0,0.0,0.0,0.0,2.3308654660359025,2.2152465265244246,3.983270462602377,9.313225746154785e-10,-1.206722442060709,0.625,False,False
511.0,8,0,0,0,0.0,0.0,0.0,1.975399253424257,2.020639142021537,3.2457701340317726,-2.3283064365386963e-09,-0.21888396888971332,0.5,False,False
512.0,8,0,0,0,0.0,0.0,0.0,3.357020295690745,3.131003087386489,6.259376242756844,-2.3283064365386963e-09,1.2550151329487562,0.625,False,False
513.0,8,0,0,0,0.0,0.0,0.0,3.081850292161107,2.828530929982662,7.743449252098799,0.0,0.40488820895552635,0.625,False,False
514.0,8,0,0,1,0.0,0.0,0.125,6.276049991138279,5.340237773954868,11.05079859495163,9.313225746154785e-10,-1.7343948725610971,0.625,False,False
515.0,8,0,0,2,0.0,0.0,0.25,7.252481276169419,4.8499566745013,19.578752119094133,-1.862645149230957e-09,2.2302601635456085,0.625,False,False
516.0,7,0,0,0,0.0,0.0,0.0,3.4513130156057223,3.130768809467554,6.454922445118427,-1.0643685932620883e-09,-2.303731095045805,0.5714285714285714,False,False
517.0,8,1,0,3,0.125,0.0,0.375,8.488303033169359,7.226046537980437,20.22312417253852,-4.6566106526313433e-10,0.9192461278289557,0.5,False,False
518.0,8,1,0,4,0.125,0.0,0.5,10.333050168585032,8.10588981024921,24.964873261749744,3.259629011154175e-09,1.2549633756279945,0.5,False,False
519.0,8,0,0,3,0.0,0.0,0.375,8.086342900525779,6.179449459537864,18.59128461033106,-4.6566106526313433e-10,0.1576738338917495,0.5,False,False
520.0,8,0,0,1,0.0,0.0,0.125,6.073014413006604,5.478647589683533,13.25138071551919,-9.313225746154785e-10,-2.7263849582523108,0.625,False,False
521.0,8,1,0,4,0.125,0.0,0.5,8.905727426987141,8.743513444438577,23.35877090319991,-3.259629011154175e-09,0.4888178501278162,0.5,False,False
522.0,8,1,0,4,0.125,0.0,0.5,10.585248767863959,11.15358235500753,20.033830367028717,-1.3969843060124276e-09,3.441392360255122,0.625,False,False
523.0,8,1,0,4,0.125,0.0,0.5,11.670452840160578,11.773412058129907,23.10272504761815,1.3969838619232178e-09,2.2800578251481056,0.625,False,False
524.0,7,0,0,0,0.0,0.0,0.0,1.2788580762488502,1.3293405547738075,2.058360643684864,2.1287372816861503e-09,-0.5384099930524826,0.5714285714285714,False,False
525.0,8,2,0,5,0.25,0.0,0.625,14.225411152932793,14.467250598594546,30.85935513302684,1.3969843060124276e-09,0.8409947268664837,0.5,False,False
526.0,7,0,0,0,0.0,0.0,0.0,0.8333135981644902,0.8559090755879879,1.3667658008635044,0.0,-0.1893444582819938,0.5714285714285714,False,False
527.0,8,2,0,6,0.25,0.0,0.75,14.043290410656482,14.405419325456023,22.620116151869297,-3.259629011154175e-09,0.13404031470417976,0.5,False,False
528.0,7,0,0,0,0.0,0.0,0.0,3.341717350695814,2.80817050114274,7.001301605254412,-2.1287372499654923e-09,1.1778713800013063,0.5714285714285714,False,False
529.0,7,0,0,0,0.0,0.0,0.0,2.3496698508305207,2.120329461991787,5.130064107477665,-1.596552985055106e-09,-1.1588860973715782,0.5714285714285714,False,False
530.0,8,4,0,6,0.5,0.0,0.75,20.049198285210878,19.749286022037268,43.1218106597662,2.3283064365386963e-09,-1.3037487156689167,0.5,True,False
531.0,8,0,0,2,0.0,0.0,0.25,7.564293702133,7.569258129224181,12.859059989452362,-2.7939677238464355e-09,-2.9512172415852547,0.625,False,False
532.0,8,1,0,6,0.125,0.0,0.75,13.590120147913694,14.32339197024703,20.20205544680357,1.8626447051417472e-09,-1.8958783317357302,0.5,False,False
533.0,8,0,0,1,0.0,0.0,0.125,6.9803974707610905,6.494443731382489,13.435070518404244,-1.3969836398786128e-09,1.0421525798738,0.5,False,False
534.0,8,0,0,1,0.0,0.0,0.125,5.656057977583259,4.776788022369146,12.710872810333967,-2.3283064365386963e-09,-0.8418645858764648,0.625,False,False
535.0,8,0,0,4,0.0,0.0,0.5,10.261120405513793,9.272677758708596,18.61488113552332,-1.3969838619232178e-09,-2.2123600728809834,0.5,False,False
536.0,7,0,0,0,0.0,0.0,0.0,3.518215893634728,4.229811821132898,6.277180928736925,2.128737313406808e-09,1.1563135646283629,0.7142857142857143,False,False
537.0,7,0,0,0,0.0,0.0,0.0,2.2290066416774477,1.7468359768390656,4.234142757952213,1.064368656703404e-09,0.6962619796395302,0.5714285714285714,False,False
538.0,7,0,0,0,0.0,0.0,0.0,4.686300313898495,4.669880013912916,8.374982308596373,1.064368656703404e-09,1.6392162777483463,0.5714285714285714,False,False
539.0,7,0,0,0,0.0,0.0,0.0,2.992373490439994,3.564710058271885,4.590954605489969,-2.66092164175851e-09,-0.3609979711472988,0.5714285714285714,False,False
540.0,7,0,0,0,0.0,0.0,0.0,2.7869638396160945,2.171791411936283,6.253327511250973,-1.0643686249827461e-09,-0.6577211692929268,0.5714285714285714,False,False
541.0,8,0,0,0,0.0,0.0,0.0,6.656527964398265,7.889024619013071,8.94026305899024,2.7939677238464355e-09,-1.5915048494935036,0.5,False,False
542.0,8,0,0,1,0.0,0.0,0.125,5.880918322596699,5.5662636905908585,10.89908355847001,-2.3283066585833012e-09,-0.7211135979741812,0.5,False,False
543.0,8,2,0,4,0.25,0.0,0.5,12.437898010481149,12.250586692243814,27.061941791325808,1.3969838619232178e-09,-0.30090042017400265,0.5,False,False
544.0,8,0,0,3,0.0,0.0,0.375,7.121908870991319,7.583603020757437,11.4240476898849,4.656612873077393e-10,2.8884997442364693,0.625,False,False
545.0,8,0,0,2,0.0,0.0,0.25,7.262871967628598,7.43203185684979,11.007500372827051,9.313223525708736e-10,-1.778941722586751,0.5,False,False
546.0,8,0,0,0,0.0,0.0,0.0,5.476047439966351,5.030374029651284,9.01238127425313,4.656612873077393e-10,2.208448112010956,0.625,False,False
547.0,8,0,0,1,0.0,0.0,0.125,6.0754016446881,6.320281933993101,9.223338980227709,-4.190951585769653e-09,2.1033397503197193,0.5,False,False
548.0,8,0,0,1,0.0,0.0,0.125,5.281687101349235,5.919323211535811,12.404128652065992,9.313225746154785e-10,0.02978578582406044,0.5,False,False
549.0,7,0,0,0,0.0,0.0,0.0,1.1949119397572108,1.0443581119179726,2.095593135803938,-1.0643686884240618e-09,0.5980041660368443,0.5714285714285714,False,False
550.0,7,0,0,0,0.0,0.0,0.0,6.196469386241266,5.427686866372824,11.808554541319609,-5.32184328351702e-10,4.757476981729269,0.5714285714285714,False,False
551.0,7,0,0,0,0.0,0.0,0.0,3.923653340765408,3.5986107103526592,7.47098882496357,0.0,1.0321882143616676,0.5714285714285714,False,False
552.0,7,0,0,0,0.0,0.0,0.0,4.0740754795925955,3.924654234200716,8.885470550507307,-1.064368656703404e-09,-0.392628651112318,0.5714285714285714,False,False
553.0,7,0,0,0,0.0,0.0,0.0,3.013214211910963,1.833670295774937,7.1009301990270615,2.6609216734791677e-09,-0.2256874553859233,0.5714285714285714,False,False
554.0,8,4,0,6,0.5,0.0,0.75,18.619951616507024,19.837094692513347,33.39334260672331,4.656612873077393e-10,2.0281313210725784,0.5,True,False
555.0,7,0,0,0,0.0,0.0,0.0,2.356524247676134,2.2752788215875626,4.232252910733223,-5.32184328351702e-10,1.5185840241611004,0.5714285714285714,False,False
556.0,7,0,0,0,0.0,0.0,0.0,1.6177898868918419,1.545203160494566,2.930404894053936,6.344131569286608e-17,0.4284357205033302,0.5714285714285714,False,False
557.0,8,0,0,3,0.0,0.0,0.375,9.483955538831651,10.166821910068393,16.110672425478697,9.313223525708736e-10,0.7754082940518856,0.5,False,False
558.0,7,0,0,2,0.0,0.0,0.2857142857142857,7.517991276723998,8.400259777903557,17.35031444206834,-4.257474690254932e-09,-3.613096028566361,0.5714285714285714,False,False
559.0,7,0,0,0,0.0,0.0,0.0,5.536225035786629,3.9908914268016815,12.755702517926691,1.0643684029381412e-09,-1.6016233451664448,0.5714285714285714,False,False
560.0,7,0,0,0,0.0,0.0,0.0,5.756159024047,4.808898504823446,11.67913268879056,5.32184328351702e-10,-4.376222904771566,0.5714285714285714,False,False
561.0,7,0,0,0,0.0,0.0,0.0,3.6610612592526843,3.6406959109008312,8.009660366922617,-1.064368656703404e-09,-2.2480301037430763,0.5714285714285714,False,False
562.0,7,0,0,0,0.0,0.0,0.0,4.73983859377248,5.228535812348127,11.36089926585555,0.0,-1.4699170030653477,0.7142857142857143,False,False
563.0,7,0,0,0,0.0,0.0,0.0,2.6898120710892335,2.506176672875881,4.959408767521381,-2.66092164175851e-09,0.8114888370037079,0.5714285714285714,False,False
564.0,8,3,0,6,0.375,0.0,0.75,15.434013121761382,14.537757724523544,29.895506490021944,1.862645149230957e-09,-0.7957412600517271,0.5,False,False
565.0,7,0,0,0,0.0,0.0,0.0,3.404760559222528,2.482200689613819,7.600826099514961,5.32184328351702e-10,-0.2023474536836147,0.5714285714285714,False,False
566.0,7,0,0,0,0.0,0.0,0.0,6.223008157419307,4.935273077338934,10.681767225265505,2.6609221492890356e-09,1.426119402050972,0.5714285714285714,False,False
567.0,7,0,0,0,0.0,0.0,0.0,5.474228664168289,5.332639507949352,9.662335649132729,0.0,0.6467774622142315,0.5714285714285714,False,False
568.0,8,0,0,3,0.0,0.0,0.375,9.551053968723863,7.816223265603185,15.51937010884285,3.259629011154175e-09,-1.8362021688371897,0.5,False,False
569.0,8,0,0,3,0.0,0.0,0.375,9.258183363359421,8.128762675449252,14.76474680379033,-2.3283064365386963e-09,-1.7084325961768627,0.5,False,False
570.0,8,1,0,6,0.125,0.0,0.75,12.681210808455944,12.706447308883071,21.74374888837337,3.725291186640334e-09,-0.19448133744299412,0.5,False,False
571.0,7,0,0,0,0.0,0.0,0.0,3.66696499394519,4.583327688276768,6.228952996432781,2.128737313406808e-09,-0.6999922282993793,0.5714285714285714,False,False
572.0,8,3,0,6,0.375,0.0,0.75,16.863989221397787,15.886757185682654,29.202605452388525,-1.3969838619232178e-09,-3.924714582040906,0.5,False,False
573.0,8,0,0,4,0.0,0.0,0.5,11.330074814613909,11.086153831332922,18.52440144494176,4.656612873077393e-10,1.2611823193728924,0.5,False,False
574.0,8,0,0,2,0.0,0.0,0.25,7.725559446495026,8.415840772911906,13.563150133937595,4.656612873077393e-10,-2.6433751359581947,0.625,False,False
575.0,8,0,0,3,0.0,0.0,0.375,10.103443049825728,8.707659834995866,16.43517231568694,-9.313225746154785e-10,-1.2325206231325865,0.5,False,False
576.0,8,0,0,4,0.0,0.0,0.5,11.091875797137618,11.895193375647068,17.42489143833518,0.0,-3.4041367918252945,0.625,False,False
577.0,7,0,0,0,0.0,0.0,0.0,3.017398715019226,3.342567402869463,5.6119407676160336,0.0,-1.181366801261902,0.7142857142857143,False,False
578.0,8,0,0,4,0.0,0.0,0.5,10.149084830656648,9.427603796124458,18.483708314597607,3.725290298461914e-09,-3.2965874262154102,0.5,False,False
579.0,8,0,0,0,0.0,0.0,0.0,4.927068728487939,4.5786651112139225,8.894284378737211,4.656612873077393e-10,0.5302730891853571,0.5,False,False
580.0,8,0,0,1,0.0,0.0,0.125,6.547253844328225,6.753773437812924,12.24426505342126,3.725290298461914e-09,-0.7374593392014503,0.625,False,False
581.0,8,0,0,2,0.0,0.0,0.25,8.429317049216479,7.82569264061749,16.16789887472987,1.3969838619232178e-09,0.5472992546856403,0.5,False,False
582.0,8,0,0,3,0.0,0.0,0.375,10.457387138158083,9.19688143953681,18.952931497246027,3.725290298461914e-09,-1.5034195575863123,0.5,False,False
583.0,8,2,0,6,0.25,0.0,0.75,14.0135334325023,14.740534987300634,23.089000772684813,1.3969838619232178e-09,1.5456341896206143,0.5,False,False
584.0,8,0,0,4,0.0,0.0,0.5,9.413560492452234,8.48512428253889,19.250981729477644,4.190951585769653e-09,-1.3251264821738005,0.5,False,False
585.0,7,0,0,0,0.0,0.0,0.0,1.6224091351032257,1.865331269800663,2.994691133499145,-1.0643686884240618e-09,-0.6401938311755657,0.7142857142857143,False,False
586.0,8,0,0,4,0.0,0.0,0.5,10.898752097040415,10.811868702992797,18.04288510605693,-3.725290298461914e-09,-0.37821140140295006,0.5,False,False
587.0,8,0,0,4,0.0,0.0,0.5,10.372458693571389,10.885714821517467,17.527411699295044,0.0,0.845367906615138,0.5,False,False
588.0,8,0,0,2,0.0,0.0,0.25,8.718200435861945,9.589340157806873,12.40796409919858,9.313225746154785e-10,-0.8432167246937752,0.5,False,False
589.0,8,0,0,5,0.0,0.0,0.625,11.314023546874523,13.561379477381706,16.72345530986786,-9.313225746154785e-10,1.4330941196531055,0.5,False,False
590.0,7,0,0,0,0.0,0.0,0.0,4.045419370489461,3.93945187702775,9.232867617160082,-1.0643686448081574e-09,-0.2429391257464885,0.5714285714285714,False,False
591.0,8,2,0,7,0.25,0.0,0.875,16.245521211531013,19.392418891191483,22.77205515652895,-2.3283064365386963e-09,-4.1379718426615,0.5,False,False
592.0,8,2,0,6,0.25,0.0,0.75,15.975581476930529,17.16976042278111,23.509043645113707,-4.656612873077393e-10,-2.250138558447361,0.5,False,False
593.0,8,0,0,5,0.0,0.0,0.625,11.063448997214437,11.212843239307404,16.529849722981453,9.313230187046884e-10,-0.31521460972726345,0.5,False,False
594.0,7,0,0,0,0.0,0.0,0.0,3.0626077332666943,3.0369631201028824,4.899593010544777,-1.064368656703404e-09,-0.9670958295464516,0.5714285714285714,False,False
595.0,8,2,0,6,0.25,0.0,0.75,13.731202231254429,14.17625086568296,21.422735553234816,-4.656612873077393e-10,1.3207925520837307,0.5,False,False
596.0,8,0,0,3,0.0,0.0,0.375,8.680042503867298,9.269648507237434,11.589036472141744,-1.3969840839678227e-09,0.24876111559569836,0.5,False,False
597.0,8,2,0,6,0.25,0.0,0.75,14.906878555193543,15.864374861121178,22.06041995063424,9.313225746154785e-10,-2.35566159337759,0.5,False,False
598.0,8,0,0,0,0.0,0.0,0.0,6.679657319560647,6.665219744667411,10.862035911530256,9.313225746154785e-10,-0.8011957462877035,0.5,False,False
599.0,8,0,0,2,0.0,0.0,0.25,7.805931866168976,8.853992206975818,13.185789685696363,2.220446049250313e-16,-1.1567082535475492,0.5,False,False
600.0,8,0,0,2,0.0,0.0,0.25,7.747383791022003,8.381364021450281,11.48360290378332,-9.313225746154785e-10,1.304086934775114,0.5,False,False
601.0,8,0,0,1,0.0,0.0,0.125,5.263998672366142,4.637185694649816,11.132033169269562,9.313225746154785e-10,1.552187042310834,0.625,False,False
602.0,8,0,0,5,0.0,0.0,0.625,10.618956865277141,10.213718578219414,19.41614980995655,4.656612873077393e-10,-1.3851976674050093,0.5,False,False
603.0,8,0,0,3,0.0,0.0,0.375,10.253154084086418,9.599039545282722,18.60766113922,9.313225746154785e-10,-3.8628799319267273,0.625,False,False
604.0,8,0,0,2,0.0,0.0,0.25,6.94446010235697,7.372122261673212,10.37015212327242,-1.8626449271863521e-09,-2.1488617807626724,0.5,False,False
605.0,8,0,0,3,0.0,0.0,0.375,9.305334207601845,9.862663658335805,14.000226564705372,-9.313225746154785e-10,-0.7139467839151621,0.5,False,False
606.0,8,0,0,2,0.0,0.0,0.25,8.280549763701856,10.440321670845151,12.242984671145678,2.7939677238464355e-09,-2.4612831603735685,0.625,False,False
607.0,8,0,0,0,0.0,0.0,0.0,2.3527980418875813,1.8805407136678696,5.107281386852264,2.7755575615628914e-17,1.1839697491377592,0.625,False,False
608.0,8,0,0,0,0.0,0.0,0.0,4.965990514028817,5.573353208601475,7.680912062525749,-2.3283064365386963e-09,-1.948471810668707,0.625,False,False
609.0,8,0,0,0,0.0,0.0,0.0,4.642422076314688,4.730612209066749,9.505115684121847,1.862645149230957e-09,-0.4498133026063442,0.625,False,False
610.0,8,0,0,0,0.0,0.0,0.0,2.2870682212524116,1.8385926634073257,5.949963986873627,1.3969838619232178e-09,0.005987614393234253,0.5,False,False
611.0,8,0,0,0,0.0,0.0,0.0,2.018857389688492,1.7742051593959332,4.577699691057205,-9.313226301266297e-10,0.7800683230161667,0.625,False,False
612.0,7,0,0,0,0.0,0.0,0.0,5.004030986023801,4.60714453831315,9.289600547403095,-1.5965527312898432e-09,3.0769652277231216,0.5714285714285714,False,False
613.0,7,0,0,0,0.0,0.0,0.0,3.752074829169682,3.610645089298487,7.79589231684804,0.0,1.7454049848020077,0.5714285714285714,False,False
614.0,7,0,0,0,0.0,0.0,0.0,2.6400913691946437,3.2572723254561424,4.368721194565296,1.064368656703404e-09,1.189540844410658,0.5714285714285714,False,False
615.0,7,0,0,0,0.0,0.0,0.0,4.490397406475885,3.934179369360209,8.852795541286469,-1.0643685932620883e-09,1.5533073134720323,0.7142857142857143,False,False
616.0,8,0,0,0,0.0,0.0,0.0,1.355208849068731,1.0304851066321135,2.586174614727497,-4.656612873077393e-10,0.2916279993951321,0.5,False,False
617.0,8,0,0,0,0.0,0.0,0.0,1.7504895003512502,1.013996433466673,4.382331725209951,-2.7939677793575868e-09,0.15771826915442944,0.5,False,False
618.0,8,0,0,0,0.0,0.0,0.0,3.258244157768786,2.9920879267156124,7.739835135638714,9.313225746154785e-10,-0.6464191284030676,0.625,False,False
619.0,7,0,0,0,0.0,0.0,0.0,0.9747148911867823,0.9485869370400906,1.8578769080340864,1.0643686804938974e-09,0.2027137205004692,0.5714285714285714,False,False
620.0,8,0,0,0,0.0,0.0,0.0,2.7101858989335597,2.122545748949051,6.17981219664216,-4.656612873077393e-10,-0.26575811579823494,0.5,False,False
621.0,8,0,0,0,0.0,0.0,0.0,2.1483769956976175,1.7579595539718866,4.83576624840498,-9.313225746154785e-10,-0.9610604774206877,0.625,False,False
622.0,8,0,0,2,0.0,0.0,0.25,6.513254219200462,5.71146097779274,16.928341701626778,2.3283066585833012e-09,-0.4617498591542244,0.5,False,False
623.0,7,0,0,0,0.0,0.0,0.0,2.7026565532599176,2.6148160621523857,6.181128140538931,-2.128737309441726e-09,-0.2380402237176895,0.5714285714285714,False,False
624.0,7,0,0,0,0.0,0.0,0.0,3.7986990538026606,4.450827140361071,6.591376092284918,-1.596552985055106e-09,2.083871152251959,0.5714285714285714,False,False
625.0,7,0,0,0,0.0,0.0,0.0,2.927593556897981,2.673851761966944,5.585570905357599,-1.2688263138573217e-16,0.9876447953283788,0.5714285714285714,False,False
626.0,8,0,0,0,0.0,0.0,0.0,3.2505927705205977,2.554045708850026,8.038799598813057,4.656612873077393e-10,-0.26901140064001083,0.5,False,False
627.0,7,0,0,0,0.0,0.0,0.0,2.3315647734063014,1.803246308118105,6.2452430464327335,-1.0643685932620883e-09,-0.3109157271683216,0.5714285714285714,False,False
628.0,8,2,0,5,0.25,0.0,0.625,13.709246885962784,12.848950557410717,32.249875377863646,1.862645149230957e-09,-1.2402924168854952,0.5,False,False
629.0,8,1,0,5,0.125,0.0,0.625,11.43429298279807,11.390087684616446,26.51898002624512,1.396983417834008e-09,-2.104013854637742,0.5,False,False
630.0,7,0,0,0,0.0,0.0,0.0,2.8494312837719917,2.829489044845104,5.709142465144396,7.93016446160826e-18,-0.3579841516911983,0.5714285714285714,False,False
631.0,8,3,0,4,0.375,0.0,0.5,13.224573471117765,9.648786826059222,29.93104463070631,-3.259629011154175e-09,-3.7810453306883574,0.625,False,False
632.0,8,0,0,4,0.0,0.0,0.5,7.83853275468573,7.2903686333447695,14.931379452347755,-3.259629011154175e-09,0.06781663559377182,0.5,False,False
633.0,8,1,0,3,0.125,0.0,0.375,11.029355802107602,9.664713252335787,22.681904453784227,-4.656612873077393e-10,-3.3770506884902716,0.625,False,False
634.0,8,1,0,3,0.125,0.0,0.375,8.666571391746402,5.773916622623801,20.037179097533222,1.862645593320167e-09,-1.805514149367809,0.5,False,False
635.0,7,0,0,0,0.0,0.0,0.0,2.4059701955744197,2.2856538705527782,4.749659098684788,-1.0643685298207727e-09,-0.878287311643362,0.5714285714285714,False,False
636.0,7,0,0,0,0.0,0.0,0.0,2.5716053753026893,2.7128487154841423,4.488807216286659,1.596552985055106e-09,-0.4528451487421989,0.5714285714285714,False,False
637.0,7,0,0,0,0.0,0.0,0.0,4.433626441018922,4.576720003038645,8.914091169834137,2.128737313406808e-09,2.9953194223344326,0.5714285714285714,False,False
638.0,7,0,0,0,0.0,0.0,0.0,4.0393715138946265,3.8001989871263504,7.160710707306862,2.128737313406808e-09,1.0372655875980854,0.5714285714285714,False,False
639.0,8,3,0,6,0.375,0.0,0.75,16.786033092066646,13.942910365760326,29.42058703675866,0.0,-6.005478460341692,0.625,False,False
640.0,7,0,0,0,0.0,0.0,0.0,1.83105919989092,1.4785771034657955,4.299196191132069,-5.32184328351702e-10,-0.1143096350133419,0.5714285714285714,False,False
641.0,8,3,0,7,0.375,0.0,0.875,15.647780501749367,15.166109096258879,24.190268717706203,-2.3283064365386963e-09,-5.652639055624605,0.625,False,False
642.0,8,0,0,0,0.0,0.0,0.0,5.627632349263877,4.137935429811478,10.206451922655106,-1.3969838619232178e-09,-0.7980750724673271,0.5,False,False
643.0,8,0,0,2,0.0,0.0,0.25,7.312506867107004,7.564756138250232,12.361598804593086,4.656612873077393e-10,-0.9921710640192034,0.5,False,False
644.0,8,0,0,2,0.0,0.0,0.25,7.7150278044864535,6.514377675950527,17.857117533683777,0.0,0.13988949358463287,0.5,False,False
645.0,8,1,0,4,0.125,0.0,0.5,10.545328539330512,8.71105881035328,22.608407337218523,1.3969838619232178e-09,0.39618005976080894,0.5,False,False
646.0,8,0,0,2,0.0,0.0,0.25,7.216514394618571,6.125601964071393,11.824245877563952,-1.862645371275562e-09,-0.7585760522633791,0.5,False,False
647.0,8,1,0,5,0.125,0.0,0.625,11.58570383861661,10.649853333830833,23.095841135829687,-9.313225746154785e-10,-1.6626517251133917,0.5,False,False
648.0,8,1,0,4,0.125,0.0,0.5,11.127288555726409,10.460452055558562,22.87923216447234,-2.7939677238464355e-09,-1.2571403365582228,0.5,False,False
649.0,8,1,0,5,0.125,0.0,0.625,11.126160726882517,10.757423428818583,26.06352050229907,-9.313225746154785e-10,-1.1139641869813204,0.5,False,False
650.0,8,1,0,3,0.125,0.0,0.375,10.603340478148311,10.254258010536432,27.46528406441212,4.656608432185294e-10,1.3103092778474092,0.5,False,False
651.0,8,1,0,4,0.125,0.0,0.5,12.075463626533747,9.725958555936813,27.34878089651465,-1.8626447051417472e-09,4.7623516116291285,0.625,False,False
652.0,8,0,0,4,0.0,0.0,0.5,10.039374093525112,9.333517448976636,18.166801117360592,9.313225746154785e-10,-3.1178111750632524,0.5,False,False
653.0,8,0,0,4,0.0,0.0,0.5,9.80185024952516,11.059502817690372,15.481789160519838,4.656612873077393e-10,1.7966857142746449,0.5,False,False
654.0,8,0,0,3,0.0,0.0,0.375,9.079900649376214,8.933216866105795,17.838726118206978,-9.313225746154785e-10,2.1052843686193228,0.5,False,False
655.0,8,1,0,4,0.125,0.0,0.5,11.902130753733218,11.65538158454001,22.465559266507626,1.862645149230957e-09,4.599671222269535,0.625,False,False
656.0,8,1,0,3,0.125,0.0,0.375,9.18569104000926,6.499786062166095,20.40038171038032,-9.313230187046884e-10,4.62688222527504,0.625,False,False
657.0,7,0,0,0,0.0,0.0,0.0,3.6320709735155106,3.1227183751761918,7.321607533842325,0.0,-2.8288750275969505,0.5714285714285714,False,False
658.0,8,2,0,4,0.25,0.0,0.5,12.548590226564556,11.144863789901137,27.896635081619024,-3.259629011154175e-09,0.7604978252202272,0.5,False,False
659.0,7,0,0,0,0.0,0.0,0.0,3.541953820735216,2.736405830830336,8.865505125373602,-5.321842649103863e-10,0.1859000064432621,0.5714285714285714,False,False
660.0,7,0,0,0,0.0,0.0,0.0,5.502132400338139,5.368810668587685,12.875904578715565,5.321845821169648e-10,-0.3217182047665119,0.5714285714285714,False,False
661.0,8,0,0,4,0.0,0.0,0.5,10.732301608659327,12.456115888431668,15.880453549325466,9.313225746154785e-10,-0.8870586194097996,0.5,False,False
662.0,7,0,0,2,0.0,0.0,0.2857142857142857,6.648490105888674,5.644247550517321,15.354164961725472,-5.321848358822276e-10,0.7735049240291119,0.5714285714285714,False,False
663.0,7,0,0,0,0.0,0.0,0.0,3.7653156646660397,3.0032673366367817,8.391977783292532,1.064368656703404e-09,-0.1002300046384334,0.5714285714285714,False,False
664.0,7,0,0,1,0.0,0.0,0.14285714285714285,6.396243247602667,5.615209151059389,14.426753375679256,1.0643685298207727e-09,-0.702406745404005,0.5714285714285714,False,False
665.0,8,1,0,4,0.125,0.0,0.5,8.919805658981204,9.487178539857268,22.18926597759128,3.725290076417309e-09,0.6104485373944044,0.5,False,False
666.0,8,3,0,4,0.375,0.0,0.5,16.051970159634948,13.977492213249207,36.94132422283292,-9.313225746154785e-10,1.930764814838767,0.625,False,False
667.0,8,2,0,4,0.25,0.0,0.5,11.31745717022568,9.98514991812408,28.10012684762478,-9.313225746154785e-10,0.5819525718688965,0.625,False,False
668.0,8,0,0,2,0.0,0.0,0.25,6.280566997360438,6.133043440058827,12.856181107461452,4.656608432185294e-10,0.6907807495445013,0.625,False,False
669.0,8,0,0,0,0.0,0.0,0.0,3.578159691300243,3.7439202405512333,5.433624319732189,-1.3969838619232178e-09,0.7604948058724404,0.5,False,False
670.0,8,0,0,0,0.0,0.0,0.0,5.445770254358649,5.659246310591698,9.213330194354056,-9.313227966600834e-10,-1.7852066531777382,0.625,False,False
671.0,8,0,0,0,0.0,0.0,0.0,4.5860401703976095,4.682891530916095,6.88710380718112,-4.656612873077393e-10,-1.4810201525688174,0.5,False,False
672.0,8,0,0,2,0.0,0.0,0.25,5.823576402850449,4.345635794103146,13.043733417987823,-4.6566128730773926e-09,-1.7876673080027103,0.625,False,False
673.0,8,0,0,0,0.0,0.0,0.0,3.602867559529841,3.1923863142728806,7.870092645287514,-2.7939677238464355e-09,-1.401638062670827,0.625,False,False
674.0,7,0,0,0,0.0,0.0,0.0,3.863920133560896,4.228900834918022,5.4589466862380505,5.32184328351702e-10,1.7736746557056904,0.5714285714285714,False,False
675.0,8,0,0,0,0.0,0.0,0.0,3.4376305462792516,2.678802205249667,5.983489822596312,1.862645149230957e-09,0.4608233589679003,0.5,False,False
676.0,8,0,0,0,0.0,0.0,0.0,3.625109131447971,3.523616872727871,7.087593100965023,-1.862645149230957e-09,-0.3393866755068302,0.5,False,False
677.0,8,0,0,1,0.0,0.0,0.125,6.444049037061632,5.555657835677266,11.299450393766165,1.8626449271863521e-09,-2.7041706014424562,0.625,False,False
678.0,8,0,0,1,0.0,0.0,0.125,7.580412873998284,8.54466917552054,12.31776299327612,1.862645149230957e-09,-2.1735381558537483,0.625,False,False
679.0,8,0,0,3,0.0,0.0,0.375,9.06467219395563,10.381139198318124,14.476618569344282,2.3283064365386963e-09,-1.2588710580021143,0.5,False,False
680.0,8,0,0,0,0.0,0.0,0.0,6.357638479210436,7.961322890594602,8.844723869115114,9.313225746154785e-10,-1.5651342980563643,0.625,False,False
681.0,8,0,0,0,0.0,0.0,0.0,3.847748828586191,4.59736911393702,8.026380509138107,-1.3969838619232178e-09,0.15888793021440506,0.625,False,False
682.0,8,0,0,0,0.0,0.0,0.0,3.878980416338891,3.94404730014503,7.177636474370956,1.3969838619232178e-09,-0.6490420307964087,0.5,False,False
683.0,8,0,0,0,0.0,0.0,0.0,5.916168273426592,6.2369078900665045,10.95889875292778,0.0,-1.1611910350620747,0.5,False,False
684.0,8,0,0,0,0.0,0.0,0.0,5.251819541677833,4.240351492539048,10.815625444054604,9.313225746154785e-10,1.9639302343130112,0.75,False,False
685.0,8,0,0,1,0.0,0.0,0.125,6.461239043157548,4.20887060649693,15.85214553400874,1.3969840839678227e-09,2.817529147490859,0.625,False,False
686.0,8,0,0,2,0.0,0.0,0.25,8.230470116250217,9.893833437934518,14.814605288207533,1.862645149230957e-09,-0.9763811808079482,0.625,False,False
687.0,8,0,0,1,0.0,0.0,0.125,5.988590052817017,5.014040244743228,13.408953856676815,4.656615093523442e-10,0.7828039173036814,0.5,False,False
688.0,8,0,0,0,0.0,0.0,0.0,6.812112441752106,7.617627145722508,9.830990057438612,-4.656612873077393e-10,-1.5642494652420282,0.5,False,False
689.0,8,0,0,0,0.0,0.0,0.0,5.569643101654947,6.615443605929613,8.694236606359482,0.0,-1.422926066443324,0.625,False,False
690.0,8,0,0,1,0.0,0.0,0.125,6.68890568614006,5.791331388056278,13.199873700737951,9.313223525708736e-10,-3.3657633177936077,0.625,False,False
691.0,8,1,0,4,0.125,0.0,0.5,11.818664038088173,9.257401134818792,22.919917188584805,-1.3969838619232178e-09,-4.0191940404474735,0.625,False,False
692.0,8,0,0,1,0.0,0.0,0.125,5.070090067572892,3.7074013017117977,10.477436367422342,1.862645371275562e-09,-1.0838971007615328,0.5,False,False
693.0,7,0,0,0,0.0,0.0,0.0,0.6980278832571847,0.8008900731801987,1.4293999932706356,1.0643686884240618e-09,-0.1793249659240245,0.7142857142857143,False,False
694.0,8,0,0,0,0.0,0.0,0.0,3.8695358335971832,4.613160690292716,6.509100463241339,9.31322685637781e-10,-0.9605388045310974,0.5,False,False
695.0,8,0,0,2,0.0,0.0,0.25,6.9008075525052845,5.656256472691894,14.763952996581793,-1.3969838619232178e-09,-0.6222593281418087,0.5,False,False
696.0,7,0,0,0,0.0,0.0,0.0,3.216586733503001,3.076653767377138,7.81005971506238,-4.257474626813616e-09,0.5315589383244514,0.5714285714285714,False,False
697.0,7,0,0,0,0.0,0.0,0.0,2.998625125735998,3.67295740917325,6.541377980262041,5.321843600723599e-10,1.1461774222552776,0.7142857142857143,False,False
698.0,7,0,0,0,0.0,0.0,0.0,3.013878880334752,3.330620650202036,6.365990079939365,-5.32184328351702e-10,0.9394326359033583,0.7142857142857143,False,False
699.0,7,0,0,1,0.0,0.0,0.14285714285714285,5.6478823992822855,6.448107820004225,9.961574655026196,-2.660921387993247e-09,3.068795148283243,0.5714285714285714,False,False
700.0,8,0,0,3,0.0,0.0,0.375,10.3841163655743,7.599113332107663,17.550506085157394,-1.862645149230957e-09,-4.520648263394833,0.625,False,False
701.0,7,0,0,0,0.0,0.0,0.0,3.579091150313616,2.995981700718403,6.725027788430452,-5.32184328351702e-10,0.7546492591500282,0.5714285714285714,False,False
702.0,7,0,0,0,0.0,0.0,0.0,2.2931713280933246,2.2227352410554886,4.616837330162525,-2.128737313406808e-09,-0.675800658762455,0.5714285714285714,False,False
703.0,7,0,0,0,0.0,0.0,0.0,2.0121361948549747,1.839723814278841,3.896709050983191,-5.321842649103863e-10,-0.7479666210711002,0.5714285714285714,False,False
704.0,8,0,0,0,0.0,0.0,0.0,0.7134959334507585,0.9116109292954206,1.0607640221714971,-1.862645149230957e-09,0.10327227413654319,0.625,False,False
705.0,8,0,0,0,0.0,0.0,0.0,4.036165646277368,2.812529768794775,8.663413520902395,9.313225746154785e-10,-1.3310130685567856,0.625,False,False
706.0,7,0,0,0,0.0,0.0,0.0,3.857192382748638,3.976742405444384,7.227133836597204,5.32184328351702e-10,1.4689529314637184,0.5714285714285714,False,False
707.0,7,0,0,0,0.0,0.0,0.0,2.620242881987776,3.1395346708595757,5.849346645176411,-1.0643685932620883e-09,0.9211699068546296,0.7142857142857143,False,False
708.0,7,0,0,0,0.0,0.0,0.0,1.616478227611099,1.0747119672596457,3.91378066316247,2.66092164175851e-09,0.0512959882616996,0.5714285714285714,False,False
709.0,7,0,0,0,0.0,0.0,0.0,1.9449675498264176,1.745381448417902,4.451956491917372,1.064368656703404e-09,-0.0086062848567962,0.5714285714285714,False,False
710.0,7,0,0,0,0.0,0.0,0.0,4.339814602264336,3.9365164488554,8.509644255042076,-6.344131569286608e-17,-1.6255135014653206,0.5714285714285714,False,False
711.0,8,0,0,3,0.0,0.0,0.375,9.641978057101369,9.059741022065282,18.87334832549095,0.0,-2.7643624991178513,0.5,False,False
712.0,8,0,0,2,0.0,0.0,0.25,7.674307050183415,7.34518370218575,15.557978242635729,-1.862645149230957e-09,1.2309119198471308,0.5,False,False
713.0,8,0,0,1,0.0,0.0,0.125,6.618167950306088,6.433782238513231,11.148767098784448,-4.656617313969491e-10,0.11279118247330189,0.5,False,False
714.0,8,1,0,4,0.125,0.0,0.5,11.481553999707103,10.062805358320475,22.15336524695158,9.313225746154785e-10,-2.568217257037759,0.5,False,False
715.0,7,0,0,0,0.0,0.0,0.0,1.3390734743859087,1.3394398018717766,3.253364071249962,-5.32184328351702e-10,-0.1278173923492431,0.5714285714285714,False,False
716.0,8,2,0,4,0.25,0.0,0.5,13.962940413039178,13.208528835326433,34.38888054713607,3.259629011154175e-09,1.6611106917262077,0.625,False,False
717.0,7,0,0,0,0.0,0.0,0.0,4.601370459688561,5.292183618992567,7.400760140269995,5.32184328351702e-10,-0.5727939046919346,0.5714285714285714,False,False
718.0,7,0,0,0,0.0,0.0,0.0,3.28207364571946,2.418603327125311,7.739802218973637,1.064368656703404e-09,0.4096550792455673,0.5714285714285714,False,False
719.0,7,0,0,0,0.0,0.0,0.0,3.149728852723326,3.1440617479383945,5.741852935403585,1.064368656703404e-09,0.7883946895599365,0.5714285714285714,False,False
720.0,7,0,0,0,0.0,0.0,0.0,3.320348935467856,4.718130059540272,6.690942510962486,-1.064368656703404e-09,0.6679251454770565,0.5714285714285714,False,False
721.0,8,0,0,0,0.0,0.0,0.0,3.705902862828225,3.350530305877328,9.178804852068424,4.656612873077393e-10,-0.6019058357924223,0.625,False,False
722.0,8,0,0,1,0.0,0.0,0.125,7.39197656000033,8.463986154645681,12.681446086615324,1.3969840839678227e-09,-1.6432497929781675,0.5,False,False
723.0,8,0,0,1,0.0,0.0,0.125,4.886674710083753,3.2802792116999626,12.966196652501822,-4.656612873077393e-10,0.27044064737856394,0.5,False,False
724.0,7,0,0,0,0.0,0.0,0.0,3.629547200564827,3.848223578184843,6.144792959094048,1.5965531119377374e-09,-1.5276340134441853,0.5714285714285714,False,False
725.0,7,0,0,0,0.0,0.0,0.0,2.473867883107492,2.3397739343345165,4.21925450488925,-5.32184328351702e-10,1.6636629588901997,0.5714285714285714,False,False
726.0,7,0,0,0,0.0,0.0,0.0,3.9313424144472395,4.366629127413034,7.385723572224379,3.193105970110212e-09,1.7280251905322075,0.7142857142857143,False,False
727.0,7,0,0,0,0.0,0.0,0.0,2.0970047557992593,1.6276806741952896,4.055087611079216,5.32184328351702e-10,0.493966531008482,0.5714285714285714,False,False
728.0,8,0,0,3,0.0,0.0,0.375,7.9734309539198875,6.47071342356503,14.310040175914764,0.0,-2.755729081109166,0.625,False,False
729.0,7,0,0,0,0.0,0.0,0.0,2.7336856366268227,2.339921824634075,5.351413976401091,-1.596552985055106e-09,1.0435375683009624,0.7142857142857143,False,False
730.0,7,0,0,0,0.0,0.0,0.0,2.5898387730121613,2.753401361405849,4.853285223245621,-1.0643687201447198e-09,0.714454673230648,0.5714285714285714,False,False
731.0,7,0,0,0,0.0,0.0,0.0,1.7977185462202345,2.142640933394432,3.7195818051695824,2.128737313406808e-09,-0.0018139407038688,0.5714285714285714,False,False
732.0,7,0,0,0,0.0,0.0,0.0,2.7698337265423367,2.2048747539520264,5.182186640799046,-3.193105970110212e-09,1.032878302037716,0.5714285714285714,False,False
733.0,7,0,0,0,0.0,0.0,0.0,2.246403199753591,2.956366039812565,3.5651278905570507,-2.66092164175851e-09,0.6312142051756382,0.5714285714285714,False,False
734.0,7,0,0,0,0.0,0.0,0.0,3.4746491850486825,3.780590564012528,5.517350770533085,-2.66092164175851e-09,-0.2054091617465019,0.5714285714285714,False,False
735.0,8,0,0,3,0.0,0.0,0.375,6.3043621503748,4.765481701120734,15.327203430235386,4.6566106526313433e-10,0.2925499305129051,0.5,False,False
736.0,8,0,0,0,0.0,0.0,0.0,3.2717544506303966,3.8862357567995787,7.730145763605833,3.259629011154175e-09,0.058631064370274544,0.5,False,False
737.0,7,0,0,0,0.0,0.0,0.0,3.4439231710774556,1.9986178278923037,8.344961728900671,1.064368656703404e-09,0.5545792318880558,0.5714285714285714,False,False
738.0,8,0,0,0,0.0,0.0,0.0,3.268212671391666,2.6072587482631207,8.855001915246248,9.313225746154785e-10,1.100010633468628,0.625,False,False
739.0,8,0,0,1,0.0,0.0,0.125,5.498598861973733,4.591671492904425,12.70980478450656,3.259629011154175e-09,1.7091377843171358,0.625,False,False
740.0,8,0,0,2,0.0,0.0,0.25,6.506217994727194,6.362016314640641,17.700132381170988,-9.313227966600834e-10,0.42589947022497654,0.625,False,False
741.0,8,0,0,1,0.0,0.0,0.125,4.9437530832365155,4.036991860717535,10.896735951304436,-2.7939677238464355e-09,-0.4175322968512773,0.625,False,False
742.0,8,0,0,0,0.0,0.0,0.0,2.7578076771460474,2.776997165754438,4.807944588363171,1.3969838619232178e-09,-0.5367818847298622,0.5,False,False
743.0,8,0,0,3,0.0,0.0,0.375,7.543709530495107,6.681481052190065,16.811876006424427,2.7939677238464355e-09,0.32393267564475536,0.625,False,False
744.0,8,0,0,0,0.0,0.0,0.0,1.9838479277677834,1.9858013615012169,3.830693811178208,-2.3283064365386963e-09,-0.6793907377868891,0.5,False,False
745.0,7,0,0,0,0.0,0.0,0.0,1.8171166804219996,1.6043007969856262,3.775687135756016,-5.321843917930177e-10,0.5007862001657486,0.5714285714285714,False,False
746.0,7,0,0,0,0.0,0.0,0.0,3.5144383194191113,2.8810374550521374,7.4625404961407185,1.064368656703404e-09,-1.9481835290789604,0.5714285714285714,False,False
747.0,7,0,0,0,0.0,0.0,0.0,3.4405667893588543,4.174473658204079,7.553294416517019,-2.66092164175851e-09,-1.19611594080925,0.7142857142857143,False,False
748.0,7,0,0,0,0.0,0.0,0.0,2.188227820077113,2.840015973895788,4.192696306854487,5.321845821169648e-10,0.20205794647336,0.5714285714285714,False,False
749.0,8,0,0,0,0.0,0.0,0.0,4.6760228727944195,3.7575803361833096,9.935155596584082,-2.3283064365386963e-09,2.104149367660284,0.625,False,False
750.0,8,0,0,2,0.0,0.0,0.25,6.598571493756026,5.312456902116537,15.436570521444082,2.3283064365386963e-09,2.5930771455168724,0.625,False,False
751.0,8,0,0,0,0.0,0.0,0.0,4.558193365111947,3.9574343524873257,8.703003652393818,0.0,2.0885442961007357,0.625,False,False
752.0,8,0,0,2,0.0,0.0,0.25,6.351011745631695,5.721890291199088,15.391965303570032,1.862645149230957e-09,0.9629835449159145,0.625,False,False
753.0,8,0,0,3,0.0,0.0,0.375,9.789563671220094,8.535250876098871,18.20891918987036,-4.656617313969491e-10,-1.0461822170764203,0.5,False,False
754.0,8,0,0,0,0.0,0.0,0.0,5.2126316372305155,4.2945818193256855,9.531592544168234,-1.862645149230957e-09,-0.19715102389454842,0.5,False,False
755.0,8,0,0,2,0.0,0.0,0.25,7.282794918864965,5.754665285348892,12.780368003994226,1.862645149230957e-09,-1.3416341990232468,0.5,False,False
756.0,8,0,0,3,0.0,0.0,0.375,9.081466568633914,8.707931509241462,14.268488958477974,9.313225746154785e-10,-1.4176006373018026,0.5,False,False
757.0,8,0,0,4,0.0,0.0,0.5,10.513065669685602,12.203144654631615,15.024220541119576,9.313225746154785e-10,-2.3775787502527237,0.5,False,False
758.0,8,0,0,4,0.0,0.0,0.5,10.646633677650243,10.701329281553626,18.488695442676544,-2.3283064365386963e-09,-2.8372475262731314,0.5,False,False
759.0,8,0,0,3,0.0,0.0,0.375,9.750260110478848,9.228636670857668,17.553813081234694,-2.3283064365386963e-09,-2.4169507063925266,0.5,False,False
760.0,8,0,0,0,0.0,0.0,0.0,4.811623304150999,5.567078862339258,6.966924086213112,-3.725290298461914e-09,-1.106621902436018,0.5,False,False
761.0,8,0,0,2,0.0,0.0,0.25,8.144939281977713,7.979482848197223,13.910861421376469,-1.862645149230957e-09,-2.379507614299655,0.5,False,False
762.0,8,0,0,0,0.0,0.0,0.0,6.327384538482875,6.375653902068734,9.77975085005164,1.3969840839678227e-09,-1.896235534921288,0.5,False,False
763.0,8,0,0,0,0.0,0.0,0.0,2.6914182459004223,1.9151527788490057,6.581342786550522,-3.259629011154175e-09,0.17701231315731997,0.625,False,False
764.0,8,0,0,2,0.0,0.0,0.25,8.064496899023652,7.401678601279855,15.11613129451871,9.313225746154785e-10,2.2063188701868057,0.5,False,False
765.0,7,0,0,0,0.0,0.0,0.0,2.7234558830303803,3.2604900375008583,5.491336643695831,-3.725290298461914e-09,0.0796102881431579,0.5714285714285714,False,False
766.0,8,0,0,0,0.0,0.0,0.0,5.785777605138719,6.419526033103466,8.668445132672787,0.0,1.7417490258812904,0.625,False,False
767.0,7,0,0,0,0.0,0.0,0.0,2.581369792244264,3.0229345113039017,4.845485806465149,5.32184328351702e-10,-0.068732351064682,0.5714285714285714,False,False
768.0,7,0,0,0,0.0,0.0,0.0,2.698481604989086,2.494443476200104,5.42345317453146,-5.321843917930177e-10,0.4817891754209995,0.5714285714285714,False,False
769.0,7,0,0,0,0.0,0.0,0.0,2.8785648521568095,1.760568518191576,7.761690828949213,-2.66092164175851e-09,-0.0820601433515548,0.5714285714285714,False,False
770.0,7,0,0,0,0.0,0.0,0.0,4.215859040085759,3.93227156996727,5.897915754467249,5.32184328351702e-10,2.739874005317688,0.5714285714285714,False,False
771.0,7,0,0,0,0.0,0.0,0.0,3.745573819215809,3.4028081707656384,5.613051190972328,5.321843917930177e-10,3.0298536606132984,0.5714285714285714,False,False
772.0,7,0,0,0,0.0,0.0,0.0,3.502391964197159,3.106890130788088,6.721679117530584,1.064368656703404e-09,1.4846410639584064,0.5714285714285714,False,False
773.0,8,0,0,0,0.0,0.0,0.0,4.6697822930291295,4.315853236243129,9.183882120996714,-2.7939677238464355e-09,0.6189413201063871,0.5,False,False
774.0,8,0,0,0,0.0,0.0,0.0,4.59577943990007,5.187761729583144,7.744023751467466,4.656612873077393e-10,0.24784718081355095,0.5,False,False
775.0,8,0,0,0,0.0,0.0,0.0,1.788577497471124,1.7954631764441729,3.6567102260887614,-1.3969839729455202e-09,0.2090624775737524,0.5,False,False
776.0,8,0,0,0,0.0,0.0,0.0,1.9993656668812037,1.9361835308372974,3.88928447291255,2.7939677238464355e-09,0.9075135365128517,0.625,False,False
777.0,8,0,0,0,0.0,0.0,0.0,5.710434675216675,5.501501772552729,9.204031642526388,1.862645149230957e-09,-0.6735479310154917,0.5,False,False
778.0,8,0,0,0,0.0,0.0,0.0,1.3479311116971076,1.0300148706883192,3.6536692939698696,3.259629011154175e-09,-0.6653476897627115,0.75,False,False
779.0,8,0,0,1,0.0,0.0,0.125,6.005783528555185,5.000312915071845,13.80092963948846,-3.259629011154175e-09,-0.6580336913466451,0.5,False,False
780.0,8,0,0,0,0.0,0.0,0.0,3.736585983540863,3.1580682657659054,8.630207397043705,-1.3969838619232178e-09,-0.9324154481291771,0.625,False,False
781.0,8,0,0,2,0.0,0.0,0.25,7.721595653798431,7.776342883706093,14.087356317788364,3.259628567064965e-09,-2.3858495727181435,0.5,False,False
782.0,8,0,0,0,0.0,0.0,0.0,5.508614849764854,5.444757653400302,9.908915270119904,4.656612873077393e-10,-1.168160317465663,0.5,False,False
783.0,8,0,0,0,0.0,0.0,0.0,4.524419790133834,5.350285245105624,8.876616559922695,0.0,-0.07610777392983434,0.5,False,False
784.0,8,0,0,0,0.0,0.0,0.0,3.8653859770856798,4.73652608320117,5.51043700799346,-4.656612873077393e-10,-0.8310600519180298,0.625,False,False
785.0,8,0,0,2,0.0,0.0,0.25,8.279957931488752,9.81395141966641,11.96473454684019,1.862645149230957e-09,-1.9562632273882625,0.5,False,False
786.0,8,0,0,0,0.0,0.0,0.0,4.318129976745695,4.789003001525998,8.687405116856098,1.3969838619232178e-09,0.5997201111167669,0.75,False,False
787.0,8,0,0,0,0.0,0.0,0.0,5.2701795771718025,5.025441700592637,9.775537956506014,-1.862645371275562e-09,1.0861079022288322,0.5,False,False
788.0,8,0,0,0,0.0,0.0,0.0,3.665967400651425,3.5161818377673626,7.289341401308775,-4.656612873077393e-10,1.1574986651539803,0.5,False,False
789.0,8,0,0,0,0.0,0.0,0.0,4.0931897619739175,4.08370259962976,8.089836921542883,0.0,-0.7001666631549597,0.5,False,False
790.0,8,0,0,0,0.0,0.0,0.0,4.3391682780347764,4.133644390851259,9.13038981333375,-1.3969838619232178e-09,1.6285249590873718,0.625,False,False
791.0,8,0,0,0,0.0,0.0,0.0,3.376249055378139,3.5763361770659685,7.340734578669071,9.313225746154785e-10,0.2443678043782711,0.5,False,False
792.0,8,0,0,0,0.0,0.0,0.0,3.9292084011249244,3.85749008692801,8.013481989502907,4.656612873077393e-10,0.23378775268793106,0.5,False,False
793.0,8,0,0,0,0.0,0.0,0.0,2.978052267804742,2.679006041958928,6.339409075677395,9.313225746154785e-10,1.2441079430282116,0.75,False,False
794.0,8,0,0,0,0.0,0.0,0.0,2.760560104623437,3.1118242908269167,4.864892944693565,-2.7939677238464355e-09,-0.5329349469393492,0.5,False,False
795.0,8,0,0,3,0.0,0.0,0.375,8.388596097007394,7.995347145944834,13.939228665083649,9.313225746154785e-10,-2.8320053219795227,0.625,False,False
796.0,8,3,0,7,0.375,0.0,0.875,17.61546076554805,17.630032250657678,29.18641312047839,0.0,-4.613769145682454,0.5,False,False
797.0,8,5,0,6,0.625,0.0,0.75,20.373023457359523,20.21513527072966,36.84228429198265,2.3283064365386963e-09,-7.007317181676626,0.625,True,False
798.0,7,1,0,4,0.14285714285714285,0.0,0.5714285714285714,11.413242681218046,12.380027651786804,20.953302908688784,5.32184328351702e-10,4.779173705726862,0.7142857142857143,False,False
799.0,8,3,0,5,0.375,0.0,0.625,13.88463754253462,13.99449697881937,22.16861891001463,2.3283059924494864e-09,-5.418608160689473,0.625,False,False
800.0,8,0,0,5,0.0,0.0,0.625,11.75644929939881,13.450112450867891,19.153739601373672,1.3969838619232178e-09,-4.355438305065036,0.625,False,False
801.0,8,0,0,2,0.0,0.0,0.25,8.908260151278228,8.769576463848352,15.738603375852108,4.656612873077393e-10,-3.20123709179461,0.625,False,False
802.0,8,1,0,4,0.125,0.0,0.5,11.665499373339117,10.80283541418612,20.5396983101964,1.862645149230957e-09,-3.660541608929634,0.5,False,False
803.0,8,0,0,0,0.0,0.0,0.0,5.370618655346334,4.04671666584909,10.113680697977545,2.220446049250313e-16,-2.308166466653347,0.625,False,False
804.0,8,0,0,3,0.0,0.0,0.375,8.463214793708175,6.551488691940904,17.406107503920794,1.3969838619232178e-09,-1.671887140721083,0.625,False,False
805.0,8,0,0,3,0.0,0.0,0.375,9.393567793536931,9.535288356244564,14.086333230137823,2.3283064365386963e-09,-0.9972417689859867,0.5,False,False
806.0,8,0,0,1,0.0,0.0,0.125,6.565686486195773,8.042909655719995,10.503277372568846,4.656612873077393e-10,1.0621703192591667,0.625,False,False
807.0,8,0,0,5,0.0,0.0,0.625,10.758539935108274,11.94622335024178,16.12822088599205,4.656612873077393e-10,1.9508367292582989,0.5,False,False
808.0,8,0,0,2,0.0,0.0,0.25,9.485611639451236,9.452916968613863,15.32862589135766,1.3969838619232178e-09,-1.1827205065637825,0.5,False,False
809.0,8,1,0,4,0.125,0.0,0.5,11.689415044151247,9.774396229535341,21.640265461057425,1.862645149230957e-09,-3.4593773130327463,0.5,False,False
810.0,8,0,0,0,0.0,0.0,0.0,4.096708028577268,3.658394644036889,7.972175840288401,-3.7252904094842165e-09,0.6699183210730553,0.5,False,False
811.0,8,0,0,2,0.0,0.0,0.25,6.505508397240192,5.7083436865359545,12.985616337507963,-4.656612873077393e-10,-1.4170483015477657,0.5,False,False
812.0,8,0,0,0,0.0,0.0,0.0,2.199360311497003,2.2773990128189325,3.78391233086586,2.3283064365386963e-09,-1.122314304113388,0.625,False,False
813.0,8,0,0,0,0.0,0.0,0.0,4.4811335895210505,3.985436350107193,9.571389827877285,9.313223525708736e-10,-0.8208480477333069,0.5,False,False
814.0,8,0,0,0,0.0,0.0,0.0,3.1106944950297475,3.101607471704483,6.137918744236231,-1.862645149230957e-09,-0.604347949847579,0.625,False,False
815.0,8,0,0,0,0.0,0.0,0.0,1.7522940789349377,0.9187783282250166,4.391036290675402,2.3283064920498475e-09,0.48964226245880127,0.75,False,False
816.0,8,0,0,0,0.0,0.0,0.0,3.027563399169594,2.735415318980813,5.663762796670198,-4.656612873077393e-10,0.8476292472332716,0.625,False,False
817.0,8,0,0,2,0.0,0.0,0.25,7.55432255147025,7.764997210353613,12.888930197805166,-1.3969838619232178e-09,1.1892335321754217,0.5,False,False
818.0,8,0,0,0,0.0,0.0,0.0,2.4692479921504855,2.559063322842121,5.087220545858145,1.862645149230957e-09,0.07642797566950321,0.5,False,False
819.0,8,0,0,0,0.0,0.0,0.0,2.065914603881538,2.0732611417770386,4.832855101674795,9.313225746154785e-10,0.18520898371934885,0.625,False,False
820.0,8,0,0,0,0.0,0.0,0.0,3.894705581944436,4.068176297470927,5.363558355718851,4.656612873077393e-10,-0.39041126146912575,0.5,False,False
821.0,8,0,0,0,0.0,0.0,0.0,4.943553242366761,5.021132469177246,10.22184681147337,-3.2596291221764773e-09,1.6452227979898453,0.5,False,False
822.0,8,0,0,0,0.0,0.0,0.0,2.058957656379789,1.7486667465418577,3.6930124200880527,-3.259629011154175e-09,1.1655564531683922,0.625,False,False
823.0,7,0,0,0,0.0,0.0,0.0,2.6054102006767477,2.1877952218055725,6.132077258080244,5.321843382644076e-10,-0.1100183688104152,0.5714285714285714,False,False
824.0,8,0,0,0,0.0,0.0,0.0,1.8695534048601985,1.8302704505622387,3.0228748992085457,9.313225746154785e-10,-0.84318408370018,0.625,False,False
825.0,8,0,0,2,0.0,0.0,0.25,6.162958038970828,6.86100484803319,13.48261396959424,2.220446049250313e-16,0.6910081002861261,0.5,False,False
826.0,7,0,0,0,0.0,0.0,0.0,1.11064202817423,0.6520969718694687,2.85566695034504,-3.72529036190323e-09,-0.21927510201931,0.5714285714285714,False,False
827.0,8,0,0,0,0.0,0.0,0.0,1.4268918768502772,1.7595893125981092,2.3270104937255383,1.3969838619232178e-09,0.17353524081408975,0.625,False,False
828.0,8,0,0,0,0.0,0.0,0.0,2.1773805473931134,1.9652490578591824,5.677584856748581,-2.3283064365386963e-09,-0.2726911380887031,0.625,False,False
829.0,7,0,0,0,0.0,0.0,0.0,1.88152831739613,1.6156996302306652,3.579424794763326,-5.321842649103863e-10,0.902663327753544,0.7142857142857143,False,False
830.0,8,0,0,0,0.0,0.0,0.0,5.029298564884812,5.051026992499828,8.987789418548346,1.3969838619232178e-09,0.7866683509200811,0.5,False,False
831.0,7,0,0,0,0.0,0.0,0.0,2.1801303529313634,1.8118658252060411,4.962191477417946,-2.128737345127466e-09,-0.0642670728266239,0.5714285714285714,False,False
832.0,7,0,0,0,0.0,0.0,0.0,1.0050204039684363,1.0255090706050396,1.8176526948809624,1.596552985055106e-09,0.6218756958842278,0.5714285714285714,False,False
833.0,7,0,0,0,0.0,0.0,0.0,1.518946337912764,1.0549239628016949,3.530467715114355,-1.0643686408430752e-09,-0.2840086072683334,0.5714285714285714,False,False
834.0,7,0,0,0,0.0,0.0,0.0,0.6283485623342651,0.3498750664293766,1.3256137110292912,2.128737313406808e-09,0.2529569789767265,0.5714285714285714,False,False
835.0,7,0,0,0,0.0,0.0,0.0,1.033189586762871,0.7733142711222172,2.4817871563136578,1.596552985055106e-09,0.1696803756058216,0.5714285714285714,False,False
836.0,8,0,0,0,0.0,0.0,0.0,1.671848963946104,1.7417806405574083,3.203834567219019,1.862645149230957e-09,0.4755772184580564,0.625,False,False
837.0,8,3,0,6,0.375,0.0,0.75,19.313821248710155,16.637275282293558,36.86600582301617,8.881784197001252e-16,-1.5510131437331434,0.5,False,False
838.0,8,0,0,4,0.0,0.0,0.5,8.709996556397527,8.72250415943563,16.62190806120634,-2.3283059924494864e-09,1.231762008741498,0.5,False,False
839.0,8,2,0,4,0.25,0.0,0.5,13.99639386869967,12.596939275041223,28.19178942218423,-3.725290298461914e-09,0.5161514617502689,0.5,False,False
840.0,7,0,0,0,0.0,0.0,0.0,1.2160444360758578,1.1105089113116264,2.618095599114895,-1.5965529216137903e-09,-0.1367807947099208,0.5714285714285714,False,False
841.0,8,2,0,4,0.25,0.0,0.5,12.388293924275786,11.196271408349276,26.42738512530923,-4.656608432185294e-10,1.7002802528440952,0.5,False,False
842.0,7,0,0,0,0.0,0.0,0.0,0.5051828968737807,0.337965328246355,0.9973624795675278,3.7252902905317497e-09,-0.1891980096697807,0.5714285714285714,False,False
843.0,7,0,0,0,0.0,0.0,0.0,1.7846200977052962,1.97258672490716,2.9413381032645702,-6.344131569286608e-17,-0.4091370590031147,0.5714285714285714,False,False
844.0,7,0,0,0,0.0,0.0,0.0,1.186191935624395,1.251365765929222,2.9003060162067413,-2.128737313406808e-09,0.2621876560151577,0.7142857142857143,False,False
845.0,7,0,0,0,0.0,0.0,0.0,2.1821180108402456,3.22404232993722,3.362821791321039,2.6609217051998257e-09,-0.023615539073944,0.5714285714285714,False,False
846.0,7,0,0,0,0.0,0.0,0.0,6.076685488756214,6.614593356847763,12.027748599648476,2.66092164175851e-09,-3.463914915919304,0.5714285714285714,False,False
847.0,7,0,0,0,0.0,0.0,0.0,2.997846574123417,1.9983204565942287,6.070899873971939,-2.66092164175851e-09,-0.7518504224717617,0.5714285714285714,False,False
848.0,7,1,0,3,0.14285714285714285,0.0,0.42857142857142855,8.76276977413467,4.722007989883423,21.330246429890398,5.321850896474903e-10,0.799707867205143,0.5714285714285714,False,False
849.0,7,0,0,2,0.0,0.0,0.2857142857142857,8.624184282762664,7.116382881999016,19.13821602612734,1.0643687201447198e-09,-2.697995148599148,0.5714285714285714,False,False
850.0,7,0,0,1,0.0,0.0,0.14285714285714285,9.122919078916311,7.932726997882128,18.94469517096877,-1.596552985055106e-09,-5.797254484146833,0.5714285714285714,False,False
851.0,7,1,0,3,0.14285714285714285,0.0,0.42857142857142855,10.899957844189235,8.856350339949131,24.091480907052755,2.1287370596415454e-09,-3.820652313530445,0.5714285714285714,False,False
852.0,7,0,0,2,0.0,0.0,0.2857142857142857,10.31732511680041,9.230786971747875,19.504702888429165,-5.32184328351702e-10,-7.879880145192146,0.5714285714285714,False,False
853.0,7,1,0,6,0.14285714285714285,0.0,0.8571428571428571,14.833550583571196,12.887576509267092,31.434616718441248,5.321845821169648e-10,-7.79825884103775,0.5714285714285714,False,False
854.0,7,0,0,0,0.0,0.0,0.0,5.609154847051416,5.29208442941308,11.357405692338943,-1.0643687835860354e-09,-3.6958273723721504,0.5714285714285714,False,False
855.0,7,0,0,0,0.0,0.0,0.0,6.237756261868136,6.194526702165604,12.527787178754808,2.128737567172071e-09,-4.177527531981468,0.5714285714285714,False,False
856.0,7,0,0,0,0.0,0.0,0.0,2.860790790723903,2.6506173871457577,5.82506150752306,1.5965529216137903e-09,-2.26052001491189,0.5714285714285714,False,False
857.0,7,0,0,0,0.0,0.0,0.0,4.517329255385058,3.990174427628517,8.648986123502254,1.064368656703404e-09,-3.1744304895401,0.5714285714285714,False,False
858.0,7,0,0,0,0.0,0.0,0.0,5.238672499677965,4.964435998350382,9.41759779676795,5.32184328351702e-10,-2.7051687762141228,0.5714285714285714,False,False
859.0,8,2,0,4,0.25,0.0,0.5,16.69701494090259,13.701287722215056,43.94658448174596,-9.313225746154785e-10,4.843650227412581,0.625,False,False
860.0,7,0,0,0,0.0,0.0,0.0,3.305320150618042,4.39094964042306,5.2847203351557255,5.321844552343334e-10,0.6656512841582298,0.5714285714285714,False,False
861.0,8,4,0,7,0.5,0.0,0.875,20.34825184708461,19.530750336125493,39.63421142846346,1.3969838619232178e-09,-5.628818431869149,0.5,True,False
862.0,8,3,0,7,0.375,0.0,0.875,17.007330732420087,17.341071410104632,30.713293075561523,9.313225746154785e-10,-4.706176973879337,0.5,False,False
863.0,7,0,0,0,0.0,0.0,0.0,4.170699502740588,4.246082097291946,6.938506580889225,-3.193105970110212e-09,0.736919566988945,0.5714285714285714,False,False
864.0,8,2,0,4,0.25,0.0,0.5,15.630276653449982,11.429640827700496,38.64705138653517,-2.3283059924494864e-09,6.5172278713434935,0.625,False,False
865.0,8,3,0,4,0.375,0.0,0.5,16.28376116603613,12.83754078671336,39.45996308326721,1.862645149230957e-09,5.260830933228135,0.625,False,False
866.0,8,2,0,5,0.25,0.0,0.625,14.755797578021884,13.172960493713617,31.23990242555737,9.313225746154785e-10,-0.8292179480195045,0.5,False,False
867.0,8,2,0,4,0.25,0.0,0.5,12.455024088732898,11.408292816951871,27.00351072475314,-9.313225746154785e-10,2.4384407121688128,0.625,False,False
868.0,8,3,0,5,0.375,0.0,0.625,16.778237528167665,14.239244006574154,35.55666159465909,0.0,-1.27315335534513,0.5,False,False
869.0,8,2,0,4,0.25,0.0,0.5,12.727845997083932,11.190112184733152,27.364451959729195,1.3969838619232178e-09,0.24536624737083934,0.5,False,False
870.0,8,2,0,5,0.25,0.0,0.625,15.824294872116297,13.972507297992706,31.75636887922883,4.656612873077393e-10,-3.777635781094432,0.5,False,False
871.0,8,3,0,7,0.375,0.0,0.875,17.018619185779244,16.71887945383787,29.100200034677982,-2.3283064365386963e-09,-3.9159611631184816,0.5,False,False
872.0,8,4,0,5,0.5,0.0,0.625,17.449149149935693,21.105308244004846,27.58598011732101,1.3969838619232178e-09,-3.816490089520812,0.625,True,False
873.0,8,2,0,5,0.25,0.0,0.625,14.823351731989533,13.757700240239501,31.53559936210513,-1.3969838619232178e-09,-2.945581892505288,0.5,False,False
874.0,7,2,0,4,0.2857142857142857,0.0,0.5714285714285714,15.334548312638487,14.609064552932978,29.508714415133,0.0,6.392796248197556,0.5714285714285714,False,False
875.0,8,5,0,6,0.625,0.0,0.75,19.000355466734618,22.20111452229321,28.29206628352404,2.3283064365386963e-09,-4.062581434845924,0.5,True,False
876.0,7,2,0,5,0.2857142857142857,0.0,0.7142857142857143,18.230799139610358,17.977700147777796,32.52736126631498,1.064368656703404e-09,7.51182696595788,0.5714285714285714,False,False
877.0,7,2,0,6,0.2857142857142857,0.0,0.8571428571428571,17.103612480419024,17.011979017406702,27.64688785001636,1.0643691642339296e-09,7.528150554746389,0.5714285714285714,False,False
878.0,7,1,0,4,0.14285714285714285,0.0,0.5714285714285714,12.995512514242105,12.811298418790102,22.639450926333662,2.1287378209373334e-09,4.649723161011934,0.5714285714285714,False,False
879.0,8,2,0,6,0.25,0.0,0.75,15.813615060411394,17.452345460653305,30.00347885489464,-8.881784197001252e-16,-1.3140674829483032,0.5,False,False
880.0,8,5,0,6,0.625,0.0,0.75,21.663801161106676,20.805978447198868,45.75465198233724,4.6565951095089986e-10,-1.2369681932032117,0.5,True,False
881.0,8,5,0,6,0.625,0.0,0.75,16.973200300242752,21.42331717722118,25.17746689170599,-4.65662175486159e-10,-3.9598575457930565,0.625,True,False
882.0,8,4,0,6,0.5,0.0,0.75,16.43465633969754,20.751997942104936,23.30632769316435,-1.862645149230957e-09,-4.778282377868891,0.625,True,False
883.0,8,5,0,6,0.625,0.0,0.75,18.909839458297938,23.18095557391644,29.73426579684019,1.3969838619232178e-09,-3.841060070320964,0.625,True,False
884.0,8,4,1,7,0.5,0.125,0.875,26.050411253701895,22.723523559048772,53.17160436883569,2.328307324717116e-09,-2.4676745478063813,0.5,True,False
885.0,8,4,0,5,0.5,0.0,0.625,16.457428205292672,20.049442548304796,27.90496582537889,4.656612873077393e-10,-3.719142895191908,0.5,True,False
886.0,8,5,0,7,0.625,0.0,0.875,23.721303661819547,26.8349954970181,42.0552594512701,1.3969838619232178e-09,-4.19757417216897,0.5,True,False
887.0,7,0,0,0,0.0,0.0,0.0,5.472093545964786,5.741579592227936,11.782059401273727,-1.064368656703404e-09,3.014910615980625,0.5714285714285714,False,False
888.0,8,1,0,4,0.125,0.0,0.5,12.621904376428574,13.791967023164034,23.419151581823822,-2.3283064365386963e-09,-4.342800283804536,0.625,False,False
889.0,8,0,0,2,0.0,0.0,0.25,9.393596112728119,8.34405385889113,18.67059225216508,1.862645149230957e-09,-1.35414076782763,0.5,False,False
890.0,7,2,0,4,0.2857142857142857,0.0,0.5714285714285714,14.8632688415902,12.947247929871082,37.011348590254784,2.128737313406808e-09,1.053742427378893,0.5714285714285714,False,False
891.0,8,2,0,5,0.25,0.0,0.625,13.223707567434758,14.506180444732308,24.02317926287651,-2.3283064365386963e-09,-2.3105452843010426,0.5,False,False
892.0,7,0,0,0,0.0,0.0,0.0,1.7596523990588528,2.072232209146023,3.627636287361384,-1.596552985055106e-09,-0.018568817526102,0.5714285714285714,False,False
893.0,8,0,0,2,0.0,0.0,0.25,6.5274888589046896,5.744788175448775,12.623597338795662,-2.3283064365386963e-09,0.00310707464814175,0.5,False,False
894.0,8,0,0,2,0.0,0.0,0.25,6.415997209958732,7.618479326367378,12.259694561362268,-2.7939677238464355e-09,0.13956118747591975,0.5,False,False
895.0,8,0,0,2,0.0,0.0,0.25,5.83116346038878,4.806816669180989,14.222937665879726,0.0,-0.7510889247059822,0.625,False,False
896.0,8,0,0,3,0.0,0.0,0.375,8.212216053623706,6.55434337630868,15.572094433009624,-4.656612873077393e-10,-2.084041515365243,0.625,False,False
897.0,8,0,0,2,0.0,0.0,0.25,6.90961632411927,6.685499297454953,12.34397630766034,2.220446049250313e-16,0.8289545141160487,0.5,False,False
898.0,8,0,0,1,0.0,0.0,0.125,5.731022282037884,5.050447508692741,11.892572458833456,-4.656612873077393e-10,2.08835718780756,0.625,False,False
899.0,8,0,0,2,0.0,0.0,0.25,7.285004002507776,6.263328675180674,13.396434620022774,4.656612873077393e-10,-1.476599331945181,0.5,False,False
900.0,8,0,0,0,0.0,0.0,0.0,2.8078395831398666,2.315876668319106,6.769016083329916,-2.3283064365386963e-09,0.8758223000913858,0.625,False,False
901.0,8,0,0,0,0.0,0.0,0.0,3.6377505701966584,3.339146187528968,6.23737870529294,-1.3969838619232178e-09,1.042913282290101,0.625,False,False
902.0,8,0,0,0,0.0,0.0,0.0,2.897917882539332,3.2511965557932854,4.498034041374922,-1.862645149230957e-09,-0.697344833984971,0.5,False,False
903.0,8,0,0,0,0.0,0.0,0.0,2.082224887330085,2.0069651771336794,4.772062003612518,-2.3283064365386963e-09,0.01671536453068255,0.5,False,False
904.0,8,0,0,0,0.0,0.0,0.0,1.8212253972887993,1.6489070858806372,3.050191964954138,-2.7939677238464355e-09,-0.5843367613852024,0.5,False,False
905.0,8,0,0,0,0.0,0.0,0.0,3.1797404140233994,3.2911539673805237,4.374029163271189,-1.862645149230957e-09,-0.17676633782684792,0.5,False,False
906.0,8,0,0,0,0.0,0.0,0.0,1.5820838827639818,1.2975496798753738,3.179873839020729,3.725290298461914e-09,0.7674527298659086,0.625,False,False
907.0,8,0,0,0,0.0,0.0,0.0,4.058265538420528,4.4338090773671865,9.492505922913551,-4.656612873077393e-10,0.4969566911458969,0.625,False,False
908.0,8,0,0,0,0.0,0.0,0.0,1.6723366561345756,1.2007722798734903,4.287802051752806,3.259629011154175e-09,0.2217161487787962,0.625,False,False
909.0,8,0,0,0,0.0,0.0,0.0,2.0423359679989517,1.6535813324153423,3.731323402374983,4.656612873077393e-10,-0.11983288452029228,0.5,False,False
910.0,8,0,0,0,0.0,0.0,0.0,1.6265461794100702,1.4741111267358065,3.0159115865826607,4.656612873077393e-10,-0.44801444932818413,0.5,False,False
911.0,8,0,0,0,0.0,0.0,0.0,1.906608389224857,1.8714812695980072,2.9478444792330265,-1.3969838619232178e-09,-0.4088330939412117,0.5,False,False
912.0,7,0,0,0,0.0,0.0,0.0,1.7373191740896021,1.5996463373303411,3.430227290838957,-2.66092164175851e-09,-0.4332534782588482,0.5714285714285714,False,False
913.0,7,0,0,0,0.0,0.0,0.0,3.1194638460874557,2.8719748333096504,7.220962449908256,-2.128737091362203e-09,1.1741142719984057,0.5714285714285714,False,False
914.0,7,0,0,0,0.0,0.0,0.0,2.335784890822002,2.465527269989252,4.223920475691557,-2.1287372499654923e-09,-0.3796864189207554,0.5714285714285714,False,False
915.0,7,0,0,0,0.0,0.0,0.0,4.083231896694217,4.118857275694609,7.785391561686993,-2.66092164175851e-09,1.6783081851899624,0.5714285714285714,False,False
916.0,7,0,0,1,0.0,0.0,0.14285714285714285,6.1967418523771425,6.800114471465349,14.888482008129358,1.064368656703404e-09,1.6261034831404686,0.7142857142857143,False,False
917.0,7,0,0,0,0.0,0.0,0.0,1.903520273842982,0.9841783754527568,4.613335274159908,5.321844393740044e-10,-0.5086064264178276,0.5714285714285714,False,False
918.0,7,0,0,0,0.0,0.0,0.0,1.4796437009104662,1.416755124926567,3.065249990671873,-5.32184328351702e-10,0.8288192898035049,0.5714285714285714,False,False
919.0,7,0,0,0,0.0,0.0,0.0,1.1162901701671737,1.239807404577732,2.14486476033926,0.0,-0.430215872824192,0.7142857142857143,False,False
920.0,7,0,0,0,0.0,0.0,0.0,1.1527828159076827,0.9506146535277368,2.2735328935086727,4.257474626813616e-09,-0.2761781923472881,0.5714285714285714,False,False
921.0,7,0,0,0,0.0,0.0,0.0,1.9005708593342985,1.930683858692646,3.955952558666468,-3.7252902350205984e-09,0.3633280582726002,0.5714285714285714,False,False
922.0,7,0,0,0,0.0,0.0,0.0,1.213351458311081,0.9020488373935224,3.12313936278224,-1.064368656703404e-09,-0.1158197671175003,0.5714285714285714,False,False
923.0,7,0,0,0,0.0,0.0,0.0,2.3491929253297195,2.313673172146082,3.950564067810774,-5.32184328351702e-10,-0.2322754114866256,0.5714285714285714,False,False
924.0,7,0,0,0,0.0,0.0,0.0,2.0251395643821786,2.3530247285962105,4.186903282999992,-1.5965529929852705e-09,0.1735831312835216,0.5714285714285714,False,False
925.0,7,0,0,0,0.0,0.0,0.0,2.2429145516029427,2.466646865010261,4.183372758328915,5.321843917930177e-10,-1.0780919566750526,0.7142857142857143,False,False
926.0,7,0,0,0,0.0,0.0,0.0,4.070203782192299,3.7806905768811694,7.13586961850524,2.128737694054702e-09,-0.9066886939108372,0.5714285714285714,False,False
927.0,7,0,0,0,0.0,0.0,0.0,1.5134959199598856,1.4836303927004335,2.6896793879568577,1.0643686249827461e-09,0.8209112137556076,0.5714285714285714,False,False
928.0,7,0,0,0,0.0,0.0,0.0,1.3482808460082327,1.2544560432434082,2.935083333402872,-4.257474614918369e-09,0.1492271535098552,0.5714285714285714,False,False
929.0,7,0,0,0,0.0,0.0,0.0,1.3653487845190935,1.0256115645170212,2.7961095198988914,2.66092164175851e-09,0.4638646990060806,0.5714285714285714,False,False
930.0,8,0,0,0,0.0,0.0,0.0,4.843391678761691,4.4627418871968985,6.915132574737072,-1.3969838619232178e-09,1.0606627389788628,0.5,False,False
931.0,8,0,0,0,0.0,0.0,0.0,3.17166555672884,2.520572429522872,9.05763017386198,-9.313225746154785e-10,0.16484476067125797,0.5,False,False
932.0,8,0,0,0,0.0,0.0,0.0,2.705109605565667,2.0344853829592466,7.969562090933323,0.0,0.20859026536345482,0.5,False,False
933.0,8,0,0,0,0.0,0.0,0.0,4.444639889057726,4.29296219907701,6.654870875179768,4.656612873077393e-10,0.36785612627863906,0.5,False,False
934.0,8,0,0,0,0.0,0.0,0.0,4.65797067200765,3.6423365231603384,8.790425319224596,-2.3283064365386963e-09,-0.762831274420023,0.5,False,False
935.0,7,0,0,0,0.0,0.0,0.0,1.5771534400326865,1.9351272508502009,2.357959780842066,1.0643686249827461e-09,-0.191256858408451,0.5714285714285714,False,False
936.0,7,0,0,0,0.0,0.0,0.0,1.5236121245792933,1.3074624091386795,3.2294343262910843,1.0643687835860354e-09,0.0884460322558879,0.5714285714285714,False,False
937.0,7,0,0,0,0.0,0.0,0.0,3.0619103695665086,3.0533717647194862,5.911373917013407,1.0643687835860354e-09,-0.9817221648991108,0.5714285714285714,False,False
938.0,7,0,0,0,0.0,0.0,0.0,1.8761562859373433,1.121482286602259,4.589275103062391,2.66092164175851e-09,-0.1073157601058483,0.5714285714285714,False,False
939.0,7,0,0,0,0.0,0.0,0.0,5.069647052990539,4.740903172641993,9.47804993391037,-3.725290298461914e-09,3.30026812851429,0.5714285714285714,False,False
940.0,8,0,0,0,0.0,0.0,0.0,2.4976734397932887,3.0049978364259005,5.146003849804401,1.8626452047421083e-09,0.18741963617503649,0.5,False,False
941.0,8,0,0,3,0.0,0.0,0.375,7.59728122362867,7.821743566542864,13.422374218702316,4.656608432185294e-10,2.3940072506666183,0.625,False,False
942.0,8,0,0,0,0.0,0.0,0.0,2.359376784414053,2.255994601175189,3.9695373699069023,2.7939677238464355e-09,-0.23618118651211262,0.5,False,False
943.0,7,0,0,0,0.0,0.0,0.0,2.9525524862110615,3.0559720434248447,7.277961652725935,1.5965529771249415e-09,0.4647861905395984,0.7142857142857143,False,False
944.0,8,0,0,0,0.0,0.0,0.0,1.7836525095626712,0.9262879658490419,4.0448979660868645,-1.862645149230957e-09,0.726013483479619,0.625,False,False
945.0,8,0,0,0,0.0,0.0,0.0,2.242006985936314,1.9147643968462944,4.651911079883575,1.3969838619232178e-09,-0.06729073263704777,0.5,False,False
946.0,8,0,0,0,0.0,0.0,0.0,2.577068609651178,1.8672192469239235,6.260775055736303,4.656613983300417e-10,-0.7206267286092043,0.625,False,False
947.0,8,0,0,0,0.0,0.0,0.0,1.0729071865789592,0.9437853749841452,2.081735849380493,4.656612873077393e-10,0.1252124048769474,0.5,False,False
948.0,8,0,0,0,0.0,0.0,0.0,1.8228581668809056,1.5604477655142546,3.283395916223526,1.862645149230957e-09,-0.7690894361585379,0.625,False,False
949.0,8,0,0,0,0.0,0.0,0.0,1.7918895580805838,1.6366661693900824,3.660963784903288,-4.6566123179658803e-10,-0.39614305458962923,0.5,False,False
950.0,8,0,0,0,0.0,0.0,0.0,2.9145298288203776,2.6729199904948473,4.687623307108879,-2.3283064365386963e-09,0.11725713126361359,0.5,False,False
951.0,8,0,0,0,0.0,0.0,0.0,1.3626560983248055,1.2400981821119785,3.777328673750162,-1.3969838619232178e-09,0.46448152884840965,0.625,False,False
952.0,7,0,0,0,0.0,0.0,0.0,0.5567445664533547,0.4525063894689083,1.0760071277618408,1.596552985055106e-09,-0.0722781606018543,0.5714285714285714,False,False
953.0,7,0,0,0,0.0,0.0,0.0,0.6028641488935266,0.3163293525576591,1.3911884352564812,5.321843124913731e-10,0.1686754561960697,0.5714285714285714,False,False
954.0,8,0,0,0,0.0,0.0,0.0,1.4455590276047587,0.9350524414330721,3.5791845619678497,-3.725290298461914e-09,-0.1664733402431011,0.625,False,False
955.0,8,0,0,0,0.0,0.0,0.0,2.22659008204937,2.4722059927880764,4.608965713530779,-1.862645149230957e-09,-0.4620709475129843,0.625,False,False
956.0,8,0,0,0,0.0,0.0,0.0,1.7295029778033495,1.7827086225152016,3.3798430897295475,-1.8626452047421083e-09,-0.5632857009768486,0.625,False,False
957.0,8,0,0,0,0.0,0.0,0.0,2.5574039462953806,2.894553679972887,4.440508421510458,9.313225746154785e-10,0.5543284565210342,0.625,False,False
958.0,8,0,0,0,0.0,0.0,0.0,1.837666098959744,1.4780454970896244,3.964441806077957,-9.313225191043273e-10,0.1346437856554985,0.5,False,False
959.0,8,0,0,0,0.0,0.0,0.0,2.1644952171482146,2.0232111420482397,4.030632998794317,-4.656612873077393e-10,0.7384205274283886,0.625,False,False
960.0,8,0,0,0,0.0,0.0,0.0,1.6724661942571402,1.1320307981222868,4.307319704443216,2.7939677238464355e-09,-0.22428070567548275,0.5,False,False
961.0,8,0,0,0,0.0,0.0,0.0,3.5156639660708606,3.188689922913909,8.156063307076693,1.3969838619232178e-09,-0.03578310273587705,0.5,False,False
962.0,8,0,0,0,0.0,0.0,0.0,3.1416021483018994,3.3418000787496567,6.159594248980284,1.862645149230957e-09,0.27743264473974705,0.5,False,False
963.0,8,0,0,0,0.0,0.0,0.0,2.2953086174093187,1.6158314906060696,4.4146510772407055,1.396983917434369e-09,-0.36295967735350143,0.5,False,False
964.0,8,0,0,0,0.0,0.0,0.0,2.1631315792910755,2.2081540916115046,4.050782382488251,-1.3969838619232178e-09,0.11192497052252294,0.5,False,False
965.0,8,0,0,0,0.0,0.0,0.0,3.0857683434151113,2.275199482217431,5.246225040405989,-4.656612873077393e-10,-1.86715074069798,0.625,False,False
966.0,8,0,0,0,0.0,0.0,0.0,4.048231158871204,3.711621070280671,6.7871552892029285,-1.3969838619232178e-09,-0.6932440213859081,0.5,False,False
967.0,8,0,0,0,0.0,0.0,0.0,4.64076008182019,4.808289490640163,7.676464032381773,-2.7939677238464355e-09,-0.42085359990596793,0.5,False,False
968.0,8,0,0,0,0.0,0.0,0.0,3.3867995175532997,3.3965016156435013,5.193691927939653,4.656612873077393e-10,-0.4703589901328086,0.5,False,False
969.0,8,0,0,0,0.0,0.0,0.0,2.3702798634767532,2.4187990315258503,3.7373526133596897,-1.862645149230957e-09,-0.3744577895849943,0.5,False,False
970.0,8,0,0,0,0.0,0.0,0.0,2.4490157896652818,2.3971801698207855,3.914288241416216,0.0,-0.008025068789720535,0.5,False,False
971.0,8,0,0,0,0.0,0.0,0.0,2.952615383081138,3.1823284588754177,4.884134247899056,9.313224635931761e-10,0.8566157408058643,0.625,False,False
972.0,8,0,0,0,0.0,0.0,0.0,2.7629802832379937,3.096050450578332,4.24737211689353,9.313225746154785e-10,-0.28939963132143026,0.5,False,False
973.0,8,0,0,0,0.0,0.0,0.0,3.068889368791133,2.8749864418059587,4.877627871930599,-1.3969838619232178e-09,0.034218929708004,0.5,False,False
974.0,8,0,0,0,0.0,0.0,0.0,2.9348569503054023,2.7853555977344513,4.698858819901943,-2.793967612824133e-09,-0.7635504156351091,0.5,False,False
975.0,8,0,0,0,0.0,0.0,0.0,2.382544652558863,2.0519758947193623,5.52298142015934,3.725290298461914e-09,0.2940540239214897,0.5,False,False
976.0,8,0,0,0,0.0,0.0,0.0,2.121106221806258,2.198959082365036,3.769492700695992,-4.6566123179658803e-10,-0.6472659502178431,0.5,False,False
977.0,8,0,0,0,0.0,0.0,0.0,3.122191985603422,3.3431089613586664,4.578438840806484,-4.656612873077393e-10,-0.46271703019738186,0.5,False,False
978.0,8,0,0,0,0.0,0.0,0.0,2.327414644882083,2.15906822681427,4.991522122174501,9.313225746154785e-10,0.1446360573172569,0.625,False,False
979.0,8,0,0,0,0.0,0.0,0.0,2.0944723053835332,1.695821542292833,4.457435060292482,-1.396983917434369e-09,-0.77690589427948,0.625,False,False
980.0,8,0,0,0,0.0,0.0,0.0,1.8657083655707538,1.5610856208950281,4.233744289726019,-4.6566125955216364e-10,-0.2463127821683884,0.5,False,False
981.0,8,0,0,0,0.0,0.0,0.0,3.968470007646829,3.944223176687956,6.498836610466242,-4.656612873077393e-10,-0.6713008601218462,0.5,False,False
982.0,8,0,0,0,0.0,0.0,0.0,2.6522111566737294,2.6506445836275816,4.616373833268881,-1.862645149230957e-09,-0.645187322050333,0.5,False,False
983.0,8,0,0,0,0.0,0.0,0.0,2.143159790430218,1.5807716380804777,4.321407668292522,-1.3969838619232178e-09,-0.9801324121654034,0.625,False,False
984.0,8,0,0,0,0.0,0.0,0.0,1.041135863866657,1.099241215735674,2.3944934643805027,-2.3283064365386963e-09,-0.32928469218313694,0.625,False,False
985.0,8,0,0,0,0.0,0.0,0.0,2.607837916351855,3.027563102543354,3.85338582098484,1.862645149230957e-09,-0.6130567509680986,0.625,False,False
986.0,8,0,0,0,0.0,0.0,0.0,2.0571849611587822,2.172773128375411,3.670764110982418,-2.3283064365386963e-09,-0.38610703498125076,0.5,False,False
987.0,8,0,0,0,0.0,0.0,0.0,1.1959357243031263,0.7430736012756824,2.91660537943244,-2.793967751602011e-09,0.26670314930379385,0.625,False,False
988.0,8,0,0,0,0.0,0.0,0.0,1.6994843054562807,1.3532583881169558,3.10160155966878,-1.862645149230957e-09,0.04542144387960434,0.5,False,False
989.0,8,0,0,0,0.0,0.0,0.0,4.499469978734851,3.7114105615764856,8.671640489250422,-9.313225746154785e-10,-0.7554944604635239,0.5,False,False
990.0,8,0,0,0,0.0,0.0,0.0,2.3138875016011298,1.9614381976425648,4.44218098372221,-4.656612873077393e-10,1.1798226460814476,0.625,False,False
991.0,8,0,0,0,0.0,0.0,0.0,3.177549003623426,3.2107446603477,6.31957607716322,-1.1102230246251565e-16,0.9053370635956525,0.5,False,False
992.0,7,0,0,0,0.0,0.0,0.0,4.14887929388455,4.325267869979143,7.5684934221208096,-4.257474626813616e-09,2.1405514888465405,0.5714285714285714,False,False
993.0,6,0,0,0,0.0,0.0,0.0,2.4170857133964696,2.219478640705347,4.443415306508541,0.0,0.30562826059758663,0.5,False,False
994.0,6,0,0,1,0.0,0.0,0.16666666666666666,6.792704711978634,7.117484867572784,13.513698369264604,-6.208820124697922e-10,1.3850986659526827,0.5,False,False
995.0,8,0,0,0,0.0,0.0,0.0,1.8085494576953351,1.4366643726825714,4.419067546725273,-1.3969838619232178e-09,-0.13578703068196776,0.5,False,False
996.0,7,0,0,0,0.0,0.0,0.0,1.2581829013569015,1.292340915650129,1.947019200772047,-3.3703198961835107e-17,0.0951113924384117,0.5714285714285714,False,False
997.0,8,0,0,0,0.0,0.0,0.0,3.8901601643301547,2.5250680092722178,8.534621071070433,-4.656612873077393e-10,-1.6150483917444944,0.625,False,False
998.0,8,0,0,0,0.0,0.0,0.0,4.018499807454646,3.009036021307111,8.517587210983038,-1.862645149230957e-09,-1.957028092816472,0.625,False,False
999.0,8,0,0,0,0.0,0.0,0.0,2.5102594872005284,2.423611231148243,5.316113855689764,4.656613428188905e-10,0.3744502514600754,0.5,False,False
1000.0,8,0,0,0,0.0,0.0,0.0,2.5455629266798496,3.025077322497964,4.117385219782591,-1.862645149230957e-09,0.5329150725156069,0.625,False,False
1001.0,8,0,0,0,0.0,0.0,0.0,1.927944099996239,1.765739569440484,4.525016162544489,4.656612873077393e-10,-0.278708340600133,0.5,False,False
1002.0,8,0,0,0,0.0,0.0,0.0,2.467446483206004,3.028696481138468,3.812392972409725,-4.656612873077393e-10,0.79071962274611,0.625,False,False
1003.0,8,0,0,0,0.0,0.0,0.0,3.389984605833888,3.988234667107463,5.247295890003443,2.7939677238464355e-09,-0.4677204694598913,0.5,False,False
1004.0,8,0,0,0,0.0,0.0,0.0,0.8707323600538075,0.5791281275451183,1.77989462018013,1.3969838896787934e-09,0.3140459675341844,0.625,False,False
1005.0,8,0,0,0,0.0,0.0,0.0,2.63601547293365,3.1649474408477545,3.9784582145512095,-9.313224635931761e-10,0.04834126494824886,0.5,False,False
1006.0,8,0,0,0,0.0,0.0,0.0,1.6946949805133045,1.5557174496352673,3.499681580811739,-2.3283064365386963e-09,0.18851557932794094,0.5,False,False
1007.0,8,0,0,0,0.0,0.0,0.0,2.6077070790342987,2.3862474635243416,4.218812488019466,2.3283064365386963e-09,-0.6125265769660473,0.5,False,False
1008.0,8,0,0,0,0.0,0.0,0.0,2.4544713366776705,2.557869417592883,3.7656906843185434,-1.1102230246251565e-16,0.05941804684698582,0.5,False,False
1009.0,8,0,0,0,0.0,0.0,0.0,2.1494215265847743,2.084494123235345,4.110592860728502,3.259629011154175e-09,0.6429383438080549,0.625,False,False
1010.0,8,0,0,0,0.0,0.0,0.0,2.3352484456263483,2.9315132666379213,3.921436473727226,-2.3283064365386963e-09,-0.6656837947666645,0.625,False,False
1011.0,8,0,0,0,0.0,0.0,0.0,2.0021226215176284,2.2333194259554148,4.352225478738546,4.656612873077393e-10,0.1770437564700842,0.5,False,False
1012.0,8,0,0,0,0.0,0.0,0.0,1.7059030658565462,1.0084355510771275,4.526122651994228,4.656612873077393e-10,-0.28616990149021143,0.625,False,False
1013.0,8,0,0,0,0.0,0.0,0.0,1.8074754532426596,1.3645647652447224,4.866606917232275,9.313225746154785e-10,0.7292392309755087,0.75,False,False
1014.0,8,0,0,0,0.0,0.0,0.0,1.85916047077626,1.6036959011107683,3.5210503935813904,-1.862645149230957e-09,0.041649794206023105,0.5,False,False
1015.0,8,0,0,0,0.0,0.0,0.0,1.2700029299594462,0.8705446813255548,3.0868141688406467,-1.3969838619232178e-09,0.09907062537968159,0.5,False,False
1016.0,8,0,0,0,0.0,0.0,0.0,1.0383210252039135,0.6154008768498898,2.1560842245817184,4.656612873077393e-10,-0.38319906033575535,0.625,False,False
1017.0,7,0,0,0,0.0,0.0,0.0,2.0422252400645187,1.211680382490158,4.822071429342032,-1.5965531436583952e-09,0.2175911515951156,0.5714285714285714,False,False
1018.0,8,0,0,0,0.0,0.0,0.0,2.9776028278283775,2.301710907369852,7.499817885458469,4.656612873077393e-10,-0.9575767647475004,0.75,False,False
1019.0,8,0,0,0,0.0,0.0,0.0,1.474226547870785,1.6601077411323786,3.142595674842596,-4.656613428188905e-10,0.035482132807374,0.5,False,False
1020.0,8,0,0,0,0.0,0.0,0.0,2.947922050021589,2.769898232072592,7.408596854656935,5.551115123125783e-17,0.11784546822309497,0.5,False,False
1021.0,8,0,0,0,0.0,0.0,0.0,3.19480721373111,3.282916311174631,4.198551472276449,1.8626452602532595e-09,-0.017123829573392868,0.5,False,False
1022.0,8,0,0,0,0.0,0.0,0.0,1.9128722995519638,1.9016575403511524,4.237145721912384,2.7939677238464355e-09,0.2862772550433874,0.5,False,False
1023.0,8,0,0,0,0.0,0.0,0.0,1.3564749476499856,1.4561343900859356,2.4626346565783024,2.3283064365386963e-09,-0.3090775553137064,0.5,False,False
1024.0,8,0,0,0,0.0,0.0,0.0,1.503747916314751,1.2757991794496775,3.462359007447958,3.259629066665326e-09,-0.3383040614426136,0.625,False,False
1025.0,8,0,0,0,0.0,0.0,0.0,2.005421653855592,2.1425175480544567,3.590551882982254,1.3969838619232178e-09,0.059858273714780794,0.5,False,False
1026.0,8,0,0,0,0.0,0.0,0.0,0.6469099689275026,0.7481457926332951,0.9770332127809525,0.0,-0.14644272252917284,0.625,False,False
1027.0,8,0,0,0,0.0,0.0,0.0,3.07589398836717,3.5048880260437727,5.238198593258858,2.3283064365386963e-09,0.11680237203836441,0.5,False,False
1028.0,8,0,0,0,0.0,0.0,0.0,2.7391812610439956,2.6038493905216455,5.368319611996412,-1.3969838619232178e-09,-0.2904892861843109,0.5,False,False
1029.0,8,0,0,0,0.0,0.0,0.0,1.2755792196840048,1.3930288273841143,2.115730609744787,9.313225746154785e-10,0.03696165420114994,0.5,False,False
1030.0,8,0,0,0,0.0,0.0,0.0,2.186230889521539,1.5205909293144941,5.631474249064922,3.725290298461914e-09,0.2579466961324215,0.5,False,False
1031.0,8,0,0,0,0.0,0.0,0.0,2.8316705599427223,2.424175266176462,5.13688400387764,1.862645149230957e-09,0.3341689221560957,0.5,False,False
1032.0,7,0,0,0,0.0,0.0,0.0,0.9665411109370845,0.6617909669876099,2.234192542731762,-1.5965529374741193e-09,-0.1205787286162376,0.5714285714285714,False,False
1033.0,7,0,0,0,0.0,0.0,0.0,2.2516271732747555,1.82081426307559,5.058788817375898,1.5965529374741193e-09,0.0839292146265506,0.5714285714285714,False,False
1034.0,7,0,0,0,0.0,0.0,0.0,0.9540840967425278,0.6664294861257076,2.053962256759405,3.725290298461914e-09,-0.2791742570698261,0.7142857142857143,False,False
1035.0,7,0,0,0,0.0,0.0,0.0,1.1321148600961481,0.7200857624411583,2.3234455846250057,2.66092164175851e-09,-0.2732796519994735,0.5714285714285714,False,False
1036.0,7,0,0,0,0.0,0.0,0.0,2.4558888748288155,2.460046380758285,4.311752431094647,-5.32184328351702e-09,-0.9472878724336624,0.5714285714285714,False,False
1037.0,8,0,0,0,0.0,0.0,0.0,2.5724144796840847,2.9897061958909035,4.271583758294582,-4.656612873077393e-10,0.5050365123897791,0.625,False,False
1038.0,7,0,0,0,0.0,0.0,0.0,1.1500667285706316,1.0818647406995296,2.200682684779167,1.596552985055106e-09,-0.5329094603657722,0.5714285714285714,False,False
1039.0,7,0,0,0,0.0,0.0,0.0,1.4289542777197701,1.5628999657928944,3.0917103737592697,-7.93016446160826e-18,0.2396753020584583,0.7142857142857143,False,False
1040.0,7,0,0,0,0.0,0.0,0.0,2.412517324090004,1.8954381011426449,5.8603812381625175,-3.193105970110212e-09,0.2879495695233345,0.5714285714285714,False,False
1041.0,7,0,0,0,0.0,0.0,0.0,1.1938304374260562,1.0495168305933475,2.7188200876116757,-1.5965528898931325e-09,0.0194474793970584,0.5714285714285714,False,False
1042.0,7,0,0,0,0.0,0.0,0.0,1.4870837128588132,1.529391035437584,2.934971157461405,3.193105970110212e-09,-0.1230107136070728,0.5714285714285714,False,False
1043.0,7,0,0,0,0.0,0.0,0.0,0.8024614570396287,0.3846193850040436,1.87896578386426,-3.193106033551528e-09,-0.1965559013187885,0.5714285714285714,False,False
1044.0,7,0,0,0,0.0,0.0,0.0,1.6038894248860223,1.2377038970589638,4.167513687163591,-1.2688263138573217e-16,0.0856174863874912,0.5714285714285714,False,False
1045.0,7,0,0,0,0.0,0.0,0.0,1.7123375364712305,1.4930453263223171,3.27281229570508,2.1287373768481236e-09,-0.4737345539033413,0.5714285714285714,False,False
1046.0,7,0,0,0,0.0,0.0,0.0,4.301269291234868,4.211149137467146,7.305949918925762,2.66092164175851e-09,1.009816963225603,0.5714285714285714,False,False
1047.0,7,0,0,0,0.0,0.0,0.0,1.8939028068312578,1.78854862973094,4.1873044446110725,3.725290330182572e-09,-0.0016670264303684,0.5714285714285714,False,False
1048.0,6,0,0,0,0.0,0.0,0.0,2.035128859182199,2.0358872562646866,3.3336117155849934,1.241763432820638e-09,-0.641433198004961,0.5,False,False
1049.0,6,0,0,0,0.0,0.0,0.0,2.5285846553742886,2.332861887291074,4.136426143348217,0.0,0.5373354572802782,0.5,False,False
1050.0,7,0,0,0,0.0,0.0,0.0,2.5006995163857937,2.714247304946184,5.574463423341513,5.321843362818665e-10,-0.1424277946352958,0.5714285714285714,False,False
1051.0,6,0,0,0,0.0,0.0,0.0,1.6159156306336324,1.2347937263548374,3.0725664645433426,-6.20881716410319e-10,-0.29816692508757114,0.5,False,False
1052.0,6,0,0,0,0.0,0.0,0.0,1.8181854877620935,1.9347497522830963,2.7669267170131207,1.8626452232458255e-09,-0.4722497221082448,0.5,False,False
1053.0,6,0,0,0,0.0,0.0,0.0,1.6922751870006323,1.2903226930648088,3.1064574606716637,6.208816423954507e-10,0.30466746725142,0.5,False,False
1054.0,6,0,0,0,0.0,0.0,0.0,2.064251837631067,2.04562328197062,3.766788974404335,-3.725290298461914e-09,0.47805722057819366,0.5,False,False
1055.0,7,0,0,0,0.0,0.0,0.0,1.1891037443918842,0.9333252310752868,2.382110331207514,1.596552985055106e-09,-0.034889169037342,0.5714285714285714,False,False
1056.0,8,0,0,0,0.0,0.0,0.0,2.660684327594936,2.399632630869746,5.629633869975805,-1.862645149230957e-09,-0.5477024298161268,0.5,False,False
1057.0,8,0,0,0,0.0,0.0,0.0,3.456084988079965,3.931152792647481,4.890039004385471,0.0,0.06740558333694935,0.5,False,False
1058.0,8,0,0,0,0.0,0.0,0.0,2.4202197901904583,2.951380705460906,3.484811592847109,-9.313225746154785e-10,-0.23837601207196712,0.5,False,False
1059.0,8,0,0,0,0.0,0.0,0.0,3.36463907873258,3.5753751657903194,4.78262572735548,4.656612873077393e-10,0.07990672439336777,0.5,False,False
1060.0,8,0,0,0,0.0,0.0,0.0,1.8353850576095283,1.5707746986299753,3.679502341896296,1.3969838619232178e-09,0.20234685577452183,0.5,False,False
1061.0,7,0,0,0,0.0,0.0,0.0,2.8198549433478286,3.2361592948436737,4.386491544544697,-3.725290298461914e-09,-0.7535262852907181,0.5714285714285714,False,False
1062.0,8,0,0,0,0.0,0.0,0.0,1.7919963747262955,2.053789857774973,3.435533046722412,0.0,-0.11019709147512913,0.5,False,False
1063.0,7,0,0,0,0.0,0.0,0.0,1.1796302646398544,1.0846174955368042,2.715131815522909,1.064368656703404e-09,0.4550749212503433,0.7142857142857143,False,False
1064.0,7,0,0,0,0.0,0.0,0.0,1.2286628559231758,1.2525197379291058,2.802206888794899,-4.257474690254932e-09,-0.2834604494273662,0.5714285714285714,False,False
1065.0,7,0,0,0,0.0,0.0,0.0,1.071567317204816,0.6804500073194504,2.259155720472336,2.128737313406808e-09,-0.235750962048769,0.7142857142857143,False,False
1066.0,7,0,0,0,0.0,0.0,0.0,2.2011562043002675,2.2619897574186325,3.483168538659811,0.0,0.8216169662773609,0.5714285714285714,False,False
1067.0,7,0,0,0,0.0,0.0,0.0,1.8034946572567736,0.9067746549844742,4.3541101068258286,5.32184328351702e-10,-0.2334034293889999,0.5714285714285714,False,False
1068.0,7,0,0,0,0.0,0.0,0.0,1.58325263059565,1.332148678600788,3.7872875928878784,-5.32184328351702e-10,-0.3324325941503048,0.5714285714285714,False,False
1069.0,6,0,0,0,0.0,0.0,0.0,1.6422488664587338,1.8972107879817486,2.89274949580431,0.0,0.2226866167038679,0.5,False,False
1070.0,6,0,0,0,0.0,0.0,0.0,0.973487572123607,0.946084339171648,1.7583997435867786,0.0,-0.2935917340219021,0.6666666666666666,False,False
1071.0,6,0,0,0,0.0,0.0,0.0,0.5951436441391706,0.7981783300638199,1.008159939199686,4.346172014872233e-09,0.06691011972725384,0.6666666666666666,False,False
1072.0,6,0,0,0,0.0,0.0,0.0,1.8445690621932347,1.687023263424635,2.990319691598416,-2.4835269581598616e-09,0.3581127226352691,0.5,False,False
1073.0,7,0,0,0,0.0,0.0,0.0,1.9051177985966206,1.4103783294558525,3.907120358198881,1.596552985055106e-09,-0.658094048500061,0.5714285714285714,False,False
1074.0,7,0,0,0,0.0,0.0,0.0,1.0904471783765726,1.057052742689848,1.867991987615824,-2.660921610037852e-09,-0.6499058604240417,0.5714285714285714,False,False
1075.0,6,0,0,0,0.0,0.0,0.0,3.4677431353678307,3.2852652221918106,6.072484634816647,-6.20881716410319e-10,-0.7236184123903513,0.5,False,False
1076.0,7,0,0,0,0.0,0.0,0.0,1.7058991406645094,1.952365726232529,3.546468149870634,0.0,0.1940052136778831,0.5714285714285714,False,False
1077.0,7,0,0,0,0.0,0.0,0.0,2.0882617735436986,0.7929698042571545,5.3804963156580925,6.344131569286608e-17,-0.6386889554560184,0.5714285714285714,False,False
1078.0,7,0,0,0,0.0,0.0,0.0,1.094271534787757,0.84746253490448,2.5809919126331806,-5.32184328351702e-10,0.1165391691029071,0.5714285714285714,False,False
1079.0,6,0,0,0,0.0,0.0,0.0,0.07493667863309379,0.06919175200164315,0.1390617489814758,1.862645186238391e-09,-0.0209945831447839,0.6666666666666666,False,False
1080.0,6,0,0,0,0.0,0.0,0.0,0.6289136353880167,0.8455047402530909,1.025385819375515,6.208817534177532e-10,-0.05728516168892375,0.6666666666666666,False,False
1081.0,7,0,0,0,0.0,0.0,0.0,1.5162937864661217,1.5497498586773872,3.2031810581684117,3.1931058749482386e-09,1.03911392390728,0.5714285714285714,False,False
1082.0,7,0,0,0,0.0,0.0,0.0,1.03019442781806,1.0942434556782246,1.7234843596816063,-1.596552985055106e-09,-0.4775861427187919,0.5714285714285714,False,False
1083.0,7,0,0,0,0.0,0.0,0.0,1.3140926297221864,1.308799430727959,2.457528378814459,6.344131569286608e-17,-0.7517934404313564,0.5714285714285714,False,False
1084.0,7,0,0,0,0.0,0.0,0.0,1.8139399806303638,1.9774041064083576,2.6496499218046665,1.5965530484964218e-09,-0.7425887249410152,0.5714285714285714,False,False
1085.0,7,0,0,0,0.0,0.0,0.0,0.9302872978150845,0.7643124051392078,1.564640186727047,5.321843600723599e-10,-0.3228066936135292,0.5714285714285714,False,False
1086.0,7,0,0,0,0.0,0.0,0.0,0.9715164399572781,0.6422021090984344,2.258673775941133,6.344131569286608e-17,0.097659308463335,0.5714285714285714,False,False
1087.0,7,0,0,0,0.0,0.0,0.0,1.131404419030462,1.1670323610305786,2.4175515174865723,2.128737329267137e-09,0.617420669645071,0.5714285714285714,False,False
1088.0,7,0,0,0,0.0,0.0,0.0,0.9618069987211909,0.6268241703510284,2.562895189970732,-5.3218433548885e-09,0.0700164288282394,0.5714285714285714,False,False
1089.0,7,0,0,0,0.0,0.0,0.0,0.7649365668850285,0.867363702505827,1.385797597467899,-5.321842847357975e-10,0.2817175984382629,0.5714285714285714,False,False
1090.0,7,0,0,0,0.0,0.0,0.0,1.0833516961761884,1.2082880176603794,1.7319176457822325,-3.172065784643304e-17,0.1768536120653152,0.5714285714285714,False,False
1091.0,7,0,0,0,0.0,0.0,0.0,1.5317056993288654,0.8421180173754692,3.672858040779829,2.6609217051998257e-09,-0.1470333151519298,0.5714285714285714,False,False
1092.0,6,0,0,0,0.0,0.0,0.0,0.5671752020716667,0.4368086475878954,1.0308781042695043,1.241763395813204e-09,-0.09066288731992243,0.5,False,False
1093.0,8,0,0,0,0.0,0.0,0.0,2.703936736099422,2.689886622130871,3.9217131957411766,9.313225746154785e-10,-0.30216812156140793,0.5,False,False
1094.0,8,0,0,0,0.0,0.0,0.0,2.6783376396633685,2.4448883291333914,6.697513148188591,-2.3283064365386963e-09,0.11341053619980812,0.5,False,False
1095.0,8,0,0,0,0.0,0.0,0.0,2.4167828406207263,2.718285098671913,4.314477745443583,-2.3283064365386963e-09,0.2645254265516995,0.5,False,False
1096.0,8,0,0,0,0.0,0.0,0.0,2.802883639000356,2.3731814473867416,5.1392833814024925,-9.313225746154785e-10,-0.2878966275602579,0.5,False,False
1097.0,8,0,0,0,0.0,0.0,0.0,1.6881545213982463,1.4736190047115088,3.734267294406891,-9.313225746154785e-10,0.6655699610710144,0.625,False,False
1098.0,8,0,0,0,0.0,0.0,0.0,2.20590440928936,2.0431442596018314,5.614144943654537,0.0,-0.1749788224697113,0.5,False,False
1099.0,8,0,0,0,0.0,0.0,0.0,2.5882512656971812,2.4925632756203413,4.191264808177948,-2.7939677238464355e-09,0.24882090650498867,0.5,False,False
1100.0,8,0,0,0,0.0,0.0,0.0,2.6749183405190706,2.0973288528621197,5.203649114817381,1.862645149230957e-09,-0.7690357975661755,0.5,False,False
1101.0,7,0,0,0,0.0,0.0,0.0,1.6969045523021902,1.6549455560743809,3.102955412119627,1.596553000915435e-09,0.9516506269574164,0.5714285714285714,False,False
1102.0,7,0,0,0,0.0,0.0,0.0,2.8745271526277065,3.383751582354307,4.4002554304897785,3.725290298461914e-09,-0.236796423792839,0.5714285714285714,False,False
1103.0,7,0,0,0,0.0,0.0,0.0,3.6250697331769124,4.068404421210289,5.735311780124903,0.0,-0.4777494519948959,0.5714285714285714,False,False
1104.0,7,0,0,0,0.0,0.0,0.0,2.680890922567674,3.088497068732977,4.385552052408457,-5.32184328351702e-10,-0.5802939161658287,0.5714285714285714,False,False
1105.0,7,0,0,0,0.0,0.0,0.0,1.2531091033348016,1.2394442930817604,2.588429428637028,2.660921691322038e-09,0.0926243923604488,0.5714285714285714,False,False
1106.0,7,0,0,0,0.0,0.0,0.0,1.5944137669035368,1.8319895081222055,2.574758917093277,4.257474626813616e-09,-0.1077217012643814,0.5714285714285714,False,False
1107.0,8,0,0,0,0.0,0.0,0.0,1.683385178912431,1.1053902376443148,4.046120893210173,-1.3969838619232178e-09,0.0913853831589222,0.5,False,False
1108.0,7,0,0,0,0.0,0.0,0.0,2.0980569209371294,1.7565905712544918,3.5953396409749985,1.0643686249827461e-09,0.7588563039898872,0.5714285714285714,False,False
1109.0,8,0,0,0,0.0,0.0,0.0,1.861348528880626,1.6234047524631023,3.780340168625116,4.656612873077393e-10,-0.0012847036123275757,0.5,False,False
1110.0,8,0,0,0,0.0,0.0,0.0,2.0025318088009953,1.8275857940316205,3.6025196835398674,-3.725290298461914e-09,-0.07128908112645149,0.5,False,False
1111.0,7,0,0,0,0.0,0.0,0.0,1.1615460036056382,1.2279310151934624,2.095506377518177,-1.0643686249827461e-09,-0.1668233163654804,0.7142857142857143,False,False
1112.0,7,0,0,0,0.0,0.0,0.0,2.1706997768155167,1.6360616870224476,5.192394051700831,-1.5965528581724747e-09,0.3497641384601593,0.5714285714285714,False,False
1113.0,6,0,0,0,0.0,0.0,0.0,0.8442030251026154,1.1449955236166716,1.335287094116211,-3.700743415417188e-17,0.0469905473291874,0.5,False,False
1114.0,7,0,0,0,0.0,0.0,0.0,1.0527530434940542,1.034905705600977,2.2173019647598267,-3.725290298461914e-09,0.6349852979183197,0.5714285714285714,False,False
1115.0,7,0,0,0,0.0,0.0,0.0,1.193494068192584,1.3648389913141727,2.677847590297461,-1.5965530564265862e-09,0.2979451939463615,0.7142857142857143,False,False
1116.0,7,0,0,0,0.0,0.0,0.0,0.6988907009363174,0.6388554871082306,1.195082999765873,-1.0643686487732396e-09,-0.3584593757987022,0.5714285714285714,False,False
1117.0,8,0,0,0,0.0,0.0,0.0,1.0522322026081383,1.058006428182125,1.949380163103342,2.3283064087831207e-09,0.28236752934753895,0.625,False,False
1118.0,7,0,0,0,0.0,0.0,0.0,1.814028452549662,1.7453727312386036,3.0475365333259106,-1.064368656703404e-09,0.6450412347912788,0.5714285714285714,False,False
1119.0,7,0,0,0,0.0,0.0,0.0,1.4262246042490005,1.5191547870635986,2.773586418479681,1.064368621017664e-09,0.1628506630659103,0.5714285714285714,False,False
1120.0,7,0,0,0,0.0,0.0,0.0,1.298325460936342,1.6258981600403786,2.080906800925732,-1.0643685932620883e-09,0.0399323478341102,0.5714285714285714,False,False
1121.0,7,0,0,0,0.0,0.0,0.0,2.881678808480501,2.0279996395111084,6.284870713949204,5.321844552343334e-10,0.6923088543117046,0.5714285714285714,False,False
1122.0,7,0,0,2,0.0,0.0,0.2857142857142857,6.908526500953095,3.609565641731024,16.79922339692712,-1.5965527312898432e-09,-0.7750163115561008,0.5714285714285714,False,False
1123.0,6,0,0,0,0.0,0.0,0.0,0.41795127590497333,0.39920927770435805,0.8298665098845959,2.483526884144993e-09,-0.1251438781619072,0.6666666666666666,False,False
1124.0,7,0,0,0,0.0,0.0,0.0,1.0757874798561846,1.4645154289901257,1.848034955561161,-1.596552985055106e-09,-0.1832545287907123,0.5714285714285714,False,False
1125.0,7,0,0,0,0.0,0.0,0.0,1.0096436409013612,0.5918908640742302,2.379605196416378,-1.0643686487732396e-09,-0.2693467661738395,0.5714285714285714,False,False
1126.0,7,0,0,0,0.0,0.0,0.0,1.5311375372111797,1.3879273273050785,2.7824950516223907,-5.32184328351702e-10,1.2215862646698952,0.5714285714285714,False,False
1127.0,6,0,0,0,0.0,0.0,0.0,1.023713706061244,0.7615711074322462,1.8722633607685568,-6.208817534177532e-10,0.05195646919310096,0.5,False,False
1128.0,8,0,0,0,0.0,0.0,0.0,1.9854336329735816,2.3788847606629133,2.7700317427515984,-2.3283064365386963e-09,-0.4720740132033825,0.5,False,False
1129.0,8,0,0,0,0.0,0.0,0.0,2.086752913892269,2.025509672239423,4.184973232448101,0.0,0.6067659985274076,0.625,False,False
1130.0,8,0,0,0,0.0,0.0,0.0,1.2301560966297984,1.0198266748338938,2.8482732325792317,1.8626452047421083e-09,-0.12467377446591854,0.5,False,False
1131.0,8,0,0,0,0.0,0.0,0.0,2.3451730138622224,2.252527676522732,3.3953944370150566,-1.3969838619232178e-09,0.429964292794466,0.5,False,False
1132.0,8,0,0,0,0.0,0.0,0.0,3.042484140023589,2.7154043558984995,5.022518869489431,-9.313225746154785e-10,-1.3375441115349531,0.625,False,False
1133.0,8,0,0,0,0.0,0.0,0.0,2.271101385820657,1.8568975050002337,4.5089126117527485,2.3283064087831207e-09,1.3615244384855032,0.625,False,False
1134.0,8,0,0,0,0.0,0.0,0.0,2.2279391400516033,2.655528925359249,3.340908020734787,-9.313225746154785e-10,-0.49594452418386936,0.625,False,False
1135.0,7,0,0,0,0.0,0.0,0.0,1.0039409574653422,0.8231154084205627,2.232282731682062,1.5965529216137903e-09,-0.3043510876595974,0.5714285714285714,False,False
1136.0,8,0,0,0,0.0,0.0,0.0,2.3091386589221656,2.5373727027326822,4.744500022381544,1.3969837509009153e-09,-0.564374141395092,0.625,False,False
1137.0,8,0,0,0,0.0,0.0,0.0,1.9596296935342252,1.7633536513894796,3.305674709379673,4.656612873077393e-10,-0.03617525473237043,0.5,False,False
1138.0,8,0,0,0,0.0,0.0,0.0,2.447714786976576,2.140033632516861,4.549482397735119,9.313225746154785e-10,0.7765025515109301,0.625,False,False
1139.0,8,0,0,0,0.0,0.0,0.0,2.4276495100930333,1.9722434468567371,5.969750568270683,-9.313225746154785e-10,-0.0994519162923098,0.5,False,False
1140.0,8,0,0,0,0.0,0.0,0.0,2.812110461294651,2.3077931366860867,5.051234398037195,-1.862645149230957e-09,-0.7307226154953241,0.5,False,False
1141.0,8,0,0,0,0.0,0.0,0.0,1.5461448258720338,1.4799258634448051,3.5163119584321976,4.656613150633149e-10,-0.021293053403496742,0.5,False,False
1142.0,8,0,0,0,0.0,0.0,0.0,1.3950012605637312,1.0062395632266998,3.840471908450127,9.313225607376907e-10,-0.005947401747107551,0.5,False,False
1143.0,8,0,0,0,0.0,0.0,0.0,1.1883120597340167,1.407001817598939,1.6647978872060776,1.3969838619232178e-09,-0.28333778865635395,0.5,False,False
1144.0,8,0,0,0,0.0,0.0,0.0,1.1956217950209975,0.9232652131468059,3.47996586561203,-2.7939677307853295e-09,0.24891803786158556,0.625,False,False
1145.0,8,0,0,0,0.0,0.0,0.0,1.4259885651990771,1.271707171574235,4.042380500584841,-2.7939677238464355e-09,0.08078419603407384,0.5,False,False
1146.0,7,0,0,0,0.0,0.0,0.0,0.8174012910042491,0.5665649697184563,1.5589657686650753,-1.0643686646335686e-09,0.3731457404792309,0.7142857142857143,False,False
1147.0,7,0,0,0,0.0,0.0,0.0,1.0722174192113536,1.0090391226112845,2.4870181269943714,-5.321844552343334e-10,0.0016994588077068,0.5714285714285714,False,False
1148.0,7,0,0,0,0.0,0.0,0.0,0.9227799012192658,0.6637784875929356,1.9907938204705715,2.660921610037852e-09,-0.2792566679418087,0.7142857142857143,False,False
1149.0,7,0,0,0,0.0,0.0,0.0,2.0064965475882803,1.3628194257616997,4.649175625294447,-1.0643686249827461e-09,-0.3546189069747925,0.5714285714285714,False,False
1150.0,7,0,0,0,0.0,0.0,0.0,0.6941644426967416,0.5842141360044479,1.2701473534107208,-5.321843917930177e-10,0.1726832650601863,0.5714285714285714,False,False
1151.0,7,0,0,0,0.0,0.0,0.0,1.0519320049456187,0.7894935719668865,2.727909319102764,2.128737313406808e-09,-0.0133741572499275,0.5714285714285714,False,False
1152.0,7,0,0,0,0.0,0.0,0.0,2.1435485668480396,1.8487166687846184,5.262139938771725,5.32184328351702e-10,-0.0978149734437465,0.5714285714285714,False,False
1153.0,7,0,0,0,0.0,0.0,0.0,1.2620744364602225,1.2543736845254898,2.7892146930098534,2.128737313406808e-09,0.0500988401472568,0.5714285714285714,False,False
1154.0,6,0,0,0,0.0,0.0,0.0,0.23023725301027295,0.1732306275516748,0.4570616409182548,-4.625929269271485e-18,-0.021547077223658548,0.5,False,False
1155.0,7,0,0,0,0.0,0.0,0.0,1.4661788833992822,1.1167038679122925,3.3171461522579198,-2.1287374085687816e-09,-0.0570714883506298,0.5714285714285714,False,False
1156.0,7,0,0,0,0.0,0.0,0.0,1.046769917011261,1.112321425229311,1.633573681116104,2.128737345127466e-09,0.3898986019194126,0.5714285714285714,False,False
1157.0,7,0,0,0,0.0,0.0,0.0,0.6709344493491309,0.6802558228373528,1.3264019414782524,3.193105985970541e-09,-0.1683970056474208,0.5714285714285714,False,False
1158.0,7,0,0,0,0.0,0.0,0.0,1.8765515770230974,1.2669859156012535,3.390387412160635,-2.1287373768481236e-09,0.939390141516924,0.5714285714285714,False,False
1159.0,8,0,0,0,0.0,0.0,0.0,1.3808180415071547,1.1188669968396425,2.918177634477616,1.396983917434369e-09,0.2511743512004614,0.625,False,False
1160.0,8,0,0,0,0.0,0.0,0.0,1.3583647175692022,1.3161953464150429,2.3329308182001114,-4.6566125955216364e-10,-0.3758737221360206,0.625,False,False
1161.0,8,0,0,0,0.0,0.0,0.0,1.7528133541345596,1.532298732548952,3.644557733088732,5.551115123125783e-17,-0.11013703607022762,0.5,False,False
1162.0,8,0,0,0,0.0,0.0,0.0,2.1551574342884123,1.5611466486006975,5.663210969418287,-2.3283064365386963e-09,-0.2506768703460694,0.5,False,False
1164.0,7,0,0,0,0.0,0.0,0.0,2.2192998081445694,1.7222224175930023,4.604393996298313,-2.128737313406808e-09,-0.182482473552227,0.5714285714285714,False,False
1165.0,7,0,0,0,0.0,0.0,0.0,2.5613162395145213,2.9699623622000217,4.268789574503899,-1.596552985055106e-09,-0.5225398950278759,0.5714285714285714,False,False
1166.0,8,0,0,0,0.0,0.0,0.0,1.401803179178387,1.2835919670760632,2.604068711400032,2.3283064365386963e-09,-0.5692414455115795,0.625,False,False
1167.0,7,0,0,0,0.0,0.0,0.0,2.747273632458278,3.226448278874159,3.7699650786817074,-1.064368656703404e-09,-0.6124105118215084,0.5714285714285714,False,False
1168.0,8,0,0,0,0.0,0.0,0.0,1.3306588903069496,0.9630545526742935,2.731411073356867,9.313224635931761e-10,0.33255769312381744,0.625,False,False
1169.0,8,0,0,0,0.0,0.0,0.0,1.524495543912053,1.188210180029273,3.564744934439659,0.0,0.14553414471447468,0.5,False,False
1170.0,8,0,0,0,0.0,0.0,0.0,1.7065508211962879,1.3005963526666164,3.956823699176312,1.3969838619232178e-09,0.2852369658648968,0.5,False,False
1171.0,8,0,0,0,0.0,0.0,0.0,2.026557662524283,1.9298022575676441,5.070396035909653,9.313225191043273e-10,0.5429470743983984,0.625,False,False
1172.0,8,0,0,0,0.0,0.0,0.0,2.126725106034428,2.1290668975561857,4.322040043771267,2.3283064365386963e-09,0.17841758765280247,0.5,False,False
1173.0,8,0,0,0,0.0,0.0,0.0,3.075322911143303,2.788978857919574,5.258711125701666,-1.862645149230957e-09,0.6148904711008072,0.5,False,False
1174.0,8,0,0,0,0.0,0.0,0.0,2.938634891528636,2.8100779745727777,4.745867166668177,-4.656612873077393e-10,-0.0777402613312006,0.5,False,False
1175.0,8,0,0,0,0.0,0.0,0.0,2.6212436547502875,2.1915258318185806,5.573570996522903,1.862645149230957e-09,0.8080674614757299,0.625,False,False
1176.0,8,0,0,0,0.0,0.0,0.0,2.928982971701771,2.466405337676406,6.104696676135063,-4.656612873077393e-10,0.5592905078083278,0.5,False,False
1177.0,8,0,0,0,0.0,0.0,0.0,1.2566438792273402,1.0477051138877869,2.5411016531288624,-9.313225746154785e-10,0.11239251494407654,0.5,False,False
1178.0,8,0,0,0,0.0,0.0,0.0,3.1901997276581824,2.3184301648288965,6.535897932946682,-4.656612873077393e-10,0.08042445778846741,0.5,False,False
1179.0,6,0,0,0,0.0,0.0,0.0,0.6932107253621022,0.9608400985598564,1.083552002906799,-1.8626452232458255e-09,0.00014012865722180107,0.5,False,False
1180.0,7,0,0,0,0.0,0.0,0.0,0.8664445924971785,0.6473203152418137,2.008555456995964,-5.32184328351702e-10,0.0881954543292522,0.5714285714285714,False,False
1181.0,8,0,0,0,0.0,0.0,0.0,0.852037088945508,0.602394612506032,1.879753302782774,9.313226023710541e-10,0.3409190755337477,0.625,False,False
1182.0,8,0,0,0,0.0,0.0,0.0,1.2463579438626766,0.7259091008454561,2.6277787759900093,5.551115123125783e-17,-0.45291739888489246,0.625,False,False
1183.0,8,0,0,0,0.0,0.0,0.0,1.5536599238403141,1.377126408740878,3.483310416340828,3.259628983398599e-09,0.26283748261630535,0.5,False,False
1184.0,7,0,0,0,0.0,0.0,0.0,1.545717259070703,1.57895989716053,2.8035807833075523,-2.66092164175851e-09,-0.8318238295614719,0.5714285714285714,False,False
1185.0,7,0,0,0,0.0,0.0,0.0,2.3010958129806176,1.815478816628456,4.938077289611101,1.596552985055106e-09,-0.8515375964343548,0.5714285714285714,False,False
1186.0,8,0,0,0,0.0,0.0,0.0,2.8744822591543198,3.50871305167675,4.624053716659546,-9.313225746154785e-10,-0.2284920774400234,0.625,False,False
1187.0,7,0,0,0,0.0,0.0,0.0,2.43382364405053,2.320386156439781,5.442443683743477,-1.064368656703404e-09,0.4880009554326534,0.5714285714285714,False,False
1188.0,7,0,0,0,0.0,0.0,0.0,1.1681320060576712,0.6113682761788368,2.9213638305664062,0.0,0.2631143033504486,0.5714285714285714,False,False
1189.0,7,0,0,0,0.0,0.0,0.0,1.2359894253313541,0.7249118201434612,2.9771210700273514,-5.32184328351702e-10,-0.0073194801807403,0.5714285714285714,False,False
1190.0,7,0,0,0,0.0,0.0,0.0,1.3709710293582507,0.7910826839506626,3.1503849998116493,-2.128737313406808e-09,-0.1196920350193977,0.5714285714285714,False,False
1191.0,7,0,0,0,0.0,0.0,0.0,0.6609222159854004,0.6362985372543335,1.4899811521172523,-5.321843402469487e-10,0.0308346040546894,0.5714285714285714,False,False
1192.0,7,0,0,0,0.0,0.0,0.0,2.842625208199024,2.3651123642921448,5.764601249247789,-2.128737313406808e-09,-0.2717735208570957,0.5714285714285714,False,False
1193.0,7,0,0,0,0.0,0.0,0.0,2.014831424291645,2.0991598926484585,3.8987708315253258,5.321843204215376e-10,0.3400206305086612,0.5714285714285714,False,False
1194.0,7,0,0,0,0.0,0.0,0.0,1.314822793006897,0.7652475014328957,2.9004018642008305,-2.128737313406808e-09,0.3221391476690769,0.5714285714285714,False,False
1195.0,7,0,0,0,0.0,0.0,0.0,1.3007892348936625,0.7967100813984871,3.314225744456053,1.064368656703404e-09,0.1711526624858379,0.5714285714285714,False,False
1196.0,8,0,0,0,0.0,0.0,0.0,2.4745580879971385,2.8187144212424755,4.146635435521603,-1.862645149230957e-09,0.19816958718001845,0.5,False,False
1197.0,8,0,0,0,0.0,0.0,0.0,0.8364648376591504,0.3925182465463877,2.46129297837615,3.259629011154175e-09,0.0160931758582592,0.5,False,False
1198.0,8,0,0,0,0.0,0.0,0.0,1.3232388701289892,1.2843020670115948,2.452895548194647,0.0,0.040237050503492355,0.5,False,False
1199.0,8,0,0,0,0.0,0.0,0.0,3.3364848932251334,2.4295555762946606,8.162160143256187,2.7939677238464355e-09,0.33887372724711895,0.5,False,False
1200.0,8,0,0,0,0.0,0.0,0.0,2.3677168171852827,2.3967474158853292,6.538007717579603,0.0,0.4404443074017763,0.5,False,False
1201.0,7,0,0,0,0.0,0.0,0.0,0.93551058907594,0.6742070205509663,2.123318277299404,5.321843124913731e-10,0.1965168043971061,0.5714285714285714,False,False
1202.0,7,0,0,0,0.0,0.0,0.0,1.2024521492421627,1.2818691581487656,2.0521343126893044,5.32184328351702e-10,0.3455677628517151,0.5714285714285714,False,False
1203.0,7,0,0,0,0.0,0.0,0.0,0.7738937144832951,0.7337694317102432,1.802734173834324,-2.6609215783171945e-09,-0.1787140592932701,0.5714285714285714,False,False
1204.0,7,0,0,0,0.0,0.0,0.0,0.8380115676139083,0.8379345647990704,1.301295030862093,1.596553016775764e-09,-0.4354107789695263,0.5714285714285714,False,False
1205.0,7,0,0,0,0.0,0.0,0.0,0.899592394807509,0.8607993870973587,1.348929300904274,-5.32184328351702e-10,0.2668043039739132,0.5714285714285714,False,False
1206.0,7,0,0,0,0.0,0.0,0.0,0.9733595097703593,0.9925748817622662,1.419749926775694,1.596552985055106e-09,0.2501999475061893,0.5714285714285714,False,False
1207.0,7,0,0,0,0.0,0.0,0.0,1.8733843357435294,1.1584218181669712,4.626261446624994,1.5965529216137903e-09,0.0761571303009986,0.5714285714285714,False,False
1208.0,7,0,0,0,0.0,0.0,0.0,1.3661064904715334,0.8964971788227558,3.130086950957775,5.32184328351702e-10,0.1002374030649662,0.5714285714285714,False,False
1209.0,7,0,0,0,0.0,0.0,0.0,1.1955849219645773,1.3804847076535225,2.166492260992527,3.193105970110212e-09,0.0075613111257553,0.5714285714285714,False,False
1210.0,7,0,0,0,0.0,0.0,0.0,0.7259862832725048,1.0500802509486675,1.3089959546923635,2.66092164175851e-09,-0.0946674905717372,0.5714285714285714,False,False
1211.0,7,0,0,0,0.0,0.0,0.0,2.412278037518263,2.5115626603364944,5.695526998490095,-2.66092164175851e-09,-0.8574983403086662,0.5714285714285714,False,False
1212.0,7,0,0,0,0.0,0.0,0.0,1.2310534832733018,1.098325278609991,2.4574079401791096,1.0643686249827461e-09,0.8136454336345196,0.5714285714285714,False,False
1213.0,7,0,0,0,0.0,0.0,0.0,1.3653764346880572,1.358577098697424,2.6177799440920357,1.5965529216137903e-09,-0.326691061258316,0.5714285714285714,False,False
1214.0,7,0,0,0,0.0,0.0,0.0,0.6697715089789459,0.6680354438722134,1.3439450673758984,-1.596552985055106e-09,0.1585686057806015,0.5714285714285714,False,False
1215.0,7,0,0,2,0.0,0.0,0.2857142857142857,8.059684062110525,7.109482854604721,16.356594555079937,1.596552985055106e-09,-2.89251197129488,0.5714285714285714,False,False
1216.0,7,0,0,0,0.0,0.0,0.0,1.6769174970686436,1.568578165024519,2.836584649980068,5.321842728405507e-10,-0.4485085234045982,0.5714285714285714,False,False
1217.0,7,0,0,0,0.0,0.0,0.0,2.2632612261388982,2.1559951044619083,4.263698350638151,-1.596552985055106e-09,1.3509967625141144,0.5714285714285714,False,False
1218.0,7,0,0,0,0.0,0.0,0.0,0.13935444078275136,0.136097177863121,0.3154731392860412,1.0643686487732396e-09,0.0075390227138996,0.5714285714285714,False,False
1219.0,7,0,0,0,0.0,0.0,0.0,1.5908026450446673,1.5497921407222748,2.9257594645023346,-1.064368656703404e-09,0.7463543601334095,0.7142857142857143,False,False
1220.0,7,0,0,0,0.0,0.0,0.0,1.789517166359084,1.5400123707950115,3.3410706631839275,0.0,1.0841285735368729,0.5714285714285714,False,False
1221.0,7,0,0,0,0.0,0.0,0.0,0.654601261551891,0.5740320906043053,1.6509169042110443,-2.66092164175851e-09,-0.0395161062479019,0.5714285714285714,False,False
1222.0,7,0,0,0,0.0,0.0,0.0,1.4659056817846638,1.303868591785431,2.738220289349556,-1.596552985055106e-09,0.7031075842678547,0.5714285714285714,False,False
1223.0,7,0,0,0,0.0,0.0,0.0,0.6766712181270123,0.5338863655924797,1.5618692860007286,-1.596552985055106e-09,-0.1292395368218422,0.5714285714285714,False,False
1224.0,8,0,0,0,0.0,0.0,0.0,0.9822498359717429,1.091445703059435,1.8633347190916536,-4.656612873077393e-10,-0.23642368428409094,0.625,False,False
1225.0,7,0,0,0,0.0,0.0,0.0,1.233650805162532,1.2513122223317623,2.15417667850852,5.32184328351702e-10,-0.2618440873920917,0.5714285714285714,False,False
1226.0,7,0,0,0,0.0,0.0,0.0,1.030878325658185,1.0830856673419476,2.038661539554596,2.1287373015115615e-09,0.2401670776307582,0.5714285714285714,False,False
1227.0,7,0,0,0,0.0,0.0,0.0,0.6235137267836502,0.1925029084086418,1.672271303832531,-1.596552948625913e-09,-0.1502947732806205,0.7142857142857143,False,False
1228.0,7,0,0,0,0.0,0.0,0.0,0.9199120205427919,0.7036380581557751,1.6734893396496773,-5.32184328351702e-10,-0.5941531173884869,0.5714285714285714,False,False
1229.0,7,0,0,0,0.0,0.0,0.0,1.5145977240587984,1.0605300068855286,3.122277397662401,2.66092164175851e-09,0.204833023250103,0.5714285714285714,False,False
1230.0,7,0,0,0,0.0,0.0,0.0,0.6159941112356526,0.8548839017748833,1.080394558608532,5.321843124913731e-10,-0.1310052014887333,0.5714285714285714,False,False
1231.0,6,0,0,0,0.0,0.0,0.0,0.87975196292003,0.8802657015621662,1.4950059652328491,-1.241763432820638e-09,0.042274439707398456,0.5,False,False
1232.0,7,0,0,0,0.0,0.0,0.0,0.6469671561249665,0.4359303303062916,1.4643870890140531,3.725290330182572e-09,-0.0925375446677208,0.5714285714285714,False,False
1233.0,7,0,0,0,0.0,0.0,0.0,1.285030601280076,0.5863342806696892,3.096039816737175,-2.128737313406808e-09,-0.3986131474375725,0.5714285714285714,False,False
1234.0,7,0,0,0,0.0,0.0,0.0,0.5097105013472694,0.4117050990462303,1.0772892870008943,1.0643686249827461e-09,-0.1722327619791031,0.5714285714285714,False,False
1235.0,7,0,0,0,0.0,0.0,0.0,0.5536482238343784,0.5670997425913811,1.0865296609699726,2.128737313406808e-09,0.1758845038712024,0.7142857142857143,False,False
1236.0,7,0,0,0,0.0,0.0,0.0,1.44999597966671,1.5027663968503475,3.079470932483673,1.064368656703404e-09,0.9582896120846272,0.5714285714285714,False,False
1237.0,8,0,0,0,0.0,0.0,0.0,1.4484238410368562,1.2345109973102808,3.3464856296777725,1.3877787807814457e-17,1.03346580080688,0.625,False,False
1238.0,7,0,0,0,0.0,0.0,0.0,0.8653851885880742,0.5385827943682671,1.989075157791376,3.1931059383895543e-09,0.1787390522658825,0.5714285714285714,False,False
1239.0,7,0,0,0,0.0,0.0,0.0,0.6407178938388824,0.6502344310283661,1.2775407694280148,-2.128737313406808e-09,0.215241938829422,0.7142857142857143,False,False
1240.0,7,0,0,0,0.0,0.0,0.0,2.1456837856343816,2.0073124170303345,4.648331169039011,-2.128737313406808e-09,-0.058196198195219,0.5714285714285714,False,False
1241.0,7,0,0,0,0.0,0.0,0.0,1.2398066057690553,1.545046865940094,2.4979739151895046,1.5965530484964218e-09,-0.0455829128623008,0.5714285714285714,False,False
1242.0,7,0,0,0,0.0,0.0,0.0,1.7848927745861667,1.1478433534502983,4.322305344045162,5.32184328351702e-10,-0.1505391001701355,0.5714285714285714,False,False
1243.0,7,0,0,0,0.0,0.0,0.0,1.1707169083612305,1.2432458810508251,1.9493107348680496,-1.064368656703404e-09,-0.695602860301733,0.5714285714285714,False,False
1244.0,7,0,0,0,0.0,0.0,0.0,1.700439625020538,1.202035330235958,4.054799683392048,-1.596552985055106e-09,0.312390074133873,0.5714285714285714,False,False
1245.0,7,0,0,0,0.0,0.0,0.0,1.1413070825593812,1.0285117365419865,2.9534280970692635,0.0,-0.0119765400886535,0.5714285714285714,False,False
1246.0,7,0,0,0,0.0,0.0,0.0,1.0846542284957,1.2005890272557735,2.156570225954056,-1.5965531119377374e-09,-0.0240953750908374,0.5714285714285714,False,False
1247.0,7,0,0,0,0.0,0.0,0.0,2.182569118482726,2.087079204618931,4.515725947916508,-1.064368656703404e-09,1.0755222104489803,0.5714285714285714,False,False
1248.0,7,0,0,0,0.0,0.0,0.0,1.5099714760269438,1.1494134292006493,4.016179367899895,2.128737313406808e-09,0.044100921601057,0.5714285714285714,False,False
1249.0,7,0,0,0,0.0,0.0,0.0,1.045508962124586,0.5867347978055477,2.645926713943481,1.5965529216137903e-09,-0.1237185224890708,0.5714285714285714,False,False
1250.0,7,0,0,0,0.0,0.0,0.0,1.5580298198120934,1.365293275564909,3.5898531302809715,-3.9650822308041306e-17,-0.0835593305528163,0.5714285714285714,False,False
1251.0,7,0,0,0,0.0,0.0,0.0,1.5153561942279339,1.1519771926105022,3.3535469360649586,-5.32184328351702e-10,-0.5537711903452873,0.5714285714285714,False,False
1252.0,7,0,0,0,0.0,0.0,0.0,0.9765524470380375,0.718000914901495,1.7429367266595364,-1.064368656703404e-09,0.5167424157261848,0.5714285714285714,False,False
1253.0,7,0,0,0,0.0,0.0,0.0,3.3164926570441042,3.5547417514026165,6.445627953857184,-2.6609217686411414e-09,2.0132454559206963,0.7142857142857143,False,False
1254.0,7,0,0,0,0.0,0.0,0.0,1.5011097831385476,1.4358567409217358,2.7638104520738125,-3.172065784643304e-17,0.6140981242060661,0.5714285714285714,False,False
1255.0,7,0,0,0,0.0,0.0,0.0,1.478685846818345,1.2725784182548523,3.050978731364012,1.5965529295439547e-09,0.3587024658918381,0.5714285714285714,False,False
1256.0,7,0,0,0,0.0,0.0,0.0,0.8760739053998675,0.9559586681425573,1.5639757066965103,-3.172065784643304e-17,0.1100386977195739,0.5714285714285714,False,False
1257.0,7,0,0,0,0.0,0.0,0.0,1.7714348653597491,1.3904600255191326,3.9402762092649937,3.7252902350205984e-09,0.8259959332644939,0.5714285714285714,False,False
1258.0,7,0,0,0,0.0,0.0,0.0,3.1182725120868002,2.1755757816135883,7.727763392031193,1.064368656703404e-09,-0.3280063457787037,0.5714285714285714,False,False
1259.0,8,0,0,0,0.0,0.0,0.0,1.2559761349111795,0.8852081894874573,2.987452693283558,9.313225191043273e-10,-0.2620787862688303,0.625,False,False
1260.0,8,0,0,0,0.0,0.0,0.0,2.3899374678730965,2.5956969745457172,3.9800212644040585,-1.862645149230957e-09,-0.4041691776365042,0.5,False,False
1261.0,8,0,0,0,0.0,0.0,0.0,2.595516617409885,2.7612287681549788,5.314937997609377,-9.313225746154785e-10,-0.3329611476510763,0.625,False,False
1262.0,8,0,0,0,0.0,0.0,0.0,1.68376010004431,1.8764058332890272,3.1128002256155014,1.862645149230957e-09,-0.32416737265884876,0.625,False,False
1263.0,8,0,0,0,0.0,0.0,0.0,2.545988870318979,2.555482689291239,5.396410424262285,4.656612873077393e-10,-0.38944955728948116,0.625,False,False
1264.0,8,0,0,0,0.0,0.0,0.0,2.6505070896819234,2.43838008120656,5.695463821291924,1.1102230246251565e-16,-1.0117638241499662,0.625,False,False
1265.0,7,0,0,0,0.0,0.0,0.0,1.2658472758318697,1.1399510689079762,2.4779736511409283,1.596552983072565e-09,0.085125345736742,0.5714285714285714,False,False
1266.0,8,0,0,0,0.0,0.0,0.0,2.8793483641929924,2.44218385592103,6.143829815089703,-4.6566123179658803e-10,-0.8879166226834059,0.625,False,False
1267.0,8,0,0,0,0.0,0.0,0.0,3.9088581101968884,4.445561937987804,6.114868082106113,-9.313225746154785e-10,0.023801906034350395,0.5,False,False
1268.0,8,0,0,0,0.0,0.0,0.0,2.640186721459031,3.2316733859479427,4.010797426104546,-9.313225746154785e-10,-0.3485353831201792,0.5,False,False
1269.0,8,0,0,0,0.0,0.0,0.0,0.5784568316303194,0.578590514138341,1.0197832770645618,-1.3969838688621117e-09,-0.05206937529146674,0.5,False,False
1270.0,8,0,0,0,0.0,0.0,0.0,2.715200970415026,2.5824196226894855,6.159618884325028,4.656612873077393e-10,-0.5155714675784111,0.625,False,False
1271.0,8,0,0,0,0.0,0.0,0.0,1.0709590096957982,0.9450760520994662,1.8519804440438747,1.3969838896787934e-09,-0.4149781633168459,0.625,False,False
1272.0,8,0,0,0,0.0,0.0,0.0,1.3806692343205214,1.2717633172869682,2.9791503064334397,9.313225191043273e-10,-0.3464760892093181,0.625,False,False
1273.0,8,0,0,0,0.0,0.0,0.0,1.9607226881198585,1.4681301917880774,4.621645912528038,-3.259629011154175e-09,-0.05769725702703002,0.5,False,False
1274.0,8,0,0,0,0.0,0.0,0.0,1.9601493636146188,2.028440361842513,3.4720055237412453,-1.1102230246251565e-16,-0.008108487352728844,0.5,False,False
1275.0,8,0,0,0,0.0,0.0,0.0,2.4903405751101673,2.4492086581885815,4.520252283662558,-4.656612873077393e-10,0.6176802944391966,0.5,False,False
1276.0,8,0,0,0,0.0,0.0,0.0,1.2183468649163842,1.4100464936345816,2.604846779257059,-9.313225746154785e-10,0.020535035058855997,0.5,False,False
1277.0,8,0,0,0,0.0,0.0,0.0,3.00895182415843,3.0056592263281345,5.872068624943495,3.725290298461914e-09,-0.4369822628796102,0.5,False,False
1278.0,8,0,0,0,0.0,0.0,0.0,1.5806939858011901,0.9349050857126713,4.021233718842268,2.3283064365386963e-09,0.10730738751590255,0.5,False,False
1279.0,8,0,0,0,0.0,0.0,0.0,2.6670144125819206,2.6349691208451986,4.638398468494415,0.0,0.0011625569313764572,0.5,False,False
1280.0,8,0,0,0,0.0,0.0,0.0,2.1775090410374105,1.8874596171081066,4.701747592538595,4.656612873077393e-10,-0.6093678306788206,0.625,False,False
1281.0,8,0,0,0,0.0,0.0,0.0,1.0503450697287917,0.6841858979314566,2.796150665730238,1.8626451769865326e-09,-0.0617846827954054,0.5,False,False
1282.0,8,0,0,0,0.0,0.0,0.0,1.8843882982619107,1.5344868805259466,4.264377001672983,-4.656612873077393e-10,0.43533684499561787,0.625,False,False
1283.0,8,0,0,0,0.0,0.0,0.0,1.1887768716551363,1.022131534293294,3.308868743479252,-2.328306381027545e-09,0.38454785011708736,0.75,False,False
1284.0,8,0,0,0,0.0,0.0,0.0,1.8368695378303528,1.9379692152142525,4.885651990771294,0.0,0.12294231913983826,0.5,False,False
1285.0,8,0,0,0,0.0,0.0,0.0,2.6685846229083836,2.0491069182753563,5.013124518096447,-4.656612873077393e-10,1.013682760298252,0.625,False,False
1286.0,8,0,0,0,0.0,0.0,0.0,2.6755516519770026,3.000498030334711,4.613936062902212,-1.862645149230957e-09,-0.5745270997285843,0.625,False,False
1287.0,8,0,0,0,0.0,0.0,0.0,2.705955690238625,1.8516550064086914,5.72999606654048,-4.656612873077393e-10,-0.002229807898402214,0.5,False,False
1288.0,8,0,0,0,0.0,0.0,0.0,2.181357828900218,2.0689522437751293,3.7994782142341137,9.313225746154785e-10,0.6718122754245996,0.625,False,False
1289.0,8,0,0,0,0.0,0.0,0.0,1.8516214191913605,1.3670909982174635,4.047493655234575,-9.313225746154785e-10,-0.2066500652581454,0.5,False,False
1290.0,8,0,0,0,0.0,0.0,0.0,2.000000956468284,1.8946765456348658,3.77960991486907,-9.313225746154785e-10,-0.27529448457062244,0.5,False,False
1291.0,8,0,0,0,0.0,0.0,0.0,1.4441508390009403,1.538571085780859,2.747329458594322,1.862645149230957e-09,-0.16511956416070456,0.625,False,False
1292.0,8,0,0,0,0.0,0.0,0.0,2.5194465960375965,2.2810167353600264,4.568934328854084,4.656612873077393e-10,-0.4288769047707319,0.5,False,False
1293.0,8,0,0,0,0.0,0.0,0.0,3.633246057201177,3.7331810276955366,7.814879886806011,-2.3283064365386963e-09,-0.5831980500370264,0.625,False,False
1294.0,8,0,0,0,0.0,0.0,0.0,2.1163225681521,2.044314604252577,4.728543754667044,-1.3969838619232178e-09,0.43142591044306766,0.5,False,False
1295.0,8,0,0,0,0.0,0.0,0.0,1.9406107235699892,1.9589037857949736,3.3443766199052334,-2.7755575615628914e-17,-0.290302861481905,0.5,False,False
1296.0,8,0,0,0,0.0,0.0,0.0,2.1116132005117834,2.242881180718541,3.4213275723159318,2.32830660307215e-09,-0.9933433178812267,0.625,False,False
1297.0,8,0,0,0,0.0,0.0,0.0,1.657192672137171,1.7394256759434938,3.25824361294508,-4.656612873077393e-10,0.27426562830805784,0.5,False,False
1298.0,8,0,0,0,0.0,0.0,0.0,1.402842947281897,1.5097983442246914,2.552817016839981,1.862645149230957e-09,-0.027395285665988898,0.5,False,False
1299.0,8,0,0,0,0.0,0.0,0.0,2.295512581244111,2.260493442416191,3.744737211614847,9.313225746154785e-10,1.1681812070310116,0.625,False,False
1300.0,8,0,0,0,0.0,0.0,0.0,1.4139459966681898,1.4438931159675121,3.059465859085321,-1.396983917434369e-09,-0.006844973191618947,0.5,False,False
1301.0,8,0,0,0,0.0,0.0,0.0,1.7094975365325809,1.1050466001033783,4.592845220118761,9.313225746154785e-10,-0.14703170396387577,0.5,False,False
1302.0,8,0,0,0,0.0,0.0,0.0,2.739456887356937,2.854068713262677,5.175904456526041,0.0,-0.12055455893278122,0.5,False,False
1303.0,8,0,0,0,0.0,0.0,0.0,1.1861611460335553,0.8202936109155416,3.4066587053239346,-1.3969838619232178e-09,0.059968955814838396,0.5,False,False
1304.0,8,0,0,0,0.0,0.0,0.0,2.754054103512317,2.846334593370557,4.466693837195635,-4.656612873077393e-10,-1.3779520224779844,0.625,False,False
1305.0,8,0,0,0,0.0,0.0,0.0,1.5205845274031162,1.1939176861196756,3.3618315495550632,9.313225746154785e-10,0.25168236345052714,0.625,False,False
1306.0,8,0,0,0,0.0,0.0,0.0,1.1642623650841415,0.9782039541751146,3.247809551656246,-4.656612873077393e-10,0.15350331738591194,0.5,False,False
1307.0,8,0,0,0,0.0,0.0,0.0,1.554483319632709,1.107748605310917,3.981448955833912,-1.8626452047421083e-09,0.12455686181783673,0.5,False,False
1308.0,8,0,0,0,0.0,0.0,0.0,0.9401635192334652,0.8997939247637987,1.6111960038542747,-2.7755575615628914e-17,0.28278238698840136,0.625,False,False
1309.0,8,0,0,0,0.0,0.0,0.0,1.4938072329387069,1.0109424740076065,3.927686162292957,-1.8626452047421083e-09,-0.137073053047061,0.5,False,False
1310.0,8,0,0,0,0.0,0.0,0.0,2.71484320377931,3.0293570458889008,5.279428772628307,-1.3969838619232178e-09,-0.2056260891258716,0.625,False,False
1311.0,8,0,0,0,0.0,0.0,0.0,0.7148449723608792,0.8816579766571522,1.1116606146097183,4.656612873077393e-10,-0.10997822321951385,0.625,False,False
1312.0,8,0,0,0,0.0,0.0,0.0,0.5276720221154392,0.5364374909549952,1.2942293621599674,-4.656612873077393e-10,0.14460803940892217,0.75,False,False
1313.0,8,0,0,0,0.0,0.0,0.0,2.3859875346533954,2.0808522440493107,4.044088572263718,-2.3283064365386963e-09,-0.3765014708042145,0.5,False,False
1314.0,8,0,0,0,0.0,0.0,0.0,1.5423303912393749,1.3714379016309977,3.627207670360804,-1.3969838619232178e-09,-0.07325679436326026,0.5,False,False
1315.0,8,0,0,0,0.0,0.0,0.0,1.6710864990018308,1.5198911149054766,3.032033964991569,-4.6566123179658803e-10,-0.09315476194024086,0.5,False,False
1316.0,8,0,0,0,0.0,0.0,0.0,1.856609158217907,1.4893281534314156,4.195008207112551,0.0,0.3905737064778805,0.5,False,False
1317.0,8,0,0,0,0.0,0.0,0.0,1.4930569124408066,0.8936790227890015,3.7163878865540023,4.656611762854368e-10,0.085317887365818,0.5,False,False
1318.0,8,0,0,0,0.0,0.0,0.0,1.834644662681967,1.7433086279779673,3.674464996904135,1.396983778656491e-09,0.6442325562238693,0.5,False,False
1319.0,8,0,0,0,0.0,0.0,0.0,2.140863317064941,2.1825779750943184,3.746825754642487,9.313226301266297e-10,0.2257357835769653,0.625,False,False
1320.0,7,0,0,0,0.0,0.0,0.0,0.8142130518598216,1.2578232362866402,1.436497863382101,-1.596552985055106e-09,-0.1018053665757179,0.5714285714285714,False,False
1321.0,8,0,0,0,0.0,0.0,0.0,1.4024694771505892,1.6927186511456966,2.37295188754797,-1.3969838619232178e-09,0.209235792979598,0.625,False,False
1322.0,8,0,0,0,0.0,0.0,0.0,1.8358441800810397,1.7506499234586954,3.017389602959156,-1.3969838619232178e-09,-0.23496166802942753,0.5,False,False
1323.0,8,0,0,0,0.0,0.0,0.0,2.084817265160382,1.6119913775473833,4.302937213331461,-1.862645232497684e-09,0.4586736857891083,0.5,False,False
1324.0,8,0,0,0,0.0,0.0,0.0,2.4211309258826077,2.4349652118980885,4.825013540685177,2.3283064365386963e-09,0.10452400147914886,0.5,False,False
1325.0,7,0,0,0,0.0,0.0,0.0,1.019020096531936,0.7909716852009296,2.174096766859293,-1.064368656703404e-09,0.1705698184669017,0.5714285714285714,False,False
1326.0,7,0,0,0,0.0,0.0,0.0,3.230409807392529,3.711469404399395,5.537398517131805,4.257474626813616e-09,0.629733469337225,0.5714285714285714,False,False
1327.0,7,0,0,0,0.0,0.0,0.0,1.2785715822662627,0.9224199168384076,2.990727234631777,2.1287372499654923e-09,0.1543016023933887,0.5714285714285714,False,False
1328.0,7,0,0,0,0.0,0.0,0.0,1.3682594943259443,1.2522966414690018,2.099451143294573,-5.32184328351702e-10,0.576522208750248,0.5714285714285714,False,False
1329.0,7,0,0,0,0.0,0.0,0.0,1.1055278123489447,1.067971684038639,2.2649611979722977,-5.32184328351702e-10,0.3707265183329582,0.5714285714285714,False,False
1330.0,7,0,0,0,0.0,0.0,0.0,1.706403762102127,1.0893385037779808,3.745766829699278,0.0,0.3384611420333385,0.5714285714285714,False,False
1331.0,7,0,0,0,0.0,0.0,0.0,2.211597232946328,2.32769587635994,4.807061120867729,-1.0643686011922527e-09,0.7133785076439381,0.7142857142857143,False,False
1332.0,8,0,0,0,0.0,0.0,0.0,3.7668298380449414,3.0758710894733667,7.817112218588591,-1.862645149230957e-09,0.4326514042913914,0.5,False,False
1333.0,7,0,0,0,0.0,0.0,0.0,0.7644277470452445,0.7517807595431805,1.769297793507576,1.06436868179494e-09,-0.0037376955151557,0.5714285714285714,False,False
1334.0,7,0,0,0,0.0,0.0,0.0,2.3059943025665626,2.15112641453743,4.8599482253193855,1.5965529533344481e-09,1.190688073635101,0.5714285714285714,False,False
1335.0,7,0,0,0,0.0,0.0,0.0,0.7882295224283423,0.7025940343737602,1.520599290728569,1.596552985055106e-09,0.5211068019270897,0.5714285714285714,False,False
1336.0,7,0,0,0,0.0,0.0,0.0,1.6850893327168055,1.5293161608278751,2.517449487000704,2.128737313406808e-09,0.5963967517018318,0.5714285714285714,False,False
1337.0,7,0,0,0,0.0,0.0,0.0,1.0217070345367705,0.5848530903458595,2.4165935069322586,2.128737345127466e-09,-0.2391498498618602,0.5714285714285714,False,False
1338.0,7,0,0,0,0.0,0.0,0.0,0.7913866239999022,0.7243532352149487,1.6982414275407791,5.32184328351702e-10,0.077456634491682,0.5714285714285714,False,False
1339.0,7,0,0,0,0.0,0.0,0.0,0.4526014136416571,0.2713312767446041,1.0763157531619072,-3.193105985970541e-09,0.0300465300679206,0.5714285714285714,False,False
1340.0,7,0,0,0,0.0,0.0,0.0,1.1269390540463584,0.931582808494568,2.0677848048508167,2.128737329267137e-09,0.5603689812123775,0.5714285714285714,False,False
1341.0,7,0,0,0,0.0,0.0,0.0,0.5518978248749461,0.6246151253581047,1.006188504397869,-2.128737297546479e-09,-0.1403724215924739,0.5714285714285714,False,False
1342.0,8,0,0,0,0.0,0.0,0.0,2.2024173005484045,1.8595508970320225,4.082784947007895,-1.3969840284566715e-09,-1.0079630315303802,0.625,False,False
1343.0,7,0,0,0,0.0,0.0,0.0,1.564944338053465,1.2387353405356407,3.4878818914294243,-5.32184328351702e-10,0.0164755657315254,0.5714285714285714,False,False
1344.0,7,0,0,0,0.0,0.0,0.0,1.5604942212147372,1.4941293895244598,2.6988207511603832,5.321843362818665e-10,-0.3905708417296409,0.5714285714285714,False,False
1345.0,7,0,0,0,0.0,0.0,0.0,0.8003377153405121,0.4225348234176636,1.8371485732495785,1.596552985055106e-09,-0.2117631733417511,0.7142857142857143,False,False
1346.0,7,0,0,0,0.0,0.0,0.0,1.3829104698130064,1.319960717111826,1.9204877577722077,-1.0643686884240618e-09,0.4640053361654281,0.5714285714285714,False,False
1347.0,6,0,0,0,0.0,0.0,0.0,2.139500784377257,2.217112936079502,3.304210845381021,-2.483527013671013e-09,-0.5900382678955793,0.5,False,False
1348.0,8,0,0,0,0.0,0.0,0.0,3.407850176561624,2.9519307278096676,5.790636200457811,4.656612873077393e-10,-0.013410318642854913,0.5,False,False
1349.0,6,0,0,0,0.0,0.0,0.0,2.28941254876554,2.038661116734147,4.200014550238848,-6.208816794028849e-10,0.023303430527448765,0.5,False,False
1350.0,7,0,0,0,0.0,0.0,0.0,0.9659750328532287,0.9107892364263536,2.332041852176189,5.321844473041689e-10,0.1038317456841468,0.5714285714285714,False,False
1351.0,7,0,0,0,0.0,0.0,0.0,0.26367691265685217,0.2196783162653446,0.5515932738780975,2.1287373253020547e-09,-0.1091622188687324,0.7142857142857143,False,False
1352.0,8,0,0,0,0.0,0.0,0.0,2.8413114212453365,2.7550182957202196,6.31825852766633,1.862645149230957e-09,1.1255623754113913,0.625,False,False
1353.0,8,0,0,2,0.0,0.0,0.25,6.6981986705213785,6.432365909218788,12.473234754055738,3.725290298461914e-09,-0.7601142656058072,0.5,False,False
1354.0,8,0,0,0,0.0,0.0,0.0,1.917831489816308,1.747445173561573,5.127191461622715,9.313225746154785e-10,0.34677269868552685,0.5,False,False
1355.0,8,0,0,0,0.0,0.0,0.0,3.0867290450260043,2.569106310606003,5.3996392376720905,0.0,-0.3337376806885003,0.5,False,False
1356.0,8,0,0,0,0.0,0.0,0.0,1.3248292338103056,1.3221592083573341,2.998755555599928,1.3877787807814457e-17,-0.0840313881635666,0.5,False,False
1357.0,6,0,0,0,0.0,0.0,0.0,1.5589886400848627,1.3532609157264233,2.939268633723259,3.104408619059029e-09,-0.4050040505826472,0.5,False,False
1358.0,6,0,0,0,0.0,0.0,0.0,1.198703719303012,1.0911033414304256,2.273136083036661,-6.20881716410319e-10,-0.30795807763934135,0.6666666666666666,False,False
1359.0,8,0,0,0,0.0,0.0,0.0,1.76554986089468,1.7428143676370382,2.7477990351617336,0.0,0.2719214577227831,0.5,False,False
1360.0,8,0,0,0,0.0,0.0,0.0,3.996481543406844,3.4752930141985416,7.0261032953858376,9.313225746154785e-10,0.11222675628960133,0.5,False,False
1361.0,8,0,0,0,0.0,0.0,0.0,2.666890691500157,2.251300971955061,6.619579274207354,-4.656612873077393e-10,-0.027358628809452057,0.5,False,False
1362.0,7,0,0,0,0.0,0.0,0.0,1.1531458140483923,1.2189084812998772,1.8618391826748848,1.596552985055106e-09,-0.1813300848007202,0.5714285714285714,False,False
1363.0,8,0,0,0,0.0,0.0,0.0,2.1229992085136473,2.219512002542615,5.417174931615591,-1.3969838619232178e-09,0.2852596677839756,0.625,False,False
1364.0,8,0,0,0,0.0,0.0,0.0,0.6931880647316575,0.5910796113312244,1.4752120822668076,2.7939677307853295e-09,0.1295105647295713,0.625,False,False
1365.0,8,0,0,0,0.0,0.0,0.0,1.760550086852163,1.324909295886755,3.6654761247336864,4.656612873077393e-10,0.6500248685479164,0.75,False,False
1366.0,8,0,0,0,0.0,0.0,0.0,2.272850865032524,2.4699503798037767,4.218391939997673,-4.656612873077393e-10,0.6650711707770826,0.625,False,False
1367.0,8,0,0,0,0.0,0.0,0.0,2.6515767332166433,2.947856403887272,4.650018356740475,-5.551115123125783e-17,-0.24501344934105876,0.5,False,False
1368.0,8,0,0,0,0.0,0.0,0.0,2.331817106809467,2.1697261687368155,4.057728908956051,4.656612873077393e-10,-1.1483843512833118,0.625,False,False
1369.0,8,0,0,0,0.0,0.0,0.0,1.3261815551668406,1.221305651590228,3.013055104762316,-1.8626450937198058e-09,0.1333441510796547,0.5,False,False
1370.0,8,0,0,0,0.0,0.0,0.0,2.6297334479168057,2.9589731823652983,3.750253956764936,2.7939677238464355e-09,0.13200187869369984,0.5,False,False
1371.0,8,0,0,0,0.0,0.0,0.0,1.9088262035511434,1.4224034827202559,4.790489017963409,-1.3969838619232178e-09,-0.07898985221982005,0.5,False,False
1372.0,8,0,0,0,0.0,0.0,0.0,2.273215160705149,2.1829730179160833,4.4496210142970085,-9.313225746154785e-10,0.5068040955811739,0.5,False,False
1373.0,8,0,0,0,0.0,0.0,0.0,1.2830125824548304,0.9425756279379129,2.8482303842902184,3.259629066665326e-09,0.30140815302729607,0.625,False,False
1374.0,8,0,0,0,0.0,0.0,0.0,2.287699226755649,2.444685898721218,4.5628998801112175,-1.3969838619232178e-09,0.4562393333762884,0.5,False,False
1375.0,8,0,0,0,0.0,0.0,0.0,1.9074769783765078,1.986415883526206,3.3473736196756363,0.0,-0.7378056421875954,0.625,False,False
1376.0,8,0,0,0,0.0,0.0,0.0,1.898796334862709,1.907226748764515,3.211793288588524,-2.7939677238464355e-09,-0.33891951106488705,0.5,False,False
1377.0,8,0,0,0,0.0,0.0,0.0,1.7854134240187705,1.5099188964813948,3.791494477540255,-4.6566128036884535e-10,-0.48681194335222244,0.625,False,False
1378.0,8,0,0,0,0.0,0.0,0.0,1.4252903736196458,1.5442609135061502,2.0441022105515003,-1.3969838619232178e-09,0.0940280333161354,0.5,False,False
1379.0,8,0,0,0,0.0,0.0,0.0,1.718114406336099,1.7849214002490044,3.916044045239687,2.3283064365386963e-09,0.5013696979731321,0.5,False,False
1380.0,8,0,0,0,0.0,0.0,0.0,2.5857335082255304,2.7671081572771072,4.696488376706839,1.3969838619232178e-09,-0.38521264493465424,0.5,False,False
1381.0,8,0,0,0,0.0,0.0,0.0,1.8749430272728205,2.252053089439869,3.65233401581645,-9.313225746154785e-10,0.13393322005867955,0.5,False,False
1382.0,8,0,0,0,0.0,0.0,0.0,2.617240303196013,2.2639995515346527,6.080776322633028,-2.7939677238464355e-09,-0.5776596833020449,0.625,False,False
1383.0,8,0,0,0,0.0,0.0,0.0,2.1221341490745544,2.111625025048852,3.622201956808567,-1.862645149230957e-09,-0.30526571348309517,0.5,False,False
1384.0,8,0,0,0,0.0,0.0,0.0,2.5996796865947545,2.753592189401388,4.891534365713596,-4.656612873077393e-10,-0.9633301012217999,0.625,False,False
1385.0,8,0,0,0,0.0,0.0,0.0,2.112144524231553,2.106701208278537,3.541917286813259,9.313225746154785e-10,0.31623066775500774,0.5,False,False
1386.0,8,0,0,0,0.0,0.0,0.0,1.8937312420457602,1.7678205370903015,4.732004068791866,-9.313225746154785e-10,-0.3365275673568249,0.625,False,False
1387.0,8,0,0,0,0.0,0.0,0.0,1.833328327164054,1.7894115522503853,3.682193074375391,1.1102230246251565e-16,0.3856042120605707,0.5,False,False
1388.0,8,0,0,0,0.0,0.0,0.0,1.476305858232081,1.11384735442698,3.677528727799654,9.313225746154785e-10,-0.10021270811557764,0.625,False,False
1389.0,8,0,0,0,0.0,0.0,0.0,1.5036421092227101,1.1192268952727318,4.127753783017397,-9.313225746154785e-10,0.5933366697281599,0.625,False,False
1390.0,8,0,0,0,0.0,0.0,0.0,1.2385770184919238,0.7973521053791046,3.262310966849327,-1.3877787807814457e-17,-0.018609138205647503,0.5,False,False
1391.0,8,0,0,0,0.0,0.0,0.0,0.8631587121635675,0.6888643931597471,2.074906077235937,3.725290298461914e-09,-0.0431022271513938,0.625,False,False
1392.0,8,0,0,0,0.0,0.0,0.0,1.6668746210634708,1.3059070892632008,3.807177744805813,2.7939677238464355e-09,0.1759362667798996,0.5,False,False
1393.0,8,0,0,0,0.0,0.0,0.0,0.773081183899194,0.5850044805556536,1.8246021270751955,-4.656613150633149e-10,0.04898696020245549,0.5,False,False
1394.0,8,0,0,0,0.0,0.0,0.0,2.0091226482763886,2.1234812941402197,4.470380384474993,0.0,-0.31600563041865826,0.625,False,False
1395.0,8,0,0,0,0.0,0.0,0.0,2.028110248502344,1.7458472549915314,3.180070210248232,2.3283064365386963e-09,0.25387024879455566,0.5,False,False
1396.0,8,0,0,0,0.0,0.0,0.0,1.665256914217025,1.5718060061335564,4.125887461006641,4.656612873077393e-10,0.705479895696044,0.625,False,False
1397.0,8,0,0,0,0.0,0.0,0.0,3.658072733785957,3.1130633801221848,8.837857756763697,3.259629011154175e-09,1.4231763202697039,0.625,False,False
1398.0,8,0,0,0,0.0,0.0,0.0,2.942206410225481,2.6527991890907288,7.422674618661404,-1.3969838064120665e-09,0.38050912879407406,0.625,False,False
1399.0,8,0,0,0,0.0,0.0,0.0,2.3759706392884254,2.079767633229494,5.282352577894926,0.0,0.35022406093776226,0.5,False,False
1400.0,8,0,0,0,0.0,0.0,0.0,1.7478130804374814,1.9968480505049229,3.86313945800066,-9.313225746154785e-10,-0.3237662557512522,0.625,False,False
1401.0,8,0,0,0,0.0,0.0,0.0,1.7334015457890928,2.1826906129717827,3.169661372900009,-3.259629011154175e-09,0.16659609042108056,0.625,False,False
1402.0,8,0,0,0,0.0,0.0,0.0,2.1225247024558485,2.0768073815852404,3.7484937980771065,-1.3969838619232178e-09,-0.08777591399848461,0.5,False,False
1403.0,8,0,0,0,0.0,0.0,0.0,0.9835196761414409,1.0618769451975822,1.8969281502068045,-9.313225884932663e-10,0.20145490951836104,0.625,False,False
1404.0,8,0,0,0,0.0,0.0,0.0,2.1141722653992474,2.6669236421585083,3.430468298494816,-3.259629011154175e-09,0.6221562419086695,0.625,False,False
1405.0,8,0,0,0,0.0,0.0,0.0,1.120140093844384,1.1122583784162998,2.854426976293325,-4.6566123179658803e-10,-0.15385894291102886,0.625,False,False
1406.0,8,0,0,0,0.0,0.0,0.0,2.3712837151251733,3.0108346473425627,4.897410497069359,-4.656612873077393e-10,-0.004332419484853758,0.5,False,False
1407.0,8,0,0,2,0.0,0.0,0.25,7.064201540779322,5.512577934190631,15.18779245018959,-4.656612873077393e-10,0.6526328604668381,0.5,False,False
1408.0,8,0,0,0,0.0,0.0,0.0,1.9052205793559551,1.2022569049149752,4.778573974967003,-5.551115123125783e-17,0.5807400420308113,0.75,False,False
1409.0,8,0,0,0,0.0,0.0,0.0,3.53982494212687,3.565779335796833,7.552108112722635,-9.313225191043273e-10,0.7409293614327908,0.625,False,False
1410.0,8,0,0,0,0.0,0.0,0.0,3.122019647154957,3.5553911309689283,5.558752026408911,-2.3283064365386963e-09,-0.14883562922477722,0.5,False,False
1411.0,8,0,0,0,0.0,0.0,0.0,2.02279166970402,1.8552707955241206,4.959791157394648,1.8626452047421083e-09,-0.30786086805164814,0.5,False,False
1412.0,8,0,0,0,0.0,0.0,0.0,2.919212320353836,3.3484661765396595,5.336105294525623,4.656612873077393e-10,-0.1065332926809788,0.5,False,False
1413.0,8,0,0,0,0.0,0.0,0.0,1.5097877932712436,1.2073867730796337,3.250266600400209,9.313226301266297e-10,-0.24242099933326244,0.625,False,False
1414.0,8,0,0,0,0.0,0.0,0.0,2.0661222669295967,1.991183752194047,4.315645858645439,-1.396983917434369e-09,0.6729954946786165,0.625,False,False
1415.0,8,0,0,0,0.0,0.0,0.0,2.0913410829380155,1.613373914733529,4.940551552921534,0.0,-0.08863847889006139,0.5,False,False
1416.0,7,0,0,0,0.0,0.0,0.0,1.1486834404723985,1.117362309247255,2.357825066894293,-1.0643686844589796e-09,0.3007966950535774,0.5714285714285714,False,False
1417.0,7,0,0,0,0.0,0.0,0.0,1.6433201730251312,0.9941583164036274,3.7786960303783417,1.064368656703404e-09,-0.5218903124332428,0.5714285714285714,False,False
1418.0,7,0,0,0,0.0,0.0,0.0,2.3113783464900086,2.1756180562078957,4.107273779809475,-2.6609217686411414e-09,-1.5234684199094772,0.5714285714285714,False,False
1419.0,8,0,0,2,0.0,0.0,0.25,7.325950032565743,7.523915711790323,15.885218098759651,4.656612873077393e-10,-1.7177184149622917,0.625,False,False
1420.0,8,0,0,0,0.0,0.0,0.0,5.995219105388969,6.126950537785888,10.033030569553375,-2.3283064365386963e-09,0.14499293081462394,0.5,False,False
1421.0,8,0,0,0,0.0,0.0,0.0,3.549913926050067,3.1570134051144123,7.688951756805181,9.313225746154785e-10,0.6744441017508507,0.5,False,False
1422.0,7,0,0,0,0.0,0.0,0.0,1.7438429998500007,1.4708225280046463,3.997845865786076,-2.1287371785940122e-09,0.1088658794760704,0.5714285714285714,False,False
1423.0,7,0,0,0,0.0,0.0,0.0,2.5860199023570334,2.1400755122303963,6.474228199571371,2.1287373768481236e-09,1.0581886023283005,0.5714285714285714,False,False
1424.0,8,0,0,0,0.0,0.0,0.0,3.1429579807445407,2.1899490356445312,8.091475065797567,-9.313225746154785e-10,1.0055928993970156,0.625,False,False
1425.0,8,0,0,0,0.0,0.0,0.0,1.1581939877942204,0.8128119576722383,3.098249953240156,9.313225746154785e-10,0.01696178317070005,0.625,False,False
1426.0,8,0,0,0,0.0,0.0,0.0,1.718980501871556,1.7444084156304598,3.1319429203867912,4.656612873077393e-10,0.1016862504184246,0.5,False,False
1427.0,8,0,0,0,0.0,0.0,0.0,1.929013489279896,2.041330076754093,3.452129367738962,1.3969838619232178e-09,0.9668470025062561,0.625,False,False
1428.0,8,0,0,0,0.0,0.0,0.0,0.9963495451956987,1.0445423293858767,2.3135308362543583,1.862645149230957e-09,0.27336312644183636,0.625,False,False
1429.0,8,0,0,0,0.0,0.0,0.0,2.0237788911908865,1.4050859827548265,4.638766311109066,9.313225746154785e-10,0.49683200754225254,0.625,False,False
1430.0,8,0,0,0,0.0,0.0,0.0,3.7168173529207706,4.0182674285024405,5.618854630738497,-1.862645149230957e-09,-0.01159869134426117,0.5,False,False
1431.0,8,0,0,0,0.0,0.0,0.0,1.211015715263784,1.024184038862586,2.623775221407413,9.313225329821151e-10,0.048435227945447,0.5,False,False
1432.0,8,0,0,0,0.0,0.0,0.0,1.9739791485480964,2.200745787471533,3.9797259382903576,-2.3283064365386963e-09,-0.32808276638388634,0.625,False,False
1433.0,8,0,0,0,0.0,0.0,0.0,1.8176763467490673,1.8415049407631159,2.9918892607092857,-2.7939677238464355e-09,0.9583362378180027,0.625,False,False
1434.0,8,0,0,0,0.0,0.0,0.0,1.8779635052196681,1.6234733182936907,3.9803181514143935,-1.3969837509009153e-09,0.01413937658071518,0.5,False,False
1435.0,8,0,0,0,0.0,0.0,0.0,2.223299744538963,1.8145521879196167,3.647860173135996,-1.862645149230957e-09,1.270102759823203,0.625,False,False
1436.0,8,0,0,0,0.0,0.0,0.0,2.036161250900477,2.2009201012551785,3.5571635216474533,2.3283064365386963e-09,0.35113262198865414,0.5,False,False
1437.0,8,0,0,0,0.0,0.0,0.0,1.3272634046152234,0.9301268272101879,3.219738863408565,9.313226301266297e-10,0.3966548666357994,0.625,False,False
1438.0,7,0,0,0,0.0,0.0,0.0,1.6515883377620153,1.8292977809906008,2.486941624432802,-2.1287372816861503e-09,-0.1517491340637207,0.5714285714285714,False,False
1439.0,7,0,0,0,0.0,0.0,0.0,3.0954687339918956,3.0875305831432343,5.6764994114637375,-2.128737313406808e-09,0.5592717602849007,0.5714285714285714,False,False
1440.0,8,0,0,0,0.0,0.0,0.0,2.45081029785797,2.6982075814157724,4.404463466256857,-1.3969838619232178e-09,-0.1131428461521864,0.5,False,False
1441.0,8,0,0,0,0.0,0.0,0.0,0.6436924580484629,0.6382296737283468,1.3870810642838478,2.793967751602011e-09,0.041862444952130345,0.5,False,False
1442.0,7,0,0,0,0.0,0.0,0.0,2.110542637429067,2.15604505315423,3.390042368322611,-5.321842966310442e-10,1.308743592351675,0.5714285714285714,False,False
1443.0,7,0,0,0,0.0,0.0,0.0,1.724006778959717,2.111760698258877,3.5616841316223145,-2.6609215783171945e-09,-0.06663628667593,0.5714285714285714,False,False
1444.0,7,0,0,0,0.0,0.0,0.0,1.6344078071415424,1.6710398346185684,2.49615241587162,2.66092164175851e-09,0.5679512172937393,0.5714285714285714,False,False
1445.0,7,0,0,0,0.0,0.0,0.0,1.2284880626414503,1.116900261491537,2.2931212037801743,-1.5965529771249415e-09,-0.1371168196201324,0.5714285714285714,False,False
1446.0,7,0,0,0,0.0,0.0,0.0,2.29394094645977,2.508355740457773,3.567870333790779,1.0643686249827461e-09,0.5273614153265953,0.5714285714285714,False,False
1447.0,7,0,0,0,0.0,0.0,0.0,1.3233271768050534,1.2581354565918446,2.3807666189968586,-5.321843486727484e-10,0.019752062857151,0.5714285714285714,False,False
1448.0,7,0,0,0,0.0,0.0,0.0,2.630167872778007,2.6669991575181484,4.219579059630632,-1.064368656703404e-09,1.1881713680922985,0.5714285714285714,False,False
1449.0,7,0,0,0,0.0,0.0,0.0,2.1838939216520106,2.160573970526457,3.879473343491554,-5.32184328351702e-10,1.5465608201920986,0.5714285714285714,False,False
1450.0,7,0,0,0,0.0,0.0,0.0,0.9803232955081123,0.97059553489089,1.545646507292986,3.193105970110212e-09,0.3956649415194988,0.5714285714285714,False,False
1451.0,8,0,0,0,0.0,0.0,0.0,2.081717744935304,2.0522659979760647,4.940722573548555,2.3283064365386963e-09,-0.36228426918387413,0.625,False,False
1452.0,8,0,0,0,0.0,0.0,0.0,2.00618230458349,2.1468146685510874,4.068972762674093,1.1102230246251565e-16,0.19105450809001923,0.5,False,False
1453.0,8,0,0,0,0.0,0.0,0.0,0.6610538642853498,0.2372611835598945,1.9531082287430763,1.8626451214753814e-09,0.10829243436455718,0.625,False,False
1454.0,7,0,0,0,0.0,0.0,0.0,2.5680324052061354,2.450240906327963,4.060119841247797,1.064368656703404e-09,0.7412066608667374,0.5714285714285714,False,False
1455.0,6,0,0,0,0.0,0.0,0.0,1.1856105048209429,0.8622002154588699,2.615820087492466,-3.104408582051595e-09,0.1950521171092987,0.5,False,False
1456.0,7,0,0,0,0.0,0.0,0.0,3.868432271693434,3.916235946118832,6.571505729109049,-1.0643685932620883e-09,1.0714251697063446,0.5714285714285714,False,False
1457.0,7,0,0,0,0.0,0.0,0.0,1.6506448893674783,1.9732572548091407,3.8006149753928185,1.5965529216137903e-09,-0.0625376217067241,0.5714285714285714,False,False
1458.0,7,0,0,0,0.0,0.0,0.0,1.3345971001046044,1.091995406895876,2.6419013515114784,1.0643686804938974e-09,-0.2832287847995758,0.5714285714285714,False,False
1459.0,7,0,0,0,0.0,0.0,0.0,3.0120276558612074,2.3888540901243687,5.953697796911001,-2.6609216734791677e-09,1.2496547549962995,0.5714285714285714,False,False
1460.0,7,0,0,0,0.0,0.0,0.0,2.3408495938139304,2.819961860775948,3.681993044912815,5.321843917930177e-10,0.3059444054961204,0.5714285714285714,False,False
1461.0,7,0,0,0,0.0,0.0,0.0,3.3882260269352367,3.718864992260933,6.51444086432457,0.0,0.584844846278429,0.5714285714285714,False,False
1462.0,7,0,0,0,0.0,0.0,0.0,0.96603005698749,1.0736037082970142,1.8827494122087955,1.064368656703404e-09,0.461827639490366,0.5714285714285714,False,False
1463.0,7,0,0,0,0.0,0.0,0.0,0.5968013384512493,0.4413775280117988,1.407513402402401,2.1287373213369723e-09,-0.3894530273973942,0.7142857142857143,False,False
1464.0,7,0,0,0,0.0,0.0,0.0,2.491038673690387,2.5873266756534576,3.8549753092229366,6.344131569286608e-17,0.4384478293359279,0.5714285714285714,False,False
1465.0,8,0,0,0,0.0,0.0,0.0,2.800915024243295,2.3815219216048717,5.7340235859155655,0.0,-0.009992022067308426,0.5,False,False
1466.0,8,0,0,0,0.0,0.0,0.0,1.4161489610560238,0.7997340206056833,4.045100871473551,2.3283064365386963e-09,0.10092432610690595,0.5,False,False
1467.0,8,0,0,0,0.0,0.0,0.0,1.6155096013098955,1.1980736777186394,4.112251471728087,-9.313224635931761e-10,-0.0406341049820185,0.5,False,False
1468.0,8,0,0,0,0.0,0.0,0.0,2.9242624710313976,3.0181358009576797,5.660778280347586,4.656612873077393e-10,0.878117959946394,0.625,False,False
1469.0,8,0,0,0,0.0,0.0,0.0,1.2275330270640552,0.9818318169564009,2.6055466160178185,-4.656612873077393e-10,0.43693869002163405,0.625,False,False
1470.0,8,0,0,0,0.0,0.0,0.0,1.911966796964407,1.7815270703285933,4.0657292529940605,9.313225746154785e-10,0.30414175800979126,0.5,False,False
1471.0,7,0,0,0,0.0,0.0,0.0,0.896129483623164,0.471786942332983,2.183039825409651,-1.064368656703404e-09,0.1452529020607471,0.7142857142857143,False,False
1472.0,7,0,0,0,0.0,0.0,0.0,2.189978614449501,2.412693902850151,3.386543184518814,2.1287371865241766e-09,0.0169144049286842,0.5714285714285714,False,False
1473.0,7,0,0,0,0.0,0.0,0.0,2.2603268596742834,2.049476966261864,4.2848267033696175,-5.321842649103863e-10,-0.3492407724261284,0.5714285714285714,False,False
1474.0,7,0,0,0,0.0,0.0,0.0,2.1233794715787684,2.135926455259323,3.3734442554414272,5.321844235136755e-10,1.1609802916646004,0.5714285714285714,False,False
1475.0,7,0,0,0,0.0,0.0,0.0,1.6005862094461918,1.7129634730517864,3.7753360085189342,-1.596552985055106e-09,-0.1318488866090774,0.5714285714285714,False,False
1476.0,7,0,0,0,0.0,0.0,0.0,2.9783249593206813,3.2436766363680363,4.657925810664892,3.19310600183087e-09,1.1719317920506,0.5714285714285714,False,False
1477.0,8,0,0,0,0.0,0.0,0.0,2.796412386931479,2.534235902130604,6.479189783334732,-9.313225746154785e-10,0.37960474006831646,0.5,False,False
1478.0,7,0,0,0,0.0,0.0,0.0,1.8199227755623204,2.1907702647149563,2.8926959857344627,-1.5965530484964218e-09,0.3606110252439976,0.5714285714285714,False,False
1479.0,8,0,0,0,0.0,0.0,0.0,2.181582886725664,1.5104690566658974,5.754280172288418,-9.313225746154785e-10,0.7899541687220335,0.625,False,False
1480.0,8,0,0,0,0.0,0.0,0.0,2.2904209280386567,2.345570906996727,3.955813217908144,-2.7939677238464355e-09,-0.7825350780040026,0.625,False,False
1481.0,7,0,0,0,0.0,0.0,0.0,2.669531848281622,2.483112260699272,4.241166595369577,-1.596552985055106e-09,0.5517303682863712,0.5714285714285714,False,False
1482.0,7,0,0,0,0.0,0.0,0.0,1.3568322977849416,1.2610622756183147,2.3094399832189083,-3.19310600183087e-09,0.8909825645387173,0.5714285714285714,False,False
1483.0,7,0,0,0,0.0,0.0,0.0,1.8501075931957789,2.354594599455595,3.1577982753515244,1.0643686884240618e-09,-0.0387830287218093,0.5714285714285714,False,False
1484.0,7,0,0,0,0.0,0.0,0.0,0.4458977734403951,0.4463838599622249,0.7210226394236088,1.596552985055106e-09,0.2279704064130783,0.5714285714285714,False,False
1485.0,7,0,0,0,0.0,0.0,0.0,2.2327735056834563,2.470164980739355,3.8366912342607975,-1.596552985055106e-09,0.3766574524343014,0.5714285714285714,False,False
1486.0,7,0,0,0,0.0,0.0,0.0,0.8002117568893092,0.8693271763622761,1.5031349919736383,-2.660921610037852e-09,0.2789105400443077,0.5714285714285714,False,False
1487.0,7,0,0,0,0.0,0.0,0.0,1.1922507621347904,1.0623194724321363,2.682369377464056,-2.6609216734791677e-09,-0.2864092998206615,0.5714285714285714,False,False
1488.0,7,0,0,0,0.0,0.0,0.0,1.2941272551459926,1.418985664844513,2.1875319816172123,-1.5965528581724747e-09,0.6562341973185539,0.5714285714285714,False,False
1489.0,7,0,0,0,0.0,0.0,0.0,1.9694255547864097,2.068871792405844,3.1124242432415485,1.586032892321652e-17,0.7708126157522202,0.5714285714285714,False,False
1490.0,7,0,0,0,0.0,0.0,0.0,1.288791207862752,1.132626287639141,2.368911236524582,2.6609216338283457e-09,0.2878782078623771,0.5714285714285714,False,False
1491.0,7,0,0,0,0.0,0.0,0.0,2.8309696625385965,3.3570422902703285,4.472916908562183,-2.1287372816861503e-09,0.1531023234128952,0.5714285714285714,False,False
1492.0,7,0,0,0,0.0,0.0,0.0,1.051890593022108,1.189323529601097,1.8037167899310589,1.5965529533344481e-09,-0.156210396438837,0.5714285714285714,False,False
1493.0,7,0,0,0,0.0,0.0,0.0,0.9335065239242145,0.9506912045180798,2.136886540800333,1.064368656703404e-09,0.3721918724477291,0.5714285714285714,False,False
1494.0,7,0,0,0,0.0,0.0,0.0,1.4107469341584615,1.3937437571585178,2.1869128569960594,1.0643686249827461e-09,0.5956408940255642,0.5714285714285714,False,False
1495.0,7,0,0,0,0.0,0.0,0.0,2.2260150324021066,2.148562576621771,3.4947090931236744,1.064368656703404e-09,0.758534237742424,0.5714285714285714,False,False
1496.0,7,0,0,0,0.0,0.0,0.0,1.6487354316881724,1.9107492454349997,2.724968548864126,-1.064368656703404e-09,-0.5843017809092999,0.5714285714285714,False,False
1497.0,7,0,0,0,0.0,0.0,0.0,0.8762666928981032,0.3444196432828903,2.208801481872797,1.5965530484964218e-09,-0.1942350715398788,0.5714285714285714,False,False
1498.0,7,0,0,0,0.0,0.0,0.0,0.611039759857314,0.6318503692746162,1.126174494624138,3.568574007723718e-17,0.1789818480610847,0.5714285714285714,False,False
1499.0,7,0,0,0,0.0,0.0,0.0,1.862365652940103,2.070658672600985,3.440065745264292,5.321844552343334e-10,0.4471135064959526,0.5714285714285714,False,False
1500.0,6,0,0,0,0.0,0.0,0.0,2.2696259394288063,2.077826116234064,5.144627459347248,-3.725290298461914e-09,-0.46042099967598915,0.5,False,False
1501.0,7,0,0,0,0.0,0.0,0.0,2.8057423420250416,3.3223952874541283,4.495528850704432,-2.66092164175851e-09,-0.1709524095058441,0.5714285714285714,False,False
1502.0,7,0,0,0,0.0,0.0,0.0,0.9238293506205082,0.6941275484859943,2.1108735725283623,-5.321842649103863e-10,-0.0311422273516654,0.5714285714285714,False,False
1503.0,7,0,0,0,0.0,0.0,0.0,0.5917483546904155,0.587542001157999,1.0483870841562748,-2.128737313406808e-09,0.4026609882712364,0.5714285714285714,False,False
1504.0,6,0,0,0,0.0,0.0,0.0,0.4968214053660631,0.42370932549238205,0.9959055446088314,-6.20881716410319e-10,0.018708797171711908,0.5,False,False
1505.0,7,0,0,0,0.0,0.0,0.0,1.9084860714418548,1.9280536398291588,2.9548649713397026,0.0,0.8549737371504307,0.5714285714285714,False,False
1506.0,7,0,0,0,0.0,0.0,0.0,1.7056254116552216,1.2399099357426169,3.860003173351288,3.1931059383895543e-09,0.0466963164508342,0.5714285714285714,False,False
1507.0,7,0,0,0,0.0,0.0,0.0,1.0519760958850382,0.9385768435895444,1.8210302330553527,-1.5965529691947771e-09,0.754643052816391,0.5714285714285714,False,False
1508.0,7,0,0,0,0.0,0.0,0.0,2.257195788302592,2.2227476462721825,3.8248287849128246,-5.32184328351702e-10,0.2629708833992481,0.5714285714285714,False,False
1509.0,7,0,0,0,0.0,0.0,0.0,1.8514657957213265,2.053053092211485,2.8195722736418247,-2.128737345127466e-09,0.7732308395206928,0.5714285714285714,False,False
1510.0,7,0,0,0,0.0,0.0,0.0,1.0292857150946344,0.8617403283715248,2.148603793233633,-2.1287373213369723e-09,0.4337930157780647,0.5714285714285714,False,False
1511.0,7,0,0,0,0.0,0.0,0.0,1.2054772414267063,1.4313651770353315,1.878656219691038,1.5965530484964218e-09,0.071602713316679,0.5714285714285714,False,False
1512.0,7,0,0,0,0.0,0.0,0.0,2.628036720412118,2.717090275138617,5.634480100125074,1.0643687201447198e-09,-0.2358139231801033,0.5714285714285714,False,False
1513.0,7,0,0,0,0.0,0.0,0.0,1.4478727376886777,1.5292996130883694,2.771182022988796,1.064368656703404e-09,0.5117128044366837,0.5714285714285714,False,False
1514.0,7,0,0,0,0.0,0.0,0.0,1.7144140233950955,1.9773191288113596,3.742792524397373,-1.596552965229695e-09,0.044184248894453,0.5714285714285714,False,False
1515.0,8,0,0,0,0.0,0.0,0.0,1.7632663524709642,1.5692880786955357,3.199803933501244,4.190951585769653e-09,0.8312358371913434,0.625,False,False
1516.0,7,0,0,0,0.0,0.0,0.0,2.1385631108922616,2.369375754147768,3.2382412180304527,1.596552985055106e-09,0.1304549165070057,0.5714285714285714,False,False
1517.0,7,0,0,0,0.0,0.0,0.0,1.3943173550069332,1.669389184564352,2.1145155653357506,5.32184328351702e-10,-0.0852298848330974,0.5714285714285714,False,False
1518.0,7,0,0,0,0.0,0.0,0.0,3.2125807590782642,3.3536429442465305,5.032590307295322,-1.596552985055106e-09,1.2430940680205822,0.5714285714285714,False,False
1519.0,7,0,0,0,0.0,0.0,0.0,0.9530948554830891,1.143986228853464,1.434399839490652,-2.6609216734791677e-09,-0.1114954762160778,0.5714285714285714,False,False
1520.0,8,0,0,0,0.0,0.0,0.0,2.758945634122938,2.8846101351082325,5.619173668324947,1.3969838619232178e-09,1.0103270951658487,0.625,False,False
1521.0,8,0,0,0,0.0,0.0,0.0,2.2226146664470434,1.7377658002078533,5.621024508029223,4.656612984099695e-09,-0.3234930373728275,0.625,False,False
1522.0,8,0,0,0,0.0,0.0,0.0,2.237117073033005,1.8405489977449179,4.802496924996376,1.3969838619232178e-09,0.2985475789755582,0.625,False,False
1523.0,7,0,0,0,0.0,0.0,0.0,2.770757650158235,3.3264981918036938,4.0181555561721325,-1.596552985055106e-09,-0.860820397734642,0.5714285714285714,False,False
1524.0,6,0,0,0,0.0,0.0,0.0,1.797724340731899,2.08205708488822,2.96843471378088,-6.20881716410319e-10,-0.22118712216615677,0.5,False,False
1525.0,6,0,0,0,0.0,0.0,0.0,2.0976976367334523,2.3440657556056976,3.025456350296736,2.4835269026487103e-09,0.10627903230488289,0.5,False,False
1526.0,6,0,0,0,0.0,0.0,0.0,1.9172522568454344,2.246497543528676,3.158864971250296,-3.1044085080367267e-09,0.060770515352487564,0.5,False,False
1527.0,7,0,0,0,0.0,0.0,0.0,2.1959008212600435,1.7925508059561253,4.38989158347249,3.193105970110212e-09,1.489267274737358,0.7142857142857143,False,False
1528.0,8,0,0,0,0.0,0.0,0.0,1.5053158961236477,1.5150532610714436,3.864515140652657,0.0,-0.20598450861871248,0.5,False,False
1529.0,8,0,0,0,0.0,0.0,0.0,1.0243880613707006,0.6346328239887953,2.435539580881596,-4.656611762854368e-10,-0.0016782172024250308,0.5,False,False
1530.0,8,0,0,0,0.0,0.0,0.0,2.2866765200160444,1.4756191298365593,5.687151603400707,-3.259629011154175e-09,0.2267953995615244,0.5,False,False
1531.0,7,0,0,0,0.0,0.0,0.0,2.594540395374809,2.83230696991086,4.738449443131685,5.32184328351702e-10,0.5072134472429752,0.5714285714285714,False,False
1532.0,6,0,0,0,0.0,0.0,0.0,0.6807062979787588,0.6385521087795496,1.2185868695378304,1.8626451584828154e-09,-0.24888214096426958,0.6666666666666666,False,False
1533.0,7,0,0,0,0.0,0.0,0.0,1.2604818807116576,1.148433469235897,2.28239506483078,-5.32184328351702e-10,0.5388308838009834,0.5714285714285714,False,False
1534.0,7,0,0,0,0.0,0.0,0.0,1.9976449513009615,2.099477931857109,3.2349347695708275,1.0643687201447198e-09,0.5924309268593788,0.5714285714285714,False,False
1535.0,7,0,0,0,0.0,0.0,0.0,0.877908606082201,0.6974272429943085,1.7104039192199707,5.32184328351702e-10,0.0477712377905845,0.5714285714285714,False,False
1536.0,6,0,0,0,0.0,0.0,0.0,0.4264266521980365,0.3197163473814726,1.026349440217018,-6.208816794028849e-10,0.116149079054594,0.6666666666666666,False,False
1537.0,6,0,0,0,0.0,0.0,0.0,1.6284517621000607,1.4848161637783053,3.85788656771183,1.2417633588057697e-09,-0.37975287437438965,0.6666666666666666,False,False
1538.0,6,0,0,0,0.0,0.0,0.0,1.1435004994273186,1.0210546292364597,2.2590646892786026,-2.483526865641276e-09,0.08788972906768325,0.5,False,False
1539.0,7,0,0,0,0.0,0.0,0.0,0.947472594678402,0.7656765170395374,1.7864834740757942,-3.3703198961835107e-17,0.0442468263208866,0.5714285714285714,False,False
1540.0,7,0,0,0,0.0,0.0,0.0,1.3938944994338922,1.1003768555819988,2.736573483794928,-5.321842649103863e-10,-0.9177154824137688,0.5714285714285714,False,False
1541.0,7,0,0,0,0.0,0.0,0.0,2.5149425151092664,2.638284388929605,3.691799644380808,1.0643687201447198e-09,-0.1412325240671634,0.5714285714285714,False,False
1542.0,7,0,0,0,0.0,0.0,0.0,1.8131691164204053,2.260037552565336,3.053627859801054,-1.064368656703404e-09,-0.1078552938997745,0.5714285714285714,False,False
1543.0,6,0,0,0,0.0,0.0,0.0,0.9556565197805563,0.9877277705818415,1.7938579581677914,0.0,-0.1268577538430691,0.5,False,False
1544.0,6,0,0,0,0.0,0.0,0.0,2.0561600141227245,1.4777944814413786,4.503925338387489,-1.241763432820638e-09,-0.27440150640904903,0.5,False,False
1545.0,7,0,0,0,0.0,0.0,0.0,2.815429775310414,3.530256971716881,4.418151661753655,-5.321842014690706e-10,0.3675437793135643,0.5714285714285714,False,False
1546.0,7,0,0,0,0.0,0.0,0.0,2.198796690574714,1.5889229774475098,5.613114703446627,2.128737313406808e-09,-0.1101473420858383,0.5714285714285714,False,False
1547.0,8,0,0,0,0.0,0.0,0.0,2.3337207343429327,1.8892014436423779,6.295315656810999,-9.313225746154785e-10,-0.9610740598291159,0.625,False,False
1548.0,8,0,0,0,0.0,0.0,0.0,1.8492190553806722,1.9497232735157013,2.8334780260920525,2.3283064365386963e-09,0.04757046885788441,0.5,False,False
1549.0,8,0,0,0,0.0,0.0,0.0,1.5366214346140623,1.6624315865337849,2.8208122551441197,-2.793967612824133e-09,-0.2603265047073364,0.625,False,False
1550.0,8,0,0,0,0.0,0.0,0.0,2.264403898268938,1.9423237461596727,5.807976763695478,-9.313225746154785e-10,-1.1350302956998348,0.75,False,False
1551.0,8,0,0,0,0.0,0.0,0.0,2.4637037571519613,2.0165244322270155,5.9327394142746925,9.313225746154785e-10,-0.2604137882590294,0.5,False,False
1552.0,8,0,0,0,0.0,0.0,0.0,2.182409819215536,1.7609360348433256,4.935287326574326,0.0,0.2700699567794799,0.625,False,False
1553.0,8,0,0,0,0.0,0.0,0.0,2.3670986820943654,2.378946825861931,4.95080104470253,4.6566123179658803e-10,0.33523521944880497,0.5,False,False
1554.0,8,0,0,0,0.0,0.0,0.0,2.545591947622597,2.3783862069249153,5.556254796683788,0.0,-0.38996616192162037,0.5,False,False
1555.0,8,0,0,0,0.0,0.0,0.0,1.7709956555627286,1.729192906990647,3.260397147387266,4.6566123179658803e-10,0.36918101087212557,0.625,False,False
1556.0,8,0,0,0,0.0,0.0,0.0,2.617966143414378,2.8318969160318375,6.107689402997494,-3.725290298461914e-09,-0.7839684095233679,0.625,False,False
1557.0,7,0,0,0,0.0,0.0,0.0,1.3959463015198708,1.1142314970493317,3.219315364956856,-1.0643685932620883e-09,-0.1039415076375007,0.7142857142857143,False,False
1558.0,7,0,0,0,0.0,0.0,0.0,2.1847612261772156,1.9326479136943815,5.229489650577307,0.0,-0.2841315381228924,0.5714285714285714,False,False
1559.0,7,0,0,0,0.0,0.0,0.0,0.7429204418190888,0.9706193879246712,1.4802898354828358,1.596552985055106e-09,0.0713146924972534,0.5714285714285714,False,False
1560.0,8,0,0,0,0.0,0.0,0.0,1.601639290805906,1.8692748975008726,3.064939826726913,-3.259629011154175e-09,-0.005510393530130359,0.5,False,False
1561.0,7,0,0,0,0.0,0.0,0.0,1.5717561841011047,1.5229549556970596,2.422881830483675,2.128737313406808e-09,0.3291110619902611,0.5714285714285714,False,False
1562.0,7,0,0,0,0.0,0.0,0.0,3.2066748259322986,3.4493798911571503,4.785219822078943,-1.064368656703404e-09,1.8130705542862413,0.5714285714285714,False,False
1563.0,8,0,0,0,0.0,0.0,0.0,1.9445495465770364,1.7438258808106184,3.139966819435358,1.8626452047421083e-09,-0.9311493467539549,0.625,False,False
1564.0,7,0,0,0,0.0,0.0,0.0,1.1952727335904325,0.9912508726119996,2.826167803257704,-5.321843600723599e-10,0.1058276817202568,0.5714285714285714,False,False
1565.0,8,0,0,0,0.0,0.0,0.0,2.0370656144805253,2.0254109036177397,3.7978318966925135,-2.328306325516394e-09,0.3469641581177711,0.625,False,False
1566.0,8,0,0,0,0.0,0.0,0.0,1.5240745698101819,1.4051209781318903,3.5272819064557552,3.259629011154175e-09,0.29091935791075235,0.5,False,False
1567.0,8,0,0,0,0.0,0.0,0.0,2.3499844134785235,1.490258738398552,6.0075545981526375,-3.259629011154175e-09,-0.1849031411111355,0.5,False,False
1568.0,8,0,0,0,0.0,0.0,0.0,1.0326343411579728,1.1007562056183815,1.6394809633493423,-1.8626451769865326e-09,-0.4508683681488037,0.625,False,False
1569.0,8,0,0,0,0.0,0.0,0.0,1.104134188964963,0.7917284071445465,2.653051447123289,-5.551115123125783e-17,-0.34147742576897144,0.625,False,False
1570.0,7,0,0,0,0.0,0.0,0.0,1.6836797946265765,1.815954811871052,2.756901066750288,-2.128737313406808e-09,0.1934165023267269,0.5714285714285714,False,False
1571.0,8,0,0,0,0.0,0.0,0.0,1.9674769365228713,1.9292288478463888,3.2809439040720463,-4.656612873077393e-10,-0.785446722060442,0.625,False,False
1572.0,8,0,0,0,0.0,0.0,0.0,2.0367948873899877,1.5505793169140816,4.672641813755035,-2.3283064920498475e-09,0.34756071493029594,0.5,False,False
1573.0,8,0,0,0,0.0,0.0,0.0,1.8473445675335824,1.0529176592826843,4.275180459022522,2.3283065475609988e-09,0.5741130206733942,0.625,False,False
1574.0,7,0,0,0,0.0,0.0,0.0,1.1900146843067236,0.9917462058365344,2.97264888510108,2.6609215783171945e-09,-0.1201369613409042,0.5714285714285714,False,False
1575.0,7,0,0,0,0.0,0.0,0.0,2.5127435284001485,2.176161352545023,4.498195346444845,-1.0643685932620883e-09,1.3374141342937946,0.5714285714285714,False,False
1576.0,8,0,0,0,0.0,0.0,0.0,2.332806889899075,1.9011804442852736,5.9327867813408375,0.0,-0.07416159473359586,0.5,False,False
1577.0,8,0,0,0,0.0,0.0,0.0,0.8418669546954334,0.5757787078619003,1.759059865027666,2.3283064365386963e-09,-0.28556218370795244,0.625,False,False
1578.0,8,0,0,0,0.0,0.0,0.0,0.9698740965686738,1.0198753476142883,1.6903795190155506,4.656612873077393e-10,-0.28737752512097353,0.625,False,False
1579.0,8,0,0,0,0.0,0.0,0.0,2.1849256474524736,1.6783502288162708,4.628219522535801,-3.725290298461914e-09,0.25476599857211096,0.5,False,False
1580.0,8,0,0,0,0.0,0.0,0.0,1.2682674871757627,1.3070847317576408,1.9706254042685032,-9.313225746154785e-10,-0.20713527500629425,0.5,False,False
1581.0,8,0,0,0,0.0,0.0,0.0,4.0250059249810874,4.753679092973471,7.579262442886829,4.656612873077393e-10,0.7956950310617685,0.625,False,False
1582.0,8,0,0,0,0.0,0.0,0.0,2.1236304198391736,2.076782615855336,4.505401317030191,1.3969838619232178e-09,0.6648403573781252,0.5,False,False
1583.0,7,0,0,0,0.0,0.0,0.0,1.9010352188987392,1.7315613105893135,3.5656072050333023,1.596552985055106e-09,-0.3827214762568474,0.5714285714285714,False,False
1584.0,8,0,0,0,0.0,0.0,0.0,1.5503293038345873,1.1123887449502945,4.346347980201244,-1.3969838619232178e-09,0.0924504976719618,0.5,False,False
1585.0,8,0,0,0,0.0,0.0,0.0,1.2056400044821203,0.8536322973668575,3.3232565000653267,1.3969838619232178e-09,0.12798776291310784,0.625,False,False
1586.0,8,0,0,0,0.0,0.0,0.0,1.2576192943379283,1.6535001005977392,2.4160305820405483,-2.7939677238464355e-09,0.2217247374355793,0.625,False,False
1587.0,8,0,0,0,0.0,0.0,0.0,1.8845926015637815,1.5567097682505846,3.607165653258562,1.3969838619232178e-09,-0.4026435390114784,0.5,False,False
1588.0,8,0,0,0,0.0,0.0,0.0,0.879485035315156,0.6619499046355486,2.5523884668946266,-2.793967751602011e-09,0.2784885540604591,0.625,False,False
1589.0,8,0,0,0,0.0,0.0,0.0,2.354822783730924,2.726793598383665,3.874866239726544,9.313225746154785e-10,0.03357988782227039,0.5,False,False
1590.0,8,0,0,0,0.0,0.0,0.0,1.7658823332749307,1.204360660165548,4.933847218751907,-4.656613428188905e-10,-0.08739621564745904,0.5,False,False
1591.0,8,0,0,0,0.0,0.0,0.0,1.5208274354226887,1.0950768776237965,3.971924226731062,-4.656612873077393e-10,0.00051211379468435,0.625,False,False
1592.0,8,0,0,0,0.0,0.0,0.0,2.576516020577401,2.452338421717286,5.354234740138054,3.259629011154175e-09,0.32362087070941925,0.5,False,False
1593.0,6,0,0,0,0.0,0.0,0.0,2.6115869687249265,2.648662008345127,5.196307957172394,-1.862645149230957e-09,-0.07817745208740234,0.5,False,False
1594.0,8,0,0,0,0.0,0.0,0.0,2.9062427734024823,3.101576179265976,5.661261450499296,-4.656612873077393e-10,0.36256194487214094,0.5,False,False
1595.0,7,0,0,0,0.0,0.0,0.0,1.47754095228655,1.6284171529114246,2.510260157287121,1.596553016775764e-09,0.2519908212125301,0.5714285714285714,False,False
1596.0,7,0,0,0,0.0,0.0,0.0,1.7829174000237669,2.1250718869268894,2.784307163208723,5.32184328351702e-10,-0.3787881731986999,0.5714285714285714,False,False
1597.0,8,0,0,0,0.0,0.0,0.0,1.6757748178206384,1.5392150040715933,4.056517090648413,-4.656612873077393e-10,-0.5222001858055592,0.5,False,False
1598.0,7,0,0,0,0.0,0.0,0.0,1.6532068901828356,1.6315994188189509,3.519137550145388,-1.0643687518653776e-09,0.953944742679596,0.7142857142857143,False,False
1599.0,8,0,0,0,0.0,0.0,0.0,4.019899901933968,3.4898306019604206,6.90720472484827,9.313225746154785e-10,-0.060654183849692345,0.5,False,False
1600.0,7,0,0,0,0.0,0.0,0.0,1.4991576155381543,1.595121204853058,3.10049295052886,2.66092164175851e-09,-0.6146185621619225,0.5714285714285714,False,False
1601.0,8,0,0,0,0.0,0.0,0.0,3.4261114890687168,2.518906055018306,8.259916130453348,-1.3969838619232178e-09,-0.34419642947614193,0.5,False,False
1602.0,7,0,0,0,0.0,0.0,0.0,2.3536582025034085,1.8240526728332045,5.628823909908533,1.0643686844589796e-09,0.7732511982321739,0.7142857142857143,False,False
1603.0,8,0,0,1,0.0,0.0,0.125,5.852511279284954,5.64337114803493,16.560997903347015,-2.7939677238464355e-09,-2.979975800961256,0.625,False,False
1604.0,8,0,0,0,0.0,0.0,0.0,4.057479405775666,3.8596479017287493,9.335335735231638,1.862645149230957e-09,-1.4024839475750923,0.625,False,False
1605.0,8,0,0,0,0.0,0.0,0.0,2.2615729281678796,1.8291837275028229,4.091576207429171,2.7939677238464355e-09,-0.3223559819161892,0.5,False,False
1606.0,8,0,0,0,0.0,0.0,0.0,1.4802657668478787,1.0663042813539505,4.0576518550515175,-2.3283064365386963e-09,0.21598630584776402,0.5,False,False
1607.0,8,0,0,0,0.0,0.0,0.0,1.1695573274046183,1.015998799353838,3.429360080510378,-3.725290298461914e-09,0.16574971936643124,0.5,False,False
1608.0,8,0,0,0,0.0,0.0,0.0,2.6682458729483187,2.661197815090418,7.171299733221531,3.259629011154175e-09,-1.0071116741746664,0.625,False,False
1609.0,8,0,0,0,0.0,0.0,0.0,1.2782082380726933,1.2768862135708332,2.4958885312080383,2.7939677238464355e-09,-0.07785971648991111,0.5,False,False
1610.0,8,0,0,0,0.0,0.0,0.0,2.228356712963432,1.5501869786530733,4.796053424477577,-2.3283064365386963e-09,-0.10824259743094439,0.5,False,False
1611.0,7,0,0,0,0.0,0.0,0.0,1.297945556363889,0.6533373519778252,3.208413414657116,-1.596552985055106e-09,-0.2588739283382892,0.5714285714285714,False,False
1612.0,8,0,0,0,0.0,0.0,0.0,3.001509721390903,3.1853573154658084,4.68729867041111,9.313225746154785e-10,-0.04200935550034052,0.5,False,False
1613.0,8,0,0,0,0.0,0.0,0.0,2.626161061692983,2.5903091430664062,5.300696175545454,1.396983917434369e-09,-0.3100319746881723,0.625,False,False
1614.0,8,0,0,0,0.0,0.0,0.0,2.5369198163971305,2.6021220479160547,3.17188598588109,-9.313225746154785e-10,-0.17322891019284747,0.5,False,False
1615.0,8,0,0,0,0.0,0.0,0.0,1.339306396432221,0.9469730425626041,3.203191999346018,-2.79396769609086e-09,-0.06499848142266276,0.5,False,False
1616.0,8,0,0,0,0.0,0.0,0.0,1.9623209941200912,1.789782019332051,4.562346510589123,1.3969838064120665e-09,0.564993491396308,0.625,False,False
1617.0,8,0,0,0,0.0,0.0,0.0,0.7561116358265281,0.8385258261114359,1.3791746087372303,1.862645149230957e-09,-0.06916244514286515,0.5,False,False
1618.0,8,0,0,0,0.0,0.0,0.0,2.089907073415816,1.9630011543631554,5.330184526741505,0.0,0.09244696423411364,0.625,False,False
1619.0,8,0,0,0,0.0,0.0,0.0,1.673254216555506,1.3726960644125938,4.678518619388342,-3.259629011154175e-09,-1.1677245125174522,0.75,False,False
1620.0,8,0,0,0,0.0,0.0,0.0,2.7939500375650823,2.868222324177623,7.22161677852273,4.190951585769653e-09,-1.0144366715103388,0.75,False,False
1621.0,7,0,0,0,0.0,0.0,0.0,1.3538478421313422,1.3811960592865944,2.550028081983328,-5.32184328351702e-09,-0.2765513882040977,0.5714285714285714,False,False
1622.0,7,0,0,0,0.0,0.0,0.0,0.5872165209480694,0.5639699138700962,1.4877806641161442,-1.064368656703404e-09,0.2188991568982601,0.5714285714285714,False,False
1623.0,8,0,0,0,0.0,0.0,0.0,2.9927136274054646,3.433094132691622,5.084745746105909,1.1102230246251565e-16,-0.8079219497740269,0.625,False,False
1624.0,8,0,0,0,0.0,0.0,0.0,2.5171115319244564,2.0781737118959427,5.918754860758781,-4.656612873077393e-10,0.4742427263408899,0.5,False,False
1625.0,8,0,0,0,0.0,0.0,0.0,2.875604866538197,3.1099900789558887,5.978276155889034,-1.3969838619232178e-09,-0.6608971431851387,0.625,False,False
1626.0,8,0,0,0,0.0,0.0,0.0,2.293021224439144,2.753550672903657,3.483311709016561,9.313225746154785e-10,0.1203885842114687,0.5,False,False
1627.0,8,0,0,0,0.0,0.0,0.0,1.7452088808640838,1.7113502509891987,4.5999207347631454,0.0,-0.12015862204134466,0.5,False,False
1628.0,7,0,0,0,0.0,0.0,0.0,1.794429149478674,1.555071197450161,4.320853628218174,-5.32184328351702e-10,0.964906707406044,0.7142857142857143,False,False
1629.0,7,0,0,0,0.0,0.0,0.0,1.7902346604636736,1.8369195535779,3.8124906606972218,-3.1931059383895543e-09,1.0542692877352238,0.7142857142857143,False,False
1630.0,8,0,0,0,0.0,0.0,0.0,3.5691545656882226,2.7691179551184177,8.948882143944502,4.656613983300417e-10,1.7419483065605161,0.625,False,False
1631.0,7,0,0,0,0.0,0.0,0.0,0.8295879938772747,1.019097875803709,1.5958493165671823,-1.0643686170525817e-09,0.0848948322236538,0.5714285714285714,False,False
1632.0,7,0,0,0,0.0,0.0,0.0,2.7959535473159383,2.796790663152933,4.783251006156206,-1.064368656703404e-09,0.0702945850789547,0.5714285714285714,False,False
1633.0,7,0,0,0,0.0,0.0,0.0,1.1134845156754767,1.2238146550953388,2.510400753468275,-3.172065784643304e-17,0.1493094488978386,0.7142857142857143,False,False
1634.0,7,0,0,0,0.0,0.0,0.0,2.5414056181907654,3.232903376221657,4.505925688892603,0.0,-0.0965699329972267,0.5714285714285714,False,False
1635.0,8,0,0,0,0.0,0.0,0.0,2.295608616899699,2.2910307124257088,3.862366259098053,-4.656612873077393e-10,-0.43342877365648746,0.5,False,False
1636.0,8,0,0,0,0.0,0.0,0.0,2.423432988114655,2.009968999773264,6.176398552954197,-9.313225746154785e-10,0.5230297055095434,0.625,False,False
1637.0,8,0,0,0,0.0,0.0,0.0,1.2984913531690836,1.0717295501381159,2.4449261128902435,9.313225746154785e-10,-0.30523678101599216,0.625,False,False
1638.0,8,0,0,0,0.0,0.0,0.0,1.8720291531644762,1.6832874175161123,4.001807492226362,-2.3283064365386963e-09,0.5038629062473774,0.625,False,False
1639.0,8,0,0,0,0.0,0.0,0.0,1.69578024931252,1.6447306331247091,3.3683171682059765,-1.862645149230957e-09,0.6937315929681063,0.625,False,False
1640.0,8,0,0,0,0.0,0.0,0.0,1.684167951811105,1.641700504347682,2.602537963539362,1.3969838619232178e-09,0.7238238472491503,0.625,False,False
1641.0,8,0,0,0,0.0,0.0,0.0,1.4662702004425228,1.1028465293347836,3.9155945032835007,-4.6566123179658803e-10,-0.0747369807213545,0.5,False,False
1642.0,8,0,0,0,0.0,0.0,0.0,1.560490374919027,1.138247761875391,3.5385314151644707,-1.3969838619232178e-09,0.022120090201497078,0.5,False,False
1643.0,8,0,0,0,0.0,0.0,0.0,2.575807328335941,2.4924295637756586,4.376347437500954,-9.313225746154785e-10,0.41739335283637047,0.5,False,False
1644.0,8,0,0,0,0.0,0.0,0.0,0.858332677744329,0.8553107380867004,1.8182187527418137,-2.7939677238464355e-09,0.22203948162496084,0.625,False,False
1645.0,8,0,0,0,0.0,0.0,0.0,1.6874625445343554,1.8016866687685251,3.614339929074049,-2.3283064365386963e-09,0.3443870563060045,0.5,False,False
1646.0,8,0,0,0,0.0,0.0,0.0,1.4571952456608415,1.4711724389344454,3.076824400573969,0.0,0.33994341269135475,0.625,False,False
1647.0,8,0,0,0,0.0,0.0,0.0,5.158537518233061,4.4515068251639605,12.375861875712872,-9.313225746154785e-10,1.8694994561374187,0.625,False,False
1648.0,8,0,0,1,0.0,0.0,0.125,4.2307664467953146,3.292184678837657,10.555862847715616,-4.656612873077393e-10,-0.44763135723769654,0.5,False,False
1649.0,7,0,0,0,0.0,0.0,0.0,2.847051269241742,3.18774826079607,4.78119507804513,2.128737313406808e-09,0.3790951408445835,0.5714285714285714,False,False
1650.0,7,0,0,0,0.0,0.0,0.0,2.5085507663232938,2.157083574682474,6.340913906693459,0.0,-0.5388914756476879,0.7142857142857143,False,False
1651.0,7,0,0,0,0.0,0.0,0.0,3.2444485378052508,4.006047148257494,6.5384523048996925,2.66092164175851e-09,-0.3028135485947132,0.5714285714285714,False,False
1652.0,7,0,0,1,0.0,0.0,0.14285714285714285,5.85291608103684,5.728528209030628,13.091200288385153,-1.2688263138573217e-16,-2.8515240848064423,0.5714285714285714,False,False
1653.0,6,0,0,0,0.0,0.0,0.0,2.816843131557107,2.9849114902317524,5.503361612558365,3.104408582051595e-09,0.5308086331933737,0.6666666666666666,False,False
1654.0,7,0,0,0,0.0,0.0,0.0,3.6738106752080575,2.601361732929945,8.671842109411955,-1.596552985055106e-09,1.9472410157322884,0.7142857142857143,False,False
1655.0,7,0,0,0,0.0,0.0,0.0,2.0923003405332565,2.648946188390255,3.831842456012964,-3.193105974942656e-09,0.007355622947216,0.5714285714285714,False,False
1656.0,7,0,0,0,0.0,0.0,0.0,1.0053702598171574,0.8506269380450249,2.2802073433995247,-5.321843362818665e-10,0.0733820311725139,0.5714285714285714,False,False
1657.0,7,0,0,0,0.0,0.0,0.0,1.7775350564292498,1.5927393846213818,3.8510151021182537,-1.064368656703404e-09,0.3163878470659256,0.5714285714285714,False,False
1658.0,8,0,0,0,0.0,0.0,0.0,1.7582212234847248,1.8117274437099695,3.2001733891665936,1.3969838619232178e-09,0.3177333381026982,0.5,False,False
1659.0,8,0,0,0,0.0,0.0,0.0,2.2653729557059705,2.4308141991496086,3.772289481014013,4.656612873077393e-10,0.3958997968584299,0.625,False,False
1660.0,8,0,0,0,0.0,0.0,0.0,1.3593744961544871,1.14953644387424,2.737534388899803,9.313225746154785e-10,0.40348390117287636,0.625,False,False
1661.0,8,0,0,0,0.0,0.0,0.0,1.904333809390664,1.75164944678545,4.474929865449667,-1.862645149230957e-09,0.47684742510318756,0.5,False,False
1662.0,8,0,0,0,0.0,0.0,0.0,1.640342510305345,1.1619475819170475,3.82096441462636,9.313226023710541e-10,0.5081323739141226,0.625,False,False
1663.0,8,0,0,0,0.0,0.0,0.0,1.5878751892596483,1.5924517288804054,3.13622484728694,3.725290298461914e-09,-0.3414964880794287,0.625,False,False
1664.0,8,0,0,0,0.0,0.0,0.0,1.4288886622525752,1.1615874879062176,3.7279083020985126,-1.3969838619232178e-09,0.5422557909041643,0.625,False,False
1665.0,8,0,0,0,0.0,0.0,0.0,1.4973103371448815,1.6077024638652802,2.4400262013077736,4.656612873077393e-10,-0.22790602780878544,0.5,False,False
1666.0,8,0,0,0,0.0,0.0,0.0,1.180588738527149,1.1245308797806501,1.927151519805193,1.3969838619232178e-09,-0.22296639904379845,0.5,False,False
1667.0,8,0,0,0,0.0,0.0,0.0,1.5242848386988044,1.8426359333097935,2.3829561434686184,-9.313225191043273e-10,0.021663418039679555,0.5,False,False
1668.0,8,0,0,0,0.0,0.0,0.0,1.5813889424316585,1.9145094566047194,2.49653684347868,-3.2596289001318723e-09,-0.6218241807073355,0.625,False,False
1669.0,8,0,0,0,0.0,0.0,0.0,1.1492680204100907,1.2057135067880154,2.5106614120304585,1.3969838619232178e-09,-0.06253526173532009,0.5,False,False
1670.0,8,0,0,0,0.0,0.0,0.0,1.4630446787923574,0.9655642285943031,3.692919686436653,9.313225191043273e-10,0.1504801567643881,0.5,False,False
1671.0,8,0,0,0,0.0,0.0,0.0,1.8551795603707433,1.571157306432724,4.5963421650230885,2.7939677238464355e-09,-0.22009583562612528,0.625,False,False
1672.0,8,0,0,0,0.0,0.0,0.0,1.4167707124724984,1.4324692115187645,2.9320780485868454,9.313225746154785e-10,0.4637626614421606,0.5,False,False
1673.0,8,0,0,0,0.0,0.0,0.0,3.38986430875957,2.946927873417735,5.028422303497791,0.0,0.5322793461382389,0.5,False,False
1674.0,8,0,0,0,0.0,0.0,0.0,0.9453948810696602,0.9548814799636602,1.7014908455312252,-9.313225746154785e-10,-0.008900150656700148,0.5,False,False
1675.0,8,0,0,0,0.0,0.0,0.0,2.4488814561627805,1.632597191259265,5.501800172030926,4.656612873077393e-10,0.6935922764241695,0.625,False,False
1676.0,8,0,0,0,0.0,0.0,0.0,0.6971319559961557,0.6820729207247496,1.4323158413171768,9.313225746154785e-10,0.15265454724431038,0.5,False,False
1677.0,8,0,0,0,0.0,0.0,0.0,1.9187200418673456,1.669555714353919,4.289988588541746,1.3969838619232178e-09,-0.4979945942759514,0.625,False,False
1678.0,8,0,0,0,0.0,0.0,0.0,1.4457866265438497,1.8593336734920742,2.55494799092412,-1.396983917434369e-09,0.26389728114008904,0.625,False,False
1679.0,8,0,0,0,0.0,0.0,0.0,1.056619634386152,0.9691232312470675,1.9001735374331477,2.3283064365386963e-09,-0.12784805707633495,0.5,False,False
1680.0,8,0,0,0,0.0,0.0,0.0,2.0776035329326987,1.468216061592102,4.829241909086704,-2.7939677238464355e-09,0.48247416876256477,0.5,False,False
1681.0,8,0,0,0,0.0,0.0,0.0,2.0249747447669506,1.8629731684923174,4.954327501356602,0.0,0.6461217403411865,0.5,False,False
1682.0,8,0,0,0,0.0,0.0,0.0,2.0352074401453137,2.376592082902789,3.683411419391632,1.862645149230957e-09,0.2904593273997307,0.625,False,False
1683.0,8,0,0,0,0.0,0.0,0.0,1.3053577113896608,1.3889821022748947,1.849651005119085,-1.862645149230957e-09,0.1299944557249546,0.5,False,False
1684.0,8,0,0,0,0.0,0.0,0.0,2.571337084285915,1.8336166664958,6.349144574254751,1.862645149230957e-09,0.4152999836951494,0.5,False,False
1685.0,8,0,0,0,0.0,0.0,0.0,1.9577043973840773,1.334917102009058,5.083653256297112,-4.656613983300417e-10,0.4703614301979541,0.75,False,False
1686.0,8,0,0,0,0.0,0.0,0.0,2.03970990749076,1.6952589340507984,4.945194534957409,-4.6566125955216364e-10,-0.3351374678313732,0.625,False,False
1687.0,8,0,0,0,0.0,0.0,0.0,1.5521400710567832,1.6005005165934563,2.955241948366165,1.862645149230957e-09,-0.13067799620330334,0.5,False,False
1688.0,8,0,0,0,0.0,0.0,0.0,1.6333401179872453,1.0101792346686125,4.137919399887323,-4.6566123179658803e-10,-0.36602588929235935,0.625,False,False
1689.0,8,0,0,0,0.0,0.0,0.0,2.7625508406199515,2.3081290051341057,5.251883070915937,4.6566123179658803e-10,-1.2707454767078161,0.625,False,False
1690.0,7,0,0,0,0.0,0.0,0.0,1.411854866359915,1.2621606178581717,3.0478647872805595,3.172065784643304e-17,-0.1844384185969829,0.5714285714285714,False,False
1691.0,7,0,0,0,0.0,0.0,0.0,2.6760971461023604,2.742453057318926,5.128294765949249,-1.064368656703404e-09,1.326997634023428,0.5714285714285714,False,False
1692.0,7,0,0,0,0.0,0.0,0.0,1.2266743369400501,1.513840027153492,1.8871033005416396,1.596553016775764e-09,-0.1152314282953739,0.5714285714285714,False,False
1693.0,8,0,0,0,0.0,0.0,0.0,2.0416217888705432,2.0000803358852863,4.0904817171394825,-4.6566123179658803e-10,0.049243059009313556,0.5,False,False
1694.0,7,0,0,0,0.0,0.0,0.0,0.5477429596441132,0.6061996445059776,0.797684796154499,-2.1287373213369723e-09,0.2695774175226688,0.5714285714285714,False,False
1695.0,8,0,0,0,0.0,0.0,0.0,2.2948127444833517,2.196999553591013,5.7229332365095615,-9.313225746154785e-10,-0.3457783069461584,0.625,False,False
1696.0,7,0,0,0,0.0,0.0,0.0,1.6366708523460798,2.1791546046733856,2.7313004098832607,-2.128737313406808e-09,0.2012454532086849,0.5714285714285714,False,False
1697.0,7,0,0,0,0.0,0.0,0.0,1.447616461132254,1.6573189124464989,3.195021290332079,-1.064368656703404e-09,0.3111640736460686,0.5714285714285714,False,False
1698.0,7,0,0,0,0.0,0.0,0.0,1.521324070436614,1.735901139676571,2.379640430212021,1.064368656703404e-09,0.5155249461531639,0.5714285714285714,False,False
1699.0,8,0,0,0,0.0,0.0,0.0,3.0589602352119982,2.7919551748782396,5.438387360423803,-4.656612873077393e-10,-1.7237021289765837,0.625,False,False
1700.0,8,0,0,0,0.0,0.0,0.0,0.882111837156117,0.7051258254796267,1.8453625068068504,-1.8626451769865326e-09,0.04688301868736745,0.5,False,False
1701.0,8,0,0,0,0.0,0.0,0.0,3.163145279046148,3.822039572522044,5.7180205546319485,-1.3969837509009153e-09,-0.6492394432425499,0.625,False,False
1702.0,7,0,0,0,0.0,0.0,0.0,0.8365168204264981,0.8709362000226974,2.0042593479156494,1.596552985055106e-09,-0.0287850052118301,0.5714285714285714,False,False
1703.0,8,0,0,1,0.0,0.0,0.125,5.677336720749736,5.7740491926670074,13.991504587233068,1.862645149230957e-09,-1.8051568008959293,0.75,False,False
1704.0,7,0,0,0,0.0,0.0,0.0,1.7389912227434772,1.5410801954567432,3.964040655642748,-2.66092164175851e-09,-1.1245439015328884,0.7142857142857143,False,False
1705.0,8,0,0,0,0.0,0.0,0.0,1.9835876375436783,2.037442097440362,4.351646468043327,1.862645149230957e-09,-0.6307018641382456,0.625,False,False
1706.0,8,0,0,0,0.0,0.0,0.0,2.999210745561868,2.632201850414276,7.697499040514231,-1.3969838619232178e-09,-1.1440294831991196,0.625,False,False
1707.0,8,0,0,0,0.0,0.0,0.0,1.9168703584000468,1.6712988801300526,4.324883673340082,0.0,-0.4871744140982628,0.625,False,False
1708.0,8,0,0,0,0.0,0.0,0.0,1.2574415276758373,1.0079841651022434,2.932161308825016,-4.656612873077393e-10,0.3508467245846987,0.625,False,False
1709.0,8,0,0,0,0.0,0.0,0.0,3.262686819303781,3.0514289513230324,5.652945917099714,2.3283064365386963e-09,-0.13288412429392338,0.5,False,False
1710.0,7,0,0,0,0.0,0.0,0.0,4.488348138119493,3.950492713600397,10.750899132341146,-2.128737313406808e-09,-1.6834323927760124,0.7142857142857143,False,False
1711.0,7,0,0,1,0.0,0.0,0.14285714285714285,4.428121391151633,3.604253400117159,11.77789457142353,-2.128737313406808e-09,0.9137775339186192,0.7142857142857143,False,False
1712.0,7,0,0,0,0.0,0.0,0.0,1.2975375929049082,1.334889933466911,2.16507363691926,1.0643686170525817e-09,0.4496425241231918,0.5714285714285714,False,False
1713.0,7,0,0,0,0.0,0.0,0.0,1.4967710609946931,1.7544225305318832,2.8649559132754803,-1.064368656703404e-09,-0.1449536345899105,0.5714285714285714,False,False
1714.0,8,0,0,0,0.0,0.0,0.0,2.0657846946269274,1.7966006714850664,4.545742020010948,1.862645149230957e-09,0.6627005115151405,0.5,False,False
1715.0,8,0,0,0,0.0,0.0,0.0,3.281986913178116,3.4309523422271013,6.263048510998488,-4.656613983300417e-10,0.6420618519186974,0.5,False,False
1716.0,7,0,0,0,0.0,0.0,0.0,2.1449004486203194,1.8035807982087133,4.0011501759290695,-1.064368656703404e-09,-1.1299051493406296,0.5714285714285714,False,False
1717.0,7,0,0,1,0.0,0.0,0.14285714285714285,6.3147610282259325,5.243841305375099,15.33425560221076,-1.596552985055106e-09,-3.749385621398688,0.7142857142857143,False,False
1718.0,7,0,0,0,0.0,0.0,0.0,1.5705525444022246,1.9771345369517803,2.839969675987959,5.32184328351702e-10,0.0640387721359729,0.5714285714285714,False,False
1719.0,8,0,0,0,0.0,0.0,0.0,1.310822291765362,0.9547616317868233,2.8582227490842342,4.656612873077393e-10,-0.23777157627046105,0.625,False,False
1720.0,8,0,0,0,0.0,0.0,0.0,2.570551314856857,2.2316443528980017,6.664439223706722,-4.656612873077393e-10,-1.4331388901919127,0.625,False,False
1721.0,7,0,0,0,0.0,0.0,0.0,2.1345426328480244,2.3801643811166286,3.221242856234312,1.5965529929852705e-09,-0.4373962394893169,0.5714285714285714,False,False
1722.0,7,0,0,0,0.0,0.0,0.0,2.4300061416413103,2.6576696261763573,5.0696882754564285,-5.32184328351702e-10,0.178436741232872,0.5714285714285714,False,False
1723.0,7,0,0,0,0.0,0.0,0.0,0.8397748007306031,0.9284402653574944,1.4317433163523674,-2.66092164175851e-09,0.1201880797743797,0.5714285714285714,False,False
1724.0,7,0,0,0,0.0,0.0,0.0,2.3701536958771094,2.6816925667226315,3.447572335600853,-1.5965528581724747e-09,1.0159171223640442,0.5714285714285714,False,False
1725.0,7,0,0,0,0.0,0.0,0.0,1.2467433586716652,1.4449984915554523,1.7957789413630962,-1.064368656703404e-09,0.0684732347726821,0.5714285714285714,False,False
1726.0,7,0,0,0,0.0,0.0,0.0,1.7563661145312446,2.1708633191883564,3.1943767368793488,2.128737313406808e-09,-0.0603492446243763,0.5714285714285714,False,False
1727.0,7,0,0,0,0.0,0.0,0.0,1.071330444089004,0.9414507746696472,2.351040441542864,-2.1287372816861503e-09,0.4017657116055488,0.5714285714285714,False,False
1728.0,7,0,0,0,0.0,0.0,0.0,0.4994438774883747,0.458286814391613,0.9934407360851764,1.596553016775764e-09,0.2479814328253269,0.5714285714285714,False,False
1729.0,8,0,0,0,0.0,0.0,0.0,1.4720659386366606,1.4667649939656258,2.3491860814392567,-9.313225746154785e-10,0.12410319223999977,0.5,False,False
1730.0,8,0,0,0,0.0,0.0,0.0,2.8692279239185154,3.2348445020616055,4.549687381833792,-4.656612873077393e-10,0.08035227283835411,0.5,False,False
1731.0,6,0,0,0,0.0,0.0,0.0,0.8981549025823673,0.6611214838922024,2.054739706218242,6.208816423954507e-10,-0.22654614225029948,0.5,False,False
1732.0,7,0,0,0,0.0,0.0,0.0,2.279104176376547,2.687023472040892,3.7507558837533,6.344131569286608e-17,0.0386506058275699,0.5714285714285714,False,False
1733.0,7,0,0,0,0.0,0.0,0.0,0.6720797105559281,0.6614475958049297,1.0996353924274445,-5.321843273604315e-10,-0.0347834825515747,0.5714285714285714,False,False
1734.0,6,0,0,0,0.0,0.0,0.0,0.4580314165602128,0.49986565113067627,0.7457915507256985,-3.104408600555312e-09,0.1561086550354957,0.6666666666666666,False,False
1735.0,7,0,0,0,0.0,0.0,0.0,1.5356655881873198,1.7435633465647695,3.038301717489958,-5.321843600723599e-10,0.5443058535456657,0.5714285714285714,False,False
1736.0,6,0,0,0,0.0,0.0,0.0,1.9454908035695553,1.529509138315916,4.547159112989903,1.4802973661668753e-16,-0.6299037616699934,0.6666666666666666,False,False
1737.0,7,0,0,0,0.0,0.0,0.0,2.268136987728732,2.3523141369223595,3.2431327290833,-2.1287373768481236e-09,0.476264514029026,0.5714285714285714,False,False
1738.0,7,0,0,0,0.0,0.0,0.0,1.7521746626922063,2.031053479760885,3.6725421994924554,-1.0643685298207727e-09,-0.3085401207208633,0.5714285714285714,False,False
1739.0,7,0,0,0,0.0,0.0,0.0,1.0405941802476133,0.7914864979684353,2.526182767003774,5.321842649103863e-10,-0.1160982586443424,0.5714285714285714,False,False
1740.0,7,0,0,0,0.0,0.0,0.0,1.3658649905451707,1.5620602741837502,2.1206558495759964,-5.32184328351702e-10,0.7341056577861309,0.5714285714285714,False,False
1741.0,7,0,0,0,0.0,0.0,0.0,1.2203067828501974,0.8849620074033737,2.962570983916521,1.064368656703404e-09,-0.8054401203989983,0.7142857142857143,False,False
1742.0,8,0,0,0,0.0,0.0,0.0,2.8891533352434635,2.517256360501051,5.61868317425251,2.7939677238464355e-09,0.9576365575194359,0.625,False,False
1743.0,7,0,0,0,0.0,0.0,0.0,0.27982064921941074,0.2467578426003456,0.6164468191564083,-3.725290266741256e-09,-0.0183527320623397,0.5714285714285714,False,False
1744.0,7,0,0,0,0.0,0.0,0.0,2.6932428143918514,2.4289607293903828,5.94690066576004,-5.32184328351702e-10,-0.8361553475260735,0.5714285714285714,False,False
1745.0,7,0,0,0,0.0,0.0,0.0,1.2254904136061668,1.5247405134141443,1.905659306794405,3.172065784643304e-17,-0.1095828264951706,0.5714285714285714,False,False
1746.0,7,0,0,0,0.0,0.0,0.0,1.2447135235582079,1.5074597336351871,2.1830925196409225,-3.1931059066688962e-09,-0.4581917747855186,0.5714285714285714,False,False
1747.0,7,0,0,0,0.0,0.0,0.0,2.307315381509917,1.8154120668768885,5.352057583630085,1.064368656703404e-09,-1.3186306953430176,0.7142857142857143,False,False
1748.0,8,0,0,0,0.0,0.0,0.0,1.3289474016055465,1.4080665912479162,2.462734367698431,-3.725290298461914e-09,0.45599717274308205,0.625,False,False
1749.0,8,0,0,0,0.0,0.0,0.0,1.3304378688335419,1.371386095881462,2.683951787650585,-1.862645149230957e-09,-0.21530855074524882,0.5,False,False
1750.0,8,0,0,0,0.0,0.0,0.0,2.1744526443071663,1.9918099604547024,5.883085008710623,4.190951585769653e-09,0.6600526049733162,0.75,False,False
1751.0,7,0,0,0,0.0,0.0,0.0,2.1132996614490236,1.6606033332645893,4.889054857194424,-1.064368656703404e-09,-1.0548767782747746,0.7142857142857143,False,False
1752.0,7,0,0,0,0.0,0.0,0.0,1.9139715896121092,1.034847367554903,4.151039052754641,5.32184328351702e-10,0.5232843309640884,0.5714285714285714,False,False
1753.0,7,0,0,0,0.0,0.0,0.0,1.771012248205287,1.7241854667663574,3.1520778462290764,-5.321843382644076e-10,0.0786831192672252,0.5714285714285714,False,False
1754.0,8,0,0,0,0.0,0.0,0.0,1.5193908531218767,1.6838628780096767,3.755068749189377,-9.313225746154785e-10,-0.42942299880087376,0.625,False,False
1755.0,8,0,0,0,0.0,0.0,0.0,2.2738565239124,1.4629959892481565,6.4670900367200375,-4.656612873077393e-10,-0.004395985975861549,0.5,False,False
1756.0,7,0,0,0,0.0,0.0,0.0,0.9927415624260902,1.0743830762803557,1.4269660599529743,-1.0643686249827461e-09,0.413281936198473,0.5714285714285714,False,False
1757.0,8,0,0,0,0.0,0.0,0.0,2.372548809275031,1.815601460635662,6.275003883987665,9.313226301266297e-10,0.8020510915666819,0.625,False,False
1758.0,8,0,0,0,0.0,0.0,0.0,3.8019890445284545,2.9106161259114742,9.449979547411203,3.259629011154175e-09,0.2578774113208055,0.625,False,False
1759.0,8,0,0,0,0.0,0.0,0.0,2.3878927468322217,1.8681312184780836,5.4206883162260056,-1.3969838619232178e-09,0.2961568422615528,0.625,False,False
1760.0,8,0,0,0,0.0,0.0,0.0,1.3614124609157443,0.8849873431026936,3.6712200716137886,-9.313225746154785e-10,0.2828544601798058,0.5,False,False
1761.0,8,0,0,0,0.0,0.0,0.0,1.181972371879965,1.1674405205994844,2.5099526569247246,-4.6566125955216364e-10,0.306920900940895,0.625,False,False
1762.0,8,0,0,0,0.0,0.0,0.0,2.881196773145348,3.1760923825204372,5.612467896193266,-4.656612873077393e-10,-0.3390551060438156,0.625,False,False
1763.0,8,0,0,0,0.0,0.0,0.0,3.6342048454098403,3.7433204166591167,6.931963015347719,-3.259629011154175e-09,0.5839372631162405,0.625,False,False
1764.0,8,0,0,0,0.0,0.0,0.0,3.4242573715746403,3.3575380705296993,9.090482160449028,-9.313225191043273e-10,0.0631810687482357,0.5,False,False
1765.0,8,0,0,0,0.0,0.0,0.0,1.7899507824331522,1.5967601295560598,3.789136882871389,9.31322685637781e-10,0.7311375197023153,0.75,False,False
1766.0,8,0,0,0,0.0,0.0,0.0,2.381153355818242,1.5721166897565126,5.982480052858591,-4.656612873077393e-10,0.20216601900756356,0.625,False,False
1767.0,7,0,0,0,0.0,0.0,0.0,1.523624396217721,1.8211425878107548,2.330713588744402,-5.32184328351702e-10,0.2733792066574096,0.5714285714285714,False,False
1768.0,8,0,0,0,0.0,0.0,0.0,0.8993220189586282,0.8810865692794323,1.648231916129589,-9.313225815543724e-10,-0.08498270995914936,0.5,False,False
1769.0,8,0,0,0,0.0,0.0,0.0,1.5571904703974724,1.6588002014905214,2.9111614897847176,-2.7939677238464355e-09,0.1727845557034015,0.625,False,False
1770.0,8,0,0,0,0.0,0.0,0.0,3.006885254289955,2.691049177199602,6.379800993949175,-1.3969838619232178e-09,0.3546427097171545,0.5,False,False
1771.0,7,0,0,0,0.0,0.0,0.0,2.420276272509779,2.242532256990671,5.985998950898647,2.128737313406808e-09,-1.1131476275622845,0.7142857142857143,False,False
1772.0,7,0,0,0,0.0,0.0,0.0,0.41454108751245905,0.3962751999497413,0.7101261205971241,-5.321843362818665e-10,-0.157877467572689,0.5714285714285714,False,False
1773.0,8,0,0,0,0.0,0.0,0.0,2.995197425596416,2.385392790660262,6.588075153529644,-1.862645149230957e-09,0.3663859311491252,0.5,False,False
1774.0,8,0,0,0,0.0,0.0,0.0,1.0897982688620687,1.0899818316102028,2.681599471718073,0.0,-0.3421162851154805,0.5,False,False
1775.0,8,0,0,0,0.0,0.0,0.0,1.8677888996899128,1.7042341958731413,3.968415278941393,0.0,0.09753732383251194,0.5,False,False
1776.0,7,0,0,0,0.0,0.0,0.0,2.9746403688830987,3.721486568450928,4.29935409873724,-1.5965530484964218e-09,-0.3697004355490207,0.5714285714285714,False,False
1777.0,8,0,0,0,0.0,0.0,0.0,1.8149164197966456,1.6634322497993708,3.167388767004013,1.8626451214753814e-09,-0.1944524347782135,0.5,False,False
1778.0,8,0,0,0,0.0,0.0,0.0,2.8129414110444486,2.5396864246577024,6.105674136430025,2.3283064087831207e-09,-0.5291107241064311,0.5,False,False
1779.0,8,0,0,0,0.0,0.0,0.0,2.057988652959466,1.7318447288125751,4.632243983447552,0.0,0.9734164047986269,0.625,False,False
1780.0,8,0,0,0,0.0,0.0,0.0,1.1158392550423741,1.0589098650962114,1.9019387401640413,1.862645149230957e-09,0.12257062643766406,0.5,False,False
1781.0,8,0,0,0,0.0,0.0,0.0,1.485331512056291,1.3881314788013697,2.646407637745142,9.313225746154785e-10,0.6243712566792964,0.625,False,False
1782.0,8,0,0,0,0.0,0.0,0.0,0.7560591357760131,0.7847534585744143,1.5109205953776836,4.656612873077393e-10,0.17354869842529294,0.625,False,False
1783.0,8,0,0,0,0.0,0.0,0.0,1.6176775097846985,1.2632437124848366,4.515795353800058,0.0,-0.1297925282269716,0.625,False,False
1784.0,8,0,0,0,0.0,0.0,0.0,0.8528225929476321,0.7291761860251427,2.0143350400030613,1.3969838619232178e-09,-0.1424719654023647,0.625,False,False
1785.0,8,0,0,0,0.0,0.0,0.0,2.3006492811255157,2.906433619558811,3.775262266397476,3.259629011154175e-09,-0.13668723218142984,0.5,False,False
1786.0,7,0,0,0,0.0,0.0,0.0,0.6454937175980636,0.7291935533285141,1.0354230180382729,-3.725290298461914e-09,0.0481042824685573,0.5714285714285714,False,False
1787.0,8,0,0,0,0.0,0.0,0.0,3.728796573355794,3.6523587368428707,6.7718475721776485,9.313225746154785e-10,0.36823169328272365,0.5,False,False
1788.0,8,0,0,0,0.0,0.0,0.0,2.7581447646953166,2.023159459233284,7.08806448802352,4.6566106526313433e-10,0.8547828644514084,0.625,False,False
1789.0,8,0,0,0,0.0,0.0,0.0,1.7333120703697205,2.0502602010965347,2.8327278792858124,0.0,0.5509118176996708,0.625,False,False
1790.0,7,0,0,0,0.0,0.0,0.0,1.4231771156191826,1.5782126560807228,2.411156866699457,0.0,-0.1812929436564445,0.5714285714285714,False,False
1791.0,7,0,0,0,0.0,0.0,0.0,0.8777566482978207,0.6959316469728947,2.1881575770676136,5.321843471858426e-10,-0.0623371973633766,0.5714285714285714,False,False
1792.0,8,0,0,0,0.0,0.0,0.0,1.5333016705699265,1.7443550620228052,2.4588806703686714,4.656612873077393e-10,-0.004057928919792175,0.5,False,False
1793.0,8,0,0,0,0.0,0.0,0.0,1.8753043287433684,0.9914957955479622,4.621646851301193,4.656612873077393e-10,-0.4482894353568554,0.625,False,False
1794.0,8,0,0,0,0.0,0.0,0.0,0.8495804974809289,0.8850965034216642,1.7101531997323036,-2.7939677238464355e-09,0.3094962239265442,0.625,False,False
1795.0,8,0,0,0,0.0,0.0,0.0,1.9258076408877969,1.5313687976449728,4.95919182151556,2.7939677238464355e-09,-0.18597498908638954,0.5,False,False
1796.0,8,0,0,0,0.0,0.0,0.0,3.1346430657431483,3.3169264905154705,6.298231389373541,2.7939677238464355e-09,1.1750858761370182,0.625,False,False
1797.0,8,0,0,0,0.0,0.0,0.0,1.7620005803182721,1.5181687120348215,3.60714215412736,-1.862645149230957e-09,-0.824766680598259,0.625,False,False
1798.0,8,0,0,0,0.0,0.0,0.0,1.1555331530980766,1.2783324103802443,2.0062531493604183,1.3969838064120665e-09,0.1001976747065782,0.625,False,False
1799.0,8,0,0,0,0.0,0.0,0.0,1.7905555027537048,1.7446646355092525,3.680176481604576,-4.656612873077393e-10,0.5131865423172712,0.625,False,False
1800.0,8,0,0,0,0.0,0.0,0.0,1.6048556054010987,1.4731819555163383,3.2115292623639107,2.7939677238464355e-09,-0.05722710303962231,0.5,False,False
1801.0,8,0,0,0,0.0,0.0,0.0,1.9368566372431815,1.7410947233438492,4.356390170753002,-4.656612873077393e-10,0.9246786832809448,0.75,False,False
1802.0,8,0,0,0,0.0,0.0,0.0,0.9246473275125027,1.0536549594253302,1.5912793949246409,-9.313226301266297e-10,0.20789933390915388,0.625,False,False
1803.0,8,0,0,0,0.0,0.0,0.0,0.9100487250834703,0.6992005463689566,2.692182168364525,3.725290298461914e-09,0.27837425842881197,0.625,False,False
1804.0,8,0,0,0,0.0,0.0,0.0,0.7183308312669396,0.6815476082265377,1.3832230865955353,4.6566128730773926e-09,-0.02072585001587865,0.5,False,False
1805.0,8,0,0,0,0.0,0.0,0.0,1.0078607234172523,0.7693374883383512,2.3713107369840145,2.3283064087831207e-09,0.21106909774243826,0.625,False,False
1806.0,8,0,0,0,0.0,0.0,0.0,1.5957493497990072,1.6790562719106674,3.081947151571512,-4.656613428188905e-10,-0.08885633945465085,0.625,False,False
1807.0,8,0,0,0,0.0,0.0,0.0,1.527186204213649,1.6955573577433825,2.564948797225952,1.3969838619232178e-09,-0.82247444242239,0.625,False,False
1808.0,8,0,0,0,0.0,0.0,0.0,1.5802405718713999,1.8348260410130024,2.6314303390681744,-1.862645149230957e-09,0.16535218060016635,0.5,False,False
1809.0,8,0,0,0,0.0,0.0,0.0,1.2420542775653303,1.0451155584305525,2.7143726497888565,2.3283064365386963e-09,0.1736330147832632,0.5,False,False
1810.0,8,0,0,0,0.0,0.0,0.0,1.109297371469438,0.7195219229906797,2.8670345470309258,-9.313225746154785e-10,0.4050273727625608,0.625,False,False
1811.0,8,0,0,0,0.0,0.0,0.0,1.376553999260068,1.3866748474538326,2.156732641160488,-9.313225746154785e-10,0.15216825343668464,0.5,False,False
1812.0,8,0,0,0,0.0,0.0,0.0,1.4621546631678939,1.0134213715791702,3.3466939479112625,1.8626452047421083e-09,0.46703201718628407,0.625,False,False
1813.0,8,0,0,0,0.0,0.0,0.0,2.173408235423267,2.5357238110154867,3.538852173835039,9.313225746154785e-10,0.2313222326338291,0.625,False,False
1814.0,8,0,0,0,0.0,0.0,0.0,1.191250919830054,0.8751526959240437,2.7849321626126766,-4.6566123179658803e-10,-0.07345238141715525,0.5,False,False
1815.0,8,0,0,0,0.0,0.0,0.0,1.397243317682296,0.9125828668475151,3.883590567857027,-2.3283064087831207e-09,-0.07200306281447405,0.625,False,False
1816.0,8,0,0,0,0.0,0.0,0.0,1.8369536744430661,1.3437863998115063,4.963155038654804,-9.313225746154785e-10,0.6011571120470762,0.625,False,False
1817.0,8,0,0,0,0.0,0.0,0.0,2.916963131632656,2.8316301740705967,4.871185004711151,-2.3283065475609988e-09,-0.04350708983838569,0.5,False,False
1818.0,8,0,0,0,0.0,0.0,0.0,1.8572167824022472,1.8571635838598013,3.437846202403307,2.3283064365386963e-09,-0.5395793914794922,0.625,False,False
1819.0,8,0,0,0,0.0,0.0,0.0,2.290153020527214,2.1921387929469347,4.524052403867245,1.3969839729455202e-09,0.17418233305215836,0.5,False,False
1820.0,8,0,0,0,0.0,0.0,0.0,2.346049363259226,1.7042199615389109,4.948337577283382,4.656612873077393e-10,-1.062407860532403,0.625,False,False
1821.0,8,0,0,0,0.0,0.0,0.0,1.9872973239980638,1.530690735206008,4.608413819223642,1.3969838619232178e-09,0.49320790357887745,0.625,False,False
1822.0,8,0,0,0,0.0,0.0,0.0,2.3557676384225488,1.8135501313954592,4.997361522167921,1.862645149230957e-09,-0.4552083257585765,0.5,False,False
1823.0,8,0,0,0,0.0,0.0,0.0,2.3057486545294523,2.4789581671357155,4.265078283846378,0.0,-0.5750649534165859,0.625,False,False
1824.0,8,0,0,0,0.0,0.0,0.0,1.4140446139499545,1.1043437793850899,2.8713521994650364,-9.313225468599029e-10,-0.291461631655693,0.625,False,False
1825.0,8,0,0,0,0.0,0.0,0.0,1.0515251397155225,1.009316060692072,2.6715608537197117,1.3969838064120665e-09,0.43429390527307987,0.625,False,False
1826.0,8,0,0,0,0.0,0.0,0.0,1.827825257088989,1.358272485435009,3.855278644710779,1.3969838619232178e-09,-0.02868746966123581,0.5,False,False
1827.0,8,0,0,0,0.0,0.0,0.0,1.8727721581235528,1.506637766957283,3.942250147461891,-9.313225468599029e-10,0.7126417458057404,0.625,False,False
1828.0,8,0,0,0,0.0,0.0,0.0,2.3312375056557357,2.6259004157036543,3.869586098939181,2.3283065475609988e-09,-0.7358983419835567,0.625,False,False
1829.0,8,0,0,0,0.0,0.0,0.0,1.8932874482125044,1.8033616431057453,4.0154666639864445,-9.313225746154785e-10,0.5967367719858885,0.5,False,False
1830.0,8,0,0,0,0.0,0.0,0.0,1.5983279794454575,1.4460064675658941,3.077613916248083,9.313225746154785e-10,0.7385739088058472,0.625,False,False
1831.0,8,0,0,0,0.0,0.0,0.0,0.7063649063929915,0.5128750428557396,1.4691526517271996,3.725290298461914e-09,0.22747754305601114,0.625,False,False
1832.0,8,0,0,0,0.0,0.0,0.0,2.5255716405808926,2.0405447743833065,5.002038285136223,1.862645149230957e-09,0.02833639271557331,0.5,False,False
1833.0,8,0,0,0,0.0,0.0,0.0,1.7938222461380064,1.2716353330761194,4.976951852440834,4.656612873077393e-10,0.633146932348609,0.625,False,False
1834.0,8,0,0,0,0.0,0.0,0.0,1.4107920210808516,1.5675156004726887,2.508136887103319,9.313225746154785e-10,-0.32488043792545795,0.625,False,False
1835.0,8,0,0,0,0.0,0.0,0.0,1.3300722632557154,1.348709223791957,2.3723178654909134,5.551115123125783e-17,0.3532475810497999,0.625,False,False
1836.0,8,0,0,0,0.0,0.0,0.0,1.703599900007248,1.4197356663644314,5.167853433638811,-4.6566128730773926e-09,0.3799331709742546,0.75,False,False
1837.0,8,0,0,0,0.0,0.0,0.0,2.295215189922601,2.5607938915491104,3.5564701296389103,-4.656612873077393e-10,0.21915405429899693,0.5,False,False
1838.0,8,0,0,0,0.0,0.0,0.0,1.8361276425421238,1.0950431730598211,5.062998693436384,1.862645149230957e-09,-0.0549336150288582,0.5,False,False
1839.0,8,0,0,0,0.0,0.0,0.0,2.2526284833438694,2.380780441686511,3.305655252188444,4.656612873077393e-10,0.6294229123741388,0.5,False,False
1840.0,8,0,0,0,0.0,0.0,0.0,1.9571737116202712,2.538009602576494,3.7549717240035534,4.6566128730773926e-09,0.26385766454041004,0.625,False,False
1841.0,8,0,0,0,0.0,0.0,0.0,1.0387189635075629,0.9490797892212868,2.6061867997050285,4.6566125955216364e-10,0.301973570138216,0.625,False,False
1842.0,8,0,0,0,0.0,0.0,0.0,1.0757486266084015,0.729710141196847,2.783104743808508,3.259629011154175e-09,0.1287209764122963,0.5,False,False
1843.0,8,0,0,0,0.0,0.0,0.0,1.3336110874079168,1.166879439726472,3.1476950719952583,-1.3969838619232178e-09,-0.1700598523020744,0.625,False,False
1844.0,8,0,0,0,0.0,0.0,0.0,1.5421106307767332,1.5086471028625965,3.055671509355306,-4.656612873077393e-10,-0.2171423546969891,0.5,False,False
1845.0,8,0,0,0,0.0,0.0,0.0,4.0069078942760825,3.621819069609046,8.208479344844818,-1.8626453157644107e-09,0.4823477566242218,0.5,False,False
1846.0,8,0,0,0,0.0,0.0,0.0,1.4968622587621212,1.2934077326208353,2.774487536400557,9.313225746154785e-10,-0.223718672990799,0.5,False,False
1847.0,8,0,0,0,0.0,0.0,0.0,2.7092485795728862,2.9728658962994814,4.760530710220337,2.3283064365386963e-09,-0.8112158793956041,0.625,False,False
1848.0,8,0,0,0,0.0,0.0,0.0,2.436455311253667,1.7749642487615347,6.74768752232194,-2.220446049250313e-16,0.5306880362331867,0.625,False,False
1849.0,8,0,0,0,0.0,0.0,0.0,3.1719825910404325,2.3628746531903744,8.355725020170212,1.862645149230957e-09,0.9560022726655006,0.625,False,False
1850.0,8,0,0,0,0.0,0.0,0.0,2.8781437850557268,2.1690987795591354,7.422298736870289,-4.656612873077393e-10,1.3562683053314686,0.625,False,False
1851.0,8,0,0,0,0.0,0.0,0.0,0.4663740545511246,0.538230849429965,0.8488586954772472,-9.313225607376907e-10,-0.014948556199669798,0.5,False,False
1852.0,8,0,0,0,0.0,0.0,0.0,1.6115343431010842,1.7177597135305405,3.284695830196142,-3.725290298461914e-09,-0.633120134472847,0.625,False,False
1853.0,8,0,0,0,0.0,0.0,0.0,1.7101012482307851,1.389579152688384,4.390693910419941,-1.3969838619232178e-09,0.7116746380925179,0.625,False,False
1854.0,8,0,0,0,0.0,0.0,0.0,1.5275891213677824,1.3669869229197502,3.254749272018671,2.3283064365386963e-09,-0.006296483799815206,0.5,False,False
1855.0,8,0,0,0,0.0,0.0,0.0,1.4162665293551981,1.65986143425107,2.501807931810617,-1.3969838619232178e-09,-0.1016571000218391,0.625,False,False
1856.0,8,0,0,0,0.0,0.0,0.0,1.4574181619100273,1.4661659970879555,2.7542114816606045,3.259629011154175e-09,0.12770109064877033,0.5,False,False
1857.0,8,0,0,0,0.0,0.0,0.0,1.7456628787331283,1.9946774393320084,2.6191348917782307,-2.3283064365386963e-09,0.5448224637657404,0.5,False,False
1858.0,8,0,0,0,0.0,0.0,0.0,1.011540999636054,0.6271268110722303,2.5919359400868416,1.3877787807814457e-17,-0.16249127686023707,0.625,False,False
1859.0,8,0,0,0,0.0,0.0,0.0,2.8507351456210017,2.3609344828873873,5.013117108494043,1.8626451769865326e-09,-1.494054276496172,0.625,False,False
1860.0,8,0,0,0,0.0,0.0,0.0,1.7472164300270379,1.3284492082893848,4.58161261305213,1.3969838619232178e-09,-0.12711070850491524,0.5,False,False
1861.0,8,0,0,0,0.0,0.0,0.0,2.2305623684078455,1.5668520461767912,5.3491503074765205,3.725290298461914e-09,-0.21969752945005888,0.625,False,False
1862.0,8,0,0,0,0.0,0.0,0.0,3.0354232317768037,3.1906956490129232,4.95323222130537,3.259629011154175e-09,-0.994760550558567,0.625,False,False
1863.0,8,0,0,0,0.0,0.0,0.0,1.8664298979565501,1.6863094121217728,4.093100763857365,-9.313225746154785e-10,-0.4001135509461164,0.625,False,False
1864.0,8,0,0,0,0.0,0.0,0.0,2.1876748739741743,1.1250523086637259,5.6276698261499405,4.656612873077393e-10,-0.43646252527832985,0.625,False,False
1865.0,8,0,0,1,0.0,0.0,0.125,5.193487219046801,4.48794686794281,13.563131108880045,-2.3283066585833012e-09,-0.44899280555546284,0.5,False,False
1866.0,8,0,0,0,0.0,0.0,0.0,3.112081816419959,3.100418273359537,6.90451954305172,1.8626450937198058e-09,-0.021957049146294594,0.5,False,False
1867.0,8,0,0,0,0.0,0.0,0.0,1.2590846726670861,0.9832358155399561,3.4020718038082123,9.313225746154785e-10,0.3151206113398075,0.625,False,False
1868.0,8,0,0,0,0.0,0.0,0.0,2.3340107165277004,1.897994164377451,5.905941411852837,-9.313225746154785e-10,0.4596298858523369,0.5,False,False
1869.0,8,0,0,0,0.0,0.0,0.0,2.8522098385728896,2.565833020955324,4.917963191866875,-2.3283064365386963e-09,-0.41560162603855133,0.5,False,False
1870.0,8,0,0,0,0.0,0.0,0.0,1.503427289891988,1.151509115472436,3.141286116093397,4.656612873077393e-10,0.59745030477643,0.625,False,False
1871.0,8,0,0,0,0.0,0.0,0.0,1.3563510477542877,0.9899262022227049,3.9862968027591705,2.7939677238464355e-09,-0.1278952825814485,0.75,False,False
1872.0,8,0,0,0,0.0,0.0,0.0,1.3717104904353619,1.3068968933075666,2.6669051945209503,2.7939677238464355e-09,0.23372768238186836,0.5,False,False
1873.0,8,0,0,0,0.0,0.0,0.0,1.013092810753733,1.1553031336516142,2.6504833325743675,3.259629011154175e-09,0.02981697581708425,0.625,False,False
1874.0,8,0,0,0,0.0,0.0,0.0,1.934935066383332,1.7715822979807854,3.180967077612877,1.3969838064120665e-09,-1.0412897877395153,0.625,False,False
1875.0,8,0,0,0,0.0,0.0,0.0,1.2930937204509974,1.3889724034816027,3.51052962616086,9.313225746154785e-10,0.0735194589942693,0.625,False,False
1876.0,8,0,0,0,0.0,0.0,0.0,2.2600704706273973,2.0382346138358116,5.701873425394297,1.3969838619232178e-09,0.9196648374199867,0.625,False,False
1877.0,8,0,0,0,0.0,0.0,0.0,1.7603536830283701,1.331948820501566,3.766278635710478,-4.656612873077393e-10,0.11564242094755176,0.5,False,False
1878.0,8,0,0,0,0.0,0.0,0.0,1.3139423094689846,1.199269913136959,2.510160580277443,-9.313226023710541e-10,0.11498367600142953,0.5,False,False
1879.0,8,0,0,0,0.0,0.0,0.0,2.2235034378245473,2.3626934327185154,4.127992462366819,-2.7939677238464355e-09,-0.5269856583327056,0.5,False,False
1880.0,8,0,0,0,0.0,0.0,0.0,2.1287920619361103,2.2863925471901894,5.073124643415213,4.656612873077393e-10,0.644264167174697,0.5,False,False
1881.0,8,0,0,0,0.0,0.0,0.0,3.46906166523695,3.0698002502322197,7.728154737502336,-1.862645149230957e-09,0.041352126747369766,0.5,False,False
1882.0,8,0,0,0,0.0,0.0,0.0,1.818928170017898,1.8809442948549986,3.281777355819941,3.725290298461914e-09,0.15448476560413837,0.5,False,False
1883.0,8,0,0,0,0.0,0.0,0.0,1.810672300402075,1.6378464810550213,4.2906857542693615,-4.656612873077393e-10,0.8922716565430164,0.75,False,False
1884.0,8,0,0,0,0.0,0.0,0.0,2.801556743681431,2.036499949172139,5.851975332945585,0.0,0.3787224553525448,0.5,False,False
1885.0,8,0,0,0,0.0,0.0,0.0,2.779500992503017,2.1465209517627954,7.917577035725117,-4.656612873077393e-10,-1.3721742425113916,0.625,False,False
1886.0,7,0,0,0,0.0,0.0,0.0,1.7749855603490556,1.4334097988903522,4.139584671705961,-2.1287373213369723e-09,0.595539178699255,0.7142857142857143,False,False
1887.0,8,0,0,0,0.0,0.0,0.0,2.752579846419394,2.5125498920679092,6.340025663375855,1.8626452047421083e-09,-0.8544048424810171,0.5,False,False
1888.0,8,0,0,0,0.0,0.0,0.0,1.2355939536355436,1.3472756780683994,2.384302906692028,-4.656612873077393e-10,0.15255259722471237,0.5,False,False
1889.0,8,0,0,0,0.0,0.0,0.0,1.309745424427092,1.0782033894211054,2.668655015528202,0.0,0.6584591455757618,0.75,False,False
1890.0,8,0,0,0,0.0,0.0,0.0,4.056344659533352,3.2443415708839893,8.288102641701698,4.656612873077393e-10,0.16832772828638554,0.5,False,False
1891.0,8,0,0,0,0.0,0.0,0.0,2.6050271266140044,2.230232186615467,5.679117903113365,-4.656612873077393e-10,-0.11523640714585784,0.5,False,False
1892.0,8,0,0,0,0.0,0.0,0.0,1.4996186550706625,1.419272217899561,2.538712978363037,-1.8626451769865326e-09,0.46307361498475064,0.5,False,False
1893.0,8,0,0,0,0.0,0.0,0.0,1.9281196929514408,1.9033514838665724,3.0757079608738422,-1.862645149230957e-09,-0.9243106339126825,0.625,False,False
1894.0,8,0,0,0,0.0,0.0,0.0,2.1665267278440297,2.4715474043041468,3.375731356441974,2.3283064365386963e-09,0.29008632339537155,0.5,False,False
1895.0,8,0,0,0,0.0,0.0,0.0,1.4153110752813518,0.9855491910129786,3.690145909786224,2.3283064365386963e-09,0.5098099708557129,0.625,False,False
1896.0,8,0,0,0,0.0,0.0,0.0,3.0856688050553203,2.6334194522351027,6.616457030177116,-9.313225746154785e-10,-1.0343161839991806,0.5,False,False
1897.0,8,0,0,0,0.0,0.0,0.0,1.585948821157217,1.3612446654587984,3.902177002280951,0.0,0.4522317200899124,0.5,False,False
1898.0,8,0,0,0,0.0,0.0,0.0,1.905965720769018,1.480651056393981,4.10601631551981,1.3969838619232178e-09,0.74576953984797,0.625,False,False
1899.0,8,0,0,1,0.0,0.0,0.125,3.8930639196187258,2.7343392930924892,11.48378835618496,-9.313225746154785e-10,0.36293547227978706,0.5,False,False
1900.0,8,0,0,0,0.0,0.0,0.0,1.5663989023305476,1.538677778095007,2.9644211754202843,1.3969838619232178e-09,0.5245543401688337,0.625,False,False
1901.0,8,0,0,0,0.0,0.0,0.0,1.877622566651553,1.4458977580070496,3.624105978757143,4.190951627403017e-09,-0.04278713278472418,0.5,False,False
1902.0,8,0,0,0,0.0,0.0,0.0,1.4023898430168629,1.093115098774433,3.519811231642961,-1.862645149230957e-09,0.3938330039381981,0.625,False,False
1903.0,8,0,0,0,0.0,0.0,0.0,0.8693734710104764,0.8022920154035091,1.5061337426304815,-1.3969838619232178e-09,-0.1952985431998968,0.625,False,False
1904.0,7,0,0,0,0.0,0.0,0.0,2.087045170366764,1.855797443538904,4.287680696696043,2.1287373768481236e-09,0.9328426457941532,0.5714285714285714,False,False
1905.0,8,0,0,0,0.0,0.0,0.0,3.9481808259151876,3.3275241684168577,10.159598153084517,2.3283064365386963e-09,-2.4920953791588545,0.625,False,False
1906.0,8,0,0,0,0.0,0.0,0.0,3.5325573380105197,2.778668560087681,7.855460245162249,1.3969838619232178e-09,1.4880258645862343,0.625,False,False
1907.0,8,0,0,0,0.0,0.0,0.0,1.3619079343043268,1.0805129501968622,3.20159712433815,-4.656612873077393e-10,-0.21871902607381347,0.5,False,False
1908.0,8,0,0,0,0.0,0.0,0.0,1.4969479367136955,1.1733596660196781,3.4320890456438065,9.313225746154785e-10,0.8508368153125048,0.625,False,False
1909.0,8,0,0,0,0.0,0.0,0.0,3.3778531686402857,2.786931110545993,6.637189514935017,-4.656612873077393e-10,-0.6140694413334131,0.5,False,False
1910.0,8,0,0,0,0.0,0.0,0.0,2.512437795288861,2.2047110572457314,5.715730011463165,-1.862645149230957e-09,-0.10829471424221995,0.5,False,False
1911.0,8,0,0,0,0.0,0.0,0.0,2.1154051311314106,2.2417507208883762,4.344405993819237,2.7939677793575868e-09,-0.38753657042980194,0.625,False,False
1912.0,8,0,0,0,0.0,0.0,0.0,2.4782722336240113,2.4900964479893446,3.8942368067801,-1.3969838619232178e-09,-1.076255651190877,0.625,False,False
1913.0,8,0,0,0,0.0,0.0,0.0,2.4458349724300206,1.6797112170606852,5.9129135645926,-3.259629011154175e-09,-0.12848017923533916,0.5,False,False
1914.0,8,0,0,0,0.0,0.0,0.0,3.134987663011998,2.6801990531384945,6.469922576099634,-3.259629011154175e-09,0.5193959567695856,0.5,False,False
1915.0,8,0,0,0,0.0,0.0,0.0,1.8828850057907403,1.7843263074755669,4.9290034882724285,4.656612873077393e-10,-0.6856723092496395,0.75,False,False
1916.0,8,0,0,0,0.0,0.0,0.0,2.135477749630809,2.388615882024169,3.324578072875738,-3.72529029152302e-09,0.17560198158025744,0.5,False,False
1917.0,8,0,0,0,0.0,0.0,0.0,3.708318803925067,3.7703493162989616,6.194819018244743,-4.656612873077393e-10,0.21003398112952698,0.5,False,False
1918.0,8,0,0,0,0.0,0.0,0.0,4.0445522661320865,4.1435681488364935,9.936889346688986,-3.259629011154175e-09,-1.5173174887895584,0.625,False,False
1919.0,8,0,0,0,0.0,0.0,0.0,3.548690231051296,3.445569744333625,7.30362144112587,-1.3969838619232178e-09,0.8352240081876516,0.625,False,False
1920.0,8,0,0,0,0.0,0.0,0.0,0.30328830052167177,0.2809404022991657,0.6230068802833557,4.65661288695518e-09,-0.0843278598040342,0.625,False,False
1921.0,8,0,0,0,0.0,0.0,0.0,3.0695360712707043,3.359720788896084,5.621679700911045,2.7939677238464355e-09,0.6488334015011787,0.625,False,False
1922.0,8,0,0,0,0.0,0.0,0.0,0.9940453991293907,0.951224472373724,1.681331388652325,-9.313225746154785e-10,-0.028231438249349622,0.5,False,False
1923.0,8,0,0,0,0.0,0.0,0.0,1.953308703377843,1.5123330932110548,5.2830253802239895,9.313225746154785e-10,0.6023019459098577,0.625,False,False
1924.0,8,0,0,0,0.0,0.0,0.0,1.8477167873643339,1.6779013723134995,3.708703849464655,-4.656612873077393e-10,0.7352275867015123,0.75,False,False
1925.0,7,0,0,0,0.0,0.0,0.0,3.4508485682308674,3.720988180488348,6.178527370095253,-5.32184328351702e-10,0.0953739508986473,0.5714285714285714,False,False
1926.0,7,0,0,0,0.0,0.0,0.0,1.2428380128528391,1.180755376815796,2.200247623026371,2.66092164175851e-09,0.5222206152975559,0.7142857142857143,False,False
1927.0,8,0,0,0,0.0,0.0,0.0,2.5456032236106694,2.8102160803973675,5.655342858284712,4.656613428188905e-10,-0.2268757689744234,0.5,False,False
1928.0,8,0,0,0,0.0,0.0,0.0,2.4764038641005754,2.423883207142353,4.871628295630217,-9.313225746154785e-10,0.42409059032797813,0.625,False,False
1929.0,8,0,0,0,0.0,0.0,0.0,1.2644179351627827,1.4033847898244858,2.470694199204445,0.0,-0.26754215918481344,0.625,False,False
1930.0,8,0,0,0,0.0,0.0,0.0,0.4541018269956112,0.3777374606579542,1.2439159713685513,-4.6566128730773926e-09,-0.14274817518889904,0.5,False,False
1931.0,8,0,0,0,0.0,0.0,0.0,2.758648828137666,2.629953347146511,6.574774492532015,-3.259629011154175e-09,0.1848328839987517,0.5,False,False
1932.0,7,0,0,0,0.0,0.0,0.0,2.0777866691350937,2.278674378991127,4.367055870592594,2.128737313406808e-09,0.0360229834914207,0.5714285714285714,False,False
1933.0,8,0,0,0,0.0,0.0,0.0,2.3236155905760825,1.7264424171298742,4.623437561094761,-4.6566125955216364e-10,0.8145109303295612,0.625,False,False
1934.0,7,0,0,0,0.0,0.0,0.0,1.3671670737011095,1.3627251870930197,2.494918342679739,-1.0643687518653776e-09,0.3985186479985714,0.5714285714285714,False,False
1935.0,7,0,0,0,0.0,0.0,0.0,1.9799190679831165,2.147064235061407,2.777307543903589,5.321843402469487e-10,-0.0669495612382888,0.5714285714285714,False,False
1936.0,7,0,0,0,0.0,0.0,0.0,1.1610712419663156,0.9604184292256832,2.748299773782492,-2.128737265825821e-09,0.0882767513394355,0.5714285714285714,False,False
1937.0,8,0,0,0,0.0,0.0,0.0,1.0237753530964255,0.45579666271805763,3.007498476654291,0.0,-0.0012760385870933533,0.5,False,False
1938.0,8,0,0,0,0.0,0.0,0.0,1.4616829785518348,1.1691692061722279,3.600184317678213,-2.3283064365386963e-09,0.5038594156503677,0.625,False,False
1939.0,8,0,0,0,0.0,0.0,0.0,1.6689275410026312,1.8854421973228455,2.531709272414446,1.862645149230957e-09,-0.490871325135231,0.625,False,False
1940.0,8,0,0,0,0.0,0.0,0.0,1.93180508678779,1.4156378116458654,4.175082925707102,-4.656612873077393e-10,0.10728293843567371,0.5,False,False
1941.0,8,0,0,0,0.0,0.0,0.0,1.6827724068425596,1.5562630761414766,3.6780845001339912,2.3283064365386963e-09,0.43824677914381027,0.625,False,False
1942.0,8,0,0,0,0.0,0.0,0.0,2.075311272405088,2.003292590379715,3.764410682022572,9.313225746154785e-10,0.5718638617545366,0.625,False,False
1943.0,8,0,0,0,0.0,0.0,0.0,1.797838490922004,1.6847544219344854,3.7471040077507496,-2.3283064365386963e-09,-0.4471115320920944,0.625,False,False
1944.0,8,0,0,0,0.0,0.0,0.0,3.086193453054875,3.355678418651223,5.065833605825901,4.656612873077393e-10,-0.5386759154498578,0.5,False,False
1945.0,8,0,0,0,0.0,0.0,0.0,5.157469633501023,5.159282656386495,10.432584542781116,4.6566112077428556e-10,1.2304585985839367,0.5,False,False
1946.0,8,0,0,0,0.0,0.0,0.0,3.0350730177015066,2.407721256837249,6.125799089670181,4.6566128730773926e-09,-0.07650230079889297,0.5,False,False
1947.0,8,0,0,1,0.0,0.0,0.125,5.641343131661415,5.1647702138870955,9.88180585578084,-1.8626450937198058e-09,2.843094727024436,0.625,False,False
1948.0,8,0,0,1,0.0,0.0,0.125,5.713481123093516,4.219232810661197,11.24165092408657,4.656610097519831e-10,-1.308671621605754,0.5,False,False
1949.0,8,0,0,0,0.0,0.0,0.0,3.423296630382538,3.9684305861592293,4.516843684017658,0.0,0.4992877747863531,0.5,False,False
1950.0,8,0,0,0,0.0,0.0,0.0,3.258234556298703,2.631469953805208,7.417917303740978,-4.656612873077393e-10,-1.2681120950728655,0.5,False,False
1951.0,8,0,0,0,0.0,0.0,0.0,2.7204678584821522,2.978952659294009,7.16457512229681,2.3283064365386963e-09,0.27180899493396277,0.625,False,False
1952.0,8,0,0,0,0.0,0.0,0.0,1.5443023131228983,1.6469213515520096,2.8685034550726414,-1.3969838619232178e-09,0.1890698987990618,0.5,False,False
1953.0,8,0,0,0,0.0,0.0,0.0,1.130962976720184,1.3855271469801664,2.337896715849638,1.3969838896787934e-09,-0.20192776434123516,0.625,False,False
1954.0,8,0,0,0,0.0,0.0,0.0,2.216208850964904,1.7102136220782995,4.471325006335974,2.7939677793575868e-09,1.0322006233036518,0.625,False,False
1955.0,8,0,0,0,0.0,0.0,0.0,2.035235675983131,2.0867568887770176,3.340391892939806,9.313226301266297e-10,0.5682792458683252,0.5,False,False
1956.0,8,0,0,0,0.0,0.0,0.0,1.4728283970616758,1.255423003807664,3.071833997964859,-1.3969838619232178e-09,0.863503759726882,0.75,False,False
1957.0,8,0,0,0,0.0,0.0,0.0,1.3523302744142711,0.6513273604214191,3.6776692382991314,4.656612873077393e-10,0.053635425865650205,0.5,False,False
1958.0,8,0,0,0,0.0,0.0,0.0,1.4637344796210527,1.6488244459033012,2.894287426024676,2.793967682213072e-09,0.17365033552050585,0.625,False,False
1959.0,8,0,0,0,0.0,0.0,0.0,1.4893091940321028,1.522661091759801,2.996522057801485,-1.3969838341676422e-09,0.5879695136100055,0.625,False,False
1960.0,8,0,0,0,0.0,0.0,0.0,1.2646342613734305,1.0096387788653374,3.3930747024714947,-2.3283064365386963e-09,0.306940596550703,0.625,False,False
1961.0,8,0,0,0,0.0,0.0,0.0,2.5105595383793116,1.9308762047439814,5.232335712760687,2.7939677238464355e-09,0.7486610114574432,0.625,False,False
1962.0,8,0,0,0,0.0,0.0,0.0,1.251707587391138,0.9613603726029396,3.3043974079191685,0.0,0.2836341969668865,0.5,False,False
1963.0,8,0,0,0,0.0,0.0,0.0,1.6339614843018353,1.2480805311352015,3.767436560243368,4.656612873077393e-10,0.6828891392797232,0.75,False,False
1964.0,8,0,0,0,0.0,0.0,0.0,2.3155386364087462,2.1614724695682526,6.113913394510746,-9.313225746154785e-10,0.39338625036180014,0.625,False,False
1965.0,8,0,0,0,0.0,0.0,0.0,1.6501752031035721,1.0199953578412533,4.235922064632177,1.3969838619232178e-09,-0.047287913039326696,0.5,False,False
1966.0,8,0,0,0,0.0,0.0,0.0,2.075328107457608,2.0636023860424757,3.732152827084065,2.3283064365386963e-09,-0.025355162099003792,0.5,False,False
1967.0,8,0,0,0,0.0,0.0,0.0,1.6682601445354521,1.0128921866416931,4.628634553402662,4.6566123179658803e-10,0.07109769806265828,0.5,False,False
1968.0,8,0,0,0,0.0,0.0,0.0,1.1061495332978666,0.9489398077130319,2.5644188299775124,4.656612873077393e-10,0.2669038586318493,0.625,False,False
1969.0,8,0,0,0,0.0,0.0,0.0,2.348415687214583,2.45325312577188,4.6264922097325325,4.656612873077393e-10,0.9178814124315977,0.625,False,False
1970.0,8,0,0,0,0.0,0.0,0.0,1.5614585769362748,0.7933777179569006,4.451517950743437,-4.656612873077393e-10,-0.08509095199406144,0.5,False,False
1971.0,8,0,0,0,0.0,0.0,0.0,2.0516589186154306,1.8086774051189423,4.414381600916386,-4.656612873077393e-10,0.9647158831357956,0.75,False,False
1972.0,8,0,0,0,0.0,0.0,0.0,1.6472662594169378,1.5136950574815273,3.054946418851614,9.313225746154785e-10,-0.25967919267714024,0.5,False,False
1973.0,8,0,0,0,0.0,0.0,0.0,1.7578232451342046,1.5234201960265636,4.061704680323601,1.3969838619232178e-09,0.9405651055276394,0.625,False,False
1974.0,8,0,0,0,0.0,0.0,0.0,0.42464286647737026,0.4176282659173012,0.8668003715574741,-2.7939677169075416e-09,-0.1362977083772421,0.5,False,False
1975.0,8,0,0,0,0.0,0.0,0.0,1.062606306746602,0.7507345788180828,2.429171174764633,0.0,0.057861944660544395,0.5,False,False
1976.0,8,0,0,0,0.0,0.0,0.0,1.321779522113502,1.1735520288348198,2.5924967154860497,0.0,0.21612239815294743,0.5,False,False
1977.0,8,0,0,0,0.0,0.0,0.0,0.5150883966125548,0.21697097457945347,1.4372166469693184,-4.656612873077393e-10,-0.07978699915111065,0.5,False,False
1978.0,8,0,0,0,0.0,0.0,0.0,0.7060947199352086,0.4503710884600878,1.9725468046963213,-4.6566125955216364e-10,0.14020369760692114,0.625,False,False
1979.0,8,0,0,0,0.0,0.0,0.0,1.3596322070807219,1.4203521702438593,3.424182072281837,-1.8626451214753814e-09,0.34547581337392325,0.625,False,False
1980.0,8,0,0,0,0.0,0.0,0.0,1.1269991686567664,1.0259870644658804,2.359839152544737,-9.313225746154785e-10,0.0480916947126388,0.625,False,False
1981.0,8,0,0,0,0.0,0.0,0.0,1.324252238497138,1.1038961857557297,3.040929149836302,0.0,0.1835625469684601,0.5,False,False
1982.0,8,0,0,0,0.0,0.0,0.0,2.2597623532637954,2.5033985190093517,3.524315144866705,0.0,-0.7098255958408117,0.625,False,False
1983.0,8,0,0,0,0.0,0.0,0.0,1.8448538254015148,1.5100274998694658,4.359360288828611,3.259629011154175e-09,0.303661709651351,0.625,False,False
1984.0,8,0,0,0,0.0,0.0,0.0,1.2503786501474679,1.3446768745779991,2.20837240293622,1.3969838619232178e-09,0.1701787803322076,0.625,False,False
1985.0,8,0,0,0,0.0,0.0,0.0,2.3844528789632022,2.6523570492863655,4.233097426593304,2.3283064365386963e-09,-0.542316110804677,0.625,False,False
1986.0,8,0,0,0,0.0,0.0,0.0,0.6329759219661355,0.7208316307514906,1.019461527466774,9.313225746154785e-10,0.06992099992930889,0.5,False,False
1987.0,8,0,0,0,0.0,0.0,0.0,1.3659594603814185,1.0754145383834839,2.904194619506597,-4.656613428188905e-10,-0.0588690135627985,0.5,False,False
1988.0,8,0,0,0,0.0,0.0,0.0,0.5948347016237676,0.4563823211938143,1.3160732574760914,-1.3969839035565812e-09,0.07525045052170751,0.625,False,False
1989.0,8,0,0,0,0.0,0.0,0.0,1.8270389749668539,1.3528088815510273,4.259516682475805,-1.3969838619232178e-09,0.8511591907590629,0.625,False,False
1990.0,8,0,0,0,0.0,0.0,0.0,1.7472300603985786,1.6006959918886423,3.5279570780694485,9.313225884932663e-10,0.38595133274793625,0.5,False,False
1991.0,8,0,0,0,0.0,0.0,0.0,1.251779132988304,0.9094115626066923,2.811547663062811,4.656612873077393e-10,-0.1867168452590704,0.5,False,False
1992.0,8,0,0,0,0.0,0.0,0.0,0.3575045820325613,0.3226097766309976,0.7112084105610847,-1.8626451769865326e-09,0.11565949581563464,0.625,False,False
1993.0,8,0,0,0,0.0,0.0,0.0,1.5108488127589226,1.1270339246839285,4.07931449636817,1.862645149230957e-09,-0.08971554972231385,0.625,False,False
1994.0,8,0,0,0,0.0,0.0,0.0,1.4992696517147124,1.0345099065452814,3.3758525252342224,1.3969838341676422e-09,0.6256041452288628,0.625,False,False
1995.0,8,0,0,0,0.0,0.0,0.0,1.230132656171918,0.9466785006225108,2.4287382066249847,2.7939676544574965e-09,0.5362385846674442,0.625,False,False
1996.0,8,0,0,0,0.0,0.0,0.0,1.069552117958665,0.857175849378109,2.7788659185171127,-9.313225468599029e-10,0.21078947000205522,0.5,False,False
1997.0,8,0,0,0,0.0,0.0,0.0,0.633314625825733,0.5520436577498913,1.3175364062190056,-1.3969838619232178e-09,0.08130397833883765,0.5,False,False
1998.0,8,0,0,0,0.0,0.0,0.0,0.8835586993955076,0.9204898923635484,2.10766663774848,-4.656613150633149e-10,0.22650988958775994,0.625,False,False
1999.0,8,0,0,0,0.0,0.0,0.0,1.5295658558607101,1.6616929303854704,2.998475071042776,9.313225746154785e-10,0.0054209493100643505,0.5,False,False
2000.0,8,0,0,0,0.0,0.0,0.0,1.5179036473855376,0.945916322991252,4.237928602844477,0.0,0.18364203907549376,0.625,False,False
2001.0,8,0,0,0,0.0,0.0,0.0,2.1050945352762938,0.9856851696968079,5.991214986890554,-2.7939677238464355e-09,0.031025085598230362,0.5,False,False
2002.0,8,0,0,0,0.0,0.0,0.0,1.4672610298730433,1.1135103683918715,3.607473060488701,-1.3969838619232178e-09,0.09938256070017815,0.5,False,False
2003.0,8,0,0,0,0.0,0.0,0.0,1.0688574728555977,1.115398844704032,2.579120352864265,-4.656613428188905e-10,-0.21853973343968394,0.5,False,False
2004.0,8,0,0,1,0.0,0.0,0.125,4.9428752907551825,4.796054292470217,12.223519317805769,-1.3969838619232178e-09,-1.4307973850518465,0.625,False,False
2005.0,8,1,0,1,0.125,0.0,0.125,7.351031859871,6.914014643058181,20.02895257994533,3.259628567064965e-09,2.157368691638112,0.625,False,False
2006.0,7,0,0,0,0.0,0.0,0.0,0.524311472262655,0.5763966031372547,1.062115266919136,-1.064368656703404e-09,-0.0413193777203559,0.7142857142857143,False,False
2007.0,7,0,0,0,0.0,0.0,0.0,1.5671616718173027,1.4962067678570747,3.096966352313757,0.0,-0.5177109204232693,0.5714285714285714,False,False
2008.0,7,0,0,0,0.0,0.0,0.0,1.9520902665598052,2.1267810352146626,2.732687957584858,-1.064368656703404e-09,0.0843319334089756,0.5714285714285714,False,False
2009.0,8,0,0,0,0.0,0.0,0.0,1.0776392631232738,0.4961413908749819,2.618897918611765,-3.725290298461914e-09,-0.29818663746118546,0.75,False,False
2010.0,8,0,0,0,0.0,0.0,0.0,2.4509546821936965,2.45070980489254,4.535351149737835,-2.7939677238464355e-09,-0.358320165425539,0.5,False,False
2011.0,8,0,0,0,0.0,0.0,0.0,1.3840916869230568,1.29730143584311,2.941763874143362,4.656612873077393e-10,0.2259783651679754,0.625,False,False
2012.0,8,0,0,0,0.0,0.0,0.0,1.377812106627971,1.1256089396774769,2.9070663042366505,4.190951585769653e-09,0.6997616607695818,0.625,False,False
2013.0,8,0,0,0,0.0,0.0,0.0,1.6243787966668606,1.1813208274543285,3.8830358646810055,0.0,0.518916780129075,0.625,False,False
2014.0,8,0,0,0,0.0,0.0,0.0,2.298164796549827,1.9587251283228397,4.861523173749447,-1.3969838619232178e-09,-0.448967382311821,0.5,False,False
2015.0,7,0,0,0,0.0,0.0,0.0,2.0787393546530177,2.155885878950357,3.780291970819235,-1.064368656703404e-09,-0.3343212194740772,0.5714285714285714,False,False
2016.0,8,0,0,0,0.0,0.0,0.0,2.5287203835323453,2.0445611402392387,5.557729821652174,-1.8626450382086546e-09,0.20476777479052555,0.5,False,False
2017.0,7,0,0,0,0.0,0.0,0.0,0.4734788052737713,0.3721209987998009,0.9653614573180676,5.321843124913731e-10,0.1076905205845832,0.5714285714285714,False,False
2018.0,7,0,0,0,0.0,0.0,0.0,1.945681304271732,1.0311584658920765,4.710929214954376,1.596552985055106e-09,-0.3531773239374161,0.5714285714285714,False,False
2019.0,7,0,0,0,0.0,0.0,0.0,0.7276838267488139,0.6490102782845497,1.897883117198944,-5.32184328351702e-10,0.1195487007498741,0.7142857142857143,False,False
2020.0,7,0,0,0,0.0,0.0,0.0,2.2258736129317964,2.264281272888184,3.3862391337752342,1.0643687201447198e-09,0.978332407772541,0.5714285714285714,False,False
2021.0,7,0,0,0,0.0,0.0,0.0,1.130269112863711,0.6845003925263882,2.623400293290615,-1.596552985055106e-09,0.2416840009391307,0.5714285714285714,False,False
2022.0,7,0,0,0,0.0,0.0,0.0,1.8839467577636242,2.071404736489057,2.5999519005417824,1.596552913683626e-09,0.1504771932959556,0.5714285714285714,False,False
2023.0,7,0,0,0,0.0,0.0,0.0,1.0364543774298258,1.2138170897960665,1.8414242304861543,1.064368672563733e-09,-0.0627511851489543,0.5714285714285714,False,False
2024.0,7,0,0,0,0.0,0.0,0.0,2.687105971255473,2.494004562497139,4.216714411973953,-5.32184328351702e-10,1.660873744636774,0.5714285714285714,False,False
2025.0,7,0,0,0,0.0,0.0,0.0,2.6257676035165787,3.0376068092882638,5.290133085101843,1.064368656703404e-09,1.0028498321771622,0.5714285714285714,False,False
2026.0,7,0,0,0,0.0,0.0,0.0,2.025327529758215,2.3098764680325985,3.290890347212553,-1.596552985055106e-09,0.7483616024255753,0.5714285714285714,False,False
2027.0,7,0,0,0,0.0,0.0,0.0,0.7203006478292602,0.8270144686102867,1.0254095830023289,2.128737313406808e-09,0.2718435935676098,0.5714285714285714,False,False
2028.0,7,0,0,0,0.0,0.0,0.0,2.228301201015711,2.4466254338622093,3.364739015698433,-5.321843917930177e-10,-0.7179229371249676,0.5714285714285714,False,False
2029.0,8,0,0,0,0.0,0.0,0.0,1.3074640068225563,1.122284760698676,2.9517660327255726,-2.3283064365386963e-09,-0.06660001166164875,0.5,False,False
2030.0,8,0,0,0,0.0,0.0,0.0,3.1758088781498373,3.5946151297539473,5.416342634707689,1.3969838619232178e-09,-0.8474709168076515,0.625,False,False
2031.0,8,0,0,0,0.0,0.0,0.0,1.8548227516002953,1.7262670621275902,3.8350853845477104,2.3283064365386963e-09,0.9085870888084173,0.625,False,False
2032.0,8,0,0,0,0.0,0.0,0.0,0.8682396844960749,1.088233133777976,1.434772789478302,2.328306450416484e-09,0.10830548405647275,0.625,False,False
2033.0,8,0,0,0,0.0,0.0,0.0,0.8367204242385924,0.7843463514000177,1.7602923102676868,-1.3969838619232178e-09,-0.0564452074468136,0.5,False,False
2034.0,8,0,0,0,0.0,0.0,0.0,2.202690261416137,2.441911820322275,3.261861737817526,9.313225746154785e-10,0.7716481201350689,0.5,False,False
2035.0,8,0,0,0,0.0,0.0,0.0,2.226359661668539,1.9208207521587612,4.709959805011749,9.313225746154785e-10,-0.2678911425173282,0.625,False,False
2036.0,8,0,0,0,0.0,0.0,0.0,2.0091592483222485,2.3053918313235044,3.5719089284539223,-9.313225746154785e-10,0.3263288475573063,0.625,False,False
2037.0,8,0,0,0,0.0,0.0,0.0,2.856596721801907,2.5360228046774864,6.377422261983156,4.656612873077393e-10,0.8015223927795887,0.5,False,False
2038.0,8,0,0,0,0.0,0.0,0.0,2.257886319886893,2.5863511990755796,5.020437430590391,2.3283064365386963e-09,0.051685107871890054,0.5,False,False
2039.0,8,0,0,0,0.0,0.0,0.0,1.4356030956842005,1.3650764171034098,3.4116022624075413,-3.2596289556430236e-09,0.3841153755784035,0.625,False,False
2040.0,8,0,0,0,0.0,0.0,0.0,2.399208656977862,2.5948172323405743,3.914911210536957,-4.656612873077393e-10,-0.6398593261837959,0.5,False,False
2041.0,8,0,0,0,0.0,0.0,0.0,0.9187725111842155,0.7848390508443117,1.7594721391797066,1.8626451769865326e-09,0.12349350191652775,0.5,False,False
2042.0,7,0,0,0,0.0,0.0,0.0,1.5444670314235347,1.7581969536840916,2.7642772309482098,5.32184328351702e-10,-0.5444422699511051,0.5714285714285714,False,False
2043.0,8,0,0,0,0.0,0.0,0.0,1.7221210566349328,1.2383421827107668,4.062829095870256,1.3969838619232178e-09,0.24479568190872672,0.5,False,False
2044.0,8,0,0,0,0.0,0.0,0.0,1.037267821840942,0.6096077878028154,2.6528871804475784,1.8626450937198058e-09,-0.1384842619299888,0.625,False,False
2045.0,8,0,0,0,0.0,0.0,0.0,2.036333647556603,1.6137071289122105,5.227041941136122,-9.313225746154785e-10,0.4064938873052597,0.625,False,False
2046.0,7,0,0,0,0.0,0.0,0.0,3.082931999117136,3.477036871016025,4.606561627238989,-5.32184328351702e-10,1.7307358868420124,0.5714285714285714,False,False
2047.0,8,0,0,0,0.0,0.0,0.0,1.6870036129839718,1.3585509695112705,3.776335544884205,3.259629011154175e-09,0.6349713578820229,0.625,False,False
2048.0,8,0,0,0,0.0,0.0,0.0,0.9752885163761675,0.7998189236968756,2.420938551425934,4.656612873077393e-10,-0.1019641291350126,0.625,False,False
2049.0,8,0,0,0,0.0,0.0,0.0,2.287223308812827,2.192536409944296,4.763820417225361,-4.656613428188905e-10,0.740280719473958,0.625,False,False
2050.0,8,0,0,0,0.0,0.0,0.0,2.3723919452168047,2.5583807453513145,5.5565966591238976,1.3969838619232178e-09,-0.16637299954891208,0.5,False,False
2051.0,8,0,0,0,0.0,0.0,0.0,2.418536523822695,1.819592371582985,6.503823082894087,4.656612873077393e-10,-0.16159699112176895,0.5,False,False
2052.0,7,0,0,0,0.0,0.0,0.0,2.3040119728871753,1.0646659322082996,5.2115815207362175,-1.064368656703404e-09,-0.7671399377286434,0.5714285714285714,False,False
2053.0,8,0,0,0,0.0,0.0,0.0,1.9683061940595508,1.9071338344365358,3.779046643525362,9.313225746154785e-10,0.16341149993240833,0.5,False,False
2054.0,8,0,0,0,0.0,0.0,0.0,1.3915723483078182,1.005438944324851,3.205379258841276,4.656612873077393e-10,-0.13590030930936337,0.5,False,False
2055.0,8,0,0,0,0.0,0.0,0.0,1.6758277714252472,1.1839072275906801,3.508615534752608,-1.862645149230957e-09,-0.2802681066095829,0.5,False,False
2056.0,8,0,0,0,0.0,0.0,0.0,1.4449741686694324,1.784930033609271,2.3599072508513927,-2.3283064365386963e-09,0.34014930017292494,0.625,False,False
2057.0,8,0,0,0,0.0,0.0,0.0,1.0176067696884274,0.8244682736694813,2.237370878458023,-1.862645149230957e-09,0.5032503623515368,0.625,False,False
2058.0,8,0,0,0,0.0,0.0,0.0,2.4522567582316697,2.2313585486263037,5.3012619614601135,4.656612873077393e-10,1.3387588821351528,0.75,False,False
2059.0,8,0,0,0,0.0,0.0,0.0,1.4443117268383503,1.4395573772490025,3.172488909214735,-1.862645149230957e-09,0.14838520996272564,0.5,False,False
2060.0,8,0,0,0,0.0,0.0,0.0,0.9168136222288013,0.9081564601510763,2.3771682642400265,9.313225746154785e-10,-0.3316815365105867,0.625,False,False
2061.0,8,0,0,0,0.0,0.0,0.0,1.4519881857559085,1.3418579697608948,3.91595333442092,-9.313224635931761e-10,-0.5671741310507059,0.75,False,False
2062.0,7,0,0,0,0.0,0.0,0.0,1.1201532445847988,0.7802692614495754,2.202840093523264,2.6609217051998257e-09,0.2673938199877739,0.5714285714285714,False,False
2063.0,7,0,0,0,0.0,0.0,0.0,1.3585637637547083,1.4313822239637377,2.834072098135948,-1.0643685932620883e-09,0.1932335160672664,0.5714285714285714,False,False
2064.0,7,0,0,0,0.0,0.0,0.0,2.737108156617199,2.4065109863877296,3.690838977694512,-1.5965530484964218e-09,1.5737246423959732,0.5714285714285714,False,False
2065.0,7,0,0,0,0.0,0.0,0.0,0.9809053651988506,0.927025966346264,2.2935000099241734,-1.596552985055106e-09,-0.1380125135183334,0.5714285714285714,False,False
2066.0,7,0,0,0,0.0,0.0,0.0,2.0344492915485586,2.1146308593451977,3.914494026452303,-1.596552985055106e-09,-0.4059521332383156,0.5714285714285714,False,False
2067.0,7,0,0,0,0.0,0.0,0.0,1.955596053706748,1.878453962504864,3.4690039344131947,5.32184328351702e-10,0.2141440585255623,0.5714285714285714,False,False
2068.0,7,0,0,0,0.0,0.0,0.0,2.5190080675695623,2.6729292199015617,3.446003694087267,-5.32184328351702e-10,0.8219298906624317,0.5714285714285714,False,False
2069.0,7,0,0,0,0.0,0.0,0.0,0.5613000563212803,0.7814276367425919,1.0139485523104668,1.064368656703404e-09,-0.1507493555545807,0.5714285714285714,False,False
2070.0,7,0,0,0,0.0,0.0,0.0,1.2013838003788675,1.3268322609364986,2.447032645344734,-1.2886517250113425e-17,0.0349971391260623,0.5714285714285714,False,False
2071.0,7,0,0,0,0.0,0.0,0.0,1.1589828841388226,1.1598254181444645,2.559562243521213,-1.5965528462772279e-09,-0.0539736784994602,0.5714285714285714,False,False
2072.0,7,0,0,0,0.0,0.0,0.0,1.0929887220263481,0.852937676012516,2.3229163214564323,-2.128737313406808e-09,-0.0654802918434143,0.5714285714285714,False,False
2073.0,7,0,0,0,0.0,0.0,0.0,0.9084025163735662,0.9097221419215202,2.26968665421009,-3.193106033551528e-09,-0.1615771576762199,0.7142857142857143,False,False
2074.0,7,0,0,0,0.0,0.0,0.0,1.6663837007113866,1.673375368118286,2.8523102924227715,6.344131569286608e-17,-0.4155637547373771,0.5714285714285714,False,False
2075.0,7,0,0,0,0.0,0.0,0.0,2.3516080092106546,2.190602533519268,5.686252668499947,3.193105970110212e-09,-0.1200672760605812,0.5714285714285714,False,False
2076.0,7,0,0,0,0.0,0.0,0.0,2.1235978693834374,1.981902148574591,4.390432208776474,-1.596552985055106e-09,-1.2060523368418217,0.5714285714285714,False,False
2077.0,7,0,0,0,0.0,0.0,0.0,2.930444037275655,3.21395381167531,5.533678188920021,1.064368656703404e-09,-1.1069859601557257,0.5714285714285714,False,False
2078.0,7,0,0,0,0.0,0.0,0.0,1.8950764531535762,1.6972667053341866,4.9355008862912655,1.596552985055106e-09,-0.2193098813295364,0.7142857142857143,False,False
2079.0,7,0,0,0,0.0,0.0,0.0,1.6124817074409552,1.5655836090445518,3.065279718488455,1.5965529216137903e-09,0.5721030384302139,0.7142857142857143,False,False
2080.0,7,0,0,0,0.0,0.0,0.0,2.2613166426973685,1.82046389952302,4.6121245957911015,1.596552985055106e-09,-1.4156952127814293,0.5714285714285714,False,False
2081.0,7,0,0,0,0.0,0.0,0.0,2.4128946156374047,2.483587644994259,4.013126511126757,-2.66092164175851e-09,1.1493187583982944,0.5714285714285714,False,False
2082.0,7,0,0,0,0.0,0.0,0.0,0.8596093165022987,0.548337034881115,1.8190476708114147,2.1287372816861503e-09,0.3286235071718693,0.5714285714285714,False,False
2083.0,7,0,0,0,0.0,0.0,0.0,0.7902258618601731,0.887092549353838,1.0871919840574265,5.32184328351702e-10,0.30103874579072,0.5714285714285714,False,False
2084.0,7,0,0,0,0.0,0.0,0.0,1.3888689747878484,1.5610105618834496,2.1594203300774097,3.193105970110212e-09,0.1304192878305912,0.5714285714285714,False,False
2085.0,7,0,0,0,0.0,0.0,0.0,1.234288051724434,1.3836153708398342,2.076549906283617,0.0,0.0938235968351364,0.5714285714285714,False,False
2086.0,7,0,0,0,0.0,0.0,0.0,2.502074299114091,2.903380036354065,3.473625596612692,5.32184328351702e-09,0.7698235101997852,0.5714285714285714,False,False
2087.0,7,0,0,0,0.0,0.0,0.0,1.7231034726968832,2.0112816989421844,2.7873579263687134,1.596552985055106e-09,-0.5626053437590599,0.5714285714285714,False,False
2088.0,7,0,0,0,0.0,0.0,0.0,1.815799292176962,1.6618385277688503,3.032968271523714,-1.5965529533344481e-09,-0.6843850798904896,0.5714285714285714,False,False
2089.0,7,0,0,0,0.0,0.0,0.0,1.134686897375754,1.0915345400571823,2.442844219505787,5.32184328351702e-10,-0.5603105388581753,0.7142857142857143,False,False
2090.0,7,0,0,0,0.0,0.0,0.0,1.7631788876439844,1.4357245042920113,3.874231960624456,-1.5965531119377374e-09,-0.9233968257904052,0.7142857142857143,False,False
2091.0,8,0,0,0,0.0,0.0,0.0,3.1979601001366973,2.948175460100174,6.332349795848131,-9.313225746154785e-10,0.6062947325408458,0.5,False,False
2092.0,7,0,0,0,0.0,0.0,0.0,3.5948574548321113,3.3231087997555733,8.903656236827374,-1.596552985055106e-09,0.2633825987577438,0.5714285714285714,False,False
2093.0,7,0,0,0,0.0,0.0,0.0,2.308126363903284,2.1981212608516216,3.0578659549355507,-5.32184328351702e-10,0.979066513478756,0.5714285714285714,False,False
2094.0,7,0,0,0,0.0,0.0,0.0,0.7613296370421138,0.6806486658751965,1.495563756674528,1.0643686884240618e-09,-0.066760417073965,0.5714285714285714,False,False
2095.0,7,0,0,0,0.0,0.0,0.0,2.580051868089608,2.2526257522404194,4.729310620576143,-2.128737313406808e-09,-0.961631804704666,0.5714285714285714,False,False
2096.0,7,0,0,0,0.0,0.0,0.0,3.155779266996043,2.315539438277483,5.97291612252593,2.128737313406808e-09,-1.9927409775555132,0.5714285714285714,False,False
2097.0,7,0,0,1,0.0,0.0,0.14285714285714285,4.4734549559652805,4.161276381462812,11.495815973728895,2.66092164175851e-09,-0.8069040514528751,0.7142857142857143,False,False
2098.0,7,0,0,0,0.0,0.0,0.0,2.5615093191819533,2.1343444995582104,5.655038733035326,5.32184328351702e-10,-1.4936594665050509,0.7142857142857143,False,False
2099.0,7,0,0,0,0.0,0.0,0.0,2.8091459029487202,1.6725060790777206,7.249049849808216,0.0,0.0856882110238075,0.5714285714285714,False,False
2100.0,8,0,0,0,0.0,0.0,0.0,2.0344991865567863,0.6242308858782053,6.0327068865299225,1.3969838619232178e-09,-0.42841404117643833,0.625,False,False
2101.0,7,0,0,1,0.0,0.0,0.14285714285714285,5.169556845511709,4.053347177803516,13.454029619693756,-1.064368656703404e-09,1.4392040893435478,0.5714285714285714,False,False
2102.0,8,0,0,0,0.0,0.0,0.0,2.3983763908036053,1.9301204290241003,4.886108562350273,1.3969838619232178e-09,-0.4914361536502838,0.5,False,False
2103.0,8,0,0,0,0.0,0.0,0.0,1.9494859362021089,1.8024131376296282,4.59658108651638,9.313225746154785e-10,0.9593208339065313,0.625,False,False
2104.0,8,0,0,0,0.0,0.0,0.0,0.71581293316558,0.610592108219862,1.715735100209713,-1.3969838619232178e-09,0.17903101444244385,0.625,False,False
2105.0,8,0,0,0,0.0,0.0,0.0,0.987956712488085,0.8469294775277376,2.372292086482048,-2.328306464294272e-09,-0.08285497128963469,0.5,False,False
2106.0,8,0,0,0,0.0,0.0,0.0,1.6260505807586014,0.9820880144834518,4.110038474202156,1.3969838619232178e-09,0.17929322086274624,0.5,False,False
2107.0,8,0,0,0,0.0,0.0,0.0,3.197668024804443,2.883779725059867,7.524560172110796,4.656612873077393e-10,1.721342258155346,0.625,False,False
2108.0,8,0,0,0,0.0,0.0,0.0,3.0389632838778198,2.928268127143383,5.732064876705408,-2.3283064365386963e-09,0.4196309596300125,0.5,False,False
2109.0,8,0,0,0,0.0,0.0,0.0,0.813525393139571,0.7551954630762339,1.688656210899353,-4.656612873077393e-10,0.3660194370895624,0.625,False,False
2110.0,8,0,0,0,0.0,0.0,0.0,1.2794654220342636,0.8510355241596699,3.415790643543005,-9.313225746154785e-10,0.21059356071054935,0.625,False,False
2111.0,8,0,0,0,0.0,0.0,0.0,2.865981185808778,2.755021268501878,5.650108132511377,-2.7939677238464355e-09,-0.03057357668876648,0.5,False,False
2112.0,7,0,0,0,0.0,0.0,0.0,2.7106585316359997,2.222894087433815,7.0393663719296455,-1.596552985055106e-09,0.9615538157522678,0.5714285714285714,False,False
2113.0,7,0,0,0,0.0,0.0,0.0,1.3517603373953275,1.3351529836654663,2.3590842708945274,-3.172065784643304e-17,-0.3417997434735298,0.5714285714285714,False,False
2114.0,7,0,0,0,0.0,0.0,0.0,3.001967209790434,1.532083235681057,6.705605566501617,2.128737313406808e-09,-0.9145493991672992,0.5714285714285714,False,False
2115.0,7,0,0,0,0.0,0.0,0.0,2.60208357285176,1.8220255188643928,6.608583368360996,-5.32184328351702e-10,0.9342601411044598,0.5714285714285714,False,False
2116.0,7,0,0,0,0.0,0.0,0.0,2.547706692346505,2.150214530527592,5.480158295482397,0.0,-0.97410511597991,0.7142857142857143,False,False
2117.0,7,0,0,0,0.0,0.0,0.0,1.474113553762436,1.5048807077109814,3.055441666394472,3.96508223080413e-18,-0.2173807322978973,0.5714285714285714,False,False
2118.0,7,0,0,0,0.0,0.0,0.0,2.590773130101817,2.677438225597143,5.314805921167135,0.0,-1.0267590656876564,0.5714285714285714,False,False
2119.0,7,0,0,0,0.0,0.0,0.0,0.7375040889850685,0.7972605228424072,1.1797415614128113,-5.321843233953492e-10,-0.0369826219975948,0.5714285714285714,False,False
2120.0,7,0,0,0,0.0,0.0,0.0,1.0832711080355304,1.2306720726191998,1.5057085566222668,5.32184328351702e-10,-0.5040035285055637,0.5714285714285714,False,False
2121.0,7,0,0,0,0.0,0.0,0.0,0.7828523782747132,0.4573052413761616,1.9199816174805164,1.064368656703404e-09,-0.0088530257344245,0.5714285714285714,False,False
2122.0,7,0,0,0,0.0,0.0,0.0,3.68449276472841,3.852965794503689,8.482245221734047,0.0,1.541655458509922,0.5714285714285714,False,False
2123.0,7,0,0,0,0.0,0.0,0.0,1.1782798857561179,0.9063541740179062,2.816709451377392,1.596552985055106e-09,0.1766237244009971,0.5714285714285714,False,False
2124.0,7,0,0,0,0.0,0.0,0.0,3.4580120385757516,2.6647538766264915,8.66643289104104,5.32184328351702e-10,1.6643261834979055,0.7142857142857143,False,False
2125.0,7,0,0,0,0.0,0.0,0.0,1.5210099395896708,1.4909355156123638,3.1230655387043957,1.5965531119377374e-09,-0.2702632211148739,0.7142857142857143,False,False
2126.0,7,0,0,0,0.0,0.0,0.0,1.6437789191092764,1.745685636997223,2.793985489755869,2.128737313406808e-09,-0.0988875888288021,0.5714285714285714,False,False
2127.0,7,0,0,0,0.0,0.0,0.0,2.196127207151481,1.7756073512136936,4.461420964449644,-1.064368656703404e-09,-0.2858930006623268,0.5714285714285714,False,False
2128.0,7,0,0,0,0.0,0.0,0.0,2.3549081640584126,2.484553758054972,3.5672421604394917,0.0,-1.4597625844180584,0.5714285714285714,False,False
2129.0,7,0,0,0,0.0,0.0,0.0,2.31437343784741,2.3763705119490623,3.99879052489996,-1.0643685932620883e-09,-1.2067382857203484,0.5714285714285714,False,False
2130.0,7,0,0,0,0.0,0.0,0.0,3.0715484310473715,2.596670288592577,8.001914359629154,1.064368656703404e-09,1.009281899780035,0.5714285714285714,False,False
2131.0,7,0,0,0,0.0,0.0,0.0,3.260250125080347,3.494819302111864,4.972842440009117,-1.596552985055106e-09,0.0915597975254058,0.5714285714285714,False,False
2132.0,7,0,0,0,0.0,0.0,0.0,3.019001306699855,3.3686746433377266,4.629932772368193,-5.32184328351702e-10,0.4447232708334923,0.5714285714285714,False,False
2133.0,7,0,0,0,0.0,0.0,0.0,1.0232989362307958,0.9357127286493778,2.1366131119430065,1.064368656703404e-09,-0.2612523026764393,0.7142857142857143,False,False
2134.0,7,0,0,0,0.0,0.0,0.0,1.6746762384261404,1.88854855671525,2.2723017893731594,3.193105970110212e-09,0.6027030795812607,0.5714285714285714,False,False
2135.0,7,0,0,0,0.0,0.0,0.0,0.9499064188982759,0.580346267670393,2.2310086488723755,2.6609216734791677e-09,0.4190068729221821,0.5714285714285714,False,False
2136.0,7,0,0,0,0.0,0.0,0.0,1.5961978515344006,1.372171215713024,3.454719699919224,5.321843917930177e-10,-0.8366845324635506,0.7142857142857143,False,False
2137.0,7,0,0,0,0.0,0.0,0.0,2.083091238779681,2.432107955217361,2.858267419040203,-6.344131569286608e-17,0.885900218039751,0.5714285714285714,False,False
2138.0,7,0,0,0,0.0,0.0,0.0,2.2999567879097804,2.6316443644464016,3.99227636307478,1.0643687201447198e-09,-0.6579644717276096,0.5714285714285714,False,False
2139.0,7,0,0,0,0.0,0.0,0.0,1.639057734715087,1.8469690158963203,2.857354898005724,1.5965530484964218e-09,0.8115859366953373,0.5714285714285714,False,False
2140.0,7,0,0,0,0.0,0.0,0.0,0.8713261453168732,1.023069802671671,1.4793616570532322,0.0,0.0438643358647823,0.5714285714285714,False,False
2141.0,8,0,0,0,0.0,0.0,0.0,2.2687183786183596,2.3652349542826414,5.249958254396915,-2.7939677238464355e-09,0.25472285971045494,0.5,False,False
2142.0,7,0,0,0,0.0,0.0,0.0,1.3263081604880946,0.8076175786554813,2.846369955688715,-5.32184328351702e-10,0.5257806442677975,0.7142857142857143,False,False
2143.0,7,0,0,0,0.0,0.0,0.0,1.3547373882361822,1.3060333989560604,2.6125504933297634,1.0643687201447198e-09,-0.0421120785176754,0.5714285714285714,False,False
2144.0,7,0,0,0,0.0,0.0,0.0,1.2195551975497179,1.3969497866928575,2.3164740689098835,5.32184328351702e-10,-0.3427309989929199,0.5714285714285714,False,False
2145.0,8,0,0,0,0.0,0.0,0.0,1.9511978011578321,1.6629790998995304,4.791837744414806,2.7939677238464355e-09,0.884845033288002,0.625,False,False
2146.0,8,0,0,0,0.0,0.0,0.0,3.7459677164442837,4.0814978536218405,7.770373858511448,-4.656612873077393e-10,0.47979561798274517,0.625,False,False
2147.0,7,0,0,0,0.0,0.0,0.0,1.439737772302968,1.3080521002411842,2.238453209400177,1.064368656703404e-09,-0.3451276235282421,0.5714285714285714,False,False
2148.0,7,0,0,0,0.0,0.0,0.0,2.5558540459190096,3.0205575823783875,3.837774816900492,1.064368656703404e-09,0.8698252364993095,0.5714285714285714,False,False
2149.0,7,0,0,0,0.0,0.0,0.0,1.2476749042315143,1.1885045170783997,3.1783576495945454,-5.3218433380369e-10,0.0181631967425346,0.7142857142857143,False,False
2150.0,8,0,0,0,0.0,0.0,0.0,2.314842655323446,2.1403038669377565,4.82235299795866,-9.313225746154785e-10,0.12801435217261314,0.5,False,False
2151.0,7,0,0,0,0.0,0.0,0.0,1.8989331967064313,2.2568577639758587,3.048375967890024,-3.172065784643304e-17,0.0028920471668243,0.5714285714285714,False,False
2152.0,7,0,0,0,0.0,0.0,0.0,1.6667800114623137,1.7577580250799656,2.559442348778248,2.66092164175851e-09,0.1045831069350242,0.5714285714285714,False,False
2153.0,7,0,0,0,0.0,0.0,0.0,1.8193982786365919,2.1416540928184986,3.730395585298538,1.064368656703404e-09,-0.7273712940514088,0.5714285714285714,False,False
2154.0,7,0,0,0,0.0,0.0,0.0,0.7363798644925866,0.8777284808456898,1.2869835011661053,2.6609216496886745e-09,-0.061712946742773,0.5714285714285714,False,False
2155.0,7,0,0,0,0.0,0.0,0.0,1.6853141438748156,1.7202316261827946,2.92717282474041,-5.32184328351702e-10,0.0587013587355613,0.5714285714285714,False,False
2156.0,7,0,0,0,0.0,0.0,0.0,1.7299150467983313,1.5909073799848557,3.664679478853941,5.32184328351702e-10,-0.7476838827133179,0.7142857142857143,False,False
2157.0,8,0,0,0,0.0,0.0,0.0,2.0630871932953596,1.9137703776359558,4.83430902659893,4.6566128730773926e-09,0.4892139844596386,0.5,False,False
2158.0,7,0,0,0,0.0,0.0,0.0,1.269838989845344,1.1255154944956305,2.521113410592079,-1.0643685932620883e-09,-0.2406376674771309,0.5714285714285714,False,False
2159.0,7,0,0,0,0.0,0.0,0.0,1.3880211556596416,1.1981746181845665,2.62268340960145,5.321843442120309e-10,0.5792526230216026,0.7142857142857143,False,False
2160.0,7,0,0,0,0.0,0.0,0.0,1.8101298553603036,2.002390075474977,3.3776291348040104,2.128737313406808e-09,0.5179186873137951,0.5714285714285714,False,False
2161.0,7,0,0,0,0.0,0.0,0.0,1.3840910675270217,1.6914317682385445,1.7885812260210514,-3.172065784643304e-17,-0.4043963588774204,0.5714285714285714,False,False
2162.0,7,0,0,0,0.0,0.0,0.0,2.484655381313392,2.5177920162677765,4.112969946116209,0.0,0.4118304327130317,0.5714285714285714,False,False
2163.0,7,0,0,0,0.0,0.0,0.0,2.645648227206298,2.432479534298181,4.964379075914621,-1.064368656703404e-09,-1.2770952358841896,0.5714285714285714,False,False
2164.0,7,0,0,0,0.0,0.0,0.0,1.605600079787629,1.541816171258688,3.7063483968377113,-1.596552985055106e-09,-0.1787375323474407,0.5714285714285714,False,False
2165.0,7,0,0,0,0.0,0.0,0.0,2.155809431735958,1.6749353148043156,3.48699589073658,-2.66092164175851e-09,-1.0064005069434645,0.5714285714285714,False,False
2166.0,7,0,0,0,0.0,0.0,0.0,1.5122750108795506,1.67459137737751,2.5566956773400307,-2.660921610037852e-09,0.2226670384407043,0.5714285714285714,False,False
2167.0,8,0,0,0,0.0,0.0,0.0,3.0235121808946133,3.680534716695547,6.402898211032152,1.862645149230957e-09,-0.06214216351509094,0.5,False,False
2168.0,8,0,0,1,0.0,0.0,0.125,4.783392110839486,5.075192099437118,11.523761089891195,-9.313225746154785e-10,0.5680675655603409,0.5,False,False
2169.0,8,0,0,0,0.0,0.0,0.0,1.843161679804325,1.5616268683224916,4.67642430216074,-9.313225746154785e-10,0.554202988743782,0.5,False,False
2170.0,8,0,0,0,0.0,0.0,0.0,1.269521719776094,0.8416681494563818,3.1104713156819344,0.0,-0.34018544666469097,0.75,False,False
2171.0,8,0,0,0,0.0,0.0,0.0,1.0164971458725631,0.8947970457375048,2.046285063028336,1.3969838619232178e-09,-0.08066623657941821,0.5,False,False
2172.0,8,0,0,0,0.0,0.0,0.0,2.598548611626029,2.540065784007311,4.712099067866802,1.862645149230957e-09,0.6236425451934338,0.625,False,False
2173.0,8,0,0,0,0.0,0.0,0.0,0.8997769928537309,1.0981234535574913,1.5461817979812622,1.3969838896787934e-09,0.0708618387579918,0.5,False,False
2174.0,8,0,0,0,0.0,0.0,0.0,1.2931116544641554,1.2036625016480684,2.917189285159111,-2.3283064365386963e-09,-0.0737735815346241,0.5,False,False
2175.0,8,0,0,0,0.0,0.0,0.0,3.0441415472887456,2.9821690544486046,7.373719599097967,4.656612873077393e-10,0.8978283125907183,0.5,False,False
2176.0,8,0,0,0,0.0,0.0,0.0,2.946456576231867,3.0150756184011698,5.438452914357185,2.3283064365386963e-09,-0.6597050223499537,0.625,False,False
2177.0,8,0,0,0,0.0,0.0,0.0,1.2479122877120972,1.184959465637803,3.02995153516531,-5.587935447692871e-09,-0.5811041500419378,0.625,False,False
2178.0,8,0,0,0,0.0,0.0,0.0,1.433991459198296,1.2097433805465698,3.316479079425335,-9.313225746154785e-10,0.2707790974527597,0.625,False,False
2179.0,8,0,0,0,0.0,0.0,0.0,2.24661968043074,1.7736888844519854,5.623341962695122,4.656612873077393e-10,0.0931565258651972,0.5,False,False
2180.0,8,0,0,0,0.0,0.0,0.0,1.3796074581332505,1.0911596585065126,2.844612419605255,-1.3969839451899446e-09,-0.041593870148062706,0.5,False,False
2181.0,8,0,0,0,0.0,0.0,0.0,2.035442083142698,1.271418061107397,5.720380172133446,-2.79396769609086e-09,0.4122438468039036,0.625,False,False
2182.0,8,0,0,0,0.0,0.0,0.0,1.1719785346649587,0.9221980832517147,2.6210214272141457,-1.3969838619232178e-09,0.5345064345747232,0.75,False,False
2183.0,8,0,0,0,0.0,0.0,0.0,1.467336740810424,0.9957062266767025,3.5002306066453457,-4.656612873077393e-10,0.25576990470290184,0.625,False,False
2184.0,8,0,0,0,0.0,0.0,0.0,2.4462269344367087,2.109181871637702,5.673567488789558,-4.656612873077393e-10,1.135481171309948,0.625,False,False
2185.0,8,0,0,0,0.0,0.0,0.0,2.5764510477893054,2.209559703245759,4.869697906076908,-2.3283064365386963e-09,-0.3611977957189082,0.5,False,False
2186.0,8,0,0,0,0.0,0.0,0.0,1.2032349151559174,1.0817030984908342,2.112275898456573,4.656613428188905e-10,0.5851766783744097,0.625,False,False
2187.0,8,0,0,0,0.0,0.0,0.0,1.896889662835747,2.2492547295987606,4.7469775676727295,4.656612873077393e-10,0.10954721085727209,0.625,False,False
2188.0,8,0,0,0,0.0,0.0,0.0,2.0481762923300266,1.9780456759035587,4.297026913613081,-9.313225746154785e-10,0.6295113246887922,0.625,False,False
2189.0,8,0,0,0,0.0,0.0,0.0,2.712692429777235,2.088171575218439,5.635204773396254,-1.3969839729455202e-09,1.4451155290007591,0.75,False,False
2190.0,8,0,0,0,0.0,0.0,0.0,0.8841177150607109,0.8337189685553312,2.320774469524622,-2.7939677238464355e-09,0.1678686067461967,0.625,False,False
2191.0,8,0,0,0,0.0,0.0,0.0,1.1980603174306452,0.9864254593849182,2.126496121287346,-4.6566123179658803e-10,0.6604306064546108,0.625,False,False
2192.0,8,0,0,0,0.0,0.0,0.0,3.094538004603237,2.7949424535036087,5.50500425323844,2.3283064365386963e-09,1.6564854104071856,0.625,False,False
2193.0,8,0,0,0,0.0,0.0,0.0,2.2417136137373745,1.5754017643630505,4.781179007142782,1.3969838619232178e-09,1.4664800893515348,0.75,False,False
2194.0,8,0,0,0,0.0,0.0,0.0,1.4835382653400302,1.3711384776979685,2.4435305781662464,-9.313225746154785e-10,0.4968113210052252,0.625,False,False
2195.0,8,1,0,3,0.125,0.0,0.375,8.995970086660236,6.085895046591759,23.923174880445004,2.3283064365386963e-09,2.720323709771037,0.625,False,False
2196.0,8,0,0,0,0.0,0.0,0.0,1.9187889527529478,1.8372910823673012,3.6934535317122936,-1.8626452047421083e-09,-0.06884997338056564,0.5,False,False
2197.0,8,0,0,0,0.0,0.0,0.0,1.7487932350486517,1.7305908519774675,3.525912329554558,4.6566128730773926e-09,-0.15441053733229634,0.5,False,False
2198.0,8,0,0,0,0.0,0.0,0.0,2.7862815991975367,2.624339295551181,4.897168073803186,-4.656612873077393e-10,0.5711088944226503,0.5,False,False
2199.0,8,0,0,0,0.0,0.0,0.0,1.1361446264199913,1.0373770464211702,2.304016694426537,1.3969838619232178e-09,-0.28400443121790886,0.5,False,False
2200.0,8,0,0,0,0.0,0.0,0.0,2.587660718243569,2.443140473216772,3.9446831606328487,1.3969838619232178e-09,-0.19127979688346375,0.5,False,False
2201.0,8,0,0,0,0.0,0.0,0.0,2.041718357242644,1.8217192571610212,3.630581766366959,-5.551115123125783e-17,0.7090857923030853,0.625,False,False
2202.0,8,0,0,1,0.0,0.0,0.125,5.1432455140165985,5.14617558196187,12.717873122543097,-4.656612873077393e-10,1.6583280209451914,0.625,False,False
2203.0,8,0,0,0,0.0,0.0,0.0,1.8129333034157753,1.8518155217170713,3.548102170228958,0.0,-0.7266492396593094,0.625,False,False
2204.0,7,0,0,0,0.0,0.0,0.0,1.5922201674963747,1.2435138747096062,2.413603845983744,1.5965531119377374e-09,-0.8590278178453445,0.5714285714285714,False,False
2205.0,8,0,0,0,0.0,0.0,0.0,2.239031266886741,1.85786522552371,4.827779117971659,-4.190951585769653e-09,0.7946906574070454,0.625,False,False
2206.0,7,0,0,0,0.0,0.0,0.0,2.3155364165348664,2.543119102716446,3.2845313623547554,2.66092164175851e-09,0.7642859667539597,0.5714285714285714,False,False
2207.0,7,0,0,0,0.0,0.0,0.0,2.045551455978836,2.054567988961935,3.0617147758603096,-1.5965529691947771e-09,-0.9397566914558412,0.5714285714285714,False,False
2208.0,7,0,0,0,0.0,0.0,0.0,1.4667692737919944,1.32161246240139,3.1488249264657497,-2.128737313406808e-09,-0.6085278615355492,0.7142857142857143,False,False
2209.0,7,0,0,0,0.0,0.0,0.0,1.8290091838155473,1.6444536000490189,4.181618865579367,1.0643686487732396e-09,0.1406685560941696,0.5714285714285714,False,False
2210.0,7,0,0,0,0.0,0.0,0.0,2.276141084730625,2.2175792530179024,3.938357945531607,2.128737313406808e-09,-0.1933221444487571,0.5714285714285714,False,False
2211.0,7,0,0,0,0.0,0.0,0.0,2.934913480388267,3.1018153689801693,4.273539640009403,-2.66092164175851e-09,0.7931071259081364,0.5714285714285714,False,False
2212.0,7,0,0,0,0.0,0.0,0.0,1.1830242473099912,1.3321553952991962,1.591097820550203,-1.596553016775764e-09,0.6798107326030731,0.5714285714285714,False,False
2213.0,6,0,0,0,0.0,0.0,0.0,0.8250543319930633,0.8319588992744684,1.3779554516077042,-1.8626451677346742e-09,-0.40562260150909424,0.6666666666666666,False,False
2214.0,8,0,0,0,0.0,0.0,0.0,3.842291679698974,3.7402342166751623,7.969706263393164,2.3283064365386963e-09,1.387471005320549,0.625,False,False
2215.0,8,0,0,0,0.0,0.0,0.0,2.7356978999450803,2.333023654296994,5.585326433181763,1.862645149230957e-09,1.1268851589411497,0.75,False,False
2216.0,8,0,0,0,0.0,0.0,0.0,1.1889015776105225,1.1186354234814644,2.79479168727994,1.3969838064120665e-09,0.35335068777203554,0.625,False,False
2217.0,8,0,0,0,0.0,0.0,0.0,2.5926286191679537,2.5683368165045977,5.012228175997734,2.3283064365386963e-09,0.8162042498588562,0.625,False,False
2218.0,8,0,0,0,0.0,0.0,0.0,2.9537849528715014,3.0838947277516127,5.733574841171503,1.8626450659642302e-09,0.3695617597550154,0.5,False,False
2219.0,8,0,0,0,0.0,0.0,0.0,2.329864179249853,2.160990221425891,4.841196265071631,-2.3283064365386963e-09,0.3929343018680811,0.75,False,False
2220.0,8,0,0,0,0.0,0.0,0.0,2.164921535179019,1.9027143381536007,4.258144438266754,0.0,-0.07310953550040722,0.5,False,False
2221.0,8,0,0,0,0.0,0.0,0.0,2.1255834358744323,2.289090786129236,4.917409397661686,1.3969838064120665e-09,-0.6759370397776365,0.625,False,False
2222.0,8,0,0,0,0.0,0.0,0.0,1.8097197785973549,1.756601957604289,3.939974710345268,2.7939677238464355e-09,0.8650944717228413,0.625,False,False
2223.0,8,0,0,0,0.0,0.0,0.0,2.4211512664332986,2.1843625139445066,5.313562113791704,1.8626450937198058e-09,0.7341308314353227,0.625,False,False
2224.0,8,0,0,0,0.0,0.0,0.0,1.8153727175667882,1.5755804181098938,4.909303352236748,1.862645149230957e-09,0.34156667441129684,0.625,False,False
2225.0,8,0,0,0,0.0,0.0,0.0,1.2633851184509695,0.8103718515485524,2.865049682557583,2.328306464294272e-09,-0.3082535788416862,0.625,False,False
2226.0,8,0,0,0,0.0,0.0,0.0,2.8864410291425884,3.285898333415389,6.253200545907021,-4.656612873077393e-10,0.5894196666777134,0.5,False,False
2227.0,8,0,0,0,0.0,0.0,0.0,2.0656795939430594,2.1719096899032593,4.164226330816746,0.0,0.7006833124905825,0.625,False,False
2228.0,8,0,0,0,0.0,0.0,0.0,2.1474199327640235,1.8961910493671896,4.7972976341843605,4.656613428188905e-10,-0.42321987822651863,0.625,False,False
2229.0,8,0,0,0,0.0,0.0,0.0,2.0860639484599233,2.283419044688344,3.848507504910231,9.313225746154785e-10,-0.013131216168403598,0.5,False,False
2230.0,8,0,0,0,0.0,0.0,0.0,2.6964313122443855,1.9810881596058607,5.050366833806038,-1.3969838619232178e-09,-0.18794856034219265,0.5,False,False
2231.0,7,0,0,0,0.0,0.0,0.0,2.3952637000807693,1.2082711458206177,5.988887995481491,1.596552985055106e-09,0.4879121109843254,0.5714285714285714,False,False
2232.0,7,0,0,0,0.0,0.0,0.0,2.3998273818620612,2.7378617636859417,3.926546681672335,-5.321843362818665e-10,0.4563468918204307,0.5714285714285714,False,False
2233.0,7,0,0,0,0.0,0.0,0.0,1.7068458167569978,1.8087293431162836,3.699334636330605,-1.0643685932620883e-09,-0.582735825330019,0.5714285714285714,False,False
2234.0,7,0,0,0,0.0,0.0,0.0,2.2022701778582165,2.101029332727194,3.5776129961013794,3.1931059066688962e-09,-0.571359146386385,0.5714285714285714,False,False
2235.0,7,0,0,0,0.0,0.0,0.0,2.2979521410805837,2.6599225029349327,4.04613060131669,1.0643685298207727e-09,0.5368409678339958,0.5714285714285714,False,False
2236.0,7,0,0,0,0.0,0.0,0.0,0.7179616444877216,0.5597537346184254,1.8073071613907812,1.064368656703404e-09,-0.1394215263426304,0.5714285714285714,False,False
2237.0,8,0,0,0,0.0,0.0,0.0,2.5249441280029714,2.5975357834249735,4.792953431606293,-1.3969838619232178e-09,-0.032577186822891235,0.5,False,False
2238.0,7,0,0,0,0.0,0.0,0.0,3.0749678515962193,2.235956221818924,5.927670806646347,-2.128737313406808e-09,1.8792589083313944,0.7142857142857143,False,False
2239.0,7,0,0,0,0.0,0.0,0.0,0.9181447806102889,0.7710483781993389,1.6442949287593365,-3.193105970110212e-09,0.4775988347828388,0.7142857142857143,False,False
2240.0,7,0,0,0,0.0,0.0,0.0,1.1392589136958122,0.8536827825009823,2.8286070711910725,3.1931059601975065e-09,0.1058994643390178,0.5714285714285714,False,False
2241.0,8,0,0,0,0.0,0.0,0.0,3.899431105237454,4.306442491710186,6.926169656217098,-4.656613150633149e-10,0.5293494258075951,0.5,False,False
2242.0,7,0,0,0,0.0,0.0,0.0,1.2795235179364681,1.5396049469709396,2.6328829526901245,5.32184328351702e-10,-0.4506025612354278,0.5714285714285714,False,False
2243.0,7,0,0,0,0.0,0.0,0.0,1.0149210409394331,0.7490584775805473,2.2242834270000458,5.32184328351702e-10,0.1101068072021007,0.5714285714285714,False,False
2244.0,7,0,0,0,0.0,0.0,0.0,0.6394654320819038,0.514013733714819,1.575187761336565,-1.064368656703404e-09,-0.1030052378773689,0.5714285714285714,False,False
2245.0,7,0,0,0,0.0,0.0,0.0,4.149200326097863,3.3252550587058067,8.782567389309406,3.725290298461914e-09,-1.586294710636139,0.7142857142857143,False,False
2246.0,7,0,0,0,0.0,0.0,0.0,2.0719907906438624,2.120461996644736,4.3679871968925,5.32184328351702e-10,-1.2842700518667698,0.7142857142857143,False,False
2247.0,7,0,0,0,0.0,0.0,0.0,1.6001903787255287,1.3350677005946636,3.853539943695069,6.344131569286608e-17,-0.6003689058125019,0.7142857142857143,False,False
2248.0,7,0,0,0,0.0,0.0,0.0,2.2405416912266185,2.2869466990232468,3.967609155923128,1.064368656703404e-09,-0.1161481440067291,0.5714285714285714,False,False
2249.0,8,0,0,0,0.0,0.0,0.0,2.667707701679319,2.015253072604537,6.555872820317745,1.3969838619232178e-09,1.2555173188447952,0.75,False,False
2250.0,7,0,0,0,0.0,0.0,0.0,1.571334875055722,1.601565454155207,3.9877291545271873,-2.128737313406808e-09,-0.2581092417240143,0.5714285714285714,False,False
2251.0,7,0,0,0,0.0,0.0,0.0,3.6561355095888888,3.391811847686768,8.688771422952414,-5.32184328351702e-10,-2.0071680024266243,0.7142857142857143,False,False
2252.0,7,1,0,2,0.14285714285714285,0.0,0.2857142857142857,8.31278823050005,6.976013660430908,21.381028324365616,5.32184328351702e-10,-3.1873228922486305,0.5714285714285714,False,False
2253.0,6,0,0,0,0.0,0.0,0.0,2.11882290430367,2.1497468855232,2.859519731253385,6.208816423954507e-10,-0.037097418680787086,0.5,False,False
2254.0,6,0,0,0,0.0,0.0,0.0,1.7190887151906888,1.6261850073933601,3.064496234059334,-6.20881716410319e-10,0.043666595593094826,0.5,False,False
2255.0,8,0,0,2,0.0,0.0,0.25,4.738922850228846,2.7773423697799444,12.74819952622056,-9.313225746154785e-10,-0.710812471807003,0.625,False,False
2256.0,8,0,0,0,0.0,0.0,0.0,2.649380350485444,2.586815256625414,4.85084281116724,0.0,0.0956335999071598,0.5,False,False
2257.0,8,0,0,0,0.0,0.0,0.0,1.6457406324334443,1.4320271592587233,3.718908216804266,1.3969838619232178e-09,-0.4636690746992826,0.625,False,False
2258.0,8,0,0,0,0.0,0.0,0.0,1.140891064889729,0.9593382179737091,2.4064485616981983,-1.862645149230957e-09,0.32722154818475246,0.5,False,False
2259.0,8,0,0,0,0.0,0.0,0.0,1.9961023144423962,2.1107840351760387,4.861092571169138,4.656612928588544e-09,0.7161888014525175,0.625,False,False
2260.0,8,0,0,0,0.0,0.0,0.0,2.0714825284667313,1.981818214058876,4.862833067774773,1.3969838619232178e-09,-0.748910078778863,0.625,False,False
2261.0,8,0,0,0,0.0,0.0,0.0,1.7844199482351542,1.829186474904418,4.300435233861208,0.0,0.12993501685559755,0.5,False,False
2262.0,8,0,0,0,0.0,0.0,0.0,1.4432090427726507,1.5210757069289684,2.6289904341101646,1.862645149230957e-09,0.29663869366049767,0.5,False,False
2263.0,8,0,0,0,0.0,0.0,0.0,1.4307256247848272,1.3359658475965261,3.169356293976307,9.313225191043273e-10,0.2779259234666825,0.5,False,False
2264.0,8,0,0,0,0.0,0.0,0.0,2.1717762812040746,2.2790574431419373,5.012348763644695,4.656612873077393e-10,0.6852805744856596,0.75,False,False
2265.0,8,0,0,0,0.0,0.0,0.0,1.4668418765068054,1.184761393815279,2.92060973867774,-9.313225746154785e-10,0.752808490768075,0.625,False,False
2266.0,8,0,0,0,0.0,0.0,0.0,1.1741112004965544,1.0169345326721668,2.6555556878447533,-9.313226023710541e-10,0.3015663493424654,0.625,False,False
2267.0,8,0,0,0,0.0,0.0,0.0,1.978340337984264,1.7316964473575354,4.0501587726175785,2.7939677238464355e-09,0.4929975736886263,0.5,False,False
2268.0,8,0,0,0,0.0,0.0,0.0,1.7114833486266434,1.9923592526465654,3.3740282468497758,-4.656612873077393e-10,0.06540364772081375,0.5,False,False
2269.0,8,0,0,0,0.0,0.0,0.0,0.6005917019210756,0.4139230791479349,1.4532967582345009,-4.6566124567437583e-10,0.041912270709872246,0.5,False,False
2270.0,7,0,0,0,0.0,0.0,0.0,0.8808233993394035,0.5401309803128242,2.1667504981160164,3.172065784643304e-17,0.1666130274534225,0.5714285714285714,False,False
2271.0,8,0,0,0,0.0,0.0,0.0,1.974645265378058,2.0175479725003242,3.767292376607657,-9.313225746154785e-10,0.5260466299951077,0.625,False,False
2272.0,8,0,0,0,0.0,0.0,0.0,1.643798834644258,1.7023803777992725,3.440429210662842,1.8626450937198058e-09,0.4186471179127693,0.625,False,False
2273.0,7,0,0,0,0.0,0.0,0.0,1.1065010034612246,1.170572765171528,1.907625187188387,2.128737345127466e-09,0.1978010237216949,0.5714285714285714,False,False
2274.0,7,0,0,0,0.0,0.0,0.0,2.23951579151409,2.1547749377787118,3.898019522428513,1.5965531277980664e-09,-0.8128107972443104,0.5714285714285714,False,False
2275.0,8,0,0,0,0.0,0.0,0.0,1.1937443614006042,1.3154111746698618,2.3717509917914867,0.0,0.31388306990265846,0.625,False,False
2276.0,8,0,0,0,0.0,0.0,0.0,0.7867818246595562,0.6869893781840801,1.9930477030575275,-1.3969838619232178e-09,0.08413846977055074,0.5,False,False
2277.0,8,0,0,0,0.0,0.0,0.0,2.246857310179621,1.9024911690503359,4.757311176508665,3.259629011154175e-09,0.32980418391525745,0.5,False,False
2278.0,7,0,0,0,0.0,0.0,0.0,1.430833029959883,1.6777215115725994,2.612161938101053,-3.1931059066688962e-09,-0.2007973976433277,0.5714285714285714,False,False
2279.0,7,0,0,0,0.0,0.0,0.0,1.7179047715451037,1.6947708390653131,2.8755570538342,5.321843600723599e-10,0.5210564322769642,0.5714285714285714,False,False
2280.0,8,0,0,0,0.0,0.0,0.0,1.946657260414213,1.8786633275449276,4.21052423864603,4.656612873077393e-10,0.6504385471343994,0.75,False,False
2281.0,7,0,0,0,0.0,0.0,0.0,1.580866274024759,1.6942639537155628,2.151363205164671,1.064368656703404e-09,0.8865933790802956,0.5714285714285714,False,False
2282.0,7,0,0,0,0.0,0.0,0.0,2.3323809605623995,2.895383831113577,3.967061970382929,5.321842649103863e-10,-0.1489664055407047,0.5714285714285714,False,False
2283.0,7,0,0,0,0.0,0.0,0.0,1.5586115403899126,1.8380668722093103,2.2689325772225857,-1.596552985055106e-09,0.2355406880378723,0.5714285714285714,False,False
2284.0,7,0,0,0,0.0,0.0,0.0,0.7556279455976826,0.5899644568562508,1.6751120761036873,1.596552985055106e-09,0.4005698971450329,0.7142857142857143,False,False
2285.0,7,0,0,0,0.0,0.0,0.0,1.2851270336125578,1.5604079850018024,1.9301439262926576,1.596552985055106e-09,0.2267614230513572,0.5714285714285714,False,False
2286.0,7,0,0,0,0.0,0.0,0.0,0.8970767488437039,0.8390306644141674,1.370822750031948,-5.32184328351702e-10,0.5520821176469326,0.5714285714285714,False,False
2287.0,7,0,0,0,0.0,0.0,0.0,1.8011561115937573,1.9508342444896696,2.6574847511947155,3.725290274671421e-09,-0.2067334502935409,0.5714285714285714,False,False
2288.0,8,0,0,0,0.0,0.0,0.0,1.4525756696239114,1.1634003687649965,3.034480720758438,-9.313225746154785e-10,-0.059459006413817406,0.5,False,False
2289.0,8,0,0,0,0.0,0.0,0.0,1.147113177459687,1.1225423216819763,1.9995916821062565,-2.328306464294272e-09,0.003052596002817154,0.5,False,False
2290.0,8,0,0,0,0.0,0.0,0.0,1.470779881812632,1.218923944979906,2.570330735296011,-9.313225746154785e-10,0.3770001735538244,0.5,False,False
2291.0,7,0,0,0,0.0,0.0,0.0,2.559314215821879,3.010281201452017,3.713981088250876,6.344131569286608e-17,0.4247585833072662,0.5714285714285714,False,False
2292.0,8,0,0,0,0.0,0.0,0.0,2.55208113277331,2.2275040447711945,5.0430165864527225,-2.3283064365386963e-09,1.3152879811823368,0.625,False,False
2293.0,8,0,0,0,0.0,0.0,0.0,2.712443300988525,2.2298808861523867,7.595695979893207,-1.3969838619232178e-09,1.123103778809309,0.625,False,False
2294.0,8,0,0,0,0.0,0.0,0.0,0.35522800451144576,0.38774195872247214,0.6269552037119865,-1.3969838619232178e-09,0.038369989022612544,0.5,False,False
2295.0,8,0,0,0,0.0,0.0,0.0,1.910686164163053,2.2054795306175947,3.5964002199471,-9.313225746154785e-10,0.02165267616510394,0.5,False,False
2296.0,8,0,0,0,0.0,0.0,0.0,2.551852966658771,2.4606139343231916,6.134327955543995,-1.862645149230957e-09,0.905214037746191,0.625,False,False
2297.0,8,0,0,0,0.0,0.0,0.0,1.3027070797979832,0.9216217491775751,2.929051592946053,9.313226301266297e-10,0.05982205271720886,0.5,False,False
2298.0,8,0,0,0,0.0,0.0,0.0,1.1887839077971876,0.9837393071502447,2.3060395754873757,4.656612873077393e-10,0.3642715532332659,0.5,False,False
2299.0,7,0,0,0,0.0,0.0,0.0,1.755941348948649,1.6013710163533688,3.510153628885746,-5.32184328351702e-10,1.0711579211056232,0.5714285714285714,False,False
2300.0,7,0,0,0,0.0,0.0,0.0,1.2031081829752241,0.8992251232266426,2.4860321655869484,1.064368656703404e-09,0.3747114427387714,0.5714285714285714,False,False
2301.0,7,0,0,0,0.0,0.0,0.0,2.697413420038564,2.3631192445755005,5.731559358537197,3.193106033551528e-09,0.3827167153358459,0.5714285714285714,False,False
2302.0,8,0,0,0,0.0,0.0,0.0,2.7093690293841064,2.5228196922689676,6.644016921520233,-2.3283064365386963e-09,1.4056158009916544,0.625,False,False
2303.0,8,0,0,0,0.0,0.0,0.0,2.0027690045535564,1.419919740408659,4.991129126399756,1.8626450937198058e-09,0.3816590793430805,0.5,False,False
2304.0,8,0,0,0,0.0,0.0,0.0,1.1109381336718798,1.2155478205531836,2.472539994865656,-9.313225746154785e-10,0.08941813372075555,0.625,False,False
2305.0,8,0,0,0,0.0,0.0,0.0,2.7931895055808127,2.5221519712358713,6.681245621293783,-4.656612873077393e-10,0.687295861542225,0.625,False,False
2306.0,8,0,0,0,0.0,0.0,0.0,1.2968447813764215,0.8105086367577314,3.018347606062889,1.862645149230957e-09,-0.2740071192383766,0.625,False,False
2307.0,8,0,0,0,0.0,0.0,0.0,0.7255848902277648,0.8053840864449741,1.2243893928825855,-3.2596290389097504e-09,0.14599738642573354,0.625,False,False
2308.0,6,0,0,0,0.0,0.0,0.0,3.3603000498066344,3.4970268718898296,5.591398637741804,6.20881716410319e-10,-1.5434232018887997,0.6666666666666666,False,False
2309.0,6,0,0,0,0.0,0.0,0.0,0.8942920919507742,0.9343794360756874,1.7135887034237385,6.20881716410319e-10,-0.1016469206660986,0.5,False,False
2310.0,7,0,0,0,0.0,0.0,0.0,2.6222027194287096,2.961586341261864,3.544279713183641,5.32184328351702e-10,1.4449343048036098,0.5714285714285714,False,False
2311.0,7,0,0,0,0.0,0.0,0.0,0.8947042226791382,0.642509900033474,2.108734145760536,2.128737313406808e-09,-0.1520387902855873,0.5714285714285714,False,False
2312.0,7,0,0,0,0.0,0.0,0.0,0.990804163472993,0.7919015325605869,2.433605503290892,1.0643687201447198e-09,-0.5718322657048702,0.7142857142857143,False,False
2313.0,7,0,0,0,0.0,0.0,0.0,1.179669373269592,0.9542570225894452,3.004484593868256,-3.7252902350205984e-09,0.1882588677108287,0.5714285714285714,False,False
2314.0,7,0,0,0,0.0,0.0,0.0,1.157313188271863,1.0194935202598572,2.295779302716255,2.128737313406808e-09,0.3027745634317398,0.5714285714285714,False,False
2315.0,8,0,0,0,0.0,0.0,0.0,1.8005645791999996,2.0209461748600006,3.263491965830326,1.3969838341676422e-09,0.532213818281889,0.625,False,False
2316.0,8,0,0,0,0.0,0.0,0.0,2.294089908245951,2.0692165829241276,5.026718493551016,2.3283064365386963e-09,0.32792655378580093,0.5,False,False
2317.0,8,0,0,0,0.0,0.0,0.0,2.21204326255247,1.967725157737732,5.03269974142313,-1.3969838619232178e-09,0.9634758494794369,0.625,False,False
2318.0,8,0,0,0,0.0,0.0,0.0,2.4103132896125317,2.717496318742633,4.168669044971466,-9.313225746154785e-10,0.11714460514485836,0.5,False,False
2319.0,8,0,0,0,0.0,0.0,0.0,1.9213791694492102,2.0778406728059053,3.514269959181547,-1.862645149230957e-09,0.08047309331595895,0.5,False,False
2320.0,8,0,0,0,0.0,0.0,0.0,1.7076373840682209,1.8416325543075802,2.9507477544248104,1.3969838619232178e-09,-0.2391640078276396,0.5,False,False
2321.0,8,0,0,0,0.0,0.0,0.0,1.1955921803601086,1.0127959251403809,2.1012102663517,4.656613150633149e-10,-0.6670275423675776,0.625,False,False
2322.0,8,0,0,0,0.0,0.0,0.0,2.992721751332283,2.9249811451882124,6.448174394667149,-2.7939677238464355e-09,0.34430695138871664,0.625,False,False
2323.0,8,0,0,0,0.0,0.0,0.0,2.79792244033888,2.8914568182080984,5.492322161793709,1.3969838619232178e-09,0.2398833520710468,0.625,False,False
2324.0,8,0,0,0,0.0,0.0,0.0,2.5464600161649287,2.80214748904109,5.739795800298452,-3.259629011154175e-09,0.37944401428103447,0.625,False,False
2325.0,8,0,0,0,0.0,0.0,0.0,3.389306548051536,3.0607958901673555,7.729814007878303,-9.313224635931761e-10,1.541119011119008,0.75,False,False
2326.0,8,0,0,0,0.0,0.0,0.0,2.210456170141697,2.162469694390893,4.454938478767872,1.862645149230957e-09,0.043039148673415184,0.5,False,False
2327.0,8,0,0,0,0.0,0.0,0.0,1.3342878720723093,1.0425610579550266,3.632157169282437,4.6566123179658803e-10,0.28768329136073584,0.625,False,False
2328.0,8,0,0,0,0.0,0.0,0.0,3.393005818128586,3.344151197001338,7.643224783241749,9.313226301266297e-10,-0.1911592110991478,0.5,False,False
2329.0,7,0,0,0,0.0,0.0,0.0,1.3318921774625778,1.3466795273125172,2.2123826034367085,0.0,-0.0273771882057189,0.5714285714285714,False,False
2330.0,8,0,0,0,0.0,0.0,0.0,2.881971353199333,3.2445347663015127,4.343481678515673,-4.656612873077393e-10,-0.8701601233333349,0.625,False,False
2331.0,7,0,0,0,0.0,0.0,0.0,0.5943935939243862,0.4784193187952041,1.24155180901289,1.586032892321652e-17,-0.1770971715450287,0.5714285714285714,False,False
2332.0,8,0,0,0,0.0,0.0,0.0,1.9858112055808306,1.593764215707779,4.909761413931847,9.313226301266297e-10,0.8532892409712076,0.625,False,False
2333.0,8,0,0,0,0.0,0.0,0.0,1.9587544980458915,1.9764454737305641,4.493129953742027,1.3969838619232178e-09,0.6959006264805794,0.75,False,False
2334.0,6,0,0,0,0.0,0.0,0.0,1.5813108446697395,1.3295227382332087,3.5984293781220917,-2.4835267176115394e-09,-0.451901512220502,0.5,False,False
2335.0,7,0,0,0,0.0,0.0,0.0,0.6953425412731511,0.8068884946405888,0.8848132863640785,5.321843402469487e-10,-0.0220378525555133,0.5714285714285714,False,False
2336.0,7,0,0,0,0.0,0.0,0.0,1.02726729160973,1.1601006537675858,1.5695263743400574,-5.32184328351702e-10,0.1694533936679363,0.5714285714285714,False,False
2337.0,7,0,0,0,0.0,0.0,0.0,1.3035445085593633,1.597439620643854,2.3019925616681576,2.1287372182448347e-09,0.0145026035606861,0.5714285714285714,False,False
2338.0,8,0,0,0,0.0,0.0,0.0,1.8633822994306684,2.220605781301856,3.431777156889438,-9.313225746154785e-10,0.12803679332137108,0.5,False,False
2339.0,8,0,0,0,0.0,0.0,0.0,1.6142891650088131,1.3592839296907187,3.2847526855766773,-4.656613150633149e-10,0.7363145258277655,0.625,False,False
2340.0,8,0,0,0,0.0,0.0,0.0,1.7331548822112381,1.5997335948050022,3.2181272581219678,-1.3969838619232178e-09,0.6445097960531712,0.625,False,False
2341.0,8,0,0,0,0.0,0.0,0.0,2.349908836185932,2.68378784134984,4.611242566257715,-9.313225191043273e-10,0.044547064229846,0.5,False,False
2342.0,8,0,0,0,0.0,0.0,0.0,2.228996194433421,1.4942431692034004,5.234873853623867,-1.3969838619232178e-09,0.21355788223445418,0.5,False,False
2343.0,8,0,0,0,0.0,0.0,0.0,1.1688115680590272,0.8048518653959037,2.6264547370374203,2.7755575615628914e-17,0.2195439022034406,0.625,False,False
2344.0,8,0,0,0,0.0,0.0,0.0,1.6880521541461349,1.5315508674830198,3.4314879588782787,2.7939677238464355e-09,0.27866221405565744,0.5,False,False
2345.0,8,0,0,0,0.0,0.0,0.0,1.0085782436653972,0.8591138795018196,2.418654818087816,-1.8626452047421083e-09,-0.38089471496641636,0.625,False,False
2346.0,8,0,0,0,0.0,0.0,0.0,2.951700111385435,2.91922727227211,6.66007175296545,-1.3969838619232178e-09,0.8131717592477798,0.625,False,False
2347.0,8,0,0,0,0.0,0.0,0.0,2.0442418321035802,1.7385157644748692,4.699935790151358,2.3283064365386963e-09,0.8250011373311281,0.625,False,False
2348.0,8,0,0,0,0.0,0.0,0.0,1.8418244528584182,1.603614404797554,3.862248905003071,-2.3283064365386963e-09,1.049413101747632,0.625,False,False
2349.0,8,0,0,0,0.0,0.0,0.0,2.410949311219156,1.9847717452794313,4.63707273080945,-4.656612984099695e-09,1.0795571096241474,0.625,False,False
2350.0,8,0,0,0,0.0,0.0,0.0,1.610681340098381,1.3879528995603323,3.367599591612816,9.313225746154785e-10,0.9686283972114325,0.625,False,False
2351.0,8,0,0,0,0.0,0.0,0.0,1.6823407150804996,1.726765325292945,3.7771145217120647,-9.313225746154785e-10,0.6529495641589165,0.625,False,False
2352.0,8,0,0,0,0.0,0.0,0.0,0.6813980559818447,0.6426213085651398,1.1391258127987385,-4.656612873077393e-10,-0.36205707117915154,0.625,False,False
2353.0,8,0,0,0,0.0,0.0,0.0,1.3797690491192043,1.0889185443520546,3.606753394007683,4.656613428188905e-10,0.3618955798447132,0.75,False,False
2354.0,8,0,0,0,0.0,0.0,0.0,1.4107002331875265,1.295641241595149,3.02542357519269,4.656612873077393e-10,0.43262690491974354,0.75,False,False
2355.0,8,0,0,0,0.0,0.0,0.0,1.4403215455822647,1.3300529979169369,3.332980800420046,-3.259629011154175e-09,0.6858072858303785,0.625,False,False
2356.0,8,0,0,0,0.0,0.0,0.0,1.726152985356748,1.6847664155066013,3.798894938081503,9.313225746154785e-10,0.28896744735538954,0.625,False,False
2357.0,8,0,0,0,0.0,0.0,0.0,1.5026637483388186,1.8518664240837097,3.0335533022880554,0.0,0.09105922281742095,0.625,False,False
2358.0,8,0,0,0,0.0,0.0,0.0,1.4658603887073696,1.3614567667245865,3.00126576423645,4.656612873077393e-10,-0.005266694352030754,0.5,False,False
2359.0,8,0,0,0,0.0,0.0,0.0,1.29672915302217,1.3374820202589035,2.911128107458353,-9.313225746154785e-10,0.503329161554575,0.625,False,False
2360.0,8,0,0,0,0.0,0.0,0.0,1.0223689931444824,0.9345780778676271,2.1510687954723835,4.656612873077393e-10,0.07313350774347785,0.5,False,False
2361.0,8,0,0,0,0.0,0.0,0.0,2.0786690190434456,1.91020368039608,4.610613692551851,-1.862645149230957e-09,0.43199391290545464,0.5,False,False
2362.0,8,0,0,0,0.0,0.0,0.0,1.8744763252325356,1.5780041553080082,3.9448883458971977,-1.3969838619232178e-09,0.6369074750691652,0.625,False,False
2363.0,8,0,0,0,0.0,0.0,0.0,1.3551443498581648,1.355657696723938,2.32750154286623,-1.862645149230957e-09,-0.5940212216228246,0.625,False,False
2364.0,8,0,0,0,0.0,0.0,0.0,0.9144047284498811,0.7811039704829454,1.8725314773619173,9.313225746154785e-10,0.5341408457607031,0.625,False,False
2365.0,8,0,0,0,0.0,0.0,0.0,1.5650468431413174,1.6241323705762625,3.077100995928049,5.5879354199372955e-09,0.533779289573431,0.625,False,False
2366.0,8,0,0,0,0.0,0.0,0.0,1.9353001927956939,2.322392636910081,4.373541943728924,1.8626452047421083e-09,0.28106165677309036,0.625,False,False
2367.0,7,0,0,0,0.0,0.0,0.0,2.2363329753279686,2.177154306322336,4.297580648213625,-1.064368656703404e-09,0.9704458601772784,0.7142857142857143,False,False
2368.0,7,0,0,0,0.0,0.0,0.0,3.51868422595518,3.668400932103396,6.612540356814861,-5.32184328351702e-10,1.567895032465458,0.5714285714285714,False,False
2369.0,8,0,0,0,0.0,0.0,0.0,1.4799008769914508,1.5944983083754778,3.3864644169807434,1.862645149230957e-09,-0.20593420602381227,0.625,False,False
2370.0,8,0,0,0,0.0,0.0,0.0,1.179537667427212,0.8961305432021617,2.9258895814418797,-4.6566125955216364e-10,-0.07186377979815,0.625,False,False
2371.0,8,0,0,0,0.0,0.0,0.0,2.128017081413418,1.8078581411391497,5.390947934240103,1.3969839729455202e-09,0.7591418717056513,0.625,False,False
2372.0,8,0,0,0,0.0,0.0,0.0,1.5099867125973105,1.690810140222311,3.183497864753008,9.313225746154785e-10,0.16833640448749065,0.5,False,False
2373.0,7,0,0,0,0.0,0.0,0.0,1.224667503897633,1.1236590929329395,2.38234044238925,1.596552985055106e-09,-0.2694294080138206,0.5714285714285714,False,False
2374.0,8,0,0,0,0.0,0.0,0.0,0.886005210224539,0.76354113034904,2.1737930178642277,-1.396983917434369e-09,-0.10285716131329535,0.5,False,False
2375.0,7,0,0,0,0.0,0.0,0.0,1.7040712519415788,1.568762518465519,2.7725388780236244,1.596552985055106e-09,-0.7532425597310066,0.5714285714285714,False,False
2376.0,8,0,0,0,0.0,0.0,0.0,3.0994473532773554,1.8233420569449663,7.071084078401327,-2.3283064365386963e-09,-0.9515724256634713,0.625,False,False
2377.0,8,0,0,0,0.0,0.0,0.0,2.6665682732127607,1.7205780651420355,6.486316092312336,-4.656612873077393e-10,-0.6313489824533463,0.625,False,False
2378.0,8,0,0,0,0.0,0.0,0.0,1.9686077474616468,1.6828983668237925,5.539943389594555,-1.396983917434369e-09,0.31482422910630703,0.5,False,False
2379.0,7,0,0,0,0.0,0.0,0.0,0.395239566053663,0.2583192884922027,0.9896742329001428,-2.128737313406808e-09,0.0033045262098312,0.5714285714285714,False,False
2380.0,7,0,0,0,0.0,0.0,0.0,1.774403804647071,1.5913934111595154,2.904888443648815,-5.32184328351702e-10,-0.7197574004530907,0.5714285714285714,False,False
2381.0,7,0,0,0,0.0,0.0,0.0,1.293511975556612,1.4922826439142227,2.249568473547697,5.321843600723599e-10,-0.110831145197153,0.5714285714285714,False,False
2382.0,7,0,0,0,0.0,0.0,0.0,1.3659110361976283,1.608078844845295,2.2416164986789227,5.32184328351702e-10,0.3560045510530472,0.5714285714285714,False,False
2383.0,7,0,0,0,0.0,0.0,0.0,1.740601159632206,1.906464520841837,2.345218624919653,0.0,0.9753919430077076,0.5714285714285714,False,False
2384.0,8,0,0,0,0.0,0.0,0.0,1.6627893382683396,1.5881602670997381,3.932039715349674,-9.313225191043273e-10,0.7051068656146526,0.75,False,False
2385.0,8,0,0,0,0.0,0.0,0.0,0.630467526614666,0.45601799711585045,1.458755899220705,0.0,0.04609780572354795,0.5,False,False
2386.0,8,0,0,0,0.0,0.0,0.0,1.9430380589328706,1.7223824504762888,3.934412624686957,-4.656612873077393e-10,0.2355691883713007,0.5,False,False
2387.0,8,0,0,0,0.0,0.0,0.0,0.8684515031054616,0.7419120259582996,1.9058478586375716,3.725290242950763e-09,0.5642153862863779,0.75,False,False
2388.0,8,0,0,0,0.0,0.0,0.0,1.2459017373621464,0.5482128337025642,3.347014535218477,-2.7939676683352843e-09,-0.2700833790004253,0.625,False,False
2389.0,8,0,0,0,0.0,0.0,0.0,2.376449704170227,2.147922618314624,5.139539770781994,-1.862645149230957e-09,0.7259689234197139,0.625,False,False
2390.0,8,0,0,0,0.0,0.0,0.0,1.9928128067404032,1.7064283099025488,3.941049709916115,-5.551115123125783e-17,0.136057298630476,0.5,False,False
2391.0,8,0,0,0,0.0,0.0,0.0,2.0050188079476357,1.6290915720164776,4.453089766204357,2.7939677238464355e-09,0.43915873020887364,0.5,False,False
2392.0,7,0,0,0,0.0,0.0,0.0,2.031412608921528,2.367835447192192,3.069170229136944,-3.193105970110212e-09,0.7978516556322575,0.5714285714285714,False,False
2393.0,7,0,0,0,0.0,0.0,0.0,1.0966866154755865,0.6593181528151035,2.600162234157324,-1.064368656703404e-09,-0.2215079218149185,0.5714285714285714,False,False
2394.0,7,0,0,0,0.0,0.0,0.0,0.7313852123916149,0.6871983222663403,1.327768873423338,1.596552985055106e-09,-0.1599949672818184,0.7142857142857143,False,False
2395.0,7,0,0,0,0.0,0.0,0.0,0.9039121062627861,0.5816984735429287,1.8314340077340605,-5.321843204215376e-10,-0.330738216638565,0.7142857142857143,False,False
2396.0,8,0,0,0,0.0,0.0,0.0,2.6769550531171262,3.028102520853281,6.461804389953613,-1.3969838619232178e-09,-0.2656911462545395,0.5,False,False
2397.0,8,0,0,0,0.0,0.0,0.0,1.9361242055892944,1.1474539618939161,4.749529086053371,-2.7939677238464355e-09,-0.19430907815694812,0.5,False,False
2398.0,7,0,0,0,0.0,0.0,0.0,0.9351562964064735,1.02824392542243,1.6426410600543022,-1.0643686689703773e-09,-0.1344107910990715,0.5714285714285714,False,False
2399.0,7,0,0,0,0.0,0.0,0.0,2.10300038382411,2.6410421282053,3.3542169332504272,-3.7252902032999404e-09,0.6060607098042965,0.5714285714285714,False,False
2400.0,8,0,0,0,0.0,0.0,0.0,1.8593241414055228,1.715131338685751,4.158513225615025,1.862645149230957e-09,0.8715023826807737,0.625,False,False
2401.0,8,0,0,0,0.0,0.0,0.0,1.823672289494425,1.8215137105435133,3.720363851636648,-4.656612873077393e-10,0.3486966993659735,0.75,False,False
2402.0,8,0,0,0,0.0,0.0,0.0,2.195409160107374,1.7714849803596735,4.487948797643185,9.313225746154785e-10,-0.19440000876784325,0.5,False,False
2403.0,7,0,0,0,0.0,0.0,0.0,1.9594335156892027,2.1964996233582497,2.8896485678851604,5.32184328351702e-10,0.9017807692289352,0.5714285714285714,False,False
2404.0,8,0,0,0,0.0,0.0,0.0,1.8626918848603964,1.8250332586467266,4.693465296179056,9.313225746154785e-10,0.772661255672574,0.625,False,False
2405.0,8,0,0,0,0.0,0.0,0.0,0.9761613174341619,0.9340352490544319,2.3001307398080826,-4.656612873077393e-10,0.021408107131719603,0.5,False,False
2406.0,9,0,0,0,0.0,0.0,0.0,5.546545189701849,4.495929662138224,9.795000664889812,1.241763432820638e-09,3.1179013438522816,0.5555555555555556,False,False
2407.0,8,0,0,0,0.0,0.0,0.0,4.191602230537683,4.642408674582839,6.119378801435232,2.3283064365386963e-09,0.6509068794548512,0.5,False,False
2408.0,8,0,0,0,0.0,0.0,0.0,5.995501664932817,6.478877520188689,8.866239238530397,-4.656612873077393e-10,-0.0022014323621988297,0.5,False,False
2409.0,8,0,0,0,0.0,0.0,0.0,1.6545174126513302,1.34914455935359,3.336984176188708,4.656612873077393e-10,0.16314583830535412,0.5,False,False
2410.0,8,0,0,0,0.0,0.0,0.0,6.521504077594727,6.758635502308607,9.739567764103413,2.3283064365386963e-09,1.6839468739926815,0.5,False,False
2411.0,8,0,0,0,0.0,0.0,0.0,6.220470767933875,5.936941551044583,9.037467267364264,-4.656612873077393e-10,-0.2971990890800953,0.5,False,False
2412.0,8,0,0,0,0.0,0.0,0.0,4.4072753502987325,4.629696944728494,5.772475752979517,-1.3969838619232178e-09,0.7426467053592205,0.5,False,False
2413.0,8,0,0,0,0.0,0.0,0.0,3.599374254234135,3.5987048596143723,5.473748117685318,-1.862645149230957e-09,0.5270076673477888,0.5,False,False
2414.0,8,0,0,0,0.0,0.0,0.0,4.625960795674473,5.551717586815357,7.400408003479242,-1.3969838619232178e-09,-0.3766296450048685,0.625,False,False
2415.0,8,0,0,0,0.0,0.0,0.0,2.6978719565086067,2.5136279966682196,5.864960253238678,1.3969838619232178e-09,-0.4758091066032648,0.625,False,False
2416.0,8,0,0,0,0.0,0.0,0.0,4.70977453654632,4.726235721260309,9.746755596250296,-1.3969838619232178e-09,1.9369474854320288,0.625,False,False
2417.0,7,0,0,0,0.0,0.0,0.0,1.8530021559979235,1.686314508318901,3.4116169288754463,1.596552985055106e-09,0.5039131157100201,0.5714285714285714,False,False
2418.0,7,0,0,0,0.0,0.0,0.0,1.7666200356824058,1.575650617480278,2.910639863461256,0.0,-0.7016821578145027,0.5714285714285714,False,False
2419.0,7,0,0,0,0.0,0.0,0.0,2.0842730083635876,1.9582739546895027,3.580851450562477,-2.128737313406808e-09,-0.6904025673866272,0.5714285714285714,False,False
2420.0,8,0,0,0,0.0,0.0,0.0,3.6507710930891335,3.2866393961012363,9.450839709490538,-1.3969838619232178e-09,1.0055996552109718,0.625,False,False
2421.0,8,0,0,0,0.0,0.0,0.0,1.614444829057902,1.2211548779159784,3.254640534520149,-3.259629011154175e-09,0.9385766480118036,0.75,False,False
2422.0,8,0,0,0,0.0,0.0,0.0,3.175303134135902,2.9757599886506796,7.086280923336744,1.862645149230957e-09,1.0226801950484514,0.625,False,False
2423.0,8,0,0,0,0.0,0.0,0.0,3.8968421793542802,3.3649608064442873,8.637656759470701,4.656612873077393e-10,1.1693002730607986,0.625,False,False
2424.0,7,0,0,0,0.0,0.0,0.0,1.6723652066929,1.8871788457036016,3.733846101909876,-4.257474692237473e-09,0.104940328747034,0.5714285714285714,False,False
2425.0,7,0,0,0,0.0,0.0,0.0,2.7112016395798753,3.0441968217492104,4.555656716227531,-5.32184328351702e-10,-0.1822722628712654,0.5714285714285714,False,False
2426.0,7,0,0,0,0.0,0.0,0.0,0.6073059375797,0.6067527830600739,0.9831558838486671,1.064368656703404e-09,-0.1032267585396766,0.5714285714285714,False,False
2427.0,7,0,0,0,0.0,0.0,0.0,1.1251666913075107,1.1981927081942558,2.032887376844883,-5.32184328351702e-10,-0.3673482239246368,0.5714285714285714,False,False
2428.0,7,0,0,0,0.0,0.0,0.0,0.6121653206646442,0.613320529460907,1.1374801881611347,-5.32184328351702e-10,0.02853399887681,0.5714285714285714,False,False
2429.0,7,0,0,0,0.0,0.0,0.0,1.6717121132782526,1.86278972402215,3.20279148966074,0.0,-0.0302648097276687,0.5714285714285714,False,False
2430.0,7,0,0,0,0.0,0.0,0.0,1.3257032936172826,1.2578075863420963,2.8968271799385548,1.596552985055106e-09,-0.3085601888597011,0.5714285714285714,False,False
2431.0,7,0,0,0,0.0,0.0,0.0,1.577625164496047,1.86145892739296,2.891387164592743,-2.6609217051998257e-09,0.0962995700538158,0.5714285714285714,False,False
2432.0,7,0,0,0,0.0,0.0,0.0,1.0163235472781318,0.8014157488942146,2.4620354771614075,0.0,-0.1246189214289188,0.5714285714285714,False,False
2433.0,7,0,0,0,0.0,0.0,0.0,2.0514947484646524,2.069686572998762,3.4010749980807304,-1.1895246692412391e-17,0.138390228152275,0.5714285714285714,False,False
2434.0,7,0,0,0,0.0,0.0,0.0,1.6154760478862695,0.7978099584579468,3.9233133643865594,1.5965531119377374e-09,0.3131943680346012,0.7142857142857143,False,False
2435.0,7,0,0,0,0.0,0.0,0.0,2.0228468541588103,2.075499664992094,2.811429724097252,1.064368656703404e-09,-1.3116962648928163,0.5714285714285714,False,False
2436.0,7,0,0,0,0.0,0.0,0.0,1.13769703997033,1.1028561778366566,1.6405281238257885,0.0,0.1601384319365024,0.5714285714285714,False,False
2437.0,7,0,0,0,0.0,0.0,0.0,1.1175549748752798,1.1891486681997776,1.418829284608364,-5.321843124913731e-10,0.3608139678835869,0.5714285714285714,False,False
2438.0,7,0,0,0,0.0,0.0,0.0,1.9967155387359006,1.7735894732177258,3.7840015329420567,-1.5965529295439547e-09,0.3319131955504417,0.5714285714285714,False,False
2439.0,7,0,0,0,0.0,0.0,0.0,1.529996452054807,1.7030549719929695,2.0248429365456104,2.66092164175851e-09,-0.2990090772509575,0.5714285714285714,False,False
2440.0,7,0,0,0,0.0,0.0,0.0,1.6395432762801647,1.5552506782114506,2.92743656039238,-2.6609216516712155e-09,0.1237188093364238,0.5714285714285714,False,False
2441.0,8,0,0,0,0.0,0.0,0.0,1.712119699921459,1.895346723496914,2.7339471615850925,1.3969838619232178e-09,-0.6262726113200187,0.625,False,False
2442.0,8,0,0,0,0.0,0.0,0.0,4.98997949808836,5.1627602856606245,7.468082565814257,-2.7939677238464355e-09,1.5216387584805489,0.5,False,False
2443.0,8,0,0,0,0.0,0.0,0.0,4.877739577088505,4.7490156181156635,8.773226834833622,-2.3283064365386963e-09,2.1030071079730988,0.625,False,False
2444.0,8,0,0,0,0.0,0.0,0.0,5.2652372173033655,5.258906528353691,10.192542411386968,1.3969836398786128e-09,2.3702707942575216,0.625,False,False
2445.0,8,0,0,0,0.0,0.0,0.0,2.5076406388543546,2.829942487180233,3.798991478979588,4.6566123179658803e-10,-0.07967117056250583,0.5,False,False
2446.0,8,0,0,0,0.0,0.0,0.0,3.4725218727253377,3.3694598600268364,7.640908431261778,3.259629011154175e-09,1.5995039604604244,0.625,False,False
2447.0,9,0,0,0,0.0,0.0,0.0,3.9982979032728405,4.354795750230551,9.2623520642519,-8.27842288547092e-10,0.8906640782952309,0.5555555555555556,False,False
2448.0,9,0,0,0,0.0,0.0,0.0,4.947477360566457,5.8207972683012486,9.117108814418316,-2.4835268162980304e-09,-0.7545216381549835,0.5555555555555556,False,False
2449.0,9,0,0,0,0.0,0.0,0.0,5.233899572243293,6.152977727353573,8.118335854262114,-4.13921144273546e-10,-1.231573861092329,0.5555555555555556,False,False
2450.0,9,0,0,1,0.0,0.0,0.1111111111111111,5.960888684623772,7.462624236941338,12.457388579845428,1.6556846757806751e-09,0.381887674331665,0.5555555555555556,False,False
2451.0,9,0,0,0,0.0,0.0,0.0,4.770296168410116,4.81824329867959,9.474654842168093,4.13921144273546e-10,-1.399267576634884,0.5555555555555556,False,False
2452.0,8,0,0,0,0.0,0.0,0.0,4.000378812197596,4.460176693275571,7.081161864101887,-4.656612873077393e-10,1.5209814086556435,0.625,False,False
2453.0,9,0,0,0,0.0,0.0,0.0,4.853549939476782,4.250512011349201,8.518847517669201,-4.139210949303005e-10,-0.771480418741703,0.5555555555555556,False,False
2454.0,9,0,0,1,0.0,0.0,0.1111111111111111,5.730264135532909,5.369991153478622,10.37671258673072,-1.6556849718401483e-09,-1.344984009861946,0.5555555555555556,False,False
2455.0,9,0,0,0,0.0,0.0,0.0,4.399382000168164,4.355133548378944,7.955993328243494,-1.655684577094184e-09,0.0666196420788765,0.5555555555555556,False,False
2456.0,8,0,0,0,0.0,0.0,0.0,3.0774181010201573,2.9895996283739805,4.676131475716829,9.313225746154785e-10,-0.8475522678345442,0.5,False,False
2457.0,8,0,0,0,0.0,0.0,0.0,6.397784535307437,6.855745045468211,7.620598755776882,1.3969838619232178e-09,1.039143055677414,0.5,False,False
2458.0,8,0,0,1,0.0,0.0,0.125,7.250952651258558,7.196343397721648,12.29728913679719,1.3969838619232178e-09,2.4009758085012436,0.5,False,False
2459.0,9,0,0,1,0.0,0.0,0.1111111111111111,6.472184296283457,7.307660397142172,12.525398522615433,-8.278424859200741e-10,1.2382246479392052,0.5555555555555556,False,False
2460.0,9,0,0,0,0.0,0.0,0.0,4.762746631271309,4.341017462313175,8.296691931784153,-8.27842288547092e-10,2.092640895396471,0.5555555555555556,False,False
2461.0,9,0,0,0,0.0,0.0,0.0,2.8917535435822277,3.3401510417461395,6.027065336704254,-4.13921144273546e-09,-0.740124948322773,0.5555555555555556,False,False
2462.0,8,0,0,0,0.0,0.0,0.0,3.4442947609350085,2.957003803923726,6.966123890131712,-1.862645149230957e-09,1.509625619277358,0.625,False,False
2463.0,8,0,0,0,0.0,0.0,0.0,3.9169562542811036,4.662391377612948,6.012061510235071,-1.862645149230957e-09,-0.3730417415499687,0.5,False,False
2464.0,8,0,0,0,0.0,0.0,0.0,4.923910977784544,4.891291748732328,7.683916341513395,1.396983917434369e-09,0.2598292063921692,0.5,False,False
2465.0,8,0,0,0,0.0,0.0,0.0,4.569770012516528,4.309829713776708,8.676087699830532,1.3969838619232178e-09,2.0892309565097094,0.625,False,False
2466.0,8,0,0,0,0.0,0.0,0.0,3.757192526012659,3.8575272355228662,5.019008118659258,9.313225746154785e-10,-0.5096527952700853,0.5,False,False
2467.0,8,0,0,0,0.0,0.0,0.0,3.941656936891377,3.635676134377718,7.427805118262768,9.313225746154785e-10,1.945561395958066,0.625,False,False
2468.0,9,0,0,0,0.0,0.0,0.0,5.199509540779723,4.307627163827419,10.90327751263976,-4.1392094690056386e-10,2.5391961708664894,0.5555555555555556,False,False
2469.0,9,0,0,0,0.0,0.0,0.0,2.954337211118804,3.7383405342698097,5.785938736051321,-8.27842288547092e-10,-0.4570732973515987,0.5555555555555556,False,False
2470.0,9,0,0,0,0.0,0.0,0.0,4.592156538118918,4.907767742872238,8.142985966056585,-4.1392104558705495e-10,-1.687022779136896,0.5555555555555556,False,False
2471.0,8,0,0,0,0.0,0.0,0.0,3.229104566387832,3.440744796767831,6.034928668290377,9.313226301266297e-10,1.1305329613387585,0.625,False,False
2472.0,8,0,0,0,0.0,0.0,0.0,3.5179778411984444,3.4119796603918076,6.326204348355532,-1.862645149230957e-09,1.462662160396576,0.625,False,False
2473.0,9,0,0,0,0.0,0.0,0.0,4.357928064134386,4.89707550033927,8.781743735074997,8.27842288547092e-10,-0.3677377253770828,0.6666666666666666,False,False
2474.0,8,0,0,0,0.0,0.0,0.0,3.89119177730754,4.276219820603728,4.68826987221837,4.656612873077393e-10,0.2522976864129305,0.5,False,False
2475.0,8,0,0,0,0.0,0.0,0.0,4.87594805797562,5.323507826775312,7.887635547667742,-1.3969837509009153e-09,1.6711097247898579,0.5,False,False
2476.0,8,0,0,0,0.0,0.0,0.0,3.7920185863040388,4.095532530918717,4.994052790105343,3.2596289556430236e-09,0.35442182794213306,0.5,False,False
2477.0,8,0,0,0,0.0,0.0,0.0,3.0623605367727578,3.1196421664208174,5.921565007418394,1.3969838619232178e-09,0.9340273626148701,0.625,False,False
2478.0,8,0,0,0,0.0,0.0,0.0,3.4393386747688055,3.7265971396118402,6.528671745210886,-2.7939677238464355e-09,0.7963376361876726,0.5,False,False
2479.0,8,0,0,0,0.0,0.0,0.0,3.78151888679713,3.7634526547044516,7.499360054731369,2.7939677238464355e-09,1.5885336361825466,0.625,False,False
2480.0,8,0,0,0,0.0,0.0,0.0,4.019810660742223,4.363029500469565,7.619361001998186,1.862645149230957e-09,0.7787305563688278,0.5,False,False
2481.0,9,0,0,0,0.0,0.0,0.0,4.012319643878275,3.5173496529459958,7.311917416751385,-2.0696056720244846e-09,1.008419793099165,0.5555555555555556,False,False
2482.0,9,0,0,0,0.0,0.0,0.0,4.530024835632907,4.132361836731434,8.999835409224033,-1.655684577094184e-09,-0.7717299982905388,0.5555555555555556,False,False
2483.0,9,0,0,0,0.0,0.0,0.0,3.7401868833435907,3.2921960540115838,7.636262368410826,-8.278423378903376e-10,1.1117704287171364,0.5555555555555556,False,False
2484.0,9,0,0,0,0.0,0.0,0.0,2.919462085598045,3.070066686719656,5.65128181129694,0.0,0.4164646901190281,0.5555555555555556,False,False
2485.0,9,0,0,0,0.0,0.0,0.0,3.1699981528023877,3.383302167057991,5.767357457429171,4.13921144273546e-10,-0.178595595061779,0.5555555555555556,False,False
2486.0,9,0,0,0,0.0,0.0,0.0,4.784425081892146,3.836297273635864,11.326514143496752,4.13921144273546e-10,0.8603570647537708,0.5555555555555556,False,False
2487.0,9,0,0,0,0.0,0.0,0.0,4.4591250572767525,4.8889292031526566,8.296185620129108,-1.241763432820638e-09,-0.9393137730658054,0.5555555555555556,False,False
2488.0,9,0,0,0,0.0,0.0,0.0,5.558925056623088,5.869603395462036,10.068475153297186,8.27842288547092e-10,-1.4325766041874886,0.5555555555555556,False,False
2489.0,9,0,0,0,0.0,0.0,0.0,5.11400355771184,5.954265054315329,9.835469461977482,4.13921144273546e-10,-1.4351835809648037,0.5555555555555556,False,False
2490.0,9,0,0,0,0.0,0.0,0.0,4.276779716627465,4.53010168671608,7.665470018982887,1.241763432820638e-09,-1.8139130026102064,0.6666666666666666,False,False
2491.0,9,0,0,0,0.0,0.0,0.0,3.5466899764206676,2.340598039329052,8.25927471742034,-8.278422977989506e-10,0.087326917797327,0.5555555555555556,False,False
2492.0,9,0,0,0,0.0,0.0,0.0,4.276962946272558,4.9223418310284615,6.317320127040148,-2.06960572136773e-09,-0.5271879695355892,0.5555555555555556,False,False
2493.0,9,0,0,0,0.0,0.0,0.0,3.5711232696970305,3.5982154309749603,5.761334765702486,8.278423378903376e-10,-0.1810075119137764,0.5555555555555556,False,False
2494.0,9,0,0,0,0.0,0.0,0.0,4.251189577496714,3.246043138206005,7.480158217251301,-1.241763432820638e-09,0.8532699048519135,0.5555555555555556,False,False
2495.0,9,0,0,0,0.0,0.0,0.0,5.479913351850377,6.094996590167284,9.45680693909526,2.0696055239947477e-09,0.0039264149963855,0.5555555555555556,False,False
2496.0,9,0,0,0,0.0,0.0,0.0,4.794351809968551,4.8883875869214535,9.493931148201227,4.13921144273546e-10,0.5612335614860058,0.5555555555555556,False,False
2497.0,9,0,0,0,0.0,0.0,0.0,4.721968799415562,5.19654443114996,7.991599578410387,4.13921144273546e-10,-0.1957687065005302,0.5555555555555556,False,False
2498.0,9,0,0,0,0.0,0.0,0.0,4.522389750927687,5.50202764198184,8.958615973591805,1.2417634821638837e-09,-0.3849607296288013,0.5555555555555556,False,False
2499.0,9,0,0,0,0.0,0.0,0.0,3.831528132988347,4.553416769951582,7.322696946561336,-8.27842288547092e-10,-0.5655837282538414,0.5555555555555556,False,False
2500.0,9,0,0,1,0.0,0.0,0.1111111111111111,6.500492880327834,6.2198768481612206,14.0460125207901,1.241763432820638e-09,1.5408943183720112,0.5555555555555556,False,False
2501.0,9,0,0,0,0.0,0.0,0.0,4.889206756320265,5.677927374839783,9.312406614422798,0.0,-1.4149570688605309,0.5555555555555556,False,False
2502.0,9,0,0,0,0.0,0.0,0.0,4.720520960787932,5.116096321493387,9.258796155452728,8.27842288547092e-10,0.7294181026518345,0.5555555555555556,False,False
2503.0,9,0,0,0,0.0,0.0,0.0,5.601612196200424,6.906161032617092,9.177615780383348,0.0,-0.63284907117486,0.6666666666666666,False,False
2504.0,9,0,0,0,0.0,0.0,0.0,5.5749096522728605,5.892850447446108,11.010206080973148,-1.6556847744671661e-09,1.0536812990903854,0.5555555555555556,False,False
2505.0,9,0,0,0,0.0,0.0,0.0,3.8172965993483863,5.061717048287392,8.002469971776009,-2.483526865641276e-09,-0.1261962838470935,0.5555555555555556,False,False
2506.0,9,0,0,0,0.0,0.0,0.0,4.0341769605875015,4.372722070664167,7.258160173892975,-8.27842288547092e-10,-0.7423733286559582,0.5555555555555556,False,False
2507.0,9,0,0,0,0.0,0.0,0.0,4.47454055191742,5.220720861107111,6.704461604356766,-4.13921144273546e-10,0.0128742828965187,0.5555555555555556,False,False
2508.0,9,0,0,0,0.0,0.0,0.0,4.746154827376206,4.312852084636688,9.60339442268014,2.483526865641276e-09,1.6675887182354927,0.5555555555555556,False,False
2509.0,9,0,0,0,0.0,0.0,0.0,4.467280355592568,4.917969238013029,8.53544295579195,-1.6556846757806751e-09,-1.0163884945213797,0.5555555555555556,False,False
2510.0,9,0,0,0,0.0,0.0,0.0,4.871560106260909,4.476390086114407,9.905296172946692,1.241763432820638e-09,-1.68327247351408,0.5555555555555556,False,False
2511.0,9,0,0,0,0.0,0.0,0.0,4.608073142667611,5.163332983851433,9.50243480876088,3.311368858128895e-09,-0.5333022102713585,0.5555555555555556,False,False
2512.0,9,0,0,0,0.0,0.0,0.0,4.080472405999899,4.5235372968018055,7.435112435370684,2.897448108601313e-09,0.420235276222229,0.5555555555555556,False,False
2513.0,9,0,0,1,0.0,0.0,0.1111111111111111,7.429016746166679,7.333104137331247,12.383716709911823,-4.13921144273546e-10,2.136194881051779,0.5555555555555556,False,False
2514.0,9,0,0,1,0.0,0.0,0.1111111111111111,6.690474407954349,4.886784367263317,12.090365786105394,3.725290298461914e-09,1.369871374219656,0.5555555555555556,False,False
2515.0,8,0,0,0,0.0,0.0,0.0,2.674988350830972,3.0244105588644743,4.787716828286648,9.313225746154785e-10,-0.2888741511851549,0.625,False,False
2516.0,8,0,0,0,0.0,0.0,0.0,3.564273129682988,3.3592503797262907,7.254896435886621,1.3969839729455202e-09,1.458077447488904,0.625,False,False
2517.0,9,0,0,0,0.0,0.0,0.0,3.7509298088649907,2.795153230428696,8.249067574739456,-2.06960572136773e-09,0.4523497484624386,0.5555555555555556,False,False
2518.0,8,0,0,0,0.0,0.0,0.0,3.6061329185031354,3.473544165492058,6.0801658891141415,4.656612873077393e-10,0.03831034153699875,0.5,False,False
2519.0,9,0,0,0,0.0,0.0,0.0,5.809101885805528,5.145906608551741,11.222931411117315,2.06960572136773e-09,1.3476474173367023,0.5555555555555556,False,False
2520.0,9,0,0,0,0.0,0.0,0.0,4.616381338487069,4.274441361427307,7.644455719739199,1.241763432820638e-09,-2.018484581261873,0.5555555555555556,False,False
2521.0,9,0,0,0,0.0,0.0,0.0,3.2712065991428165,3.506271790713072,4.772251036018133,1.6556845277509384e-09,-0.0363158732652664,0.5555555555555556,False,False
2522.0,8,0,0,0,0.0,0.0,0.0,3.1675137653946877,3.6428633220493793,4.701957140117884,9.313225191043273e-10,-0.7804461307823658,0.5,False,False
2523.0,9,0,0,0,0.0,0.0,0.0,3.935016020718548,3.968531612306833,6.891158118844032,2.897448009914822e-09,-1.3115183040499687,0.6666666666666666,False,False
2524.0,8,0,0,0,0.0,0.0,0.0,4.09912008466199,4.251292251050472,6.956759508699179,3.2596289001318723e-09,0.5548901334404948,0.5,False,False
2525.0,8,0,0,0,0.0,0.0,0.0,5.33165568113327,5.644487373530865,8.92670989409089,0.0,1.301091572269797,0.5,False,False
2526.0,8,0,0,0,0.0,0.0,0.0,4.044636573176831,4.306386690586805,7.378737859427929,-4.656611762854368e-10,1.059891361743212,0.5,False,False
2527.0,8,0,0,0,0.0,0.0,0.0,3.27168021351099,3.3730046711862087,6.015124399214983,9.313225746154785e-10,1.0657848604023457,0.5,False,False
2528.0,8,0,0,0,0.0,0.0,0.0,5.2321928343735635,5.666932744905353,7.196281082928181,-1.3969838619232178e-09,0.7173914574086664,0.5,False,False
2529.0,8,0,0,0,0.0,0.0,0.0,4.7175402021966875,5.050300307571888,6.902175895869732,4.656612873077393e-10,1.2518519759178162,0.5,False,False
2530.0,8,0,0,0,0.0,0.0,0.0,4.569447783287615,4.173257477581501,8.22974443808198,2.3283064365386963e-09,-0.4378558564931154,0.5,False,False
2531.0,8,0,0,0,0.0,0.0,0.0,3.6237422227859497,3.29100432805717,7.91296024248004,-1.862645149230957e-09,1.5616732444614172,0.625,False,False
2532.0,8,0,0,0,0.0,0.0,0.0,4.19217364070937,4.087683269754052,7.260267585515976,1.3969838619232178e-09,-0.31211696565151203,0.5,False,False
2533.0,8,0,0,0,0.0,0.0,0.0,3.101482497062534,3.173812333494425,4.680315408855677,-3.259629011154175e-09,0.2082424405962231,0.5,False,False
2534.0,8,0,0,0,0.0,0.0,0.0,4.335934493225068,4.5397036504000425,6.253315970301628,-4.656613428188905e-10,1.1335613373667002,0.5,False,False
2535.0,8,0,0,0,0.0,0.0,0.0,3.7959670978598297,3.5798122622072697,7.20242802798748,1.3969838619232178e-09,1.7791905011981726,0.625,False,False
2536.0,8,0,0,0,0.0,0.0,0.0,2.6675978116691113,2.8320743646472692,4.303698789328337,-9.313225746154785e-10,0.5582465194165706,0.5,False,False
2537.0,7,0,0,0,0.0,0.0,0.0,1.6259853509919984,1.5251136980950832,2.832121819257736,-1.586032892321652e-17,-0.0936623997986316,0.5714285714285714,False,False
2538.0,7,0,0,0,0.0,0.0,0.0,1.0155764786260468,1.001243483275175,1.5122321620583534,-1.0643686884240618e-09,-0.5472987927496433,0.5714285714285714,False,False
2539.0,7,0,0,0,0.0,0.0,0.0,2.1250181921890805,2.276933006942272,3.434685043990612,-6.344131569286608e-17,0.5840422473847866,0.5714285714285714,False,False
2540.0,7,0,0,0,0.0,0.0,0.0,2.1714003176561425,1.4807427041232586,4.997275948524475,-1.596552985055106e-09,-0.473271045833826,0.5714285714285714,False,False
2541.0,8,0,0,0,0.0,0.0,0.0,4.779094296973199,5.054964633658528,6.995139453560114,-1.396983917434369e-09,-0.0346465837210419,0.5,False,False
2542.0,7,0,0,0,0.0,0.0,0.0,6.242713036813906,6.823724690824747,8.79637911170721,-2.6609216377934277e-09,-0.1673990488052368,0.5714285714285714,False,False
2543.0,7,0,0,0,0.0,0.0,0.0,1.54049004348261,0.9307049959897996,3.533733956515789,-5.32184328351702e-10,0.581362646073103,0.5714285714285714,False,False
2544.0,7,0,0,0,0.0,0.0,0.0,2.3623771773917333,1.8040426559746263,4.9516311548650265,3.193105970110212e-09,-0.2609858401119709,0.5714285714285714,False,False
2545.0,7,0,0,0,0.0,0.0,0.0,2.1981604381331374,1.3734321296215055,5.490272436290979,1.5965529533344481e-09,-0.2035978585481643,0.5714285714285714,False,False
2546.0,7,0,0,0,0.0,0.0,0.0,2.6330167560705116,3.184294532984495,4.879054524004459,5.32184328351702e-10,-0.1126461997628212,0.5714285714285714,False,False
2547.0,6,0,0,0,0.0,0.0,0.0,0.8733515137185653,0.8155819866806269,1.3978285677731035,-1.862645149230957e-09,-0.1831492427736521,0.5,False,False
2548.0,7,0,0,0,0.0,0.0,0.0,3.35535796678492,4.5807518400251865,6.776949793100357,5.32184328351702e-10,-0.3990274481475353,0.7142857142857143,False,False
2549.0,7,0,0,0,0.0,0.0,0.0,3.657921772982393,3.2888537906110287,6.265479147434235,1.064368656703404e-09,-1.1668627336621284,0.5714285714285714,False,False
2550.0,7,0,0,1,0.0,0.0,0.14285714285714285,4.907830711986337,2.7045794017612934,11.146579898893831,2.5376526277146434e-16,-1.2688903845846653,0.5714285714285714,False,False
2551.0,8,0,0,0,0.0,0.0,0.0,2.970225165132433,2.474380077794194,6.513289023190737,-3.259629011154175e-09,-0.19914817065000534,0.5,False,False
2552.0,7,0,0,0,0.0,0.0,0.0,1.792987424348082,1.370639242231846,3.792028244584799,-1.064368656703404e-09,0.0254181511700153,0.5714285714285714,False,False
2553.0,8,0,0,0,0.0,0.0,0.0,2.1734666586853564,2.286302722990513,4.110161829739809,-1.3969838619232178e-09,0.2700623106211424,0.5,False,False
2554.0,8,0,0,0,0.0,0.0,0.0,2.062027339823544,1.101015156134963,5.416449882090092,-9.313226301266297e-10,-0.3148145843297243,0.625,False,False
2555.0,8,0,0,0,0.0,0.0,0.0,1.4176030806265771,0.9162436705082655,3.790610432624817,-4.656612873077393e-10,-0.20419157296419144,0.5,False,False
2556.0,8,0,0,0,0.0,0.0,0.0,2.591798345092684,2.2411745078861713,5.868503455072641,1.3969838619232178e-09,0.7886942885816097,0.625,False,False
2557.0,8,0,0,0,0.0,0.0,0.0,2.056219080928713,1.1121159810572863,5.725688870996237,1.3969838619232178e-09,-0.13747774250805375,0.625,False,False
2558.0,8,0,0,0,0.0,0.0,0.0,1.9735206607729197,1.8671526033431292,4.618438545614481,9.313225746154785e-10,0.5830379240214825,0.5,False,False
2559.0,8,0,0,0,0.0,0.0,0.0,1.6192040708847344,1.4219771195203066,3.37561047449708,4.190951585769653e-09,0.09698532521724701,0.5,False,False
2560.0,8,0,0,0,0.0,0.0,0.0,2.014396471437067,1.9580677170306444,4.141450453549624,4.656613983300417e-10,-0.41518978402018547,0.625,False,False
2561.0,8,0,0,0,0.0,0.0,0.0,3.8520399131812155,4.145089086145163,8.329086009413004,4.656612873077393e-10,0.965366804972291,0.625,False,False
2562.0,8,0,0,0,0.0,0.0,0.0,2.9923580470494926,3.6235085502266884,5.606210831552744,-1.3969837509009153e-09,-0.043360864743590355,0.5,False,False
2563.0,8,0,0,0,0.0,0.0,0.0,1.6121753314509988,1.343741750344634,3.37283768504858,0.0,0.8941765371710062,0.75,False,False
2564.0,8,0,0,0,0.0,0.0,0.0,3.118763660546392,3.5925710424780846,5.79079345613718,-1.3969838619232178e-09,-0.32438631542026997,0.5,False,False
2565.0,8,0,0,0,0.0,0.0,0.0,2.7108242912217975,2.755570087581873,5.752481687813997,2.7939677238464355e-09,0.7394392471760511,0.625,False,False
2566.0,8,0,0,0,0.0,0.0,0.0,2.3152330392040312,2.4243187699466944,3.682649828493595,-4.656612873077393e-10,1.0471998676657677,0.625,False,False
2567.0,8,0,0,0,0.0,0.0,0.0,1.4581095897592604,1.523786872625351,3.293836899101734,-1.3969838619232178e-09,-0.1188932303339243,0.625,False,False
2568.0,8,0,0,0,0.0,0.0,0.0,3.2138460259884596,3.431438961997628,7.058124985545874,0.0,1.065457932651043,0.625,False,False
2569.0,7,0,0,0,0.0,0.0,0.0,1.439775841044528,1.6923587769269943,2.680268190801144,1.596552985055106e-09,0.3481251932680607,0.5714285714285714,False,False
2570.0,8,0,0,0,0.0,0.0,0.0,2.5432321350090206,1.5452982541173697,6.302291791886091,2.328306464294272e-09,-0.390020115301013,0.625,False,False
2571.0,7,0,0,0,0.0,0.0,0.0,2.695536651781627,2.801466353237629,4.233250107616186,2.128737313406808e-09,-0.6762792132794857,0.5714285714285714,False,False
2572.0,7,0,0,0,0.0,0.0,0.0,0.9708895443805626,0.7892745323479176,2.109911050647497,-1.5965530405662572e-09,0.2791530974209308,0.5714285714285714,False,False
2573.0,7,0,0,0,0.0,0.0,0.0,1.9909269570239954,2.131317503750324,2.598186533898115,2.6609216734791677e-09,0.6732685454189777,0.5714285714285714,False,False
2574.0,7,0,0,0,0.0,0.0,0.0,1.5342052573604243,1.5357749946415424,2.530314099043608,4.78965908204795e-09,-0.8850792199373245,0.5714285714285714,False,False
2575.0,8,0,0,0,0.0,0.0,0.0,2.930540068075061,2.7071495093405247,7.32085233181715,-1.862645149230957e-09,1.4218109343200922,0.625,False,False
2576.0,7,0,0,0,0.0,0.0,0.0,2.68653722054192,2.359680827707052,5.370914049446583,1.596552985055106e-09,0.3072198070585727,0.5714285714285714,False,False
2577.0,8,0,0,0,0.0,0.0,0.0,2.768439880106598,2.308076400309801,5.61489138379693,4.656612873077393e-10,1.5953674353659155,0.75,False,False
2578.0,8,0,0,0,0.0,0.0,0.0,3.5027501261793077,3.2007715683430433,8.178666148334742,4.656612873077393e-10,1.7092169411480427,0.75,False,False
2579.0,8,0,0,0,0.0,0.0,0.0,2.221948971040547,2.0111881718039513,4.939707282930613,-9.313225746154785e-10,1.0553523190319538,0.75,False,False
2580.0,8,0,0,0,0.0,0.0,0.0,2.3310289825312793,1.629310231655836,5.42106456682086,4.656612873077393e-10,0.481120927259326,0.625,False,False
2581.0,8,0,0,0,0.0,0.0,0.0,1.6324975807219744,1.4573008753359318,3.5981964580714703,3.725290298461914e-09,0.6736209634691477,0.625,False,False
2582.0,8,0,0,0,0.0,0.0,0.0,2.168151604477316,1.84965031594038,4.80615571886301,-1.3969838619232178e-09,1.1097757536917925,0.75,False,False
2583.0,8,0,0,0,0.0,0.0,0.0,3.076358047313988,3.311467632651329,6.979809522628784,0.0,0.7589985728263855,0.625,False,False
2584.0,8,0,0,0,0.0,0.0,0.0,3.5303753367625177,4.016924241557717,6.199911940842867,2.3283064365386963e-09,0.5225922204554081,0.625,False,False
2585.0,8,0,0,0,0.0,0.0,0.0,2.2332796747796237,2.2300296928733587,4.158994395285845,-3.2596289556430236e-09,-0.4720448162406683,0.625,False,False
2586.0,8,0,0,0,0.0,0.0,0.0,1.4919881131500006,0.987376268953085,3.587534114718437,0.0,-0.2940920554101467,0.625,False,False
2587.0,7,0,0,0,0.0,0.0,0.0,1.8860374891332217,2.181793499737978,2.7847672514617443,-2.128737313406808e-09,-0.5340838246047497,0.5714285714285714,False,False
2588.0,7,0,0,0,0.0,0.0,0.0,1.2893547995814256,1.3718997538089752,2.5419907718896866,5.321843382644076e-10,-0.1077232398092746,0.5714285714285714,False,False
2589.0,7,0,0,0,0.0,0.0,0.0,0.8745868520012924,1.0048627741634846,1.6701864413917065,-2.660921657618839e-09,0.0920914895832538,0.5714285714285714,False,False
2590.0,8,0,0,0,0.0,0.0,0.0,2.014934041071683,1.7622850462794304,4.8421012461185455,-1.3969838619232178e-09,0.6499248929321766,0.75,False,False
2591.0,8,0,0,0,0.0,0.0,0.0,0.9739417266100645,0.8077543936669827,2.411383341997862,0.0,-0.10162220522761345,0.5,False,False
2592.0,7,0,0,0,0.0,0.0,0.0,0.9243946336209774,0.9588247314095496,1.4972113370895386,-5.321843442120309e-10,0.3505975343286991,0.5714285714285714,False,False
2593.0,8,0,0,0,0.0,0.0,0.0,0.999850011896342,1.0727857556194067,1.8173834681510923,-1.3969838619232178e-09,-0.038634872063994456,0.5,False,False
2594.0,8,0,0,0,0.0,0.0,0.0,1.6458874242380261,1.476859612390399,3.687347032129765,9.313225746154785e-10,0.510721119120717,0.625,False,False
2595.0,8,1,0,5,0.125,0.0,0.625,10.18139418400824,10.529122656211257,20.157831102609634,-3.725290298461914e-09,-0.01971244439482689,0.5,False,False
2596.0,8,0,0,0,0.0,0.0,0.0,0.9860768276266754,0.848242998123169,1.9121370166540144,-4.656612040410124e-10,0.20696049556136126,0.625,False,False
2597.0,8,0,0,0,0.0,0.0,0.0,3.1313932263292372,3.094077233225107,7.006509177386761,-1.396983917434369e-09,1.2079081144183874,0.625,False,False
2598.0,8,0,0,0,0.0,0.0,0.0,2.773466375656426,2.119713170453906,6.735154155641794,9.313225746154785e-10,-0.07471389323472981,0.5,False,False
2599.0,8,0,0,0,0.0,0.0,0.0,0.4340910376049578,0.32866732962429523,0.9723655954003334,1.3969838619232178e-09,0.2016465682536363,0.625,False,False
2600.0,8,0,0,0,0.0,0.0,0.0,1.3212399859912694,1.1485039182007313,3.0210552662611008,4.6566127342995145e-10,0.018020085990428897,0.5,False,False
2601.0,8,0,0,0,0.0,0.0,0.0,3.28158355737105,2.9710497315973043,8.506727706640959,4.656612873077393e-10,1.17644496075809,0.625,False,False
2602.0,8,0,0,0,0.0,0.0,0.0,4.026388029567897,3.428150100633502,8.802461508661509,0.0,-0.710446085780859,0.5,False,False
2603.0,8,0,0,0,0.0,0.0,0.0,4.355681837536395,3.5710607040673494,8.629794843494892,1.862645149230957e-09,0.3727324325591326,0.5,False,False
2604.0,7,0,0,0,0.0,0.0,0.0,1.7245987760169166,1.7391477786004543,4.296947944909334,2.128737313406808e-09,-0.1106580942869186,0.7142857142857143,False,False
2605.0,7,0,0,0,0.0,0.0,0.0,1.204817003437451,1.0268247611820698,2.8931714445352554,0.0,-0.5957065261900425,0.5714285714285714,False,False
2606.0,7,0,0,0,0.0,0.0,0.0,1.9756719847874982,1.3626120798289776,4.320577584207058,-5.321843303342431e-10,0.0947047173976898,0.5714285714285714,False,False
2607.0,7,0,0,0,0.0,0.0,0.0,1.1865095352487904,0.8392036333680153,2.730290848761797,5.32184328351702e-10,-0.1683061458170414,0.5714285714285714,False,False
2608.0,8,0,0,0,0.0,0.0,0.0,2.7851304123178124,2.5299318935722113,6.109467249363661,-2.7939677238464355e-09,0.8582921773195267,0.75,False,False
2609.0,8,0,0,3,0.0,0.0,0.375,7.301538523752242,6.523410569876432,14.518672183156012,1.3969840839678227e-09,0.044293228536844254,0.5,False,False
2610.0,8,0,0,0,0.0,0.0,0.0,3.1280959751456976,3.3374925274401903,6.929120745509863,-1.862645149230957e-09,0.95940725132823,0.625,False,False
2611.0,7,0,0,0,0.0,0.0,0.0,1.0590183181422097,1.281373281031847,1.6516998000442982,1.064368656703404e-09,0.272806104272604,0.5714285714285714,False,False
2612.0,8,0,0,0,0.0,0.0,0.0,2.3710624556988478,2.1974280644208193,4.735107008367777,2.7939677238464355e-09,1.1485981289297342,0.625,False,False
2613.0,8,0,0,0,0.0,0.0,0.0,3.8579441071487963,3.509666355326772,8.564838480204344,1.3969838619232178e-09,0.09044075943529611,0.5,False,False
2614.0,8,0,0,0,0.0,0.0,0.0,1.6107825618237257,1.3876769691705704,4.134390901774168,-4.163336342344337e-17,-0.6820326745510101,0.625,False,False
2615.0,7,0,0,0,0.0,0.0,0.0,0.7954939508012363,0.7450021579861641,1.3038291409611702,-2.128737313406808e-09,0.0100873373448848,0.5714285714285714,False,False
2616.0,8,0,0,0,0.0,0.0,0.0,2.5302176852710545,2.414334751665592,4.620743039995432,4.656612873077393e-10,0.18551266193389893,0.5,False,False
2617.0,7,0,0,0,0.0,0.0,0.0,1.416743574930089,1.3046263121068478,2.357244297862053,-5.32184328351702e-10,-0.0705914050340652,0.5714285714285714,False,False
2618.0,7,0,0,0,0.0,0.0,0.0,1.021822979407651,1.0566752925515177,2.6434061974287038,2.1287373768481236e-09,-0.042605523020029,0.7142857142857143,False,False
2619.0,7,0,0,0,0.0,0.0,0.0,2.2768686216856753,2.237126000225544,3.204297874122858,-2.66092164175851e-09,-0.8416585586965084,0.5714285714285714,False,False
2620.0,7,0,0,0,0.0,0.0,0.0,1.5598057263663836,1.2144529670476911,3.723516065627337,1.0643685932620883e-09,0.2407773919403553,0.5714285714285714,False,False
2621.0,7,0,0,0,0.0,0.0,0.0,1.3181973222110952,1.5523654744029045,1.9318262413144112,5.32184328351702e-10,-0.7050185799598694,0.5714285714285714,False,False
2622.0,7,0,0,0,0.0,0.0,0.0,0.992707832051175,1.1318258121609688,1.3804479651153088,5.321843204215376e-10,0.2047929465770721,0.5714285714285714,False,False
2623.0,7,0,0,0,0.0,0.0,0.0,2.6885615065693855,2.401341635733843,4.719183150678873,-2.128737313406808e-09,-0.6891807354986668,0.5714285714285714,False,False
2624.0,7,0,0,0,0.0,0.0,0.0,1.7394081838428974,1.926788792014122,2.23434516415,-5.321843323167843e-10,0.2452324107289314,0.5714285714285714,False,False
2625.0,7,0,0,0,0.0,0.0,0.0,0.8658038239393916,0.9560266956686974,1.317985787987709,2.128737313406808e-09,0.002329584211111,0.5714285714285714,False,False
2626.0,7,0,0,0,0.0,0.0,0.0,3.0300725927310332,2.4249391965568066,6.217563308775425,5.32184328351702e-10,0.0491249896585941,0.5714285714285714,False,False
2627.0,7,0,0,0,0.0,0.0,0.0,2.5070151622806276,2.7085245922207832,3.306255463510752,-1.0643685932620883e-09,-0.8233660310506821,0.5714285714285714,False,False
2628.0,7,0,0,0,0.0,0.0,0.0,1.8260535906468118,2.023999009281397,2.6131135039031506,2.128737313406808e-09,-0.6878624148666859,0.5714285714285714,False,False
2629.0,7,0,0,0,0.0,0.0,0.0,1.3407836806561266,1.5572495236992836,1.972223237156868,-2.66092164175851e-09,0.6975275874137878,0.5714285714285714,False,False
2630.0,7,0,0,0,0.0,0.0,0.0,0.9532704906804221,1.1326172426342964,1.7197181805968285,3.193105970110212e-09,0.0839797705411911,0.5714285714285714,False,False
2631.0,7,0,0,0,0.0,0.0,0.0,1.4437080988926547,1.0877572782337666,2.9626775048673157,-1.5965529216137903e-09,0.3182187043130398,0.5714285714285714,False,False
2632.0,7,0,0,0,0.0,0.0,0.0,0.6984166284757001,0.4719129838049412,1.5978097021579742,-3.725290298461914e-09,0.1660406701266765,0.5714285714285714,False,False
2633.0,7,0,0,0,0.0,0.0,0.0,2.099475961178541,2.383098665624857,4.218287646770477,-1.596552985055106e-09,-0.1909845732152462,0.5714285714285714,False,False
2634.0,7,0,0,0,0.0,0.0,0.0,1.6799000916736466,1.7508515045046806,3.66754911094904,-2.1287372499654923e-09,-0.1921917013823986,0.5714285714285714,False,False
2635.0,7,0,0,0,0.0,0.0,0.0,1.6256071025771754,1.4948429241776466,3.788126658648253,1.5965530405662572e-09,0.0848189927637577,0.5714285714285714,False,False
2636.0,7,0,0,0,0.0,0.0,0.0,1.5126265005341597,1.6961782835423946,2.926620490849018,-5.32184328351702e-10,0.0747871920466423,0.5714285714285714,False,False
2637.0,7,0,0,0,0.0,0.0,0.0,0.7063836609678609,0.6962795220315456,1.3548736721277237,5.32184328351702e-10,-0.0640696622431278,0.5714285714285714,False,False
2638.0,7,0,0,0,0.0,0.0,0.0,1.3237812109291553,1.233923327177763,3.196402568370104,-3.725290298461914e-09,0.5456467010080814,0.7142857142857143,False,False
2639.0,7,0,0,0,0.0,0.0,0.0,2.417423070009266,2.7137220576405525,5.747258692979813,1.596552985055106e-09,-0.9843993820250034,0.7142857142857143,False,False
2640.0,7,0,0,0,0.0,0.0,0.0,1.0871389933994837,0.9037307277321815,2.3984149657189846,-2.128737313406808e-09,-0.110367052257061,0.5714285714285714,False,False
2641.0,7,0,0,0,0.0,0.0,0.0,2.4087900317140987,2.229694914072752,5.433098874986172,0.0,-0.942112985998392,0.7142857142857143,False,False
2642.0,7,0,0,0,0.0,0.0,0.0,1.7698349101202828,1.715101886540651,2.6196744441986084,-1.064368656703404e-09,0.8435913249850273,0.5714285714285714,False,False
2643.0,7,0,0,0,0.0,0.0,0.0,2.481353254190513,2.940137520432472,3.434192765504122,-1.064368656703404e-09,0.8518411740660667,0.5714285714285714,False,False
2644.0,7,0,0,0,0.0,0.0,0.0,4.273285793406623,4.553007058799267,6.151087466627359,4.257474626813616e-09,-1.816719390451908,0.5714285714285714,False,False
2645.0,7,0,0,0,0.0,0.0,0.0,2.3421085349151065,2.151615832000971,4.305679515004158,2.128737313406808e-09,-0.2112504541873932,0.5714285714285714,False,False
2646.0,7,0,0,0,0.0,0.0,0.0,0.6146285629698208,0.6263177692890167,1.0387758612632751,-1.064368656703404e-09,-0.3886283636093139,0.5714285714285714,False,False
2647.0,7,0,0,0,0.0,0.0,0.0,2.151419069085802,2.220610208809376,3.167381953448057,2.1287373768481236e-09,0.3806409649550915,0.5714285714285714,False,False
2648.0,7,0,0,0,0.0,0.0,0.0,2.7308131477662494,3.365943651646376,4.715028174221516,1.0643687201447198e-09,0.7387387081980705,0.5714285714285714,False,False
2649.0,7,0,0,0,0.0,0.0,0.0,1.1747465963874544,1.060123935341835,1.7140414454042912,1.0643686408430752e-09,0.6287636682391167,0.5714285714285714,False,False
2650.0,7,0,0,0,0.0,0.0,0.0,0.5205243453383446,0.4263478741049766,1.1716647557914257,1.064368672563733e-09,-0.3195596225559711,0.7142857142857143,False,False
2651.0,8,0,0,0,0.0,0.0,0.0,2.3894858406856656,2.410803221166134,4.367196429520845,9.313225191043273e-10,0.8780051227658987,0.625,False,False
2652.0,8,0,0,0,0.0,0.0,0.0,2.8264756905846298,2.862816423177719,5.682989228516817,-1.3969838619232178e-09,-0.615231478586793,0.625,False,False
2653.0,8,0,0,0,0.0,0.0,0.0,3.4003445021808147,3.3826462738215923,8.14513012766838,3.725290353973065e-09,0.2922190446406603,0.5,False,False
2654.0,8,0,0,0,0.0,0.0,0.0,0.5697548906318843,0.34445984475314617,1.6184999160468578,-1.3969838827398995e-09,-0.010319359600543948,0.5,False,False
2655.0,8,0,0,0,0.0,0.0,0.0,2.1711838520132005,2.1155682522803545,4.848297543823719,-1.3969838619232178e-09,0.6599672511219978,0.625,False,False
2656.0,8,0,0,0,0.0,0.0,0.0,2.1911352849565446,1.6604062411934137,5.4679041020572186,-4.656612873077393e-10,-0.2549406997859478,0.625,False,False
2657.0,8,0,0,0,0.0,0.0,0.0,2.6559739257209003,2.065913621336222,6.953773934394121,2.328306381027545e-09,-0.32785183005034924,0.625,False,False
2658.0,8,0,0,0,0.0,0.0,0.0,1.9604571093805134,1.967666320502758,3.474769100546837,4.6566125955216364e-10,0.6045712232589721,0.625,False,False
2659.0,8,0,0,0,0.0,0.0,0.0,2.820739057380706,2.5169665776193137,5.928887188434601,4.656611762854368e-10,0.3011983521282673,0.625,False,False
2660.0,8,0,0,0,0.0,0.0,0.0,1.6682349676266313,1.4805518295615911,3.551234781742096,-2.7939677238464355e-09,-0.4440142307430506,0.625,False,False
2661.0,8,0,0,0,0.0,0.0,0.0,3.8886462803930044,3.6315271742641926,7.477348256856203,0.0,1.9151435550302267,0.625,False,False
2662.0,8,0,0,0,0.0,0.0,0.0,1.482080482877791,1.4019530918449163,3.799497455358505,-9.313225191043273e-10,0.6369487680494785,0.75,False,False
2663.0,8,0,0,0,0.0,0.0,0.0,1.9032405042089522,1.6672126818448305,4.749586082994938,-4.656612873077393e-10,0.7512548714876175,0.625,False,False
2664.0,8,0,0,0,0.0,0.0,0.0,2.6687657251022756,2.360613515600562,5.877576507627964,3.259629011154175e-09,1.4328924454748633,0.75,False,False
2665.0,8,0,0,0,0.0,0.0,0.0,3.2187085803598166,3.0161928553134203,7.4276004284620285,-9.313225746154785e-10,1.4499505795538425,0.625,False,False
2666.0,8,0,0,0,0.0,0.0,0.0,1.7638692818582058,2.11280769482255,4.066365763545036,-1.862645149230957e-09,-0.20845269598066807,0.625,False,False
2667.0,8,0,0,0,0.0,0.0,0.0,2.5206469264812768,2.904440127313137,6.260496407747269,-3.2596289001318723e-09,0.40306161157786846,0.75,False,False
2668.0,8,0,0,0,0.0,0.0,0.0,4.354853183031082,4.346208851784468,9.342911191284657,9.313225746154785e-10,1.8845723159611227,0.625,False,False
2669.0,8,0,0,0,0.0,0.0,0.0,1.3727852771990001,1.0374890342354774,3.814505822956562,-1.3969838619232178e-09,0.0090440846979618,0.5,False,False
2670.0,7,0,0,0,0.0,0.0,0.0,1.1431921715182918,1.0639339983463287,2.0067737698554997,-2.6609215624568653e-09,-0.6450194865465164,0.5714285714285714,False,False
2671.0,7,0,0,0,0.0,0.0,0.0,1.923698509910277,1.737088929861784,3.4009197615087032,-5.321843442120309e-10,-0.9137487411499025,0.5714285714285714,False,False
2672.0,7,0,0,0,0.0,0.0,0.0,1.5990644879639149,1.541353665292263,2.7322305738925934,-1.596552985055106e-09,-0.6784115806221962,0.5714285714285714,False,False
2673.0,7,0,0,0,0.0,0.0,0.0,1.6834751654948508,1.831460416316986,3.137419387698173,1.0643686884240618e-09,-0.0626311153173446,0.5714285714285714,False,False
2674.0,7,0,0,0,0.0,0.0,0.0,1.3735696327473437,1.337217640131712,2.244441609829664,5.321842649103863e-10,-0.238014355301857,0.5714285714285714,False,False
2675.0,7,0,0,0,0.0,0.0,0.0,1.8353860819978374,1.319302000105381,4.182287193834782,-3.725290296479373e-09,-0.113051138818264,0.5714285714285714,False,False
2676.0,7,0,0,0,0.0,0.0,0.0,2.24063829811556,2.5327195525169373,2.901155289262533,5.32184379897771e-10,0.2325912453234195,0.5714285714285714,False,False
2677.0,7,0,0,0,0.0,0.0,0.0,2.521316360682249,3.1450895369052887,3.7695011347532272,-2.66092164175851e-09,0.077641986310482,0.5714285714285714,False,False
2678.0,7,0,0,0,0.0,0.0,0.0,0.7401225763772216,0.5158534683287144,1.6599556431174278,-5.321843600723599e-10,0.1857463009655475,0.5714285714285714,False,False
2679.0,7,0,0,0,0.0,0.0,0.0,2.853888430233513,2.9665592461824417,4.624358996748924,1.596552985055106e-09,1.4324976354837418,0.5714285714285714,False,False
2680.0,7,0,0,0,0.0,0.0,0.0,4.2667920381895135,5.181015528738499,6.283039826899767,1.5965530484964218e-09,0.5989821590483189,0.5714285714285714,False,False
2681.0,7,0,0,0,0.0,0.0,0.0,3.2265867111938342,2.909853305667639,5.167883951216936,1.064368656703404e-09,1.7589856386184692,0.5714285714285714,False,False
2682.0,7,0,0,0,0.0,0.0,0.0,1.3017238091145242,1.4832290895283222,1.997085090726614,2.128737313406808e-09,0.0136413797736167,0.5714285714285714,False,False
2683.0,7,0,0,0,0.0,0.0,0.0,0.46668788471392225,0.4967787116765976,0.7126939631998539,-1.064368656703404e-09,0.1683791726827621,0.5714285714285714,False,False
2684.0,7,0,0,0,0.0,0.0,0.0,1.847206134881292,1.814369060099125,3.0034980550408363,-2.128737313406808e-09,-0.6748280338943005,0.5714285714285714,False,False
2685.0,7,0,0,0,0.0,0.0,0.0,1.0235600732266903,1.0396646596491337,1.864978823810816,-3.725290330182572e-09,-0.3138328455388546,0.5714285714285714,False,False
2686.0,8,0,0,0,0.0,0.0,0.0,2.1462129885330796,1.6590257342904804,4.328487426042557,-2.7939677238464355e-09,1.2390347253531218,0.75,False,False
2687.0,8,0,0,0,0.0,0.0,0.0,4.2598515544086695,3.5523422844707966,9.222160927951336,-9.313225746154785e-10,1.4181674141436815,0.75,False,False
2688.0,8,0,0,0,0.0,0.0,0.0,4.39460316253826,4.42019752971828,10.372126314789057,-1.3969839729455202e-09,1.3826699592173097,0.625,False,False
2689.0,7,0,0,0,0.0,0.0,0.0,1.1491411658270019,1.379586387425661,1.8206391595304008,-1.064368605157335e-09,0.2262929826974868,0.5714285714285714,False,False
2690.0,7,0,0,0,0.0,0.0,0.0,2.7357438717569624,2.3213355243206024,4.82892394810915,-3.193105970110212e-09,-1.5752237997949123,0.5714285714285714,False,False
2691.0,8,0,0,0,0.0,0.0,0.0,1.3274388071149588,1.3831386677920818,2.497733030468225,-9.313225746154785e-10,0.22806650958955285,0.625,False,False
2692.0,8,0,0,0,0.0,0.0,0.0,1.8083996307104826,1.8409673739224672,3.5516637712717056,9.313225746154785e-10,0.5996382497251034,0.625,False,False
2693.0,8,0,0,0,0.0,0.0,0.0,1.7329831053502858,1.7459266912192106,4.630907665938139,1.3969838064120665e-09,0.298002153635025,0.625,False,False
2694.0,8,0,0,0,0.0,0.0,0.0,1.397250894922763,1.4553400408476591,2.857000827789306,4.656613983300417e-10,-0.0288446955382824,0.5,False,False
2695.0,7,0,0,0,0.0,0.0,0.0,1.7967843849744116,1.1043205931782722,3.5034588426351547,-1.064368656703404e-09,-0.7240101471543312,0.5714285714285714,False,False
2696.0,8,0,0,0,0.0,0.0,0.0,5.246508721727878,5.603924103081226,6.602317690849304,-4.6566123179658803e-10,0.3882715962827208,0.5,False,False
2697.0,7,0,0,0,0.0,0.0,0.0,0.9888151128377233,0.508151464164257,2.2440603114664555,-4.257474626813616e-09,0.4263938963413238,0.5714285714285714,False,False
2698.0,7,0,0,0,0.0,0.0,0.0,1.4893008140580994,1.4329810552299025,2.591567002236843,-1.2688263138573217e-16,0.7706544548273087,0.5714285714285714,False,False
2699.0,7,0,0,0,0.0,0.0,0.0,0.6787876444203513,0.6126546151936054,1.0559633113443851,0.0,-0.4985072463750839,0.5714285714285714,False,False
2700.0,7,0,0,0,0.0,0.0,0.0,0.7789862640202045,0.7618792094290257,1.6691000387072563,-5.32184328351702e-10,0.2870397493243217,0.7142857142857143,False,False
2701.0,9,0,0,0,0.0,0.0,0.0,4.830364041030407,4.828734576702118,8.654789686203003,1.655684577094184e-09,-2.509135589003563,0.6666666666666666,False,False
2702.0,8,0,0,0,0.0,0.0,0.0,4.05176234152168,3.883337365463376,9.323507342487574,0.0,0.7383967060595751,0.5,False,False
2703.0,8,0,0,0,0.0,0.0,0.0,2.6344216084107757,2.218118891119957,5.245299965143204,-2.7939677238464355e-09,0.29339837096631527,0.5,False,False
2704.0,8,0,0,0,0.0,0.0,0.0,3.08311123913154,3.284417726099491,5.483032468706369,-4.656612873077393e-10,0.9129145760089158,0.625,False,False
2705.0,9,0,0,2,0.0,0.0,0.2222222222222222,7.612911223951313,7.415193077176809,15.321996249258518,4.13921144273546e-10,2.406936354935169,0.5555555555555556,False,False
2706.0,9,0,0,0,0.0,0.0,0.0,2.004452522016234,1.1520480886101725,4.887060161679983,4.13921144273546e-10,-0.3076354674994945,0.5555555555555556,False,False
2707.0,10,0,0,1,0.0,0.0,0.1,6.575040975213051,8.717046862468123,13.399791818112137,7.450582373280668e-10,-0.5669647138565779,0.5,False,False
2708.0,10,0,0,0,0.0,0.0,0.0,3.9719020787626507,5.022301049903035,6.56165736913681,-3.7252902984619143e-10,-0.2251379303634167,0.5,False,False
2709.0,10,0,0,1,0.0,0.0,0.1,5.186068137362599,4.923511942848563,10.09101101756096,-3.725292074818753e-10,0.1950618028640747,0.5,False,False
2710.0,10,0,0,1,0.0,0.0,0.1,5.681418649479747,5.551287746056914,9.278805423527956,-2.6077032089233397e-09,0.47056623362004757,0.5,False,False
2711.0,10,0,0,0,0.0,0.0,0.0,3.749361978471279,4.193371137604117,7.154881943017244,0.0,0.5775493774563074,0.5,False,False
2712.0,9,0,0,0,0.0,0.0,0.0,4.260868231041564,5.1342388689517975,6.161682616919279,-4.13921144273546e-10,-0.3109170086681843,0.5555555555555556,False,False
2713.0,10,0,0,0,0.0,0.0,0.0,4.300878581032157,4.504492282867432,7.044177614152432,-1.8626449715952731e-09,-0.5749390106648207,0.5,False,False
2714.0,10,0,0,0,0.0,0.0,0.0,3.116115749254823,2.993069948628545,6.019400682300329,-2.6077032089233397e-09,-0.98031897097826,0.6,False,False
2715.0,10,0,0,0,0.0,0.0,0.0,3.877567431330681,4.131146378815174,9.145944096148014,-3.725290298461914e-09,0.8708966672420502,0.6,False,False
2716.0,9,0,0,1,0.0,0.0,0.1111111111111111,7.30115543347266,7.612893238663673,12.550623632967472,4.13921144273546e-10,1.735784012824297,0.5555555555555556,False,False
2717.0,8,0,0,0,0.0,0.0,0.0,2.816492256708443,2.700748536735773,5.122196163982153,1.862645149230957e-09,-0.10299559868872171,0.5,False,False
2718.0,8,0,0,0,0.0,0.0,0.0,4.572236469946802,4.682674612849951,8.736751575022936,-9.313225746154785e-10,1.5363938566297293,0.625,False,False
2719.0,9,0,0,0,0.0,0.0,0.0,3.2260405284663043,2.7562989592552185,6.340105354785919,2.8974479605715766e-09,0.4737626649439335,0.5555555555555556,False,False
2720.0,9,0,0,0,0.0,0.0,0.0,3.23977900048097,2.0817740820348263,7.963924575597048,-2.483526766954785e-09,-0.2112084105610847,0.5555555555555556,False,False
2721.0,8,0,0,0,0.0,0.0,0.0,3.362931353505701,3.896582892164588,6.404926288872957,4.656612873077393e-10,0.5837796255946159,0.625,False,False
2722.0,8,0,0,0,0.0,0.0,0.0,3.669532031752169,3.4578546825796366,6.651998892426491,0.0,-0.7330783773213625,0.5,False,False
2723.0,9,0,0,0,0.0,0.0,0.0,4.201705385413435,4.780665792524815,7.889180116355419,8.27842288547092e-10,1.004744227975607,0.5555555555555556,False,False
2724.0,9,0,0,0,0.0,0.0,0.0,3.748312874386708,3.60182922706008,6.200198568403721,-2.897448009914822e-09,-1.9257335886359213,0.5555555555555556,False,False
2725.0,9,0,0,0,0.0,0.0,0.0,3.469045758661297,3.898966569453478,7.049758095294237,1.241763432820638e-09,0.4859977029263973,0.5555555555555556,False,False
2726.0,9,0,0,1,0.0,0.0,0.1111111111111111,5.913310774498516,5.256434120237827,10.57927331700921,-1.655684577094184e-09,2.6280982457101345,0.5555555555555556,False,False
2727.0,8,0,0,0,0.0,0.0,0.0,2.752103654667735,2.489214651286602,6.5191589668393135,9.313225746154785e-10,1.429270662367344,0.625,False,False
2728.0,8,0,0,0,0.0,0.0,0.0,2.8446536818519235,3.1650972347706556,4.564455322921276,-5.551115123125783e-17,0.9160149488598107,0.5,False,False
2729.0,8,0,0,0,0.0,0.0,0.0,3.2036203467287123,3.2742415945976973,6.764306973665953,-1.3969838064120665e-09,0.601946510374546,0.625,False,False
2730.0,7,0,0,0,0.0,0.0,0.0,1.912441120083843,2.29551574960351,2.8139637298882008,-5.321843342993254e-10,0.0806905515491962,0.5714285714285714,False,False
2731.0,9,0,0,0,0.0,0.0,0.0,4.249334482683076,5.492365658283234,8.347748722881079,2.483526865641276e-09,0.2390765026211738,0.5555555555555556,False,False
2732.0,9,0,0,0,0.0,0.0,0.0,5.455049742013216,5.906068425625563,10.560637511312962,4.13921144273546e-10,0.6855029352009296,0.5555555555555556,False,False
2733.0,9,0,0,0,0.0,0.0,0.0,3.1170699786808758,3.01231400668621,6.034740436822176,-1.655684577094184e-09,-1.2702380158007145,0.5555555555555556,False,False
2734.0,8,0,0,0,0.0,0.0,0.0,0.6302933753468096,0.4059334024786949,1.6221397817134855,2.328306381027545e-09,-0.09161691367626194,0.5,False,False
2735.0,7,0,0,0,0.0,0.0,0.0,1.2888791992196016,1.069817416369915,3.0799380727112293,-2.66092164175851e-09,0.1508289016783237,0.5714285714285714,False,False
2736.0,9,0,0,0,0.0,0.0,0.0,4.013766283790271,3.744433667510748,7.054531179368496,9.868649107779169e-17,1.4646039307117462,0.5555555555555556,False,False
2737.0,9,0,0,0,0.0,0.0,0.0,3.6611071473194494,3.521195746958256,6.219885855913162,-4.1392124296003707e-10,0.3173145689070225,0.5555555555555556,False,False
2738.0,8,0,0,0,0.0,0.0,0.0,3.801485389471054,4.390503445640206,6.127783074975014,-9.31322685637781e-10,-1.0441118031740189,0.5,False,False
2739.0,9,0,0,0,0.0,0.0,0.0,5.070307085497512,3.58378504216671,10.294441554695368,4.13921144273546e-10,0.0375851802527904,0.5555555555555556,False,False
2740.0,9,0,0,1,0.0,0.0,0.1111111111111111,7.653527748253611,7.420152876526117,14.065916258841751,0.0,2.1274234130978584,0.5555555555555556,False,False
2741.0,9,0,0,0,0.0,0.0,0.0,3.054538016931878,3.737955316901207,5.485109597444534,4.13921144273546e-10,0.9037225805222988,0.5555555555555556,False,False
2742.0,9,0,0,0,0.0,0.0,0.0,4.944736580881807,4.590417593717575,7.682674136012793,-1.655684577094184e-09,2.3108864910900597,0.5555555555555556,False,False
2743.0,9,0,0,0,0.0,0.0,0.0,3.333572110368146,3.885861065238714,8.340443070977926,0.0,-0.3097624517977237,0.5555555555555556,False,False
2744.0,9,0,0,0,0.0,0.0,0.0,2.388378383798732,2.4077635034918785,5.566496726125479,-2.06960572136773e-09,0.4956529438495636,0.5555555555555556,False,False
2745.0,9,0,0,0,0.0,0.0,0.0,3.4859981536865234,2.557273756712675,7.172196213155985,-8.27842288547092e-10,1.5876479521393776,0.5555555555555556,False,False
2746.0,9,0,0,0,0.0,0.0,0.0,3.337710176491075,3.0394472144544125,6.723972138017416,-1.241763432820638e-09,2.340120557695627,0.5555555555555556,False,False
2747.0,9,0,0,0,0.0,0.0,0.0,3.5691184674700103,3.870280712842941,6.898695986717939,8.27842288547092e-10,-0.3794379197061062,0.5555555555555556,False,False
2748.0,9,0,0,0,0.0,0.0,0.0,6.365143972138564,7.258221000432968,11.102797504514456,8.278424859200741e-10,-1.7130221724510193,0.5555555555555556,False,False
2749.0,9,0,0,0,0.0,0.0,0.0,2.460264371914996,2.1108366437256336,6.24189955368638,-4.13921144273546e-10,-0.9191975630819798,0.6666666666666666,False,False
2750.0,9,0,0,0,0.0,0.0,0.0,4.308872961749633,3.586483839899301,7.407036632299423,1.241763432820638e-09,-2.4200006797909737,0.5555555555555556,False,False
2751.0,9,0,0,0,0.0,0.0,0.0,2.54311947317587,2.1830814965069294,5.06597039103508,-1.241763432820638e-09,-0.0224674381315708,0.5555555555555556,False,False
2752.0,9,0,0,0,0.0,0.0,0.0,5.144852916399638,4.476139187812805,10.679186556488276,8.27842288547092e-10,1.3830713666975498,0.5555555555555556,False,False
2753.0,7,0,0,0,0.0,0.0,0.0,3.7982542908617427,3.759121626615524,5.709417641162872,-6.344131569286608e-17,-2.0430022701621056,0.5714285714285714,False,False
2754.0,9,0,0,0,0.0,0.0,0.0,4.8898533139791756,4.539040427654982,8.549882516264915,-2.06960572136773e-09,-0.722836297005415,0.5555555555555556,False,False
2755.0,9,0,0,2,0.0,0.0,0.2222222222222222,7.442503812826342,6.623486630618572,16.37151864171028,4.13921144273546e-10,2.504611525684595,0.5555555555555556,False,False
2756.0,7,0,0,0,0.0,0.0,0.0,2.636275770940951,2.812282856553793,4.747783996164799,5.32184328351702e-10,-0.9210649132728576,0.5714285714285714,False,False
2757.0,8,0,0,0,0.0,0.0,0.0,2.791991699486971,3.151969714090228,5.387943860143423,0.0,-0.2275996953248978,0.5,False,False
2758.0,9,0,0,0,0.0,0.0,0.0,7.125266905460093,9.363759893923998,12.106289241462946,8.278424859200741e-10,0.2946682274341583,0.5555555555555556,False,False
2759.0,9,0,0,0,0.0,0.0,0.0,4.12397960614827,4.2955269776284695,9.301520206034184,-2.06960572136773e-09,1.2075140960514543,0.5555555555555556,False,False
2760.0,8,0,0,0,0.0,0.0,0.0,2.7114169890992343,2.323737872764468,7.690309599041939,2.3283064920498475e-09,-1.1075384262949228,0.625,False,False
2761.0,9,0,0,0,0.0,0.0,0.0,3.214208592557245,1.9174770675599573,7.734735213220119,2.06960572136773e-09,0.7669218741357327,0.5555555555555556,False,False
2762.0,8,0,0,0,0.0,0.0,0.0,4.4948911420069635,3.777594590559602,6.916483122855425,1.3969838064120665e-09,0.025705790147185326,0.5,False,False
2763.0,8,0,0,0,0.0,0.0,0.0,5.418681798968464,6.21553704701364,9.243653107434511,1.3969838619232178e-09,-1.5336034782230854,0.625,False,False
2764.0,7,0,0,0,0.0,0.0,0.0,1.779532526220594,1.3026710748672483,3.854386556893587,-1.064368656703404e-09,-0.3453334346413612,0.5714285714285714,False,False
2765.0,7,0,0,0,0.0,0.0,0.0,2.0902984610625674,1.399693135172129,4.896186172962189,0.0,0.0769880190491676,0.5714285714285714,False,False
2766.0,7,0,0,0,0.0,0.0,0.0,1.205137307622603,1.0373157411813736,2.44975109398365,-1.596552985055106e-09,0.0541472174227237,0.5714285714285714,False,False
2767.0,7,0,0,0,0.0,0.0,0.0,1.1504130358142513,1.036501206457615,2.395269278436899,2.66092164175851e-09,-0.4679737985134125,0.5714285714285714,False,False
2768.0,6,0,0,0,0.0,0.0,0.0,1.8944199581940968,2.00316827557981,2.574357822537422,-2.483526865641276e-09,0.2215894367545843,0.5,False,False
2769.0,7,0,0,0,0.0,0.0,0.0,1.5803282271538461,1.3616473600268364,3.098209425806999,1.0643687835860354e-09,0.4998187012970447,0.5714285714285714,False,False
2770.0,7,0,0,0,0.0,0.0,0.0,1.537157008158309,1.5950264930725098,2.2053081914782524,1.596552985055106e-09,0.4649435840547085,0.5714285714285714,False,False
2771.0,7,0,0,0,0.0,0.0,0.0,3.0934524445661475,2.6742226481437683,6.1971121057868,-5.32184328351702e-10,-0.227388571947813,0.5714285714285714,False,False
2772.0,7,0,0,0,0.0,0.0,0.0,2.3981229859803403,2.6511987037956715,3.76478561386466,-1.596552985055106e-09,1.147328156977892,0.5714285714285714,False,False
2773.0,7,0,0,0,0.0,0.0,0.0,1.193679308252675,0.9417568817734718,2.324140634387732,-1.2688263138573217e-16,0.5073738917708397,0.7142857142857143,False,False
2774.0,8,0,0,0,0.0,0.0,0.0,3.046609540004283,3.7431354969739914,6.371138468384743,-4.656612873077393e-10,0.3449552655220032,0.625,False,False
2775.0,7,0,0,0,0.0,0.0,0.0,0.7719610721937248,0.6941685229539871,2.0076952278614044,-5.32184328351702e-10,-0.1803262308239936,0.7142857142857143,False,False
2776.0,7,0,0,0,0.0,0.0,0.0,1.0842646158167295,1.0477258898317814,1.5510917603969574,-1.0643687201447198e-09,0.6529695764183998,0.5714285714285714,False,False
2777.0,7,0,0,0,0.0,0.0,0.0,2.0437411910721233,2.1468756534159184,2.816105354577303,-1.0643686249827461e-09,1.0883677303791046,0.5714285714285714,False,False
2778.0,7,0,0,0,0.0,0.0,0.0,1.6207368139709746,1.4685051962733269,2.470987431704998,0.0,-0.8724101223051548,0.5714285714285714,False,False
2779.0,7,0,0,0,0.0,0.0,0.0,1.485760427479233,1.101732812821865,3.651091739535332,1.5965530484964218e-09,-0.3627764582633972,0.7142857142857143,False,False
2780.0,7,0,0,0,0.0,0.0,0.0,1.3749914829220091,1.1398758441209793,2.1456880755722523,-2.128737313406808e-09,0.514696542173624,0.5714285714285714,False,False
2781.0,8,0,0,0,0.0,0.0,0.0,2.727744607720524,2.275276670232415,6.474524490535259,-4.656612873077393e-10,-2.001511596143246,0.625,False,False
2782.0,7,0,0,0,0.0,0.0,0.0,1.4996472208627634,1.4094528034329414,2.3890582509338856,-2.6609216734791677e-09,0.8886506371200085,0.5714285714285714,False,False
2783.0,7,0,0,0,0.0,0.0,0.0,1.2710952215961047,1.2714605554938316,2.0077280290424824,-2.128737313406808e-09,-0.4559283219277859,0.5714285714285714,False,False
2784.0,7,0,0,0,0.0,0.0,0.0,0.7372455086026873,0.5769276469945908,1.7706548050045967,-2.1287372896163147e-09,-0.1130988933145999,0.5714285714285714,False,False
2785.0,7,0,0,0,0.0,0.0,0.0,0.7051046341657639,0.7590822242200375,1.129100363701582,1.1895246692412391e-17,-0.1483171954751014,0.5714285714285714,False,False
2786.0,7,0,0,0,0.0,0.0,0.0,1.4536685736051627,1.3179678693413734,3.672665666788817,5.321843917930177e-10,-0.3836041763424873,0.7142857142857143,False,False
2787.0,7,0,0,0,0.0,0.0,0.0,1.1521231393728937,0.974497962743044,1.7691985294222832,-1.586032892321652e-17,0.6724867224693298,0.5714285714285714,False,False
2788.0,7,0,0,0,0.0,0.0,0.0,1.5485234313777514,1.3108950182795525,3.504631783813238,-2.128737313406808e-09,0.1010960228741169,0.5714285714285714,False,False
2789.0,7,0,0,0,0.0,0.0,0.0,0.7571122071572712,0.6966000385582447,1.2151838652789593,2.128737313406808e-09,0.4125867858529091,0.5714285714285714,False,False
2790.0,7,0,0,0,0.0,0.0,0.0,2.3059215588229045,2.478256732225418,3.0797152146697044,2.128737313406808e-09,1.1372367516160011,0.5714285714285714,False,False
2791.0,7,0,0,0,0.0,0.0,0.0,0.9919603924666133,1.0396222174167633,1.781836599111557,2.128737329267137e-09,0.1414995864033699,0.5714285714285714,False,False
2792.0,7,0,0,0,0.0,0.0,0.0,1.7120771615632944,1.3215278051793575,3.854301691055298,-1.5965529771249415e-09,0.1310742199420929,0.5714285714285714,False,False
2793.0,7,0,0,0,0.0,0.0,0.0,2.059646835816758,2.060457371175289,3.949520602822304,-5.321842728405507e-10,-0.4844073206186294,0.5714285714285714,False,False
2794.0,7,0,0,0,0.0,0.0,0.0,1.8307749980262347,1.6607238687574863,2.829730857163668,2.1287373768481236e-09,-0.8844101876020432,0.5714285714285714,False,False
2795.0,8,0,0,0,0.0,0.0,0.0,2.477696152869612,2.391811463981867,4.648353967815638,4.656613150633149e-10,0.2769423797726631,0.5,False,False
2796.0,7,0,0,0,0.0,0.0,0.0,0.704789288341999,0.6441237293183804,1.237709864974022,-1.586032892321652e-17,-0.3482569381594658,0.5714285714285714,False,False
2797.0,7,0,0,0,0.0,0.0,0.0,1.7923881709575653,1.333179246634245,3.3543921411037445,-3.172065784643304e-17,1.0974165312945845,0.5714285714285714,False,False
2798.0,8,0,0,0,0.0,0.0,0.0,4.907384179998189,5.609076946973801,7.785553477704525,-2.328306381027545e-09,-1.412807485088706,0.625,False,False
2799.0,7,0,0,0,0.0,0.0,0.0,1.7750062277274472,1.136557154357433,3.943669229745865,5.32184328351702e-10,-0.8073467798531055,0.5714285714285714,False,False
2800.0,7,0,0,0,0.0,0.0,0.0,2.4930583339716708,3.0573465153574944,4.736369792371988,-5.321843917930177e-10,-0.1733835227787494,0.5714285714285714,False,False
2801.0,7,0,0,0,0.0,0.0,0.0,1.5775674528309278,1.7540430761873722,2.7779253721237183,-3.193105970110212e-09,-0.0944061130285263,0.5714285714285714,False,False
2802.0,7,0,0,0,0.0,0.0,0.0,1.6971676812640257,1.7363684698939323,4.038451239466667,-1.596552985055106e-09,-0.0698882415890693,0.5714285714285714,False,False
2803.0,7,0,0,0,0.0,0.0,0.0,1.418432415063892,1.6731230542063713,2.011783730238676,-1.596552985055106e-09,-0.1314394548535347,0.5714285714285714,False,False
2804.0,7,0,0,0,0.0,0.0,0.0,2.5059896106166497,2.84998569265008,4.681655362248421,5.321843917930177e-10,0.5654616318643093,0.5714285714285714,False,False
2805.0,7,0,0,0,0.0,0.0,0.0,1.2281719376998288,1.332247480750084,1.6873022839426994,-5.32184328351702e-10,-0.3735758326947689,0.5714285714285714,False,False
2806.0,7,0,0,0,0.0,0.0,0.0,0.7324952738625663,0.7249708436429501,1.289899442344904,-4.257474610953287e-09,-0.0432775653898716,0.5714285714285714,False,False
2807.0,7,0,0,0,0.0,0.0,0.0,1.2260292103247983,0.9630702026188374,2.571320917457342,-5.321843352905959e-10,-0.4006043374538421,0.5714285714285714,False,False
2808.0,8,0,0,0,0.0,0.0,0.0,3.0391058530658484,2.9295474905520678,5.683463901281357,-2.7939676683352843e-09,-1.1311176493763924,0.5,False,False
2809.0,7,0,0,0,0.0,0.0,0.0,0.9588707579033715,0.9403670765459538,1.7052604295313358,1.064368656703404e-09,0.3307107985019684,0.5714285714285714,False,False
2810.0,8,0,0,0,0.0,0.0,0.0,5.199843625538051,5.420056968927383,6.982722397893667,-9.31322685637781e-10,-0.42536243237555027,0.5,False,False
2811.0,8,0,0,0,0.0,0.0,0.0,3.6852827724069357,3.972494326531887,6.068275813013315,1.8626452602532595e-09,0.6581648420542481,0.5,False,False
2812.0,7,0,0,0,0.0,0.0,0.0,2.0504887694759026,2.3696877732872963,3.152763731777668,5.321842966310442e-10,-0.0415672473609447,0.5714285714285714,False,False
2813.0,8,0,0,0,0.0,0.0,0.0,6.226124515291303,6.109584694728255,9.374666422605516,-1.3969836398786128e-09,-1.1617888119071722,0.5,False,False
2814.0,7,0,0,0,0.0,0.0,0.0,2.191719865160329,1.8440071046352384,5.246142126619816,2.128737313406808e-09,-1.0216714292764664,0.5714285714285714,False,False
2815.0,8,0,0,0,0.0,0.0,0.0,6.139758900273591,6.386500313878059,10.883791003376244,1.3969840839678227e-09,1.80820619314909,0.625,False,False
2816.0,7,0,0,0,0.0,0.0,0.0,1.6077495169426714,1.685991171747446,2.4763772822916508,1.5965529216137903e-09,0.9039896316826344,0.5714285714285714,False,False
2817.0,8,0,0,0,0.0,0.0,0.0,2.608151713386178,3.0054848585277796,5.139087196439505,-1.862645149230957e-09,0.45677208714187145,0.5,False,False
2818.0,7,0,0,0,0.0,0.0,0.0,1.6977435829383987,1.7537073083221912,2.973063673824072,3.19310600183087e-09,0.6730321608483791,0.5714285714285714,False,False
2819.0,8,0,0,0,0.0,0.0,0.0,4.95257208077237,5.18413519859314,9.285252768546345,4.6566106526313433e-10,1.223188403993845,0.625,False,False
2820.0,8,0,0,0,0.0,0.0,0.0,4.838214031420648,5.0465275049209595,8.898994091898203,-9.313225746154785e-10,0.9051493648439646,0.5,False,False
2821.0,8,0,0,0,0.0,0.0,0.0,4.006886852439493,4.661973174661398,6.104745056480169,3.259629011154175e-09,0.08037144131958496,0.5,False,False
2822.0,8,0,0,1,0.0,0.0,0.125,8.026853567920625,7.912122581154108,14.051274616271256,9.313232407492933e-10,3.109296254813671,0.625,False,False
2823.0,7,0,0,0,0.0,0.0,0.0,0.5580343359283039,0.5480495914816856,0.9707737378776072,7.93016446160826e-18,0.12801393866539,0.5714285714285714,False,False
2824.0,7,0,0,0,0.0,0.0,0.0,3.934125946036407,3.710095465183258,7.242424499243498,-1.064368656703404e-09,-1.3258766755461693,0.5714285714285714,False,False
2825.0,8,0,0,0,0.0,0.0,0.0,1.3878936124965549,1.5839185938239098,2.272658918052912,-5.551115123125783e-17,-0.07030362449586394,0.5,False,False
2826.0,8,0,0,0,0.0,0.0,0.0,3.008463176432997,3.6044373624026775,4.570880368351936,-1.3969838619232178e-09,0.6849013268947602,0.5,False,False
2827.0,8,0,0,0,0.0,0.0,0.0,2.9381787311285734,2.6218299660831694,7.926052521914244,-3.7252901874396116e-09,1.1469941940158606,0.625,False,False
2828.0,8,0,0,0,0.0,0.0,0.0,2.6909220991656184,3.0509563721716404,4.042642116546631,-1.8626450937198058e-09,1.1880324222147465,0.625,False,False
2829.0,8,0,0,0,0.0,0.0,0.0,2.7551384163089097,2.9709622394293547,5.993883021175861,-1.3969838619232178e-09,0.6623742040246725,0.75,False,False
2830.0,8,0,0,0,0.0,0.0,0.0,3.2918947017751634,3.3770424127578735,7.832771427929401,-1.3969838619232178e-09,0.8348036725074053,0.75,False,False
2831.0,7,0,0,0,0.0,0.0,0.0,2.808554765901395,2.2549404613673687,6.110440593212843,5.32184328351702e-10,-0.8624313920736313,0.5714285714285714,False,False
2832.0,7,0,0,0,0.0,0.0,0.0,2.04170919369374,1.9048364609479904,4.230220105499029,-2.66092164175851e-09,-0.6375288181006908,0.5714285714285714,False,False
2833.0,7,0,0,0,0.0,0.0,0.0,1.7353762185999326,1.4880189821124077,3.716639768332243,1.064368656703404e-09,-0.4219002276659012,0.7142857142857143,False,False
2834.0,7,0,0,0,0.0,0.0,0.0,1.339291540639741,1.3336796388030052,2.995586149394512,0.0,-0.0179798007011413,0.5714285714285714,False,False
2835.0,7,0,0,0,0.0,0.0,0.0,1.5504222586750984,1.4269750900566578,3.0612176433205605,-1.064368656703404e-09,-0.8554414696991444,0.5714285714285714,False,False
2836.0,7,0,0,0,0.0,0.0,0.0,2.148954446294478,1.3745878040790558,5.943059995770454,-5.32184328351702e-10,0.5316319987177849,0.5714285714285714,False,False
2837.0,6,0,0,0,0.0,0.0,0.0,1.8602966573089361,1.6915066242218018,4.024644047021866,-6.20881716410319e-10,0.7519270852208138,0.6666666666666666,False,False
2838.0,7,0,0,0,0.0,0.0,0.0,1.9183107603873526,1.8506186231970787,2.713539570569992,6.344131569286608e-17,1.1927386820316317,0.5714285714285714,False,False
2839.0,6,0,0,0,0.0,0.0,0.0,2.437796264886856,2.371666956692934,4.022198613733053,0.0,-0.33906078338623047,0.5,False,False
2840.0,6,0,0,0,0.0,0.0,0.0,1.7057122228046258,1.7705904301255941,3.091792818158865,0.0,0.5386650580912828,0.5,False,False
2841.0,6,0,0,0,0.0,0.0,0.0,0.8448135672758023,0.7589552868157625,1.6292796470224855,6.208816886547434e-10,-0.2141721192747354,0.6666666666666666,False,False
2842.0,6,0,0,0,0.0,0.0,0.0,1.763148653631409,1.4912227652966976,3.5084173902869225,1.862645149230957e-09,-0.48803879134356976,0.6666666666666666,False,False
2843.0,6,0,0,0,0.0,0.0,0.0,2.273683711886406,2.1751809380948544,4.010602332651615,-9.25185853854297e-18,-0.41696606762707233,0.5,False,False
2844.0,7,0,0,2,0.0,0.0,0.2857142857142857,6.525899063263621,6.531579498201609,14.634755246341228,-1.064368656703404e-09,-0.6021733917295933,0.7142857142857143,False,False
2845.0,6,0,0,0,0.0,0.0,0.0,1.4015749990940094,1.2095710672438145,2.913734517991543,2.483526865641276e-09,-0.3899550400674343,0.6666666666666666,False,False
2846.0,7,0,0,0,0.0,0.0,0.0,1.207517041691712,0.782221045345068,3.2282908260822296,3.193105970110212e-09,-0.0085115022957324,0.5714285714285714,False,False
2847.0,6,0,0,0,0.0,0.0,0.0,1.941193489357829,1.3872664961963892,4.030942685902119,6.20881716410319e-10,-0.7174935825169086,0.6666666666666666,False,False
2848.0,7,0,0,0,0.0,0.0,0.0,1.1119098413203443,0.8528134487569332,2.534488685429096,-1.596552985055106e-09,0.1136034093797206,0.5714285714285714,False,False
2849.0,7,0,0,0,0.0,0.0,0.0,1.6026117993252618,1.9380447715520857,2.253792989999056,-1.064368656703404e-09,-0.4322943538427353,0.5714285714285714,False,False
2850.0,7,0,0,0,0.0,0.0,0.0,1.5510296731122903,1.2199613489210606,4.056203443557024,5.32184328351702e-10,0.1077414192259311,0.5714285714285714,False,False
2851.0,7,0,0,0,0.0,0.0,0.0,1.6380101500877313,1.4537064395844936,3.183841895312071,-1.5965529216137903e-09,-0.9104332514107228,0.5714285714285714,False,False
2852.0,8,0,0,0,0.0,0.0,0.0,5.246834403369576,5.101976700127125,11.429957151412964,4.656612873077393e-10,0.695179732516408,0.5,False,False
2853.0,7,0,0,0,0.0,0.0,0.0,0.8217966370284557,0.7164173908531666,2.159870833158493,-1.596552985055106e-09,-0.1882370077073574,0.7142857142857143,False,False
2854.0,7,0,0,0,0.0,0.0,0.0,1.337205061422927,1.0285880826413631,2.388939950615168,-1.5965528898931325e-09,0.3825222551822662,0.5714285714285714,False,False
2855.0,7,0,0,0,0.0,0.0,0.0,0.42358528290476116,0.5409885197877884,0.8171699792146683,2.128737313406808e-09,-0.0070508979260921,0.5714285714285714,False,False
2856.0,7,0,0,0,0.0,0.0,0.0,1.7814217278999942,2.341281596571207,2.683116842061281,1.596552985055106e-09,-0.1607014164328575,0.5714285714285714,False,False
2857.0,7,0,0,0,0.0,0.0,0.0,1.7571320922247,1.5773971267044544,3.272306963801384,-1.596552985055106e-09,1.0751869715750215,0.5714285714285714,False,False
2858.0,7,0,0,0,0.0,0.0,0.0,2.3564897498914172,2.4618497826159,4.728836089372635,1.0643687201447198e-09,-0.891692154109478,0.5714285714285714,False,False
2859.0,7,0,0,0,0.0,0.0,0.0,2.6971599528832093,2.5926536954939365,6.156596720218658,1.5965528581724747e-09,0.0532576739788055,0.5714285714285714,False,False
2860.0,7,0,0,0,0.0,0.0,0.0,3.9250870064965317,3.74066998809576,9.545191515237091,2.660921387993247e-09,-0.0548424497246742,0.5714285714285714,False,False
2861.0,8,0,0,0,0.0,0.0,0.0,3.6016266751103103,4.06086259521544,6.238291952759028,-4.656612873077393e-10,-0.1862863190472126,0.5,False,False
2862.0,7,0,0,0,0.0,0.0,0.0,2.541129113308021,2.415407944470644,3.974115464836359,3.193105970110212e-09,-1.03779549151659,0.5714285714285714,False,False
2863.0,6,0,0,0,0.0,0.0,0.0,1.5103091392666101,1.249533735215664,3.312258306890726,-3.104408582051595e-09,-0.31602112762629986,0.6666666666666666,False,False
2864.0,6,0,0,0,0.0,0.0,0.0,0.721431932101647,0.7575699035078287,1.3017918728291988,-1.241763432820638e-09,-0.22188341431319716,0.5,False,False
2865.0,6,0,0,0,0.0,0.0,0.0,0.5137196164578199,0.5126273036003113,0.7669856511056423,1.8626451538568864e-09,0.04679455794394015,0.5,False,False
2866.0,7,0,0,0,0.0,0.0,0.0,2.3134055829473903,2.411707989871502,4.94366192445159,0.0,0.8028610162436962,0.7142857142857143,False,False
2867.0,7,0,0,0,0.0,0.0,0.0,2.3085585859205042,2.060171864926815,4.470290057361126,5.32184328351702e-10,-1.1467835642397404,0.5714285714285714,False,False
2868.0,7,0,0,0,0.0,0.0,0.0,2.665358525833913,2.1153650879859924,5.352876506745815,1.596552985055106e-09,1.4473854638636112,0.7142857142857143,False,False
2869.0,7,0,0,0,0.0,0.0,0.0,2.8898058432553495,2.9361312575638294,4.930946074426174,-1.596552985055106e-09,-0.4048150517046451,0.5714285714285714,False,False
2870.0,7,0,0,0,0.0,0.0,0.0,1.5205324196389742,1.646654825657606,2.493310172110796,3.193105970110212e-09,0.1239276006817817,0.5714285714285714,False,False
2871.0,6,0,0,0,0.0,0.0,0.0,1.3740955007572968,1.4000067561864853,1.9226159267127516,0.0,-0.05458975769579416,0.5,False,False
2872.0,7,0,0,0,0.0,0.0,0.0,1.4855373688042164,1.510390255600214,2.180578958243132,-1.5965530484964218e-09,0.3114602528512478,0.5714285714285714,False,False
2873.0,7,0,0,0,0.0,0.0,0.0,2.3563466481864452,3.240841079503298,3.558001697063446,-5.32184328351702e-10,0.1797478646039962,0.5714285714285714,False,False
2874.0,7,0,0,0,0.0,0.0,0.0,0.4696934015623161,0.3233071342110634,1.005298312753439,5.32184328351702e-10,0.0909953080117702,0.5714285714285714,False,False
2875.0,7,0,0,0,0.0,0.0,0.0,0.5992214967097554,0.5684278644621372,1.1696373894810677,4.257474658534274e-09,-0.0560905635356903,0.5714285714285714,False,False
2876.0,7,0,0,0,0.0,0.0,0.0,2.5648879392870834,3.144117552787065,4.584119025617838,3.7252902905317497e-09,0.1999418400228023,0.5714285714285714,False,False
2877.0,7,0,0,0,0.0,0.0,0.0,3.0691691269832,4.152601882815361,4.660392917692661,-3.725290298461914e-09,-0.1470216251909732,0.5714285714285714,False,False
2878.0,9,0,0,1,0.0,0.0,0.1111111111111111,5.803767167031765,4.668687682598829,12.358675729483366,-8.27842288547092e-10,-0.1558068767189979,0.5555555555555556,False,False
2879.0,8,0,0,0,0.0,0.0,0.0,2.7330896886996925,2.6315667647868395,5.964430492371321,-1.3969838619232178e-09,0.4322517160326242,0.75,False,False
2880.0,9,0,0,0,0.0,0.0,0.0,3.5194359285136065,3.6351019255816936,8.06913985311985,4.13921144273546e-10,0.8954634666442871,0.5555555555555556,False,False
2881.0,9,0,0,0,0.0,0.0,0.0,2.253570451090733,1.9625998735427856,5.177717640995979,2.0696057151998244e-09,0.2596574835479259,0.5555555555555556,False,False
2882.0,8,0,0,1,0.0,0.0,0.125,5.273831858765334,4.315007235854864,12.124560814350843,2.3283064365386963e-09,2.6559067331254482,0.625,False,False
2883.0,9,0,0,1,0.0,0.0,0.1111111111111111,5.793714284482929,4.192247416824102,17.710694085806608,2.06960572136773e-09,0.3944128006696701,0.5555555555555556,False,False
2884.0,8,0,0,0,0.0,0.0,0.0,2.1021330603398383,2.0126010701060295,5.775306407362223,3.259629011154175e-09,-0.0598608516156673,0.625,False,False
2885.0,7,0,0,0,0.0,0.0,0.0,1.381808185151645,1.1682917550206184,2.300965156406164,3.1931059383895543e-09,0.6851828284561634,0.5714285714285714,False,False
2886.0,7,0,0,0,0.0,0.0,0.0,1.793338009821517,1.9167484790086744,2.91775119304657,5.32184328351702e-10,-0.0020003728568553,0.5714285714285714,False,False
2887.0,7,0,0,0,0.0,0.0,0.0,0.8614560472113746,0.5473379716277122,2.0285666286945343,-1.064368656703404e-09,-0.3507017493247986,0.5714285714285714,False,False
2888.0,7,0,0,0,0.0,0.0,0.0,0.8022660852542945,0.7708720974624157,1.6099936366081238,-5.32184328351702e-10,-0.2875625528395176,0.5714285714285714,False,False
2889.0,7,0,0,0,0.0,0.0,0.0,1.0185095210160529,0.90912651643157,2.09633557125926,-7.93016446160826e-18,0.2028461880981922,0.5714285714285714,False,False
2890.0,7,0,0,0,0.0,0.0,0.0,1.10741155062403,0.956679943948984,2.156823515892029,2.128737297546479e-09,-0.3907212503254413,0.5714285714285714,False,False
2891.0,7,0,0,0,0.0,0.0,0.0,1.9550023978309972,1.5318756587803364,4.54821427538991,2.66092164175851e-09,-0.0503986552357673,0.5714285714285714,False,False
2892.0,7,0,0,0,0.0,0.0,0.0,2.250348649919033,1.6022961661219597,4.851316325366497,3.193105970110212e-09,-1.0021948367357254,0.5714285714285714,False,False
2893.0,7,0,0,0,0.0,0.0,0.0,0.6939488910138607,0.4141744077205658,1.6095091626048088,1.5965529533344481e-09,0.1333729065954685,0.5714285714285714,False,False
2894.0,7,0,0,0,0.0,0.0,0.0,1.588971280093704,1.588314402848482,2.840293027460575,2.6609216734791677e-09,-0.7892653569579124,0.5714285714285714,False,False
2895.0,6,0,0,0,0.0,0.0,0.0,1.062747146313389,1.0075952224433422,2.2776441536843777,-6.20881716410319e-10,-0.31432694755494595,0.5,False,False
2896.0,7,0,0,0,0.0,0.0,0.0,1.1696350766079766,1.1293732300400734,2.0241600573062897,-2.128737313406808e-09,-0.2916793376207351,0.5714285714285714,False,False
2897.0,7,0,0,0,0.0,0.0,0.0,0.8656376898288727,0.80137899518013,1.4144881889224052,2.128737313406808e-09,-0.3282962143421173,0.5714285714285714,False,False
2898.0,7,0,0,0,0.0,0.0,0.0,1.2136392295360565,1.2256334200501442,1.801342412829399,1.0643686487732396e-09,0.2657859548926353,0.5714285714285714,False,False
2899.0,7,0,0,0,0.0,0.0,0.0,1.093509451087032,0.845880776643753,2.438077013939619,2.6609215783171945e-09,-0.179254550486803,0.5714285714285714,False,False
2900.0,7,0,0,0,0.0,0.0,0.0,1.2454658666891711,1.1052441410720348,2.2781102880835533,5.32184328351702e-10,-0.6959472149610519,0.5714285714285714,False,False
2901.0,7,0,0,0,0.0,0.0,0.0,0.23503398043768745,0.2291638404130935,0.4437011964619159,0.0,0.1044223718345165,0.5714285714285714,False,False
2902.0,7,0,0,0,0.0,0.0,0.0,1.7034676330430167,2.0033912174403667,2.759649958461523,-2.1287373109286315e-09,-0.0142775811254978,0.5714285714285714,False,False
2903.0,7,0,0,0,0.0,0.0,0.0,1.8680654279887676,1.675539270043373,3.8033221773803234,-5.32184328351702e-10,-0.5836988650262356,0.5714285714285714,False,False
2904.0,7,0,0,0,0.0,0.0,0.0,2.3383071443864276,2.098036762326956,5.071313269436359,2.128737313406808e-09,-0.4241541139781475,0.5714285714285714,False,False
2905.0,8,0,0,0,0.0,0.0,0.0,3.5777621041052043,3.335406105965376,6.710926961153746,3.259629011154175e-09,1.001536350697279,0.625,False,False
2906.0,8,0,0,0,0.0,0.0,0.0,2.5950895566493273,2.2610969319939613,6.236281864345074,2.793967834868738e-09,-0.4048955235630274,0.625,False,False
2907.0,7,0,0,0,0.0,0.0,0.0,2.7443665196853027,2.6261998675763607,4.328574389219284,-5.32184328351702e-10,-1.8635237999260423,0.5714285714285714,False,False
2908.0,7,0,0,0,0.0,0.0,0.0,0.717273438083274,0.6320658847689629,1.731756862252951,-5.321842649103863e-10,-0.2895174548029899,0.5714285714285714,False,False
2909.0,7,0,0,0,0.0,0.0,0.0,0.43472291954926084,0.4038292914628982,0.9104542843997478,2.128737297546479e-09,0.1031437925994396,0.5714285714285714,False,False
2910.0,7,0,0,0,0.0,0.0,0.0,1.683604385703802,2.177484482526779,2.8969080820679665,1.596552985055106e-09,0.2298473380506038,0.5714285714285714,False,False
2911.0,7,0,0,0,0.0,0.0,0.0,1.3641900579844202,1.3702909126877785,1.734493501484394,0.0,0.8122383430600166,0.5714285714285714,False,False
2912.0,7,0,0,0,0.0,0.0,0.0,2.7030287917171205,1.97744245454669,7.153527103364468,1.064368656703404e-09,0.2795745357871055,0.5714285714285714,False,False
2913.0,6,0,0,0,0.0,0.0,0.0,1.1897870308409135,1.0357575062662363,2.506016232073307,-1.862645149230957e-09,0.2194642722606659,0.5,False,False
2914.0,7,0,0,0,0.0,0.0,0.0,1.7711562413190092,1.2973994798958302,3.719967052340508,5.321843838628532e-10,0.3670098036527633,0.5714285714285714,False,False
2915.0,7,0,0,0,0.0,0.0,0.0,0.5606914221176079,0.6630112901329994,0.9573272503912448,3.725290310357161e-09,-0.1051146909594535,0.5714285714285714,False,False
2916.0,7,0,0,0,0.0,0.0,0.0,1.492299341729709,1.221419483423233,2.555924840271473,1.064368656703404e-09,-1.0623650439083576,0.5714285714285714,False,False
2917.0,7,0,0,0,0.0,0.0,0.0,1.9839510449341364,1.8719721883535383,3.9417602233588696,-5.32184328351702e-09,-0.6959634982049465,0.5714285714285714,False,False
2918.0,7,0,0,0,0.0,0.0,0.0,2.638167272188834,2.194340206682682,4.667690195143223,1.596552985055106e-09,0.4268588870763778,0.5714285714285714,False,False
2919.0,8,0,0,0,0.0,0.0,0.0,2.78457761881873,2.325153458863497,6.783881906419992,2.3283065475609988e-09,1.2198360674083233,0.625,False,False
2920.0,7,0,0,0,0.0,0.0,0.0,1.9161878622003965,2.1934519559144974,3.511045303195715,-1.064368656703404e-09,0.0044845379889011,0.5714285714285714,False,False
2921.0,7,0,0,0,0.0,0.0,0.0,1.2050415548895086,1.3394781574606895,2.089102815836668,-5.321843204215376e-10,-0.0870679691433906,0.5714285714285714,False,False
2922.0,7,0,0,0,0.0,0.0,0.0,1.145508794380086,0.8460944183170795,2.1097516492009163,1.596552985055106e-09,-0.5509213767945766,0.5714285714285714,False,False
2923.0,7,0,0,0,0.0,0.0,0.0,1.5145226908581597,1.4784817546606064,2.872368346899748,-2.1287372499654923e-09,0.6385374628007412,0.5714285714285714,False,False
2924.0,7,0,0,0,0.0,0.0,0.0,1.6159468665719032,1.7654000110924244,2.4195745289325714,0.0,0.4990535341203213,0.5714285714285714,False,False
2925.0,9,0,0,0,0.0,0.0,0.0,3.3837137752109103,3.5375473350286484,9.173666924238203,1.6556847744671661e-09,1.1190769262611866,0.6666666666666666,False,False
2926.0,9,0,0,0,0.0,0.0,0.0,3.559205630173286,3.4815652295947075,6.8352004662156105,2.06960572136773e-09,-0.6862441264092922,0.5555555555555556,False,False
2927.0,6,0,0,0,0.0,0.0,0.0,1.0138462521135807,1.0072602946311235,2.292621698230505,-1.241763432820638e-09,0.09603896923363206,0.6666666666666666,False,False
2928.0,7,0,0,0,0.0,0.0,0.0,1.7467155664094858,1.0743103064596653,3.464470215141773,-5.321842490500574e-10,-0.5757186226546764,0.5714285714285714,False,False
2929.0,7,0,0,0,0.0,0.0,0.0,2.276636315243585,1.962065935134888,3.71263125538826,3.172065784643304e-17,1.1342940628528595,0.5714285714285714,False,False
2930.0,7,0,0,0,0.0,0.0,0.0,2.140923509640353,1.879492308944464,3.648491986095905,2.1287371865241766e-09,0.3965040780603885,0.5714285714285714,False,False
2931.0,8,0,0,0,0.0,0.0,0.0,4.247046950273216,4.391351843252778,7.480703182518482,1.862645149230957e-09,0.39250181801617146,0.5,False,False
2932.0,8,0,0,0,0.0,0.0,0.0,3.828141972888261,4.022478753700852,5.963905770331621,3.259629011154175e-09,-0.5750549528747798,0.5,False,False
2933.0,8,0,0,1,0.0,0.0,0.125,5.731545037124306,5.459391636773944,11.80640071630478,-4.656615093523442e-10,-0.16971065104007726,0.5,False,False
2934.0,7,0,0,0,0.0,0.0,0.0,1.1569768355361052,0.9298340156674384,2.3493737019598484,-5.32184328351702e-10,-0.5876358859241009,0.5714285714285714,False,False
2935.0,7,0,0,0,0.0,0.0,0.0,1.0808140709996223,0.7521232329308987,2.3968390487134457,-1.064368656703404e-09,-0.4420910328626632,0.7142857142857143,False,False
2936.0,7,0,0,0,0.0,0.0,0.0,2.2671461552381516,2.226270049810409,4.971255820244551,-1.0643686249827461e-09,1.1760357357561588,0.7142857142857143,False,False
2937.0,7,0,0,0,0.0,0.0,0.0,0.8562170602381229,0.8956091292202473,1.5306175090372562,5.32184328351702e-10,-0.1810853034257888,0.5714285714285714,False,False
2938.0,7,0,0,0,0.0,0.0,0.0,1.3411989249289036,1.01573571190238,2.3366569131612778,-5.321842966310442e-10,-0.8250476196408272,0.5714285714285714,False,False
2939.0,7,0,0,0,0.0,0.0,0.0,1.1861837660627705,0.98527617380023,2.401099592447281,-3.725290298461914e-09,0.6393973119556904,0.7142857142857143,False,False
2940.0,7,0,0,0,0.0,0.0,0.0,1.2950095518359117,1.0481043234467506,2.934480480849743,-5.32184328351702e-10,-0.3677697107195854,0.5714285714285714,False,False
2941.0,7,0,0,0,0.0,0.0,0.0,3.3761320816619054,2.6625407934188843,7.264697067439556,-1.0643686884240618e-09,-0.5543184317648411,0.5714285714285714,False,False
2942.0,7,0,0,0,0.0,0.0,0.0,1.7216324039867945,1.0928823836147783,4.061392143368721,2.128737313406808e-09,0.2833307385444641,0.5714285714285714,False,False
2943.0,8,0,0,0,0.0,0.0,0.0,3.098901421763003,2.883861344307661,7.46822115033865,1.862645149230957e-09,1.0866198297590017,0.625,False,False
2944.0,8,0,0,0,0.0,0.0,0.0,1.639696221332997,2.0627635531127453,3.541956428438425,3.259629011154175e-09,-0.04795861802995205,0.5,False,False
2945.0,7,0,0,0,0.0,0.0,0.0,2.163717712674822,2.301360849291086,2.930947959423065,1.0643686091224173e-09,0.9489614069461824,0.5714285714285714,False,False
2946.0,7,0,0,0,0.0,0.0,0.0,1.091768114162343,1.0245714485645294,2.392776168882847,5.32184328351702e-10,0.2051877677440643,0.5714285714285714,False,False
2947.0,7,0,0,0,0.0,0.0,0.0,0.9404753654130867,0.6737026497721672,1.6710009947419169,-1.596552985055106e-09,-0.3015075996518135,0.5714285714285714,False,False
2948.0,7,0,0,0,0.0,0.0,0.0,1.6146328401352679,1.9121912196278568,3.042402535676956,3.7252902350205984e-09,0.1066177636384964,0.5714285714285714,False,False
2949.0,8,0,0,0,0.0,0.0,0.0,3.1610876163467765,3.5190166160464287,4.0091265216469765,-9.31322685637781e-10,0.46422174386680126,0.5,False,False
2950.0,8,0,0,0,0.0,0.0,0.0,3.3086704770103097,3.592800723388791,4.6466157883405685,9.313225746154785e-10,-0.6957975830882789,0.5,False,False
2951.0,7,0,0,0,0.0,0.0,0.0,1.1179737028266703,0.971900887787342,2.1118638552725315,-5.321843382644076e-10,0.2986455000936985,0.7142857142857143,False,False
2952.0,7,0,0,0,0.0,0.0,0.0,0.7730596400797367,0.7235707826912403,1.880236387252808,5.321843917930177e-10,-0.1353731788694858,0.5714285714285714,False,False
2953.0,7,0,0,0,0.0,0.0,0.0,0.8487757210220609,0.8077343069016933,1.655714686959982,-1.064368647781969e-09,-0.0448238663375377,0.5714285714285714,False,False
2954.0,7,0,0,0,0.0,0.0,0.0,0.7850004572953496,0.761140875518322,1.3719911016523838,0.0,-0.4570835158228874,0.5714285714285714,False,False
2955.0,7,0,0,0,0.0,0.0,0.0,1.1661791801452637,0.9327853322029114,2.4920488335192204,-2.1287374085687816e-09,-0.4923635832965374,0.5714285714285714,False,False
2956.0,7,0,0,0,0.0,0.0,0.0,1.75087911475982,2.297001786530018,3.151123572140932,1.5965529810900237e-09,0.1532092839479446,0.5714285714285714,False,False
2957.0,7,0,0,0,0.0,0.0,0.0,3.096469451274191,3.5323766991496086,5.759581468999386,3.193106033551528e-09,0.3031708858907223,0.5714285714285714,False,False
2958.0,7,0,0,0,0.0,0.0,0.0,1.8010497747787408,1.9283482283353808,2.44376939162612,-1.596552985055106e-09,-0.5933592766523361,0.5714285714285714,False,False
2959.0,7,0,0,0,0.0,0.0,0.0,0.6464490949043206,0.7251034118235111,1.1600795686244965,-2.66092164175851e-09,-0.1069487296044826,0.5714285714285714,False,False
2960.0,7,0,0,0,0.0,0.0,0.0,1.0846185199916363,0.784454770386219,2.524710725992918,2.6609216338283457e-09,0.0146071277558803,0.5714285714285714,False,False
2961.0,8,0,0,0,0.0,0.0,0.0,4.768922576215118,4.272435070946813,8.659404449164867,2.3283064365386963e-09,1.8910994324833155,0.625,False,False
2962.0,8,0,0,0,0.0,0.0,0.0,2.7353450627997518,2.705666435882449,5.132348071783781,-1.862645149230957e-09,-0.20663007535040379,0.5,False,False
2963.0,7,0,0,0,0.0,0.0,0.0,1.8571644462645054,2.081371955573559,3.4398491084575653,2.6609216496886745e-09,0.0491091832518577,0.5714285714285714,False,False
2964.0,7,0,0,0,0.0,0.0,0.0,2.013408642794405,2.2980063892900944,3.593102365732193,2.128737313406808e-09,0.1073120199143886,0.5714285714285714,False,False
2965.0,8,0,0,0,0.0,0.0,0.0,3.1240644403733313,2.4950669929385185,6.520491898059845,-4.656612873077393e-10,0.492815937846899,0.625,False,False
2966.0,6,0,0,0,0.0,0.0,0.0,1.622631738583247,1.6413982100784779,3.687358282506466,-1.241763432820638e-09,-0.12574371881783006,0.6666666666666666,False,False
2967.0,7,0,0,0,0.0,0.0,0.0,3.957569688026394,3.796041812747717,5.498494371771812,-3.725290425344545e-09,-2.736197505146265,0.5714285714285714,False,False
2968.0,8,0,0,0,0.0,0.0,0.0,3.9403505409136415,4.400724835693836,5.045109655708075,-9.313225746154785e-10,0.21405695378780376,0.5,False,False
2969.0,7,0,0,0,0.0,0.0,0.0,0.7621536808354514,0.8054950162768364,1.3809716552495956,-2.128737309441726e-09,-0.1771598197519779,0.5714285714285714,False,False
2970.0,7,0,0,0,0.0,0.0,0.0,0.8126169262187821,0.7622680626809597,2.0760235749185085,-1.064368656703404e-09,0.4088605232536793,0.7142857142857143,False,False
2971.0,7,0,0,0,0.0,0.0,0.0,1.4482891538313456,1.4146770611405373,3.341986168175936,1.0643687201447198e-09,-0.5749130137264729,0.7142857142857143,False,False
2972.0,7,0,0,0,0.0,0.0,0.0,0.9006572892623288,0.7636623047292233,1.6943756602704525,1.596552985055106e-09,-0.6061088144779205,0.5714285714285714,False,False
2973.0,7,0,0,0,0.0,0.0,0.0,0.29440934636763166,0.1897918246686458,0.7415665909647942,0.0,-0.0013552196323871,0.5714285714285714,False,False
2974.0,7,0,0,0,0.0,0.0,0.0,0.32453115018350737,0.2009893991053104,0.8749779686331749,-5.321843521421954e-10,-0.0344472788274288,0.5714285714285714,False,False
2975.0,7,0,0,0,0.0,0.0,0.0,1.5351296785686697,1.4506301023066044,3.172261174768209,2.6609217051998257e-09,-0.6306986100971699,0.5714285714285714,False,False
2976.0,7,0,0,0,0.0,0.0,0.0,1.658988835023982,1.6924728192389011,2.4937155097723007,-1.596552985055106e-09,-0.1607192121446132,0.5714285714285714,False,False
2977.0,8,0,0,0,0.0,0.0,0.0,2.6604123264551163,3.160524681210518,5.177999589592218,2.7939677238464355e-09,-0.10718955099582675,0.5,False,False
2978.0,7,0,0,0,0.0,0.0,0.0,2.4180229641497135,2.632188864052296,5.154170863330364,-5.321844552343334e-10,-0.9278821870684624,0.7142857142857143,False,False
2979.0,6,0,0,0,0.0,0.0,0.0,1.9219624747832615,1.4118899721652272,3.8793122358620167,-2.4835268101301247e-09,-0.8561706636101007,0.6666666666666666,False,False
2980.0,7,0,0,0,0.0,0.0,0.0,0.8060963909540858,0.9768890477716924,1.134875450283289,1.064368672563733e-09,-0.2091331779956817,0.5714285714285714,False,False
2981.0,7,0,0,0,0.0,0.0,0.0,1.7240892217627592,1.499420065432787,3.274507686495781,2.66092164175851e-09,-1.1215782277286053,0.5714285714285714,False,False
2982.0,6,0,0,0,0.0,0.0,0.0,1.2393053229898214,1.239356692880392,2.865655578672886,6.208817904251873e-10,-0.0419265534728765,0.6666666666666666,False,False
2983.0,6,0,0,0,0.0,0.0,0.0,0.8216257349898418,0.7918141391128302,1.767518699169159,-1.862645149230957e-09,0.2579704634845257,0.5,False,False
2984.0,6,0,0,0,0.0,0.0,0.0,0.84746605095764,0.6836060211062431,1.771030455827713,-6.20881716410319e-10,0.16974404454231262,0.5,False,False
2985.0,7,0,0,0,0.0,0.0,0.0,0.3822763743145125,0.3607111498713493,0.7537473551928997,-2.1287372896163147e-09,0.2646646127104759,0.5714285714285714,False,False
2986.0,7,0,0,0,0.0,0.0,0.0,1.3757287535284246,1.283836368471384,3.291041605174541,-3.725290242950763e-09,0.174763411283493,0.5714285714285714,False,False
2987.0,6,0,0,0,0.0,0.0,0.0,0.7560846855243047,0.6527115236967802,1.4348086938261986,3.725290310026737e-09,-0.2883314415812492,0.6666666666666666,False,False
2988.0,7,0,0,0,0.0,0.0,0.0,2.9641615519566193,3.493377894163132,4.550685949623585,3.72529036190323e-09,-0.4232699796557426,0.5714285714285714,False,False
2989.0,8,0,0,1,0.0,0.0,0.125,6.603873561602086,6.59804923273623,12.17536785081029,1.3969838619232178e-09,2.6294529363512993,0.625,False,False
2990.0,7,0,0,0,0.0,0.0,0.0,1.6619118398853712,1.292027112096548,3.0530257299542427,-2.128737313406808e-09,-0.3866997621953487,0.5714285714285714,False,False
2991.0,7,0,0,0,0.0,0.0,0.0,2.0061015715556487,2.307843167334795,3.1509238183498383,1.596552985055106e-09,-0.7932515405118465,0.5714285714285714,False,False
2992.0,7,0,0,0,0.0,0.0,0.0,2.149290761777333,1.878705993294716,4.37768342345953,2.128737313406808e-09,0.3097239248454571,0.5714285714285714,False,False
2993.0,7,0,0,0,0.0,0.0,0.0,0.8559316588299615,0.419097002595663,2.374434918165207,2.128737313406808e-09,0.0158698484301567,0.5714285714285714,False,False
2994.0,7,0,0,0,0.0,0.0,0.0,1.4108412287064962,0.9514939300715924,3.7489420510828495,1.064368656703404e-09,0.2330680042505264,0.5714285714285714,False,False
2995.0,6,0,0,0,0.0,0.0,0.0,0.9245230990151564,0.8483769539743662,2.0357010401785374,1.241763432820638e-09,0.3615923374891281,0.5,False,False
2996.0,7,0,0,0,0.0,0.0,0.0,1.5041847984705652,0.990913175046444,2.9365769028663635,-1.0643687201447198e-09,0.6395050808787346,0.5714285714285714,False,False
2997.0,7,0,0,0,0.0,0.0,0.0,3.339043216513736,3.5997513942420483,6.14138064160943,5.32184328351702e-10,0.4774443283677101,0.5714285714285714,False,False
2998.0,7,0,0,0,0.0,0.0,0.0,1.586845129196133,1.5194580294191835,2.69880798086524,1.596553016775764e-09,-0.1045562289655208,0.5714285714285714,False,False
2999.0,6,0,0,0,0.0,0.0,0.0,0.9047553017735481,0.7317749317735434,1.819420114159584,0.0,-0.2312086392194033,0.5,False,False
3000.0,7,0,0,0,0.0,0.0,0.0,5.018762273980038,5.842317532747984,10.00007526949048,-5.32184328351702e-10,-0.2725984118878841,0.5714285714285714,False,False
3001.0,7,0,0,0,0.0,0.0,0.0,1.4815055834395545,0.9186024256050588,3.536744188517332,1.0643686230002051e-09,0.07532374933362,0.5714285714285714,False,False
3002.0,7,0,0,0,0.0,0.0,0.0,2.398559999785253,2.552299551665783,3.9686549603939056,-5.32184328351702e-10,0.3368780054152012,0.5714285714285714,False,False
3003.0,7,0,0,0,0.0,0.0,0.0,2.357851198741368,2.125857960432768,4.025890622287989,2.128737313406808e-09,1.149183664470911,0.5714285714285714,False,False
3004.0,7,0,0,0,0.0,0.0,0.0,3.675710039479392,3.878989815711975,7.251103669404983,1.0643685932620883e-09,-0.2591891251504421,0.5714285714285714,False,False
3005.0,7,0,0,0,0.0,0.0,0.0,3.2297409208757535,1.9250319339334965,9.042943336069584,0.0,-0.0970023646950721,0.5714285714285714,False,False
3006.0,7,0,0,0,0.0,0.0,0.0,1.3809959122112818,1.3837517313659191,2.2689858600497246,3.1931059383895543e-09,0.5080069489777088,0.5714285714285714,False,False
3007.0,7,0,0,0,0.0,0.0,0.0,5.15508205230747,3.997443441301584,9.8331543430686,6.344131569286608e-17,-2.0320535600185394,0.5714285714285714,False,False
3008.0,6,0,0,0,0.0,0.0,0.0,2.422385814910134,2.5948809292167425,3.3235408291220665,-3.104408582051595e-09,-0.426168791949749,0.5,False,False
3009.0,7,0,0,0,0.0,0.0,0.0,1.3746117454554354,1.5373619385063648,2.592662535607815,-1.5965529771249415e-09,-0.3368730619549751,0.5714285714285714,False,False
3010.0,7,0,0,0,0.0,0.0,0.0,1.7377717393849577,1.692022506147623,2.744475439190865,-1.5965529216137903e-09,-0.1126056648790836,0.5714285714285714,False,False
3011.0,7,0,0,0,0.0,0.0,0.0,0.6892974855644363,0.4809557199478149,1.7096320651471617,2.128737333232219e-09,-0.2000482492148876,0.5714285714285714,False,False
3012.0,7,0,0,0,0.0,0.0,0.0,2.0778241189462796,1.667448915541172,3.974667470902205,-1.0643687201447198e-09,-0.8427402041852474,0.5714285714285714,False,False
3013.0,7,0,0,0,0.0,0.0,0.0,3.4979724468929425,2.1254731826484203,7.10012973472476,1.064368656703404e-09,-1.0714577734470367,0.5714285714285714,False,False
3014.0,7,0,0,0,0.0,0.0,0.0,1.0768280353929316,0.7187365256249905,2.8060478419065475,5.32184328351702e-10,-0.0484237521886825,0.5714285714285714,False,False
3015.0,7,0,0,0,0.0,0.0,0.0,1.5470712365848678,0.9786182604730128,3.604352615773678,-1.064368656703404e-09,-0.4170703180134296,0.5714285714285714,False,False
3016.0,7,0,0,0,0.0,0.0,0.0,1.9801654208983694,2.1626222357153893,3.6188377775251865,-3.1931059780403767e-09,0.4068071469664573,0.5714285714285714,False,False
3017.0,7,0,0,0,0.0,0.0,0.0,1.8256720724914755,1.8319349065423007,3.0765364542603493,-2.6609215783171945e-09,-0.5757247060537338,0.5714285714285714,False,False
3018.0,7,0,0,0,0.0,0.0,0.0,1.8171957624810082,1.7752685509622097,3.1164595708251,-1.064368656703404e-09,0.1076726987957954,0.5714285714285714,False,False
3019.0,7,0,0,0,0.0,0.0,0.0,2.392961953367506,2.351990416646004,3.870330698788166,-1.064368656703404e-09,-1.082049448043108,0.5714285714285714,False,False
3020.0,7,0,0,0,0.0,0.0,0.0,0.9588655552693776,1.0230776220560074,1.7365081161260605,2.128737313406808e-09,-0.4692163430154323,0.5714285714285714,False,False
3021.0,7,0,0,0,0.0,0.0,0.0,1.3028813866632325,0.8850616216659546,2.905698899179697,2.128737313406808e-09,0.305915430188179,0.5714285714285714,False,False
3022.0,7,0,0,0,0.0,0.0,0.0,1.4052260209407126,1.5913806818425655,2.802290577441454,-1.064368656703404e-09,0.0867174975574016,0.5714285714285714,False,False
3023.0,7,0,0,0,0.0,0.0,0.0,1.245148813618081,1.472858440130949,1.9799994938075545,-3.725290330182572e-09,-0.2938943095505237,0.5714285714285714,False,False
3024.0,7,0,0,0,0.0,0.0,0.0,5.1736441903880666,2.962143190205097,11.605508875101805,-1.064368656703404e-09,0.5885427743196487,0.5714285714285714,False,False
3025.0,6,0,0,0,0.0,0.0,0.0,1.5868273861706257,1.2545771356672049,3.1207826025784016,-1.241763432820638e-09,-0.6938406843692064,0.6666666666666666,False,False
3026.0,7,0,0,0,0.0,0.0,0.0,1.8067478037306242,1.519902754575014,3.9017746299505234,-1.064368656703404e-09,-0.6938134543597698,0.5714285714285714,False,False
3027.0,7,0,0,0,0.0,0.0,0.0,5.56721659217562,5.213678885251284,9.34691747650504,2.5376526277146434e-16,2.888272825628519,0.5714285714285714,False,False
3028.0,7,0,0,0,0.0,0.0,0.0,2.482762428798846,2.5007846876978874,3.934698831290007,3.725290298461914e-09,1.1991223320364952,0.5714285714285714,False,False
3029.0,7,0,0,0,0.0,0.0,0.0,1.3549837917089462,1.556819435209036,2.020561221987009,-3.19310596614513e-09,-0.1831015385687351,0.5714285714285714,False,False
3030.0,7,0,0,0,0.0,0.0,0.0,1.935279978705304,2.4043244048953056,4.369155514985323,1.596552985055106e-09,0.3173778504133224,0.7142857142857143,False,False
3031.0,7,0,0,0,0.0,0.0,0.0,2.9261180141142438,2.2763625755906105,5.104978337883949,1.064368656703404e-09,-0.8893650993704796,0.5714285714285714,False,False
3032.0,7,0,0,0,0.0,0.0,0.0,2.7413538827427795,2.131096817553044,5.506123226135969,-1.596552985055106e-09,0.1828563772141933,0.5714285714285714,False,False
3033.0,6,0,0,0,0.0,0.0,0.0,3.0492311442891755,3.2494804970920086,5.586198773235083,1.241763432820638e-09,-1.0833461936563253,0.6666666666666666,False,False
3034.0,7,2,0,3,0.2857142857142857,0.0,0.42857142857142855,11.382518877408334,10.175968885421751,27.30947371572256,2.6609218955237726e-09,-1.78271946310997,0.7142857142857143,False,False
3035.0,6,0,0,0,0.0,0.0,0.0,2.019124291216334,2.0149607472121716,3.628165055066347,-1.862645149230957e-09,-0.8011961933225393,0.6666666666666666,False,False
3036.0,5,0,0,0,0.0,0.0,0.0,0.5340493954718113,0.5034988597035408,1.113979395478964,2.2351742234860696e-09,-0.2586900405585766,0.6,False,False
3037.0,6,0,0,0,0.0,0.0,0.0,0.8259119888146719,0.7160423286259174,2.020445600152016,2.4835269396561444e-09,-0.1387354824692011,0.5,False,False
3038.0,7,0,0,0,0.0,0.0,0.0,0.8898890550647464,0.5475204810500145,2.0699375830590725,-3.193105970110212e-09,0.1418688669800758,0.5714285714285714,False,False
3039.0,8,0,0,3,0.0,0.0,0.375,7.0263442024588585,7.093880619853735,15.871122758835554,0.0,1.8729255441576242,0.625,False,False
3040.0,8,0,0,2,0.0,0.0,0.25,5.79191888961941,3.8633503317832947,12.884403251111507,-1.862645149230957e-09,-1.278285825625062,0.625,False,False
3041.0,7,0,0,0,0.0,0.0,0.0,2.530648389032909,1.889655563980341,5.424757707864046,-2.1287372816861503e-09,-1.5465594716370106,0.5714285714285714,False,False
3042.0,7,0,0,0,0.0,0.0,0.0,2.315221345318215,2.248972084373236,4.819994129240513,3.725290298461914e-09,-0.2841933034360409,0.5714285714285714,False,False
3043.0,7,0,0,0,0.0,0.0,0.0,3.3874334075621197,2.908390123397112,6.143366649746895,-3.193105970110212e-09,1.9120847471058369,0.5714285714285714,False,False
3044.0,7,0,0,0,0.0,0.0,0.0,0.5834889678018433,0.5027913562953472,1.103654533624649,-1.0643686586859452e-09,0.0645645074546337,0.7142857142857143,False,False
3045.0,7,0,0,0,0.0,0.0,0.0,2.1824905989425525,2.3224385790526867,4.03194135800004,-2.1287372182448347e-09,0.2735706306993961,0.5714285714285714,False,False
3046.0,7,0,0,0,0.0,0.0,0.0,1.0833009987005167,0.9959174692630768,1.8594944477081297,5.321843600723599e-10,0.3005719929933548,0.5714285714285714,False,False
3047.0,7,0,0,0,0.0,0.0,0.0,1.621993474662304,1.779803566634655,2.408180177211761,1.0643687201447198e-09,0.990545742213726,0.5714285714285714,False,False
3048.0,7,0,0,0,0.0,0.0,0.0,1.526986748512302,1.559197574853897,2.287930585443973,1.5965530802170796e-09,0.3677916117012501,0.5714285714285714,False,False
3049.0,7,0,0,0,0.0,0.0,0.0,2.2143940994782105,3.131291538476944,3.9099160954356194,-1.5965529969503527e-09,0.0730109252035617,0.5714285714285714,False,False
3050.0,7,0,0,0,0.0,0.0,0.0,4.428267686494759,5.982170064002276,6.944805581122637,1.0643686884240618e-09,-1.4252270683646202,0.5714285714285714,False,False
3051.0,7,0,0,0,0.0,0.0,0.0,1.4816805012524128,1.552695382386446,2.451803933829069,-1.596553016775764e-09,-0.5976323671638966,0.5714285714285714,False,False
3052.0,7,0,0,0,0.0,0.0,0.0,1.5443095793681485,1.455461323261261,2.749941408634186,-5.32184328351702e-10,0.5050244182348251,0.5714285714285714,False,False
3053.0,8,0,0,0,0.0,0.0,0.0,2.9237264902330935,2.614700205624104,6.058933399617672,1.3969837509009153e-09,-0.31123005226254463,0.5,False,False
3054.0,7,0,0,0,0.0,0.0,0.0,1.3108192022357668,1.3558440133929253,2.7216236107051373,-1.064368656703404e-09,0.0683986470103263,0.5714285714285714,False,False
3055.0,8,4,0,6,0.5,0.0,0.75,16.611650672741234,16.108958017081022,32.99583237618208,-9.313230187046884e-10,-0.9515823945403099,0.5,True,False
3056.0,8,0,0,0,0.0,0.0,0.0,2.4353624656796455,2.6641302295029163,4.41318941488862,-2.7939677238464355e-09,0.46378342621028423,0.625,False,False
3057.0,8,0,0,0,0.0,0.0,0.0,4.419231184292585,4.4618956334888935,9.17171400040388,-1.3969836398786128e-09,0.12299427390098575,0.5,False,False
3058.0,7,0,0,0,0.0,0.0,0.0,0.7450104111007282,0.6018801517784595,1.9457581974565985,-1.0643686249827461e-09,0.1296859346330166,0.5714285714285714,False,False
3059.0,7,0,0,0,0.0,0.0,0.0,0.5080802403390408,0.2954886183142662,1.127575058490038,-1.596553000915435e-09,0.197316937148571,0.5714285714285714,False,False
3060.0,7,0,0,0,0.0,0.0,0.0,1.6330747630979334,1.0979758836328983,3.7146979682147503,5.32184328351702e-10,0.6337513364851475,0.5714285714285714,False,False
3061.0,7,0,0,0,0.0,0.0,0.0,1.1227504712130343,0.948850017040968,1.942120585590601,-2.66092164175851e-09,0.5318900495767593,0.5714285714285714,False,False
3062.0,8,0,0,0,0.0,0.0,0.0,1.0415322151966393,0.8213995825499296,2.3969211913645267,1.3969838619232178e-09,-0.018690770491957664,0.5,False,False
3063.0,9,0,0,0,0.0,0.0,0.0,2.043786552217272,1.7287807166576383,4.90206203982234,-3.311369154188368e-09,-0.4440554268658161,0.5555555555555556,False,False
3064.0,7,0,0,2,0.0,0.0,0.2857142857142857,6.789393896503108,7.152578309178352,11.12308457866311,0.0,-1.1958992816507816,0.5714285714285714,False,False
3065.0,7,0,0,0,0.0,0.0,0.0,2.6301529897110805,2.2066395319998264,3.829116642475128,-3.193105970110212e-09,-1.529698759317398,0.5714285714285714,False,False
3066.0,8,0,0,0,0.0,0.0,0.0,3.472782578319311,2.9527835585176945,8.35798005759716,9.313225746154785e-10,2.310456585139036,0.625,False,False
3067.0,7,0,0,0,0.0,0.0,0.0,3.8814020699688365,3.4680531919002533,10.095645043998957,2.1287371151526966e-09,-0.6603244990110397,0.5714285714285714,False,False
3068.0,8,0,0,0,0.0,0.0,0.0,4.0152984615415335,3.4755673073232174,7.821969702839851,2.7939677238464355e-09,-2.252222403883934,0.625,False,False
3069.0,8,0,0,0,0.0,0.0,0.0,4.695601168088615,4.4670425709337,9.84831952676177,-9.313225746154785e-10,-0.941050861030817,0.625,False,False
3070.0,8,0,0,1,0.0,0.0,0.125,4.2672137268818915,2.57343384437263,10.345016200095415,-2.3283064365386963e-09,-1.3858526609838009,0.625,False,False
3071.0,9,0,0,1,0.0,0.0,0.1111111111111111,4.432259089830849,2.860381562262773,11.066185027360916,-4.13921144273546e-10,-1.464526928961277,0.6666666666666666,False,False
3072.0,8,0,0,0,0.0,0.0,0.0,3.3963243453763425,3.1559238974004984,6.524745300412178,4.656612873077393e-10,1.7378086429089308,0.625,False,False
3073.0,8,0,0,0,0.0,0.0,0.0,3.310747977346182,3.7028789166361094,7.020652819424868,-9.313225746154785e-10,-0.2858946677297354,0.5,False,False
3074.0,8,0,0,0,0.0,0.0,0.0,4.020219924394041,3.7588389851152897,10.18244218453765,-4.656612873077393e-10,-0.43244410678744327,0.5,False,False
3075.0,8,0,0,0,0.0,0.0,0.0,2.54203967936337,2.0205881651490927,5.918607052415609,-2.7939677238464355e-09,1.0256410147994757,0.75,False,False
3076.0,7,0,0,1,0.0,0.0,0.14285714285714285,6.798840415797064,6.843690615147352,15.716183416545393,1.5965534925856316e-09,-1.64964609593153,0.5714285714285714,False,False
3077.0,6,0,0,0,0.0,0.0,0.0,1.180272885908683,1.1446420717984438,2.1574776992201805,3.725290298461914e-09,-0.20494692400097847,0.5,False,False
3078.0,8,0,0,0,0.0,0.0,0.0,2.9468383570201695,1.734439142048359,7.167810920625925,4.656612873077393e-10,0.15702680870890617,0.5,False,False
3079.0,7,0,0,0,0.0,0.0,0.0,1.158741544932127,1.5010122656822205,1.822449382394552,1.596552949369366e-09,0.2427640855312347,0.5714285714285714,False,False
3080.0,7,0,0,0,0.0,0.0,0.0,1.6252156549266406,1.99078381061554,3.039262678474188,2.1287373768481236e-09,0.4923453964293003,0.5714285714285714,False,False
3081.0,7,0,0,0,0.0,0.0,0.0,2.0261079919125353,2.5798614993691444,3.2145077288150787,5.321842649103863e-10,-0.0298309624195098,0.5714285714285714,False,False
3082.0,8,0,0,0,0.0,0.0,0.0,5.524976377375424,4.978220863267779,9.461899384856224,2.7939677238464355e-09,0.27274940349161625,0.5,False,False
3083.0,7,0,0,0,0.0,0.0,0.0,1.4357909326042448,1.3305266425013542,2.5087019689381123,-1.0643686249827461e-09,-0.2551734521985054,0.5714285714285714,False,False
3084.0,8,4,0,6,0.5,0.0,0.75,20.50333663262427,20.579219825565815,36.40097375586629,1.862645149230957e-09,3.9180457927286616,0.5,True,False
3085.0,8,4,0,6,0.5,0.0,0.75,22.684093316085637,21.953743690624833,38.99348138645291,-2.7939677238464355e-09,3.486362859606743,0.5,True,False
3086.0,7,0,0,0,0.0,0.0,0.0,1.9502459120537554,2.6091360226273537,3.275920644402504,-5.32184328351702e-10,-0.6557727195322514,0.5714285714285714,False,False
3087.0,7,0,0,0,0.0,0.0,0.0,1.77306426476155,2.024469882249832,2.4053922221064568,-5.32184328351702e-10,0.0602777302265167,0.5714285714285714,False,False
3088.0,8,3,0,6,0.375,0.0,0.75,17.030790839344263,16.565971683710814,29.58819740638137,0.0,0.8960556108504534,0.5,False,False
3089.0,7,0,0,0,0.0,0.0,0.0,3.1739025323518684,2.9800690449774265,7.438653994351625,-5.32184328351702e-10,1.7807212583720684,0.7142857142857143,False,False
3090.0,7,0,0,0,0.0,0.0,0.0,2.0083855257502625,2.2028000876307487,3.9072786942124367,5.321843204215376e-10,0.3560622185468673,0.5714285714285714,False,False
3091.0,6,0,0,0,0.0,0.0,0.0,0.42175413233538467,0.3870760574936867,0.8590371608734131,-1.8626451677346742e-09,0.0620425511151552,0.6666666666666666,False,False
3092.0,7,0,0,0,0.0,0.0,0.0,2.036644939865385,2.194887015968561,3.1802897043526173,1.982541115402065e-18,-0.1000852845609188,0.5714285714285714,False,False
3093.0,7,0,0,0,0.0,0.0,0.0,5.433655695723636,6.860747050493956,7.968321990221739,-1.596552985055106e-09,1.8923493921756744,0.5714285714285714,False,False
3094.0,7,0,0,0,0.0,0.0,0.0,0.6761962670300689,0.4865387603640556,1.5611688755452633,1.596552985055106e-09,0.104271937161684,0.5714285714285714,False,False
3095.0,7,0,0,0,0.0,0.0,0.0,1.4698366623904024,1.448994304984808,3.0708255507051945,5.32184328351702e-10,0.5752391777932644,0.5714285714285714,False,False
3096.0,7,0,0,0,0.0,0.0,0.0,1.976665587829692,2.137992102652788,2.9999022036790848,-1.596552985055106e-09,0.2171027585864067,0.5714285714285714,False,False
3097.0,7,0,0,0,0.0,0.0,0.0,1.8496852357472693,2.035819321870804,2.82489987462759,-1.064368656703404e-09,0.2242787107825279,0.5714285714285714,False,False
3098.0,7,0,0,0,0.0,0.0,0.0,2.2505288778671195,2.552717421203852,4.111670628190041,-2.66092164175851e-09,-1.1776127368211746,0.5714285714285714,False,False
3099.0,7,0,0,0,0.0,0.0,0.0,2.5389432720839977,2.340352263301611,5.646514419466257,-1.596552985055106e-09,0.7882325984537601,0.5714285714285714,False,False
3100.0,7,0,0,1,0.0,0.0,0.14285714285714285,4.535218236169645,5.506392173469067,9.262236837297678,1.596552985055106e-09,0.8325563482940197,0.7142857142857143,False,False
3101.0,7,0,0,0,0.0,0.0,0.0,1.2781011275947094,1.1351292952895164,2.594785895198584,5.321842649103863e-10,-0.1952544003725052,0.5714285714285714,False,False
3102.0,7,0,0,4,0.0,0.0,0.5714285714285714,9.137941143874611,10.926651537418364,14.934561494737864,-2.66092164175851e-09,1.3774712421000004,0.5714285714285714,False,False
3103.0,7,0,0,0,0.0,0.0,0.0,2.9399484300187657,3.0594104304909706,6.00499277934432,2.1287373213369723e-09,0.1907377541065216,0.5714285714285714,False,False
3104.0,7,0,0,0,0.0,0.0,0.0,1.9816934897431306,1.3664095290005207,4.408843137323856,-2.66092164175851e-09,-0.5549154616892338,0.5714285714285714,False,False
3105.0,7,0,0,0,0.0,0.0,0.0,1.4544947120760168,1.2803440168499949,3.612228937447071,-2.660921610037852e-09,-0.0240442268550395,0.5714285714285714,False,False
3106.0,8,0,0,0,0.0,0.0,0.0,2.4559371382929385,2.615819651633501,4.503951996564865,4.656611762854368e-10,-1.2614579927176237,0.625,False,False
3107.0,7,0,0,0,0.0,0.0,0.0,0.648370231368712,0.7567578740417957,1.431201733648777,1.596552985055106e-09,0.065597828477621,0.5714285714285714,False,False
3108.0,7,0,0,0,0.0,0.0,0.0,1.4513334642563547,1.6179173104465008,2.380599021911621,1.064368656703404e-09,0.3492203950881958,0.5714285714285714,False,False
3109.0,8,0,0,0,0.0,0.0,0.0,2.970519098918885,2.4796081576496363,6.842242531478405,-4.656612873077393e-10,1.6498914416879416,0.625,False,False
3110.0,7,0,0,0,0.0,0.0,0.0,3.6564939027386054,4.653500065207481,5.747913476079702,2.66092164175851e-09,0.4553178176283836,0.5714285714285714,False,False
3111.0,8,0,0,1,0.0,0.0,0.125,6.215889836661518,6.216121284291148,12.6411648131907,-9.313227966600834e-10,1.5654444117099047,0.625,False,False
3112.0,9,0,0,1,0.0,0.0,0.1111111111111111,5.398657428307666,4.154704287648201,11.814719635993242,4.13921144273546e-10,0.025350484997034,0.5555555555555556,False,False
3113.0,8,0,0,0,0.0,0.0,0.0,3.2228496042080224,3.106703519821167,6.6205825060606,-4.656612873077393e-10,0.3090642746537924,0.5,False,False
3114.0,8,0,0,0,0.0,0.0,0.0,1.0731551889330149,0.7502478882670403,2.28883209079504,0.0,0.5057261977344751,0.625,False,False
3115.0,8,0,0,0,0.0,0.0,0.0,4.071272602304816,3.817132718861103,7.633735429495573,-2.7939677238464355e-09,1.6265059001743793,0.625,False,False
3116.0,8,0,0,0,0.0,0.0,0.0,2.9141980507411063,3.342285707592964,4.51612376794219,3.259629011154175e-09,0.20033887587487698,0.5,False,False
3117.0,8,0,0,0,0.0,0.0,0.0,1.2557495185174048,0.9061962701380253,2.936144459992647,-3.2596289556430236e-09,0.08968327939510345,0.5,False,False
3118.0,7,0,0,0,0.0,0.0,0.0,1.5347904137202673,1.739794984459877,2.1903541646897797,-1.0643686884240618e-09,0.4954718686640262,0.5714285714285714,False,False
3119.0,8,0,0,2,0.0,0.0,0.25,7.908769269008189,6.558417722582816,19.660524982959032,-4.656612873077393e-10,1.8672436811029913,0.625,False,False
3120.0,7,0,0,0,0.0,0.0,0.0,3.3204789369234016,2.553547866642475,5.984682340174913,-5.321843917930177e-10,-1.6480999179184437,0.5714285714285714,False,False
3121.0,8,0,0,0,0.0,0.0,0.0,3.931865826714784,4.30961050093174,6.789542984217405,4.656612873077393e-10,0.49836108461022377,0.5,False,False
3122.0,8,0,0,0,0.0,0.0,0.0,2.692829242441803,3.0854754205793142,4.164448097348213,-3.259629011154175e-09,0.0003397781401872635,0.5,False,False
3123.0,6,0,0,0,0.0,0.0,0.0,3.028113078325987,3.1923631820827723,4.60748128965497,3.725290298461914e-09,0.6856082994490864,0.5,False,False
3124.0,7,0,0,0,0.0,0.0,0.0,1.3650136153612817,1.1812860146164894,3.4922107346355915,2.1287372499654923e-09,0.5264725424349308,0.5714285714285714,False,False
3125.0,7,0,0,0,0.0,0.0,0.0,1.6649073516683919,1.4073586128652096,3.474374562501908,-5.321843917930177e-10,0.3804640099406242,0.5714285714285714,False,False
3126.0,7,0,0,0,0.0,0.0,0.0,2.2526896691748073,2.314003862440586,3.6282941326498985,-1.0643685932620883e-09,-0.8936997652053833,0.5714285714285714,False,False
3127.0,7,0,0,0,0.0,0.0,0.0,1.639049423592431,1.3085614815354347,3.3871998637914658,-1.0643686408430752e-09,0.3000309094786644,0.5714285714285714,False,False
3128.0,7,0,0,0,0.0,0.0,0.0,4.170764997069325,3.1703858487308025,7.744972545653582,-5.32184328351702e-10,2.54435333609581,0.5714285714285714,False,False
3129.0,7,0,0,2,0.0,0.0,0.2857142857142857,6.812429958156177,6.055708363652229,16.081017922610044,-2.128737313406808e-09,-2.654385142028332,0.5714285714285714,False,False
3130.0,7,0,0,0,0.0,0.0,0.0,2.190431432532413,1.924850970506668,3.0417395010590558,5.321843917930177e-10,-1.6612449288368225,0.5714285714285714,False,False
3131.0,7,0,0,0,0.0,0.0,0.0,2.014724842139653,1.6132756173610687,5.209380351006985,-3.193106033551528e-09,0.2437605448067188,0.5714285714285714,False,False
3132.0,7,1,0,2,0.14285714285714285,0.0,0.2857142857142857,9.12583522924355,8.236127357929945,22.509065996855497,0.0,-2.7357295602560043,0.5714285714285714,False,False
3133.0,7,0,0,0,0.0,0.0,0.0,2.5312315449118614,2.539442136883736,4.152689054608345,1.064368656703404e-09,-1.315044142305851,0.5714285714285714,False,False
3134.0,8,0,0,0,0.0,0.0,0.0,3.7065764125436544,3.7632484044879675,8.128635883331299,0.0,-0.010951630771160126,0.5,False,False
3135.0,8,0,0,0,0.0,0.0,0.0,2.396561345551163,2.167330663651228,4.977551963180304,-4.656612873077393e-10,0.5595987141132355,0.75,False,False
3136.0,8,0,0,0,0.0,0.0,0.0,4.508066100999713,4.992233591154218,9.638099886476994,1.862645149230957e-09,0.8232556581497192,0.5,False,False
3137.0,8,0,0,0,0.0,0.0,0.0,4.999453296419233,5.414152840152383,8.787718068808317,-4.656612873077393e-10,1.2213413901627064,0.625,False,False
3138.0,7,0,0,0,0.0,0.0,0.0,0.837037664438997,0.5988173522055149,1.912012591958046,1.0643686884240618e-09,-0.0982948951423168,0.5714285714285714,False,False
3139.0,7,0,0,0,0.0,0.0,0.0,1.712630573127951,1.463333871215582,2.540280617773533,1.0643687201447198e-09,1.3760770335793495,0.5714285714285714,False,False
3140.0,8,0,0,0,0.0,0.0,0.0,3.1245958833023906,3.401471670717001,5.695440195500851,-9.313225746154785e-10,0.8219843674451113,0.625,False,False
3141.0,8,0,0,0,0.0,0.0,0.0,3.3582664518617094,3.677042266353965,6.078981269150972,1.3969838619232178e-09,0.9036449939012527,0.625,False,False
3142.0,8,0,0,0,0.0,0.0,0.0,1.8395748953334987,1.6758383940905333,3.940038990229368,4.656612873077393e-10,-0.5157313011586666,0.625,False,False
3143.0,9,0,0,0,0.0,0.0,0.0,3.669195454981592,2.766046170145273,8.334918811917305,-8.27842288547092e-10,1.7940216921269894,0.6666666666666666,False,False
3144.0,8,0,0,0,0.0,0.0,0.0,4.0405726688914,4.0607945919036865,7.362991333007812,4.656611762854368e-10,-1.5300505943596363,0.625,False,False
3145.0,8,0,0,0,0.0,0.0,0.0,3.994195908308029,3.4431830178946257,9.41537445038557,0.0,1.713076425716281,0.625,False,False
3146.0,8,0,0,0,0.0,0.0,0.0,3.7855952493846416,3.9680613912642,6.558809377253056,9.313225746154785e-10,-0.4455480184406042,0.5,False,False
3147.0,8,0,0,2,0.0,0.0,0.25,7.052328593097627,6.052762160077691,14.075106158852575,0.0,-0.07363487593829632,0.5,False,False
3148.0,7,0,0,0,0.0,0.0,0.0,2.8604149813098565,3.478056844323873,4.888924162834883,-1.5965530484964218e-09,0.263090930879116,0.5714285714285714,False,False
3149.0,7,0,0,0,0.0,0.0,0.0,2.459626212183918,2.6695940271019936,3.8082158267498016,2.66092164175851e-09,-1.3741419166326525,0.5714285714285714,False,False
3150.0,7,0,0,0,0.0,0.0,0.0,1.3563364132174425,1.6625476703047752,2.0597780272364616,1.596552985055106e-09,-0.1090588569641113,0.5714285714285714,False,False
3151.0,7,0,0,0,0.0,0.0,0.0,0.6970696518463748,0.5314410738646984,1.7501405477523804,-2.6609216258981813e-09,-0.0718206018209457,0.5714285714285714,False,False
3152.0,5,0,0,0,0.0,0.0,0.0,1.0062622413039208,1.0279100090265274,1.8633651062846184,0.0,-0.245793767273426,0.6,False,False
3153.0,7,0,0,0,0.0,0.0,0.0,1.8113650972289699,1.6735398769378662,3.044140249490738,5.32184328351702e-10,-0.5550927855074406,0.5714285714285714,False,False
3154.0,7,0,0,0,0.0,0.0,0.0,0.26634531095623964,0.1853860504925251,0.5885875932872295,-5.321843362818665e-10,0.0523570068180561,0.5714285714285714,False,False
3155.0,7,0,0,0,0.0,0.0,0.0,2.393209413758346,2.2517603002488613,4.590992167592049,3.193105970110212e-09,0.9418520666658878,0.5714285714285714,False,False
3156.0,7,0,0,0,0.0,0.0,0.0,1.9435079177575452,1.9285984188318253,3.3459432758390903,5.321842649103863e-10,-0.6995507404208183,0.5714285714285714,False,False
3157.0,7,0,0,0,0.0,0.0,0.0,2.705403749964067,2.303899731487036,5.39329144731164,2.66092164175851e-09,-0.2800711989402771,0.5714285714285714,False,False
3158.0,7,0,0,0,0.0,0.0,0.0,1.1393857167235442,0.8799268268048763,2.684655848890543,-5.32184328351702e-10,-0.0127123296260833,0.5714285714285714,False,False
3159.0,7,0,0,0,0.0,0.0,0.0,1.1896525594804968,1.1277998387813568,2.3975898139178757,5.321842649103863e-10,0.5118276178836823,0.5714285714285714,False,False
3160.0,7,0,0,0,0.0,0.0,0.0,2.093498014445816,1.3848627023398876,3.619966086000204,-1.596553016775764e-09,-1.049013275653124,0.5714285714285714,False,False
3161.0,7,0,0,0,0.0,0.0,0.0,0.6321861115949494,0.7985328175127506,1.2849952764809132,-1.064368656703404e-09,0.0317737907171249,0.5714285714285714,False,False
3162.0,7,0,0,0,0.0,0.0,0.0,1.939366886658328,2.1445862278342247,4.031329717487097,-3.193105970110212e-09,-0.1468008272349834,0.7142857142857143,False,False
3163.0,7,0,0,0,0.0,0.0,0.0,1.0357017086020537,1.135949458926916,1.6223312690854073,-2.660921651423398e-09,0.0114308483898639,0.5714285714285714,False,False
3164.0,7,0,0,0,0.0,0.0,0.0,1.518057007342577,1.15986293181777,2.786653146147728,-1.596552985055106e-09,0.4489719569683075,0.5714285714285714,False,False
3165.0,7,0,0,0,0.0,0.0,0.0,1.3373125780905997,1.1074073314666748,2.903363175690174,-1.064368656703404e-09,-0.0124965421855449,0.5714285714285714,False,False
3166.0,8,0,0,1,0.0,0.0,0.125,5.63794352626428,5.51233041472733,10.86597404256463,-2.3283064365386963e-09,0.349187757819891,0.625,False,False
3167.0,8,0,0,0,0.0,0.0,0.0,2.1781329470686615,2.1302776895463467,4.941306971013546,4.656613428188905e-10,0.14620306156575674,0.625,False,False
3168.0,8,0,0,0,0.0,0.0,0.0,4.0273881163448095,3.4783250857144594,8.303361643105745,0.0,-0.0660267248749733,0.5,False,False
3169.0,7,0,0,0,0.0,0.0,0.0,1.4766399003565311,1.827445823699236,3.002044130116701,5.32184328351702e-10,-0.0075552053749561,0.5714285714285714,False,False
3170.0,7,0,0,0,0.0,0.0,0.0,1.766749576798507,1.7983082607388496,4.378063380718231,-2.128737313406808e-09,-0.0969298928976059,0.5714285714285714,False,False
3171.0,7,0,0,0,0.0,0.0,0.0,2.466749256210668,1.3378988653421402,5.912313852459192,-4.257474626813616e-09,0.4256414137780666,0.5714285714285714,False,False
3172.0,7,0,0,0,0.0,0.0,0.0,1.5402043956731046,1.544402398169041,2.399348322302103,5.32184328351702e-10,0.8816095367074013,0.5714285714285714,False,False
3173.0,7,0,0,0,0.0,0.0,0.0,2.2968949813927924,2.020239185541868,4.938094668090344,1.2688263138573217e-16,0.233592689037323,0.7142857142857143,False,False
3174.0,7,0,0,0,0.0,0.0,0.0,4.708145059645176,4.536242961883545,8.137211758643389,2.128737313406808e-09,-1.4676113314926624,0.5714285714285714,False,False
3175.0,7,0,0,0,0.0,0.0,0.0,2.9957066609391143,2.614123661071062,5.523918967694044,-1.596552985055106e-09,0.9422293081879616,0.5714285714285714,False,False
3176.0,7,0,0,1,0.0,0.0,0.14285714285714285,4.579827136227062,3.721989125013352,9.150136612355707,3.1931057163449493e-09,0.0020746737718582,0.5714285714285714,False,False
3177.0,7,0,0,0,0.0,0.0,0.0,2.4475159953747476,3.519468419253826,4.790828861296177,-4.257474623096351e-09,-0.2719334587454796,0.7142857142857143,False,False
3178.0,7,0,0,0,0.0,0.0,0.0,1.879976203399045,2.1929248981177807,3.4699730277061462,-7.93016446160826e-18,0.2879773005843162,0.5714285714285714,False,False
3179.0,7,0,0,0,0.0,0.0,0.0,1.2605702504515648,1.28798408806324,2.1331500858068466,-2.128737313406808e-09,0.4643608145415783,0.5714285714285714,False,False
3180.0,7,0,0,0,0.0,0.0,0.0,2.8167476962719644,3.141163721680641,5.605021741241217,1.064368656703404e-09,-1.2612988129258156,0.5714285714285714,False,False
3181.0,8,0,0,2,0.0,0.0,0.25,7.154232021421194,6.037351407110691,16.90228994563222,3.725290298461914e-09,3.5621339697390795,0.625,False,False
3182.0,7,0,0,0,0.0,0.0,0.0,1.323948304035834,0.981001041829586,2.7709030769765377,1.596552985055106e-09,-0.3338585905730724,0.7142857142857143,False,False
3183.0,7,0,0,0,0.0,0.0,0.0,2.1926757783762048,1.5211006104946136,5.354348186403513,-3.725290298461914e-09,0.0165868289768695,0.5714285714285714,False,False
3184.0,7,0,0,0,0.0,0.0,0.0,1.3988542594015598,0.8028090223670006,3.322239428758621,2.66092164175851e-09,0.1923145502805709,0.5714285714285714,False,False
3185.0,7,0,0,0,0.0,0.0,0.0,2.6331080038632666,2.373663917183876,5.408357702195644,-2.128737313406808e-09,1.022902086377144,0.5714285714285714,False,False
3186.0,7,0,0,0,0.0,0.0,0.0,2.029637328748192,1.7640755027532578,3.259692206978798,-2.6609217051998257e-09,1.3631768226623535,0.5714285714285714,False,False
3187.0,7,0,0,0,0.0,0.0,0.0,1.5502687197710787,1.4473315887153149,3.429353818297386,5.32184328351702e-10,-0.6580519042909145,0.7142857142857143,False,False
3188.0,7,0,0,0,0.0,0.0,0.0,1.667328208152737,1.847201693803072,2.6594879366457462,-2.6609217051998257e-09,0.1640097089111805,0.5714285714285714,False,False
3189.0,7,0,0,0,0.0,0.0,0.0,2.8309172157730376,2.510989483445883,5.161882352083921,0.0,-1.0731709152460098,0.5714285714285714,False,False
3190.0,7,0,0,0,0.0,0.0,0.0,2.3911861990179335,2.8385623432695866,4.879727214574814,1.0643687201447198e-09,-0.0486283861100673,0.5714285714285714,False,False
3191.0,7,0,0,0,0.0,0.0,0.0,2.836632376270635,3.2807296998798847,4.036972001194954,-2.1287372499654923e-09,-0.4936251528561115,0.5714285714285714,False,False
3192.0,6,0,0,0,0.0,0.0,0.0,2.4270378202199936,2.0816836785525084,4.677157938480377,2.483526865641276e-09,0.5493732932955027,0.6666666666666666,False,False
3193.0,7,0,0,0,0.0,0.0,0.0,4.779438943735191,6.22204702720046,7.069125097244978,1.064368656703404e-09,-0.9399249330163002,0.5714285714285714,False,False
3194.0,6,0,0,0,0.0,0.0,0.0,0.20418037474155423,0.16520980000495905,0.5133828222751617,-1.2417634605762136e-09,0.061283741146325996,0.6666666666666666,False,False
3195.0,7,0,0,0,0.0,0.0,0.0,3.000546896564109,3.089924395084381,7.18040756508708,-5.321843917930177e-10,-0.3987817354500294,0.5714285714285714,False,False
3196.0,7,0,0,1,0.0,0.0,0.14285714285714285,5.077946236623185,4.827126309275627,9.745729438960552,5.321843362818665e-10,-0.474662784487009,0.5714285714285714,False,False
3197.0,7,0,0,0,0.0,0.0,0.0,5.060733391770294,4.403964634984732,9.095847431570292,-1.064368656703404e-09,-1.303716752678156,0.5714285714285714,False,False
3198.0,5,0,0,0,0.0,0.0,0.0,1.3743402406573295,1.3039928823709488,2.2273543775081635,2.9802322387695314e-09,0.3584150113165378,0.6,False,False
3199.0,7,0,0,0,0.0,0.0,0.0,2.885779511715685,3.3817153945565224,4.2030705362558365,1.064368656703404e-09,-0.6879739463329315,0.5714285714285714,False,False
3200.0,7,0,0,0,0.0,0.0,0.0,2.8776931294373105,2.2330512329936028,6.322556603699923,-1.064368656703404e-09,-0.5089573860168457,0.7142857142857143,False,False
3201.0,7,0,0,0,0.0,0.0,0.0,3.001682154302086,1.2775655277073383,7.043324109166861,-5.32184328351702e-10,1.061404813081026,0.5714285714285714,False,False
3202.0,6,0,0,0,0.0,0.0,0.0,1.5054915926108758,1.499671457335353,2.869162984192372,-6.208817904251873e-10,0.7585659306496382,0.6666666666666666,False,False
3203.0,6,0,0,0,0.0,0.0,0.0,0.4095010794699192,0.43262096494436264,0.7176701501011848,1.2417634455419435e-09,-0.15506376139819616,0.6666666666666666,False,False
3204.0,6,0,0,0,0.0,0.0,0.0,1.8237439257403214,1.5892817340791225,3.8627630658447742,1.241763432820638e-09,-1.0579146295785904,0.6666666666666666,False,False
3205.0,6,0,0,0,0.0,0.0,0.0,3.3521580348412194,3.467390563338995,6.095370057970285,-2.483526847137559e-09,-1.4429096337407827,0.6666666666666666,False,False
3206.0,5,0,0,0,0.0,0.0,0.0,1.7232641652226448,1.6317801624536514,2.7935243658721447,-1.4901161193847657e-09,-0.4469364136457443,0.6,False,False
3207.0,7,0,0,1,0.0,0.0,0.14285714285714285,3.730148618774755,1.6424749232828617,8.711665209382772,1.064368656703404e-09,1.21990317851305,0.5714285714285714,False,False
3208.0,8,1,0,3,0.125,0.0,0.375,9.991840521339327,8.689335534349084,25.24486242234707,1.3969836398786128e-09,-3.7922528479248285,0.625,False,False
3209.0,5,0,0,0,0.0,0.0,0.0,0.6165785945951938,0.5834030173718929,0.9996032379567624,-7.450580818968433e-10,-0.1595797203481197,0.6,False,False
3210.0,5,0,0,0,0.0,0.0,0.0,3.2674799606204035,3.0908867605030537,5.297426581382752,-1.7763568394002506e-16,-0.8450842127203941,0.6,False,False
3211.0,6,0,0,1,0.0,0.0,0.16666666666666666,5.429222786178191,4.731638394296169,9.008834157139065,-1.2417631367611648e-09,0.25911652110517025,0.5,False,False
3212.0,6,0,0,0,0.0,0.0,0.0,4.531948917234938,3.9484781734645367,7.520814657211304,-6.20881716410319e-10,0.21787667088210583,0.5,False,False
3213.0,6,0,0,0,0.0,0.0,0.0,2.8217418616016707,2.474401341751218,5.050488945096731,-1.241763432820638e-09,0.3582126721739769,0.5,False,False
3214.0,6,0,0,0,0.0,0.0,0.0,0.3716447924574216,0.3585709258913994,0.7494506612420082,1.241763432820638e-09,0.03776913881301879,0.5,False,False
3215.0,6,0,0,0,0.0,0.0,0.0,1.8821250995000203,1.7527962885797024,3.722636565566063,-1.241763432820638e-09,0.31218714825809,0.5,False,False
3216.0,6,0,0,0,0.0,0.0,0.0,0.12015998922288414,0.11524296365678305,0.2427650541067123,1.8626451353531692e-09,0.0107025261968374,0.5,False,False
3217.0,5,0,0,0,0.0,0.0,0.0,1.4220919199287891,1.342833161354065,2.3060432113707066,-3.725290298461914e-09,-0.366007786244154,0.6,False,False
3218.0,5,0,0,0,0.0,0.0,0.0,1.1204730786383152,1.05775249004364,1.816994283348322,-7.450580152834618e-10,0.2881769090890884,0.6,False,False
3219.0,5,0,0,0,0.0,0.0,0.0,0.7295708186924458,0.688554685562849,1.1831283494830132,-2.2351741790771484e-09,0.1875081583857536,0.6,False,False
3220.0,5,0,0,0,0.0,0.0,0.0,2.862795627862215,2.701155245304108,4.64266125485301,-7.450580596923829e-10,0.7352541834115982,0.6,False,False
3221.0,5,0,0,0,0.0,0.0,0.0,0.4319186292588711,0.4074263088405132,0.7004719264805317,-2.2351741790771484e-09,0.1108519434928894,0.6,False,False
3222.0,6,0,0,2,0.0,0.0,0.3333333333333333,6.179575297981501,4.571690708398819,12.695850726217031,-1.241763432820638e-09,-1.9661423806101084,0.6666666666666666,False,False
3223.0,5,0,0,0,0.0,0.0,0.0,4.520162633061409,4.261637799441814,7.331063631922007,1.4901161193847657e-09,1.1584646850824356,0.6,False,False
3224.0,5,0,0,0,0.0,0.0,0.0,2.7442167326807976,2.5865945741534238,4.4508545361459255,-2.9802322387695314e-09,0.702813770622015,0.6,False,False
3225.0,7,0,0,0,0.0,0.0,0.0,0.9536245662186827,0.9629846811294556,2.052706476300955,1.596552985055106e-09,-0.2473584860563278,0.7142857142857143,False,False
3226.0,6,0,0,0,0.0,0.0,0.0,1.740029268587629,1.4612809717655182,3.642026375979185,6.20881716410319e-10,-0.30051031336188316,0.5,False,False
3227.0,6,0,0,0,0.0,0.0,0.0,2.2865010170886912,2.2702846210449934,3.318626176565885,6.20881716410319e-10,0.3092998769134281,0.5,False,False
3228.0,6,0,0,0,0.0,0.0,0.0,2.9822136921187243,2.7800403013825417,5.880349326878786,-2.483526865641276e-09,-0.4824944082647562,0.5,False,False
3229.0,6,0,0,1,0.0,0.0,0.16666666666666666,4.266948496301969,3.548808643594384,8.962041035294533,2.483526865641276e-09,0.8657873533666135,0.5,False,False
3230.0,6,0,0,1,0.0,0.0,0.16666666666666666,4.346278980995218,4.139168141409755,9.726254966109993,6.208820124697922e-10,0.49567858688533306,0.6666666666666666,False,False
3231.0,7,0,0,0,0.0,0.0,0.0,0.7975246006889002,0.5822028815746307,1.8455870524048803,5.321842807707153e-10,0.029420431703329,0.5714285714285714,False,False
3232.0,7,0,0,0,0.0,0.0,0.0,3.018752896892173,2.83423962444067,5.189873084425926,-1.596552985055106e-09,-0.828143946826458,0.5714285714285714,False,False
3233.0,7,0,0,0,0.0,0.0,0.0,2.584167399044548,2.9705157838761806,3.878131628036499,2.66092164175851e-09,-0.6395114026963711,0.5714285714285714,False,False
3234.0,7,0,0,0,0.0,0.0,0.0,1.7935904498611177,1.7199258245527744,2.6303262636065483,0.0,0.5843978635966778,0.5714285714285714,False,False
3235.0,7,0,0,1,0.0,0.0,0.14285714285714285,4.722076978002276,6.601612266153097,9.006757907569408,-1.064368656703404e-09,-0.5440906882286072,0.5714285714285714,False,False
3236.0,7,0,0,2,0.0,0.0,0.2857142857142857,7.2050620791103155,7.058303993195295,15.148218523710966,1.5965534925856316e-09,1.8354397229850288,0.5714285714285714,False,False
3237.0,6,0,0,0,0.0,0.0,0.0,1.2050757054239511,1.0064785443246365,2.826304819434881,-1.862645149230957e-09,0.1152785997837782,0.5,False,False
3238.0,7,0,0,0,0.0,0.0,0.0,0.4968864263168403,0.433561872690916,1.071572583168745,3.725290298461914e-09,0.1411873288452625,0.5714285714285714,False,False
3239.0,7,0,0,0,0.0,0.0,0.0,1.893002093902656,1.3114306516945362,4.909547481685877,1.064368656703404e-09,0.1179441772401332,0.5714285714285714,False,False
3240.0,7,0,0,0,0.0,0.0,0.0,1.270757231861353,1.543112326413393,2.1072842963039875,-5.321843402469487e-10,0.0449306406080722,0.5714285714285714,False,False
3241.0,7,0,0,0,0.0,0.0,0.0,1.5755459405481815,1.2677997834980488,3.1284288056194782,1.596552985055106e-09,0.0834368802607059,0.5714285714285714,False,False
3242.0,6,0,0,0,0.0,0.0,0.0,1.9769176157812278,1.5443091671913862,4.140248369425535,-2.483526865641276e-09,0.5314623210579157,0.6666666666666666,False,False
3243.0,7,0,0,0,0.0,0.0,0.0,1.3897042897130762,0.782485444098711,3.066827032715082,-1.596552985055106e-09,0.4933669865131378,0.5714285714285714,False,False
3244.0,7,2,0,4,0.2857142857142857,0.0,0.5714285714285714,14.405841810894865,18.079168006777763,26.412969022989277,-1.596552985055106e-09,-0.0956888794898986,0.5714285714285714,False,False
3245.0,6,0,0,0,0.0,0.0,0.0,4.741734199225903,4.082513697445393,7.707928858697414,1.241763432820638e-09,-0.16750481352210045,0.5,False,False
3246.0,5,0,0,0,0.0,0.0,0.0,0.8418880954384804,0.7889432087540627,1.3662454262375832,-1.4901161193847657e-09,0.2122466117143631,0.6,False,False
3247.0,6,0,0,1,0.0,0.0,0.16666666666666666,5.7495836814244585,5.20749694108963,8.829729471355677,0.0,-0.2848331220448017,0.5,False,False
3248.0,7,0,0,3,0.0,0.0,0.42857142857142855,7.746346156511988,9.750082701444626,15.440717309713364,2.128737313406808e-09,2.3876656629145145,0.5714285714285714,False,False
3249.0,9,1,0,3,0.1111111111111111,0.0,0.3333333333333333,10.645121316528982,9.781983356922863,21.469553727656603,2.0696055116589367e-09,-3.37723770365119,0.6666666666666666,False,False
3250.0,9,0,0,0,0.0,0.0,0.0,1.9767847197751205,1.1122402623295784,4.470698166638613,2.897448009914822e-09,0.6051765643060207,0.6666666666666666,False,False
3251.0,9,0,0,0,0.0,0.0,0.0,4.044037998964389,2.992690321058035,9.210275031626225,-4.13921144273546e-10,-0.4663819447159767,0.5555555555555556,False,False
3252.0,9,0,0,2,0.0,0.0,0.2222222222222222,6.666599701676104,6.097763579338789,13.01137299090624,2.4835272603872403e-09,-1.4375261813402176,0.5555555555555556,False,False
3253.0,9,0,0,0,0.0,0.0,0.0,4.643039344499509,3.3459913581609726,11.18368037417531,-4.13921144273546e-10,1.7739011533558369,0.6666666666666666,False,False
3254.0,10,0,0,3,0.0,0.0,0.3,8.098771433904767,9.797535456717014,14.861880790442228,1.862645149230957e-09,0.7623236924409866,0.6,False,False
3255.0,8,0,0,0,0.0,0.0,0.0,4.8756103198975325,5.200918575748801,7.839574579149485,9.313225746154785e-10,-0.5229685474187136,0.5,False,False
3256.0,10,3,0,4,0.3,0.0,0.4,13.891862473636866,9.21100528165698,44.5836481526494,-1.4901161415892261e-09,-1.8446167651563883,0.6,False,False
3257.0,10,0,0,1,0.0,0.0,0.1,4.265666902810335,3.58284761197865,10.228967517614365,-2.2351741790771484e-09,-1.0180151592940092,0.5,False,False
3258.0,10,0,0,0,0.0,0.0,0.0,3.176160680502653,2.0872804261744022,7.53098202124238,-1.4901161193847657e-09,1.0512777734547853,0.6,False,False
3259.0,9,0,0,1,0.0,0.0,0.1111111111111111,5.560534941653411,4.343128718435764,12.80114685371518,-2.4835271123575038e-09,1.1486097648739817,0.5555555555555556,False,False
3260.0,9,0,0,1,0.0,0.0,0.1111111111111111,5.582574835668008,2.25141666084528,17.630087248981,4.1392094690056386e-10,-0.3898533508181572,0.5555555555555556,False,False
3261.0,8,0,0,0,0.0,0.0,0.0,4.435243988409638,4.827408917248249,9.721736181527376,0.0,0.7197929825633764,0.625,False,False
3262.0,8,0,0,0,0.0,0.0,0.0,3.7984922756440938,4.288961052894592,7.422214038670063,4.656612873077393e-10,0.15711251273751253,0.5,False,False
3263.0,9,0,0,1,0.0,0.0,0.1111111111111111,4.614822541260057,3.157565653324127,11.8536216057837,-4.1392094690056386e-10,0.9690794050693512,0.6666666666666666,False,False
3264.0,10,0,0,0,0.0,0.0,0.0,4.101095448061824,2.2428747229278088,8.697181861847639,3.725290742551124e-10,-0.7823028098791838,0.6,False,False
3265.0,10,1,0,1,0.1,0.0,0.1,7.830672278255224,6.060962945222855,20.7252426892519,-1.4901161193847657e-09,0.32357163168489955,0.5,False,False
3266.0,10,0,0,1,0.0,0.0,0.1,5.672203488275409,6.139923356473446,12.054166302084925,-1.862645149230957e-09,-0.03731729462742808,0.5,False,False
3267.0,9,0,0,0,0.0,0.0,0.0,4.92896172321505,3.767825838178396,8.499604396522045,1.655684577094184e-09,1.5887661054730415,0.5555555555555556,False,False
3268.0,10,0,0,1,0.0,0.0,0.1,4.8043241810053585,4.188653940334916,9.269305881112814,1.1175870895385742e-09,-1.7709741238504648,0.5,False,False
3269.0,9,0,0,0,0.0,0.0,0.0,3.4582161948912673,2.460003174841404,7.333897955715656,-4.13921144273546e-10,1.2000796422362328,0.6666666666666666,False,False
3270.0,9,0,0,0,0.0,0.0,0.0,3.4308562647137375,3.557038012892008,6.031565025448799,2.06960572136773e-09,0.0380092822015285,0.5555555555555556,False,False
3271.0,10,0,0,1,0.0,0.0,0.1,4.3703336048871275,3.7398499641567473,9.806478790938854,1.1175870895385742e-09,-0.14387452974915504,0.5,False,False
3272.0,10,0,0,0,0.0,0.0,0.0,4.09866060204804,4.831772865727544,7.658682383596897,-3.7252902984619143e-10,-0.1640587225556373,0.6,False,False
3273.0,10,0,0,0,0.0,0.0,0.0,4.233908078819513,4.365307481959462,7.23961678519845,1.4901161193847657e-09,-1.0743420105427506,0.5,False,False
3274.0,9,0,0,0,0.0,0.0,0.0,4.125447217788961,2.650160457938909,10.482432782649994,-2.4835269149845214e-09,1.084846131503582,0.6666666666666666,False,False
3275.0,10,0,0,0,0.0,0.0,0.0,3.675169564038515,3.096375757828355,7.4949423186481,1.7763568394002506e-16,1.3612792547792196,0.6,False,False
3276.0,10,2,0,3,0.2,0.0,0.3,10.204150910302996,5.359131911769509,33.37682117521763,3.7252902984619143e-10,0.5404205024242401,0.5,False,False
3277.0,10,0,0,1,0.0,0.0,0.1,8.132654560357333,8.305877018719912,17.736309502273798,-7.450580596923829e-10,-0.30273037776350975,0.5,False,False
3278.0,10,0,0,2,0.0,0.0,0.2,6.759108907729387,6.306663667783141,19.108498886227608,-2.2351740014414647e-09,0.49491259455680847,0.6,False,False
3279.0,9,0,0,0,0.0,0.0,0.0,2.036575350910425,1.7783477492630482,3.9173257872462273,-4.13921144273546e-10,1.1543044708669186,0.5555555555555556,False,False
3280.0,10,0,0,1,0.0,0.0,0.1,5.6652698796242476,4.733350463211536,14.225218411535025,-1.862645193639878e-09,-1.7256814781576395,0.6,False,False
3281.0,8,0,0,0,0.0,0.0,0.0,2.551259416155517,2.035573558881879,5.632060617208481,-9.313225746154785e-10,-0.9549327678978443,0.625,False,False
3282.0,9,0,0,1,0.0,0.0,0.1111111111111111,4.845673594623804,2.7568489387631416,14.06926767900586,1.2417632354476558e-09,-1.0545201823115349,0.5555555555555556,False,False
3283.0,9,0,0,0,0.0,0.0,0.0,3.908461576534642,3.091942388564348,6.977917768061161,-8.27842288547092e-10,0.7067576237022877,0.5555555555555556,False,False
3284.0,9,0,0,0,0.0,0.0,0.0,4.580469821062353,3.583383154124021,9.277592442929745,-8.278423378903376e-10,1.3380169980227947,0.5555555555555556,False,False
3285.0,9,0,0,0,0.0,0.0,0.0,3.586237100263437,3.1615571305155754,8.775634072721004,0.0,-0.1503927931189537,0.5555555555555556,False,False
3286.0,9,0,0,1,0.0,0.0,0.1111111111111111,4.7266820263531475,4.594306502491236,9.636262159794567,-1.6556847744671661e-09,-1.63247799128294,0.5555555555555556,False,False
3287.0,9,0,0,1,0.0,0.0,0.1111111111111111,3.5503527567618423,1.2319930233061314,9.98477305099368,-4.1392134164652816e-10,-0.7598929777741432,0.6666666666666666,False,False
3288.0,8,0,0,0,0.0,0.0,0.0,3.705254230182618,3.1887648701667786,8.44348718225956,4.656612873077393e-10,-0.3162403479218483,0.625,False,False
3289.0,9,0,0,1,0.0,0.0,0.1111111111111111,5.025464989244938,3.178726427257061,14.971601761877537,1.655684577094184e-09,-1.549396324902773,0.5555555555555556,False,False
3290.0,9,0,0,1,0.0,0.0,0.1111111111111111,5.541739254362053,4.955030847340822,12.418445277959108,0.0,1.224690843373537,0.5555555555555556,False,False
3291.0,9,0,0,0,0.0,0.0,0.0,4.429620443118943,3.898836337029934,9.555907864123585,1.655684379721202e-09,0.4318465925753116,0.5555555555555556,False,False
3292.0,9,0,0,0,0.0,0.0,0.0,3.9350212622019978,3.75584788620472,8.608222216367722,6.1679056923619804e-18,-0.4977469407021999,0.5555555555555556,False,False
3293.0,9,0,0,1,0.0,0.0,0.1111111111111111,4.23449852814277,2.788434699177742,10.0394249483943,8.278420803802749e-10,1.949374035000801,0.6666666666666666,False,False
3294.0,8,0,0,0,0.0,0.0,0.0,4.585303865838796,4.392088543623686,9.231716349720957,2.3283064365386963e-09,2.1119131930172443,0.625,False,False
3295.0,8,0,0,0,0.0,0.0,0.0,2.7640115791000426,2.4662235267460346,5.33886431530118,1.3969838619232178e-09,0.5325810611248016,0.5,False,False
3296.0,7,0,0,0,0.0,0.0,0.0,0.7500242527042117,0.670283131301403,1.4712058007717133,0.0,-0.3104660585522651,0.5714285714285714,False,False
3297.0,8,0,0,0,0.0,0.0,0.0,2.396064819768071,2.1980265080928802,5.327393092215061,-3.725290298461914e-09,1.3612487148493528,0.625,False,False
3298.0,8,0,0,0,0.0,0.0,0.0,3.337215793784708,3.5825221966952085,7.016305789351463,-4.656612873077393e-10,0.5900321714580059,0.5,False,False
3299.0,8,0,0,0,0.0,0.0,0.0,2.2520864866673946,2.0754238218069077,5.417591031640768,-3.725290298461914e-09,1.3151468634605408,0.625,False,False
3300.0,7,0,0,0,0.0,0.0,0.0,1.4582215755113535,2.0974957831203938,2.781930323690176,-2.660921645723592e-09,-0.3211702331900596,0.5714285714285714,False,False
3301.0,7,0,0,0,0.0,0.0,0.0,2.320723636874131,2.549981724470854,4.846394777297974,-1.0643686646335686e-09,0.1913971751928329,0.7142857142857143,False,False
3302.0,7,0,0,1,0.0,0.0,0.14285714285714285,5.713968266866037,4.825206398963928,15.597510308027267,1.596552985055106e-09,1.2410246692597866,0.5714285714285714,False,False
3303.0,7,0,0,0,0.0,0.0,0.0,1.093228675957237,0.9522343762218952,2.6308672316372395,-2.66092164175851e-09,-0.1249864771962165,0.5714285714285714,False,False
3304.0,8,0,0,0,0.0,0.0,0.0,1.1268562716431916,0.9716454613953829,2.344526421278715,4.656612873077393e-10,0.29323564469814295,0.625,False,False
3305.0,7,0,0,0,0.0,0.0,0.0,1.3461774592953069,1.6573250330984592,2.5063085332512856,3.725290298461914e-09,-0.6527759842574596,0.5714285714285714,False,False
3306.0,9,2,0,3,0.2222222222222222,0.0,0.3333333333333333,10.486797975169289,5.148179538547993,34.86817726492882,1.655684996511771e-09,1.7483222857117653,0.5555555555555556,False,False
3307.0,8,0,0,1,0.0,0.0,0.125,5.2849900759756565,4.905761975795031,12.639129277318716,-1.862645149230957e-09,1.5924338977783918,0.75,False,False
3308.0,8,0,0,0,0.0,0.0,0.0,1.2720156060531735,1.090582236647606,2.9732653945684437,-9.313226301266297e-10,-0.1257670968770981,0.5,False,False
3309.0,6,0,0,0,0.0,0.0,0.0,0.8156396417568127,0.7853602636605501,1.1888017542660236,1.862645149230957e-09,-0.10328752547502518,0.5,False,False
3310.0,9,1,0,4,0.1111111111111111,0.0,0.4444444444444444,11.850098859518766,14.250547163188456,22.381077844649557,2.06960572136773e-09,1.665190178900957,0.5555555555555556,False,False
3311.0,8,0,0,0,0.0,0.0,0.0,2.8615202945657074,2.7164599150419235,6.636777121573687,4.656612873077393e-10,1.4175757616758347,0.625,False,False
3312.0,9,0,0,3,0.0,0.0,0.3333333333333333,8.25090323926674,8.103747345507145,15.189344715327024,1.241763432820638e-09,-1.6022383198142052,0.5555555555555556,False,False
3313.0,8,0,0,2,0.0,0.0,0.25,6.4766048630699515,5.4137483183294535,12.727598749101162,-2.7939677238464355e-09,-1.9283314272761345,0.625,False,False
3314.0,8,0,0,2,0.0,0.0,0.25,5.865673752501607,3.997655428946018,13.987529896199703,0.0,-0.6163651496171951,0.5,False,False
3315.0,8,0,0,0,0.0,0.0,0.0,3.7846862920559943,2.928522253409028,8.32126585021615,-1.3969837509009153e-09,-0.5236957147717476,0.5,False,False
3316.0,9,0,0,0,0.0,0.0,0.0,4.028351279596488,3.3755013905465603,8.298713594675064,-3.311369154188368e-09,1.993907667696476,0.5555555555555556,False,False
3317.0,8,0,0,0,0.0,0.0,0.0,3.088393707294017,2.9234417024999857,7.54539630562067,4.656612873077393e-10,1.3716629147529602,0.625,False,False
3318.0,9,0,0,1,0.0,0.0,0.1111111111111111,5.28975649881694,4.504653766751289,15.126257944852114,1.2417634266527324e-09,0.402879137545824,0.5555555555555556,False,False
3319.0,8,0,0,0,0.0,0.0,0.0,0.9092116472311318,0.8795214463025331,1.836304310709238,-1.3969838619232178e-09,0.049610974267125144,0.5,False,False
3320.0,9,0,0,0,0.0,0.0,0.0,3.140474463088645,3.375692542642355,7.124635227024555,-1.241763432820638e-09,0.0379779636859893,0.5555555555555556,False,False
3321.0,9,0,0,0,0.0,0.0,0.0,2.9490980319678783,3.2622381076216698,6.930015999823809,-2.0696056720244846e-09,0.4374645911157131,0.6666666666666666,False,False
3322.0,9,0,0,0,0.0,0.0,0.0,3.123027842491865,3.482621591538191,6.9660804606974125,4.13921144273546e-10,0.4615727625787258,0.5555555555555556,False,False
3323.0,8,0,0,0,0.0,0.0,0.0,2.2892575869336724,1.7506273798644543,5.262082327157259,9.313225746154785e-10,0.1828086357563734,0.5,False,False
3324.0,8,0,0,0,0.0,0.0,0.0,2.4910795856267214,2.0898414440453053,5.4278576001524925,0.0,0.9721998479217291,0.625,False,False
3325.0,8,0,0,0,0.0,0.0,0.0,2.6204196750186384,1.871799524873495,5.953956238925457,-2.3283064365386963e-09,-0.07914728298783302,0.5,False,False
3326.0,8,0,0,0,0.0,0.0,0.0,3.8954015243798494,3.9218975137919188,5.772028028964996,-9.313225746154785e-10,1.209291823208332,0.5,False,False
3327.0,8,0,0,0,0.0,0.0,0.0,2.676195374224335,2.8587081134319305,4.684318166226149,4.190951585769653e-09,0.5411727149039507,0.5,False,False
3328.0,8,0,0,0,0.0,0.0,0.0,4.154658676125109,4.447619888931513,7.207192230969667,1.862645149230957e-09,0.5460032410919666,0.625,False,False
3329.0,7,0,0,0,0.0,0.0,0.0,1.122826016907181,0.926665760576725,2.0971475541591644,2.66092164175851e-09,-0.4260439351201057,0.5714285714285714,False,False
3330.0,8,0,0,0,0.0,0.0,0.0,3.8183491062372923,4.652095682919025,6.535548087209463,9.31322685637781e-10,-0.39808331429958344,0.5,False,False
3331.0,8,0,0,0,0.0,0.0,0.0,4.827661189250648,4.618376201018691,8.235837522894144,-9.313225746154785e-10,1.551608381792903,0.625,False,False
3332.0,7,0,0,0,0.0,0.0,0.0,2.1905835531651974,2.412245813757181,4.207469541579485,-5.32184328351702e-10,0.3193095959722996,0.5714285714285714,False,False
3333.0,8,0,0,1,0.0,0.0,0.125,7.064895637333393,7.127537818625569,12.208296831697226,9.313225746154785e-10,1.3524071499705315,0.5,False,False
3334.0,7,0,0,0,0.0,0.0,0.0,2.0843525182987963,2.324613604694605,4.324289746582508,-4.7896589551653184e-09,0.1710522808134555,0.5714285714285714,False,False
3335.0,8,0,0,1,0.0,0.0,0.125,6.422257397789508,7.159626875072718,13.042735736817122,-2.3283064365386963e-09,0.35958306677639484,0.5,False,False
3336.0,7,0,0,0,0.0,0.0,0.0,2.313062676361629,2.5461104288697243,3.394641000777483,1.064368656703404e-09,0.1259712800383567,0.5714285714285714,False,False
3337.0,7,0,0,0,0.0,0.0,0.0,1.025454914463418,1.1762527227401731,1.7598876096308231,2.6609216338283457e-09,-0.2011652514338493,0.5714285714285714,False,False
3338.0,7,0,0,0,0.0,0.0,0.0,0.487470411828586,0.5515490062534809,0.9234373085200788,1.0643686487732396e-09,-0.1526226662099361,0.5714285714285714,False,False
3339.0,7,0,0,0,0.0,0.0,0.0,0.7763528909002032,0.6670597791671753,1.5343612357974052,-1.064368656703404e-09,0.2682143114507198,0.5714285714285714,False,False
3340.0,7,0,0,0,0.0,0.0,0.0,1.3260049532566751,1.507052905857563,1.7554487884044647,1.064368656703404e-09,0.1491783335804939,0.5714285714285714,False,False
3341.0,7,0,0,0,0.0,0.0,0.0,0.8435456305742264,0.833056353032589,1.458276949822903,-1.0643686249827461e-09,-0.1463956646621227,0.5714285714285714,False,False
3342.0,7,0,0,0,0.0,0.0,0.0,1.589635002293757,1.43699886277318,2.7223039530217648,1.596552985055106e-09,-0.5517634600400925,0.5714285714285714,False,False
3343.0,8,1,0,4,0.125,0.0,0.5,10.197283745743334,10.870447315275669,20.802421621978283,-2.7939677238464355e-09,1.2573859207332136,0.5,False,False
3344.0,7,0,0,0,0.0,0.0,0.0,0.5659862400165626,0.6105768419802189,0.9628589414060116,1.5965529691947771e-09,0.0034514479339122,0.5714285714285714,False,False
3345.0,7,0,0,0,0.0,0.0,0.0,0.7165241502225399,0.3720254339277744,2.0829925276339054,-2.6609216734791677e-09,0.0178372114896774,0.5714285714285714,False,False
3346.0,7,0,0,0,0.0,0.0,0.0,1.5821162307901042,1.870340183377266,2.121701028198004,5.321843917930177e-10,0.5078582763671875,0.5714285714285714,False,False
3347.0,7,0,0,0,0.0,0.0,0.0,1.0991670414805412,0.9180386550724506,2.273198999464512,-2.128737313406808e-09,-0.2069710679352283,0.5714285714285714,False,False
3348.0,7,0,0,0,0.0,0.0,0.0,1.8605115770229272,2.0676773488521576,3.1855976842343807,-2.66092164175851e-09,0.5041248463094234,0.5714285714285714,False,False
3349.0,7,0,0,0,0.0,0.0,0.0,0.9134087355009147,1.0133614242076874,1.6128694340586662,5.32184328351702e-10,-0.2485944367945194,0.5714285714285714,False,False
3350.0,7,0,0,0,0.0,0.0,0.0,0.17358182051352086,0.077714093029499,0.4316506944596767,-3.1931059463197187e-09,-0.0306578949093818,0.7142857142857143,False,False
3351.0,7,0,0,0,0.0,0.0,0.0,0.48531212391597883,0.4875143729150295,0.8353871256113052,1.5965529929852705e-09,-0.1979185603559017,0.5714285714285714,False,False
3352.0,7,0,0,0,0.0,0.0,0.0,3.9116855657526424,4.53986407071352,5.710574313998222,-2.128737313406808e-09,-0.1982684843242168,0.5714285714285714,False,False
3353.0,7,0,0,0,0.0,0.0,0.0,0.8003713914326259,0.7619230598211288,1.327681414783001,0.0,-0.5092913806438446,0.5714285714285714,False,False
3354.0,7,0,0,0,0.0,0.0,0.0,1.7376796853329455,1.2933192551136017,3.3886133395135403,5.32184328351702e-10,-1.1141138896346092,0.5714285714285714,False,False
3355.0,7,0,0,0,0.0,0.0,0.0,1.2696955709585123,0.934023693203926,2.77213591709733,5.321843442120309e-10,-0.6999040134251118,0.5714285714285714,False,False
3356.0,7,0,0,0,0.0,0.0,0.0,1.264396675995418,1.1226137951016426,2.157020188868046,1.0643686646335686e-09,-0.0434799082577228,0.5714285714285714,False,False
3357.0,7,0,0,0,0.0,0.0,0.0,1.7317505606583186,2.107421427965164,2.5151580907404423,2.128737313406808e-09,0.191929642111063,0.5714285714285714,False,False
3358.0,7,0,0,0,0.0,0.0,0.0,2.020154927990266,1.7437230087816715,4.187387842684984,1.596552985055106e-09,0.2281705997884273,0.5714285714285714,False,False
3359.0,7,0,0,0,0.0,0.0,0.0,1.6072138680943422,1.4154626540839672,2.7466097436845303,-5.32184328351702e-10,0.6072587855160236,0.5714285714285714,False,False
3360.0,7,0,0,0,0.0,0.0,0.0,1.3770156667700835,1.4105253256857395,2.694608349353075,-1.596553000915435e-09,0.1328701414167881,0.7142857142857143,False,False
3361.0,7,0,0,0,0.0,0.0,0.0,1.6628322069134032,2.06702820584178,3.1863800548017025,2.128737313406808e-09,0.7723341919481754,0.5714285714285714,False,False
